{
"type": "FeatureCollection",
"name": "AL",
"crs": { "type": "name", "properties": { "name": "urn:ogc:def:crs:OGC:1.3:CRS84" } },
"features": [
{ "type": "Feature", "properties": { "GISCO_ID": "AL_AL111", "CNTR_CODE": "AL", "LAU_ID": "AL111", "LAU_NAME": "BULQIZË", "cell_coverage": [ [ 0, 0, 0, 0, 0, 0.0742, 0.6872, 0.817, 0.4431, 0, 0, 0 ], [ 0, 0, 0, 0.4329, 0.7438, 0.864, 1, 1, 0.7319, 0.0213, 0, 0 ], [ 0, 0, 0.2406, 0.9713, 1, 1, 1, 1, 0.9799, 0.1623, 0, 0 ], [ 0, 0, 0.3285, 0.9998, 1, 1, 1, 1, 1, 0.8885, 0.0412, 0 ], [ 0.0014, 0.8061, 0.9983, 1, 1, 1, 1, 1, 1, 1, 0.6078, 0.0398 ], [ 0.0509, 0.8124, 1, 1, 1, 1, 0.9972, 0.6405, 0.6725, 1, 1, 0.2856 ], [ 0, 0.0518, 0.2569, 0.5465, 0.3322, 0.0762, 0.0833, 0, 0.0386, 0.6612, 0.6417, 0.0157 ], [ 0, 0, 0, 0, 0, 0, 0, 0, 0, 0.1442, 0.0026, 0 ] ], "xmin": 20.083333333333329, "xmax": 20.583333333333329, "ymin": 41.29166666666665, "ymax": 41.625 }, "geometry": { "type": "MultiPolygon", "coordinates": [ [ [ [ 20.456284500000038, 41.554023999000037 ], [ 20.472203218000061, 41.53365649400007 ], [ 20.469121414000028, 41.529474236000055 ], [ 20.462145905000057, 41.528728957000055 ], [ 20.455373292000047, 41.523109200000079 ], [ 20.455009102000076, 41.51415055800004 ], [ 20.465130468000041, 41.508451540000067 ], [ 20.476118364000058, 41.507123964000073 ], [ 20.469686103000072, 41.50015142500007 ], [ 20.470454594000046, 41.496938490000048 ], [ 20.479357661000051, 41.497379856000066 ], [ 20.494993825000051, 41.490400310000041 ], [ 20.502486794000049, 41.476265338000076 ], [ 20.502840629000048, 41.466021219000027 ], [ 20.511438007000038, 41.450695575000054 ], [ 20.508307854000066, 41.444684038000048 ], [ 20.511346122000077, 41.44012735900003 ], [ 20.538563689000057, 41.435740674000044 ], [ 20.539579263000064, 41.426909195000064 ], [ 20.556335670000067, 41.417076246000079 ], [ 20.560363, 41.408458499000062 ], [ 20.559901513000057, 41.403704989000062 ], [ 20.55393159700003, 41.399023391000071 ], [ 20.546971983000049, 41.384545723000031 ], [ 20.550993520000077, 41.37679221500008 ], [ 20.537875636000024, 41.364046415000075 ], [ 20.536403740000026, 41.359126338000067 ], [ 20.527725721000024, 41.353720610000039 ], [ 20.52323560800005, 41.341175724000038 ], [ 20.516360488000032, 41.337621884000043 ], [ 20.505393745000049, 41.345114070000079 ], [ 20.497918325000057, 41.345074348000026 ], [ 20.497873470000059, 41.337717303000034 ], [ 20.492581889000064, 41.331972853000025 ], [ 20.498716266000031, 41.326412689000051 ], [ 20.50166, 41.317153999000027 ], [ 20.489174805000061, 41.316195840000034 ], [ 20.484423554000045, 41.318983495000055 ], [ 20.481370741000035, 41.32581093400006 ], [ 20.483516029000043, 41.346935880000046 ], [ 20.450707481000052, 41.36984814200008 ], [ 20.448208421000061, 41.374225471000045 ], [ 20.449381558000027, 41.388939492000077 ], [ 20.444392978000053, 41.393011608000052 ], [ 20.409083042000077, 41.392758088000051 ], [ 20.396556503000056, 41.386614542000075 ], [ 20.383850952000046, 41.393266822000044 ], [ 20.37762901900004, 41.387168300000042 ], [ 20.374402778000047, 41.376739863000068 ], [ 20.363588719000063, 41.371760424000058 ], [ 20.350036829000032, 41.371631223000065 ], [ 20.325844213000039, 41.366044571000032 ], [ 20.317944179000051, 41.373588126000072 ], [ 20.297222570000031, 41.374288794000051 ], [ 20.283035912000059, 41.369806501000028 ], [ 20.262199205000059, 41.35406013000005 ], [ 20.236168500000076, 41.348487499000043 ], [ 20.184334177000039, 41.366610027000036 ], [ 20.167995434000034, 41.367029185000035 ], [ 20.15322741500006, 41.370476932000031 ], [ 20.138098158000048, 41.389482491000081 ], [ 20.116899, 41.402467499000068 ], [ 20.129508229000066, 41.429678778000039 ], [ 20.13406640200003, 41.450636882000026 ], [ 20.150282443000037, 41.456244749000064 ], [ 20.17113052600007, 41.457931918000043 ], [ 20.209143427000072, 41.466174308000063 ], [ 20.194841113000052, 41.479769137000062 ], [ 20.187888981000071, 41.498439352000048 ], [ 20.198578441000052, 41.526233933000071 ], [ 20.214724068000066, 41.536259247000032 ], [ 20.219216880000033, 41.56139468300006 ], [ 20.224933, 41.568873499000063 ], [ 20.233286951000025, 41.563626428000077 ], [ 20.240720318000058, 41.562983969000072 ], [ 20.245907831000068, 41.565696484000057 ], [ 20.252871678000076, 41.566129637000074 ], [ 20.259313368000051, 41.569930231000058 ], [ 20.282083337000074, 41.576526130000047 ], [ 20.320400934000077, 41.575501204000034 ], [ 20.325118231000033, 41.58179737200004 ], [ 20.325545230000046, 41.592775677000077 ], [ 20.329254502000026, 41.60098714600008 ], [ 20.334655371000053, 41.60408641600003 ], [ 20.336462269000037, 41.608627326000033 ], [ 20.380577595000034, 41.617521856000053 ], [ 20.389225840000051, 41.614230969000062 ], [ 20.404459089000056, 41.619706245000032 ], [ 20.42698572300003, 41.617607464000059 ], [ 20.443354912000075, 41.608886391000055 ], [ 20.440054388000078, 41.591757254000072 ], [ 20.434010608000051, 41.582428131000029 ], [ 20.435662340000079, 41.569930231000058 ], [ 20.447838626000078, 41.565306778000036 ], [ 20.456284500000038, 41.554023999000037 ] ] ] ] } },
{ "type": "Feature", "properties": { "GISCO_ID": "AL_AL133", "CNTR_CODE": "AL", "LAU_ID": "AL133", "LAU_NAME": "TROPOJË", "cell_coverage": [ [ 0, 0, 0, 0, 0, 0.0577, 0.3081, 0.0385, 0, 0, 0, 0, 0, 0 ], [ 0, 0, 0.045, 0.3297, 0.2893, 0.7879, 1, 0.7876, 0.3325, 0, 0, 0, 0, 0 ], [ 0.0231, 0.544, 0.843, 1, 1, 1, 1, 1, 0.9999, 0.3605, 0, 0, 0, 0 ], [ 0.5736, 1, 1, 1, 1, 1, 1, 1, 1, 0.9105, 0.1876, 0, 0, 0 ], [ 0.3709, 1, 1, 1, 1, 1, 1, 1, 1, 1, 0.3514, 0, 0, 0 ], [ 0.3407, 1, 1, 1, 1, 1, 1, 1, 1, 1, 0.8358, 0, 0, 0 ], [ 0.0004, 0.781, 1, 1, 1, 1, 1, 1, 1, 1, 0.9761, 0.7094, 0.7082, 0.3218 ], [ 0, 0.7952, 0.9535, 0.6412, 0.7172, 0.7237, 0.9831, 1, 1, 1, 1, 0.8907, 0.3895, 0 ], [ 0, 0.3431, 0.0929, 0, 0, 0, 0.1028, 0.48, 0.829, 0.9914, 0.5899, 0.0628, 0, 0 ], [ 0, 0, 0, 0, 0, 0, 0, 0, 0, 0.1207, 0.0505, 0, 0, 0 ] ], "xmin": 19.791666666666664, "xmax": 20.375, "ymin": 42.166666666666657, "ymax": 42.583333333333321 }, "geometry": { "type": "MultiPolygon", "coordinates": [ [ [ [ 20.364355, 42.306595499000025 ], [ 20.352795035000042, 42.303614409000033 ], [ 20.343407198000023, 42.296032485000069 ], [ 20.332629510000061, 42.294873117000066 ], [ 20.320383606000064, 42.287725741000031 ], [ 20.313546584000051, 42.271589222000046 ], [ 20.306560878000028, 42.265298269000027 ], [ 20.279562406000025, 42.259006147000036 ], [ 20.264362766000033, 42.24931524200008 ], [ 20.257003109000038, 42.240737597000077 ], [ 20.250264992000041, 42.238816142000076 ], [ 20.24960705500007, 42.233563150000066 ], [ 20.24103326200003, 42.233098123000048 ], [ 20.227429994000033, 42.224396025000033 ], [ 20.213758991000077, 42.222504961000027 ], [ 20.21320170100006, 42.202126149000037 ], [ 20.21865, 42.194667999000046 ], [ 20.20679175500004, 42.194589237000059 ], [ 20.195135653000023, 42.198804689000042 ], [ 20.184076324000046, 42.208333349000043 ], [ 20.167995434000034, 42.209922799000026 ], [ 20.146126554000034, 42.211563363000039 ], [ 20.128610731000038, 42.225970527000072 ], [ 20.111976294000044, 42.225634906000039 ], [ 20.09929511200005, 42.229371298000046 ], [ 20.092358630000035, 42.236641803000055 ], [ 20.074857868000038, 42.239227478000032 ], [ 20.05792053600004, 42.251238770000043 ], [ 20.038768747000063, 42.252405871000065 ], [ 20.020656251000048, 42.265896482000073 ], [ 19.958923452000022, 42.259775819000026 ], [ 19.939038836000066, 42.26723817900006 ], [ 19.92418615400004, 42.26658116200008 ], [ 19.913400785000022, 42.260630773000059 ], [ 19.903623146000029, 42.247806637000053 ], [ 19.882116285000052, 42.243421931000057 ], [ 19.873874500000056, 42.237471999000036 ], [ 19.864713315000074, 42.232230260000051 ], [ 19.847567500000025, 42.232213999000066 ], [ 19.835100013000044, 42.245014114000071 ], [ 19.844117373000074, 42.276446462000081 ], [ 19.846080064000034, 42.310868190000065 ], [ 19.835168690000046, 42.330683380000039 ], [ 19.815584698000066, 42.347897389000025 ], [ 19.814703574000077, 42.354813595000053 ], [ 19.818042415000036, 42.363082916000053 ], [ 19.815840229000059, 42.369734743000038 ], [ 19.823866627000029, 42.37791767300007 ], [ 19.819777538000039, 42.400853074000054 ], [ 19.798588398000049, 42.420661038000048 ], [ 19.812653089000037, 42.445616071000074 ], [ 19.826281936000044, 42.458007880000025 ], [ 19.830997500000024, 42.466445499000031 ], [ 19.83709811500006, 42.472759814000028 ], [ 19.837722892000045, 42.478724949000025 ], [ 19.848355771000058, 42.479133713000067 ], [ 19.855688298000075, 42.483918951000078 ], [ 19.866710643000033, 42.482263038000042 ], [ 19.871621403000063, 42.485195282000063 ], [ 19.877960864000045, 42.49536168700007 ], [ 19.897963061000041, 42.485650348000036 ], [ 19.904719220000061, 42.496342972000036 ], [ 19.906415848000051, 42.506571488000077 ], [ 19.916318153000077, 42.507931929000051 ], [ 19.93352905100005, 42.515880669000069 ], [ 19.943293990000029, 42.517484849000027 ], [ 19.95501002900005, 42.511388965000037 ], [ 19.980747864000023, 42.513033387000064 ], [ 20.003810660000056, 42.509950494000066 ], [ 20.014483761000065, 42.528900451000027 ], [ 20.016320889000042, 42.542541414000027 ], [ 20.048368063000055, 42.550322547000064 ], [ 20.057216488000051, 42.558640712000056 ], [ 20.08535992700007, 42.552503364000074 ], [ 20.099923945000057, 42.533275979000052 ], [ 20.164071893000028, 42.506412572000045 ], [ 20.167995434000034, 42.494927338000025 ], [ 20.179131052000059, 42.486729954000054 ], [ 20.183262243000058, 42.473901366000064 ], [ 20.195551783000042, 42.462921854000058 ], [ 20.193708401000038, 42.452468932000045 ], [ 20.218614498000022, 42.435562889000039 ], [ 20.226494485000046, 42.422475142000053 ], [ 20.225674145000028, 42.414910172000077 ], [ 20.214334673000053, 42.409275438000066 ], [ 20.208953148000035, 42.400613909000072 ], [ 20.239354911000078, 42.379843669000024 ], [ 20.244947015000037, 42.369184862000054 ], [ 20.244866342000023, 42.354632534000075 ], [ 20.237148140000045, 42.347488110000029 ], [ 20.246795011000074, 42.334453774000053 ], [ 20.244462061000036, 42.325698965000072 ], [ 20.258830060000037, 42.319143722000035 ], [ 20.291016756000033, 42.32326842100008 ], [ 20.306643445000077, 42.315312735000077 ], [ 20.326672374000054, 42.32715496600008 ], [ 20.338456127000029, 42.327533319000054 ], [ 20.35299793400003, 42.317473982000081 ], [ 20.354749415000072, 42.309811529000058 ], [ 20.364355, 42.306595499000025 ] ] ] ] } },
{ "type": "Feature", "properties": { "GISCO_ID": "AL_AL141", "CNTR_CODE": "AL", "LAU_ID": "AL141", "LAU_NAME": "KURBIN", "cell_coverage": [ [ 0, 0, 0, 0, 0, 0, 0.202, 0.0307 ], [ 0, 0.0583, 0.17, 0.4388, 0.7804, 0.8942, 0.6584, 0.0663 ], [ 0.1492, 0.7206, 1, 1, 1, 1, 0.5123, 0 ], [ 0.1229, 0.8677, 1, 1, 1, 0.9262, 0.9177, 0.0422 ], [ 0.1126, 0.3, 0.2303, 0.4909, 0.5769, 0.1235, 0.3471, 0 ] ], "xmin": 19.541666666666664, "xmax": 19.875, "ymin": 41.54166666666665, "ymax": 41.75 }, "geometry": { "type": "MultiPolygon", "coordinates": [ [ [ [ 19.832179, 41.568234499000027 ], [ 19.818297951000034, 41.564746496000055 ], [ 19.806624996000039, 41.566740357000072 ], [ 19.797184691000041, 41.572935079000047 ], [ 19.78367822000007, 41.588048352000044 ], [ 19.774122130000023, 41.590427783000052 ], [ 19.759689511000033, 41.584852823000062 ], [ 19.763967122000054, 41.572260756000048 ], [ 19.76225843900005, 41.56929720100004 ], [ 19.736848480000049, 41.557862555000042 ], [ 19.696850723000068, 41.559904139000025 ], [ 19.660527819000038, 41.570057011000074 ], [ 19.639538082000058, 41.579606229000035 ], [ 19.627220110000053, 41.570005123000044 ], [ 19.591052, 41.571124499000064 ], [ 19.557328, 41.577673999000069 ], [ 19.571815197000035, 41.591033937000077 ], [ 19.59218037100004, 41.619427508000058 ], [ 19.588647686000058, 41.63861147700004 ], [ 19.597953407000034, 41.612252950000027 ], [ 19.602585933000057, 41.611392116000047 ], [ 19.608144621000065, 41.62458461600005 ], [ 19.604874496000036, 41.635612704000039 ], [ 19.58805220000005, 41.646580174000064 ], [ 19.58190647400005, 41.64248808800005 ], [ 19.57494934500005, 41.630344978000039 ], [ 19.576840976000028, 41.626163302000066 ], [ 19.575288375000071, 41.62712057400006 ], [ 19.570905326000059, 41.632901299000025 ], [ 19.569718, 41.653512999000043 ], [ 19.589329324000062, 41.656865288000063 ], [ 19.593915610000067, 41.663778660000048 ], [ 19.606965527000057, 41.665398593000077 ], [ 19.61711133600005, 41.675281315000063 ], [ 19.648119744000041, 41.670511849000036 ], [ 19.65846302500006, 41.674901542000043 ], [ 19.668358954000041, 41.685229671000059 ], [ 19.692713139000034, 41.682052009000074 ], [ 19.702107147000049, 41.686930756000038 ], [ 19.709459978000041, 41.696395668000036 ], [ 19.738030411000068, 41.699605245000043 ], [ 19.751868500000057, 41.705913999000074 ], [ 19.758847683000056, 41.702524370000049 ], [ 19.782645306000063, 41.70395510600008 ], [ 19.807040158000063, 41.710591912000041 ], [ 19.820002575000046, 41.725243671000044 ], [ 19.827080031000037, 41.726703660000055 ], [ 19.845681996000053, 41.705140245000052 ], [ 19.840924, 41.697170499000038 ], [ 19.832813065000039, 41.696986710000033 ], [ 19.828716449000069, 41.691113357000063 ], [ 19.816059055000039, 41.688628329000039 ], [ 19.805446075000077, 41.681708224000033 ], [ 19.814714306000042, 41.648635087000059 ], [ 19.812577415000078, 41.626574617000074 ], [ 19.839013467000029, 41.606820306000031 ], [ 19.83773293400003, 41.597080428000027 ], [ 19.831407275000061, 41.589131630000054 ], [ 19.832179, 41.568234499000027 ] ] ] ] } },
{ "type": "Feature", "properties": { "GISCO_ID": "AL_AL142", "CNTR_CODE": "AL", "LAU_ID": "AL142", "LAU_NAME": "LEZHË", "cell_coverage": [ [ 0.0741, 0, 0.2538, 0.5664, 0.0121, 0.3051, 0.0474, 0.7179, 0.7325, 0.4685 ], [ 0.7301, 0.6513, 0.5963, 0.9933, 0.9239, 1, 0.6358, 0.9879, 1, 0.3957 ], [ 0.0051, 0.5348, 1, 1, 1, 1, 0.7367, 0.8669, 0.9662, 0.3425 ], [ 0, 0.0042, 0.3388, 0.8238, 1, 1, 0.4926, 0.0001, 0.0605, 0 ], [ 0, 0, 0.0918, 0.7623, 1, 1, 0.3337, 0, 0, 0 ], [ 0, 0, 0.1118, 0.7134, 1, 1, 0.8213, 0.011, 0, 0 ], [ 0, 0, 0.1278, 0.9417, 0.83, 0.5612, 0.2196, 0.003, 0, 0 ], [ 0, 0, 0.0818, 0.0685, 0, 0, 0, 0, 0, 0 ] ], "xmin": 19.458333333333329, "xmax": 19.875, "ymin": 41.625, "ymax": 41.958333333333321 }, "geometry": { "type": "MultiPolygon", "coordinates": [ [ [ [ 19.747066500000074, 41.944613999000069 ], [ 19.758847683000056, 41.947963468000069 ], [ 19.775892602000056, 41.94281316200005 ], [ 19.787348678000058, 41.951465848000055 ], [ 19.79771284900005, 41.952556551000043 ], [ 19.800811573000033, 41.946242065000035 ], [ 19.808228941000039, 41.944136748000062 ], [ 19.837454380000054, 41.949152813000069 ], [ 19.857258263000062, 41.948424857000077 ], [ 19.867098, 41.95292149900007 ], [ 19.871851379000077, 41.947981791000075 ], [ 19.856884568000055, 41.937854737000066 ], [ 19.852041118000045, 41.921107114000051 ], [ 19.855589503000033, 41.913473666000073 ], [ 19.844721670000069, 41.903055560000041 ], [ 19.84335591100006, 41.897506312000075 ], [ 19.852852725000048, 41.889003552000077 ], [ 19.849114166000049, 41.86516457700003 ], [ 19.857310125000026, 41.855363691000036 ], [ 19.854257268000026, 41.848559188000024 ], [ 19.824639822000051, 41.83716271000003 ], [ 19.807856557000036, 41.825892570000065 ], [ 19.787720483000044, 41.834590723000076 ], [ 19.77946823700006, 41.84237328200004 ], [ 19.773298933000035, 41.835989656000038 ], [ 19.766664751000064, 41.841624178000075 ], [ 19.758847683000056, 41.839750481000067 ], [ 19.750945812000055, 41.839731990000075 ], [ 19.728160213000024, 41.851039259000061 ], [ 19.719171291000066, 41.850054662000048 ], [ 19.715920285000038, 41.83798426900006 ], [ 19.716820084000062, 41.825571387000025 ], [ 19.719727687000045, 41.820638437000071 ], [ 19.73125082100006, 41.814543996000054 ], [ 19.74552512200006, 41.799892180000029 ], [ 19.741962400000034, 41.796492873000034 ], [ 19.718714189000025, 41.794172918000072 ], [ 19.720027666000078, 41.771131002000061 ], [ 19.733159888000046, 41.742952106000075 ], [ 19.751337513000067, 41.71987641000004 ], [ 19.751868500000057, 41.705913999000074 ], [ 19.738030411000068, 41.699605245000043 ], [ 19.709459978000041, 41.696395668000036 ], [ 19.702107147000049, 41.686930756000038 ], [ 19.692713139000034, 41.682052009000074 ], [ 19.668358954000041, 41.685229671000059 ], [ 19.65846302500006, 41.674901542000043 ], [ 19.648119744000041, 41.670511849000036 ], [ 19.61711133600005, 41.675281315000063 ], [ 19.606965527000057, 41.665398593000077 ], [ 19.593915610000067, 41.663778660000048 ], [ 19.589329324000062, 41.656865288000063 ], [ 19.569718, 41.653512999000043 ], [ 19.582445987000028, 41.705501955000045 ], [ 19.580749161000028, 41.723922318000064 ], [ 19.572626822000075, 41.749554916000079 ], [ 19.573451391000049, 41.761405774000025 ], [ 19.581029932000035, 41.76832932700006 ], [ 19.597824961000072, 41.767743019000079 ], [ 19.60253057500006, 41.784433081000032 ], [ 19.600316783000039, 41.800393356000029 ], [ 19.596030902000052, 41.808713090000026 ], [ 19.587947863000068, 41.812837099000035 ], [ 19.581597843000054, 41.80881744900006 ], [ 19.569435991000034, 41.814543996000054 ], [ 19.54804368300006, 41.827985210000065 ], [ 19.520067500000039, 41.840311499000052 ], [ 19.532540732000029, 41.853181785000061 ], [ 19.502988203000029, 41.868374901000038 ], [ 19.495268045000046, 41.875247922000028 ], [ 19.465279813000052, 41.887746349000054 ], [ 19.461568496000041, 41.902242994000062 ], [ 19.470843, 41.917382499000041 ], [ 19.477947026000038, 41.924331611000071 ], [ 19.484627166000053, 41.923919950000027 ], [ 19.504911640000046, 41.91302556800008 ], [ 19.515736233000041, 41.901772467000058 ], [ 19.54804368300006, 41.891454215000067 ], [ 19.558141246000048, 41.884746950000078 ], [ 19.568563254000026, 41.890096132000053 ], [ 19.565158104000034, 41.915371281000034 ], [ 19.570584900000028, 41.921057146000066 ], [ 19.566719382000031, 41.92544556100006 ], [ 19.563293198000054, 41.944056962000047 ], [ 19.579347566000024, 41.941412324000055 ], [ 19.590682079000032, 41.943909676000033 ], [ 19.594687368000052, 41.947668949000047 ], [ 19.622787949000042, 41.93804011900005 ], [ 19.625491692000026, 41.933410599000069 ], [ 19.622969843000078, 41.927217115000076 ], [ 19.613108943000043, 41.923719282000036 ], [ 19.612547932000041, 41.920137969000052 ], [ 19.622550043000047, 41.913875860000076 ], [ 19.626242588000025, 41.915590455000029 ], [ 19.63312748900006, 41.912074048000079 ], [ 19.642982920000065, 41.910931970000036 ], [ 19.659026095000058, 41.914982895000037 ], [ 19.660490418000052, 41.919122689000062 ], [ 19.668397421000066, 41.920902906000038 ], [ 19.681115158000068, 41.936344615000053 ], [ 19.69622311300003, 41.93168903600008 ], [ 19.706738941000026, 41.921474548000049 ], [ 19.711318733000041, 41.908889817000045 ], [ 19.716751191000071, 41.903555563000054 ], [ 19.717055756000036, 41.896006758000055 ], [ 19.721941445000027, 41.890919401000076 ], [ 19.726625734000038, 41.890436548000025 ], [ 19.733720553000069, 41.901296630000047 ], [ 19.755354815000032, 41.913298434000069 ], [ 19.749905371000068, 41.919523791000074 ], [ 19.751306395000029, 41.925720824000052 ], [ 19.748587195000027, 41.932736254000076 ], [ 19.738965996000047, 41.938742277000074 ], [ 19.747066500000074, 41.944613999000069 ] ], [ [ 19.583738958000026, 41.732092188000081 ], [ 19.585260720000065, 41.726647707000041 ], [ 19.600587171000029, 41.715426158000071 ], [ 19.606552306000026, 41.716274573000078 ], [ 19.603050052000071, 41.724519731000044 ], [ 19.607426283000052, 41.725034333000053 ], [ 19.607052659000033, 41.732927088000054 ], [ 19.610776257000055, 41.732905741000025 ], [ 19.608234984000035, 41.73732926100007 ], [ 19.595504678000054, 41.738386344000048 ], [ 19.592656552000051, 41.74601481500008 ], [ 19.584500036000065, 41.746445807000043 ], [ 19.581421361000025, 41.739916832000063 ], [ 19.583738958000026, 41.732092188000081 ] ] ] ] } },
{ "type": "Feature", "properties": { "GISCO_ID": "AL_AL143", "CNTR_CODE": "AL", "LAU_ID": "AL143", "LAU_NAME": "MIRDITË", "cell_coverage": [ [ 0, 0, 0, 0, 0, 0, 0, 0, 0, 0, 0, 0.1596, 0.5471, 0.1916 ], [ 0, 0, 0, 0.0082, 0.1075, 0, 0, 0, 0, 0.4958, 0.7944, 0.9926, 1, 0.5154 ], [ 0, 0, 0, 0.353, 0.9405, 0.1549, 0, 0, 0.2764, 0.9483, 1, 1, 0.8005, 0.157 ], [ 0, 0, 0, 0.6043, 1, 0.6285, 0.0834, 0.4573, 0.9999, 1, 1, 1, 0.1931, 0 ], [ 0.2633, 0.1331, 0.0338, 0.6575, 1, 0.9862, 1, 1, 1, 0.9999, 0.8342, 0.4927, 0.0467, 0 ], [ 0.5074, 0.9999, 0.9395, 1, 1, 1, 1, 1, 1, 0.9541, 0.3334, 0.0002, 0, 0 ], [ 0.6663, 1, 1, 1, 1, 1, 1, 1, 1, 0.9833, 0.6628, 0.0002, 0, 0 ], [ 0.1787, 0.989, 0.798, 0.9693, 1, 1, 0.9996, 0.9993, 0.4921, 0.0835, 0, 0, 0, 0 ], [ 0, 0.1028, 0.0039, 0.185, 0.1236, 0.3496, 0.0387, 0.1793, 0, 0, 0, 0, 0, 0 ] ], "xmin": 19.708333333333329, "xmax": 20.291666666666661, "ymin": 41.666666666666657, "ymax": 42.041666666666657 }, "geometry": { "type": "MultiPolygon", "coordinates": [ [ [ [ 19.840924, 41.697170499000038 ], [ 19.845681996000053, 41.705140245000052 ], [ 19.827080031000037, 41.726703660000055 ], [ 19.820002575000046, 41.725243671000044 ], [ 19.807040158000063, 41.710591912000041 ], [ 19.782645306000063, 41.70395510600008 ], [ 19.758847683000056, 41.702524370000049 ], [ 19.751868500000057, 41.705913999000074 ], [ 19.751337513000067, 41.71987641000004 ], [ 19.733159888000046, 41.742952106000075 ], [ 19.720027666000078, 41.771131002000061 ], [ 19.718714189000025, 41.794172918000072 ], [ 19.741962400000034, 41.796492873000034 ], [ 19.74552512200006, 41.799892180000029 ], [ 19.73125082100006, 41.814543996000054 ], [ 19.719727687000045, 41.820638437000071 ], [ 19.716820084000062, 41.825571387000025 ], [ 19.715920285000038, 41.83798426900006 ], [ 19.719171291000066, 41.850054662000048 ], [ 19.728160213000024, 41.851039259000061 ], [ 19.750945812000055, 41.839731990000075 ], [ 19.758847683000056, 41.839750481000067 ], [ 19.766664751000064, 41.841624178000075 ], [ 19.773298933000035, 41.835989656000038 ], [ 19.77946823700006, 41.84237328200004 ], [ 19.787720483000044, 41.834590723000076 ], [ 19.807856557000036, 41.825892570000065 ], [ 19.824639822000051, 41.83716271000003 ], [ 19.854257268000026, 41.848559188000024 ], [ 19.857310125000026, 41.855363691000036 ], [ 19.849114166000049, 41.86516457700003 ], [ 19.852852725000048, 41.889003552000077 ], [ 19.84335591100006, 41.897506312000075 ], [ 19.844721670000069, 41.903055560000041 ], [ 19.855589503000033, 41.913473666000073 ], [ 19.852041118000045, 41.921107114000051 ], [ 19.856884568000055, 41.937854737000066 ], [ 19.871851379000077, 41.947981791000075 ], [ 19.867098, 41.95292149900007 ], [ 19.870219933000044, 41.960236171000076 ], [ 19.882500824000033, 41.96496770300007 ], [ 19.888187874000039, 41.96257371300004 ], [ 19.909244934000071, 41.964860810000062 ], [ 19.910988509000049, 41.954195335000065 ], [ 19.907685221000065, 41.948063274000049 ], [ 19.912747275000072, 41.943098295000027 ], [ 19.92071270100007, 41.941659648000041 ], [ 19.91900686200006, 41.935057659000051 ], [ 19.925100573000066, 41.932927889000041 ], [ 19.927768901000036, 41.925042915000063 ], [ 19.938503082000068, 41.919673556000077 ], [ 19.948089019000065, 41.907997841000054 ], [ 19.947343688000046, 41.903436114000044 ], [ 19.93849903000006, 41.897158778000062 ], [ 19.941982085000063, 41.880717545000039 ], [ 19.93990072400004, 41.872071924000068 ], [ 19.943491375000065, 41.871346412000037 ], [ 19.959416463000025, 41.879401408000035 ], [ 20.006552911000028, 41.877206684000043 ], [ 20.015793201000065, 41.885765355000046 ], [ 20.01892022100003, 41.895664360000069 ], [ 20.032548544000065, 41.905033399000047 ], [ 20.050310022000076, 41.926421198000071 ], [ 20.065016337000031, 41.928002826000068 ], [ 20.079152754000063, 41.934003139000026 ], [ 20.089009094000062, 41.945372441000075 ], [ 20.08852, 41.962764499000059 ], [ 20.10072146400006, 41.982746340000062 ], [ 20.117056059000049, 41.988449131000039 ], [ 20.136815050000052, 41.988724077000029 ], [ 20.150959837000073, 41.993323739000061 ], [ 20.162606200000027, 41.993674399000042 ], [ 20.167995434000034, 41.99736684800007 ], [ 20.195185993000052, 42.008197274000054 ], [ 20.212217500000065, 42.024927999000056 ], [ 20.249439369000072, 42.020683115000054 ], [ 20.278799452000044, 42.002848071000074 ], [ 20.268041891000053, 41.971351877000075 ], [ 20.268748037000023, 41.951203340000063 ], [ 20.250076009000054, 41.93634813500006 ], [ 20.229606957000044, 41.926770766000061 ], [ 20.216590392000057, 41.911340993000067 ], [ 20.211583892000078, 41.890808036000067 ], [ 20.213634196000044, 41.885612303000073 ], [ 20.224621106000029, 41.880327805000036 ], [ 20.220796, 41.869371999000066 ], [ 20.197629846000041, 41.867783974000076 ], [ 20.189509981000072, 41.848167352000075 ], [ 20.149904903000049, 41.843478838000067 ], [ 20.137675388000048, 41.836374860000035 ], [ 20.115840357000025, 41.83149621900003 ], [ 20.116865661000077, 41.826692560000026 ], [ 20.138428315000056, 41.807849517000079 ], [ 20.157228631000066, 41.800449636000053 ], [ 20.166962268000077, 41.792826124000044 ], [ 20.165584349000028, 41.774416938000059 ], [ 20.161509734000049, 41.768733226000052 ], [ 20.156074, 41.767244499000071 ], [ 20.136576175000073, 41.761581903000035 ], [ 20.126035454000032, 41.753726434000043 ], [ 20.113182849000054, 41.75119896800004 ], [ 20.104703126000061, 41.745370924000042 ], [ 20.074262231000034, 41.741311145000054 ], [ 20.069636229000025, 41.735315902000025 ], [ 20.057630698000025, 41.729059861000053 ], [ 20.04599076900007, 41.711959874000058 ], [ 20.019595331000062, 41.696834717000058 ], [ 20.004489963000026, 41.698177875000056 ], [ 19.998353469000051, 41.706278289000068 ], [ 19.992499735000024, 41.708509823000043 ], [ 19.969208824000077, 41.707897926000044 ], [ 19.959416463000025, 41.699905029000035 ], [ 19.950051878000068, 41.693598823000059 ], [ 19.949716520000038, 41.685917974000063 ], [ 19.946270245000051, 41.681638930000076 ], [ 19.924284650000061, 41.701132597000026 ], [ 19.909628608000048, 41.706323952000048 ], [ 19.892557150000073, 41.704417575000036 ], [ 19.885311280000053, 41.699420239000062 ], [ 19.840924, 41.697170499000038 ] ] ] ] } },
{ "type": "Feature", "properties": { "GISCO_ID": "AL_AL151", "CNTR_CODE": "AL", "LAU_ID": "AL151", "LAU_NAME": "FUSHË ARRËS", "cell_coverage": [ [ 0, 0.0465, 0.3588, 0.2828, 0.2763, 0.0169, 0, 0, 0, 0 ], [ 0.0004, 0.6243, 1, 1, 1, 0.8972, 0.52, 0.171, 0.0086, 0 ], [ 0.0498, 0.834, 1, 1, 1, 1, 1, 1, 0.8793, 0.4511 ], [ 0, 0.389, 0.647, 0.9953, 1, 1, 1, 1, 0.81, 0.1769 ], [ 0, 0, 0, 0.5443, 1, 1, 1, 0.9576, 0.1525, 0 ], [ 0, 0, 0, 0.0617, 0.6192, 0.9977, 1, 0.4905, 0.0419, 0 ], [ 0, 0, 0, 0, 0, 0.7933, 1, 0.9998, 0.761, 0.0064 ], [ 0, 0, 0, 0, 0.013, 0.4398, 0.4889, 0.2056, 0.0074, 0 ] ], "xmin": 19.833333333333329, "xmax": 20.25, "ymin": 41.958333333333321, "ymax": 42.291666666666657 }, "geometry": { "type": "MultiPolygon", "coordinates": [ [ [ [ 20.212217500000065, 42.024927999000056 ], [ 20.195185993000052, 42.008197274000054 ], [ 20.167995434000034, 41.99736684800007 ], [ 20.162606200000027, 41.993674399000042 ], [ 20.150959837000073, 41.993323739000061 ], [ 20.136815050000052, 41.988724077000029 ], [ 20.117056059000049, 41.988449131000039 ], [ 20.10072146400006, 41.982746340000062 ], [ 20.08852, 41.962764499000059 ], [ 20.082986856000048, 41.964174268000079 ], [ 20.071479519000036, 41.980005952000056 ], [ 20.03511174700003, 41.993305665000037 ], [ 20.046024510000052, 42.000752746000046 ], [ 20.050596856000027, 42.007604915000059 ], [ 20.052837688000068, 42.027654635000033 ], [ 20.050456807000046, 42.035241972000051 ], [ 20.043553380000048, 42.041359347000025 ], [ 20.038047316000075, 42.055185295000058 ], [ 20.009361800000022, 42.058635228000071 ], [ 20.002579618000027, 42.06311 ], [ 19.997949654000024, 42.071231862000047 ], [ 19.982374308000033, 42.085741883000026 ], [ 19.985023484000067, 42.09102613400006 ], [ 19.982433550000053, 42.095827451000048 ], [ 19.975294770000062, 42.099344564000035 ], [ 19.976141222000024, 42.103047943000036 ], [ 19.983952045000024, 42.107140336000043 ], [ 19.983687185000065, 42.110937949000061 ], [ 19.967232543000023, 42.116867594000041 ], [ 19.960117063000041, 42.127575855000032 ], [ 19.946026355000072, 42.140158983000049 ], [ 19.937503261000074, 42.14248192000008 ], [ 19.919797045000053, 42.14149265900005 ], [ 19.905588299000044, 42.148499540000046 ], [ 19.883188, 42.145987499000057 ], [ 19.884074464000037, 42.162673811000047 ], [ 19.875006485000029, 42.166335267000079 ], [ 19.867531986000074, 42.181703341000059 ], [ 19.871215666000069, 42.18657634300007 ], [ 19.886328891000062, 42.190355077000049 ], [ 19.898577928000066, 42.219232125000076 ], [ 19.891848976000063, 42.228580144000034 ], [ 19.873874500000056, 42.237471999000036 ], [ 19.882116285000052, 42.243421931000057 ], [ 19.903623146000029, 42.247806637000053 ], [ 19.913400785000022, 42.260630773000059 ], [ 19.92418615400004, 42.26658116200008 ], [ 19.939038836000066, 42.26723817900006 ], [ 19.958923452000022, 42.259775819000026 ], [ 20.020656251000048, 42.265896482000073 ], [ 20.038768747000063, 42.252405871000065 ], [ 20.05792053600004, 42.251238770000043 ], [ 20.074857868000038, 42.239227478000032 ], [ 20.092358630000035, 42.236641803000055 ], [ 20.09929511200005, 42.229371298000046 ], [ 20.111976294000044, 42.225634906000039 ], [ 20.128610731000038, 42.225970527000072 ], [ 20.146126554000034, 42.211563363000039 ], [ 20.167995434000034, 42.209922799000026 ], [ 20.184076324000046, 42.208333349000043 ], [ 20.195135653000023, 42.198804689000042 ], [ 20.20679175500004, 42.194589237000059 ], [ 20.21865, 42.194667999000046 ], [ 20.228630014000032, 42.185375780000072 ], [ 20.242115400000046, 42.184575334000044 ], [ 20.248271, 42.181230499000037 ], [ 20.232079598000041, 42.161079231000031 ], [ 20.194849274000035, 42.13969282000005 ], [ 20.177118309000036, 42.115619757000047 ], [ 20.170952455000076, 42.098347512000032 ], [ 20.159701050000024, 42.089700305000065 ], [ 20.153709470000024, 42.07830393100005 ], [ 20.138658232000068, 42.067770877000044 ], [ 20.132362280000052, 42.054400314000077 ], [ 20.136257210000053, 42.044992551000064 ], [ 20.141309749000072, 42.041013857000053 ], [ 20.14463177500005, 42.05067060500005 ], [ 20.154639570000029, 42.048275738000029 ], [ 20.171258763000026, 42.055922125000052 ], [ 20.170803506000027, 42.042418243000043 ], [ 20.195530142000052, 42.04216335600006 ], [ 20.198361059000035, 42.031608009000081 ], [ 20.212217500000065, 42.024927999000056 ] ] ] ] } },
{ "type": "Feature", "properties": { "GISCO_ID": "AL_AL152", "CNTR_CODE": "AL", "LAU_ID": "AL152", "LAU_NAME": "MALËSI E MADHE", "cell_coverage": [ [ 0, 0, 0, 0, 0, 0, 0, 0.012, 0.3203, 0.6594, 0.0218 ], [ 0, 0, 0, 0, 0, 0, 0.014, 0.6565, 1, 1, 0.3309 ], [ 0, 0, 0, 0, 0, 0, 0.2975, 1, 1, 0.9679, 0.0395 ], [ 0, 0, 0, 0, 0, 0.2189, 0.8128, 1, 1, 0.9936, 0.2027 ], [ 0, 0, 0, 0, 0.0565, 0.8647, 1, 1, 1, 0.9998, 0.583 ], [ 0, 0, 0, 0.0436, 0.7572, 1, 1, 1, 0.9888, 0.2811, 0 ], [ 0, 0, 0.1267, 0.6573, 1, 1, 1, 1, 0.9402, 0.0027, 0 ], [ 0, 0.0101, 0.9063, 1, 1, 1, 1, 1, 0.7747, 0, 0 ], [ 0, 0.1474, 0.9366, 1, 1, 1, 1, 0.8503, 0.3666, 0, 0 ], [ 0.0342, 0.7822, 1, 1, 1, 1, 0.9904, 0.1791, 0, 0, 0 ], [ 0.301, 1, 1, 1, 1, 1, 0.7919, 0, 0, 0, 0 ], [ 0, 0.3373, 0.8537, 1, 1, 0.9977, 0.3527, 0, 0, 0, 0 ], [ 0, 0, 0.2163, 0.8984, 0.8352, 0.4418, 0, 0, 0, 0, 0 ], [ 0, 0, 0, 0.057, 0.0139, 0, 0, 0, 0, 0, 0 ] ], "xmin": 19.333333333333329, "xmax": 19.791666666666661, "ymin": 42.083333333333321, "ymax": 42.666666666666657 }, "geometry": { "type": "MultiPolygon", "coordinates": [ [ [ [ 19.787709500000062, 42.48755249900006 ], [ 19.777046130000031, 42.476152889000048 ], [ 19.768792580000024, 42.472276808000061 ], [ 19.763410544000067, 42.464375755000049 ], [ 19.758847683000056, 42.463524251000081 ], [ 19.722453672000029, 42.444876434000037 ], [ 19.707458784000039, 42.426630321000061 ], [ 19.703104601000064, 42.405700611000043 ], [ 19.709688223000057, 42.378107809000028 ], [ 19.700041101000068, 42.368769342000064 ], [ 19.694961465000063, 42.351801459000058 ], [ 19.706310146000078, 42.324618911000073 ], [ 19.656413961000055, 42.30513443600006 ], [ 19.645958638000025, 42.296418049000067 ], [ 19.620936129000029, 42.250347915000077 ], [ 19.611280683000075, 42.20596222000006 ], [ 19.606690619000062, 42.19559730900005 ], [ 19.583958177000056, 42.172321253000064 ], [ 19.577097360000039, 42.156741041000032 ], [ 19.556663472000025, 42.141676934000031 ], [ 19.545885377000047, 42.139688965000062 ], [ 19.539398347000031, 42.143508267000072 ], [ 19.534856123000054, 42.142085532000067 ], [ 19.529580646000056, 42.134996269000055 ], [ 19.50558833100007, 42.122165485000039 ], [ 19.473192, 42.120664999000041 ], [ 19.473560905000056, 42.126076477000026 ], [ 19.460501752000027, 42.144386847000078 ], [ 19.45023270400003, 42.147594982000044 ], [ 19.436123424000073, 42.15711976800003 ], [ 19.432344945000068, 42.176326827000025 ], [ 19.428210671000045, 42.181834631000072 ], [ 19.40561966100006, 42.188094840000076 ], [ 19.391401325000061, 42.195316948000027 ], [ 19.359216331000027, 42.220407297000065 ], [ 19.357714524000073, 42.235632222000049 ], [ 19.363791969000033, 42.241762528000038 ], [ 19.365421903000026, 42.251254731000074 ], [ 19.379527989000053, 42.265795648000051 ], [ 19.392577870000025, 42.272190414000079 ], [ 19.387675098000045, 42.284328437000056 ], [ 19.396868488000052, 42.296523937000075 ], [ 19.413645770000073, 42.309211924000067 ], [ 19.425885179000034, 42.325527114000067 ], [ 19.424855741000044, 42.331407159000037 ], [ 19.42000825100007, 42.330789045000074 ], [ 19.417280699000059, 42.334111657000051 ], [ 19.414240107000069, 42.349171115000047 ], [ 19.423049003000074, 42.357809247000034 ], [ 19.424653359000047, 42.370292327000072 ], [ 19.438845741000023, 42.381694903000039 ], [ 19.472612711000068, 42.392649807000055 ], [ 19.487275480000051, 42.411599629000079 ], [ 19.492291631000057, 42.422833923000042 ], [ 19.49765470400007, 42.424555662000046 ], [ 19.499350756000069, 42.431812889000071 ], [ 19.504960112000049, 42.43760717400005 ], [ 19.518442351000033, 42.442746575000058 ], [ 19.51989607400003, 42.449824360000036 ], [ 19.530824241000062, 42.458866966000073 ], [ 19.547761359000049, 42.485423722000064 ], [ 19.555038925000076, 42.49071555200004 ], [ 19.562186466000071, 42.500926659000072 ], [ 19.56282972200006, 42.513873689000036 ], [ 19.599892675000035, 42.529839139000046 ], [ 19.606698106000067, 42.537847213000077 ], [ 19.615718641000058, 42.54177212500008 ], [ 19.610427730000026, 42.562668393000081 ], [ 19.611262796000062, 42.57647210500005 ], [ 19.663262059000033, 42.62890046900003 ], [ 19.680151931000069, 42.628991528000029 ], [ 19.686950847000048, 42.637985177000076 ], [ 19.698107293000078, 42.643323493000025 ], [ 19.704330199000026, 42.654683723000062 ], [ 19.725302198000065, 42.660569102000068 ], [ 19.732901365000032, 42.656423087000064 ], [ 19.738643598000067, 42.64344684100007 ], [ 19.755661271000065, 42.636686999000062 ], [ 19.750241574000029, 42.626179892000039 ], [ 19.752548771000022, 42.614034652000043 ], [ 19.758847683000056, 42.611101983000026 ], [ 19.773744174000058, 42.593950868000036 ], [ 19.775508504000072, 42.584681827000054 ], [ 19.773763881000036, 42.581244556000058 ], [ 19.763446895000072, 42.583755448000034 ], [ 19.758847683000056, 42.580047317000037 ], [ 19.752603255000054, 42.580958839000061 ], [ 19.748777146000066, 42.574801319000073 ], [ 19.753093546000059, 42.563166906000049 ], [ 19.743990336000024, 42.54500478500006 ], [ 19.758847683000056, 42.52230641500006 ], [ 19.764983151000024, 42.503733689000057 ], [ 19.780274234000046, 42.49653263700003 ], [ 19.787709500000062, 42.48755249900006 ] ] ] ] } },
{ "type": "Feature", "properties": { "GISCO_ID": "AL_AL153", "CNTR_CODE": "AL", "LAU_ID": "AL153", "LAU_NAME": "PUKË", "cell_coverage": [ [ 0, 0, 0, 0.0265, 0.4663, 0.353, 0.0047, 0, 0, 0 ], [ 0.0057, 0, 0.04, 0.7477, 1, 1, 0.4557, 0, 0, 0 ], [ 0.5721, 0.8459, 0.9034, 1, 1, 1, 0.9383, 0.3808, 0.0023, 0 ], [ 0.1104, 0.9359, 1, 1, 1, 1, 1, 1, 0.2067, 0 ], [ 0.0594, 0.8462, 1, 0.9918, 0.8925, 1, 1, 0.987, 0.5602, 0.0154 ], [ 0.0398, 0.2762, 0.2675, 0.1785, 0.0595, 0.8451, 1, 1, 0.7236, 0.0517 ], [ 0, 0, 0, 0, 0, 0.3715, 0.9166, 0.5427, 0.0001, 0 ], [ 0, 0, 0, 0, 0, 0.0138, 0, 0, 0, 0 ] ], "xmin": 19.708333333333329, "xmax": 20.125, "ymin": 41.833333333333321, "ymax": 42.166666666666657 }, "geometry": { "type": "MultiPolygon", "coordinates": [ [ [ [ 20.08852, 41.962764499000059 ], [ 20.089009094000062, 41.945372441000075 ], [ 20.079152754000063, 41.934003139000026 ], [ 20.065016337000031, 41.928002826000068 ], [ 20.050310022000076, 41.926421198000071 ], [ 20.032548544000065, 41.905033399000047 ], [ 20.01892022100003, 41.895664360000069 ], [ 20.015793201000065, 41.885765355000046 ], [ 20.006552911000028, 41.877206684000043 ], [ 19.959416463000025, 41.879401408000035 ], [ 19.943491375000065, 41.871346412000037 ], [ 19.93990072400004, 41.872071924000068 ], [ 19.941982085000063, 41.880717545000039 ], [ 19.93849903000006, 41.897158778000062 ], [ 19.947343688000046, 41.903436114000044 ], [ 19.948089019000065, 41.907997841000054 ], [ 19.938503082000068, 41.919673556000077 ], [ 19.927768901000036, 41.925042915000063 ], [ 19.925100573000066, 41.932927889000041 ], [ 19.91900686200006, 41.935057659000051 ], [ 19.92071270100007, 41.941659648000041 ], [ 19.912747275000072, 41.943098295000027 ], [ 19.907685221000065, 41.948063274000049 ], [ 19.910988509000049, 41.954195335000065 ], [ 19.909244934000071, 41.964860810000062 ], [ 19.888187874000039, 41.96257371300004 ], [ 19.882500824000033, 41.96496770300007 ], [ 19.870219933000044, 41.960236171000076 ], [ 19.867098, 41.95292149900007 ], [ 19.857258263000062, 41.948424857000077 ], [ 19.837454380000054, 41.949152813000069 ], [ 19.808228941000039, 41.944136748000062 ], [ 19.800811573000033, 41.946242065000035 ], [ 19.79771284900005, 41.952556551000043 ], [ 19.787348678000058, 41.951465848000055 ], [ 19.775892602000056, 41.94281316200005 ], [ 19.758847683000056, 41.947963468000069 ], [ 19.747066500000074, 41.944613999000069 ], [ 19.741195756000025, 41.946364201000051 ], [ 19.741113618000043, 41.949274357000036 ], [ 19.758847683000056, 41.964712532000078 ], [ 19.760951849000037, 41.966105028000072 ], [ 19.762153093000052, 41.96877999000003 ], [ 19.758847683000056, 41.980533432000072 ], [ 19.755278643000054, 41.986304310000037 ], [ 19.756167276000042, 41.991440303000047 ], [ 19.749403935000032, 41.989909836000038 ], [ 19.741007047000039, 41.992709360000049 ], [ 19.731221136000045, 42.003439411000045 ], [ 19.740435262000062, 42.01137269600008 ], [ 19.755931030000056, 42.015055361000066 ], [ 19.754927022000061, 42.032594681000035 ], [ 19.737982604000024, 42.049200319000079 ], [ 19.724050963000025, 42.052741900000058 ], [ 19.71854606100004, 42.062138756000024 ], [ 19.721611070000051, 42.068868921000046 ], [ 19.719679234000068, 42.07655494800008 ], [ 19.729038248000052, 42.083460350000053 ], [ 19.738892118000024, 42.084633619000044 ], [ 19.758847683000056, 42.078719742000033 ], [ 19.777141136000068, 42.07386864800003 ], [ 19.792076402000077, 42.077816668000025 ], [ 19.802754363000076, 42.071558283000059 ], [ 19.80796424600004, 42.07845423200007 ], [ 19.82483656200003, 42.085222581000039 ], [ 19.835248690000071, 42.099344564000035 ], [ 19.857934291000049, 42.113704312000038 ], [ 19.851708081000027, 42.118958818000067 ], [ 19.853150710000023, 42.121349581000061 ], [ 19.878673871000046, 42.13327537400005 ], [ 19.882845459000066, 42.139646085000038 ], [ 19.883188, 42.145987499000057 ], [ 19.905588299000044, 42.148499540000046 ], [ 19.919797045000053, 42.14149265900005 ], [ 19.937503261000074, 42.14248192000008 ], [ 19.946026355000072, 42.140158983000049 ], [ 19.960117063000041, 42.127575855000032 ], [ 19.967232543000023, 42.116867594000041 ], [ 19.983687185000065, 42.110937949000061 ], [ 19.983952045000024, 42.107140336000043 ], [ 19.976141222000024, 42.103047943000036 ], [ 19.975294770000062, 42.099344564000035 ], [ 19.982433550000053, 42.095827451000048 ], [ 19.985023484000067, 42.09102613400006 ], [ 19.982374308000033, 42.085741883000026 ], [ 19.997949654000024, 42.071231862000047 ], [ 20.002579618000027, 42.06311 ], [ 20.009361800000022, 42.058635228000071 ], [ 20.038047316000075, 42.055185295000058 ], [ 20.043553380000048, 42.041359347000025 ], [ 20.050456807000046, 42.035241972000051 ], [ 20.052837688000068, 42.027654635000033 ], [ 20.050596856000027, 42.007604915000059 ], [ 20.046024510000052, 42.000752746000046 ], [ 20.03511174700003, 41.993305665000037 ], [ 20.071479519000036, 41.980005952000056 ], [ 20.082986856000048, 41.964174268000079 ], [ 20.08852, 41.962764499000059 ] ] ] ] } },
{ "type": "Feature", "properties": { "GISCO_ID": "AL_AL154", "CNTR_CODE": "AL", "LAU_ID": "AL154", "LAU_NAME": "SHKODËR", "cell_coverage": [ [ 0, 0, 0, 0, 0, 0, 0, 0, 0, 0.0002, 0.342, 0.326, 0 ], [ 0, 0, 0, 0, 0, 0, 0, 0, 0.0112, 0.7189, 1, 0.4264, 0 ], [ 0, 0, 0, 0, 0, 0, 0, 0, 0.0598, 0.9973, 1, 0.6291, 0 ], [ 0, 0, 0, 0, 0, 0, 0, 0, 0.2253, 1, 1, 0.6593, 0 ], [ 0, 0, 0, 0, 0, 0, 0, 0.1497, 0.6334, 1, 1, 0.9996, 0.219 ], [ 0, 0, 0, 0, 0, 0, 0.0096, 0.8209, 1, 1, 1, 1, 0.2048 ], [ 0, 0, 0, 0, 0, 0, 0.2081, 1, 1, 1, 1, 0.9986, 0.1386 ], [ 0, 0, 0, 0, 0, 0.0023, 0.6473, 1, 1, 0.8791, 0.6553, 0.536, 0.0031 ], [ 0, 0, 0, 0, 0.1648, 0.5582, 1, 0.9752, 0.2752, 0.0148, 0, 0, 0 ], [ 0, 0, 0, 0.598, 0.9861, 1, 1, 0.8521, 0.0342, 0, 0, 0, 0 ], [ 0.0024, 0.6958, 0.5565, 0.7282, 1, 1, 0.9716, 0.4144, 0.0997, 0, 0, 0, 0 ], [ 0.0747, 0.9957, 1, 1, 0.7565, 0.7829, 0.7353, 0.1245, 0, 0, 0, 0, 0 ], [ 0.0237, 0.8719, 0.98, 0.9309, 0.0771, 0.0146, 0.0006, 0, 0, 0, 0, 0, 0 ], [ 0.3827, 1, 0.4845, 0.0588, 0, 0, 0, 0, 0, 0, 0, 0, 0 ], [ 0.3232, 0.9813, 0.9292, 0.2693, 0, 0, 0, 0, 0, 0, 0, 0, 0 ], [ 0.0152, 0.5273, 0.2527, 0.5604, 0.3231, 0, 0, 0, 0, 0, 0, 0, 0 ] ], "xmin": 19.333333333333329, "xmax": 19.875, "ymin": 41.833333333333321, "ymax": 42.5 }, "geometry": { "type": "MultiPolygon", "coordinates": [ [ [ [ 19.470843, 41.917382499000041 ], [ 19.461568496000041, 41.902242994000062 ], [ 19.465279813000052, 41.887746349000054 ], [ 19.495268045000046, 41.875247922000028 ], [ 19.502988203000029, 41.868374901000038 ], [ 19.532540732000029, 41.853181785000061 ], [ 19.520067500000039, 41.840311499000052 ], [ 19.450453279000044, 41.858119542000054 ], [ 19.454068663000044, 41.859868052000024 ], [ 19.453430849000029, 41.862953700000048 ], [ 19.462924656000041, 41.865918872000066 ], [ 19.462987073000022, 41.869072232000065 ], [ 19.45209677500003, 41.87884637500008 ], [ 19.435958289000041, 41.882761329000061 ], [ 19.431473939000057, 41.879340242000069 ], [ 19.43631960600004, 41.871867264000059 ], [ 19.450392442000066, 41.866996531000041 ], [ 19.445292239000025, 41.859057336000035 ], [ 19.415502116000027, 41.861627221000049 ], [ 19.402915250000035, 41.85384029800008 ], [ 19.38422988700006, 41.850011163000033 ], [ 19.373594611000044, 41.844832733000032 ], [ 19.374538117000043, 41.873457870000038 ], [ 19.380309130000057, 41.884514912000043 ], [ 19.369962201000078, 41.888659125000061 ], [ 19.364647581000042, 41.897875188000057 ], [ 19.349701940000045, 41.90157511600006 ], [ 19.342768052000054, 41.906941320000044 ], [ 19.346175596000023, 41.912946152000075 ], [ 19.363996075000045, 41.917721818000075 ], [ 19.370975318000035, 41.923202063000076 ], [ 19.36829728400005, 41.92916247900007 ], [ 19.351690249000058, 41.940370503000054 ], [ 19.352495486000066, 41.957078455000044 ], [ 19.358595991000072, 41.960087075000047 ], [ 19.382429675000026, 41.961734230000047 ], [ 19.387676299000077, 41.965474952000079 ], [ 19.376993205000076, 41.974924028000032 ], [ 19.381810530000052, 41.99493357800003 ], [ 19.373829671000067, 42.00623192900008 ], [ 19.369725049000067, 42.026552238000079 ], [ 19.37138910300007, 42.039100417000043 ], [ 19.378825673000051, 42.052280705000044 ], [ 19.379433697000024, 42.073241363000079 ], [ 19.385732143000041, 42.077974551000068 ], [ 19.400202252000042, 42.071412287000044 ], [ 19.420218957000031, 42.069364389000043 ], [ 19.476669164000043, 42.054714296000043 ], [ 19.48770298200003, 42.054617763000067 ], [ 19.487556248000033, 42.057223743000065 ], [ 19.474770128000046, 42.060903878000033 ], [ 19.474027991000071, 42.065350851000062 ], [ 19.479397902000073, 42.067311301000075 ], [ 19.472519932000068, 42.07281621900006 ], [ 19.473426775000064, 42.086179333000075 ], [ 19.462979202000042, 42.091588670000078 ], [ 19.472762601000056, 42.099344564000035 ], [ 19.477850724000064, 42.111183746000052 ], [ 19.473192, 42.120664999000041 ], [ 19.50558833100007, 42.122165485000039 ], [ 19.529580646000056, 42.134996269000055 ], [ 19.534856123000054, 42.142085532000067 ], [ 19.539398347000031, 42.143508267000072 ], [ 19.545885377000047, 42.139688965000062 ], [ 19.556663472000025, 42.141676934000031 ], [ 19.577097360000039, 42.156741041000032 ], [ 19.583958177000056, 42.172321253000064 ], [ 19.606690619000062, 42.19559730900005 ], [ 19.611280683000075, 42.20596222000006 ], [ 19.620936129000029, 42.250347915000077 ], [ 19.645958638000025, 42.296418049000067 ], [ 19.656413961000055, 42.30513443600006 ], [ 19.706310146000078, 42.324618911000073 ], [ 19.694961465000063, 42.351801459000058 ], [ 19.700041101000068, 42.368769342000064 ], [ 19.709688223000057, 42.378107809000028 ], [ 19.703104601000064, 42.405700611000043 ], [ 19.707458784000039, 42.426630321000061 ], [ 19.722453672000029, 42.444876434000037 ], [ 19.758847683000056, 42.463524251000081 ], [ 19.763410544000067, 42.464375755000049 ], [ 19.768792580000024, 42.472276808000061 ], [ 19.777046130000031, 42.476152889000048 ], [ 19.787709500000062, 42.48755249900006 ], [ 19.792768557000045, 42.481763044000047 ], [ 19.808605005000061, 42.473064187000034 ], [ 19.830997500000024, 42.466445499000031 ], [ 19.826281936000044, 42.458007880000025 ], [ 19.812653089000037, 42.445616071000074 ], [ 19.798588398000049, 42.420661038000048 ], [ 19.819777538000039, 42.400853074000054 ], [ 19.823866627000029, 42.37791767300007 ], [ 19.815840229000059, 42.369734743000038 ], [ 19.818042415000036, 42.363082916000053 ], [ 19.814703574000077, 42.354813595000053 ], [ 19.815584698000066, 42.347897389000025 ], [ 19.835168690000046, 42.330683380000039 ], [ 19.846080064000034, 42.310868190000065 ], [ 19.844117373000074, 42.276446462000081 ], [ 19.835100013000044, 42.245014114000071 ], [ 19.847567500000025, 42.232213999000066 ], [ 19.838055645000054, 42.222682898000073 ], [ 19.836566400000038, 42.215087623000045 ], [ 19.832461963000071, 42.210988443000076 ], [ 19.834288407000031, 42.192463804000056 ], [ 19.828283377000048, 42.183419411000045 ], [ 19.82358627800005, 42.182017422000058 ], [ 19.814797351000038, 42.187568651000049 ], [ 19.804759112000056, 42.188268731000051 ], [ 19.787299074000032, 42.181966139000053 ], [ 19.758847683000056, 42.18017541200004 ], [ 19.748809793000078, 42.179881609000063 ], [ 19.712478844000032, 42.163538718000041 ], [ 19.689730983000061, 42.158578852000062 ], [ 19.678265047000025, 42.152263736000066 ], [ 19.671156814000028, 42.146004632000029 ], [ 19.66103140000007, 42.127282342000058 ], [ 19.656104594000055, 42.113224047000074 ], [ 19.658438348000061, 42.107692279000048 ], [ 19.653828870000041, 42.10269637600004 ], [ 19.657065611000064, 42.099344564000035 ], [ 19.665301205000048, 42.096896503000039 ], [ 19.682930198000065, 42.075772608000079 ], [ 19.667979837000075, 42.067342847000077 ], [ 19.640112030000068, 42.068585259000031 ], [ 19.619809838000037, 42.059068108000076 ], [ 19.618742289000068, 42.053338095000072 ], [ 19.625693128000023, 42.049695565000036 ], [ 19.63744368600004, 42.037075560000062 ], [ 19.633907141000066, 42.023653800000034 ], [ 19.618559094000034, 42.013754875000075 ], [ 19.611263226000062, 42.017528647000063 ], [ 19.606340039000031, 42.016861488000075 ], [ 19.59022810700003, 42.002197126000056 ], [ 19.578482545000043, 41.996792113000026 ], [ 19.572572344000037, 41.998276173000079 ], [ 19.569019039000068, 42.006685116000028 ], [ 19.562900107000075, 42.011269619000075 ], [ 19.54804368300006, 42.014276256000073 ], [ 19.544855215000041, 42.020654480000076 ], [ 19.525102110000034, 42.025375944000075 ], [ 19.521891789000051, 42.022652343000061 ], [ 19.527075556000057, 42.013106977000064 ], [ 19.522842585000035, 42.008805920000043 ], [ 19.522926406000067, 42.002140894000036 ], [ 19.51096208000007, 41.996521666000035 ], [ 19.498898491000034, 41.984856925000031 ], [ 19.502993046000029, 41.980605388000072 ], [ 19.499529665000068, 41.975010005000058 ], [ 19.50377846300006, 41.969787515000064 ], [ 19.475079339000047, 41.953300364000029 ], [ 19.466125849000036, 41.957585577000032 ], [ 19.466631110000037, 41.961957340000026 ], [ 19.460902447000024, 41.964934901000049 ], [ 19.45080107900003, 41.958871828000042 ], [ 19.443655532000037, 41.96073711400004 ], [ 19.435796106000055, 41.953625489000046 ], [ 19.428877665000073, 41.954448977000027 ], [ 19.421095715000035, 41.945846128000028 ], [ 19.422811853000042, 41.941612899000063 ], [ 19.452061548000074, 41.923331292000057 ], [ 19.460663311000076, 41.923499727000035 ], [ 19.470843, 41.917382499000041 ] ] ] ] } },
{ "type": "Feature", "properties": { "GISCO_ID": "AL_AL211", "CNTR_CODE": "AL", "LAU_ID": "AL211", "LAU_NAME": "BELSH", "cell_coverage": [ [ 0, 0.3125, 0.1662, 0, 0 ], [ 0.5064, 0.9486, 0.9985, 0.5294, 0 ], [ 0.6619, 1, 1, 0.9499, 0.2688 ], [ 0.6579, 1, 1, 1, 0.2198 ], [ 0.0493, 0.4096, 0.235, 0.1935, 0.0001 ] ], "xmin": 19.791666666666664, "xmax": 19.999999999999996, "ymin": 40.833333333333321, "ymax": 41.041666666666657 }, "geometry": { "type": "MultiPolygon", "coordinates": [ [ [ [ 19.859758, 40.851168999000038 ], [ 19.82250712900003, 40.870393134000039 ], [ 19.815427338000063, 40.884245103000069 ], [ 19.796130479000055, 40.885644330000048 ], [ 19.797203091000029, 40.891514535000056 ], [ 19.807871742000032, 40.903395015000058 ], [ 19.802457910000044, 40.914434714000038 ], [ 19.812939191000055, 40.938239592000059 ], [ 19.799100404000058, 40.948851976000071 ], [ 19.802265581000029, 40.967412040000056 ], [ 19.81672523800006, 40.98142742400006 ], [ 19.812160500000061, 40.997690499000043 ], [ 19.823446193000052, 40.997988273000033 ], [ 19.829685749000078, 40.99006998200008 ], [ 19.839735454000049, 40.986567627000056 ], [ 19.842366241000036, 40.99444550000004 ], [ 19.837844269000072, 40.998919404000048 ], [ 19.844874290000064, 41.009509533000028 ], [ 19.865778500000033, 41.022810499000059 ], [ 19.879930031000072, 41.01093604600004 ], [ 19.894440989000032, 41.010495071000037 ], [ 19.903260560000035, 41.002540056000043 ], [ 19.91911125200005, 40.99809560500006 ], [ 19.920768366000061, 40.99286653200005 ], [ 19.92908413400005, 40.988611530000071 ], [ 19.932950702000028, 40.980632640000067 ], [ 19.937063032000026, 40.979469794000067 ], [ 19.952585770000042, 40.975077353000074 ], [ 19.955158341000072, 40.970624157000032 ], [ 19.953243494000048, 40.963809239000057 ], [ 19.945033056000057, 40.955766929000049 ], [ 19.959855675000028, 40.946347044000049 ], [ 19.970489993000058, 40.944268593000061 ], [ 19.981719217000034, 40.937475257000074 ], [ 19.970223860000033, 40.922988260000068 ], [ 19.970716843000048, 40.897133031000067 ], [ 19.958739, 40.874702999000078 ], [ 19.937063032000026, 40.867199522000078 ], [ 19.925466689000075, 40.858391125000026 ], [ 19.917304063000074, 40.866740208000067 ], [ 19.894239337000045, 40.863193336000052 ], [ 19.886425537000036, 40.867578694000031 ], [ 19.873403864000068, 40.863202611000077 ], [ 19.859758, 40.851168999000038 ] ] ] ] } },
{ "type": "Feature", "properties": { "GISCO_ID": "AL_AL215", "CNTR_CODE": "AL", "LAU_ID": "AL215", "LAU_NAME": "LIBRAZHD", "cell_coverage": [ [ 0, 0, 0, 0, 0, 0.0028, 0.3595, 0.3275, 0, 0, 0 ], [ 0, 0, 0.1607, 0.6678, 0.9238, 0.9167, 1, 0.9614, 0.3194, 0, 0 ], [ 0.289, 0.703, 0.9376, 1, 1, 1, 1, 1, 0.8351, 0.0969, 0 ], [ 0.3534, 0.6234, 0.9529, 1, 1, 1, 1, 1, 1, 0.3111, 0 ], [ 0, 0, 0.5247, 1, 1, 1, 1, 1, 1, 0.5245, 0 ], [ 0, 0, 0.8165, 1, 1, 1, 1, 1, 1, 0.9412, 0.1215 ], [ 0, 0.0053, 0.6419, 1, 1, 1, 1, 1, 0.6916, 0.1304, 0 ], [ 0, 0.2095, 0.8945, 1, 0.9251, 0.8597, 0.8535, 0.5425, 0.0667, 0, 0 ], [ 0, 0, 0.0012, 0.4219, 0.1489, 0, 0, 0, 0, 0, 0 ] ], "xmin": 20.125, "xmax": 20.583333333333332, "ymin": 41.041666666666657, "ymax": 41.416666666666657 }, "geometry": { "type": "MultiPolygon", "coordinates": [ [ [ [ 20.516511500000036, 41.237873499000045 ], [ 20.516589249000049, 41.230860856000049 ], [ 20.531046175000029, 41.210983129000056 ], [ 20.534401134000063, 41.198568992000048 ], [ 20.552567357000044, 41.19162099700003 ], [ 20.558933500000023, 41.192672499000025 ], [ 20.542146020000075, 41.169799649000026 ], [ 20.521506488000057, 41.159231036000051 ], [ 20.504320341000039, 41.158504460000074 ], [ 20.488066045000039, 41.152948053000046 ], [ 20.484626917000071, 41.144224635000057 ], [ 20.478803812000024, 41.13947076200003 ], [ 20.479041300000063, 41.124858490000065 ], [ 20.451154686000052, 41.11018475000003 ], [ 20.446261134000054, 41.103736669000057 ], [ 20.38875480400003, 41.086464628000044 ], [ 20.345298941000067, 41.089595587000076 ], [ 20.32004157800003, 41.094705714000042 ], [ 20.320776993000038, 41.085904880000044 ], [ 20.316791665000039, 41.078843342000027 ], [ 20.300920051000048, 41.072341818000041 ], [ 20.279333500000064, 41.058074499000043 ], [ 20.26901870100005, 41.061439799000027 ], [ 20.245344060000036, 41.086096280000049 ], [ 20.225830749000067, 41.086432483000067 ], [ 20.211934735000057, 41.091843717000074 ], [ 20.208655703000034, 41.097416032000069 ], [ 20.189208219000022, 41.109462564000069 ], [ 20.190676775000043, 41.117928527000061 ], [ 20.197747031000063, 41.123998909000079 ], [ 20.231882411000072, 41.13514778900003 ], [ 20.22398107600003, 41.159141590000047 ], [ 20.212329344000068, 41.164300198000035 ], [ 20.217260041000031, 41.18062526600005 ], [ 20.210324857000046, 41.197328567000056 ], [ 20.215447122000057, 41.203261740000073 ], [ 20.231185028000027, 41.20447467200006 ], [ 20.228774681000061, 41.220540873000061 ], [ 20.230885885000077, 41.227752267000028 ], [ 20.221058233000065, 41.25408391600007 ], [ 20.208013090000065, 41.258371950000026 ], [ 20.201770803000045, 41.264436553000053 ], [ 20.182026308000047, 41.26792275300005 ], [ 20.167995434000034, 41.266090785000074 ], [ 20.147412797000072, 41.27757321200005 ], [ 20.125201, 41.280799499000068 ], [ 20.140723338000043, 41.304653409000025 ], [ 20.153688170000066, 41.307489045000068 ], [ 20.167995434000034, 41.316799144000072 ], [ 20.202633542000058, 41.323900445000049 ], [ 20.208235892000062, 41.327516302000049 ], [ 20.225880760000052, 41.328759887000047 ], [ 20.23307464100003, 41.333128616000067 ], [ 20.231921908000061, 41.34409254500008 ], [ 20.236168500000076, 41.348487499000043 ], [ 20.262199205000059, 41.35406013000005 ], [ 20.283035912000059, 41.369806501000028 ], [ 20.297222570000031, 41.374288794000051 ], [ 20.317944179000051, 41.373588126000072 ], [ 20.325844213000039, 41.366044571000032 ], [ 20.350036829000032, 41.371631223000065 ], [ 20.363588719000063, 41.371760424000058 ], [ 20.374402778000047, 41.376739863000068 ], [ 20.37762901900004, 41.387168300000042 ], [ 20.383850952000046, 41.393266822000044 ], [ 20.396556503000056, 41.386614542000075 ], [ 20.409083042000077, 41.392758088000051 ], [ 20.444392978000053, 41.393011608000052 ], [ 20.449381558000027, 41.388939492000077 ], [ 20.448208421000061, 41.374225471000045 ], [ 20.450707481000052, 41.36984814200008 ], [ 20.483516029000043, 41.346935880000046 ], [ 20.481370741000035, 41.32581093400006 ], [ 20.484423554000045, 41.318983495000055 ], [ 20.489174805000061, 41.316195840000034 ], [ 20.50166, 41.317153999000027 ], [ 20.506653163000067, 41.309337966000044 ], [ 20.508717941000043, 41.291701984000042 ], [ 20.51394188300003, 41.28536061300008 ], [ 20.510925782000072, 41.275766231000034 ], [ 20.512610720000055, 41.263766608000026 ], [ 20.515707826000039, 41.254113639000025 ], [ 20.521973, 41.246325999000078 ], [ 20.516511500000036, 41.237873499000045 ] ] ] ] } },
{ "type": "Feature", "properties": { "GISCO_ID": "AL_AL216", "CNTR_CODE": "AL", "LAU_ID": "AL216", "LAU_NAME": "PEQIN", "cell_coverage": [ [ 0, 0, 0.0562, 0, 0.5379, 0.0607 ], [ 0, 0.3354, 0.9826, 0.9571, 0.9544, 0.2123 ], [ 0.2707, 0.9988, 1, 1, 0.9899, 0.3653 ], [ 0.3933, 0.78, 0.6772, 0.9725, 0.5938, 0 ], [ 0, 0, 0, 0.0592, 0.0514, 0 ] ], "xmin": 19.666666666666664, "xmax": 19.916666666666664, "ymin": 40.958333333333321, "ymax": 41.166666666666657 }, "geometry": { "type": "MultiPolygon", "coordinates": [ [ [ [ 19.889716, 41.063289999000062 ], [ 19.881585796000024, 41.057632373000047 ], [ 19.871285715000056, 41.043735832000038 ], [ 19.865778500000033, 41.022810499000059 ], [ 19.844874290000064, 41.009509533000028 ], [ 19.837844269000072, 40.998919404000048 ], [ 19.842366241000036, 40.99444550000004 ], [ 19.839735454000049, 40.986567627000056 ], [ 19.829685749000078, 40.99006998200008 ], [ 19.823446193000052, 40.997988273000033 ], [ 19.812160500000061, 40.997690499000043 ], [ 19.805741569000077, 41.004349434000062 ], [ 19.792261179000036, 41.001223886000048 ], [ 19.784986518000039, 41.011462644000062 ], [ 19.770697971000061, 41.018438315000026 ], [ 19.746883353000044, 41.009534521000035 ], [ 19.729179499000054, 41.010851044000049 ], [ 19.703337959000066, 41.004153732000077 ], [ 19.692818636000027, 41.020956973000068 ], [ 19.684216507000031, 41.027396518000046 ], [ 19.675128485000073, 41.049424954000074 ], [ 19.677432500000066, 41.054876499000045 ], [ 19.707803485000056, 41.05451017300004 ], [ 19.709312159000035, 41.058067092000044 ], [ 19.704202257000077, 41.068836451000038 ], [ 19.70698683300003, 41.082334377000052 ], [ 19.711992773000077, 41.085488785000052 ], [ 19.717470065000043, 41.097661962000075 ], [ 19.727981182000065, 41.098692892000031 ], [ 19.737012608000043, 41.094162657000027 ], [ 19.74553478200005, 41.097389992000046 ], [ 19.74559946200003, 41.115869486000065 ], [ 19.752730034000024, 41.122153085000036 ], [ 19.753866, 41.129077499000061 ], [ 19.770748508000054, 41.129653233000056 ], [ 19.784888460000047, 41.122838279000064 ], [ 19.813139689000025, 41.124120387000062 ], [ 19.846515338000074, 41.119636248000063 ], [ 19.855652737000071, 41.126147552000077 ], [ 19.857113591000029, 41.130709282000055 ], [ 19.839920026000073, 41.142772860000036 ], [ 19.837778341000046, 41.151286708000043 ], [ 19.847199287000024, 41.157674412000063 ], [ 19.865238, 41.15849649900008 ], [ 19.873919459000035, 41.154160052000066 ], [ 19.879300537000063, 41.143739716000027 ], [ 19.880116977000057, 41.13144974100004 ], [ 19.876124563000076, 41.107554012000037 ], [ 19.891015866000032, 41.095460407000076 ], [ 19.893126551000023, 41.086654241000076 ], [ 19.910194717000024, 41.076592441000059 ], [ 19.908591534000038, 41.070882255000072 ], [ 19.898126165000065, 41.070260087000065 ], [ 19.889716, 41.063289999000062 ] ] ] ] } },
{ "type": "Feature", "properties": { "GISCO_ID": "AL_AL224", "CNTR_CODE": "AL", "LAU_ID": "AL224", "LAU_NAME": "TIRANË", "cell_coverage": [ [ 0, 0, 0, 0, 0, 0, 0, 0.0791, 0.1488, 0, 0, 0, 0, 0, 0, 0 ], [ 0, 0, 0, 0, 0, 0, 0, 0.4902, 0.9844, 0.3528, 0, 0, 0, 0, 0, 0 ], [ 0, 0, 0, 0.0042, 0.5082, 0.5817, 0.7219, 0.9987, 1, 0.8827, 0.1285, 0, 0, 0, 0, 0 ], [ 0, 0, 0, 0.011, 0.4845, 0.9281, 0.9949, 1, 1, 1, 0.9991, 0.5818, 0.7428, 0.1876, 0, 0 ], [ 0, 0.027, 0.7522, 0.7441, 0.5904, 0.4886, 0.8449, 1, 1, 1, 1, 1, 1, 0.9482, 0.7431, 0.2928 ], [ 0, 0.6334, 1, 1, 1, 1, 1, 1, 1, 1, 1, 1, 1, 0.711, 0.297, 0.0624 ], [ 0.4678, 0.9465, 1, 1, 1, 1, 1, 1, 1, 1, 0.8973, 0.8101, 0.4483, 0.0234, 0, 0 ], [ 0.3423, 0.6206, 0.9943, 1, 1, 1, 1, 1, 1, 0.9136, 0.206, 0, 0, 0, 0, 0 ], [ 0, 0, 0.5136, 1, 1, 1, 0.999, 0.7996, 0.5595, 0.1171, 0, 0, 0, 0, 0, 0 ], [ 0, 0, 0.0706, 0.6546, 0.9224, 1, 0.415, 0, 0, 0, 0, 0, 0, 0, 0, 0 ], [ 0, 0, 0, 0, 0.0106, 0.0429, 0.0456, 0, 0, 0, 0, 0, 0, 0, 0, 0 ] ], "xmin": 19.583333333333329, "xmax": 20.25, "ymin": 41.083333333333321, "ymax": 41.541666666666657 }, "geometry": { "type": "MultiPolygon", "coordinates": [ [ [ [ 19.753866, 41.129077499000061 ], [ 19.747993327000074, 41.146955136000031 ], [ 19.742674746000034, 41.146312162000072 ], [ 19.738955712000063, 41.136448896000047 ], [ 19.729987428000072, 41.132452092000051 ], [ 19.721154796000064, 41.133364125000071 ], [ 19.717486062000035, 41.142672221000055 ], [ 19.711992773000077, 41.144792923000068 ], [ 19.695731500000022, 41.164274999000042 ], [ 19.703149023000037, 41.171910395000054 ], [ 19.692359711000051, 41.189180165000039 ], [ 19.673466606000034, 41.192759128000034 ], [ 19.666890224000042, 41.215952603000062 ], [ 19.622246852000046, 41.233313080000073 ], [ 19.594804215000067, 41.231203618000052 ], [ 19.591859624000051, 41.235203894000051 ], [ 19.593655901000034, 41.241258433000041 ], [ 19.586541, 41.249833999000032 ], [ 19.597525397000027, 41.257717386000024 ], [ 19.606581482000024, 41.282270503000063 ], [ 19.609995, 41.284721499000057 ], [ 19.622773087000041, 41.279279318000079 ], [ 19.63371164800003, 41.284258869000041 ], [ 19.637651284000071, 41.294045391000054 ], [ 19.635632177000048, 41.299099363000039 ], [ 19.639969693000069, 41.312754730000051 ], [ 19.640573, 41.32659299900007 ], [ 19.654123191000053, 41.331791814000042 ], [ 19.668173411000055, 41.342849542000067 ], [ 19.66552069200003, 41.352085830000078 ], [ 19.675721813000052, 41.359865369000033 ], [ 19.687052348000066, 41.361881516000039 ], [ 19.690753057000052, 41.371082662000049 ], [ 19.711951468000052, 41.371556316000067 ], [ 19.730494193000027, 41.362100130000044 ], [ 19.739867835000041, 41.362718237000081 ], [ 19.744970500000022, 41.358046999000067 ], [ 19.757995204000053, 41.355660572000033 ], [ 19.759607886000026, 41.358137937000038 ], [ 19.755616639000039, 41.361055844000077 ], [ 19.758078815000033, 41.364766558000042 ], [ 19.778868020000061, 41.362179384000058 ], [ 19.778258695000034, 41.35085876200003 ], [ 19.795863910000037, 41.348341564000066 ], [ 19.810294630000044, 41.35178333600004 ], [ 19.836204879000036, 41.352548841000043 ], [ 19.843681247000063, 41.356034219000037 ], [ 19.848137794000024, 41.361907135000081 ], [ 19.846638080000048, 41.371815208000044 ], [ 19.837533634000067, 41.376712414000053 ], [ 19.828608006000024, 41.37557264000003 ], [ 19.814897672000029, 41.36669179900008 ], [ 19.806803964000039, 41.370425732000058 ], [ 19.800952261000077, 41.384899810000036 ], [ 19.784842838000031, 41.388122976000034 ], [ 19.769840287000022, 41.398713787000077 ], [ 19.752443500000027, 41.403935499000056 ], [ 19.746123853000029, 41.414828435000061 ], [ 19.753702797000074, 41.428330556000049 ], [ 19.750515850000056, 41.433987211000044 ], [ 19.757596525000054, 41.439471663000063 ], [ 19.764564116000031, 41.437218534000067 ], [ 19.805779661000031, 41.442530120000072 ], [ 19.820681957000033, 41.438029399000072 ], [ 19.839998707000063, 41.446617599000035 ], [ 19.869989811000039, 41.446208744000046 ], [ 19.876208897000026, 41.457783970000037 ], [ 19.900747242000023, 41.476921115000039 ], [ 19.903964132000056, 41.502243613000076 ], [ 19.908352500000035, 41.511927999000079 ], [ 19.912888, 41.513033999000072 ], [ 19.928153129000066, 41.513185315000044 ], [ 19.937525872000037, 41.504709784000056 ], [ 19.961276834000046, 41.493595453000069 ], [ 19.966904747000058, 41.484855546000063 ], [ 19.979014483000071, 41.47540846000004 ], [ 19.987324872000045, 41.457803056000046 ], [ 19.988055257000042, 41.449395957000036 ], [ 19.995077424000044, 41.443656798000063 ], [ 19.99826590300006, 41.430203275000054 ], [ 20.008358444000066, 41.42888940000006 ], [ 20.011603283000056, 41.421999332000041 ], [ 20.032771542000035, 41.418977669000071 ], [ 20.04941799900007, 41.412588063000044 ], [ 20.05740731700007, 41.390618446000076 ], [ 20.066749293000044, 41.386914686000068 ], [ 20.073804840000037, 41.387769400000025 ], [ 20.077945695000039, 41.398629372000073 ], [ 20.075898860000052, 41.407860013000061 ], [ 20.07817785900005, 41.410675573000049 ], [ 20.09293240900007, 41.410023924000029 ], [ 20.116899, 41.402467499000068 ], [ 20.138098158000048, 41.389482491000081 ], [ 20.15322741500006, 41.370476932000031 ], [ 20.167995434000034, 41.367029185000035 ], [ 20.184334177000039, 41.366610027000036 ], [ 20.236168500000076, 41.348487499000043 ], [ 20.231921908000061, 41.34409254500008 ], [ 20.23307464100003, 41.333128616000067 ], [ 20.225880760000052, 41.328759887000047 ], [ 20.208235892000062, 41.327516302000049 ], [ 20.202633542000058, 41.323900445000049 ], [ 20.167995434000034, 41.316799144000072 ], [ 20.153688170000066, 41.307489045000068 ], [ 20.140723338000043, 41.304653409000025 ], [ 20.125201, 41.280799499000068 ], [ 20.119977365000068, 41.277115652000077 ], [ 20.097697516000039, 41.27298565600006 ], [ 20.087005910000073, 41.26601776900003 ], [ 20.082546684000022, 41.257620316000043 ], [ 20.074860665000074, 41.253614746000039 ], [ 20.063739922000025, 41.255231339000034 ], [ 20.052880617000028, 41.26193414100004 ], [ 20.034534644000075, 41.26299685400005 ], [ 20.015291614000034, 41.244314316000043 ], [ 20.012599040000055, 41.227101233000042 ], [ 19.994333944000061, 41.223894149000046 ], [ 19.987301338000066, 41.209313552000026 ], [ 19.970495382000024, 41.199502824000035 ], [ 19.937525872000037, 41.186547778000033 ], [ 19.926668651000057, 41.17664058400004 ], [ 19.894951351000032, 41.179250800000034 ], [ 19.888974522000069, 41.171621392000077 ], [ 19.870547701000078, 41.166406425000048 ], [ 19.865238, 41.15849649900008 ], [ 19.847199287000024, 41.157674412000063 ], [ 19.837778341000046, 41.151286708000043 ], [ 19.839920026000073, 41.142772860000036 ], [ 19.857113591000029, 41.130709282000055 ], [ 19.855652737000071, 41.126147552000077 ], [ 19.846515338000074, 41.119636248000063 ], [ 19.813139689000025, 41.124120387000062 ], [ 19.784888460000047, 41.122838279000064 ], [ 19.770748508000054, 41.129653233000056 ], [ 19.753866, 41.129077499000061 ] ] ] ] } },
{ "type": "Feature", "properties": { "GISCO_ID": "AL_AL113", "CNTR_CODE": "AL", "LAU_ID": "AL113", "LAU_NAME": "KLOS", "cell_coverage": [ [ 0, 0, 0, 0.0618, 0.1745, 0.4579, 0.3793, 0.469, 0.0395 ], [ 0, 0, 0.1257, 0.6825, 1, 1, 1, 1, 0.2983 ], [ 0.0056, 0.5812, 0.9859, 1, 1, 1, 1, 0.7594, 0.0287 ], [ 0, 0.0156, 0.6472, 1, 1, 1, 1, 0.6715, 0.0002 ], [ 0, 0, 0.1173, 0.8715, 1, 0.9986, 0.1939, 0.0017, 0 ], [ 0, 0, 0, 0.0009, 0.4182, 0.2063, 0, 0, 0 ] ], "xmin": 19.875, "xmax": 20.25, "ymin": 41.375, "ymax": 41.625 }, "geometry": { "type": "MultiPolygon", "coordinates": [ [ [ [ 20.224933, 41.568873499000063 ], [ 20.219216880000033, 41.56139468300006 ], [ 20.214724068000066, 41.536259247000032 ], [ 20.198578441000052, 41.526233933000071 ], [ 20.187888981000071, 41.498439352000048 ], [ 20.194841113000052, 41.479769137000062 ], [ 20.209143427000072, 41.466174308000063 ], [ 20.17113052600007, 41.457931918000043 ], [ 20.150282443000037, 41.456244749000064 ], [ 20.13406640200003, 41.450636882000026 ], [ 20.129508229000066, 41.429678778000039 ], [ 20.116899, 41.402467499000068 ], [ 20.09293240900007, 41.410023924000029 ], [ 20.07817785900005, 41.410675573000049 ], [ 20.075898860000052, 41.407860013000061 ], [ 20.077945695000039, 41.398629372000073 ], [ 20.073804840000037, 41.387769400000025 ], [ 20.066749293000044, 41.386914686000068 ], [ 20.05740731700007, 41.390618446000076 ], [ 20.04941799900007, 41.412588063000044 ], [ 20.032771542000035, 41.418977669000071 ], [ 20.011603283000056, 41.421999332000041 ], [ 20.008358444000066, 41.42888940000006 ], [ 19.99826590300006, 41.430203275000054 ], [ 19.995077424000044, 41.443656798000063 ], [ 19.988055257000042, 41.449395957000036 ], [ 19.987324872000045, 41.457803056000046 ], [ 19.979014483000071, 41.47540846000004 ], [ 19.966904747000058, 41.484855546000063 ], [ 19.961276834000046, 41.493595453000069 ], [ 19.937525872000037, 41.504709784000056 ], [ 19.928153129000066, 41.513185315000044 ], [ 19.912888, 41.513033999000072 ], [ 19.918193521000035, 41.520316602000037 ], [ 19.918693593000057, 41.526751884000078 ], [ 19.937525872000037, 41.52810256500004 ], [ 19.941286926000032, 41.53206636200008 ], [ 19.944036653000069, 41.533501935000061 ], [ 19.949614955000072, 41.535525034000045 ], [ 19.953980301000058, 41.535479039000052 ], [ 19.955728830000055, 41.53660497900006 ], [ 19.959416463000025, 41.537219119000042 ], [ 19.982685446000062, 41.548983308000061 ], [ 20.001249251000047, 41.553763921000041 ], [ 20.019721667000056, 41.569661917000076 ], [ 20.030293309000058, 41.571186520000026 ], [ 20.030386440000029, 41.574677458000053 ], [ 20.025617019000038, 41.578781581000044 ], [ 20.029126118000022, 41.582791064000048 ], [ 20.024082228000054, 41.588466676000053 ], [ 20.026801270000078, 41.592289994000055 ], [ 20.050805188000027, 41.585051864000036 ], [ 20.064022453000064, 41.588535222000075 ], [ 20.069811159000039, 41.594948975000079 ], [ 20.081456947000049, 41.597769439000047 ], [ 20.092586604000076, 41.606552452000074 ], [ 20.107357052000054, 41.601423477000026 ], [ 20.156805045000056, 41.598156438000046 ], [ 20.167995434000034, 41.599869606000027 ], [ 20.177741283000046, 41.604897287000028 ], [ 20.193642, 41.606606999000064 ], [ 20.225236267000071, 41.579759963000072 ], [ 20.224933, 41.568873499000063 ] ] ] ] } },
{ "type": "Feature", "properties": { "GISCO_ID": "AL_AL311", "CNTR_CODE": "AL", "LAU_ID": "AL311", "LAU_NAME": "BERAT", "cell_coverage": [ [ 0, 0.0008, 0.418, 0.5792, 0.5892, 0.6919, 0.6251, 0.5298, 0.3011 ], [ 0, 0.2488, 1, 1, 1, 1, 0.9814, 0.6234, 0.1104 ], [ 0.1517, 0.8409, 1, 1, 1, 0.5547, 0.6712, 0, 0 ], [ 0.1313, 0.9141, 1, 0.9305, 0.375, 0.3393, 0.0166, 0, 0 ], [ 0.0069, 0.7639, 1, 0.7739, 0.0552, 0.2251, 0.0588, 0, 0 ], [ 0, 0.3331, 0.9858, 0.3576, 0.0033, 0, 0, 0, 0 ], [ 0, 0, 0.0151, 0.1327, 0, 0, 0, 0, 0 ] ], "xmin": 19.791666666666664, "xmax": 20.166666666666664, "ymin": 40.5, "ymax": 40.791666666666657 }, "geometry": { "type": "MultiPolygon", "coordinates": [ [ [ [ 19.808621500000072, 40.664404999000055 ], [ 19.809640500000057, 40.673497499000064 ], [ 19.824301313000035, 40.668717689000061 ], [ 19.828278324000053, 40.673755113000027 ], [ 19.824389578000023, 40.690250186000071 ], [ 19.831677630000058, 40.695142513000064 ], [ 19.860853360000078, 40.700772433000054 ], [ 19.857160426000064, 40.721909475000075 ], [ 19.858691652000061, 40.726012904000072 ], [ 19.862485134000053, 40.731642008000051 ], [ 19.87358437000006, 40.737836685000048 ], [ 19.875038360000076, 40.756534376000047 ], [ 19.887228444000073, 40.763536653000074 ], [ 19.885242649000077, 40.767392371000028 ], [ 19.88782911800007, 40.77346512400004 ], [ 19.883763, 40.776625499000033 ], [ 19.888999419000072, 40.778652111000042 ], [ 19.899246423000022, 40.769863817000044 ], [ 19.912371048000068, 40.764546905000032 ], [ 19.931150731000059, 40.767049284000052 ], [ 19.938657774000035, 40.777908189000073 ], [ 19.946020941000029, 40.783183919000066 ], [ 19.962987071000043, 40.776554492000059 ], [ 20.000076160000049, 40.771807585000033 ], [ 20.032617563000031, 40.783217097000033 ], [ 20.045094189000054, 40.784362731000044 ], [ 20.052686621000078, 40.782243366000046 ], [ 20.060125878000065, 40.769947696000031 ], [ 20.087368, 40.77581649900003 ], [ 20.096497573000022, 40.775588974000073 ], [ 20.10304115100007, 40.770279741000024 ], [ 20.129578097000035, 40.768878254000072 ], [ 20.146569193000062, 40.761952437000048 ], [ 20.16361524000007, 40.763339637000058 ], [ 20.163056488000052, 40.757547327000054 ], [ 20.150904, 40.747883499000068 ], [ 20.140562603000035, 40.745499558000063 ], [ 20.112685116000023, 40.726012904000072 ], [ 20.113579500000071, 40.718504499000062 ], [ 20.102688447000048, 40.723292643000036 ], [ 20.092950634000033, 40.722994885000048 ], [ 20.077322457000037, 40.714038278000032 ], [ 20.082104358000038, 40.707702209000047 ], [ 20.077972885000065, 40.701734692000059 ], [ 20.077842025000052, 40.695693336000033 ], [ 20.071215057000074, 40.687651705000064 ], [ 20.078544847000046, 40.685080059000029 ], [ 20.080579854000064, 40.679842927000038 ], [ 20.071195192000062, 40.677452363000043 ], [ 20.060077204000038, 40.679849451000052 ], [ 20.042280269000059, 40.667292130000078 ], [ 20.037039780000043, 40.668484982000052 ], [ 20.027196937000042, 40.677468091000037 ], [ 20.034846779000077, 40.688774628000033 ], [ 20.033783534000065, 40.695725760000073 ], [ 20.020192596000072, 40.699748771000031 ], [ 20.002615157000037, 40.689299442000049 ], [ 20.006744443000059, 40.683157516000051 ], [ 20.005867787000057, 40.674389633000033 ], [ 20.015520886000047, 40.666851583000039 ], [ 20.016544267000029, 40.658807127000046 ], [ 20.029876623000064, 40.651578320000056 ], [ 20.031253781000032, 40.638810597000031 ], [ 20.037788974000023, 40.63675814000004 ], [ 20.049846218000027, 40.624257803000035 ], [ 20.05047515900003, 40.619372804000079 ], [ 20.043747840000037, 40.611692111000025 ], [ 20.042195821000064, 40.601724682000054 ], [ 20.025276740000038, 40.603328772000054 ], [ 20.018204185000059, 40.608197393000069 ], [ 20.028497253000069, 40.619452525000042 ], [ 20.027413238000065, 40.628541134000045 ], [ 20.017736556000045, 40.648538986000062 ], [ 20.006317496000065, 40.656872892000081 ], [ 19.975161501000059, 40.654569051000067 ], [ 19.961260959000072, 40.637468297000055 ], [ 19.944286834000025, 40.634139214000072 ], [ 19.950354311000069, 40.624774785000056 ], [ 19.937063032000026, 40.62049838300004 ], [ 19.934373168000036, 40.61980748700006 ], [ 19.935359578000032, 40.61560925200007 ], [ 19.937063032000026, 40.613384843000063 ], [ 19.939918976000058, 40.606801976000042 ], [ 19.95992956200007, 40.602759716000037 ], [ 19.966022344000066, 40.585826846000032 ], [ 19.963670212000068, 40.582610795000051 ], [ 19.95527677900003, 40.581568918000073 ], [ 19.94941680900007, 40.577419227000064 ], [ 19.937063032000026, 40.577324971000053 ], [ 19.923144466000053, 40.57588071400005 ], [ 19.927392317000056, 40.568165213000043 ], [ 19.926195560000053, 40.561393782000039 ], [ 19.930033514000058, 40.556217823000054 ], [ 19.928620347000049, 40.544056116000036 ], [ 19.934810492000054, 40.529928788000063 ], [ 19.931636, 40.519805499000029 ], [ 19.913564, 40.522421999000073 ], [ 19.922826006000037, 40.527996140000027 ], [ 19.925825599000063, 40.535922458000073 ], [ 19.924010122000027, 40.539585227000032 ], [ 19.90146125800004, 40.540721344000076 ], [ 19.894242791000067, 40.54408808900007 ], [ 19.878488608000055, 40.540996384000039 ], [ 19.865002342000025, 40.553417491000062 ], [ 19.848900712000045, 40.58430721600007 ], [ 19.853521970000031, 40.590269526000043 ], [ 19.853192593000074, 40.594856255000025 ], [ 19.846048372000041, 40.60014005000005 ], [ 19.838295065000068, 40.611505006000073 ], [ 19.830081285000063, 40.61496055300006 ], [ 19.840653917000054, 40.634609686000033 ], [ 19.838231084000029, 40.650653354000042 ], [ 19.831848638000054, 40.653595707000079 ], [ 19.821209880000026, 40.653242973000033 ], [ 19.81764898800003, 40.661387241000057 ], [ 19.808621500000072, 40.664404999000055 ] ] ] ] } },
{ "type": "Feature", "properties": { "GISCO_ID": "AL_AL223", "CNTR_CODE": "AL", "LAU_ID": "AL223", "LAU_NAME": "RROGOZHINË", "cell_coverage": [ [ 0, 0, 0, 0, 0, 0, 0.0031, 0, 0 ], [ 0.0265, 0.1709, 0.0767, 0.0078, 0.5852, 0.7595, 0.9074, 0.3454, 0.0214 ], [ 0.0736, 1, 0.9213, 0.5569, 0.988, 1, 1, 0.6646, 0.0068 ], [ 0.1364, 0.9171, 0.9233, 0.7807, 0.4197, 0.4745, 0.6131, 0.0012, 0 ], [ 0.3426, 0.0658, 0.0167, 0, 0, 0, 0, 0, 0 ] ], "xmin": 19.416666666666664, "xmax": 19.791666666666664, "ymin": 40.999999999999986, "ymax": 41.208333333333321 }, "geometry": { "type": "MultiPolygon", "coordinates": [ [ [ [ 19.695731500000022, 41.164274999000042 ], [ 19.711992773000077, 41.144792923000068 ], [ 19.717486062000035, 41.142672221000055 ], [ 19.721154796000064, 41.133364125000071 ], [ 19.729987428000072, 41.132452092000051 ], [ 19.738955712000063, 41.136448896000047 ], [ 19.742674746000034, 41.146312162000072 ], [ 19.747993327000074, 41.146955136000031 ], [ 19.753866, 41.129077499000061 ], [ 19.752730034000024, 41.122153085000036 ], [ 19.74559946200003, 41.115869486000065 ], [ 19.74553478200005, 41.097389992000046 ], [ 19.737012608000043, 41.094162657000027 ], [ 19.727981182000065, 41.098692892000031 ], [ 19.717470065000043, 41.097661962000075 ], [ 19.711992773000077, 41.085488785000052 ], [ 19.70698683300003, 41.082334377000052 ], [ 19.704202257000077, 41.068836451000038 ], [ 19.709312159000035, 41.058067092000044 ], [ 19.707803485000056, 41.05451017300004 ], [ 19.677432500000066, 41.054876499000045 ], [ 19.66740466400006, 41.067276160000063 ], [ 19.644949121000025, 41.062591221000048 ], [ 19.640875, 41.056627999000057 ], [ 19.634060312000031, 41.06469015700003 ], [ 19.626160832000039, 41.064041041000053 ], [ 19.623034383000061, 41.067794626000079 ], [ 19.612401463000026, 41.063164093000069 ], [ 19.601789363000023, 41.067674706000048 ], [ 19.588807647000067, 41.066320614000063 ], [ 19.576110447000076, 41.057367590000069 ], [ 19.562070323000057, 41.053724870000053 ], [ 19.558237370000029, 41.042242025000064 ], [ 19.524294563000069, 41.047259385000075 ], [ 19.511640682000063, 41.043013876000032 ], [ 19.505976272000055, 41.045087779000028 ], [ 19.504772735000074, 41.037163288000045 ], [ 19.501665370000069, 41.034922994000055 ], [ 19.487524923000024, 41.048235899000076 ], [ 19.470238722000033, 41.048011976000055 ], [ 19.467778567000039, 41.043929826000067 ], [ 19.471142838000048, 41.036838685000077 ], [ 19.464541821000068, 41.036913908000031 ], [ 19.455730634000076, 41.021821178000039 ], [ 19.460928254000066, 41.005516274000058 ], [ 19.442483, 41.000525499000048 ], [ 19.442819732000032, 41.041709939000043 ], [ 19.452207810000061, 41.055175096000028 ], [ 19.457284658000049, 41.079084259000069 ], [ 19.456410637000033, 41.108350424000037 ], [ 19.448707500000069, 41.127077999000051 ], [ 19.461955406000072, 41.134744804000036 ], [ 19.467978158000051, 41.131737152000028 ], [ 19.47703337400003, 41.134773937000034 ], [ 19.497161426000048, 41.128189407000036 ], [ 19.504622139000048, 41.130455501000029 ], [ 19.52687916900004, 41.129187424000065 ], [ 19.534281865000025, 41.11225358400003 ], [ 19.543553029000066, 41.110187185000029 ], [ 19.540865719000067, 41.103498716000047 ], [ 19.547557079000057, 41.10242357900006 ], [ 19.544403169000077, 41.094760773000075 ], [ 19.54706347900003, 41.091824576000079 ], [ 19.566463983000062, 41.105629974000067 ], [ 19.566564, 41.113587537000058 ], [ 19.591630887000065, 41.124243146000026 ], [ 19.586286349000034, 41.135906140000031 ], [ 19.589387765000026, 41.14018231700004 ], [ 19.584043230000077, 41.148273330000052 ], [ 19.577743343000066, 41.149835327000062 ], [ 19.579606156000068, 41.151516876000073 ], [ 19.590819535000037, 41.154483266000057 ], [ 19.608878734000029, 41.148006044000056 ], [ 19.626738816000056, 41.15680911700008 ], [ 19.635047807000035, 41.153012177000051 ], [ 19.649913723000054, 41.159347559000025 ], [ 19.659253531000047, 41.156680892000054 ], [ 19.670017106000046, 41.160126600000069 ], [ 19.669245337000064, 41.164341947000025 ], [ 19.674754558000075, 41.166766479000046 ], [ 19.68596621100005, 41.167383879000056 ], [ 19.695731500000022, 41.164274999000042 ] ] ] ] } },
{ "type": "Feature", "properties": { "GISCO_ID": "AL_AL312", "CNTR_CODE": "AL", "LAU_ID": "AL312", "LAU_NAME": "KUÇOVË", "cell_coverage": [ [ 0.3925, 0.765, 0.8065, 0.8086, 0.2282, 0, 0 ], [ 0.3466, 0.9973, 1, 1, 0.8654, 0.6627, 7.559e-07 ], [ 0, 0.4396, 0.4208, 0.4108, 0.3081, 0.3749, 0.0378 ] ], "xmin": 19.833333333333329, "xmax": 20.125, "ymin": 40.75, "ymax": 40.875 }, "geometry": { "type": "MultiPolygon", "coordinates": [ [ [ [ 20.008619500000066, 40.865367499000058 ], [ 20.007650943000044, 40.858680555000035 ], [ 20.014501696000025, 40.851505781000071 ], [ 20.011640677000059, 40.831651080000029 ], [ 20.014428724000027, 40.826175889000069 ], [ 20.025452446000031, 40.823304492000034 ], [ 20.047351632000073, 40.829277707000074 ], [ 20.072744158000035, 40.817695998000033 ], [ 20.072091897000064, 40.811964626000076 ], [ 20.077642485000069, 40.80796076200005 ], [ 20.083455143000037, 40.791406209000058 ], [ 20.089042502000041, 40.78525009100008 ], [ 20.087368, 40.77581649900003 ], [ 20.060125878000065, 40.769947696000031 ], [ 20.052686621000078, 40.782243366000046 ], [ 20.045094189000054, 40.784362731000044 ], [ 20.032617563000031, 40.783217097000033 ], [ 20.000076160000049, 40.771807585000033 ], [ 19.962987071000043, 40.776554492000059 ], [ 19.946020941000029, 40.783183919000066 ], [ 19.938657774000035, 40.777908189000073 ], [ 19.931150731000059, 40.767049284000052 ], [ 19.912371048000068, 40.764546905000032 ], [ 19.899246423000022, 40.769863817000044 ], [ 19.888999419000072, 40.778652111000042 ], [ 19.883763, 40.776625499000033 ], [ 19.877428835000046, 40.783589913000071 ], [ 19.876882971000043, 40.793339384000035 ], [ 19.863817656000037, 40.804150759000038 ], [ 19.868607685000029, 40.809335777000058 ], [ 19.860189923000064, 40.81298515900005 ], [ 19.859245814000076, 40.823678734000055 ], [ 19.853576264000026, 40.824990753000066 ], [ 19.845121762000076, 40.819764336000048 ], [ 19.844540547000065, 40.831612869000026 ], [ 19.833527987000025, 40.839228234000075 ], [ 19.835396142000036, 40.842852907000065 ], [ 19.845738810000057, 40.844284526000081 ], [ 19.849210500000027, 40.847537999000053 ], [ 19.859758, 40.851168999000038 ], [ 19.873403864000068, 40.863202611000077 ], [ 19.886425537000036, 40.867578694000031 ], [ 19.894239337000045, 40.863193336000052 ], [ 19.917304063000074, 40.866740208000067 ], [ 19.925466689000075, 40.858391125000026 ], [ 19.937063032000026, 40.867199522000078 ], [ 19.958739, 40.874702999000078 ], [ 19.967623447000051, 40.870244092000064 ], [ 19.969364011000039, 40.864388113000075 ], [ 19.992161659000033, 40.864751872000056 ], [ 20.00023199900005, 40.870482098000025 ], [ 20.008619500000066, 40.865367499000058 ] ] ] ] } },
{ "type": "Feature", "properties": { "GISCO_ID": "AL_AL213", "CNTR_CODE": "AL", "LAU_ID": "AL213", "LAU_NAME": "ELBASAN", "cell_coverage": [ [ 0, 0, 0, 0, 0.1027, 0.1899, 0.5517, 0.6232, 0.3766, 0.0471, 0, 0, 0 ], [ 0, 0, 0, 0.0864, 0.794, 1, 1, 1, 1, 0.4753, 0, 0, 0 ], [ 0.001, 0.2004, 0.4405, 0.8829, 1, 1, 1, 1, 1, 0.1835, 0, 0, 0 ], [ 0.0472, 0.9393, 1, 1, 1, 1, 1, 1, 0.9947, 0.3581, 0, 0, 0 ], [ 0, 0.7877, 1, 1, 1, 1, 1, 1, 0.7905, 0.1055, 0, 0, 0 ], [ 0, 0.3615, 1, 0.9242, 1, 1, 1, 1, 1, 0.9988, 0.5018, 0.0025, 0 ], [ 0, 0.0002, 0.1572, 0.0362, 0.4684, 0.9998, 1, 1, 1, 1, 1, 0.8079, 0.0876 ], [ 0, 0, 0, 0, 0, 0.1605, 0.937, 0.9947, 0.9728, 1, 1, 1, 0.5387 ], [ 0, 0, 0, 0, 0, 0, 0.0225, 0.0585, 0.111, 0.212, 0.3555, 0.1802, 0.0504 ] ], "xmin": 19.833333333333329, "xmax": 20.375, "ymin": 40.916666666666657, "ymax": 41.291666666666657 }, "geometry": { "type": "MultiPolygon", "coordinates": [ [ [ [ 19.865238, 41.15849649900008 ], [ 19.870547701000078, 41.166406425000048 ], [ 19.888974522000069, 41.171621392000077 ], [ 19.894951351000032, 41.179250800000034 ], [ 19.926668651000057, 41.17664058400004 ], [ 19.937525872000037, 41.186547778000033 ], [ 19.970495382000024, 41.199502824000035 ], [ 19.987301338000066, 41.209313552000026 ], [ 19.994333944000061, 41.223894149000046 ], [ 20.012599040000055, 41.227101233000042 ], [ 20.015291614000034, 41.244314316000043 ], [ 20.034534644000075, 41.26299685400005 ], [ 20.052880617000028, 41.26193414100004 ], [ 20.063739922000025, 41.255231339000034 ], [ 20.074860665000074, 41.253614746000039 ], [ 20.082546684000022, 41.257620316000043 ], [ 20.087005910000073, 41.26601776900003 ], [ 20.097697516000039, 41.27298565600006 ], [ 20.119977365000068, 41.277115652000077 ], [ 20.125201, 41.280799499000068 ], [ 20.147412797000072, 41.27757321200005 ], [ 20.167995434000034, 41.266090785000074 ], [ 20.182026308000047, 41.26792275300005 ], [ 20.201770803000045, 41.264436553000053 ], [ 20.208013090000065, 41.258371950000026 ], [ 20.221058233000065, 41.25408391600007 ], [ 20.230885885000077, 41.227752267000028 ], [ 20.228774681000061, 41.220540873000061 ], [ 20.231185028000027, 41.20447467200006 ], [ 20.215447122000057, 41.203261740000073 ], [ 20.210324857000046, 41.197328567000056 ], [ 20.217260041000031, 41.18062526600005 ], [ 20.212329344000068, 41.164300198000035 ], [ 20.22398107600003, 41.159141590000047 ], [ 20.231882411000072, 41.13514778900003 ], [ 20.197747031000063, 41.123998909000079 ], [ 20.190676775000043, 41.117928527000061 ], [ 20.189208219000022, 41.109462564000069 ], [ 20.208655703000034, 41.097416032000069 ], [ 20.211934735000057, 41.091843717000074 ], [ 20.225830749000067, 41.086432483000067 ], [ 20.245344060000036, 41.086096280000049 ], [ 20.26901870100005, 41.061439799000027 ], [ 20.279333500000064, 41.058074499000043 ], [ 20.295511364000049, 41.040591781000046 ], [ 20.324054496000031, 41.028253004000078 ], [ 20.338827705000028, 41.027677320000066 ], [ 20.338394745000073, 41.004634446000068 ], [ 20.347300773000029, 40.98980074900004 ], [ 20.358670614000062, 40.97848199200007 ], [ 20.367428, 40.95927049900007 ], [ 20.35512084800007, 40.951292635000073 ], [ 20.34106997300006, 40.958672721000028 ], [ 20.321248250000053, 40.955828068000073 ], [ 20.31264187000005, 40.948597038000059 ], [ 20.294809477000058, 40.945910495000078 ], [ 20.28169216200007, 40.935947644000066 ], [ 20.273389907000023, 40.938241062000031 ], [ 20.269199184000058, 40.945265076000055 ], [ 20.257261506000077, 40.950441678000061 ], [ 20.24419682000007, 40.948685707000038 ], [ 20.229789628000049, 40.951823441000045 ], [ 20.210425713000063, 40.946840140000063 ], [ 20.18848519200003, 40.951077994000059 ], [ 20.184412654000027, 40.961191549000034 ], [ 20.167995434000034, 40.960681153000053 ], [ 20.136221682000041, 40.953428373000065 ], [ 20.115811328000063, 40.955421754000042 ], [ 20.103230472000064, 40.961901133000026 ], [ 20.094771500000036, 40.960247499000047 ], [ 20.077526997000064, 40.973932675000071 ], [ 20.076801498000066, 40.986816188000034 ], [ 20.069252795000068, 40.996603865000054 ], [ 20.055865957000037, 41.000314066000044 ], [ 20.047899460000053, 40.997570056000029 ], [ 20.042627419000041, 40.999571951000064 ], [ 20.033356895000054, 41.006776677000062 ], [ 20.032618739000043, 41.018707603000053 ], [ 20.023033445000067, 41.024913602000026 ], [ 20.011223450000045, 41.027659269000026 ], [ 20.001239510000062, 41.03612994000008 ], [ 19.995217402000037, 41.046517067000025 ], [ 19.97154378700003, 41.046323 ], [ 19.967635327000039, 41.043128729000045 ], [ 19.965070282000056, 41.035035035000078 ], [ 19.956975615000033, 41.032243657000038 ], [ 19.927942117000043, 41.035678116000042 ], [ 19.908169928000063, 41.045238358000063 ], [ 19.889716, 41.063289999000062 ], [ 19.898126165000065, 41.070260087000065 ], [ 19.908591534000038, 41.070882255000072 ], [ 19.910194717000024, 41.076592441000059 ], [ 19.893126551000023, 41.086654241000076 ], [ 19.891015866000032, 41.095460407000076 ], [ 19.876124563000076, 41.107554012000037 ], [ 19.880116977000057, 41.13144974100004 ], [ 19.879300537000063, 41.143739716000027 ], [ 19.873919459000035, 41.154160052000066 ], [ 19.865238, 41.15849649900008 ] ] ] ] } },
{ "type": "Feature", "properties": { "GISCO_ID": "AL_AL214", "CNTR_CODE": "AL", "LAU_ID": "AL214", "LAU_NAME": "GRAMSH", "cell_coverage": [ [ 0, 0.0022, 0.0231, 0.0053, 0.0272, 0, 0, 0, 0.0098, 0.005, 0, 0 ], [ 0, 0.5075, 0.9725, 0.9415, 0.889, 0.788, 0.6445, 0.8198, 0.9495, 0.1638, 0, 0 ], [ 0.0581, 0.5635, 1, 1, 1, 1, 1, 1, 1, 0.6519, 0.0031, 0 ], [ 0.7058, 1, 1, 1, 1, 1, 1, 1, 1, 1, 0.4837, 0 ], [ 0.1346, 0.3373, 1, 1, 1, 1, 1, 1, 1, 1, 0.9915, 0.1078 ], [ 0, 0, 0.4324, 0.6989, 1, 1, 1, 0.9978, 1, 1, 0.8747, 0.0453 ], [ 0, 0, 0, 0.05, 0.3372, 0.8289, 0.7981, 0.2158, 0.1296, 0.1652, 0.1201, 0 ], [ 0, 0, 0, 0, 0, 0.0003, 0.0003, 0, 0, 0, 0, 0 ] ], "xmin": 20.0, "xmax": 20.5, "ymin": 40.66666666666665, "ymax": 40.999999999999986 }, "geometry": { "type": "MultiPolygon", "coordinates": [ [ [ [ 20.087368, 40.77581649900003 ], [ 20.089042502000041, 40.78525009100008 ], [ 20.083455143000037, 40.791406209000058 ], [ 20.077642485000069, 40.80796076200005 ], [ 20.072091897000064, 40.811964626000076 ], [ 20.072744158000035, 40.817695998000033 ], [ 20.047351632000073, 40.829277707000074 ], [ 20.025452446000031, 40.823304492000034 ], [ 20.014428724000027, 40.826175889000069 ], [ 20.011640677000059, 40.831651080000029 ], [ 20.014501696000025, 40.851505781000071 ], [ 20.007650943000044, 40.858680555000035 ], [ 20.008619500000066, 40.865367499000058 ], [ 20.015106926000044, 40.867943137000054 ], [ 20.014930673000038, 40.87382522300004 ], [ 20.019110683000065, 40.878329858000029 ], [ 20.039827116000026, 40.879986292000069 ], [ 20.058235806000027, 40.885354251000081 ], [ 20.06688340200003, 40.904628999000067 ], [ 20.069344104000038, 40.920207546000029 ], [ 20.054466692000062, 40.942581360000077 ], [ 20.057237516000043, 40.94951738900005 ], [ 20.07387045300004, 40.959609259000047 ], [ 20.084438311000042, 40.956053232000045 ], [ 20.094771500000036, 40.960247499000047 ], [ 20.103230472000064, 40.961901133000026 ], [ 20.115811328000063, 40.955421754000042 ], [ 20.136221682000041, 40.953428373000065 ], [ 20.167995434000034, 40.960681153000053 ], [ 20.184412654000027, 40.961191549000034 ], [ 20.18848519200003, 40.951077994000059 ], [ 20.210425713000063, 40.946840140000063 ], [ 20.229789628000049, 40.951823441000045 ], [ 20.24419682000007, 40.948685707000038 ], [ 20.257261506000077, 40.950441678000061 ], [ 20.269199184000058, 40.945265076000055 ], [ 20.273389907000023, 40.938241062000031 ], [ 20.28169216200007, 40.935947644000066 ], [ 20.294809477000058, 40.945910495000078 ], [ 20.31264187000005, 40.948597038000059 ], [ 20.321248250000053, 40.955828068000073 ], [ 20.34106997300006, 40.958672721000028 ], [ 20.35512084800007, 40.951292635000073 ], [ 20.367428, 40.95927049900007 ], [ 20.374434026000074, 40.961426924000079 ], [ 20.381308248000039, 40.958226929000034 ], [ 20.382139374000076, 40.94688586400008 ], [ 20.374664535000022, 40.937311406000049 ], [ 20.384875500000078, 40.927176999000039 ], [ 20.394462449000059, 40.903791352000042 ], [ 20.402358015000061, 40.89902135400007 ], [ 20.404204893000042, 40.889631226000063 ], [ 20.427752075000058, 40.867902465000043 ], [ 20.430308369000045, 40.860594563000063 ], [ 20.456949064000071, 40.830233741000029 ], [ 20.457788500000049, 40.824133999000026 ], [ 20.461040470000057, 40.814344463000054 ], [ 20.468108232000077, 40.806624525000075 ], [ 20.464407927000025, 40.783924108000065 ], [ 20.434462745000076, 40.740510391000043 ], [ 20.420457160000069, 40.739551844000061 ], [ 20.39583605200005, 40.745838625000033 ], [ 20.388203728000065, 40.742607947000067 ], [ 20.36537992600006, 40.741797699000074 ], [ 20.323526622000031, 40.751186769000071 ], [ 20.315475131000028, 40.743209971000056 ], [ 20.300407480000047, 40.735641152000028 ], [ 20.296537, 40.726844999000036 ], [ 20.264704926000036, 40.71500422500003 ], [ 20.25384434800003, 40.708183922000046 ], [ 20.226634276000027, 40.708487267000066 ], [ 20.209627028000057, 40.738421777000042 ], [ 20.194529662000036, 40.737980394000033 ], [ 20.179580975000022, 40.731487947000062 ], [ 20.17365475400004, 40.732976570000062 ], [ 20.167995434000034, 40.740136448000044 ], [ 20.150904, 40.747883499000068 ], [ 20.163056488000052, 40.757547327000054 ], [ 20.16361524000007, 40.763339637000058 ], [ 20.146569193000062, 40.761952437000048 ], [ 20.129578097000035, 40.768878254000072 ], [ 20.10304115100007, 40.770279741000024 ], [ 20.096497573000022, 40.775588974000073 ], [ 20.087368, 40.77581649900003 ] ] ] ] } },
{ "type": "Feature", "properties": { "GISCO_ID": "AL_AL222", "CNTR_CODE": "AL", "LAU_ID": "AL222", "LAU_NAME": "KAVAJË", "cell_coverage": [ [ 0, 0, 0.24, 0.277, 0.0071, 0, 0 ], [ 0, 0.0072, 0.76, 1, 0.6577, 0.3794, 0.0057 ], [ 0, 0.4646, 1, 1, 1, 1, 0.4833 ], [ 0.1667, 0.733, 0.9233, 0.9922, 0.4148, 0.2405, 0.022 ], [ 0, 0, 0.0787, 0.4431, 0.012, 0, 0 ] ], "xmin": 19.416666666666664, "xmax": 19.708333333333332, "ymin": 41.083333333333321, "ymax": 41.291666666666657 }, "geometry": { "type": "MultiPolygon", "coordinates": [ [ [ [ 19.448707500000069, 41.127077999000051 ], [ 19.438027524000063, 41.146333004000041 ], [ 19.45950033400004, 41.149250109000036 ], [ 19.470256650000067, 41.158332521000034 ], [ 19.474961850000057, 41.17870601900006 ], [ 19.480439096000055, 41.186167934000025 ], [ 19.484193278000077, 41.198585970000067 ], [ 19.503029773000037, 41.215914314000031 ], [ 19.512157045000038, 41.230609909000066 ], [ 19.518998034000049, 41.250341019000075 ], [ 19.517797500000029, 41.268655999000032 ], [ 19.52388823900003, 41.265972282000064 ], [ 19.530314604000068, 41.270987802000036 ], [ 19.543251069000064, 41.26407951200008 ], [ 19.566965651000032, 41.263202732000025 ], [ 19.571832120000067, 41.258462980000047 ], [ 19.584655336000026, 41.255419995000068 ], [ 19.586541, 41.249833999000032 ], [ 19.593655901000034, 41.241258433000041 ], [ 19.591859624000051, 41.235203894000051 ], [ 19.594804215000067, 41.231203618000052 ], [ 19.622246852000046, 41.233313080000073 ], [ 19.666890224000042, 41.215952603000062 ], [ 19.673466606000034, 41.192759128000034 ], [ 19.692359711000051, 41.189180165000039 ], [ 19.703149023000037, 41.171910395000054 ], [ 19.695731500000022, 41.164274999000042 ], [ 19.68596621100005, 41.167383879000056 ], [ 19.674754558000075, 41.166766479000046 ], [ 19.669245337000064, 41.164341947000025 ], [ 19.670017106000046, 41.160126600000069 ], [ 19.659253531000047, 41.156680892000054 ], [ 19.649913723000054, 41.159347559000025 ], [ 19.635047807000035, 41.153012177000051 ], [ 19.626738816000056, 41.15680911700008 ], [ 19.608878734000029, 41.148006044000056 ], [ 19.590819535000037, 41.154483266000057 ], [ 19.579606156000068, 41.151516876000073 ], [ 19.577743343000066, 41.149835327000062 ], [ 19.584043230000077, 41.148273330000052 ], [ 19.589387765000026, 41.14018231700004 ], [ 19.586286349000034, 41.135906140000031 ], [ 19.591630887000065, 41.124243146000026 ], [ 19.566564, 41.113587537000058 ], [ 19.566463983000062, 41.105629974000067 ], [ 19.54706347900003, 41.091824576000079 ], [ 19.544403169000077, 41.094760773000075 ], [ 19.547557079000057, 41.10242357900006 ], [ 19.540865719000067, 41.103498716000047 ], [ 19.543553029000066, 41.110187185000029 ], [ 19.534281865000025, 41.11225358400003 ], [ 19.52687916900004, 41.129187424000065 ], [ 19.504622139000048, 41.130455501000029 ], [ 19.497161426000048, 41.128189407000036 ], [ 19.47703337400003, 41.134773937000034 ], [ 19.467978158000051, 41.131737152000028 ], [ 19.461955406000072, 41.134744804000036 ], [ 19.448707500000069, 41.127077999000051 ] ] ] ] } },
{ "type": "Feature", "properties": { "GISCO_ID": "AL_AL112", "CNTR_CODE": "AL", "LAU_ID": "AL112", "LAU_NAME": "DIBËR", "cell_coverage": [ [ 0, 0, 0, 0, 0.0926, 0.602, 0.1511, 0, 0, 0, 0, 0 ], [ 0.0001, 0.1658, 0.5073, 0.888, 0.9658, 1, 0.2201, 0.0008, 0.6055, 0.6179, 0.2853, 0.1588 ], [ 0.0459, 0.6666, 0.9998, 1, 1, 1, 0.801, 0.6352, 0.9985, 1, 1, 0.5754 ], [ 0, 0.1064, 0.9998, 1, 1, 1, 1, 1, 1, 1, 0.8094, 0.0931 ], [ 0, 0.1114, 1, 1, 1, 1, 1, 1, 1, 1, 0.4332, 0 ], [ 0, 0.0214, 0.7448, 1, 1, 1, 1, 1, 1, 1, 0.6203, 0 ], [ 0, 0, 0.5338, 1, 1, 1, 1, 1, 1, 1, 0.624, 0 ], [ 0, 0, 0.3373, 0.9605, 1, 0.9258, 0.3128, 0.183, 0.5569, 1, 0.9994, 0.2152 ], [ 0, 0, 0, 0.2687, 0.2562, 0.136, 0, 0, 0.2662, 0.5812, 0.3943, 0.0354 ] ], "xmin": 20.083333333333329, "xmax": 20.583333333333329, "ymin": 41.541666666666657, "ymax": 41.916666666666657 }, "geometry": { "type": "MultiPolygon", "coordinates": [ [ [ [ 20.220796, 41.869371999000066 ], [ 20.237902668000061, 41.873793379000062 ], [ 20.245867503000056, 41.867826265000076 ], [ 20.266121661000057, 41.873775227000067 ], [ 20.284094375000052, 41.883233075000078 ], [ 20.292158099000062, 41.892808034000041 ], [ 20.311204414000031, 41.896248306000075 ], [ 20.312772423000069, 41.904730791000077 ], [ 20.319253033000052, 41.907482703000028 ], [ 20.32745389300004, 41.905978520000076 ], [ 20.334281619000024, 41.898319617000027 ], [ 20.346199819000049, 41.891772092000053 ], [ 20.346297250000077, 41.874980067000081 ], [ 20.342092088000072, 41.867396177000046 ], [ 20.341220127000042, 41.851388058000055 ], [ 20.33721279100007, 41.847656157000074 ], [ 20.349300536000044, 41.833684130000051 ], [ 20.355958894000025, 41.819798997000078 ], [ 20.35989287700005, 41.817681460000074 ], [ 20.395145918000026, 41.81527757200007 ], [ 20.417130296000039, 41.825252312000032 ], [ 20.416351401000043, 41.845514910000077 ], [ 20.42993844800003, 41.861002488000054 ], [ 20.48108234700004, 41.860878368000044 ], [ 20.492349048000051, 41.85723558400008 ], [ 20.511267315000055, 41.839629224000078 ], [ 20.530987, 41.848283724000055 ], [ 20.562872, 41.846136499000067 ], [ 20.55996379100003, 41.824336113000072 ], [ 20.564541367000061, 41.817013541000051 ], [ 20.566912924000064, 41.802703314000041 ], [ 20.573575500000061, 41.798247999000068 ], [ 20.571868645000052, 41.78764764500005 ], [ 20.56445741400006, 41.786251251000067 ], [ 20.548620538000023, 41.789476875000048 ], [ 20.545638613000051, 41.78076358800007 ], [ 20.533462523000026, 41.777088781000032 ], [ 20.534273980000023, 41.767412526000044 ], [ 20.51985750700004, 41.748660462000032 ], [ 20.518835304000049, 41.736087543000053 ], [ 20.514635392000059, 41.72902567400007 ], [ 20.516432687000076, 41.717400883000039 ], [ 20.52657313800006, 41.705051071000071 ], [ 20.528880580000077, 41.686847244000035 ], [ 20.517113893000044, 41.66119795600008 ], [ 20.52665877000004, 41.650541947000079 ], [ 20.526063013000055, 41.636421962000043 ], [ 20.543008824000026, 41.622569815000077 ], [ 20.54761441900007, 41.608246736000069 ], [ 20.554098074000024, 41.601865391000047 ], [ 20.557774, 41.581870499000047 ], [ 20.542139881000026, 41.577279839000028 ], [ 20.52931370500005, 41.569930231000058 ], [ 20.518991444000051, 41.563711485000056 ], [ 20.467488936000052, 41.558102658000053 ], [ 20.456284500000038, 41.554023999000037 ], [ 20.447838626000078, 41.565306778000036 ], [ 20.435662340000079, 41.569930231000058 ], [ 20.434010608000051, 41.582428131000029 ], [ 20.440054388000078, 41.591757254000072 ], [ 20.443354912000075, 41.608886391000055 ], [ 20.42698572300003, 41.617607464000059 ], [ 20.404459089000056, 41.619706245000032 ], [ 20.389225840000051, 41.614230969000062 ], [ 20.380577595000034, 41.617521856000053 ], [ 20.336462269000037, 41.608627326000033 ], [ 20.334655371000053, 41.60408641600003 ], [ 20.329254502000026, 41.60098714600008 ], [ 20.325545230000046, 41.592775677000077 ], [ 20.325118231000033, 41.58179737200004 ], [ 20.320400934000077, 41.575501204000034 ], [ 20.282083337000074, 41.576526130000047 ], [ 20.259313368000051, 41.569930231000058 ], [ 20.252871678000076, 41.566129637000074 ], [ 20.245907831000068, 41.565696484000057 ], [ 20.240720318000058, 41.562983969000072 ], [ 20.233286951000025, 41.563626428000077 ], [ 20.224933, 41.568873499000063 ], [ 20.225236267000071, 41.579759963000072 ], [ 20.193642, 41.606606999000064 ], [ 20.18196385300007, 41.616495185000076 ], [ 20.169984979000048, 41.621796981000045 ], [ 20.172861859000022, 41.625992092000047 ], [ 20.171435791000022, 41.630749996000077 ], [ 20.189357112000039, 41.641782170000056 ], [ 20.191561374000059, 41.656468576000066 ], [ 20.19510501600007, 41.662413117000028 ], [ 20.192208999000059, 41.671594119000076 ], [ 20.181565231000036, 41.676959974000056 ], [ 20.176998225000034, 41.690132007000045 ], [ 20.167995434000034, 41.696617868000033 ], [ 20.163403241000026, 41.701112321000039 ], [ 20.158754412000064, 41.715701719000037 ], [ 20.165305224000065, 41.728219549000073 ], [ 20.156074, 41.767244499000071 ], [ 20.161509734000049, 41.768733226000052 ], [ 20.165584349000028, 41.774416938000059 ], [ 20.166962268000077, 41.792826124000044 ], [ 20.157228631000066, 41.800449636000053 ], [ 20.138428315000056, 41.807849517000079 ], [ 20.116865661000077, 41.826692560000026 ], [ 20.115840357000025, 41.83149621900003 ], [ 20.137675388000048, 41.836374860000035 ], [ 20.149904903000049, 41.843478838000067 ], [ 20.189509981000072, 41.848167352000075 ], [ 20.197629846000041, 41.867783974000076 ], [ 20.220796, 41.869371999000066 ] ] ] ] } },
{ "type": "Feature", "properties": { "GISCO_ID": "AL_AL212", "CNTR_CODE": "AL", "LAU_ID": "AL212", "LAU_NAME": "CËRRIK", "cell_coverage": [ [ 0.0101, 0.2732, 0, 0.0758, 0, 0, 0 ], [ 0.0938, 0.8336, 0.8428, 0.9638, 0.5316, 0.0002, 0 ], [ 0, 0.0015, 0.4706, 1, 1, 0.8374, 0.0399 ], [ 0, 0, 0.0501, 0.7312, 1, 0.4925, 0.005 ], [ 0, 0, 0, 0.7802, 0.9419, 0.4365, 0 ], [ 0, 0, 0, 0.1913, 0.0659, 0, 0 ] ], "xmin": 19.833333333333329, "xmax": 20.125, "ymin": 40.833333333333321, "ymax": 41.083333333333321 }, "geometry": { "type": "MultiPolygon", "coordinates": [ [ [ [ 19.889716, 41.063289999000062 ], [ 19.908169928000063, 41.045238358000063 ], [ 19.927942117000043, 41.035678116000042 ], [ 19.956975615000033, 41.032243657000038 ], [ 19.965070282000056, 41.035035035000078 ], [ 19.967635327000039, 41.043128729000045 ], [ 19.97154378700003, 41.046323 ], [ 19.995217402000037, 41.046517067000025 ], [ 20.001239510000062, 41.03612994000008 ], [ 20.011223450000045, 41.027659269000026 ], [ 20.023033445000067, 41.024913602000026 ], [ 20.032618739000043, 41.018707603000053 ], [ 20.033356895000054, 41.006776677000062 ], [ 20.042627419000041, 40.999571951000064 ], [ 20.047899460000053, 40.997570056000029 ], [ 20.055865957000037, 41.000314066000044 ], [ 20.069252795000068, 40.996603865000054 ], [ 20.076801498000066, 40.986816188000034 ], [ 20.077526997000064, 40.973932675000071 ], [ 20.094771500000036, 40.960247499000047 ], [ 20.084438311000042, 40.956053232000045 ], [ 20.07387045300004, 40.959609259000047 ], [ 20.057237516000043, 40.94951738900005 ], [ 20.054466692000062, 40.942581360000077 ], [ 20.069344104000038, 40.920207546000029 ], [ 20.06688340200003, 40.904628999000067 ], [ 20.058235806000027, 40.885354251000081 ], [ 20.039827116000026, 40.879986292000069 ], [ 20.019110683000065, 40.878329858000029 ], [ 20.014930673000038, 40.87382522300004 ], [ 20.015106926000044, 40.867943137000054 ], [ 20.008619500000066, 40.865367499000058 ], [ 20.00023199900005, 40.870482098000025 ], [ 19.992161659000033, 40.864751872000056 ], [ 19.969364011000039, 40.864388113000075 ], [ 19.967623447000051, 40.870244092000064 ], [ 19.958739, 40.874702999000078 ], [ 19.970716843000048, 40.897133031000067 ], [ 19.970223860000033, 40.922988260000068 ], [ 19.981719217000034, 40.937475257000074 ], [ 19.970489993000058, 40.944268593000061 ], [ 19.959855675000028, 40.946347044000049 ], [ 19.945033056000057, 40.955766929000049 ], [ 19.953243494000048, 40.963809239000057 ], [ 19.955158341000072, 40.970624157000032 ], [ 19.952585770000042, 40.975077353000074 ], [ 19.937063032000026, 40.979469794000067 ], [ 19.932950702000028, 40.980632640000067 ], [ 19.92908413400005, 40.988611530000071 ], [ 19.920768366000061, 40.99286653200005 ], [ 19.91911125200005, 40.99809560500006 ], [ 19.903260560000035, 41.002540056000043 ], [ 19.894440989000032, 41.010495071000037 ], [ 19.879930031000072, 41.01093604600004 ], [ 19.865778500000033, 41.022810499000059 ], [ 19.871285715000056, 41.043735832000038 ], [ 19.881585796000024, 41.057632373000047 ], [ 19.889716, 41.063289999000062 ] ] ] ] } },
{ "type": "Feature", "properties": { "GISCO_ID": "AL_AL217", "CNTR_CODE": "AL", "LAU_ID": "AL217", "LAU_NAME": "PRRENJAS", "cell_coverage": [ [ 0, 0, 0, 0, 0, 0, 0.0047, 0.2189, 0 ], [ 0, 0, 0, 0, 0, 0.3084, 0.8696, 0.9666, 0.1108 ], [ 0, 0.0749, 0.1403, 0.1465, 0.4575, 0.9333, 1, 1, 0.1836 ], [ 0.0763, 0.8485, 1, 1, 1, 1, 0.9813, 0.9994, 0.4207 ], [ 0, 0.1921, 0.9124, 1, 0.9941, 0.6893, 0.1509, 0.2514, 0.2185 ], [ 0, 0, 0.4515, 0.931, 0.0731, 0, 0, 0, 0 ], [ 0, 0, 0.0001, 0.3345, 0, 0, 0, 0, 0 ] ], "xmin": 20.25, "xmax": 20.625, "ymin": 40.916666666666657, "ymax": 41.208333333333321 }, "geometry": { "type": "MultiPolygon", "coordinates": [ [ [ [ 20.367428, 40.95927049900007 ], [ 20.358670614000062, 40.97848199200007 ], [ 20.347300773000029, 40.98980074900004 ], [ 20.338394745000073, 41.004634446000068 ], [ 20.338827705000028, 41.027677320000066 ], [ 20.324054496000031, 41.028253004000078 ], [ 20.295511364000049, 41.040591781000046 ], [ 20.279333500000064, 41.058074499000043 ], [ 20.300920051000048, 41.072341818000041 ], [ 20.316791665000039, 41.078843342000027 ], [ 20.320776993000038, 41.085904880000044 ], [ 20.32004157800003, 41.094705714000042 ], [ 20.345298941000067, 41.089595587000076 ], [ 20.38875480400003, 41.086464628000044 ], [ 20.446261134000054, 41.103736669000057 ], [ 20.451154686000052, 41.11018475000003 ], [ 20.479041300000063, 41.124858490000065 ], [ 20.478803812000024, 41.13947076200003 ], [ 20.484626917000071, 41.144224635000057 ], [ 20.488066045000039, 41.152948053000046 ], [ 20.504320341000039, 41.158504460000074 ], [ 20.521506488000057, 41.159231036000051 ], [ 20.542146020000075, 41.169799649000026 ], [ 20.558933500000023, 41.192672499000025 ], [ 20.561039600000072, 41.181191660000025 ], [ 20.58203529900004, 41.15693290400003 ], [ 20.583499509000035, 41.149389632000066 ], [ 20.596369372000026, 41.130786859000068 ], [ 20.595965207000063, 41.127025813000046 ], [ 20.589120853000054, 41.12380610200006 ], [ 20.583275489000073, 41.112173377000033 ], [ 20.597745, 41.092033499000024 ], [ 20.600437788000022, 41.077778267000042 ], [ 20.598438289000057, 41.06499694200005 ], [ 20.603738919000023, 41.05076246200008 ], [ 20.600554438000074, 41.028287092000028 ], [ 20.595095944000036, 41.018591241000024 ], [ 20.581100347000074, 41.01943701700003 ], [ 20.549399381000057, 41.039811819000079 ], [ 20.532498977000046, 41.045647713000051 ], [ 20.509663353000064, 41.028507087000037 ], [ 20.484335080000051, 41.017936502000055 ], [ 20.47768861000003, 41.009372666000047 ], [ 20.450431827000045, 40.999924217000057 ], [ 20.438665316000026, 40.999199794000049 ], [ 20.418341293000026, 40.990794841000024 ], [ 20.404048856000031, 40.944005011000058 ], [ 20.392134734000024, 40.937350607000042 ], [ 20.384875500000078, 40.927176999000039 ], [ 20.374664535000022, 40.937311406000049 ], [ 20.382139374000076, 40.94688586400008 ], [ 20.381308248000039, 40.958226929000034 ], [ 20.374434026000074, 40.961426924000079 ], [ 20.367428, 40.95927049900007 ] ] ] ] } },
{ "type": "Feature", "properties": { "GISCO_ID": "AL_AL221", "CNTR_CODE": "AL", "LAU_ID": "AL221", "LAU_NAME": "KAMËZ", "cell_coverage": [ [ 0.0107, 0.5327, 0.5123, 0.0719, 0.0051 ], [ 0, 0.0843, 0.4096, 0.5114, 0.1551 ] ], "xmin": 19.666666666666664, "xmax": 19.875, "ymin": 41.333333333333321, "ymax": 41.416666666666657 }, "geometry": { "type": "MultiPolygon", "coordinates": [ [ [ [ 19.711992773000077, 41.404900536000071 ], [ 19.724685222000062, 41.400302688000068 ], [ 19.752443500000027, 41.403935499000056 ], [ 19.769840287000022, 41.398713787000077 ], [ 19.784842838000031, 41.388122976000034 ], [ 19.800952261000077, 41.384899810000036 ], [ 19.806803964000039, 41.370425732000058 ], [ 19.814897672000029, 41.36669179900008 ], [ 19.828608006000024, 41.37557264000003 ], [ 19.837533634000067, 41.376712414000053 ], [ 19.846638080000048, 41.371815208000044 ], [ 19.848137794000024, 41.361907135000081 ], [ 19.843681247000063, 41.356034219000037 ], [ 19.836204879000036, 41.352548841000043 ], [ 19.810294630000044, 41.35178333600004 ], [ 19.795863910000037, 41.348341564000066 ], [ 19.778258695000034, 41.35085876200003 ], [ 19.778868020000061, 41.362179384000058 ], [ 19.758078815000033, 41.364766558000042 ], [ 19.755616639000039, 41.361055844000077 ], [ 19.759607886000026, 41.358137937000038 ], [ 19.757995204000053, 41.355660572000033 ], [ 19.744970500000022, 41.358046999000067 ], [ 19.747689503000061, 41.363508438000054 ], [ 19.743200880000074, 41.367823316000056 ], [ 19.716149964000067, 41.380367414000034 ], [ 19.719078515000035, 41.391720581000072 ], [ 19.711992773000077, 41.396838246000073 ], [ 19.706590280000057, 41.397640562000049 ], [ 19.704654858000026, 41.401445704000025 ], [ 19.705877114000032, 41.403893594000067 ], [ 19.711992773000077, 41.404900536000071 ] ] ] ] } },
{ "type": "Feature", "properties": { "GISCO_ID": "AL_AL335", "CNTR_CODE": "AL", "LAU_ID": "AL335", "LAU_NAME": "PËRMET", "cell_coverage": [ [ 0, 0, 0, 0, 0, 0.5062, 0.3962, 0, 0, 0, 0 ], [ 0, 0, 0, 0.2205, 0.5377, 0.9946, 0.79, 0.0626, 0, 0, 0 ], [ 0, 0, 0.12, 0.9481, 1, 1, 1, 0.4707, 0, 0, 0 ], [ 0, 0.0179, 0.5736, 1, 1, 1, 1, 0.4913, 0, 0, 0 ], [ 0.0152, 0.8722, 0.997, 1, 1, 1, 1, 0.5592, 0, 0, 0 ], [ 0, 0.0968, 0.509, 0.9245, 1, 1, 1, 0.4682, 0, 0, 0 ], [ 0, 0, 0, 0.0564, 0.748, 1, 1, 0.9068, 0.1046, 0, 0 ], [ 0, 0, 0, 0, 0.0933, 0.6128, 0.9659, 1, 0.8956, 0.2019, 0 ], [ 0, 0, 0, 0, 0, 0, 0.3419, 1, 1, 0.8931, 0.2623 ], [ 0, 0, 0, 0, 0, 0, 0.0013, 0.3707, 0.1896, 0.4019, 0.1746 ] ], "xmin": 20.166666666666664, "xmax": 20.625, "ymin": 40.041666666666657, "ymax": 40.458333333333321 }, "geometry": { "type": "MultiPolygon", "coordinates": [ [ [ [ 20.349259, 40.172705999000073 ], [ 20.347398664000025, 40.183241273000078 ], [ 20.336287479000077, 40.202398019000043 ], [ 20.315989553000065, 40.204075183000043 ], [ 20.298249844000054, 40.217961255000034 ], [ 20.237029600000028, 40.242142171000069 ], [ 20.218541732000062, 40.259445385000049 ], [ 20.208053500000062, 40.257207999000059 ], [ 20.206326425000043, 40.272646760000043 ], [ 20.210008430000073, 40.288673514000038 ], [ 20.221722002000035, 40.295878018000053 ], [ 20.239739715000042, 40.286250519000077 ], [ 20.250895581000066, 40.288907308000034 ], [ 20.272211816000038, 40.319750083000031 ], [ 20.280037769000046, 40.325353952000057 ], [ 20.281342665000068, 40.339305716000069 ], [ 20.290591500000062, 40.364715499000056 ], [ 20.302450527000076, 40.369657604000054 ], [ 20.310095454000077, 40.382839989000047 ], [ 20.324271388000057, 40.394064668000055 ], [ 20.342834423000056, 40.394771192000064 ], [ 20.352759199000047, 40.398081528000034 ], [ 20.362970251000036, 40.395798313000057 ], [ 20.369002135000073, 40.399068703000069 ], [ 20.376104403000056, 40.411319318000039 ], [ 20.381319645000076, 40.443204139000045 ], [ 20.397901209000054, 40.437936729000057 ], [ 20.418418985000073, 40.44092600700003 ], [ 20.438893500000063, 40.436825999000064 ], [ 20.449272500000063, 40.439898999000036 ], [ 20.448637813000062, 40.42741303300005 ], [ 20.441901663000067, 40.410906158000046 ], [ 20.442341762000069, 40.401537037000026 ], [ 20.445353088000047, 40.39668006800008 ], [ 20.466604136000058, 40.382961117000036 ], [ 20.47277796000003, 40.373511954000037 ], [ 20.474194004000026, 40.362127006000037 ], [ 20.486160619000032, 40.344936485000062 ], [ 20.47064806800006, 40.330913299000031 ], [ 20.473962013000062, 40.321972987000038 ], [ 20.484630029000073, 40.311952174000055 ], [ 20.480836907000025, 40.305203619000054 ], [ 20.484152926000036, 40.285859317000074 ], [ 20.483014827000034, 40.275375598000039 ], [ 20.47487994200003, 40.236434141000075 ], [ 20.477047823000078, 40.222912832000077 ], [ 20.483724874000075, 40.21112213300006 ], [ 20.483496499000069, 40.201734313000031 ], [ 20.495101574000046, 40.197694846000047 ], [ 20.505948361000037, 40.188501342000052 ], [ 20.50800097900003, 40.16963547000006 ], [ 20.530894278000062, 40.160644820000073 ], [ 20.53781291100006, 40.15151806800003 ], [ 20.553140432000077, 40.144443886000033 ], [ 20.554574685000034, 40.138241475000029 ], [ 20.562227213000028, 40.130288046000032 ], [ 20.564272460000041, 40.119439186000079 ], [ 20.58831804700003, 40.109286990000044 ], [ 20.600172298000075, 40.101272642000026 ], [ 20.603975107000053, 40.094816766000065 ], [ 20.602815096000029, 40.08825029500008 ], [ 20.612876500000027, 40.079653499000074 ], [ 20.600864938000029, 40.071660568000027 ], [ 20.588784500000031, 40.070661999000038 ], [ 20.550917, 40.063831999000058 ], [ 20.511775759000045, 40.082110899000043 ], [ 20.495644, 40.065915499000027 ], [ 20.491396500000064, 40.064795999000069 ], [ 20.489674500000035, 40.063950999000042 ], [ 20.485088, 40.063588999000046 ], [ 20.482991500000026, 40.063901499000053 ], [ 20.474403, 40.066211499000076 ], [ 20.472202, 40.067379499000026 ], [ 20.46287650000005, 40.074460999000053 ], [ 20.457936065000069, 40.080184355000029 ], [ 20.456022030000042, 40.091255189000037 ], [ 20.43645906100005, 40.111140229000057 ], [ 20.431471324000029, 40.124180628000033 ], [ 20.418140532000052, 40.132865157000026 ], [ 20.408402297000066, 40.134189762000062 ], [ 20.402954891000036, 40.139294404000054 ], [ 20.389949210000054, 40.142813059000048 ], [ 20.369773675000033, 40.153983842000059 ], [ 20.349259, 40.172705999000073 ] ] ] ] } },
{ "type": "Feature", "properties": { "GISCO_ID": "AL_AL114", "CNTR_CODE": "AL", "LAU_ID": "AL114", "LAU_NAME": "MAT", "cell_coverage": [ [ 0, 0, 0, 0, 0, 0, 0, 0.0167, 0.2308, 0 ], [ 0, 0, 0, 0, 0.0004, 0.0007, 0.5079, 0.9165, 0.8886, 0 ], [ 0.3377, 0.7487, 0.8764, 0.6504, 0.9613, 0.8207, 1, 1, 0.9786, 0.2552 ], [ 0.4877, 1, 1, 1, 1, 1, 1, 1, 1, 0.4662 ], [ 0.0823, 0.9578, 1, 1, 1, 0.9382, 0.8255, 0.5421, 0.6207, 0.1937 ], [ 0.0126, 0.6373, 1, 1, 0.8743, 0.3175, 0, 0, 0, 0 ], [ 0, 0.0006, 0.3189, 0.27, 0.0141, 0, 0, 0, 0, 0 ] ], "xmin": 19.791666666666664, "xmax": 20.208333333333332, "ymin": 41.5, "ymax": 41.791666666666657 }, "geometry": { "type": "MultiPolygon", "coordinates": [ [ [ [ 19.912888, 41.513033999000072 ], [ 19.908352500000035, 41.511927999000079 ], [ 19.907346163000057, 41.520062088000032 ], [ 19.900836650000031, 41.524091216000045 ], [ 19.894529392000038, 41.533501935000061 ], [ 19.868822432000059, 41.543094823000047 ], [ 19.851380640000059, 41.562948809000034 ], [ 19.832179, 41.568234499000027 ], [ 19.831407275000061, 41.589131630000054 ], [ 19.83773293400003, 41.597080428000027 ], [ 19.839013467000029, 41.606820306000031 ], [ 19.812577415000078, 41.626574617000074 ], [ 19.814714306000042, 41.648635087000059 ], [ 19.805446075000077, 41.681708224000033 ], [ 19.816059055000039, 41.688628329000039 ], [ 19.828716449000069, 41.691113357000063 ], [ 19.832813065000039, 41.696986710000033 ], [ 19.840924, 41.697170499000038 ], [ 19.885311280000053, 41.699420239000062 ], [ 19.892557150000073, 41.704417575000036 ], [ 19.909628608000048, 41.706323952000048 ], [ 19.924284650000061, 41.701132597000026 ], [ 19.946270245000051, 41.681638930000076 ], [ 19.949716520000038, 41.685917974000063 ], [ 19.950051878000068, 41.693598823000059 ], [ 19.959416463000025, 41.699905029000035 ], [ 19.969208824000077, 41.707897926000044 ], [ 19.992499735000024, 41.708509823000043 ], [ 19.998353469000051, 41.706278289000068 ], [ 20.004489963000026, 41.698177875000056 ], [ 20.019595331000062, 41.696834717000058 ], [ 20.04599076900007, 41.711959874000058 ], [ 20.057630698000025, 41.729059861000053 ], [ 20.069636229000025, 41.735315902000025 ], [ 20.074262231000034, 41.741311145000054 ], [ 20.104703126000061, 41.745370924000042 ], [ 20.113182849000054, 41.75119896800004 ], [ 20.126035454000032, 41.753726434000043 ], [ 20.136576175000073, 41.761581903000035 ], [ 20.156074, 41.767244499000071 ], [ 20.165305224000065, 41.728219549000073 ], [ 20.158754412000064, 41.715701719000037 ], [ 20.163403241000026, 41.701112321000039 ], [ 20.167995434000034, 41.696617868000033 ], [ 20.176998225000034, 41.690132007000045 ], [ 20.181565231000036, 41.676959974000056 ], [ 20.192208999000059, 41.671594119000076 ], [ 20.19510501600007, 41.662413117000028 ], [ 20.191561374000059, 41.656468576000066 ], [ 20.189357112000039, 41.641782170000056 ], [ 20.171435791000022, 41.630749996000077 ], [ 20.172861859000022, 41.625992092000047 ], [ 20.169984979000048, 41.621796981000045 ], [ 20.18196385300007, 41.616495185000076 ], [ 20.193642, 41.606606999000064 ], [ 20.177741283000046, 41.604897287000028 ], [ 20.167995434000034, 41.599869606000027 ], [ 20.156805045000056, 41.598156438000046 ], [ 20.107357052000054, 41.601423477000026 ], [ 20.092586604000076, 41.606552452000074 ], [ 20.081456947000049, 41.597769439000047 ], [ 20.069811159000039, 41.594948975000079 ], [ 20.064022453000064, 41.588535222000075 ], [ 20.050805188000027, 41.585051864000036 ], [ 20.026801270000078, 41.592289994000055 ], [ 20.024082228000054, 41.588466676000053 ], [ 20.029126118000022, 41.582791064000048 ], [ 20.025617019000038, 41.578781581000044 ], [ 20.030386440000029, 41.574677458000053 ], [ 20.030293309000058, 41.571186520000026 ], [ 20.019721667000056, 41.569661917000076 ], [ 20.001249251000047, 41.553763921000041 ], [ 19.982685446000062, 41.548983308000061 ], [ 19.959416463000025, 41.537219119000042 ], [ 19.955728830000055, 41.53660497900006 ], [ 19.953980301000058, 41.535479039000052 ], [ 19.949614955000072, 41.535525034000045 ], [ 19.944036653000069, 41.533501935000061 ], [ 19.941286926000032, 41.53206636200008 ], [ 19.937525872000037, 41.52810256500004 ], [ 19.918693593000057, 41.526751884000078 ], [ 19.918193521000035, 41.520316602000037 ], [ 19.912888, 41.513033999000072 ] ] ] ] } },
{ "type": "Feature", "properties": { "GISCO_ID": "AL_AL325", "CNTR_CODE": "AL", "LAU_ID": "AL325", "LAU_NAME": "ROSKOVEC", "cell_coverage": [ [ 0, 0.046, 0.308, 0, 0 ], [ 0.15, 0.7959, 0.9226, 0.1348, 0 ], [ 0.2633, 0.9958, 1, 0.3766, 0 ], [ 0, 0.4793, 0.4746, 0.8592, 0.2239 ], [ 0, 0, 0, 0.1883, 0.0261 ] ], "xmin": 19.625, "xmax": 19.833333333333332, "ymin": 40.625, "ymax": 40.833333333333321 }, "geometry": { "type": "MultiPolygon", "coordinates": [ [ [ [ 19.809640500000057, 40.673497499000064 ], [ 19.808621500000072, 40.664404999000055 ], [ 19.77892902800005, 40.663009456000054 ], [ 19.769248668000046, 40.655414685000039 ], [ 19.752680869000073, 40.653485533000037 ], [ 19.75108287200004, 40.667935554000053 ], [ 19.75866641500005, 40.675776772000063 ], [ 19.758587644000045, 40.68184763000005 ], [ 19.751362941000025, 40.685489207000046 ], [ 19.74422893600007, 40.684538689000078 ], [ 19.725221529000066, 40.690767817000051 ], [ 19.711992773000077, 40.691418660000068 ], [ 19.708298354000078, 40.688207556000066 ], [ 19.67415636800007, 40.685472934000074 ], [ 19.668309070000078, 40.698695332000057 ], [ 19.667341337000039, 40.716329108000025 ], [ 19.659794342000055, 40.718328298000074 ], [ 19.65046588000007, 40.731799242000079 ], [ 19.643313999000043, 40.735657017000051 ], [ 19.662806758000045, 40.752966522000065 ], [ 19.655731500000059, 40.756215499000064 ], [ 19.654012574000035, 40.770342496000069 ], [ 19.656349070000033, 40.775128621000079 ], [ 19.684366, 40.77423649900004 ], [ 19.692107863000047, 40.779763076000052 ], [ 19.683720435000055, 40.788559494000026 ], [ 19.683916722000049, 40.792485769000052 ], [ 19.708214878000035, 40.797363991000054 ], [ 19.711992773000077, 40.80993297100008 ], [ 19.719391226000027, 40.81467615300005 ], [ 19.735493, 40.815362999000058 ], [ 19.732823221000046, 40.80067725300006 ], [ 19.734783838000055, 40.784933226000078 ], [ 19.748697833000051, 40.781610840000042 ], [ 19.752050935000057, 40.775085832000059 ], [ 19.75119724800004, 40.769444284000031 ], [ 19.763696691000064, 40.761035317000051 ], [ 19.765620568000031, 40.744140195000057 ], [ 19.756134623000037, 40.737818091000065 ], [ 19.761831684000072, 40.730421063000051 ], [ 19.761621860000048, 40.725792487000035 ], [ 19.776354216000072, 40.717864990000066 ], [ 19.769071509000071, 40.705613934000041 ], [ 19.780141406000041, 40.705283340000051 ], [ 19.784029445000044, 40.699056454000072 ], [ 19.799027906000049, 40.693971571000077 ], [ 19.809640500000057, 40.673497499000064 ] ] ] ] } },
{ "type": "Feature", "properties": { "GISCO_ID": "AL_AL331", "CNTR_CODE": "AL", "LAU_ID": "AL331", "LAU_NAME": "DROPULL", "cell_coverage": [ [ 0, 0, 0, 0, 0, 0, 0.0167, 0, 0, 0 ], [ 0, 0, 0, 0, 0.0221, 0.1491, 0.8337, 0.3872, 0.0341, 0 ], [ 0, 0, 0, 0, 0.2, 0.7779, 1, 1, 0.6581, 0 ], [ 0, 0.0039, 0.1082, 0, 0.0103, 0.5936, 1, 0.9672, 0.3775, 0.0076 ], [ 0.0366, 0.6782, 0.8689, 0.1061, 0.0041, 0.8921, 1, 0.7054, 0, 0 ], [ 0.0107, 0.52, 0.9371, 0.924, 0.6401, 0.7738, 0.2481, 0.0664, 0, 0 ], [ 0, 0, 0.1014, 0.6368, 1, 1, 0.2061, 0, 0, 0 ], [ 0, 0, 0, 0.3475, 1, 1, 0.866, 0.0863, 0, 0 ], [ 0, 0, 0, 0.012, 0.18, 0.663, 1, 0.6647, 0, 0 ], [ 0, 0, 0, 0, 0, 0.3709, 0.8294, 0.8058, 0, 0 ], [ 0, 0, 0, 0, 0, 0, 0.0192, 0.0519, 0, 0 ] ], "xmin": 20.083333333333329, "xmax": 20.5, "ymin": 39.75, "ymax": 40.208333333333321 }, "geometry": { "type": "MultiPolygon", "coordinates": [ [ [ [ 20.384699, 39.888588499000036 ], [ 20.383798459000047, 39.881100437000043 ], [ 20.388387407000039, 39.870973338000056 ], [ 20.39993, 39.857360499000038 ], [ 20.415978205000044, 39.841221052000037 ], [ 20.413006286000041, 39.833599643000071 ], [ 20.414463, 39.823241999000061 ], [ 20.412808821000056, 39.812547215000052 ], [ 20.391308, 39.788483499000051 ], [ 20.379771, 39.784960999000077 ], [ 20.369671473000039, 39.787991162000026 ], [ 20.347665521000067, 39.803782253000065 ], [ 20.317660390000071, 39.80970519300007 ], [ 20.30562382100004, 39.815514243000052 ], [ 20.302345, 39.812742999000079 ], [ 20.300650984000072, 39.816952254000057 ], [ 20.310099022000031, 39.828749022000068 ], [ 20.306288150000057, 39.837193804000037 ], [ 20.31411780600007, 39.840058605000024 ], [ 20.316222843000048, 39.843888836000076 ], [ 20.314689537000049, 39.853839582000035 ], [ 20.29186093900006, 39.866370275000065 ], [ 20.24872851300006, 39.868685303000063 ], [ 20.243396283000038, 39.876960944000075 ], [ 20.24241844900007, 39.892396896000037 ], [ 20.22012350600005, 39.914052894000065 ], [ 20.228507658000069, 39.932802398000035 ], [ 20.238973338000051, 39.946370431000048 ], [ 20.198855010000045, 39.947949784000059 ], [ 20.167995434000034, 39.969861248000029 ], [ 20.142456500000037, 39.978078999000047 ], [ 20.128959122000026, 39.986804868000036 ], [ 20.116483500000072, 40.005116999000052 ], [ 20.167995434000034, 40.046018165000078 ], [ 20.181217695000043, 40.05127327200006 ], [ 20.189772500000061, 40.051583999000059 ], [ 20.190610937000031, 40.043524843000057 ], [ 20.195052958000076, 40.03972483900003 ], [ 20.190019161000066, 40.033908602000054 ], [ 20.196086147000074, 40.031864574000053 ], [ 20.226783233000049, 40.000563258000057 ], [ 20.247061913000039, 39.990055832000053 ], [ 20.254915751000055, 39.976832921000039 ], [ 20.265431969000076, 39.98014859500006 ], [ 20.271053745000074, 39.987586818000068 ], [ 20.277673363000076, 39.987668711000026 ], [ 20.303008305000048, 39.998034508000046 ], [ 20.287880930000028, 40.047210138000025 ], [ 20.303076518000069, 40.050486056000068 ], [ 20.311226389000069, 40.059771227000056 ], [ 20.316702183000075, 40.072280351000074 ], [ 20.314879788000042, 40.086270282000044 ], [ 20.317456829000037, 40.095538403000035 ], [ 20.28690823200003, 40.099137688000042 ], [ 20.276802201000066, 40.103939665000041 ], [ 20.278334848000043, 40.127719031000026 ], [ 20.28051387000005, 40.129247133000035 ], [ 20.314750828000058, 40.11999163400003 ], [ 20.319952100000023, 40.135771615000067 ], [ 20.342532671000072, 40.159171384000047 ], [ 20.349259, 40.172705999000073 ], [ 20.369773675000033, 40.153983842000059 ], [ 20.389949210000054, 40.142813059000048 ], [ 20.402954891000036, 40.139294404000054 ], [ 20.408402297000066, 40.134189762000062 ], [ 20.418140532000052, 40.132865157000026 ], [ 20.431471324000029, 40.124180628000033 ], [ 20.43645906100005, 40.111140229000057 ], [ 20.456022030000042, 40.091255189000037 ], [ 20.457936065000069, 40.080184355000029 ], [ 20.46287650000005, 40.074460999000053 ], [ 20.448689185000035, 40.07277429800007 ], [ 20.420926744000042, 40.061055637000038 ], [ 20.410643432000029, 40.049123875000078 ], [ 20.413789816000076, 40.039439329000061 ], [ 20.411983, 40.032125499000074 ], [ 20.398414046000028, 40.015370825000048 ], [ 20.399221500000067, 40.008248999000045 ], [ 20.39507079200007, 39.997772912000073 ], [ 20.388292500000034, 39.995015499000033 ], [ 20.380503, 39.993807999000069 ], [ 20.378801500000066, 39.992876499000033 ], [ 20.375765500000057, 39.989426499000047 ], [ 20.374055500000054, 39.988836999000057 ], [ 20.357881, 39.990045999000074 ], [ 20.313142369000047, 39.990204326000026 ], [ 20.319053458000042, 39.976024105000079 ], [ 20.341344500000048, 39.953933999000071 ], [ 20.34490117100006, 39.944989712000051 ], [ 20.339234, 39.930212999000048 ], [ 20.340410352000049, 39.921476726000037 ], [ 20.358318, 39.913205499000071 ], [ 20.364130314000022, 39.908472642000049 ], [ 20.373406768000052, 39.893027490000065 ], [ 20.384699, 39.888588499000036 ] ] ] ] } },
{ "type": "Feature", "properties": { "GISCO_ID": "AL_AL333", "CNTR_CODE": "AL", "LAU_ID": "AL333", "LAU_NAME": "KËLCYRË", "cell_coverage": [ [ 0, 0.0027, 0, 0, 0, 0 ], [ 0.0416, 0.6982, 0.3718, 0.0003, 0, 0 ], [ 0.6165, 1, 1, 0.476, 0, 0 ], [ 0.3695, 1, 1, 0.9972, 0.6447, 0.0199 ], [ 0.0137, 0.7597, 1, 1, 1, 0.7179 ], [ 0, 0.0429, 0.8631, 1, 0.9821, 0.4264 ], [ 0, 0.0606, 0.7166, 0.9836, 0.0512, 0.003 ], [ 0, 0, 0.371, 0.3372, 0, 0 ] ], "xmin": 20.041666666666664, "xmax": 20.291666666666664, "ymin": 40.208333333333321, "ymax": 40.541666666666657 }, "geometry": { "type": "MultiPolygon", "coordinates": [ [ [ [ 20.104962, 40.341227999000068 ], [ 20.084116479000045, 40.361085107000065 ], [ 20.077531302000068, 40.379943653000055 ], [ 20.062074474000042, 40.402394834000063 ], [ 20.058832434000067, 40.435888085000045 ], [ 20.049177311000051, 40.445432727000025 ], [ 20.058466118000069, 40.454366666000055 ], [ 20.063954496000065, 40.455639925000071 ], [ 20.079599407000046, 40.464220389000047 ], [ 20.093845, 40.502214999000046 ], [ 20.094072500000038, 40.502129499000034 ], [ 20.103735022000023, 40.49533826000004 ], [ 20.11007402000007, 40.48318336400007 ], [ 20.119459922000033, 40.477060594000079 ], [ 20.138369048000072, 40.474951978000036 ], [ 20.154310483000074, 40.477683438000042 ], [ 20.167995434000034, 40.457538474000046 ], [ 20.17793000100005, 40.451231182000072 ], [ 20.184347798000033, 40.440691192000031 ], [ 20.195568212000069, 40.431702398000027 ], [ 20.193667847000029, 40.418002447000049 ], [ 20.223694920000071, 40.412565999000037 ], [ 20.231812819000027, 40.397756512000058 ], [ 20.268484751000074, 40.367182232000062 ], [ 20.278218932000073, 40.363039469000057 ], [ 20.290591500000062, 40.364715499000056 ], [ 20.281342665000068, 40.339305716000069 ], [ 20.280037769000046, 40.325353952000057 ], [ 20.272211816000038, 40.319750083000031 ], [ 20.250895581000066, 40.288907308000034 ], [ 20.239739715000042, 40.286250519000077 ], [ 20.221722002000035, 40.295878018000053 ], [ 20.210008430000073, 40.288673514000038 ], [ 20.206326425000043, 40.272646760000043 ], [ 20.208053500000062, 40.257207999000059 ], [ 20.208040087000029, 40.248067388000038 ], [ 20.20347227600007, 40.243698577000032 ], [ 20.194160016000069, 40.238733534000062 ], [ 20.185026378000032, 40.240999448000025 ], [ 20.179907324000055, 40.225723791000064 ], [ 20.167995434000034, 40.227709040000036 ], [ 20.164180348000059, 40.226957864000042 ], [ 20.159057500000074, 40.222461499000076 ], [ 20.150398, 40.228341999000065 ], [ 20.140301271000055, 40.23944450700003 ], [ 20.124885774000063, 40.249887168000043 ], [ 20.114654790000031, 40.265857510000046 ], [ 20.141475255000046, 40.276760811000031 ], [ 20.151707196000075, 40.278194312000039 ], [ 20.158534145000033, 40.288149257000043 ], [ 20.140303667000069, 40.297650323000028 ], [ 20.136553776000028, 40.302512957000033 ], [ 20.131039242000043, 40.301184507000073 ], [ 20.123878002000026, 40.323983450000071 ], [ 20.110963938000054, 40.333085126000071 ], [ 20.104962, 40.341227999000068 ] ] ] ] } },
{ "type": "Feature", "properties": { "GISCO_ID": "AL_AL332", "CNTR_CODE": "AL", "LAU_ID": "AL332", "LAU_NAME": "GJIROKASTËR", "cell_coverage": [ [ 0, 0, 0.0029, 0.2795, 0.344, 0.3149, 0.3864, 0.0033, 0 ], [ 0.354, 0.6749, 0.8194, 1, 1, 1, 1, 0.2766, 0 ], [ 0.3748, 1, 1, 1, 1, 1, 1, 0.9575, 0.4229 ], [ 0.0026, 0.6854, 1, 1, 1, 1, 1, 1, 0.4659 ], [ 0, 0.1541, 0.6155, 0.5593, 0.7975, 1, 0.9961, 0.726, 0.3071 ], [ 0, 0, 0, 0, 0.0331, 0.6417, 0.3218, 0, 0 ] ], "xmin": 19.875, "xmax": 20.25, "ymin": 39.999999999999986, "ymax": 40.25 }, "geometry": { "type": "MultiPolygon", "coordinates": [ [ [ [ 19.886788, 40.179201499000044 ], [ 19.902739817000054, 40.192309873000056 ], [ 19.917664519000027, 40.194957274000046 ], [ 19.938425751000068, 40.192893869000045 ], [ 19.949641285000041, 40.196568639000077 ], [ 19.980558907000045, 40.199049630000047 ], [ 19.990443373000062, 40.203155290000041 ], [ 20.010458905000064, 40.220094546000041 ], [ 20.019369852000068, 40.223365039000043 ], [ 20.040549468000052, 40.219415317000028 ], [ 20.064261083000076, 40.225345859000072 ], [ 20.085811253000031, 40.219674786000041 ], [ 20.089864557000055, 40.221733723000057 ], [ 20.097447574000057, 40.219643998000038 ], [ 20.150398, 40.228341999000065 ], [ 20.159057500000074, 40.222461499000076 ], [ 20.167995434000034, 40.210211792000052 ], [ 20.172374912000066, 40.206530844000042 ], [ 20.178497576000041, 40.189340754000057 ], [ 20.177638749000039, 40.17554967500007 ], [ 20.244218143000069, 40.135948187000054 ], [ 20.23426471700003, 40.121619187000078 ], [ 20.220929862000048, 40.087835967000046 ], [ 20.221459055000025, 40.084812083000031 ], [ 20.230566103000058, 40.083636004000027 ], [ 20.229916616000025, 40.060136986000032 ], [ 20.224369842000044, 40.057197742000028 ], [ 20.210026234000054, 40.060650124000063 ], [ 20.194327390000069, 40.056968174000076 ], [ 20.189772500000061, 40.051583999000059 ], [ 20.181217695000043, 40.05127327200006 ], [ 20.167995434000034, 40.046018165000078 ], [ 20.116483500000072, 40.005116999000052 ], [ 20.083948301000078, 40.027599284000075 ], [ 20.081142047000071, 40.034464815000035 ], [ 20.069945421000057, 40.042571646000056 ], [ 20.067622443000062, 40.04908084200008 ], [ 20.055658084000072, 40.056744944000059 ], [ 20.040686427000026, 40.05611177600008 ], [ 19.994825941000045, 40.065156085000069 ], [ 19.976737023000055, 40.053781363000041 ], [ 19.961581261000049, 40.053866589000052 ], [ 19.951920576000077, 40.058936204000076 ], [ 19.947187, 40.069539999000028 ], [ 19.946288437000078, 40.080926786000077 ], [ 19.938832386000058, 40.088919127000054 ], [ 19.934135383000068, 40.102186825000047 ], [ 19.924814662000074, 40.112529305000066 ], [ 19.917632061000063, 40.11482409100006 ], [ 19.91440427200007, 40.128292582000029 ], [ 19.894600212000057, 40.145990530000063 ], [ 19.897193490000063, 40.166493818000049 ], [ 19.886788, 40.179201499000044 ] ] ] ] } },
{ "type": "Feature", "properties": { "GISCO_ID": "AL_AL334", "CNTR_CODE": "AL", "LAU_ID": "AL334", "LAU_NAME": "LIBOHOVË", "cell_coverage": [ [ 0, 0.0012, 0.0766, 0, 0, 0 ], [ 0.0363, 0.6594, 0.9032, 0.491, 0.0755, 0 ], [ 0, 0.7234, 1, 1, 0.9436, 0.2353 ], [ 0, 0.0425, 0.5771, 0.9779, 0.8509, 0.073 ], [ 0, 0, 0.5341, 0.8, 0.2221, 0 ], [ 0, 0.1658, 0.6929, 0.9897, 0.4064, 0 ], [ 0, 0.1311, 0.8939, 0.9959, 0.1079, 0 ], [ 0, 0, 0.076, 0.3599, 0.0277, 0 ] ], "xmin": 20.125, "xmax": 20.375, "ymin": 39.958333333333321, "ymax": 40.291666666666657 }, "geometry": { "type": "MultiPolygon", "coordinates": [ [ [ [ 20.349259, 40.172705999000073 ], [ 20.342532671000072, 40.159171384000047 ], [ 20.319952100000023, 40.135771615000067 ], [ 20.314750828000058, 40.11999163400003 ], [ 20.28051387000005, 40.129247133000035 ], [ 20.278334848000043, 40.127719031000026 ], [ 20.276802201000066, 40.103939665000041 ], [ 20.28690823200003, 40.099137688000042 ], [ 20.317456829000037, 40.095538403000035 ], [ 20.314879788000042, 40.086270282000044 ], [ 20.316702183000075, 40.072280351000074 ], [ 20.311226389000069, 40.059771227000056 ], [ 20.303076518000069, 40.050486056000068 ], [ 20.287880930000028, 40.047210138000025 ], [ 20.303008305000048, 39.998034508000046 ], [ 20.277673363000076, 39.987668711000026 ], [ 20.271053745000074, 39.987586818000068 ], [ 20.265431969000076, 39.98014859500006 ], [ 20.254915751000055, 39.976832921000039 ], [ 20.247061913000039, 39.990055832000053 ], [ 20.226783233000049, 40.000563258000057 ], [ 20.196086147000074, 40.031864574000053 ], [ 20.190019161000066, 40.033908602000054 ], [ 20.195052958000076, 40.03972483900003 ], [ 20.190610937000031, 40.043524843000057 ], [ 20.189772500000061, 40.051583999000059 ], [ 20.194327390000069, 40.056968174000076 ], [ 20.210026234000054, 40.060650124000063 ], [ 20.224369842000044, 40.057197742000028 ], [ 20.229916616000025, 40.060136986000032 ], [ 20.230566103000058, 40.083636004000027 ], [ 20.221459055000025, 40.084812083000031 ], [ 20.220929862000048, 40.087835967000046 ], [ 20.23426471700003, 40.121619187000078 ], [ 20.244218143000069, 40.135948187000054 ], [ 20.177638749000039, 40.17554967500007 ], [ 20.178497576000041, 40.189340754000057 ], [ 20.172374912000066, 40.206530844000042 ], [ 20.167995434000034, 40.210211792000052 ], [ 20.159057500000074, 40.222461499000076 ], [ 20.164180348000059, 40.226957864000042 ], [ 20.167995434000034, 40.227709040000036 ], [ 20.179907324000055, 40.225723791000064 ], [ 20.185026378000032, 40.240999448000025 ], [ 20.194160016000069, 40.238733534000062 ], [ 20.20347227600007, 40.243698577000032 ], [ 20.208040087000029, 40.248067388000038 ], [ 20.208053500000062, 40.257207999000059 ], [ 20.218541732000062, 40.259445385000049 ], [ 20.237029600000028, 40.242142171000069 ], [ 20.298249844000054, 40.217961255000034 ], [ 20.315989553000065, 40.204075183000043 ], [ 20.336287479000077, 40.202398019000043 ], [ 20.347398664000025, 40.183241273000078 ], [ 20.349259, 40.172705999000073 ] ] ] ] } },
{ "type": "Feature", "properties": { "GISCO_ID": "AL_AL323", "CNTR_CODE": "AL", "LAU_ID": "AL323", "LAU_NAME": "LUSHNJE", "cell_coverage": [ [ 0, 0, 0.2336, 0.1162, 0, 0, 0, 0 ], [ 0, 0.0522, 0.7631, 0.6067, 0.22, 0.3228, 0.0275, 0 ], [ 0, 0.0463, 0.8876, 1, 1, 1, 0.4344, 0 ], [ 0, 0.0512, 0.6433, 1, 1, 1, 0.3381, 0 ], [ 0, 0, 0.1774, 0.9859, 1, 1, 0.3421, 0 ], [ 0.0093, 0.8133, 0.956, 1, 1, 0.844, 0.525, 0.1265 ], [ 0, 0.5855, 0.9695, 0.954, 0.4533, 0.2622, 0, 0 ], [ 0, 0, 0.0647, 0.1592, 0, 0, 0, 0 ] ], "xmin": 19.541666666666664, "xmax": 19.875, "ymin": 40.75, "ymax": 41.083333333333321 }, "geometry": { "type": "MultiPolygon", "coordinates": [ [ [ [ 19.677432500000066, 41.054876499000045 ], [ 19.675128485000073, 41.049424954000074 ], [ 19.684216507000031, 41.027396518000046 ], [ 19.692818636000027, 41.020956973000068 ], [ 19.703337959000066, 41.004153732000077 ], [ 19.729179499000054, 41.010851044000049 ], [ 19.746883353000044, 41.009534521000035 ], [ 19.770697971000061, 41.018438315000026 ], [ 19.784986518000039, 41.011462644000062 ], [ 19.792261179000036, 41.001223886000048 ], [ 19.805741569000077, 41.004349434000062 ], [ 19.812160500000061, 40.997690499000043 ], [ 19.81672523800006, 40.98142742400006 ], [ 19.802265581000029, 40.967412040000056 ], [ 19.799100404000058, 40.948851976000071 ], [ 19.812939191000055, 40.938239592000059 ], [ 19.802457910000044, 40.914434714000038 ], [ 19.807871742000032, 40.903395015000058 ], [ 19.797203091000029, 40.891514535000056 ], [ 19.796130479000055, 40.885644330000048 ], [ 19.815427338000063, 40.884245103000069 ], [ 19.82250712900003, 40.870393134000039 ], [ 19.859758, 40.851168999000038 ], [ 19.849210500000027, 40.847537999000053 ], [ 19.841909316000056, 40.850999182000066 ], [ 19.823435792000055, 40.848472148000042 ], [ 19.820833451000055, 40.851541783000073 ], [ 19.822083219000035, 40.85949202300003 ], [ 19.816349433000028, 40.861638219000042 ], [ 19.802630807000071, 40.843344273000071 ], [ 19.799248352000063, 40.843750518000036 ], [ 19.794301348000033, 40.850790949000043 ], [ 19.788115167000058, 40.848066219000032 ], [ 19.776138556000035, 40.848420015000045 ], [ 19.775653300000045, 40.841551885000058 ], [ 19.768906126000047, 40.835182474000078 ], [ 19.775951559000077, 40.830320284000038 ], [ 19.766648432000068, 40.821515626000064 ], [ 19.774533592000068, 40.816007480000053 ], [ 19.770704644000034, 40.810466794000035 ], [ 19.761769101000027, 40.809171190000029 ], [ 19.750171861000069, 40.819846905000077 ], [ 19.735493, 40.815362999000058 ], [ 19.719391226000027, 40.81467615300005 ], [ 19.711992773000077, 40.80993297100008 ], [ 19.708214878000035, 40.797363991000054 ], [ 19.683916722000049, 40.792485769000052 ], [ 19.683720435000055, 40.788559494000026 ], [ 19.692107863000047, 40.779763076000052 ], [ 19.684366, 40.77423649900004 ], [ 19.65944445100007, 40.78742933400008 ], [ 19.652485910000053, 40.786125987000048 ], [ 19.62386198300004, 40.799118786000065 ], [ 19.616881649000049, 40.79797205300008 ], [ 19.589760213000034, 40.811979327000074 ], [ 19.593787560000067, 40.822799092000025 ], [ 19.582002432000024, 40.844931612000039 ], [ 19.581657363000033, 40.853772803000027 ], [ 19.597573, 40.866662499000029 ], [ 19.605699782000045, 40.875220137000042 ], [ 19.629745232000062, 40.865876311000079 ], [ 19.637878484000055, 40.874918057000059 ], [ 19.649573755000063, 40.878815149000047 ], [ 19.655954092000059, 40.888679883000066 ], [ 19.662446914000043, 40.889939394000066 ], [ 19.671305289000031, 40.903116329000056 ], [ 19.641556726000033, 40.926767532000042 ], [ 19.64662506600007, 40.932674853000037 ], [ 19.631191132000026, 40.952776984000025 ], [ 19.617698808000057, 40.949579894000067 ], [ 19.611302436000074, 40.956509348000054 ], [ 19.620839169000078, 40.962739428000077 ], [ 19.626922218000061, 40.959845882000025 ], [ 19.63103323200005, 40.961539111000036 ], [ 19.629706524000028, 40.966022677000069 ], [ 19.632685650000042, 40.969464335000055 ], [ 19.628880271000071, 40.976059580000026 ], [ 19.637279467000042, 40.986347481000053 ], [ 19.619069310000043, 40.991789542000049 ], [ 19.619593589000033, 40.99809560500006 ], [ 19.619694, 41.016594625000039 ], [ 19.636963263000041, 41.018895699000041 ], [ 19.638754027000061, 41.03228314100005 ], [ 19.648566089000042, 41.034132960000079 ], [ 19.651098506000039, 41.037367850000066 ], [ 19.653522384000041, 41.045849631000067 ], [ 19.65046604500003, 41.056783628000062 ], [ 19.640875, 41.056627999000057 ], [ 19.644949121000025, 41.062591221000048 ], [ 19.66740466400006, 41.067276160000063 ], [ 19.677432500000066, 41.054876499000045 ] ] ] ] } },
{ "type": "Feature", "properties": { "GISCO_ID": "AL_AL324", "CNTR_CODE": "AL", "LAU_ID": "AL324", "LAU_NAME": "MALLAKASTËR", "cell_coverage": [ [ 0.0027, 0.4542, 0.6257, 0.7968, 0.8426, 0.0859, 0, 0 ], [ 0.0021, 0.9054, 1, 1, 0.9931, 0.2361, 0, 0 ], [ 0.143, 0.9325, 1, 1, 1, 0.6669, 0.0142, 0 ], [ 0.014, 0.2823, 0.7341, 1, 1, 0.9922, 0.5112, 0.0597 ], [ 0, 0, 0.1814, 1, 0.9828, 0.4151, 0.0005, 0 ], [ 0, 0, 0.033, 0.6457, 0.5622, 0, 0, 0 ] ], "xmin": 19.625, "xmax": 19.958333333333332, "ymin": 40.416666666666657, "ymax": 40.666666666666657 }, "geometry": { "type": "MultiPolygon", "coordinates": [ [ [ [ 19.64991, 40.544660499000031 ], [ 19.650897493000059, 40.55020803900004 ], [ 19.656511181000042, 40.55288428800003 ], [ 19.659295706000023, 40.560077807000027 ], [ 19.668350479000026, 40.566698931000076 ], [ 19.677701048000074, 40.580972495000026 ], [ 19.67468950600005, 40.594524823000029 ], [ 19.66641474100004, 40.606734231000075 ], [ 19.668635149000067, 40.616976077000061 ], [ 19.664322, 40.626199499000052 ], [ 19.669721472000049, 40.630629232000047 ], [ 19.675568100000078, 40.643839176000029 ], [ 19.683592400000066, 40.643442115000028 ], [ 19.702633989000049, 40.650108347000071 ], [ 19.711992773000077, 40.648005901000033 ], [ 19.721904276000032, 40.647549128000037 ], [ 19.728890232000026, 40.653178105000052 ], [ 19.752680869000073, 40.653485533000037 ], [ 19.769248668000046, 40.655414685000039 ], [ 19.77892902800005, 40.663009456000054 ], [ 19.808621500000072, 40.664404999000055 ], [ 19.81764898800003, 40.661387241000057 ], [ 19.821209880000026, 40.653242973000033 ], [ 19.831848638000054, 40.653595707000079 ], [ 19.838231084000029, 40.650653354000042 ], [ 19.840653917000054, 40.634609686000033 ], [ 19.830081285000063, 40.61496055300006 ], [ 19.838295065000068, 40.611505006000073 ], [ 19.846048372000041, 40.60014005000005 ], [ 19.853192593000074, 40.594856255000025 ], [ 19.853521970000031, 40.590269526000043 ], [ 19.848900712000045, 40.58430721600007 ], [ 19.865002342000025, 40.553417491000062 ], [ 19.878488608000055, 40.540996384000039 ], [ 19.894242791000067, 40.54408808900007 ], [ 19.90146125800004, 40.540721344000076 ], [ 19.924010122000027, 40.539585227000032 ], [ 19.925825599000063, 40.535922458000073 ], [ 19.922826006000037, 40.527996140000027 ], [ 19.913564, 40.522421999000073 ], [ 19.898762220000037, 40.518421825000075 ], [ 19.874002211000061, 40.520091630000024 ], [ 19.876552212000036, 40.513415009000028 ], [ 19.873110196000027, 40.506692211000029 ], [ 19.875522189000037, 40.492431102000069 ], [ 19.856854418000069, 40.480179836000048 ], [ 19.838308738000023, 40.480313412000044 ], [ 19.829461880000053, 40.477482720000069 ], [ 19.834438160000047, 40.464878691000081 ], [ 19.828007637000042, 40.455639925000071 ], [ 19.822862624000038, 40.450482280000074 ], [ 19.823533671000064, 40.439788515000032 ], [ 19.812447873000053, 40.425228437000044 ], [ 19.802820440000062, 40.427588960000037 ], [ 19.781657, 40.421253499000045 ], [ 19.768462500000055, 40.431709499000078 ], [ 19.76125, 40.43908699900004 ], [ 19.751194, 40.444970999000077 ], [ 19.744099500000061, 40.451609499000028 ], [ 19.743820805000041, 40.455639925000071 ], [ 19.743837679000023, 40.467542422000065 ], [ 19.749655960000041, 40.480796764000047 ], [ 19.747810443000049, 40.495334171000025 ], [ 19.743593288000056, 40.49773543200007 ], [ 19.723539944000038, 40.490966716000059 ], [ 19.717065621000074, 40.491842818000066 ], [ 19.716156011000066, 40.502779765000071 ], [ 19.73208297900004, 40.517660440000043 ], [ 19.727757323000048, 40.524084386000027 ], [ 19.711992773000077, 40.529891268000029 ], [ 19.689765219000037, 40.526278299000069 ], [ 19.64991, 40.544660499000031 ] ] ] ] } },
{ "type": "Feature", "properties": { "GISCO_ID": "AL_AL322", "CNTR_CODE": "AL", "LAU_ID": "AL322", "LAU_NAME": "FIER", "cell_coverage": [ [ 0, 0, 4.5048e-06, 0.3965, 0.7773, 0.8408, 0.7915, 0.06, 0, 0 ], [ 0, 0.0327, 0.845, 0.9974, 1, 1, 1, 0.4145, 0.0305, 0 ], [ 0, 0.0755, 1, 1, 1, 1, 1, 0.9945, 0.7127, 0.0449 ], [ 0, 0.1957, 1, 1, 1, 1, 1, 0.6054, 0.0038, 0 ], [ 0.044, 0.7186, 1, 1, 1, 1, 1, 0.4481, 0, 0 ], [ 0.1796, 0.1106, 0.4332, 0.4506, 0.8828, 1, 1, 0.9608, 0.7218, 0.0498 ], [ 0, 0, 0, 0, 0.1187, 0.5209, 0.9721, 1, 0.9969, 0.0946 ], [ 0, 0, 0, 0, 0, 0.0025, 0.205, 0.643, 0.6664, 0.0675 ] ], "xmin": 19.291666666666664, "xmax": 19.708333333333332, "ymin": 40.54166666666665, "ymax": 40.875 }, "geometry": { "type": "MultiPolygon", "coordinates": [ [ [ [ 19.36809, 40.82335499900006 ], [ 19.379413275000047, 40.823535931000038 ], [ 19.40311618000004, 40.829705898000043 ], [ 19.41602406100003, 40.82910908000008 ], [ 19.423012647000064, 40.838179578000052 ], [ 19.416639623000037, 40.840552432000038 ], [ 19.417128656000045, 40.850829368000063 ], [ 19.422283141000037, 40.851035696000054 ], [ 19.428520637000076, 40.844880424000053 ], [ 19.437649332000035, 40.843786479000073 ], [ 19.440961801000071, 40.848110772000041 ], [ 19.442105299000048, 40.857672955000055 ], [ 19.457267736000063, 40.854148734000034 ], [ 19.463176528000076, 40.86222186100008 ], [ 19.465023959000064, 40.872675474000062 ], [ 19.470996444000036, 40.869501678000063 ], [ 19.473473716000058, 40.863916503000041 ], [ 19.490237257000047, 40.865279934000057 ], [ 19.496407145000035, 40.866229434000047 ], [ 19.49841783200003, 40.870922433000032 ], [ 19.534116892000043, 40.866724380000051 ], [ 19.597573, 40.866662499000029 ], [ 19.581657363000033, 40.853772803000027 ], [ 19.582002432000024, 40.844931612000039 ], [ 19.593787560000067, 40.822799092000025 ], [ 19.589760213000034, 40.811979327000074 ], [ 19.616881649000049, 40.79797205300008 ], [ 19.62386198300004, 40.799118786000065 ], [ 19.652485910000053, 40.786125987000048 ], [ 19.65944445100007, 40.78742933400008 ], [ 19.684366, 40.77423649900004 ], [ 19.656349070000033, 40.775128621000079 ], [ 19.654012574000035, 40.770342496000069 ], [ 19.655731500000059, 40.756215499000064 ], [ 19.644735554000022, 40.755667753000068 ], [ 19.642405201000031, 40.747583057000043 ], [ 19.631511685000078, 40.753070179000076 ], [ 19.622288506000075, 40.75280116600004 ], [ 19.617118065000057, 40.741375274000063 ], [ 19.606686307000075, 40.731799242000079 ], [ 19.601729099000067, 40.712618360000079 ], [ 19.598033628000053, 40.71001212200008 ], [ 19.605594906000022, 40.699202614000058 ], [ 19.593365765000044, 40.697377635000066 ], [ 19.590839273000029, 40.683229561000076 ], [ 19.603880968000055, 40.683842522000077 ], [ 19.608904365000058, 40.681435404000069 ], [ 19.613985873000047, 40.659881467000048 ], [ 19.623425194000049, 40.661877523000044 ], [ 19.64503859000007, 40.655247273000043 ], [ 19.653670009000052, 40.661127547000035 ], [ 19.674145103000058, 40.658143273000064 ], [ 19.676347379000049, 40.651121444000069 ], [ 19.664162413000042, 40.645347527000069 ], [ 19.654198930000064, 40.626911264000057 ], [ 19.658518387000072, 40.624060818000032 ], [ 19.664322, 40.626199499000052 ], [ 19.668635149000067, 40.616976077000061 ], [ 19.66641474100004, 40.606734231000075 ], [ 19.67468950600005, 40.594524823000029 ], [ 19.677701048000074, 40.580972495000026 ], [ 19.668350479000026, 40.566698931000076 ], [ 19.659295706000023, 40.560077807000027 ], [ 19.656511181000042, 40.55288428800003 ], [ 19.650897493000059, 40.55020803900004 ], [ 19.64991, 40.544660499000031 ], [ 19.639150071000074, 40.555320077000033 ], [ 19.624850305000052, 40.560801387000026 ], [ 19.606302847000052, 40.552290136000067 ], [ 19.59772752300006, 40.553784958000051 ], [ 19.590604943000073, 40.560446597000066 ], [ 19.586250402000076, 40.56059803100004 ], [ 19.582047618000047, 40.55679748600005 ], [ 19.572138623000058, 40.561676273000046 ], [ 19.572726295000052, 40.566688360000057 ], [ 19.570115500000043, 40.569226499000081 ], [ 19.565633367000032, 40.579535751000037 ], [ 19.573015204000058, 40.580484668000054 ], [ 19.573367983000026, 40.584240517000069 ], [ 19.561231105000047, 40.588049943000044 ], [ 19.551704810000047, 40.580680590000043 ], [ 19.542763043000036, 40.579041729000039 ], [ 19.536742142000037, 40.585609022000028 ], [ 19.538688949000061, 40.596439668000073 ], [ 19.53614097600007, 40.601306830000055 ], [ 19.513353262000066, 40.602738496000029 ], [ 19.514971238000044, 40.610877945000027 ], [ 19.494994027000075, 40.611680012000079 ], [ 19.490237257000047, 40.614961143000073 ], [ 19.483313047000024, 40.612821301000054 ], [ 19.479367160000038, 40.615829999000027 ], [ 19.488146286000074, 40.626150886000062 ], [ 19.487184289000027, 40.629324287000031 ], [ 19.473875467000028, 40.630805768000073 ], [ 19.453419841000027, 40.638227322000034 ], [ 19.450984709000068, 40.645066482000061 ], [ 19.455318309000063, 40.653952602000061 ], [ 19.451184049000062, 40.656870155000036 ], [ 19.433971934000056, 40.648557228000072 ], [ 19.421905216000027, 40.646216127000059 ], [ 19.416047217000028, 40.635461107000026 ], [ 19.403012405000027, 40.64029931500005 ], [ 19.39686873900007, 40.651480344000049 ], [ 19.391567445000078, 40.655059278000067 ], [ 19.350955020000072, 40.664876346000028 ], [ 19.338456566000048, 40.661997541000062 ], [ 19.327866764000078, 40.650086884000075 ], [ 19.318752, 40.64498099900004 ], [ 19.314298661000066, 40.647619937000059 ], [ 19.317270319000045, 40.667530558000067 ], [ 19.333171407000066, 40.675217391000047 ], [ 19.351370040000063, 40.694197743000075 ], [ 19.362631710000073, 40.711812420000058 ], [ 19.368707443000062, 40.731799242000079 ], [ 19.370148638000046, 40.761014660000058 ], [ 19.376754610000035, 40.802912367000033 ], [ 19.36809, 40.82335499900006 ] ] ] ] } },
{ "type": "Feature", "properties": { "GISCO_ID": "AL_AL315", "CNTR_CODE": "AL", "LAU_ID": "AL315", "LAU_NAME": "DIMAL", "cell_coverage": [ [ 0, 0.156, 0.4257, 0.0714, 0 ], [ 0.2388, 0.7378, 1, 0.6534, 0.0027 ], [ 0.0774, 0.8652, 1, 0.9992, 0.1424 ], [ 0, 0.6234, 1, 0.7512, 0 ], [ 0, 0.0774, 0.6244, 0.1591, 0 ] ], "xmin": 19.708333333333329, "xmax": 19.916666666666661, "ymin": 40.66666666666665, "ymax": 40.875 }, "geometry": { "type": "MultiPolygon", "coordinates": [ [ [ [ 19.883763, 40.776625499000033 ], [ 19.88782911800007, 40.77346512400004 ], [ 19.885242649000077, 40.767392371000028 ], [ 19.887228444000073, 40.763536653000074 ], [ 19.875038360000076, 40.756534376000047 ], [ 19.87358437000006, 40.737836685000048 ], [ 19.862485134000053, 40.731642008000051 ], [ 19.858691652000061, 40.726012904000072 ], [ 19.857160426000064, 40.721909475000075 ], [ 19.860853360000078, 40.700772433000054 ], [ 19.831677630000058, 40.695142513000064 ], [ 19.824389578000023, 40.690250186000071 ], [ 19.828278324000053, 40.673755113000027 ], [ 19.824301313000035, 40.668717689000061 ], [ 19.809640500000057, 40.673497499000064 ], [ 19.799027906000049, 40.693971571000077 ], [ 19.784029445000044, 40.699056454000072 ], [ 19.780141406000041, 40.705283340000051 ], [ 19.769071509000071, 40.705613934000041 ], [ 19.776354216000072, 40.717864990000066 ], [ 19.761621860000048, 40.725792487000035 ], [ 19.761831684000072, 40.730421063000051 ], [ 19.756134623000037, 40.737818091000065 ], [ 19.765620568000031, 40.744140195000057 ], [ 19.763696691000064, 40.761035317000051 ], [ 19.75119724800004, 40.769444284000031 ], [ 19.752050935000057, 40.775085832000059 ], [ 19.748697833000051, 40.781610840000042 ], [ 19.734783838000055, 40.784933226000078 ], [ 19.732823221000046, 40.80067725300006 ], [ 19.735493, 40.815362999000058 ], [ 19.750171861000069, 40.819846905000077 ], [ 19.761769101000027, 40.809171190000029 ], [ 19.770704644000034, 40.810466794000035 ], [ 19.774533592000068, 40.816007480000053 ], [ 19.766648432000068, 40.821515626000064 ], [ 19.775951559000077, 40.830320284000038 ], [ 19.768906126000047, 40.835182474000078 ], [ 19.775653300000045, 40.841551885000058 ], [ 19.776138556000035, 40.848420015000045 ], [ 19.788115167000058, 40.848066219000032 ], [ 19.794301348000033, 40.850790949000043 ], [ 19.799248352000063, 40.843750518000036 ], [ 19.802630807000071, 40.843344273000071 ], [ 19.816349433000028, 40.861638219000042 ], [ 19.822083219000035, 40.85949202300003 ], [ 19.820833451000055, 40.851541783000073 ], [ 19.823435792000055, 40.848472148000042 ], [ 19.841909316000056, 40.850999182000066 ], [ 19.849210500000027, 40.847537999000053 ], [ 19.845738810000057, 40.844284526000081 ], [ 19.835396142000036, 40.842852907000065 ], [ 19.833527987000025, 40.839228234000075 ], [ 19.844540547000065, 40.831612869000026 ], [ 19.845121762000076, 40.819764336000048 ], [ 19.853576264000026, 40.824990753000066 ], [ 19.859245814000076, 40.823678734000055 ], [ 19.860189923000064, 40.81298515900005 ], [ 19.868607685000029, 40.809335777000058 ], [ 19.863817656000037, 40.804150759000038 ], [ 19.876882971000043, 40.793339384000035 ], [ 19.877428835000046, 40.783589913000071 ], [ 19.883763, 40.776625499000033 ] ] ] ] } },
{ "type": "Feature", "properties": { "GISCO_ID": "AL_AL313", "CNTR_CODE": "AL", "LAU_ID": "AL313", "LAU_NAME": "POLIÇAN", "cell_coverage": [ [ 0, 0, 0, 0.0186, 0.2168, 0 ], [ 0, 0, 0.4453, 0.3288, 0.9542, 0.1681 ], [ 0.0695, 0.625, 0.6607, 0.9834, 0.9999, 0.3448 ], [ 0.2261, 0.9448, 0.7749, 0.9366, 0.8747, 0.0546 ], [ 0.6424, 0.9967, 1, 0.7857, 0.0654, 0.0025 ], [ 0.3838, 0.7123, 0.9872, 0.9884, 0.2621, 0 ], [ 0, 0, 0.0997, 0.1344, 0, 0 ] ], "xmin": 19.916666666666664, "xmax": 20.166666666666664, "ymin": 40.458333333333321, "ymax": 40.75 }, "geometry": { "type": "MultiPolygon", "coordinates": [ [ [ [ 20.093845, 40.502214999000046 ], [ 20.079949673000044, 40.50489624800008 ], [ 20.076736800000049, 40.492807312000025 ], [ 20.069034179000028, 40.489275362000058 ], [ 20.053855351000038, 40.493159561000027 ], [ 20.04623919900007, 40.500976364000053 ], [ 20.02534866600007, 40.491478796000081 ], [ 20.012495333000061, 40.495099220000043 ], [ 20.007782003000045, 40.501967613000033 ], [ 19.99846937500007, 40.503677953000079 ], [ 19.981650433000027, 40.515345110000055 ], [ 19.970477335000055, 40.512058155000034 ], [ 19.964095332000056, 40.516099644000064 ], [ 19.946840326000029, 40.514330048000033 ], [ 19.937063032000026, 40.516791652000052 ], [ 19.931636, 40.519805499000029 ], [ 19.934810492000054, 40.529928788000063 ], [ 19.928620347000049, 40.544056116000036 ], [ 19.930033514000058, 40.556217823000054 ], [ 19.926195560000053, 40.561393782000039 ], [ 19.927392317000056, 40.568165213000043 ], [ 19.923144466000053, 40.57588071400005 ], [ 19.937063032000026, 40.577324971000053 ], [ 19.94941680900007, 40.577419227000064 ], [ 19.95527677900003, 40.581568918000073 ], [ 19.963670212000068, 40.582610795000051 ], [ 19.966022344000066, 40.585826846000032 ], [ 19.95992956200007, 40.602759716000037 ], [ 19.939918976000058, 40.606801976000042 ], [ 19.937063032000026, 40.613384843000063 ], [ 19.935359578000032, 40.61560925200007 ], [ 19.934373168000036, 40.61980748700006 ], [ 19.937063032000026, 40.62049838300004 ], [ 19.950354311000069, 40.624774785000056 ], [ 19.944286834000025, 40.634139214000072 ], [ 19.961260959000072, 40.637468297000055 ], [ 19.975161501000059, 40.654569051000067 ], [ 20.006317496000065, 40.656872892000081 ], [ 20.017736556000045, 40.648538986000062 ], [ 20.027413238000065, 40.628541134000045 ], [ 20.028497253000069, 40.619452525000042 ], [ 20.018204185000059, 40.608197393000069 ], [ 20.025276740000038, 40.603328772000054 ], [ 20.042195821000064, 40.601724682000054 ], [ 20.043747840000037, 40.611692111000025 ], [ 20.05047515900003, 40.619372804000079 ], [ 20.049846218000027, 40.624257803000035 ], [ 20.037788974000023, 40.63675814000004 ], [ 20.031253781000032, 40.638810597000031 ], [ 20.029876623000064, 40.651578320000056 ], [ 20.016544267000029, 40.658807127000046 ], [ 20.015520886000047, 40.666851583000039 ], [ 20.005867787000057, 40.674389633000033 ], [ 20.006744443000059, 40.683157516000051 ], [ 20.002615157000037, 40.689299442000049 ], [ 20.020192596000072, 40.699748771000031 ], [ 20.033783534000065, 40.695725760000073 ], [ 20.034846779000077, 40.688774628000033 ], [ 20.027196937000042, 40.677468091000037 ], [ 20.037039780000043, 40.668484982000052 ], [ 20.042280269000059, 40.667292130000078 ], [ 20.060077204000038, 40.679849451000052 ], [ 20.071195192000062, 40.677452363000043 ], [ 20.080579854000064, 40.679842927000038 ], [ 20.078544847000046, 40.685080059000029 ], [ 20.071215057000074, 40.687651705000064 ], [ 20.077842025000052, 40.695693336000033 ], [ 20.077972885000065, 40.701734692000059 ], [ 20.082104358000038, 40.707702209000047 ], [ 20.077322457000037, 40.714038278000032 ], [ 20.092950634000033, 40.722994885000048 ], [ 20.102688447000048, 40.723292643000036 ], [ 20.113579500000071, 40.718504499000062 ], [ 20.109718347000069, 40.708132636000073 ], [ 20.134825105000061, 40.691700739000055 ], [ 20.137472191000029, 40.682891402000052 ], [ 20.132850317000077, 40.670613726000056 ], [ 20.140631004000056, 40.660993305000034 ], [ 20.138689800000066, 40.653654809000045 ], [ 20.148817850000057, 40.648803582000028 ], [ 20.143704852000042, 40.643223378000073 ], [ 20.145989795000048, 40.636901118000026 ], [ 20.12613828800005, 40.629828193000037 ], [ 20.124094348000028, 40.623394358000041 ], [ 20.112272869000037, 40.619026947000066 ], [ 20.117787384000053, 40.602211326000031 ], [ 20.131157384000062, 40.596581262000029 ], [ 20.132131180000044, 40.584677547000069 ], [ 20.123663906000047, 40.580658421000066 ], [ 20.111540992000073, 40.579882579000071 ], [ 20.099287883000045, 40.583440655000061 ], [ 20.076217229000065, 40.584604170000034 ], [ 20.075255448000064, 40.579448182000078 ], [ 20.064866277000078, 40.569313765000061 ], [ 20.069894972000043, 40.557186352000031 ], [ 20.085059744000034, 40.554807715000038 ], [ 20.088327508000077, 40.544626086000051 ], [ 20.095163506000063, 40.536207196000078 ], [ 20.088668575000042, 40.525776390000033 ], [ 20.10416585300004, 40.507757063000042 ], [ 20.094072500000038, 40.502129499000034 ], [ 20.093845, 40.502214999000046 ] ] ] ] } },
{ "type": "Feature", "properties": { "GISCO_ID": "AL_AL321", "CNTR_CODE": "AL", "LAU_ID": "AL321", "LAU_NAME": "DIVJAKË", "cell_coverage": [ [ 0, 0, 0, 0.0829, 0.0767, 0.2193, 0.5803, 0.2919, 0 ], [ 0, 0, 0.0338, 0.9342, 0.9833, 1, 0.9478, 0.2369, 0 ], [ 0, 0, 0.0402, 0.6381, 0.8577, 1, 0.9537, 0.1124, 0 ], [ 0, 5.5203e-07, 0.1325, 0.2826, 0.4199, 1, 0.9488, 0.3567, 0 ], [ 0, 0.2187, 0.8543, 0.3367, 0.8309, 1, 1, 0.8226, 0.0141 ], [ 0, 0.5637, 0.6035, 0.2227, 0.1592, 0.1993, 0.1266, 0.044, 0 ], [ 0.0234, 0.1443, 0.0026, 0, 0, 0, 0, 0, 0 ] ], "xmin": 19.333333333333329, "xmax": 19.708333333333329, "ymin": 40.791666666666657, "ymax": 41.083333333333321 }, "geometry": { "type": "MultiPolygon", "coordinates": [ [ [ [ 19.597573, 40.866662499000029 ], [ 19.534116892000043, 40.866724380000051 ], [ 19.49841783200003, 40.870922433000032 ], [ 19.496407145000035, 40.866229434000047 ], [ 19.490237257000047, 40.865279934000057 ], [ 19.473473716000058, 40.863916503000041 ], [ 19.470996444000036, 40.869501678000063 ], [ 19.465023959000064, 40.872675474000062 ], [ 19.463176528000076, 40.86222186100008 ], [ 19.457267736000063, 40.854148734000034 ], [ 19.442105299000048, 40.857672955000055 ], [ 19.440961801000071, 40.848110772000041 ], [ 19.437649332000035, 40.843786479000073 ], [ 19.428520637000076, 40.844880424000053 ], [ 19.422283141000037, 40.851035696000054 ], [ 19.417128656000045, 40.850829368000063 ], [ 19.416639623000037, 40.840552432000038 ], [ 19.423012647000064, 40.838179578000052 ], [ 19.41602406100003, 40.82910908000008 ], [ 19.40311618000004, 40.829705898000043 ], [ 19.379413275000047, 40.823535931000038 ], [ 19.36809, 40.82335499900006 ], [ 19.368636028000026, 40.828080292000038 ], [ 19.382295274000057, 40.834617091000041 ], [ 19.392894602000069, 40.848215362000076 ], [ 19.403734434000057, 40.887405513000033 ], [ 19.415770098000053, 40.916003568000065 ], [ 19.435561375000077, 40.931496185000071 ], [ 19.428273465000075, 40.924608613000032 ], [ 19.429004452000072, 40.919905252000035 ], [ 19.452772612000047, 40.919400526000061 ], [ 19.457041391000075, 40.933960838000075 ], [ 19.463686487000075, 40.94273533900008 ], [ 19.455790173000025, 40.944223129000079 ], [ 19.444339558000024, 40.938001512000028 ], [ 19.46844152400007, 40.958598700000039 ], [ 19.474913633000028, 40.973226772000032 ], [ 19.471783846000051, 40.98454528700006 ], [ 19.459970167000051, 40.993856443000027 ], [ 19.460953631000052, 40.996531302000051 ], [ 19.44718793100003, 40.99684909900003 ], [ 19.45082504100003, 40.991414475000056 ], [ 19.462394940000024, 40.987315026000033 ], [ 19.46038296100005, 40.984826484000052 ], [ 19.453505172000064, 40.987727242000062 ], [ 19.442483, 41.000525499000048 ], [ 19.460928254000066, 41.005516274000058 ], [ 19.455730634000076, 41.021821178000039 ], [ 19.464541821000068, 41.036913908000031 ], [ 19.471142838000048, 41.036838685000077 ], [ 19.467778567000039, 41.043929826000067 ], [ 19.470238722000033, 41.048011976000055 ], [ 19.487524923000024, 41.048235899000076 ], [ 19.501665370000069, 41.034922994000055 ], [ 19.504772735000074, 41.037163288000045 ], [ 19.505976272000055, 41.045087779000028 ], [ 19.511640682000063, 41.043013876000032 ], [ 19.524294563000069, 41.047259385000075 ], [ 19.558237370000029, 41.042242025000064 ], [ 19.562070323000057, 41.053724870000053 ], [ 19.576110447000076, 41.057367590000069 ], [ 19.588807647000067, 41.066320614000063 ], [ 19.601789363000023, 41.067674706000048 ], [ 19.612401463000026, 41.063164093000069 ], [ 19.623034383000061, 41.067794626000079 ], [ 19.626160832000039, 41.064041041000053 ], [ 19.634060312000031, 41.06469015700003 ], [ 19.640875, 41.056627999000057 ], [ 19.65046604500003, 41.056783628000062 ], [ 19.653522384000041, 41.045849631000067 ], [ 19.651098506000039, 41.037367850000066 ], [ 19.648566089000042, 41.034132960000079 ], [ 19.638754027000061, 41.03228314100005 ], [ 19.636963263000041, 41.018895699000041 ], [ 19.619694, 41.016594625000039 ], [ 19.619593589000033, 40.99809560500006 ], [ 19.619069310000043, 40.991789542000049 ], [ 19.637279467000042, 40.986347481000053 ], [ 19.628880271000071, 40.976059580000026 ], [ 19.632685650000042, 40.969464335000055 ], [ 19.629706524000028, 40.966022677000069 ], [ 19.63103323200005, 40.961539111000036 ], [ 19.626922218000061, 40.959845882000025 ], [ 19.620839169000078, 40.962739428000077 ], [ 19.611302436000074, 40.956509348000054 ], [ 19.617698808000057, 40.949579894000067 ], [ 19.631191132000026, 40.952776984000025 ], [ 19.64662506600007, 40.932674853000037 ], [ 19.641556726000033, 40.926767532000042 ], [ 19.671305289000031, 40.903116329000056 ], [ 19.662446914000043, 40.889939394000066 ], [ 19.655954092000059, 40.888679883000066 ], [ 19.649573755000063, 40.878815149000047 ], [ 19.637878484000055, 40.874918057000059 ], [ 19.629745232000062, 40.865876311000079 ], [ 19.605699782000045, 40.875220137000042 ], [ 19.597573, 40.866662499000029 ] ], [ [ 19.490243912000039, 40.969640005000031 ], [ 19.482417794000071, 40.952615683000033 ], [ 19.452975605000063, 40.911187159000065 ], [ 19.44508965600005, 40.888145161000068 ], [ 19.456486177000045, 40.885435660000041 ], [ 19.46644370000007, 40.888228898000079 ], [ 19.479906585000037, 40.884081923000053 ], [ 19.491366797000069, 40.893417033000048 ], [ 19.523556160000055, 40.910491592000028 ], [ 19.524158059000058, 40.922430118000079 ], [ 19.528346477000071, 40.93296063300005 ], [ 19.526129340000068, 40.942113174000042 ], [ 19.520595094000043, 40.946028330000047 ], [ 19.52051855600007, 40.955902367000078 ], [ 19.51427002500003, 40.970270794000044 ], [ 19.510147163000056, 40.974007486000062 ], [ 19.501172121000025, 40.973695110000051 ], [ 19.498797624000076, 40.979916088000039 ], [ 19.490243912000039, 40.969640005000031 ] ] ] ] } },
{ "type": "Feature", "properties": { "GISCO_ID": "AL_AL314", "CNTR_CODE": "AL", "LAU_ID": "AL314", "LAU_NAME": "SKRAPAR", "cell_coverage": [ [ 0, 0.1599, 0.8395, 0.6628, 0.1711, 0.2019, 0.1488, 0, 0, 0 ], [ 0, 0.0458, 0.8319, 1, 0.9997, 0.9997, 0.785, 0.009, 0, 0 ], [ 0, 0.0001, 0.6552, 1, 1, 1, 1, 0.3782, 0.0132, 0 ], [ 0.0046, 0.1253, 0.9454, 1, 1, 1, 1, 0.9594, 0.8517, 0.0918 ], [ 0.2143, 0.9346, 0.9975, 1, 1, 1, 1, 1, 1, 0.4517 ], [ 0, 0.7162, 1, 1, 1, 1, 1, 1, 1, 0.4532 ], [ 0, 0.2298, 0.6282, 0.9997, 1, 1, 1, 1, 1, 0.4422 ], [ 0, 0, 0, 0.524, 1, 1, 1, 1, 0.4938, 0.216 ], [ 0, 0, 0, 0.0028, 0.3553, 0.9801, 0.7795, 0.4623, 0.0054, 0 ], [ 0, 0, 0, 0, 0, 0.1621, 0.0519, 0, 0, 0 ] ], "xmin": 20.041666666666664, "xmax": 20.458333333333332, "ymin": 40.333333333333321, "ymax": 40.75 }, "geometry": { "type": "MultiPolygon", "coordinates": [ [ [ [ 20.296537, 40.726844999000036 ], [ 20.316461640000057, 40.70706907400006 ], [ 20.326085042000045, 40.680309517000069 ], [ 20.338579913000046, 40.666822833000026 ], [ 20.348495934000027, 40.645096060000071 ], [ 20.365247951000072, 40.619266309000068 ], [ 20.372774051000022, 40.618428428000072 ], [ 20.397932, 40.628819999000029 ], [ 20.409026365000045, 40.613188244000071 ], [ 20.409669503000032, 40.604638154000043 ], [ 20.424789339000029, 40.594447023000043 ], [ 20.436072435000028, 40.579586867000046 ], [ 20.437834333000069, 40.555740464000053 ], [ 20.430994634000058, 40.546492967000063 ], [ 20.430822339000031, 40.539395325000044 ], [ 20.426239167000062, 40.531207132000077 ], [ 20.440909889000068, 40.516434890000028 ], [ 20.442426424000075, 40.494153140000037 ], [ 20.436118543000077, 40.481035051000049 ], [ 20.427938050000023, 40.475023892000024 ], [ 20.431187974000068, 40.462726492000058 ], [ 20.436204935000035, 40.455829081000047 ], [ 20.435668131000057, 40.445119730000044 ], [ 20.438893500000063, 40.436825999000064 ], [ 20.418418985000073, 40.44092600700003 ], [ 20.397901209000054, 40.437936729000057 ], [ 20.381319645000076, 40.443204139000045 ], [ 20.376104403000056, 40.411319318000039 ], [ 20.369002135000073, 40.399068703000069 ], [ 20.362970251000036, 40.395798313000057 ], [ 20.352759199000047, 40.398081528000034 ], [ 20.342834423000056, 40.394771192000064 ], [ 20.324271388000057, 40.394064668000055 ], [ 20.310095454000077, 40.382839989000047 ], [ 20.302450527000076, 40.369657604000054 ], [ 20.290591500000062, 40.364715499000056 ], [ 20.278218932000073, 40.363039469000057 ], [ 20.268484751000074, 40.367182232000062 ], [ 20.231812819000027, 40.397756512000058 ], [ 20.223694920000071, 40.412565999000037 ], [ 20.193667847000029, 40.418002447000049 ], [ 20.195568212000069, 40.431702398000027 ], [ 20.184347798000033, 40.440691192000031 ], [ 20.17793000100005, 40.451231182000072 ], [ 20.167995434000034, 40.457538474000046 ], [ 20.154310483000074, 40.477683438000042 ], [ 20.138369048000072, 40.474951978000036 ], [ 20.119459922000033, 40.477060594000079 ], [ 20.11007402000007, 40.48318336400007 ], [ 20.103735022000023, 40.49533826000004 ], [ 20.094072500000038, 40.502129499000034 ], [ 20.10416585300004, 40.507757063000042 ], [ 20.088668575000042, 40.525776390000033 ], [ 20.095163506000063, 40.536207196000078 ], [ 20.088327508000077, 40.544626086000051 ], [ 20.085059744000034, 40.554807715000038 ], [ 20.069894972000043, 40.557186352000031 ], [ 20.064866277000078, 40.569313765000061 ], [ 20.075255448000064, 40.579448182000078 ], [ 20.076217229000065, 40.584604170000034 ], [ 20.099287883000045, 40.583440655000061 ], [ 20.111540992000073, 40.579882579000071 ], [ 20.123663906000047, 40.580658421000066 ], [ 20.132131180000044, 40.584677547000069 ], [ 20.131157384000062, 40.596581262000029 ], [ 20.117787384000053, 40.602211326000031 ], [ 20.112272869000037, 40.619026947000066 ], [ 20.124094348000028, 40.623394358000041 ], [ 20.12613828800005, 40.629828193000037 ], [ 20.145989795000048, 40.636901118000026 ], [ 20.143704852000042, 40.643223378000073 ], [ 20.148817850000057, 40.648803582000028 ], [ 20.138689800000066, 40.653654809000045 ], [ 20.140631004000056, 40.660993305000034 ], [ 20.132850317000077, 40.670613726000056 ], [ 20.137472191000029, 40.682891402000052 ], [ 20.134825105000061, 40.691700739000055 ], [ 20.109718347000069, 40.708132636000073 ], [ 20.113579500000071, 40.718504499000062 ], [ 20.112685116000023, 40.726012904000072 ], [ 20.140562603000035, 40.745499558000063 ], [ 20.150904, 40.747883499000068 ], [ 20.167995434000034, 40.740136448000044 ], [ 20.17365475400004, 40.732976570000062 ], [ 20.179580975000022, 40.731487947000062 ], [ 20.194529662000036, 40.737980394000033 ], [ 20.209627028000057, 40.738421777000042 ], [ 20.226634276000027, 40.708487267000066 ], [ 20.25384434800003, 40.708183922000046 ], [ 20.264704926000036, 40.71500422500003 ], [ 20.296537, 40.726844999000036 ] ] ] ] } },
{ "type": "Feature", "properties": { "GISCO_ID": "AL_AL355", "CNTR_CODE": "AL", "LAU_ID": "AL355", "LAU_NAME": "SARANDË", "cell_coverage": [ [ 0, 0.0115, 0.0364, 0 ], [ 0.1632, 0.8306, 0.6086, 0 ], [ 0, 0.0504, 0.5305, 0.2454 ], [ 0, 0.0106, 0.2699, 0.0193 ], [ 0, 0.2242, 0.4134, 0 ], [ 0, 0.064, 0.0903, 0 ] ], "xmin": 19.916666666666664, "xmax": 20.083333333333332, "ymin": 39.708333333333321, "ymax": 39.958333333333321 }, "geometry": { "type": "MultiPolygon", "coordinates": [ [ [ [ 19.932922500000075, 39.902161999000043 ], [ 19.949220900000057, 39.908359875000031 ], [ 19.977747800000031, 39.913126007000074 ], [ 19.98596285900004, 39.909864157000072 ], [ 19.996890331000031, 39.916193483000029 ], [ 19.996556245000022, 39.921880972000054 ], [ 20.001141474000065, 39.924031588000048 ], [ 20.009047537000072, 39.918612818000042 ], [ 20.018930500000067, 39.918276499000058 ], [ 20.021979500000043, 39.912889999000072 ], [ 20.013726172000077, 39.906455962000052 ], [ 20.017584094000028, 39.900221624000039 ], [ 20.023399977000054, 39.892993877000038 ], [ 20.034839002000069, 39.890334290000055 ], [ 20.034668571000054, 39.879907582000044 ], [ 20.041160180000077, 39.868787396000073 ], [ 20.058025781000026, 39.870838617000061 ], [ 20.05983038100004, 39.847871789000067 ], [ 20.053161127000067, 39.848701715000061 ], [ 20.051292685000078, 39.843582938000054 ], [ 20.046663042000034, 39.841426722000051 ], [ 20.043547186000069, 39.84499960200003 ], [ 20.036206353000068, 39.842475468000032 ], [ 20.027275323000026, 39.848501910000039 ], [ 20.019914254000071, 39.821219540000072 ], [ 20.022976967000034, 39.81717868000004 ], [ 20.050930584000071, 39.805521915000043 ], [ 20.050150500000029, 39.80170799900003 ], [ 20.025872016000051, 39.814028415000053 ], [ 20.016001771000049, 39.813072160000047 ], [ 20.012466767000035, 39.809653410000067 ], [ 20.011433133000025, 39.789271539000026 ], [ 20.019473079000022, 39.77096345800004 ], [ 20.017716652000047, 39.767290202000027 ], [ 20.023984780000035, 39.763866048000068 ], [ 20.027487667000059, 39.755942436000055 ], [ 20.020135634000042, 39.752478157000041 ], [ 20.018068859000039, 39.748477679000075 ], [ 20.025607, 39.748339499000053 ], [ 20.021769746000075, 39.742874130000075 ], [ 19.995866500000034, 39.743285499000081 ], [ 19.997276236000062, 39.752440067000066 ], [ 19.980815761000031, 39.743965509000077 ], [ 19.976684557000056, 39.746531839000056 ], [ 19.974300208000045, 39.752816615000029 ], [ 19.984231051000052, 39.767292179000037 ], [ 19.996280929000022, 39.768796852000037 ], [ 20.00581971500003, 39.780953969000052 ], [ 20.003355438000028, 39.790073560000053 ], [ 19.995287638000036, 39.796485130000065 ], [ 20.003610987000059, 39.803648195000051 ], [ 20.011855148000052, 39.818232720000026 ], [ 20.009985508000057, 39.835090352000066 ], [ 20.019443372000069, 39.845536874000061 ], [ 20.017647016000069, 39.861849250000034 ], [ 20.010577904000058, 39.872341533000053 ], [ 19.99911331800007, 39.869080160000067 ], [ 19.984396931000049, 39.870953996000026 ], [ 19.978323333000048, 39.876469020000059 ], [ 19.959466505000023, 39.884042635000071 ], [ 19.953126375000068, 39.895552831000032 ], [ 19.938359132000073, 39.896062137000058 ], [ 19.932922500000075, 39.902161999000043 ] ] ], [ [ [ 19.993391462000034, 39.737697130000072 ], [ 19.987906700000053, 39.739286338000056 ], [ 19.986181397000053, 39.743140260000075 ], [ 19.991052161000027, 39.745094910000034 ], [ 19.993391462000034, 39.737697130000072 ] ] ] ] } },
{ "type": "Feature", "properties": { "GISCO_ID": "AL_AL352", "CNTR_CODE": "AL", "LAU_ID": "AL352", "LAU_NAME": "HIMARË", "cell_coverage": [ [ 0, 0.1803, 0.2869, 0.2069, 0.1107, 0.4316, 0.7487, 0.0387, 0, 0, 0, 0 ], [ 0, 0.5124, 1, 0.9867, 0.8791, 1, 1, 0.4269, 0, 0, 0, 0 ], [ 0.0099, 0.6591, 1, 1, 1, 1, 1, 0.9548, 0.1549, 0, 0, 0 ], [ 0, 0.2371, 0.7465, 0.9978, 1, 1, 1, 1, 0.6252, 0, 0, 0 ], [ 0, 0, 0, 0.0945, 0.4894, 0.9812, 1, 1, 0.9974, 0.3146, 0, 0 ], [ 0, 0, 0, 0, 0, 0.2498, 0.7684, 0.9252, 1, 0.3305, 0, 0 ], [ 0, 0, 0, 0, 0, 0, 0, 0.097, 0.859, 0.2846, 0.0013, 0 ], [ 0, 0, 0, 0, 0, 0, 0, 0, 0.2334, 0.993, 0.5329, 0.0059 ], [ 0, 0, 0, 0, 0, 0, 0, 0, 0, 0.6677, 0.9885, 0.4269 ], [ 0, 0, 0, 0, 0, 0, 0, 0, 0.0218, 0.2933, 0.1051, 0 ] ], "xmin": 19.541666666666664, "xmax": 20.041666666666664, "ymin": 39.875, "ymax": 40.291666666666657 }, "geometry": { "type": "MultiPolygon", "coordinates": [ [ [ [ 19.947187, 40.069539999000028 ], [ 19.919933130000061, 40.071590711000056 ], [ 19.918893569000033, 40.065858793000075 ], [ 19.928183413000056, 40.049381420000032 ], [ 19.925423350000074, 40.044295567000063 ], [ 19.917082965000077, 40.039572041000042 ], [ 19.917284061000032, 40.027842571000065 ], [ 19.91111403900004, 40.021064405000061 ], [ 19.922690548000048, 40.016797136000037 ], [ 19.930167002000076, 40.009688671000049 ], [ 19.943989314000078, 40.01389185000005 ], [ 19.962326558000029, 39.998567908000041 ], [ 19.991356001000042, 39.96688563400005 ], [ 20.017765019000024, 39.951362787000051 ], [ 20.025391659000036, 39.937974659000076 ], [ 20.01805977600003, 39.933625436000057 ], [ 20.021697021000023, 39.923326769000028 ], [ 20.018930500000067, 39.918276499000058 ], [ 20.009047537000072, 39.918612818000042 ], [ 20.001141474000065, 39.924031588000048 ], [ 19.996556245000022, 39.921880972000054 ], [ 19.996890331000031, 39.916193483000029 ], [ 19.98596285900004, 39.909864157000072 ], [ 19.977747800000031, 39.913126007000074 ], [ 19.949220900000057, 39.908359875000031 ], [ 19.932922500000075, 39.902161999000043 ], [ 19.930067568000027, 39.899888174000068 ], [ 19.916146027000025, 39.900500926000063 ], [ 19.91013861700003, 39.908743323000067 ], [ 19.916774989000032, 39.911463153000057 ], [ 19.927018126000064, 39.924760580000054 ], [ 19.936649740000064, 39.927460418000067 ], [ 19.935445918000028, 39.942546259000039 ], [ 19.915951936000056, 39.964336139000068 ], [ 19.910451557000044, 39.97745866200006 ], [ 19.895397373000037, 39.994421720000048 ], [ 19.889123707000067, 40.007150712000055 ], [ 19.857192189000045, 40.041894837000029 ], [ 19.838159315000041, 40.050452971000027 ], [ 19.827558454000041, 40.051987462000056 ], [ 19.815755259000071, 40.051215469000056 ], [ 19.808491199000059, 40.047090655000034 ], [ 19.797437568000078, 40.047555045000024 ], [ 19.794591726000078, 40.051845502000049 ], [ 19.801242374000026, 40.056047973000034 ], [ 19.793018068000038, 40.061541064000039 ], [ 19.789826241000071, 40.06795616800008 ], [ 19.778941648000057, 40.070649804000027 ], [ 19.774417415000073, 40.059586013000057 ], [ 19.766621936000035, 40.078560666000044 ], [ 19.751197504000061, 40.080820704000075 ], [ 19.75338163400005, 40.093205714000078 ], [ 19.74957412200007, 40.098459002000027 ], [ 19.73347026600004, 40.100943753000024 ], [ 19.721832308000046, 40.108913922000056 ], [ 19.702131752000071, 40.113237343000037 ], [ 19.696415998000077, 40.121272058000045 ], [ 19.654929263000042, 40.128043544000036 ], [ 19.637130282000044, 40.141931443000033 ], [ 19.592147608000062, 40.161833374000025 ], [ 19.578822, 40.172897999000043 ], [ 19.585781804000078, 40.178899374000025 ], [ 19.589839244000075, 40.187932170000067 ], [ 19.607720965000055, 40.186232029000053 ], [ 19.611723324000025, 40.189224700000068 ], [ 19.607438823000052, 40.202753857000062 ], [ 19.609276367000064, 40.212795467000035 ], [ 19.602636501000063, 40.222346610000045 ], [ 19.601412751000055, 40.248802654000031 ], [ 19.606763327000067, 40.258529788000033 ], [ 19.617624, 40.268652499000041 ], [ 19.626293262000047, 40.271160504000079 ], [ 19.640214267000033, 40.26182751500005 ], [ 19.659366861000024, 40.256529166000064 ], [ 19.667971986000055, 40.262293477000071 ], [ 19.686091051000062, 40.259930282000028 ], [ 19.693164152000065, 40.263168577000044 ], [ 19.706258485000035, 40.244465553000055 ], [ 19.720983579000062, 40.238569482000059 ], [ 19.730857053000022, 40.243623588000048 ], [ 19.733118172000047, 40.247998907000067 ], [ 19.733118172000047, 40.252207524000028 ], [ 19.733118172000047, 40.25552950000008 ], [ 19.737467480000078, 40.260791514000061 ], [ 19.771928603000049, 40.270188652000058 ], [ 19.79062612000007, 40.267623382000068 ], [ 19.800021809000043, 40.274492379000037 ], [ 19.807072909000055, 40.27592670100006 ], [ 19.813908500000025, 40.290345499000068 ], [ 19.832542334000038, 40.284312002000036 ], [ 19.833369560000051, 40.267771464000077 ], [ 19.849032324000063, 40.230592105000028 ], [ 19.84798855300005, 40.220388003000039 ], [ 19.857060460000071, 40.215874448000079 ], [ 19.871906066000065, 40.213451596000027 ], [ 19.873310351000043, 40.200203700000031 ], [ 19.864643977000071, 40.197316959000034 ], [ 19.886788, 40.179201499000044 ], [ 19.897193490000063, 40.166493818000049 ], [ 19.894600212000057, 40.145990530000063 ], [ 19.91440427200007, 40.128292582000029 ], [ 19.917632061000063, 40.11482409100006 ], [ 19.924814662000074, 40.112529305000066 ], [ 19.934135383000068, 40.102186825000047 ], [ 19.938832386000058, 40.088919127000054 ], [ 19.946288437000078, 40.080926786000077 ], [ 19.947187, 40.069539999000028 ] ] ] ] } },
{ "type": "Feature", "properties": { "GISCO_ID": "AL_AL122", "CNTR_CODE": "AL", "LAU_ID": "AL122", "LAU_NAME": "KRUJË", "cell_coverage": [ [ 0, 0, 0, 0, 0, 0.0738, 0, 0, 0 ], [ 0, 0.4279, 0.7697, 0.5091, 0.4231, 0.8765, 0.6403, 0.3627, 0 ], [ 0, 0.1549, 0.9989, 1, 1, 1, 1, 0.9994, 0.5964 ], [ 0, 0.6791, 1, 0.9763, 1, 1, 1, 1, 0.5098 ], [ 0, 0.0637, 0.2425, 0.2955, 0.9958, 0.4918, 0.4183, 0.2781, 0.0013 ], [ 0, 0, 0, 0.003, 0.3163, 0.0032, 0, 0, 0 ] ], "xmin": 19.541666666666664, "xmax": 19.916666666666664, "ymin": 41.375, "ymax": 41.625 }, "geometry": { "type": "MultiPolygon", "coordinates": [ [ [ [ 19.832179, 41.568234499000027 ], [ 19.851380640000059, 41.562948809000034 ], [ 19.868822432000059, 41.543094823000047 ], [ 19.894529392000038, 41.533501935000061 ], [ 19.900836650000031, 41.524091216000045 ], [ 19.907346163000057, 41.520062088000032 ], [ 19.908352500000035, 41.511927999000079 ], [ 19.903964132000056, 41.502243613000076 ], [ 19.900747242000023, 41.476921115000039 ], [ 19.876208897000026, 41.457783970000037 ], [ 19.869989811000039, 41.446208744000046 ], [ 19.839998707000063, 41.446617599000035 ], [ 19.820681957000033, 41.438029399000072 ], [ 19.805779661000031, 41.442530120000072 ], [ 19.764564116000031, 41.437218534000067 ], [ 19.757596525000054, 41.439471663000063 ], [ 19.750515850000056, 41.433987211000044 ], [ 19.753702797000074, 41.428330556000049 ], [ 19.746123853000029, 41.414828435000061 ], [ 19.752443500000027, 41.403935499000056 ], [ 19.724685222000062, 41.400302688000068 ], [ 19.711992773000077, 41.404900536000071 ], [ 19.714883668000027, 41.406625731000076 ], [ 19.708012749000034, 41.412008091000075 ], [ 19.705119378000063, 41.420686296000042 ], [ 19.699013068000056, 41.426154634000056 ], [ 19.698036520000073, 41.435318565000046 ], [ 19.703461775000051, 41.43974010200003 ], [ 19.690780221000068, 41.464911234000056 ], [ 19.684515673000078, 41.464038728000048 ], [ 19.688206475000072, 41.459481307000033 ], [ 19.679298176000032, 41.458151641000029 ], [ 19.674908763000076, 41.452798771000062 ], [ 19.670619775000034, 41.433791770000028 ], [ 19.646824171000048, 41.454358300000081 ], [ 19.622517500000072, 41.445653499000059 ], [ 19.619165943000041, 41.451031469000043 ], [ 19.611414550000063, 41.454719057000034 ], [ 19.60270250700006, 41.467351912000026 ], [ 19.587996717000067, 41.470932640000058 ], [ 19.583149171000059, 41.480793163000044 ], [ 19.585891616000026, 41.485596194000038 ], [ 19.605493434000039, 41.492490510000039 ], [ 19.626140966000037, 41.510774355000081 ], [ 19.61431970600006, 41.533501935000061 ], [ 19.603292856000053, 41.553605294000079 ], [ 19.591609953000045, 41.561647558000061 ], [ 19.591052, 41.571124499000064 ], [ 19.627220110000053, 41.570005123000044 ], [ 19.639538082000058, 41.579606229000035 ], [ 19.660527819000038, 41.570057011000074 ], [ 19.696850723000068, 41.559904139000025 ], [ 19.736848480000049, 41.557862555000042 ], [ 19.76225843900005, 41.56929720100004 ], [ 19.763967122000054, 41.572260756000048 ], [ 19.759689511000033, 41.584852823000062 ], [ 19.774122130000023, 41.590427783000052 ], [ 19.78367822000007, 41.588048352000044 ], [ 19.797184691000041, 41.572935079000047 ], [ 19.806624996000039, 41.566740357000072 ], [ 19.818297951000034, 41.564746496000055 ], [ 19.832179, 41.568234499000027 ] ] ] ] } },
{ "type": "Feature", "properties": { "GISCO_ID": "AL_AL356", "CNTR_CODE": "AL", "LAU_ID": "AL356", "LAU_NAME": "SELENICË", "cell_coverage": [ [ 0, 0.2695, 0.357, 0.1906, 0, 0, 0, 0 ], [ 0, 0.4319, 1, 0.986, 0.7177, 0.2659, 0, 0 ], [ 0, 0.4458, 1, 1, 1, 0.8186, 0, 0 ], [ 0.0883, 0.964, 1, 1, 1, 0.967, 0.3236, 0 ], [ 0.228, 1, 1, 1, 1, 1, 0.9279, 0.0825 ], [ 0.0704, 0.8953, 1, 1, 1, 0.9841, 0.2128, 0 ], [ 0, 0.3395, 0.9923, 1, 1, 1, 0.9315, 0.2485 ], [ 0, 0, 0.2413, 0.7131, 0.7931, 0.8893, 0.5684, 0.1976 ], [ 0, 0, 0, 0, 0.0133, 0.1209, 0, 0 ] ], "xmin": 19.5, "xmax": 19.833333333333332, "ymin": 40.208333333333321, "ymax": 40.583333333333321 }, "geometry": { "type": "MultiPolygon", "coordinates": [ [ [ [ 19.64991, 40.544660499000031 ], [ 19.689765219000037, 40.526278299000069 ], [ 19.711992773000077, 40.529891268000029 ], [ 19.727757323000048, 40.524084386000027 ], [ 19.73208297900004, 40.517660440000043 ], [ 19.716156011000066, 40.502779765000071 ], [ 19.717065621000074, 40.491842818000066 ], [ 19.723539944000038, 40.490966716000059 ], [ 19.743593288000056, 40.49773543200007 ], [ 19.747810443000049, 40.495334171000025 ], [ 19.749655960000041, 40.480796764000047 ], [ 19.743837679000023, 40.467542422000065 ], [ 19.743820805000041, 40.455639925000071 ], [ 19.744099500000061, 40.451609499000028 ], [ 19.751194, 40.444970999000077 ], [ 19.76125, 40.43908699900004 ], [ 19.768462500000055, 40.431709499000078 ], [ 19.781657, 40.421253499000045 ], [ 19.785908500000062, 40.415412999000068 ], [ 19.786889500000029, 40.413089999000078 ], [ 19.787937, 40.409270999000057 ], [ 19.789717500000052, 40.405998499000077 ], [ 19.79171, 40.404014999000026 ], [ 19.794519500000035, 40.402308499000071 ], [ 19.798862, 40.400199499000053 ], [ 19.803733500000078, 40.396928999000068 ], [ 19.806347500000072, 40.394347499000048 ], [ 19.783860231000062, 40.380953083000065 ], [ 19.776587275000054, 40.37115133900005 ], [ 19.759679291000054, 40.363928501000032 ], [ 19.744685175000029, 40.348280306000049 ], [ 19.755495622000069, 40.33847961500004 ], [ 19.774672211000052, 40.332101123000029 ], [ 19.807079015000056, 40.310623117000034 ], [ 19.813908500000025, 40.290345499000068 ], [ 19.807072909000055, 40.27592670100006 ], [ 19.800021809000043, 40.274492379000037 ], [ 19.79062612000007, 40.267623382000068 ], [ 19.771928603000049, 40.270188652000058 ], [ 19.737467480000078, 40.260791514000061 ], [ 19.733118172000047, 40.25552950000008 ], [ 19.733118172000047, 40.252207524000028 ], [ 19.733118172000047, 40.247998907000067 ], [ 19.730857053000022, 40.243623588000048 ], [ 19.720983579000062, 40.238569482000059 ], [ 19.706258485000035, 40.244465553000055 ], [ 19.693164152000065, 40.263168577000044 ], [ 19.686091051000062, 40.259930282000028 ], [ 19.667971986000055, 40.262293477000071 ], [ 19.659366861000024, 40.256529166000064 ], [ 19.640214267000033, 40.26182751500005 ], [ 19.626293262000047, 40.271160504000079 ], [ 19.617624, 40.268652499000041 ], [ 19.618153, 40.271880999000075 ], [ 19.618251500000042, 40.274075499000048 ], [ 19.615361, 40.275393499000074 ], [ 19.610987, 40.276912999000047 ], [ 19.609392385000035, 40.27839993300006 ], [ 19.573046233000071, 40.302801341000077 ], [ 19.556724901000052, 40.334525717000076 ], [ 19.52889323900007, 40.374635678000061 ], [ 19.52861094900004, 40.382146102000036 ], [ 19.535243634000039, 40.395982472000071 ], [ 19.532410039000069, 40.409095686000057 ], [ 19.536359875000073, 40.436538714000051 ], [ 19.547801649000064, 40.45232876700004 ], [ 19.547522172000072, 40.455639925000071 ], [ 19.548681177000049, 40.459890004000044 ], [ 19.558510297000055, 40.459140245000071 ], [ 19.571851913000046, 40.462395043000072 ], [ 19.569712587000026, 40.474790178000035 ], [ 19.561635544000069, 40.484438487000034 ], [ 19.558939342000031, 40.501356718000068 ], [ 19.561945297000022, 40.515130032000059 ], [ 19.572014275000072, 40.523903483000026 ], [ 19.567858900000033, 40.537682687000029 ], [ 19.558661494000035, 40.54382170000008 ], [ 19.561471136000023, 40.560981365000032 ], [ 19.568534896000074, 40.565144905000068 ], [ 19.570115500000043, 40.569226499000081 ], [ 19.572726295000052, 40.566688360000057 ], [ 19.572138623000058, 40.561676273000046 ], [ 19.582047618000047, 40.55679748600005 ], [ 19.586250402000076, 40.56059803100004 ], [ 19.590604943000073, 40.560446597000066 ], [ 19.59772752300006, 40.553784958000051 ], [ 19.606302847000052, 40.552290136000067 ], [ 19.624850305000052, 40.560801387000026 ], [ 19.639150071000074, 40.555320077000033 ], [ 19.64991, 40.544660499000031 ] ] ] ] } },
{ "type": "Feature", "properties": { "GISCO_ID": "AL_AL337", "CNTR_CODE": "AL", "LAU_ID": "AL337", "LAU_NAME": "MEMALIAJ", "cell_coverage": [ [ 0, 0, 0.0078, 0.4737, 0.4237, 0.2877, 0.0128, 0.0116, 0.019 ], [ 0, 0.0172, 0.5849, 0.9995, 1, 1, 0.9003, 0.824, 0.072 ], [ 0.0307, 0.4378, 1, 1, 1, 1, 1, 0.3835, 0 ], [ 0.0273, 0.5408, 0.7318, 0.9782, 1, 1, 1, 0.6305, 0 ], [ 0, 0, 0, 0.1312, 0.5849, 0.953, 1, 0.9863, 0.1807 ], [ 0, 0, 0, 0, 0, 0.0709, 0.324, 0.2045, 0.0002 ] ], "xmin": 19.75, "xmax": 20.125, "ymin": 40.291666666666657, "ymax": 40.541666666666657 }, "geometry": { "type": "MultiPolygon", "coordinates": [ [ [ [ 20.093845, 40.502214999000046 ], [ 20.079599407000046, 40.464220389000047 ], [ 20.063954496000065, 40.455639925000071 ], [ 20.058466118000069, 40.454366666000055 ], [ 20.049177311000051, 40.445432727000025 ], [ 20.058832434000067, 40.435888085000045 ], [ 20.062074474000042, 40.402394834000063 ], [ 20.077531302000068, 40.379943653000055 ], [ 20.084116479000045, 40.361085107000065 ], [ 20.104962, 40.341227999000068 ], [ 20.045149658000071, 40.318057275000058 ], [ 20.024030778000053, 40.314878590000035 ], [ 20.000460673000077, 40.329833228000041 ], [ 19.989772106000032, 40.326359315000047 ], [ 19.982361268000034, 40.327881147000028 ], [ 19.959787433000031, 40.342626366000047 ], [ 19.956273321000026, 40.349072921000072 ], [ 19.943217939000078, 40.352043259000027 ], [ 19.925620956000046, 40.348539238000058 ], [ 19.894795839000039, 40.373620894000055 ], [ 19.843474420000064, 40.38991429400005 ], [ 19.81098912300007, 40.391173623000043 ], [ 19.806347500000072, 40.394347499000048 ], [ 19.803733500000078, 40.396928999000068 ], [ 19.798862, 40.400199499000053 ], [ 19.794519500000035, 40.402308499000071 ], [ 19.79171, 40.404014999000026 ], [ 19.789717500000052, 40.405998499000077 ], [ 19.787937, 40.409270999000057 ], [ 19.786889500000029, 40.413089999000078 ], [ 19.785908500000062, 40.415412999000068 ], [ 19.781657, 40.421253499000045 ], [ 19.802820440000062, 40.427588960000037 ], [ 19.812447873000053, 40.425228437000044 ], [ 19.823533671000064, 40.439788515000032 ], [ 19.822862624000038, 40.450482280000074 ], [ 19.828007637000042, 40.455639925000071 ], [ 19.834438160000047, 40.464878691000081 ], [ 19.829461880000053, 40.477482720000069 ], [ 19.838308738000023, 40.480313412000044 ], [ 19.856854418000069, 40.480179836000048 ], [ 19.875522189000037, 40.492431102000069 ], [ 19.873110196000027, 40.506692211000029 ], [ 19.876552212000036, 40.513415009000028 ], [ 19.874002211000061, 40.520091630000024 ], [ 19.898762220000037, 40.518421825000075 ], [ 19.913564, 40.522421999000073 ], [ 19.931636, 40.519805499000029 ], [ 19.937063032000026, 40.516791652000052 ], [ 19.946840326000029, 40.514330048000033 ], [ 19.964095332000056, 40.516099644000064 ], [ 19.970477335000055, 40.512058155000034 ], [ 19.981650433000027, 40.515345110000055 ], [ 19.99846937500007, 40.503677953000079 ], [ 20.007782003000045, 40.501967613000033 ], [ 20.012495333000061, 40.495099220000043 ], [ 20.02534866600007, 40.491478796000081 ], [ 20.04623919900007, 40.500976364000053 ], [ 20.053855351000038, 40.493159561000027 ], [ 20.069034179000028, 40.489275362000058 ], [ 20.076736800000049, 40.492807312000025 ], [ 20.079949673000044, 40.50489624800008 ], [ 20.093845, 40.502214999000046 ] ] ] ] } },
{ "type": "Feature", "properties": { "GISCO_ID": "AL_AL346", "CNTR_CODE": "AL", "LAU_ID": "AL346", "LAU_NAME": "PUSTEC", "cell_coverage": [ [ 0.0029, 0.3573, 0.1394, 0.1133, 0 ], [ 0.0252, 0.9181, 1, 0.8037, 0.2753 ], [ 0.0611, 0.9259, 1, 0.7609, 0.0531 ], [ 0.1153, 1, 0.9996, 0.4195, 0.0312 ], [ 0.1239, 0.9803, 0.853, 0.5202, 0.3739 ], [ 0, 0.1393, 0.1565, 0.0137, 0.0521 ] ], "xmin": 20.791666666666664, "xmax": 20.999999999999996, "ymin": 40.708333333333321, "ymax": 40.958333333333321 }, "geometry": { "type": "MultiPolygon", "coordinates": [ [ [ [ 20.837823, 40.927682999000069 ], [ 20.848710225000048, 40.937151031000042 ], [ 20.899409492000075, 40.919045732000029 ], [ 20.917926480000062, 40.923585253000056 ], [ 20.928243799000029, 40.921820783000044 ], [ 20.939671356000076, 40.923942234000037 ], [ 20.968370459000027, 40.910092249000058 ], [ 20.977486482000074, 40.899485220000031 ], [ 20.977663500000062, 40.889660999000057 ], [ 20.961426739000046, 40.879866162000042 ], [ 20.949108501000069, 40.880007969000076 ], [ 20.945339211000032, 40.887383102000058 ], [ 20.93596363000006, 40.891880434000029 ], [ 20.924251627000046, 40.88565013300007 ], [ 20.929803202000073, 40.878380335000031 ], [ 20.930087962000073, 40.871562543000039 ], [ 20.93547959700004, 40.873953498000049 ], [ 20.941383511000026, 40.870580810000035 ], [ 20.942463188000033, 40.860169389000077 ], [ 20.957150646000059, 40.859401285000047 ], [ 20.964252248000037, 40.855194321000056 ], [ 20.966327006000029, 40.850192637000077 ], [ 20.962518390000071, 40.842729919000078 ], [ 20.941588040000056, 40.838878030000046 ], [ 20.935654122000074, 40.832890049000071 ], [ 20.938922417000072, 40.821334697000054 ], [ 20.936898168000027, 40.811165575000075 ], [ 20.940248308000037, 40.805841138000062 ], [ 20.929289772000061, 40.799413034000054 ], [ 20.919188313000063, 40.798093576000042 ], [ 20.916481944000054, 40.792331368000077 ], [ 20.909331909000059, 40.78954840800003 ], [ 20.909669331000032, 40.770479722000061 ], [ 20.915217010000049, 40.765616420000072 ], [ 20.921260282000048, 40.764861823000047 ], [ 20.94059743300005, 40.77612517700004 ], [ 20.961455647000037, 40.783223701000054 ], [ 20.98475, 40.801056499000026 ], [ 20.984212713000034, 40.792903975000058 ], [ 20.97700814500007, 40.782725520000042 ], [ 20.960837749000063, 40.771465640000031 ], [ 20.973100697000064, 40.763412244000051 ], [ 20.983169006000026, 40.761642571000039 ], [ 20.985969500000067, 40.749385499000027 ], [ 20.972759726000049, 40.745148372000074 ], [ 20.932914422000067, 40.751151574000062 ], [ 20.921753527000078, 40.756987223000067 ], [ 20.903430265000054, 40.755282148000049 ], [ 20.90053750900006, 40.750892417000045 ], [ 20.90529459000004, 40.746220589000075 ], [ 20.902782500000058, 40.73347349900007 ], [ 20.894812246000072, 40.734932020000031 ], [ 20.88486761300004, 40.744969750000052 ], [ 20.884062752000034, 40.751582975000076 ], [ 20.873344799000051, 40.741375245000029 ], [ 20.86371663400007, 40.73862663400007 ], [ 20.839269372000047, 40.750553207000053 ], [ 20.822652749000042, 40.779403196000032 ], [ 20.830208986000059, 40.81751416700007 ], [ 20.829598502000067, 40.83815648500007 ], [ 20.823701, 40.846514499000079 ], [ 20.837801205000062, 40.85638343100004 ], [ 20.840092580000032, 40.862803270000029 ], [ 20.841155453000056, 40.887804325000047 ], [ 20.832215586000075, 40.901102611000056 ], [ 20.829172500000027, 40.914123999000026 ], [ 20.837823, 40.927682999000069 ] ] ], [ [ [ 20.938580252000065, 40.796570746000043 ], [ 20.934561617000043, 40.790646041000059 ], [ 20.929785790000039, 40.790869388000033 ], [ 20.930781222000064, 40.792783196000073 ], [ 20.938580252000065, 40.796570746000043 ] ] ] ] } },
{ "type": "Feature", "properties": { "GISCO_ID": "AL_AL341", "CNTR_CODE": "AL", "LAU_ID": "AL341", "LAU_NAME": "DEVOLL", "cell_coverage": [ [ 0, 0, 0, 0.0499, 0.0485, 0, 0, 0 ], [ 0, 0, 0, 0.3319, 0.9863, 0.7957, 0.1584, 0 ], [ 0, 0, 0.0673, 0.8016, 1, 1, 0.9037, 0.0885 ], [ 0, 0, 0.3733, 1, 1, 1, 1, 0.3034 ], [ 0, 0, 0.6048, 1, 1, 1, 0.9992, 0.1372 ], [ 0, 0, 0.7378, 1, 1, 0.9996, 0.7079, 0.0343 ], [ 0.1657, 0.3667, 0.9099, 1, 1, 0.5098, 0, 0 ], [ 0.4114, 0.9947, 0.5994, 0.6192, 0.7826, 0.0887, 0, 0 ], [ 0.1166, 0.4033, 0, 0, 0, 0, 0, 0 ] ], "xmin": 20.75, "xmax": 21.083333333333332, "ymin": 40.416666666666657, "ymax": 40.791666666666657 }, "geometry": { "type": "MultiPolygon", "coordinates": [ [ [ [ 20.902782500000058, 40.73347349900007 ], [ 20.90529459000004, 40.746220589000075 ], [ 20.90053750900006, 40.750892417000045 ], [ 20.903430265000054, 40.755282148000049 ], [ 20.921753527000078, 40.756987223000067 ], [ 20.932914422000067, 40.751151574000062 ], [ 20.972759726000049, 40.745148372000074 ], [ 20.985969500000067, 40.749385499000027 ], [ 20.983992189000048, 40.740532017000078 ], [ 20.988209348000055, 40.734377257000062 ], [ 21.010581091000063, 40.722435680000046 ], [ 21.034582500000056, 40.697537999000076 ], [ 21.03626, 40.695216999000024 ], [ 21.037522500000023, 40.693677999000045 ], [ 21.04105450000003, 40.688454499000045 ], [ 21.044071, 40.683299499000043 ], [ 21.046924, 40.67989299900006 ], [ 21.056733028000053, 40.666913360000081 ], [ 21.052479213000026, 40.635660741000038 ], [ 21.056068500000038, 40.616695499000059 ], [ 21.045637123000063, 40.613307343000031 ], [ 21.047688559000051, 40.60080823100003 ], [ 21.040824642000075, 40.590858698000034 ], [ 21.046303169000055, 40.576294906000044 ], [ 21.042389, 40.563371499000027 ], [ 21.041592281000078, 40.558289883000043 ], [ 21.033660353000073, 40.555093180000028 ], [ 21.023037683000041, 40.556013515000075 ], [ 21.012701, 40.553341499000055 ], [ 21.004900556000052, 40.550424035000049 ], [ 20.999279419000061, 40.542074606000028 ], [ 20.997985798000059, 40.53394270900003 ], [ 20.976189447000024, 40.520452489000036 ], [ 20.971271500000057, 40.520179499000051 ], [ 20.964728946000037, 40.508728360000077 ], [ 20.968921873000056, 40.498424503000081 ], [ 20.967760935000058, 40.488912602000028 ], [ 20.953290805000051, 40.475023892000024 ], [ 20.954144967000047, 40.469225324000035 ], [ 20.941411, 40.465350499000067 ], [ 20.926387810000051, 40.464036214000032 ], [ 20.907031318000065, 40.475466450000056 ], [ 20.889105273000041, 40.47527516100007 ], [ 20.870577310000044, 40.471383030000027 ], [ 20.855035457000042, 40.47825139300005 ], [ 20.84567852400005, 40.479260270000054 ], [ 20.838269454000056, 40.473897565000073 ], [ 20.821368149000023, 40.441137162000075 ], [ 20.798369, 40.434790999000029 ], [ 20.795661, 40.433789499000056 ], [ 20.776551333000043, 40.452199133000079 ], [ 20.776982683000028, 40.479449418000058 ], [ 20.771770875000072, 40.493995211000026 ], [ 20.763260500000058, 40.498956999000029 ], [ 20.769128608000074, 40.507886676000055 ], [ 20.774867723000057, 40.510072715000035 ], [ 20.784147311000027, 40.511686913000062 ], [ 20.79096002600005, 40.518218790000049 ], [ 20.805679955000073, 40.516939734000061 ], [ 20.81975780700003, 40.511556575000043 ], [ 20.837497575000043, 40.517960851000055 ], [ 20.837131278000072, 40.525559030000068 ], [ 20.84334715600005, 40.537756138000077 ], [ 20.842448909000041, 40.561914308000041 ], [ 20.849528426000063, 40.585858047000045 ], [ 20.84912747900006, 40.61563742800007 ], [ 20.857486443000028, 40.632325798000068 ], [ 20.857670334000034, 40.64823911700006 ], [ 20.866232628000034, 40.664034620000052 ], [ 20.866654500000038, 40.674038999000061 ], [ 20.869188099000041, 40.67999831700007 ], [ 20.890005039000073, 40.694723962000069 ], [ 20.899812071000042, 40.709706705000031 ], [ 20.903099771000029, 40.719761069000072 ], [ 20.902782500000058, 40.73347349900007 ] ] ] ] } },
{ "type": "Feature", "properties": { "GISCO_ID": "AL_AL351", "CNTR_CODE": "AL", "LAU_ID": "AL351", "LAU_NAME": "DELVINË", "cell_coverage": [ [ 0, 0.5153, 0.3845, 0.4407, 0.2025, 0, 0 ], [ 0.013, 0.7154, 0.9987, 1, 0.9669, 0.3217, 0 ], [ 0, 0, 0.4671, 0.9941, 1, 0.9893, 0.1575 ], [ 0, 0, 0, 0.5367, 0.8123, 0.5598, 0.0077 ], [ 0, 0, 0, 0.0492, 0.0061, 0, 0 ] ], "xmin": 19.875, "xmax": 20.166666666666668, "ymin": 39.875, "ymax": 40.083333333333321 }, "geometry": { "type": "MultiPolygon", "coordinates": [ [ [ [ 20.142456500000037, 39.978078999000047 ], [ 20.127426782000043, 39.961908987000072 ], [ 20.124911189000045, 39.943766846000074 ], [ 20.118052904000024, 39.931876079000062 ], [ 20.105122166000058, 39.939623084000061 ], [ 20.098163449000026, 39.940144340000074 ], [ 20.093104211000025, 39.936048949000053 ], [ 20.09447963100007, 39.931693516000053 ], [ 20.08202959700003, 39.922896295000044 ], [ 20.045028083000034, 39.927578783000058 ], [ 20.041689123000026, 39.924475397000037 ], [ 20.048663501000078, 39.918294502000037 ], [ 20.042129035000073, 39.912818665000032 ], [ 20.033641111000065, 39.913936301000035 ], [ 20.028082277000067, 39.910470256000053 ], [ 20.021979500000043, 39.912889999000072 ], [ 20.018930500000067, 39.918276499000058 ], [ 20.021697021000023, 39.923326769000028 ], [ 20.01805977600003, 39.933625436000057 ], [ 20.025391659000036, 39.937974659000076 ], [ 20.017765019000024, 39.951362787000051 ], [ 19.991356001000042, 39.96688563400005 ], [ 19.962326558000029, 39.998567908000041 ], [ 19.943989314000078, 40.01389185000005 ], [ 19.930167002000076, 40.009688671000049 ], [ 19.922690548000048, 40.016797136000037 ], [ 19.91111403900004, 40.021064405000061 ], [ 19.917284061000032, 40.027842571000065 ], [ 19.917082965000077, 40.039572041000042 ], [ 19.925423350000074, 40.044295567000063 ], [ 19.928183413000056, 40.049381420000032 ], [ 19.918893569000033, 40.065858793000075 ], [ 19.919933130000061, 40.071590711000056 ], [ 19.947187, 40.069539999000028 ], [ 19.951920576000077, 40.058936204000076 ], [ 19.961581261000049, 40.053866589000052 ], [ 19.976737023000055, 40.053781363000041 ], [ 19.994825941000045, 40.065156085000069 ], [ 20.040686427000026, 40.05611177600008 ], [ 20.055658084000072, 40.056744944000059 ], [ 20.067622443000062, 40.04908084200008 ], [ 20.069945421000057, 40.042571646000056 ], [ 20.081142047000071, 40.034464815000035 ], [ 20.083948301000078, 40.027599284000075 ], [ 20.116483500000072, 40.005116999000052 ], [ 20.128959122000026, 39.986804868000036 ], [ 20.142456500000037, 39.978078999000047 ] ] ] ] } },
{ "type": "Feature", "properties": { "GISCO_ID": "AL_AL343", "CNTR_CODE": "AL", "LAU_ID": "AL343", "LAU_NAME": "KORÇË", "cell_coverage": [ [ 0, 0, 0, 0.0886, 0, 0.0099, 0, 0, 0, 0, 0, 0 ], [ 0, 0, 0, 0.5603, 0.794, 0.7955, 0.4337, 0.1421, 0.0858, 0.5498, 0.488, 0.1906 ], [ 0.0851, 0.4482, 0.6182, 0.8914, 1, 1, 1, 0.9968, 0.9998, 1, 1, 0.6267 ], [ 0.126, 0.9082, 1, 1, 1, 1, 1, 1, 1, 1, 1, 0.3952 ], [ 0, 0.5483, 1, 1, 1, 1, 1, 1, 1, 1, 1, 0.2622 ], [ 0, 0.5468, 1, 1, 1, 1, 1, 1, 1, 0.8343, 0.6333, 0.0901 ], [ 0, 0.5578, 1, 1, 0.8582, 0.8734, 0.5963, 0.1253, 0.065, 0.0106, 0, 0 ], [ 0, 0.2439, 0.567, 0.4834, 0.0004, 0, 0, 0, 0, 0, 0, 0 ] ], "xmin": 20.375, "xmax": 20.875, "ymin": 40.41666666666665, "ymax": 40.75 }, "geometry": { "type": "MultiPolygon", "coordinates": [ [ [ [ 20.449272500000063, 40.439898999000036 ], [ 20.438893500000063, 40.436825999000064 ], [ 20.435668131000057, 40.445119730000044 ], [ 20.436204935000035, 40.455829081000047 ], [ 20.431187974000068, 40.462726492000058 ], [ 20.427938050000023, 40.475023892000024 ], [ 20.436118543000077, 40.481035051000049 ], [ 20.442426424000075, 40.494153140000037 ], [ 20.440909889000068, 40.516434890000028 ], [ 20.426239167000062, 40.531207132000077 ], [ 20.430822339000031, 40.539395325000044 ], [ 20.430994634000058, 40.546492967000063 ], [ 20.437834333000069, 40.555740464000053 ], [ 20.436072435000028, 40.579586867000046 ], [ 20.424789339000029, 40.594447023000043 ], [ 20.409669503000032, 40.604638154000043 ], [ 20.409026365000045, 40.613188244000071 ], [ 20.397932, 40.628819999000029 ], [ 20.417382596000039, 40.637833938000028 ], [ 20.454869664000057, 40.648749155000075 ], [ 20.473808, 40.652081556000041 ], [ 20.483587558000067, 40.648423636000075 ], [ 20.514443603000075, 40.658464226000035 ], [ 20.525045731000034, 40.668347231000041 ], [ 20.511772824000047, 40.696225564000031 ], [ 20.531575490000023, 40.719683094000061 ], [ 20.54148219700005, 40.71852842900006 ], [ 20.539813216000027, 40.706639050000035 ], [ 20.546291391000068, 40.698286493000069 ], [ 20.55208035000004, 40.695449407000069 ], [ 20.56011982800004, 40.69525880100008 ], [ 20.572932249000075, 40.704881248000049 ], [ 20.586742668000056, 40.701681614000051 ], [ 20.600463919000049, 40.709519481000029 ], [ 20.614051089000043, 40.709444879000046 ], [ 20.618239317000075, 40.703242501000034 ], [ 20.608492695000052, 40.692944098000055 ], [ 20.613259030000052, 40.684306231000051 ], [ 20.625399263000077, 40.682553131000077 ], [ 20.649664934000043, 40.689941420000025 ], [ 20.660815523000053, 40.678931308000074 ], [ 20.668427378000047, 40.679660007000052 ], [ 20.672504135000054, 40.683586176000063 ], [ 20.686982058000069, 40.669730289000029 ], [ 20.702942385000028, 40.665649199000029 ], [ 20.735024615000043, 40.670030348000068 ], [ 20.751728541000034, 40.678532816000029 ], [ 20.755545534000078, 40.691149358000075 ], [ 20.774867723000057, 40.690742958000044 ], [ 20.783880300000078, 40.69097658000004 ], [ 20.802824934000057, 40.684088845000076 ], [ 20.828090266000061, 40.689917634000039 ], [ 20.837750679000067, 40.685980552000046 ], [ 20.838128401000063, 40.681331429000068 ], [ 20.84260831000006, 40.67710541100007 ], [ 20.856436716000076, 40.672516709000035 ], [ 20.866654500000038, 40.674038999000061 ], [ 20.866232628000034, 40.664034620000052 ], [ 20.857670334000034, 40.64823911700006 ], [ 20.857486443000028, 40.632325798000068 ], [ 20.84912747900006, 40.61563742800007 ], [ 20.849528426000063, 40.585858047000045 ], [ 20.842448909000041, 40.561914308000041 ], [ 20.84334715600005, 40.537756138000077 ], [ 20.837131278000072, 40.525559030000068 ], [ 20.837497575000043, 40.517960851000055 ], [ 20.81975780700003, 40.511556575000043 ], [ 20.805679955000073, 40.516939734000061 ], [ 20.79096002600005, 40.518218790000049 ], [ 20.784147311000027, 40.511686913000062 ], [ 20.774867723000057, 40.510072715000035 ], [ 20.769128608000074, 40.507886676000055 ], [ 20.763260500000058, 40.498956999000029 ], [ 20.680333026000028, 40.494905155000026 ], [ 20.667657848000033, 40.491844747000073 ], [ 20.665217011000038, 40.481695309000031 ], [ 20.659111714000062, 40.477405170000054 ], [ 20.639855122000029, 40.477757289000067 ], [ 20.636945499000035, 40.475023892000024 ], [ 20.62983186200006, 40.46483905100007 ], [ 20.616950164000059, 40.460315752000042 ], [ 20.578855310000051, 40.468797600000073 ], [ 20.551420608000058, 40.461608358000035 ], [ 20.535761118000039, 40.45520818500006 ], [ 20.533108796000022, 40.445080822000079 ], [ 20.526492417000043, 40.436575917000027 ], [ 20.508908255000051, 40.430173626000055 ], [ 20.485529568000061, 40.42980478700008 ], [ 20.479052318000072, 40.43506601200005 ], [ 20.461986126000056, 40.441416402000073 ], [ 20.449272500000063, 40.439898999000036 ] ] ] ] } },
{ "type": "Feature", "properties": { "GISCO_ID": "AL_AL121", "CNTR_CODE": "AL", "LAU_ID": "AL121", "LAU_NAME": "DURRËS", "cell_coverage": [ [ 0, 0.0077, 0, 0, 0, 0, 0 ], [ 0, 0.0402, 0.6338, 0.6892, 0.8083, 0.2722, 0 ], [ 0, 0, 0.0003, 0.7432, 1, 0.8451, 0.0011 ], [ 0, 0, 0.0454, 0.8874, 1, 0.3209, 0 ], [ 0, 0.107, 0.7922, 1, 1, 0.8675, 0 ], [ 0.0956, 0.7286, 1, 1, 0.6801, 0.2934, 0 ], [ 0, 0.9129, 0.9909, 0.385, 0.1695, 0, 0 ], [ 0, 0.4276, 0.613, 0.9614, 0.2856, 0.0285, 0 ], [ 0, 0, 0, 0.4169, 0.723, 0.4221, 0 ], [ 0, 0, 0, 0, 0, 0, 0 ] ], "xmin": 19.375, "xmax": 19.666666666666668, "ymin": 41.208333333333321, "ymax": 41.625 }, "geometry": { "type": "MultiPolygon", "coordinates": [ [ [ [ 19.61401, 41.404686499000036 ], [ 19.61068149700003, 41.405935727000042 ], [ 19.599317274000043, 41.401053832000059 ], [ 19.585116974000073, 41.399221280000063 ], [ 19.576167518000034, 41.40242188700006 ], [ 19.562509921000071, 41.402318011000034 ], [ 19.560214544000075, 41.383510857000033 ], [ 19.567918793000047, 41.378634890000058 ], [ 19.568048041000054, 41.369528731000059 ], [ 19.556536938000022, 41.361526188000028 ], [ 19.547263805000057, 41.362014007000028 ], [ 19.538581731000022, 41.367490198000041 ], [ 19.524695896000026, 41.366050699000027 ], [ 19.517820867000069, 41.371178162000035 ], [ 19.494835900000055, 41.366528770000059 ], [ 19.501371988000074, 41.360113096000077 ], [ 19.502347050000026, 41.351197977000027 ], [ 19.513336367000022, 41.348016935000032 ], [ 19.517330055000059, 41.340067395000062 ], [ 19.535211065000055, 41.337721372000033 ], [ 19.538893520000045, 41.327264041000035 ], [ 19.537403815000062, 41.317179043000067 ], [ 19.544242283000074, 41.313272945000051 ], [ 19.549109039000029, 41.304411408000078 ], [ 19.556878250000068, 41.300509522000027 ], [ 19.567731844000036, 41.30305373200008 ], [ 19.580121319000057, 41.301793990000078 ], [ 19.586632455000029, 41.295693764000077 ], [ 19.601485334000074, 41.291820896000047 ], [ 19.609995, 41.284721499000057 ], [ 19.606581482000024, 41.282270503000063 ], [ 19.597525397000027, 41.257717386000024 ], [ 19.586541, 41.249833999000032 ], [ 19.584655336000026, 41.255419995000068 ], [ 19.571832120000067, 41.258462980000047 ], [ 19.566965651000032, 41.263202732000025 ], [ 19.543251069000064, 41.26407951200008 ], [ 19.530314604000068, 41.270987802000036 ], [ 19.52388823900003, 41.265972282000064 ], [ 19.517797500000029, 41.268655999000032 ], [ 19.506367653000041, 41.288271212000041 ], [ 19.48281860700007, 41.309421289000056 ], [ 19.469973871000036, 41.31398525000003 ], [ 19.45939401000004, 41.311165258000074 ], [ 19.45452036100005, 41.313033411000049 ], [ 19.450923273000058, 41.303931670000054 ], [ 19.435883036000064, 41.311547386000029 ], [ 19.429971542000033, 41.320239398000069 ], [ 19.422167255000033, 41.325287120000041 ], [ 19.419185630000072, 41.36834745200008 ], [ 19.421779145000073, 41.383214200000054 ], [ 19.405327559000057, 41.396029990000045 ], [ 19.39321725800005, 41.411368988000049 ], [ 19.397846395000045, 41.41123374600005 ], [ 19.409188506000078, 41.400779769000053 ], [ 19.416325884000059, 41.398082789000057 ], [ 19.431215030000033, 41.398215500000049 ], [ 19.443690219000075, 41.40363254600004 ], [ 19.444768156000066, 41.406481185000075 ], [ 19.436605833000044, 41.408153201000061 ], [ 19.450824785000066, 41.430610084000079 ], [ 19.484177057000068, 41.453680662000068 ], [ 19.499947380000037, 41.47168034200007 ], [ 19.508832119000033, 41.48788415000007 ], [ 19.513337964000073, 41.507047452000052 ], [ 19.510000080000054, 41.53409743900005 ], [ 19.503560090000065, 41.539994973000034 ], [ 19.473883255000032, 41.549296115000061 ], [ 19.463707256000077, 41.55542536300004 ], [ 19.459327891000044, 41.567294 ], [ 19.446126538000044, 41.58701076400007 ], [ 19.477467667000042, 41.575178312000048 ], [ 19.506801866000046, 41.569294524000043 ], [ 19.525916423000069, 41.569653416000051 ], [ 19.557328, 41.577673999000069 ], [ 19.591052, 41.571124499000064 ], [ 19.591609953000045, 41.561647558000061 ], [ 19.603292856000053, 41.553605294000079 ], [ 19.61431970600006, 41.533501935000061 ], [ 19.626140966000037, 41.510774355000081 ], [ 19.605493434000039, 41.492490510000039 ], [ 19.585891616000026, 41.485596194000038 ], [ 19.583149171000059, 41.480793163000044 ], [ 19.587996717000067, 41.470932640000058 ], [ 19.60270250700006, 41.467351912000026 ], [ 19.611414550000063, 41.454719057000034 ], [ 19.619165943000041, 41.451031469000043 ], [ 19.622517500000072, 41.445653499000059 ], [ 19.617186438000033, 41.438620735000029 ], [ 19.623926925000035, 41.424337457000036 ], [ 19.618168357000059, 41.407881749000069 ], [ 19.61401, 41.404686499000036 ] ] ] ] } },
{ "type": "Feature", "properties": { "GISCO_ID": "AL_AL344", "CNTR_CODE": "AL", "LAU_ID": "AL344", "LAU_NAME": "MALIQ", "cell_coverage": [ [ 0, 0, 0, 0, 0, 0, 0, 0, 0, 0.0039, 0, 0.039, 0.1882, 0, 0 ], [ 0, 0, 0, 0.0003, 0.7057, 0.8094, 0.2439, 0.1074, 0.5232, 0.9344, 0.54, 0.8922, 0.8847, 0, 0 ], [ 0.0022, 0, 0, 0.1253, 0.9547, 1, 1, 1, 1, 1, 1, 1, 0.8761, 0.0197, 0.0008 ], [ 0.6354, 0.8704, 0.8348, 0.8799, 1, 0.9114, 1, 0.9901, 1, 1, 1, 1, 1, 0.8607, 0.5116 ], [ 0.215, 0.991, 1, 1, 1, 0.4397, 0.206, 0.2045, 0.5663, 0.8579, 0.9142, 0.4502, 0.512, 0.7421, 0.1984 ], [ 0, 0.6218, 0.9018, 0.5518, 0.3818, 0.1086, 0, 0, 0, 0.0032, 0.0002, 0, 0, 0, 0 ], [ 0, 0.0406, 0.0223, 0, 0, 0, 0, 0, 0, 0, 0, 0, 0, 0, 0 ] ], "xmin": 20.291666666666664, "xmax": 20.916666666666664, "ymin": 40.583333333333321, "ymax": 40.875 }, "geometry": { "type": "MultiPolygon", "coordinates": [ [ [ [ 20.902782500000058, 40.73347349900007 ], [ 20.903099771000029, 40.719761069000072 ], [ 20.899812071000042, 40.709706705000031 ], [ 20.890005039000073, 40.694723962000069 ], [ 20.869188099000041, 40.67999831700007 ], [ 20.866654500000038, 40.674038999000061 ], [ 20.856436716000076, 40.672516709000035 ], [ 20.84260831000006, 40.67710541100007 ], [ 20.838128401000063, 40.681331429000068 ], [ 20.837750679000067, 40.685980552000046 ], [ 20.828090266000061, 40.689917634000039 ], [ 20.802824934000057, 40.684088845000076 ], [ 20.783880300000078, 40.69097658000004 ], [ 20.774867723000057, 40.690742958000044 ], [ 20.755545534000078, 40.691149358000075 ], [ 20.751728541000034, 40.678532816000029 ], [ 20.735024615000043, 40.670030348000068 ], [ 20.702942385000028, 40.665649199000029 ], [ 20.686982058000069, 40.669730289000029 ], [ 20.672504135000054, 40.683586176000063 ], [ 20.668427378000047, 40.679660007000052 ], [ 20.660815523000053, 40.678931308000074 ], [ 20.649664934000043, 40.689941420000025 ], [ 20.625399263000077, 40.682553131000077 ], [ 20.613259030000052, 40.684306231000051 ], [ 20.608492695000052, 40.692944098000055 ], [ 20.618239317000075, 40.703242501000034 ], [ 20.614051089000043, 40.709444879000046 ], [ 20.600463919000049, 40.709519481000029 ], [ 20.586742668000056, 40.701681614000051 ], [ 20.572932249000075, 40.704881248000049 ], [ 20.56011982800004, 40.69525880100008 ], [ 20.55208035000004, 40.695449407000069 ], [ 20.546291391000068, 40.698286493000069 ], [ 20.539813216000027, 40.706639050000035 ], [ 20.54148219700005, 40.71852842900006 ], [ 20.531575490000023, 40.719683094000061 ], [ 20.511772824000047, 40.696225564000031 ], [ 20.525045731000034, 40.668347231000041 ], [ 20.514443603000075, 40.658464226000035 ], [ 20.483587558000067, 40.648423636000075 ], [ 20.473808, 40.652081556000041 ], [ 20.454869664000057, 40.648749155000075 ], [ 20.417382596000039, 40.637833938000028 ], [ 20.397932, 40.628819999000029 ], [ 20.372774051000022, 40.618428428000072 ], [ 20.365247951000072, 40.619266309000068 ], [ 20.348495934000027, 40.645096060000071 ], [ 20.338579913000046, 40.666822833000026 ], [ 20.326085042000045, 40.680309517000069 ], [ 20.316461640000057, 40.70706907400006 ], [ 20.296537, 40.726844999000036 ], [ 20.300407480000047, 40.735641152000028 ], [ 20.315475131000028, 40.743209971000056 ], [ 20.323526622000031, 40.751186769000071 ], [ 20.36537992600006, 40.741797699000074 ], [ 20.388203728000065, 40.742607947000067 ], [ 20.39583605200005, 40.745838625000033 ], [ 20.420457160000069, 40.739551844000061 ], [ 20.434462745000076, 40.740510391000043 ], [ 20.464407927000025, 40.783924108000065 ], [ 20.468108232000077, 40.806624525000075 ], [ 20.461040470000057, 40.814344463000054 ], [ 20.457788500000049, 40.824133999000026 ], [ 20.489293818000078, 40.82573284800003 ], [ 20.50148295300005, 40.829422063000038 ], [ 20.522572389000061, 40.828280371000062 ], [ 20.538506905000077, 40.816427235000049 ], [ 20.553368178000028, 40.810815905000027 ], [ 20.568735203000074, 40.793097949000071 ], [ 20.587362650000046, 40.792130318000034 ], [ 20.628542899000024, 40.801825338000071 ], [ 20.640267842000071, 40.814342213000032 ], [ 20.659636570000032, 40.817889963000027 ], [ 20.668310505000022, 40.826104736000048 ], [ 20.68986521000005, 40.834801937000066 ], [ 20.703298557000039, 40.831334260000062 ], [ 20.708928275000062, 40.823280950000026 ], [ 20.722893490000047, 40.819154740000045 ], [ 20.73114692200005, 40.810414839000032 ], [ 20.759803362000071, 40.803961755000046 ], [ 20.762622407000038, 40.806803378000041 ], [ 20.761722741000028, 40.810322270000029 ], [ 20.748658746000046, 40.822129736000079 ], [ 20.765677822000043, 40.836275969000042 ], [ 20.774867723000057, 40.836332464000066 ], [ 20.780395214000066, 40.833938514000067 ], [ 20.823701, 40.846514499000079 ], [ 20.829598502000067, 40.83815648500007 ], [ 20.830208986000059, 40.81751416700007 ], [ 20.822652749000042, 40.779403196000032 ], [ 20.839269372000047, 40.750553207000053 ], [ 20.86371663400007, 40.73862663400007 ], [ 20.873344799000051, 40.741375245000029 ], [ 20.884062752000034, 40.751582975000076 ], [ 20.88486761300004, 40.744969750000052 ], [ 20.894812246000072, 40.734932020000031 ], [ 20.902782500000058, 40.73347349900007 ] ] ] ] } },
{ "type": "Feature", "properties": { "GISCO_ID": "AL_AL336", "CNTR_CODE": "AL", "LAU_ID": "AL336", "LAU_NAME": "TEPELENË", "cell_coverage": [ [ 0, 0.0448, 0.3767, 0.2682, 0.0218, 0, 0, 0, 0, 0, 0 ], [ 0.0159, 0.7872, 1, 1, 0.8688, 0.4151, 0.047, 0, 0, 0.0596, 0 ], [ 0, 0.0685, 0.7515, 1, 1, 1, 0.9291, 0.676, 0.7955, 0.9569, 0.1369 ], [ 0, 0, 0.0537, 0.9613, 1, 1, 1, 1, 1, 0.9394, 0.2834 ], [ 0, 0, 0, 0.5731, 1, 1, 0.9971, 0.7205, 0.656, 0.6851, 0.2063 ], [ 0, 0, 0, 0.0452, 0.4911, 0.3251, 0.1806, 0, 0, 0, 0 ] ], "xmin": 19.708333333333329, "xmax": 20.166666666666661, "ymin": 40.166666666666657, "ymax": 40.416666666666657 }, "geometry": { "type": "MultiPolygon", "coordinates": [ [ [ [ 19.806347500000072, 40.394347499000048 ], [ 19.81098912300007, 40.391173623000043 ], [ 19.843474420000064, 40.38991429400005 ], [ 19.894795839000039, 40.373620894000055 ], [ 19.925620956000046, 40.348539238000058 ], [ 19.943217939000078, 40.352043259000027 ], [ 19.956273321000026, 40.349072921000072 ], [ 19.959787433000031, 40.342626366000047 ], [ 19.982361268000034, 40.327881147000028 ], [ 19.989772106000032, 40.326359315000047 ], [ 20.000460673000077, 40.329833228000041 ], [ 20.024030778000053, 40.314878590000035 ], [ 20.045149658000071, 40.318057275000058 ], [ 20.104962, 40.341227999000068 ], [ 20.110963938000054, 40.333085126000071 ], [ 20.123878002000026, 40.323983450000071 ], [ 20.131039242000043, 40.301184507000073 ], [ 20.136553776000028, 40.302512957000033 ], [ 20.140303667000069, 40.297650323000028 ], [ 20.158534145000033, 40.288149257000043 ], [ 20.151707196000075, 40.278194312000039 ], [ 20.141475255000046, 40.276760811000031 ], [ 20.114654790000031, 40.265857510000046 ], [ 20.124885774000063, 40.249887168000043 ], [ 20.140301271000055, 40.23944450700003 ], [ 20.150398, 40.228341999000065 ], [ 20.097447574000057, 40.219643998000038 ], [ 20.089864557000055, 40.221733723000057 ], [ 20.085811253000031, 40.219674786000041 ], [ 20.064261083000076, 40.225345859000072 ], [ 20.040549468000052, 40.219415317000028 ], [ 20.019369852000068, 40.223365039000043 ], [ 20.010458905000064, 40.220094546000041 ], [ 19.990443373000062, 40.203155290000041 ], [ 19.980558907000045, 40.199049630000047 ], [ 19.949641285000041, 40.196568639000077 ], [ 19.938425751000068, 40.192893869000045 ], [ 19.917664519000027, 40.194957274000046 ], [ 19.902739817000054, 40.192309873000056 ], [ 19.886788, 40.179201499000044 ], [ 19.864643977000071, 40.197316959000034 ], [ 19.873310351000043, 40.200203700000031 ], [ 19.871906066000065, 40.213451596000027 ], [ 19.857060460000071, 40.215874448000079 ], [ 19.84798855300005, 40.220388003000039 ], [ 19.849032324000063, 40.230592105000028 ], [ 19.833369560000051, 40.267771464000077 ], [ 19.832542334000038, 40.284312002000036 ], [ 19.813908500000025, 40.290345499000068 ], [ 19.807079015000056, 40.310623117000034 ], [ 19.774672211000052, 40.332101123000029 ], [ 19.755495622000069, 40.33847961500004 ], [ 19.744685175000029, 40.348280306000049 ], [ 19.759679291000054, 40.363928501000032 ], [ 19.776587275000054, 40.37115133900005 ], [ 19.783860231000062, 40.380953083000065 ], [ 19.806347500000072, 40.394347499000048 ] ] ] ] } },
{ "type": "Feature", "properties": { "GISCO_ID": "AL_AL345", "CNTR_CODE": "AL", "LAU_ID": "AL345", "LAU_NAME": "POGRADEC", "cell_coverage": [ [ 0, 0, 0, 0, 0, 0.0988, 0.0163, 0, 0, 0, 0, 0 ], [ 0, 0, 0, 0.0187, 0.0006, 0.5793, 0.3379, 0, 0, 0, 0, 0 ], [ 0, 0.0059, 0.3107, 0.8491, 0.7486, 0.7815, 0.2396, 0, 0, 0, 0, 0 ], [ 0.064, 0.9269, 1, 1, 1, 1, 0.409, 0, 0, 0, 0, 0 ], [ 0.5017, 1, 1, 1, 1, 1, 0.4067, 0, 0, 0, 0, 0 ], [ 0.3481, 0.9969, 1, 1, 1, 1, 0.8755, 0.6382, 0.7619, 0.6782, 0.6359, 0.0819 ], [ 0, 0.5163, 1, 1, 1, 1, 1, 0.9961, 1, 0.961, 0.7508, 0.0741 ], [ 0, 0.0083, 0.1864, 0.1906, 0.7561, 0.8926, 0.4768, 0.0656, 0.46, 0.1078, 0, 0 ] ], "xmin": 20.375, "xmax": 20.875, "ymin": 40.79166666666665, "ymax": 41.125 }, "geometry": { "type": "MultiPolygon", "coordinates": [ [ [ [ 20.384875500000078, 40.927176999000039 ], [ 20.392134734000024, 40.937350607000042 ], [ 20.404048856000031, 40.944005011000058 ], [ 20.418341293000026, 40.990794841000024 ], [ 20.438665316000026, 40.999199794000049 ], [ 20.450431827000045, 40.999924217000057 ], [ 20.47768861000003, 41.009372666000047 ], [ 20.484335080000051, 41.017936502000055 ], [ 20.509663353000064, 41.028507087000037 ], [ 20.532498977000046, 41.045647713000051 ], [ 20.549399381000057, 41.039811819000079 ], [ 20.581100347000074, 41.01943701700003 ], [ 20.595095944000036, 41.018591241000024 ], [ 20.600554438000074, 41.028287092000028 ], [ 20.603738919000023, 41.05076246200008 ], [ 20.598438289000057, 41.06499694200005 ], [ 20.600437788000022, 41.077778267000042 ], [ 20.597745, 41.092033499000024 ], [ 20.632866, 41.086512999000036 ], [ 20.628759023000043, 41.072847390000049 ], [ 20.637575804000051, 41.067552926000076 ], [ 20.64501539500003, 41.067790793000029 ], [ 20.649808506000056, 41.059784061000073 ], [ 20.645743770000024, 41.051788269000042 ], [ 20.634726107000063, 41.04623537100008 ], [ 20.636099143000024, 41.027783648000025 ], [ 20.633408177000035, 41.005401233000043 ], [ 20.643938083000023, 40.976998227000081 ], [ 20.645839925000075, 40.961490284000035 ], [ 20.640857554000036, 40.946701042000029 ], [ 20.641154502000063, 40.924152105000076 ], [ 20.651134985000056, 40.907693590000065 ], [ 20.661562816000071, 40.902678256000058 ], [ 20.700386456000047, 40.900857735000045 ], [ 20.718747439000026, 40.903128896000055 ], [ 20.732268500000032, 40.911732499000038 ], [ 20.759435499000062, 40.902509912000028 ], [ 20.774867723000057, 40.904606861000048 ], [ 20.799767883000072, 40.898365008000042 ], [ 20.813355552000075, 40.898789909000072 ], [ 20.825189770000065, 40.905349415000046 ], [ 20.829172500000027, 40.914123999000026 ], [ 20.832215586000075, 40.901102611000056 ], [ 20.841155453000056, 40.887804325000047 ], [ 20.840092580000032, 40.862803270000029 ], [ 20.837801205000062, 40.85638343100004 ], [ 20.823701, 40.846514499000079 ], [ 20.780395214000066, 40.833938514000067 ], [ 20.774867723000057, 40.836332464000066 ], [ 20.765677822000043, 40.836275969000042 ], [ 20.748658746000046, 40.822129736000079 ], [ 20.761722741000028, 40.810322270000029 ], [ 20.762622407000038, 40.806803378000041 ], [ 20.759803362000071, 40.803961755000046 ], [ 20.73114692200005, 40.810414839000032 ], [ 20.722893490000047, 40.819154740000045 ], [ 20.708928275000062, 40.823280950000026 ], [ 20.703298557000039, 40.831334260000062 ], [ 20.68986521000005, 40.834801937000066 ], [ 20.668310505000022, 40.826104736000048 ], [ 20.659636570000032, 40.817889963000027 ], [ 20.640267842000071, 40.814342213000032 ], [ 20.628542899000024, 40.801825338000071 ], [ 20.587362650000046, 40.792130318000034 ], [ 20.568735203000074, 40.793097949000071 ], [ 20.553368178000028, 40.810815905000027 ], [ 20.538506905000077, 40.816427235000049 ], [ 20.522572389000061, 40.828280371000062 ], [ 20.50148295300005, 40.829422063000038 ], [ 20.489293818000078, 40.82573284800003 ], [ 20.457788500000049, 40.824133999000026 ], [ 20.456949064000071, 40.830233741000029 ], [ 20.430308369000045, 40.860594563000063 ], [ 20.427752075000058, 40.867902465000043 ], [ 20.404204893000042, 40.889631226000063 ], [ 20.402358015000061, 40.89902135400007 ], [ 20.394462449000059, 40.903791352000042 ], [ 20.384875500000078, 40.927176999000039 ] ] ] ] } },
{ "type": "Feature", "properties": { "GISCO_ID": "AL_AL354", "CNTR_CODE": "AL", "LAU_ID": "AL354", "LAU_NAME": "FINIQ", "cell_coverage": [ [ 0, 0, 0, 0.3225, 0.0629, 0, 0, 0 ], [ 0, 0.1877, 0.4402, 0.9923, 0.8986, 0.3632, 0, 0 ], [ 0.3422, 0.9939, 1, 1, 1, 0.6525, 0, 0 ], [ 0.1204, 0.7546, 1, 1, 1, 0.988, 0.82, 0.337 ], [ 0.2294, 0.9258, 1, 1, 1, 1, 0.9987, 0.2108 ], [ 0, 0.2267, 0.6194, 0.9465, 0.8659, 0.9464, 1, 0.2085 ], [ 0, 0, 0.0881, 0.1795, 0, 0.1533, 0.5765, 0.3827 ] ], "xmin": 20.0, "xmax": 20.333333333333332, "ymin": 39.708333333333321, "ymax": 39.999999999999986 }, "geometry": { "type": "MultiPolygon", "coordinates": [ [ [ [ 20.320881500000041, 39.728093999000066 ], [ 20.311276085000031, 39.724825342000031 ], [ 20.303284500000075, 39.716829999000026 ], [ 20.280022029000065, 39.725290033000078 ], [ 20.253741992000073, 39.728163579000068 ], [ 20.226607770000044, 39.746781906000081 ], [ 20.221941059000073, 39.754696439000043 ], [ 20.213880744000051, 39.757275680000078 ], [ 20.195999646000075, 39.754854268000031 ], [ 20.167995434000034, 39.756166545000042 ], [ 20.156534897000029, 39.757181529000036 ], [ 20.150517297000022, 39.750793549000036 ], [ 20.135146144000032, 39.743582958000047 ], [ 20.133803494000063, 39.739964563000058 ], [ 20.140612203000046, 39.728769412000076 ], [ 20.136417737000045, 39.725673165000046 ], [ 20.129459588000032, 39.725619867000034 ], [ 20.11627720000007, 39.73957525600008 ], [ 20.102144366000061, 39.774859607000053 ], [ 20.092971143000057, 39.78045985600005 ], [ 20.07855420900006, 39.777249187000052 ], [ 20.06843367700003, 39.782494464000081 ], [ 20.052650017000076, 39.780466005000051 ], [ 20.047216500000047, 39.783576999000047 ], [ 20.050150500000029, 39.80170799900003 ], [ 20.050930584000071, 39.805521915000043 ], [ 20.022976967000034, 39.81717868000004 ], [ 20.019914254000071, 39.821219540000072 ], [ 20.027275323000026, 39.848501910000039 ], [ 20.036206353000068, 39.842475468000032 ], [ 20.043547186000069, 39.84499960200003 ], [ 20.046663042000034, 39.841426722000051 ], [ 20.051292685000078, 39.843582938000054 ], [ 20.053161127000067, 39.848701715000061 ], [ 20.05983038100004, 39.847871789000067 ], [ 20.058025781000026, 39.870838617000061 ], [ 20.041160180000077, 39.868787396000073 ], [ 20.034668571000054, 39.879907582000044 ], [ 20.034839002000069, 39.890334290000055 ], [ 20.023399977000054, 39.892993877000038 ], [ 20.017584094000028, 39.900221624000039 ], [ 20.013726172000077, 39.906455962000052 ], [ 20.021979500000043, 39.912889999000072 ], [ 20.028082277000067, 39.910470256000053 ], [ 20.033641111000065, 39.913936301000035 ], [ 20.042129035000073, 39.912818665000032 ], [ 20.048663501000078, 39.918294502000037 ], [ 20.041689123000026, 39.924475397000037 ], [ 20.045028083000034, 39.927578783000058 ], [ 20.08202959700003, 39.922896295000044 ], [ 20.09447963100007, 39.931693516000053 ], [ 20.093104211000025, 39.936048949000053 ], [ 20.098163449000026, 39.940144340000074 ], [ 20.105122166000058, 39.939623084000061 ], [ 20.118052904000024, 39.931876079000062 ], [ 20.124911189000045, 39.943766846000074 ], [ 20.127426782000043, 39.961908987000072 ], [ 20.142456500000037, 39.978078999000047 ], [ 20.167995434000034, 39.969861248000029 ], [ 20.198855010000045, 39.947949784000059 ], [ 20.238973338000051, 39.946370431000048 ], [ 20.228507658000069, 39.932802398000035 ], [ 20.22012350600005, 39.914052894000065 ], [ 20.24241844900007, 39.892396896000037 ], [ 20.243396283000038, 39.876960944000075 ], [ 20.24872851300006, 39.868685303000063 ], [ 20.29186093900006, 39.866370275000065 ], [ 20.314689537000049, 39.853839582000035 ], [ 20.316222843000048, 39.843888836000076 ], [ 20.31411780600007, 39.840058605000024 ], [ 20.306288150000057, 39.837193804000037 ], [ 20.310099022000031, 39.828749022000068 ], [ 20.300650984000072, 39.816952254000057 ], [ 20.302345, 39.812742999000079 ], [ 20.29017566400006, 39.803704273000051 ], [ 20.305989829000055, 39.783721524000043 ], [ 20.30338450000005, 39.774290499000074 ], [ 20.29345300600005, 39.767249930000048 ], [ 20.292892387000052, 39.762779092000073 ], [ 20.304322617000025, 39.751245379000068 ], [ 20.30717813800004, 39.744036126000026 ], [ 20.32238, 39.732536499000048 ], [ 20.320881500000041, 39.728093999000066 ] ] ] ] } },
{ "type": "Feature", "properties": { "GISCO_ID": "AL_AL357", "CNTR_CODE": "AL", "LAU_ID": "AL357", "LAU_NAME": "VLORË", "cell_coverage": [ [ 0, 0.1112, 0.8875, 0.5668, 0.5494, 0.1172, 0, 0, 0 ], [ 0, 0, 0.5699, 1, 1, 0.8813, 0.4791, 0.0279, 0 ], [ 0, 0, 0.0761, 0.6295, 0.7082, 1, 0.9975, 0.5255, 0 ], [ 0.1005, 0, 0, 0.2682, 0.2483, 1, 1, 0.5681, 0 ], [ 0.2386, 0.0057, 0, 0.0007, 0.3933, 0.9753, 1, 0.5542, 0 ], [ 0.0002, 0.34, 0.1758, 0, 0, 0.293, 0.9117, 0.036, 0 ], [ 0, 0.2988, 0.9382, 0.2999, 0, 0.4605, 0.772, 0, 0 ], [ 0, 0, 0.3906, 0.7944, 0, 0.5036, 0.9296, 0.1047, 0 ], [ 0, 0, 0.0277, 0.9537, 0.7232, 0.9919, 1, 0.6605, 0.0077 ], [ 0, 0, 0, 0.2131, 0.9525, 1, 1, 1, 0.5784 ], [ 0, 0, 0, 0, 0.2225, 0.865, 1, 1, 0.4876 ], [ 0, 0, 0, 0, 0, 0.0253, 0.4079, 0.7451, 0.3388 ] ], "xmin": 19.25, "xmax": 19.625, "ymin": 40.166666666666657, "ymax": 40.666666666666657 }, "geometry": { "type": "MultiPolygon", "coordinates": [ [ [ [ 19.617624, 40.268652499000041 ], [ 19.606763327000067, 40.258529788000033 ], [ 19.601412751000055, 40.248802654000031 ], [ 19.602636501000063, 40.222346610000045 ], [ 19.609276367000064, 40.212795467000035 ], [ 19.607438823000052, 40.202753857000062 ], [ 19.611723324000025, 40.189224700000068 ], [ 19.607720965000055, 40.186232029000053 ], [ 19.589839244000075, 40.187932170000067 ], [ 19.585781804000078, 40.178899374000025 ], [ 19.578822, 40.172897999000043 ], [ 19.548022928000023, 40.180537238000056 ], [ 19.505704405000074, 40.197198618000073 ], [ 19.481521460000067, 40.212648708000074 ], [ 19.470358790000034, 40.216532009000048 ], [ 19.445965053000066, 40.233851177000076 ], [ 19.411156592000054, 40.268187806000071 ], [ 19.404616618000034, 40.278744588000052 ], [ 19.382960863000051, 40.295696711000062 ], [ 19.374017712000068, 40.306109809000077 ], [ 19.372240207000061, 40.312077874000067 ], [ 19.375401859000078, 40.319044255000051 ], [ 19.367784589000053, 40.342293854000047 ], [ 19.346921085000076, 40.371019749000027 ], [ 19.308513975000039, 40.409654357000079 ], [ 19.291019217000041, 40.421999627000048 ], [ 19.319359897000027, 40.437299796000048 ], [ 19.331290412000044, 40.431605832000059 ], [ 19.342270437000025, 40.43192313000003 ], [ 19.356192409000073, 40.422764576000077 ], [ 19.397673447000045, 40.386629967000033 ], [ 19.408164644000067, 40.365212344000042 ], [ 19.406702228000029, 40.353921791000062 ], [ 19.409540041000071, 40.339996410000026 ], [ 19.417896811000048, 40.330918416000031 ], [ 19.420290431000069, 40.323335494000048 ], [ 19.434076442000048, 40.321476275000066 ], [ 19.431711655000072, 40.31639427500005 ], [ 19.43413724800007, 40.314548255000034 ], [ 19.442750275000037, 40.313242793000029 ], [ 19.450242207000031, 40.321080344000052 ], [ 19.439786987000048, 40.322365854000054 ], [ 19.461793584000077, 40.330934698000078 ], [ 19.48406351400007, 40.349467218000029 ], [ 19.47962089400005, 40.376297833000081 ], [ 19.483362817000057, 40.385727934000045 ], [ 19.478501460000075, 40.40004758200007 ], [ 19.481535020000024, 40.413984275000075 ], [ 19.492297197000028, 40.430265579000036 ], [ 19.49430215700005, 40.440097948000073 ], [ 19.491395777000037, 40.447115473000053 ], [ 19.469947037000054, 40.457457989000034 ], [ 19.433583536000071, 40.485801002000073 ], [ 19.424215230000073, 40.497196282000061 ], [ 19.401609561000043, 40.503147596000076 ], [ 19.38921186500005, 40.519242529000053 ], [ 19.386936824000031, 40.52749225000008 ], [ 19.379235618000052, 40.534164242000031 ], [ 19.380047354000055, 40.546328926000058 ], [ 19.37709049800003, 40.556614162000074 ], [ 19.351333262000026, 40.606648176000078 ], [ 19.318752, 40.64498099900004 ], [ 19.327866764000078, 40.650086884000075 ], [ 19.338456566000048, 40.661997541000062 ], [ 19.350955020000072, 40.664876346000028 ], [ 19.391567445000078, 40.655059278000067 ], [ 19.39686873900007, 40.651480344000049 ], [ 19.403012405000027, 40.64029931500005 ], [ 19.416047217000028, 40.635461107000026 ], [ 19.421905216000027, 40.646216127000059 ], [ 19.433971934000056, 40.648557228000072 ], [ 19.451184049000062, 40.656870155000036 ], [ 19.455318309000063, 40.653952602000061 ], [ 19.450984709000068, 40.645066482000061 ], [ 19.453419841000027, 40.638227322000034 ], [ 19.473875467000028, 40.630805768000073 ], [ 19.487184289000027, 40.629324287000031 ], [ 19.488146286000074, 40.626150886000062 ], [ 19.479367160000038, 40.615829999000027 ], [ 19.483313047000024, 40.612821301000054 ], [ 19.490237257000047, 40.614961143000073 ], [ 19.494994027000075, 40.611680012000079 ], [ 19.514971238000044, 40.610877945000027 ], [ 19.513353262000066, 40.602738496000029 ], [ 19.53614097600007, 40.601306830000055 ], [ 19.538688949000061, 40.596439668000073 ], [ 19.536742142000037, 40.585609022000028 ], [ 19.542763043000036, 40.579041729000039 ], [ 19.551704810000047, 40.580680590000043 ], [ 19.561231105000047, 40.588049943000044 ], [ 19.573367983000026, 40.584240517000069 ], [ 19.573015204000058, 40.580484668000054 ], [ 19.565633367000032, 40.579535751000037 ], [ 19.570115500000043, 40.569226499000081 ], [ 19.568534896000074, 40.565144905000068 ], [ 19.561471136000023, 40.560981365000032 ], [ 19.558661494000035, 40.54382170000008 ], [ 19.567858900000033, 40.537682687000029 ], [ 19.572014275000072, 40.523903483000026 ], [ 19.561945297000022, 40.515130032000059 ], [ 19.558939342000031, 40.501356718000068 ], [ 19.561635544000069, 40.484438487000034 ], [ 19.569712587000026, 40.474790178000035 ], [ 19.571851913000046, 40.462395043000072 ], [ 19.558510297000055, 40.459140245000071 ], [ 19.548681177000049, 40.459890004000044 ], [ 19.547522172000072, 40.455639925000071 ], [ 19.547801649000064, 40.45232876700004 ], [ 19.536359875000073, 40.436538714000051 ], [ 19.532410039000069, 40.409095686000057 ], [ 19.535243634000039, 40.395982472000071 ], [ 19.52861094900004, 40.382146102000036 ], [ 19.52889323900007, 40.374635678000061 ], [ 19.556724901000052, 40.334525717000076 ], [ 19.573046233000071, 40.302801341000077 ], [ 19.609392385000035, 40.27839993300006 ], [ 19.610987, 40.276912999000047 ], [ 19.615361, 40.275393499000074 ], [ 19.618251500000042, 40.274075499000048 ], [ 19.618153, 40.271880999000075 ], [ 19.617624, 40.268652499000041 ] ], [ [ 19.388938139000061, 40.541776291000076 ], [ 19.391074025000023, 40.521280206000029 ], [ 19.397333778000075, 40.513701605000051 ], [ 19.406096796000043, 40.512142510000047 ], [ 19.412144557000033, 40.52358834100005 ], [ 19.422365755000044, 40.509980903000042 ], [ 19.432259262000059, 40.507251926000038 ], [ 19.439845524000077, 40.499332025000058 ], [ 19.449796966000065, 40.504683578000027 ], [ 19.453400789000057, 40.515935227000057 ], [ 19.452107566000052, 40.526543986000036 ], [ 19.457547069000043, 40.532685321000031 ], [ 19.453997807000064, 40.541055184000072 ], [ 19.445628700000043, 40.542382373000066 ], [ 19.445133811000062, 40.557474139000078 ], [ 19.389499882000052, 40.56446864000003 ], [ 19.388938139000061, 40.541776291000076 ] ] ], [ [ [ 19.399923623000063, 40.520912271000043 ], [ 19.404529026000034, 40.51781838900007 ], [ 19.402503671000034, 40.514871241000037 ], [ 19.397814571000026, 40.517901220000056 ], [ 19.399923623000063, 40.520912271000043 ] ] ], [ [ [ 19.270224582000026, 40.51465478700004 ], [ 19.279351272000042, 40.504005458000051 ], [ 19.289666900000043, 40.500164648000066 ], [ 19.292635853000036, 40.495896439000035 ], [ 19.293194727000071, 40.490740900000048 ], [ 19.286075235000055, 40.473899821000032 ], [ 19.279779695000059, 40.475501252000072 ], [ 19.274509521000027, 40.489514404000033 ], [ 19.267090096000061, 40.495905218000075 ], [ 19.264214166000045, 40.506122346000041 ], [ 19.266227345000061, 40.512537593000047 ], [ 19.270224582000026, 40.51465478700004 ] ] ] ] } },
{ "type": "Feature", "properties": { "GISCO_ID": "AL_AL131", "CNTR_CODE": "AL", "LAU_ID": "AL131", "LAU_NAME": "HAS", "cell_coverage": [ [ 0, 0, 0.0064, 0.238, 0.1116, 0, 0, 0, 0 ], [ 0, 0.1093, 0.6105, 1, 0.9351, 0.6428, 0.1529, 0, 0 ], [ 0.4101, 0.9372, 1, 1, 1, 1, 0.935, 0.2001, 0 ], [ 0.4348, 0.7867, 1, 1, 1, 1, 1, 0.7781, 0.0029 ], [ 0, 0.0164, 0.9398, 1, 1, 1, 0.9731, 0.4664, 0.0107 ], [ 0, 0, 0.2944, 0.6453, 0.6895, 0.6044, 0.1555, 0, 0 ] ], "xmin": 20.208333333333329, "xmax": 20.583333333333329, "ymin": 42.083333333333321, "ymax": 42.333333333333321 }, "geometry": { "type": "MultiPolygon", "coordinates": [ [ [ [ 20.21865, 42.194667999000046 ], [ 20.21320170100006, 42.202126149000037 ], [ 20.213758991000077, 42.222504961000027 ], [ 20.227429994000033, 42.224396025000033 ], [ 20.24103326200003, 42.233098123000048 ], [ 20.24960705500007, 42.233563150000066 ], [ 20.250264992000041, 42.238816142000076 ], [ 20.257003109000038, 42.240737597000077 ], [ 20.264362766000033, 42.24931524200008 ], [ 20.279562406000025, 42.259006147000036 ], [ 20.306560878000028, 42.265298269000027 ], [ 20.313546584000051, 42.271589222000046 ], [ 20.320383606000064, 42.287725741000031 ], [ 20.332629510000061, 42.294873117000066 ], [ 20.343407198000023, 42.296032485000069 ], [ 20.352795035000042, 42.303614409000033 ], [ 20.364355, 42.306595499000025 ], [ 20.394486139000037, 42.298009230000048 ], [ 20.404792584000063, 42.285129687000051 ], [ 20.456291567000051, 42.272025910000025 ], [ 20.473965620000058, 42.259392766000076 ], [ 20.47811818200006, 42.252833591000069 ], [ 20.496759763000057, 42.240221880000036 ], [ 20.502793668000038, 42.228221046000044 ], [ 20.514391852000074, 42.223309234000055 ], [ 20.522665026000027, 42.212448479000045 ], [ 20.531932054000038, 42.185406515000068 ], [ 20.545848058000047, 42.164250067000069 ], [ 20.543066, 42.160664999000062 ], [ 20.528385169000046, 42.154321674000073 ], [ 20.512189091000039, 42.14015175600008 ], [ 20.462595570000076, 42.10945255200005 ], [ 20.452858132000074, 42.100353914000038 ], [ 20.427603409000028, 42.098377366000079 ], [ 20.409128512000052, 42.101537051000037 ], [ 20.392518689000042, 42.092647699000054 ], [ 20.34985976400003, 42.096813747000056 ], [ 20.336308872000075, 42.105638705000047 ], [ 20.324414012000034, 42.102631871000028 ], [ 20.315863877000027, 42.103778681000051 ], [ 20.315688967000028, 42.112670879000063 ], [ 20.304357379000066, 42.117270120000057 ], [ 20.292671885000061, 42.135944552000069 ], [ 20.295503774000053, 42.156936726000026 ], [ 20.287409672000024, 42.162628276000078 ], [ 20.282396939000023, 42.171013271000049 ], [ 20.265763168000035, 42.179924977000042 ], [ 20.248271, 42.181230499000037 ], [ 20.242115400000046, 42.184575334000044 ], [ 20.228630014000032, 42.185375780000072 ], [ 20.21865, 42.194667999000046 ] ] ] ] } },
{ "type": "Feature", "properties": { "GISCO_ID": "AL_AL123", "CNTR_CODE": "AL", "LAU_ID": "AL123", "LAU_NAME": "SHIJAK", "cell_coverage": [ [ 0, 0, 0.3199, 0.5197, 0 ], [ 0.0091, 0.615, 0.8305, 0.975, 0.1971 ], [ 0, 0.0369, 0.7144, 0.9715, 0.3227 ], [ 0, 0, 0, 0.103, 0.0535 ] ], "xmin": 19.458333333333329, "xmax": 19.666666666666661, "ymin": 41.25, "ymax": 41.416666666666657 }, "geometry": { "type": "MultiPolygon", "coordinates": [ [ [ [ 19.609995, 41.284721499000057 ], [ 19.601485334000074, 41.291820896000047 ], [ 19.586632455000029, 41.295693764000077 ], [ 19.580121319000057, 41.301793990000078 ], [ 19.567731844000036, 41.30305373200008 ], [ 19.556878250000068, 41.300509522000027 ], [ 19.549109039000029, 41.304411408000078 ], [ 19.544242283000074, 41.313272945000051 ], [ 19.537403815000062, 41.317179043000067 ], [ 19.538893520000045, 41.327264041000035 ], [ 19.535211065000055, 41.337721372000033 ], [ 19.517330055000059, 41.340067395000062 ], [ 19.513336367000022, 41.348016935000032 ], [ 19.502347050000026, 41.351197977000027 ], [ 19.501371988000074, 41.360113096000077 ], [ 19.494835900000055, 41.366528770000059 ], [ 19.517820867000069, 41.371178162000035 ], [ 19.524695896000026, 41.366050699000027 ], [ 19.538581731000022, 41.367490198000041 ], [ 19.547263805000057, 41.362014007000028 ], [ 19.556536938000022, 41.361526188000028 ], [ 19.568048041000054, 41.369528731000059 ], [ 19.567918793000047, 41.378634890000058 ], [ 19.560214544000075, 41.383510857000033 ], [ 19.562509921000071, 41.402318011000034 ], [ 19.576167518000034, 41.40242188700006 ], [ 19.585116974000073, 41.399221280000063 ], [ 19.599317274000043, 41.401053832000059 ], [ 19.61068149700003, 41.405935727000042 ], [ 19.61401, 41.404686499000036 ], [ 19.612342156000068, 41.399647363000042 ], [ 19.618809475000035, 41.389497381000069 ], [ 19.618026719000056, 41.37090562000003 ], [ 19.641926700000056, 41.355971400000044 ], [ 19.631651830000067, 41.337468800000067 ], [ 19.640573, 41.32659299900007 ], [ 19.639969693000069, 41.312754730000051 ], [ 19.635632177000048, 41.299099363000039 ], [ 19.637651284000071, 41.294045391000054 ], [ 19.63371164800003, 41.284258869000041 ], [ 19.622773087000041, 41.279279318000079 ], [ 19.609995, 41.284721499000057 ] ] ] ] } },
{ "type": "Feature", "properties": { "GISCO_ID": "AL_AL132", "CNTR_CODE": "AL", "LAU_ID": "AL132", "LAU_NAME": "KUKËS", "cell_coverage": [ [ 0, 0, 0.0635, 0.2133, 0, 0, 0, 0, 0, 0, 0, 0, 0 ], [ 0, 0.19, 0.8231, 0.9836, 0.0602, 0, 0, 0, 0.0269, 0.5336, 0.297, 0, 0 ], [ 0.0424, 0.8475, 1, 1, 0.7056, 0.3547, 0.3105, 0.3956, 0.8445, 1, 0.5198, 0, 0 ], [ 0.5095, 0.9581, 1, 1, 1, 1, 1, 1, 1, 1, 0.6734, 0.0293, 0 ], [ 0.0002, 0.0794, 0.4466, 0.8084, 1, 1, 1, 1, 1, 1, 1, 0.391, 0 ], [ 0, 0, 0, 0.4846, 1, 1, 1, 1, 1, 1, 1, 0.829, 0.0021 ], [ 0, 0, 0.1995, 0.843, 1, 1, 1, 1, 1, 1, 0.9996, 0.6177, 0 ], [ 0, 0, 0.8069, 0.9074, 0.398, 0.8489, 1, 1, 1, 1, 0.9758, 0.1023, 0 ], [ 0, 0, 0.0653, 0.0342, 0, 0.7799, 0.9992, 0.3945, 0.3821, 0.7147, 0.3306, 0, 0 ], [ 0, 0, 0, 0, 0, 0.199, 0.3648, 0.0015, 0, 0, 0, 0, 0 ] ], "xmin": 20.125, "xmax": 20.666666666666668, "ymin": 41.791666666666657, "ymax": 42.208333333333321 }, "geometry": { "type": "MultiPolygon", "coordinates": [ [ [ [ 20.212217500000065, 42.024927999000056 ], [ 20.198361059000035, 42.031608009000081 ], [ 20.195530142000052, 42.04216335600006 ], [ 20.170803506000027, 42.042418243000043 ], [ 20.171258763000026, 42.055922125000052 ], [ 20.154639570000029, 42.048275738000029 ], [ 20.14463177500005, 42.05067060500005 ], [ 20.141309749000072, 42.041013857000053 ], [ 20.136257210000053, 42.044992551000064 ], [ 20.132362280000052, 42.054400314000077 ], [ 20.138658232000068, 42.067770877000044 ], [ 20.153709470000024, 42.07830393100005 ], [ 20.159701050000024, 42.089700305000065 ], [ 20.170952455000076, 42.098347512000032 ], [ 20.177118309000036, 42.115619757000047 ], [ 20.194849274000035, 42.13969282000005 ], [ 20.232079598000041, 42.161079231000031 ], [ 20.248271, 42.181230499000037 ], [ 20.265763168000035, 42.179924977000042 ], [ 20.282396939000023, 42.171013271000049 ], [ 20.287409672000024, 42.162628276000078 ], [ 20.295503774000053, 42.156936726000026 ], [ 20.292671885000061, 42.135944552000069 ], [ 20.304357379000066, 42.117270120000057 ], [ 20.315688967000028, 42.112670879000063 ], [ 20.315863877000027, 42.103778681000051 ], [ 20.324414012000034, 42.102631871000028 ], [ 20.336308872000075, 42.105638705000047 ], [ 20.34985976400003, 42.096813747000056 ], [ 20.392518689000042, 42.092647699000054 ], [ 20.409128512000052, 42.101537051000037 ], [ 20.427603409000028, 42.098377366000079 ], [ 20.452858132000074, 42.100353914000038 ], [ 20.462595570000076, 42.10945255200005 ], [ 20.512189091000039, 42.14015175600008 ], [ 20.528385169000046, 42.154321674000073 ], [ 20.543066, 42.160664999000062 ], [ 20.557700493000027, 42.146925668000051 ], [ 20.556390773000032, 42.13957935500008 ], [ 20.56745924300003, 42.122455487000025 ], [ 20.561718057000064, 42.10892756800007 ], [ 20.566803372000038, 42.09869793200005 ], [ 20.555540619000055, 42.083688318000043 ], [ 20.55863183200006, 42.074959698000043 ], [ 20.570618523000064, 42.059496283000044 ], [ 20.593988419000027, 42.042584227000077 ], [ 20.597551130000056, 42.020519712000066 ], [ 20.602244982000059, 42.015001086000041 ], [ 20.612657831000035, 41.985054357000081 ], [ 20.623364344000038, 41.975499835000051 ], [ 20.62595028100003, 41.962877043000049 ], [ 20.618594450000046, 41.939183901000035 ], [ 20.604874193000057, 41.930981892000034 ], [ 20.591869273000043, 41.927083042000049 ], [ 20.585237754000048, 41.917873174000079 ], [ 20.577554235000036, 41.915555897000047 ], [ 20.593226999000024, 41.884319149000078 ], [ 20.594286, 41.877327499000046 ], [ 20.573455786000068, 41.874831805000042 ], [ 20.560354715000074, 41.868800336000049 ], [ 20.55930945700004, 41.86185258200004 ], [ 20.562872, 41.846136499000067 ], [ 20.530987, 41.848283724000055 ], [ 20.511267315000055, 41.839629224000078 ], [ 20.492349048000051, 41.85723558400008 ], [ 20.48108234700004, 41.860878368000044 ], [ 20.42993844800003, 41.861002488000054 ], [ 20.416351401000043, 41.845514910000077 ], [ 20.417130296000039, 41.825252312000032 ], [ 20.395145918000026, 41.81527757200007 ], [ 20.35989287700005, 41.817681460000074 ], [ 20.355958894000025, 41.819798997000078 ], [ 20.349300536000044, 41.833684130000051 ], [ 20.33721279100007, 41.847656157000074 ], [ 20.341220127000042, 41.851388058000055 ], [ 20.342092088000072, 41.867396177000046 ], [ 20.346297250000077, 41.874980067000081 ], [ 20.346199819000049, 41.891772092000053 ], [ 20.334281619000024, 41.898319617000027 ], [ 20.32745389300004, 41.905978520000076 ], [ 20.319253033000052, 41.907482703000028 ], [ 20.312772423000069, 41.904730791000077 ], [ 20.311204414000031, 41.896248306000075 ], [ 20.292158099000062, 41.892808034000041 ], [ 20.284094375000052, 41.883233075000078 ], [ 20.266121661000057, 41.873775227000067 ], [ 20.245867503000056, 41.867826265000076 ], [ 20.237902668000061, 41.873793379000062 ], [ 20.220796, 41.869371999000066 ], [ 20.224621106000029, 41.880327805000036 ], [ 20.213634196000044, 41.885612303000073 ], [ 20.211583892000078, 41.890808036000067 ], [ 20.216590392000057, 41.911340993000067 ], [ 20.229606957000044, 41.926770766000061 ], [ 20.250076009000054, 41.93634813500006 ], [ 20.268748037000023, 41.951203340000063 ], [ 20.268041891000053, 41.971351877000075 ], [ 20.278799452000044, 42.002848071000074 ], [ 20.249439369000072, 42.020683115000054 ], [ 20.212217500000065, 42.024927999000056 ] ] ] ] } },
{ "type": "Feature", "properties": { "GISCO_ID": "AL_AL155", "CNTR_CODE": "AL", "LAU_ID": "AL155", "LAU_NAME": "VAU I DEJËS", "cell_coverage": [ [ 0, 0, 0, 0, 0, 0, 0, 0, 0, 0.0014, 0.5179, 0.2828 ], [ 0, 0, 0, 0, 0, 0, 0, 0.1209, 0.3447, 0.464, 0.9471, 0.166 ], [ 0, 0, 0, 0, 0, 0.0248, 0.7248, 0.9852, 1, 1, 0.9735, 0.1448 ], [ 0, 0, 0, 0, 0, 0.1479, 0.9658, 0.9943, 1, 0.96, 0.2523, 0 ], [ 0, 0, 0, 0, 0.0284, 0.5856, 0.9003, 0.4279, 0.1541, 0.0966, 0, 0 ], [ 0, 0, 0.2435, 0.2171, 0.2647, 0.8755, 1, 0.8896, 0.0641, 0, 0, 0 ], [ 0.02, 0.0691, 0.9229, 0.9854, 0.9994, 1, 1, 0.9406, 0.1538, 0, 0, 0 ], [ 0.5155, 0.8671, 1, 0.7462, 0.4336, 0.9879, 0.6949, 0.9128, 0.0059, 0, 0, 0 ], [ 0, 0.0005, 0.3487, 0.4037, 0.0067, 0.0761, 0, 0.3642, 0.0121, 0, 0, 0 ] ], "xmin": 19.416666666666664, "xmax": 19.916666666666664, "ymin": 41.875, "ymax": 42.25 }, "geometry": { "type": "MultiPolygon", "coordinates": [ [ [ [ 19.883188, 42.145987499000057 ], [ 19.882845459000066, 42.139646085000038 ], [ 19.878673871000046, 42.13327537400005 ], [ 19.853150710000023, 42.121349581000061 ], [ 19.851708081000027, 42.118958818000067 ], [ 19.857934291000049, 42.113704312000038 ], [ 19.835248690000071, 42.099344564000035 ], [ 19.82483656200003, 42.085222581000039 ], [ 19.80796424600004, 42.07845423200007 ], [ 19.802754363000076, 42.071558283000059 ], [ 19.792076402000077, 42.077816668000025 ], [ 19.777141136000068, 42.07386864800003 ], [ 19.758847683000056, 42.078719742000033 ], [ 19.738892118000024, 42.084633619000044 ], [ 19.729038248000052, 42.083460350000053 ], [ 19.719679234000068, 42.07655494800008 ], [ 19.721611070000051, 42.068868921000046 ], [ 19.71854606100004, 42.062138756000024 ], [ 19.724050963000025, 42.052741900000058 ], [ 19.737982604000024, 42.049200319000079 ], [ 19.754927022000061, 42.032594681000035 ], [ 19.755931030000056, 42.015055361000066 ], [ 19.740435262000062, 42.01137269600008 ], [ 19.731221136000045, 42.003439411000045 ], [ 19.741007047000039, 41.992709360000049 ], [ 19.749403935000032, 41.989909836000038 ], [ 19.756167276000042, 41.991440303000047 ], [ 19.755278643000054, 41.986304310000037 ], [ 19.758847683000056, 41.980533432000072 ], [ 19.762153093000052, 41.96877999000003 ], [ 19.760951849000037, 41.966105028000072 ], [ 19.758847683000056, 41.964712532000078 ], [ 19.741113618000043, 41.949274357000036 ], [ 19.741195756000025, 41.946364201000051 ], [ 19.747066500000074, 41.944613999000069 ], [ 19.738965996000047, 41.938742277000074 ], [ 19.748587195000027, 41.932736254000076 ], [ 19.751306395000029, 41.925720824000052 ], [ 19.749905371000068, 41.919523791000074 ], [ 19.755354815000032, 41.913298434000069 ], [ 19.733720553000069, 41.901296630000047 ], [ 19.726625734000038, 41.890436548000025 ], [ 19.721941445000027, 41.890919401000076 ], [ 19.717055756000036, 41.896006758000055 ], [ 19.716751191000071, 41.903555563000054 ], [ 19.711318733000041, 41.908889817000045 ], [ 19.706738941000026, 41.921474548000049 ], [ 19.69622311300003, 41.93168903600008 ], [ 19.681115158000068, 41.936344615000053 ], [ 19.668397421000066, 41.920902906000038 ], [ 19.660490418000052, 41.919122689000062 ], [ 19.659026095000058, 41.914982895000037 ], [ 19.642982920000065, 41.910931970000036 ], [ 19.63312748900006, 41.912074048000079 ], [ 19.626242588000025, 41.915590455000029 ], [ 19.622550043000047, 41.913875860000076 ], [ 19.612547932000041, 41.920137969000052 ], [ 19.613108943000043, 41.923719282000036 ], [ 19.622969843000078, 41.927217115000076 ], [ 19.625491692000026, 41.933410599000069 ], [ 19.622787949000042, 41.93804011900005 ], [ 19.594687368000052, 41.947668949000047 ], [ 19.590682079000032, 41.943909676000033 ], [ 19.579347566000024, 41.941412324000055 ], [ 19.563293198000054, 41.944056962000047 ], [ 19.566719382000031, 41.92544556100006 ], [ 19.570584900000028, 41.921057146000066 ], [ 19.565158104000034, 41.915371281000034 ], [ 19.568563254000026, 41.890096132000053 ], [ 19.558141246000048, 41.884746950000078 ], [ 19.54804368300006, 41.891454215000067 ], [ 19.515736233000041, 41.901772467000058 ], [ 19.504911640000046, 41.91302556800008 ], [ 19.484627166000053, 41.923919950000027 ], [ 19.477947026000038, 41.924331611000071 ], [ 19.470843, 41.917382499000041 ], [ 19.460663311000076, 41.923499727000035 ], [ 19.452061548000074, 41.923331292000057 ], [ 19.422811853000042, 41.941612899000063 ], [ 19.421095715000035, 41.945846128000028 ], [ 19.428877665000073, 41.954448977000027 ], [ 19.435796106000055, 41.953625489000046 ], [ 19.443655532000037, 41.96073711400004 ], [ 19.45080107900003, 41.958871828000042 ], [ 19.460902447000024, 41.964934901000049 ], [ 19.466631110000037, 41.961957340000026 ], [ 19.466125849000036, 41.957585577000032 ], [ 19.475079339000047, 41.953300364000029 ], [ 19.50377846300006, 41.969787515000064 ], [ 19.499529665000068, 41.975010005000058 ], [ 19.502993046000029, 41.980605388000072 ], [ 19.498898491000034, 41.984856925000031 ], [ 19.51096208000007, 41.996521666000035 ], [ 19.522926406000067, 42.002140894000036 ], [ 19.522842585000035, 42.008805920000043 ], [ 19.527075556000057, 42.013106977000064 ], [ 19.521891789000051, 42.022652343000061 ], [ 19.525102110000034, 42.025375944000075 ], [ 19.544855215000041, 42.020654480000076 ], [ 19.54804368300006, 42.014276256000073 ], [ 19.562900107000075, 42.011269619000075 ], [ 19.569019039000068, 42.006685116000028 ], [ 19.572572344000037, 41.998276173000079 ], [ 19.578482545000043, 41.996792113000026 ], [ 19.59022810700003, 42.002197126000056 ], [ 19.606340039000031, 42.016861488000075 ], [ 19.611263226000062, 42.017528647000063 ], [ 19.618559094000034, 42.013754875000075 ], [ 19.633907141000066, 42.023653800000034 ], [ 19.63744368600004, 42.037075560000062 ], [ 19.625693128000023, 42.049695565000036 ], [ 19.618742289000068, 42.053338095000072 ], [ 19.619809838000037, 42.059068108000076 ], [ 19.640112030000068, 42.068585259000031 ], [ 19.667979837000075, 42.067342847000077 ], [ 19.682930198000065, 42.075772608000079 ], [ 19.665301205000048, 42.096896503000039 ], [ 19.657065611000064, 42.099344564000035 ], [ 19.653828870000041, 42.10269637600004 ], [ 19.658438348000061, 42.107692279000048 ], [ 19.656104594000055, 42.113224047000074 ], [ 19.66103140000007, 42.127282342000058 ], [ 19.671156814000028, 42.146004632000029 ], [ 19.678265047000025, 42.152263736000066 ], [ 19.689730983000061, 42.158578852000062 ], [ 19.712478844000032, 42.163538718000041 ], [ 19.748809793000078, 42.179881609000063 ], [ 19.758847683000056, 42.18017541200004 ], [ 19.787299074000032, 42.181966139000053 ], [ 19.804759112000056, 42.188268731000051 ], [ 19.814797351000038, 42.187568651000049 ], [ 19.82358627800005, 42.182017422000058 ], [ 19.828283377000048, 42.183419411000045 ], [ 19.834288407000031, 42.192463804000056 ], [ 19.832461963000071, 42.210988443000076 ], [ 19.836566400000038, 42.215087623000045 ], [ 19.838055645000054, 42.222682898000073 ], [ 19.847567500000025, 42.232213999000066 ], [ 19.864713315000074, 42.232230260000051 ], [ 19.873874500000056, 42.237471999000036 ], [ 19.891848976000063, 42.228580144000034 ], [ 19.898577928000066, 42.219232125000076 ], [ 19.886328891000062, 42.190355077000049 ], [ 19.871215666000069, 42.18657634300007 ], [ 19.867531986000074, 42.181703341000059 ], [ 19.875006485000029, 42.166335267000079 ], [ 19.884074464000037, 42.162673811000047 ], [ 19.883188, 42.145987499000057 ] ] ] ] } },
{ "type": "Feature", "properties": { "GISCO_ID": "AL_AL225", "CNTR_CODE": "AL", "LAU_ID": "AL225", "LAU_NAME": "VORË", "cell_coverage": [ [ 0, 0, 0.0237, 0 ], [ 0.0687, 0.7575, 0.7045, 0 ], [ 0.1869, 1, 0.9864, 0.1399 ], [ 0.025, 0.7759, 0.2478, 0.1716 ], [ 0, 0.0439, 0, 0 ] ], "xmin": 19.583333333333329, "xmax": 19.75, "ymin": 41.29166666666665, "ymax": 41.5 }, "geometry": { "type": "MultiPolygon", "coordinates": [ [ [ [ 19.744970500000022, 41.358046999000067 ], [ 19.739867835000041, 41.362718237000081 ], [ 19.730494193000027, 41.362100130000044 ], [ 19.711951468000052, 41.371556316000067 ], [ 19.690753057000052, 41.371082662000049 ], [ 19.687052348000066, 41.361881516000039 ], [ 19.675721813000052, 41.359865369000033 ], [ 19.66552069200003, 41.352085830000078 ], [ 19.668173411000055, 41.342849542000067 ], [ 19.654123191000053, 41.331791814000042 ], [ 19.640573, 41.32659299900007 ], [ 19.631651830000067, 41.337468800000067 ], [ 19.641926700000056, 41.355971400000044 ], [ 19.618026719000056, 41.37090562000003 ], [ 19.618809475000035, 41.389497381000069 ], [ 19.612342156000068, 41.399647363000042 ], [ 19.61401, 41.404686499000036 ], [ 19.618168357000059, 41.407881749000069 ], [ 19.623926925000035, 41.424337457000036 ], [ 19.617186438000033, 41.438620735000029 ], [ 19.622517500000072, 41.445653499000059 ], [ 19.646824171000048, 41.454358300000081 ], [ 19.670619775000034, 41.433791770000028 ], [ 19.674908763000076, 41.452798771000062 ], [ 19.679298176000032, 41.458151641000029 ], [ 19.688206475000072, 41.459481307000033 ], [ 19.684515673000078, 41.464038728000048 ], [ 19.690780221000068, 41.464911234000056 ], [ 19.703461775000051, 41.43974010200003 ], [ 19.698036520000073, 41.435318565000046 ], [ 19.699013068000056, 41.426154634000056 ], [ 19.705119378000063, 41.420686296000042 ], [ 19.708012749000034, 41.412008091000075 ], [ 19.714883668000027, 41.406625731000076 ], [ 19.711992773000077, 41.404900536000071 ], [ 19.705877114000032, 41.403893594000067 ], [ 19.704654858000026, 41.401445704000025 ], [ 19.706590280000057, 41.397640562000049 ], [ 19.711992773000077, 41.396838246000073 ], [ 19.719078515000035, 41.391720581000072 ], [ 19.716149964000067, 41.380367414000034 ], [ 19.743200880000074, 41.367823316000056 ], [ 19.747689503000061, 41.363508438000054 ], [ 19.744970500000022, 41.358046999000067 ] ] ] ] } },
{ "type": "Feature", "properties": { "GISCO_ID": "AL_AL326", "CNTR_CODE": "AL", "LAU_ID": "AL326", "LAU_NAME": "PATOS", "cell_coverage": [ [ 0.0055, 0.0727, 0, 0, 0 ], [ 0.3946, 0.7329, 0.0042, 0, 0 ], [ 0.5519, 1, 0.5207, 0.5254, 0.0634 ], [ 0.0392, 0.2755, 0.496, 0.3743, 0.0148 ], [ 0, 0.0011, 0, 0, 0 ] ], "xmin": 19.583333333333329, "xmax": 19.791666666666661, "ymin": 40.583333333333321, "ymax": 40.791666666666657 }, "geometry": { "type": "MultiPolygon", "coordinates": [ [ [ [ 19.655731500000059, 40.756215499000064 ], [ 19.662806758000045, 40.752966522000065 ], [ 19.643313999000043, 40.735657017000051 ], [ 19.65046588000007, 40.731799242000079 ], [ 19.659794342000055, 40.718328298000074 ], [ 19.667341337000039, 40.716329108000025 ], [ 19.668309070000078, 40.698695332000057 ], [ 19.67415636800007, 40.685472934000074 ], [ 19.708298354000078, 40.688207556000066 ], [ 19.711992773000077, 40.691418660000068 ], [ 19.725221529000066, 40.690767817000051 ], [ 19.74422893600007, 40.684538689000078 ], [ 19.751362941000025, 40.685489207000046 ], [ 19.758587644000045, 40.68184763000005 ], [ 19.75866641500005, 40.675776772000063 ], [ 19.75108287200004, 40.667935554000053 ], [ 19.752680869000073, 40.653485533000037 ], [ 19.728890232000026, 40.653178105000052 ], [ 19.721904276000032, 40.647549128000037 ], [ 19.711992773000077, 40.648005901000033 ], [ 19.702633989000049, 40.650108347000071 ], [ 19.683592400000066, 40.643442115000028 ], [ 19.675568100000078, 40.643839176000029 ], [ 19.669721472000049, 40.630629232000047 ], [ 19.664322, 40.626199499000052 ], [ 19.658518387000072, 40.624060818000032 ], [ 19.654198930000064, 40.626911264000057 ], [ 19.664162413000042, 40.645347527000069 ], [ 19.676347379000049, 40.651121444000069 ], [ 19.674145103000058, 40.658143273000064 ], [ 19.653670009000052, 40.661127547000035 ], [ 19.64503859000007, 40.655247273000043 ], [ 19.623425194000049, 40.661877523000044 ], [ 19.613985873000047, 40.659881467000048 ], [ 19.608904365000058, 40.681435404000069 ], [ 19.603880968000055, 40.683842522000077 ], [ 19.590839273000029, 40.683229561000076 ], [ 19.593365765000044, 40.697377635000066 ], [ 19.605594906000022, 40.699202614000058 ], [ 19.598033628000053, 40.71001212200008 ], [ 19.601729099000067, 40.712618360000079 ], [ 19.606686307000075, 40.731799242000079 ], [ 19.617118065000057, 40.741375274000063 ], [ 19.622288506000075, 40.75280116600004 ], [ 19.631511685000078, 40.753070179000076 ], [ 19.642405201000031, 40.747583057000043 ], [ 19.644735554000022, 40.755667753000068 ], [ 19.655731500000059, 40.756215499000064 ] ] ] ] } },
{ "type": "Feature", "properties": { "GISCO_ID": "AL_AL353", "CNTR_CODE": "AL", "LAU_ID": "AL353", "LAU_NAME": "KONISPOL", "cell_coverage": [ [ 0, 0.0165, 0.6486, 0.3806, 0.0535, 0.1341, 0.0536, 0, 0 ], [ 0.1798, 0.9011, 1, 0.9119, 0.8205, 1, 0.8467, 0.4031, 0.0238 ], [ 0.1837, 0.3264, 0.4905, 0.8762, 1, 1, 0.786, 0.3669, 0 ], [ 0, 0, 0, 0.0393, 0.292, 0.4719, 0.1723, 0, 0 ] ], "xmin": 19.958333333333329, "xmax": 20.333333333333329, "ymin": 39.625, "ymax": 39.791666666666657 }, "geometry": { "type": "MultiPolygon", "coordinates": [ [ [ [ 20.025607, 39.748339499000053 ], [ 20.04996716900007, 39.758143534000055 ], [ 20.049761067000077, 39.765330221000056 ], [ 20.045170868000071, 39.773881951000078 ], [ 20.047216500000047, 39.783576999000047 ], [ 20.052650017000076, 39.780466005000051 ], [ 20.06843367700003, 39.782494464000081 ], [ 20.07855420900006, 39.777249187000052 ], [ 20.092971143000057, 39.78045985600005 ], [ 20.102144366000061, 39.774859607000053 ], [ 20.11627720000007, 39.73957525600008 ], [ 20.129459588000032, 39.725619867000034 ], [ 20.136417737000045, 39.725673165000046 ], [ 20.140612203000046, 39.728769412000076 ], [ 20.133803494000063, 39.739964563000058 ], [ 20.135146144000032, 39.743582958000047 ], [ 20.150517297000022, 39.750793549000036 ], [ 20.156534897000029, 39.757181529000036 ], [ 20.167995434000034, 39.756166545000042 ], [ 20.195999646000075, 39.754854268000031 ], [ 20.213880744000051, 39.757275680000078 ], [ 20.221941059000073, 39.754696439000043 ], [ 20.226607770000044, 39.746781906000081 ], [ 20.253741992000073, 39.728163579000068 ], [ 20.280022029000065, 39.725290033000078 ], [ 20.303284500000075, 39.716829999000026 ], [ 20.290569, 39.713662999000064 ], [ 20.284152138000024, 39.71126900400003 ], [ 20.276549637000073, 39.700060761000032 ], [ 20.266321839000057, 39.693842911000047 ], [ 20.263730855000063, 39.68366867900005 ], [ 20.264818, 39.671774999000036 ], [ 20.245199198000023, 39.682827581000026 ], [ 20.232030864000023, 39.684347610000032 ], [ 20.229620327000077, 39.676536902000066 ], [ 20.219066227000042, 39.664953224000044 ], [ 20.22711335200006, 39.652179864000061 ], [ 20.225696500000026, 39.64773449900008 ], [ 20.21663, 39.64716899900003 ], [ 20.193552970000042, 39.644953976000068 ], [ 20.167995434000034, 39.650243777000071 ], [ 20.151234242000044, 39.655452165000042 ], [ 20.136938308000026, 39.654469463000055 ], [ 20.125047029000029, 39.657139179000069 ], [ 20.111172254000053, 39.666343468000036 ], [ 20.106553996000059, 39.666998125000077 ], [ 20.099184510000043, 39.670823544000029 ], [ 20.094826116000036, 39.677302698000062 ], [ 20.089280114000076, 39.682154729000047 ], [ 20.08509403100004, 39.682593565000047 ], [ 20.07834966300004, 39.680653542000073 ], [ 20.073043981000069, 39.683311728000035 ], [ 20.066794805000029, 39.688762440000062 ], [ 20.060902723000027, 39.689146531000063 ], [ 20.057454153000037, 39.690940956000077 ], [ 20.049614999000028, 39.691260487000079 ], [ 20.046612615000072, 39.693775925000068 ], [ 20.042395001000045, 39.691563880000047 ], [ 20.038173073000053, 39.691634117000035 ], [ 20.034536830000036, 39.693630211000027 ], [ 20.033689638000055, 39.699294097000063 ], [ 20.031986527000072, 39.700615155000037 ], [ 20.028250806000074, 39.699586272000033 ], [ 20.025373187000071, 39.696108240000058 ], [ 20.018187282000042, 39.696318197000039 ], [ 20.011395117000063, 39.693554259000052 ], [ 20.008812500000033, 39.691291999000043 ], [ 20.004748229000029, 39.693952270000068 ], [ 19.999564914000075, 39.687228127000026 ], [ 19.997881239000037, 39.691176630000029 ], [ 19.987147708000066, 39.688435068000047 ], [ 19.983730666000042, 39.689633248000064 ], [ 19.982129245000067, 39.694673652000063 ], [ 19.984217577000038, 39.699589280000055 ], [ 19.981911134000029, 39.708086134000041 ], [ 19.987560570000028, 39.720737572000075 ], [ 19.992354901000056, 39.724155154000073 ], [ 19.997577728000067, 39.739344433000042 ], [ 19.995866500000034, 39.743285499000081 ], [ 20.021769746000075, 39.742874130000075 ], [ 20.025607, 39.748339499000053 ] ] ] ] } },
{ "type": "Feature", "properties": { "GISCO_ID": "AL_AL342", "CNTR_CODE": "AL", "LAU_ID": "AL342", "LAU_NAME": "KOLONJË", "cell_coverage": [ [ 0, 0, 0, 0.1418, 0.1266, 0.4037, 0.8747, 0.935, 0.578, 0 ], [ 0.1439, 0.433, 0.5166, 0.9996, 1, 1, 1, 1, 0.8577, 0.0089 ], [ 0.21, 0.9374, 1, 1, 1, 1, 1, 1, 0.9626, 0.0002 ], [ 0, 0.5293, 1, 1, 1, 1, 1, 1, 0.6772, 0 ], [ 0, 0.5087, 1, 1, 1, 1, 1, 0.7942, 0.0979, 0 ], [ 0, 0.4408, 1, 1, 1, 1, 1, 0.1396, 0, 0 ], [ 0, 0.5318, 1, 1, 1, 1, 1, 0.2978, 0, 0 ], [ 0, 0.0932, 0.8954, 1, 1, 1, 0.5183, 0.0093, 0, 0 ], [ 0, 0, 0.1044, 0.7981, 1, 1, 0.415, 0, 0, 0 ], [ 0, 0, 0, 0.1069, 0.7233, 0.8065, 0.1765, 0, 0, 0 ], [ 0, 0, 0, 0, 0.0092, 0, 0, 0, 0, 0 ] ], "xmin": 20.416666666666664, "xmax": 20.833333333333332, "ymin": 40.04166666666665, "ymax": 40.5 }, "geometry": { "type": "MultiPolygon", "coordinates": [ [ [ [ 20.612876500000027, 40.079653499000074 ], [ 20.602815096000029, 40.08825029500008 ], [ 20.603975107000053, 40.094816766000065 ], [ 20.600172298000075, 40.101272642000026 ], [ 20.58831804700003, 40.109286990000044 ], [ 20.564272460000041, 40.119439186000079 ], [ 20.562227213000028, 40.130288046000032 ], [ 20.554574685000034, 40.138241475000029 ], [ 20.553140432000077, 40.144443886000033 ], [ 20.53781291100006, 40.15151806800003 ], [ 20.530894278000062, 40.160644820000073 ], [ 20.50800097900003, 40.16963547000006 ], [ 20.505948361000037, 40.188501342000052 ], [ 20.495101574000046, 40.197694846000047 ], [ 20.483496499000069, 40.201734313000031 ], [ 20.483724874000075, 40.21112213300006 ], [ 20.477047823000078, 40.222912832000077 ], [ 20.47487994200003, 40.236434141000075 ], [ 20.483014827000034, 40.275375598000039 ], [ 20.484152926000036, 40.285859317000074 ], [ 20.480836907000025, 40.305203619000054 ], [ 20.484630029000073, 40.311952174000055 ], [ 20.473962013000062, 40.321972987000038 ], [ 20.47064806800006, 40.330913299000031 ], [ 20.486160619000032, 40.344936485000062 ], [ 20.474194004000026, 40.362127006000037 ], [ 20.47277796000003, 40.373511954000037 ], [ 20.466604136000058, 40.382961117000036 ], [ 20.445353088000047, 40.39668006800008 ], [ 20.442341762000069, 40.401537037000026 ], [ 20.441901663000067, 40.410906158000046 ], [ 20.448637813000062, 40.42741303300005 ], [ 20.449272500000063, 40.439898999000036 ], [ 20.461986126000056, 40.441416402000073 ], [ 20.479052318000072, 40.43506601200005 ], [ 20.485529568000061, 40.42980478700008 ], [ 20.508908255000051, 40.430173626000055 ], [ 20.526492417000043, 40.436575917000027 ], [ 20.533108796000022, 40.445080822000079 ], [ 20.535761118000039, 40.45520818500006 ], [ 20.551420608000058, 40.461608358000035 ], [ 20.578855310000051, 40.468797600000073 ], [ 20.616950164000059, 40.460315752000042 ], [ 20.62983186200006, 40.46483905100007 ], [ 20.636945499000035, 40.475023892000024 ], [ 20.639855122000029, 40.477757289000067 ], [ 20.659111714000062, 40.477405170000054 ], [ 20.665217011000038, 40.481695309000031 ], [ 20.667657848000033, 40.491844747000073 ], [ 20.680333026000028, 40.494905155000026 ], [ 20.763260500000058, 40.498956999000029 ], [ 20.771770875000072, 40.493995211000026 ], [ 20.776982683000028, 40.479449418000058 ], [ 20.776551333000043, 40.452199133000079 ], [ 20.795661, 40.433789499000056 ], [ 20.785962459000075, 40.424427772000058 ], [ 20.791931732000023, 40.412781079000069 ], [ 20.787323269000069, 40.399937621000049 ], [ 20.791865565000023, 40.384210472000063 ], [ 20.789512743000046, 40.363348489000032 ], [ 20.786121587000025, 40.359138569000038 ], [ 20.776768128000072, 40.355583693000028 ], [ 20.778501, 40.348788999000078 ], [ 20.764084643000047, 40.341675579000025 ], [ 20.758280571000057, 40.331577973000037 ], [ 20.763147784000068, 40.321737595000059 ], [ 20.748683500000027, 40.313526499000034 ], [ 20.735555827000042, 40.308845169000051 ], [ 20.731521, 40.298207999000056 ], [ 20.71397229300004, 40.282484190000048 ], [ 20.708752743000048, 40.269921862000047 ], [ 20.710106393000046, 40.262104083000054 ], [ 20.721467500000074, 40.251165999000079 ], [ 20.720992710000075, 40.234642166000071 ], [ 20.724440500000071, 40.225565499000027 ], [ 20.724712500000066, 40.224478999000041 ], [ 20.707111285000053, 40.199931305000064 ], [ 20.678827330000047, 40.188976934000038 ], [ 20.680204808000042, 40.183119287000068 ], [ 20.675620206000076, 40.165562865000027 ], [ 20.69325980800005, 40.151740952000068 ], [ 20.680798, 40.134203999000079 ], [ 20.676425062000078, 40.126054797000052 ], [ 20.678386500000045, 40.09630099900005 ], [ 20.678365, 40.096002999000063 ], [ 20.670537616000047, 40.097120003000043 ], [ 20.651535645000024, 40.090936011000053 ], [ 20.624701802000061, 40.089555352000048 ], [ 20.612876500000027, 40.079653499000074 ] ] ] ] } }
]
}
