{
"type": "FeatureCollection",
"name": "CY",
"crs": { "type": "name", "properties": { "name": "urn:ogc:def:crs:OGC:1.3:CRS84" } },
"features": [
{ "type": "Feature", "properties": { "GISCO_ID": "CY_5356", "CNTR_CODE": "CY", "LAU_ID": "5356", "LAU_NAME": "Τρόοδος", "cell_coverage": [ [ 0.1932, 0.2708 ], [ 0.0689, 0.0602 ] ], "xmin": 32.833333333333329, "xmax": 32.916666666666664, "ymin": 34.875, "ymax": 34.958333333333321 }, "geometry": { "type": "MultiPolygon", "coordinates": [ [ [ [ 32.864331, 34.941078999000069 ], [ 32.884254248000047, 34.937749389000032 ], [ 32.905341500000077, 34.940895499000078 ], [ 32.879104269000038, 34.904196356000057 ], [ 32.867068447000065, 34.907516127000065 ], [ 32.861608208000064, 34.91197229900007 ], [ 32.860959500000035, 34.923518999000066 ], [ 32.859113500000035, 34.933527499000036 ], [ 32.864331, 34.941078999000069 ] ] ] ] } },
{ "type": "Feature", "properties": { "GISCO_ID": "CY_5360", "CNTR_CODE": "CY", "LAU_ID": "5360", "LAU_NAME": "Άγιος Θεόδωρος Λεμεσού", "cell_coverage": [ [ 0, 0.0002 ], [ 0.2577, 0.3107 ], [ 0.0208, 0 ] ], "xmin": 33.0, "xmax": 33.083333333333336, "ymin": 34.833333333333321, "ymax": 34.958333333333321 }, "geometry": { "type": "MultiPolygon", "coordinates": [ [ [ [ 33.030077500000061, 34.871311999000056 ], [ 33.023618566000039, 34.87323686700006 ], [ 33.021475500000065, 34.877954499000055 ], [ 33.027564928000061, 34.888180436000027 ], [ 33.031109255000047, 34.902103141000055 ], [ 33.03958825400008, 34.907072806000031 ], [ 33.038052, 34.91026849900004 ], [ 33.045041449000053, 34.913425085000029 ], [ 33.047058500000048, 34.917393999000069 ], [ 33.051106, 34.909009499000035 ], [ 33.055985968000073, 34.900534739000079 ], [ 33.069338500000072, 34.892333499000074 ], [ 33.06365, 34.887013499000034 ], [ 33.054390178000062, 34.885444460000031 ], [ 33.043122707000066, 34.876300323000066 ], [ 33.030077500000061, 34.871311999000056 ] ] ] ] } },
{ "type": "Feature", "properties": { "GISCO_ID": "CY_5361", "CNTR_CODE": "CY", "LAU_ID": "5361", "LAU_NAME": "Άγιος Ιωάννης Λεμεσού", "cell_coverage": [ [ 0.088, 0.3696 ] ], "xmin": 32.958333333333329, "xmax": 33.041666666666664, "ymin": 34.875, "ymax": 34.916666666666657 }, "geometry": { "type": "MultiPolygon", "coordinates": [ [ [ [ 32.989608500000031, 34.888363999000035 ], [ 32.998875120000037, 34.889024259000053 ], [ 33.014056, 34.899460499000043 ], [ 33.029902676000063, 34.91011257200006 ], [ 33.038052, 34.91026849900004 ], [ 33.03958825400008, 34.907072806000031 ], [ 33.031109255000047, 34.902103141000055 ], [ 33.027564928000061, 34.888180436000027 ], [ 33.021475500000065, 34.877954499000055 ], [ 33.014572828000041, 34.87938293600007 ], [ 33.007871443000056, 34.877043481000044 ], [ 33.002691364000043, 34.879304765000029 ], [ 32.993490615000042, 34.875491370000077 ], [ 32.98706, 34.878511499000069 ], [ 32.986000127000068, 34.884661148000077 ], [ 32.989608500000031, 34.888363999000035 ] ] ] ] } },
{ "type": "Feature", "properties": { "GISCO_ID": "CY_5362", "CNTR_CODE": "CY", "LAU_ID": "5362", "LAU_NAME": "Κάτω Μύλος", "cell_coverage": [ [ 0.0464, 0.0798 ] ], "xmin": 32.958333333333329, "xmax": 33.041666666666664, "ymin": 34.875, "ymax": 34.916666666666657 }, "geometry": { "type": "MultiPolygon", "coordinates": [ [ [ [ 33.014056, 34.899460499000043 ], [ 32.998875120000037, 34.889024259000053 ], [ 32.989608500000031, 34.888363999000035 ], [ 32.989447, 34.888636999000028 ], [ 33.00136150000003, 34.906177999000079 ], [ 33.007046116000026, 34.906358182000076 ], [ 33.014056, 34.899460499000043 ] ] ] ] } },
{ "type": "Feature", "properties": { "GISCO_ID": "CY_5363", "CNTR_CODE": "CY", "LAU_ID": "5363", "LAU_NAME": "Ποταμίτισσα", "cell_coverage": [ [ 0.0001, 0 ], [ 0.2569, 0.0014 ] ], "xmin": 32.958333333333329, "xmax": 33.041666666666664, "ymin": 34.875, "ymax": 34.958333333333321 }, "geometry": { "type": "MultiPolygon", "coordinates": [ [ [ [ 32.988473, 34.914813999000046 ], [ 32.997773500000051, 34.916891999000029 ], [ 32.996580476000076, 34.911362651000047 ], [ 33.00136150000003, 34.906177999000079 ], [ 32.989447, 34.888636999000028 ], [ 32.98323419500008, 34.887644126000055 ], [ 32.976063903000068, 34.904481728000064 ], [ 32.976713, 34.908810499000026 ], [ 32.988473, 34.914813999000046 ] ] ] ] } },
{ "type": "Feature", "properties": { "GISCO_ID": "CY_5364", "CNTR_CODE": "CY", "LAU_ID": "5364", "LAU_NAME": "Δύμες", "cell_coverage": [ [ 0.0809, 0.1899 ], [ 0, 0.0631 ] ], "xmin": 32.916666666666664, "xmax": 33.0, "ymin": 34.875, "ymax": 34.958333333333321 }, "geometry": { "type": "MultiPolygon", "coordinates": [ [ [ [ 32.988473, 34.914813999000046 ], [ 32.976713, 34.908810499000026 ], [ 32.967269884000075, 34.91379732300004 ], [ 32.964475332000063, 34.927090656000075 ], [ 32.954839242000048, 34.928316411000026 ], [ 32.948732560000053, 34.932710682000049 ], [ 32.936514500000044, 34.931416499000079 ], [ 32.933539500000052, 34.938493999000059 ], [ 32.964152290000072, 34.935140564000051 ], [ 32.983654, 34.924480999000025 ], [ 32.991666541000029, 34.920259916000077 ], [ 32.988473, 34.914813999000046 ] ] ] ] } },
{ "type": "Feature", "properties": { "GISCO_ID": "CY_5365", "CNTR_CODE": "CY", "LAU_ID": "5365", "LAU_NAME": "Πελένδρι", "cell_coverage": [ [ 0, 0.177, 0.0448 ], [ 0.0174, 0.779, 0.5094 ], [ 0, 0.0913, 0.2076 ] ], "xmin": 32.875, "xmax": 33.0, "ymin": 34.833333333333321, "ymax": 34.958333333333321 }, "geometry": { "type": "MultiPolygon", "coordinates": [ [ [ [ 32.989447, 34.888636999000028 ], [ 32.989608500000031, 34.888363999000035 ], [ 32.986000127000068, 34.884661148000077 ], [ 32.98706, 34.878511499000069 ], [ 32.982819555000049, 34.875994153000079 ], [ 32.980271515000027, 34.866398660000073 ], [ 32.982929746000025, 34.85598963800004 ], [ 32.978342, 34.849232999000037 ], [ 32.974789816000055, 34.85831479400008 ], [ 32.94720576900005, 34.871641708000027 ], [ 32.933206464000079, 34.872301426000035 ], [ 32.927521, 34.869087499000045 ], [ 32.920192, 34.874236499000062 ], [ 32.923759473000075, 34.880463942000063 ], [ 32.911413854000045, 34.903943508000054 ], [ 32.925594, 34.90803549900005 ], [ 32.93592598500004, 34.902084546000026 ], [ 32.942578578000052, 34.901867493000054 ], [ 32.943922690000079, 34.910583748000079 ], [ 32.936674982000056, 34.919812979000028 ], [ 32.936514500000044, 34.931416499000079 ], [ 32.948732560000053, 34.932710682000049 ], [ 32.954839242000048, 34.928316411000026 ], [ 32.964475332000063, 34.927090656000075 ], [ 32.967269884000075, 34.91379732300004 ], [ 32.976713, 34.908810499000026 ], [ 32.976063903000068, 34.904481728000064 ], [ 32.98323419500008, 34.887644126000055 ], [ 32.989447, 34.888636999000028 ] ] ] ] } },
{ "type": "Feature", "properties": { "GISCO_ID": "CY_5366", "CNTR_CODE": "CY", "LAU_ID": "5366", "LAU_NAME": "Αγρός", "cell_coverage": [ [ 0.0031, 0.2952, 0.0123 ], [ 0.0124, 0.2477, 0.0093 ] ], "xmin": 32.958333333333329, "xmax": 33.083333333333329, "ymin": 34.875, "ymax": 34.958333333333321 }, "geometry": { "type": "MultiPolygon", "coordinates": [ [ [ [ 33.014056, 34.899460499000043 ], [ 33.007046116000026, 34.906358182000076 ], [ 33.00136150000003, 34.906177999000079 ], [ 32.996580476000076, 34.911362651000047 ], [ 32.997773500000051, 34.916891999000029 ], [ 33.007993, 34.937326499000051 ], [ 33.01384446000003, 34.931734145000064 ], [ 33.022715500000061, 34.931286499000066 ], [ 33.038797754000029, 34.921998680000058 ], [ 33.04542994600007, 34.921006288000058 ], [ 33.047058500000048, 34.917393999000069 ], [ 33.045041449000053, 34.913425085000029 ], [ 33.038052, 34.91026849900004 ], [ 33.029902676000063, 34.91011257200006 ], [ 33.014056, 34.899460499000043 ] ] ] ] } },
{ "type": "Feature", "properties": { "GISCO_ID": "CY_4103", "CNTR_CODE": "CY", "LAU_ID": "4103", "LAU_NAME": "Αβδελλερό", "cell_coverage": [ [ 0.1767, 0.4838, 0.1626 ], [ 0.1348, 0.1545, 0.0436 ] ], "xmin": 33.5, "xmax": 33.625, "ymin": 34.958333333333321, "ymax": 35.041666666666657 }, "geometry": { "type": "MultiPolygon", "coordinates": [ [ [ [ 33.519294, 35.009182999000075 ], [ 33.523364500000071, 35.014957499000047 ], [ 33.547711385000071, 35.008715861000042 ], [ 33.555062307000071, 35.019197701000053 ], [ 33.570267899000044, 35.022361923000062 ], [ 33.580900500000041, 35.032775499000024 ], [ 33.58724009000008, 35.030580385000064 ], [ 33.598528022000039, 35.01320736100007 ], [ 33.586520639000071, 35.007824787000061 ], [ 33.595071, 35.001682499000026 ], [ 33.590767902000039, 34.996881243000075 ], [ 33.589054894000071, 34.988973394000027 ], [ 33.575293397000053, 34.992237675000069 ], [ 33.558312680000029, 34.991263469000046 ], [ 33.546568791000027, 34.998874700000044 ], [ 33.54484988400003, 35.003499632000057 ], [ 33.534103662000064, 34.991735572000039 ], [ 33.536225500000057, 34.982489999000052 ], [ 33.529004974000031, 34.983665977000044 ], [ 33.525048811000033, 34.991255183000078 ], [ 33.514830937000056, 34.997313363000046 ], [ 33.514756, 35.002665499000045 ], [ 33.519294, 35.009182999000075 ] ] ] ] } },
{ "type": "Feature", "properties": { "GISCO_ID": "CY_4104", "CNTR_CODE": "CY", "LAU_ID": "4104", "LAU_NAME": "Πύλα", "cell_coverage": [ [ 0.1004, 0.6405, 0.127 ], [ 0, 0.5159, 0.2805 ] ], "xmin": 33.625, "xmax": 33.75, "ymin": 34.958333333333321, "ymax": 35.041666666666657 }, "geometry": { "type": "MultiPolygon", "coordinates": [ [ [ [ 33.660175500000037, 35.034470499000065 ], [ 33.706456, 35.023253499000077 ], [ 33.729749732000073, 34.999250923000034 ], [ 33.734363, 34.982954499000073 ], [ 33.729341706000071, 34.980046181000034 ], [ 33.69808058600006, 34.977750825000044 ], [ 33.677888500000051, 34.971539999000072 ], [ 33.674077367000052, 34.974296966000054 ], [ 33.670504430000051, 34.990104444000053 ], [ 33.672768756000039, 35.005126175000044 ], [ 33.659651702000076, 35.017545436000034 ], [ 33.654751500000032, 35.018799499000067 ], [ 33.660175500000037, 35.034470499000065 ] ] ] ] } },
{ "type": "Feature", "properties": { "GISCO_ID": "CY_4105", "CNTR_CODE": "CY", "LAU_ID": "4105", "LAU_NAME": "Ξυλοτύμβου", "cell_coverage": [ [ 0, 0.1205, 0.0057 ], [ 0.0016, 0.7522, 0.383 ], [ 0, 0.1345, 0.0041 ] ], "xmin": 33.666666666666664, "xmax": 33.791666666666664, "ymin": 34.958333333333321, "ymax": 35.083333333333321 }, "geometry": { "type": "MultiPolygon", "coordinates": [ [ [ [ 33.738257500000032, 34.981195999000079 ], [ 33.734363, 34.982954499000073 ], [ 33.729749732000073, 34.999250923000034 ], [ 33.706456, 35.023253499000077 ], [ 33.72438182500008, 35.033747075000065 ], [ 33.725915216000033, 35.040681864000078 ], [ 33.737742500000024, 35.056165499000031 ], [ 33.739142500000071, 35.054378499000052 ], [ 33.740712500000029, 35.053053999000042 ], [ 33.749533, 35.050057499000047 ], [ 33.754711869000062, 35.036637317000043 ], [ 33.760862762000045, 35.03019888700004 ], [ 33.767121060000079, 35.029571045000068 ], [ 33.768591231000073, 35.023261056000024 ], [ 33.777998419000028, 35.023472224000045 ], [ 33.778464500000041, 35.016425999000035 ], [ 33.772158865000051, 35.013499530000047 ], [ 33.765959647000045, 35.014880147000042 ], [ 33.767288561000044, 35.00184914600004 ], [ 33.756245919000037, 35.000903880000067 ], [ 33.74872610500006, 34.99624549300006 ], [ 33.738257500000032, 34.981195999000079 ] ] ] ] } },
{ "type": "Feature", "properties": { "GISCO_ID": "CY_6129", "CNTR_CODE": "CY", "LAU_ID": "6129", "LAU_NAME": "Χούλου", "cell_coverage": [ [ 0.0312, 0.2957, 0 ], [ 0.0596, 0.2813, 0.003 ] ], "xmin": 32.5, "xmax": 32.625, "ymin": 34.833333333333321, "ymax": 34.916666666666657 }, "geometry": { "type": "MultiPolygon", "coordinates": [ [ [ [ 32.530694, 34.870347999000046 ], [ 32.538253500000053, 34.883427499000049 ], [ 32.54423, 34.888426999000046 ], [ 32.556828500000051, 34.890111999000055 ], [ 32.560394183000028, 34.888280362000046 ], [ 32.56616450000007, 34.891393999000059 ], [ 32.576863675000027, 34.88425563800007 ], [ 32.585378500000047, 34.871446499000058 ], [ 32.580671500000051, 34.866644499000074 ], [ 32.565725901000064, 34.864699911000059 ], [ 32.557601299000055, 34.866886978000025 ], [ 32.54984784100003, 34.859712728000034 ], [ 32.545117, 34.849883499000043 ], [ 32.541797971000051, 34.859538152000027 ], [ 32.530694, 34.870347999000046 ] ] ] ] } },
{ "type": "Feature", "properties": { "GISCO_ID": "CY_6130", "CNTR_CODE": "CY", "LAU_ID": "6130", "LAU_NAME": "Ακουρσός", "cell_coverage": [ [ 0.0771, 0.2851 ], [ 0.0627, 0.0432 ] ], "xmin": 32.375, "xmax": 32.458333333333336, "ymin": 34.833333333333321, "ymax": 34.916666666666657 }, "geometry": { "type": "MultiPolygon", "coordinates": [ [ [ [ 32.438796500000024, 34.882259499000043 ], [ 32.435580221000066, 34.874402059000033 ], [ 32.42078103700004, 34.869765789000041 ], [ 32.411240500000076, 34.858197999000026 ], [ 32.409443810000027, 34.868632112000057 ], [ 32.40577131200007, 34.872442466000052 ], [ 32.409993639000049, 34.880865265000068 ], [ 32.412089500000036, 34.895960999000067 ], [ 32.439072854000074, 34.899046309000028 ], [ 32.438796500000024, 34.882259499000043 ] ] ] ] } },
{ "type": "Feature", "properties": { "GISCO_ID": "CY_6132", "CNTR_CODE": "CY", "LAU_ID": "6132", "LAU_NAME": "Κάθικας", "cell_coverage": [ [ 0.0008, 0.0667, 0.1329 ], [ 0.1833, 0.2845, 0.3637 ] ], "xmin": 32.333333333333329, "xmax": 32.458333333333329, "ymin": 34.875, "ymax": 34.958333333333321 }, "geometry": { "type": "MultiPolygon", "coordinates": [ [ [ [ 32.447043, 34.899526499000046 ], [ 32.450524500000029, 34.885191999000028 ], [ 32.438796500000024, 34.882259499000043 ], [ 32.439072854000074, 34.899046309000028 ], [ 32.412089500000036, 34.895960999000067 ], [ 32.40280713900006, 34.896365795000065 ], [ 32.403749608000055, 34.90276676700006 ], [ 32.388896374000069, 34.911217305000037 ], [ 32.380796174000068, 34.909794482000052 ], [ 32.372635888000048, 34.90353278200007 ], [ 32.356181725000056, 34.901161257000069 ], [ 32.352631245000055, 34.903477919000068 ], [ 32.351006244000075, 34.912384029000066 ], [ 32.345750500000065, 34.916791999000054 ], [ 32.352930745000037, 34.914410331000056 ], [ 32.366666232000057, 34.917145652000045 ], [ 32.384495636000054, 34.914509541000029 ], [ 32.408658561000038, 34.923347798000066 ], [ 32.425213866000036, 34.923978677000036 ], [ 32.427845294000065, 34.927968014000044 ], [ 32.43801250000007, 34.931366499000035 ], [ 32.440916202000039, 34.907278148000046 ], [ 32.447043, 34.899526499000046 ] ] ] ] } },
{ "type": "Feature", "properties": { "GISCO_ID": "CY_6133", "CNTR_CODE": "CY", "LAU_ID": "6133", "LAU_NAME": "Πέγεια", "cell_coverage": [ [ 0.1597, 0.0343, 0 ], [ 0.2103, 0.7938, 0.6268 ], [ 0, 0.3553, 0.5191 ] ], "xmin": 32.291666666666664, "xmax": 32.416666666666664, "ymin": 34.833333333333321, "ymax": 34.958333333333321 }, "geometry": { "type": "MultiPolygon", "coordinates": [ [ [ [ 32.345750500000065, 34.916791999000054 ], [ 32.351006244000075, 34.912384029000066 ], [ 32.352631245000055, 34.903477919000068 ], [ 32.356181725000056, 34.901161257000069 ], [ 32.372635888000048, 34.90353278200007 ], [ 32.380796174000068, 34.909794482000052 ], [ 32.388896374000069, 34.911217305000037 ], [ 32.403749608000055, 34.90276676700006 ], [ 32.40280713900006, 34.896365795000065 ], [ 32.412089500000036, 34.895960999000067 ], [ 32.409993639000049, 34.880865265000068 ], [ 32.40577131200007, 34.872442466000052 ], [ 32.409443810000027, 34.868632112000057 ], [ 32.411240500000076, 34.858197999000026 ], [ 32.410728, 34.856923499000061 ], [ 32.397368651000079, 34.845138502000054 ], [ 32.385816538000029, 34.850185342000032 ], [ 32.381256500000063, 34.847141499000031 ], [ 32.370413153000072, 34.848521807000054 ], [ 32.369233367000049, 34.852929646000064 ], [ 32.359478034000063, 34.85754471100006 ], [ 32.347758137000028, 34.858226767000076 ], [ 32.339373723000051, 34.874624578000066 ], [ 32.317343294000068, 34.898379242000033 ], [ 32.316640832000076, 34.902135595000061 ], [ 32.32588368100005, 34.911747519000073 ], [ 32.325694024000029, 34.921161955000059 ], [ 32.313243, 34.944759499000043 ], [ 32.335690056000033, 34.935436989000038 ], [ 32.334299, 34.930282999000042 ], [ 32.332989134000059, 34.924431361000075 ], [ 32.345750500000065, 34.916791999000054 ] ] ], [ [ [ 32.31626133900005, 34.900209201000052 ], [ 32.309943392000037, 34.897681746000046 ], [ 32.307922511000072, 34.899370676000046 ], [ 32.311099471000034, 34.900894722000032 ], [ 32.31626133900005, 34.900209201000052 ] ] ] ] } },
{ "type": "Feature", "properties": { "GISCO_ID": "CY_6200", "CNTR_CODE": "CY", "LAU_ID": "6200", "LAU_NAME": "Πάνω Aρχιμανδρίτα", "cell_coverage": [ [ 0.041, 0.1698 ], [ 0.4607, 0.3334 ] ], "xmin": 32.625, "xmax": 32.708333333333336, "ymin": 34.708333333333321, "ymax": 34.791666666666657 }, "geometry": { "type": "MultiPolygon", "coordinates": [ [ [ [ 32.63733250000007, 34.716048499000067 ], [ 32.637017938000042, 34.721467651000069 ], [ 32.632723500000054, 34.728307499000039 ], [ 32.654693500000064, 34.746517499000049 ], [ 32.656905105000078, 34.755987755000035 ], [ 32.690107, 34.761946999000031 ], [ 32.696834373000058, 34.756340761000047 ], [ 32.698361500000033, 34.744261999000059 ], [ 32.694046130000061, 34.737802660000057 ], [ 32.688106910000045, 34.73639830500008 ], [ 32.684302, 34.729779999000073 ], [ 32.684387500000071, 34.728641999000047 ], [ 32.661373792000063, 34.725036597000042 ], [ 32.657194750000031, 34.718615163000038 ], [ 32.658730500000047, 34.711114999000074 ], [ 32.656452992000027, 34.712846192000029 ], [ 32.63733250000007, 34.716048499000067 ] ] ] ] } },
{ "type": "Feature", "properties": { "GISCO_ID": "CY_6201", "CNTR_CODE": "CY", "LAU_ID": "6201", "LAU_NAME": "Φασούλα Πάφου", "cell_coverage": [ [ 0.0625, 0.1281 ], [ 0.0054, 0.2098 ] ], "xmin": 32.583333333333329, "xmax": 32.666666666666664, "ymin": 34.708333333333321, "ymax": 34.791666666666657 }, "geometry": { "type": "MultiPolygon", "coordinates": [ [ [ [ 32.632723500000054, 34.728307499000039 ], [ 32.627452253000058, 34.737319878000051 ], [ 32.629121293000026, 34.742411067000035 ], [ 32.619620286000043, 34.750800362000064 ], [ 32.61151865000005, 34.749599751000062 ], [ 32.6133, 34.752692499000034 ], [ 32.621412970000051, 34.762862981000069 ], [ 32.627113652000048, 34.762635669000076 ], [ 32.632947874000024, 34.757866164000063 ], [ 32.644109806000074, 34.757556430000079 ], [ 32.64819250000005, 34.75996899900008 ], [ 32.651679444000024, 34.747548772000073 ], [ 32.654693500000064, 34.746517499000049 ], [ 32.632723500000054, 34.728307499000039 ] ] ] ] } },
{ "type": "Feature", "properties": { "GISCO_ID": "CY_6202", "CNTR_CODE": "CY", "LAU_ID": "6202", "LAU_NAME": "Μούσερε", "cell_coverage": [ [ 0.2138, 0.2217 ], [ 0.0275, 0.0133 ] ], "xmin": 32.666666666666664, "xmax": 32.75, "ymin": 34.708333333333321, "ymax": 34.791666666666657 }, "geometry": { "type": "MultiPolygon", "coordinates": [ [ [ [ 32.684813, 34.765419999000073 ], [ 32.696916991000023, 34.768832575000033 ], [ 32.706472, 34.782672999000056 ], [ 32.716155969000056, 34.78166434700006 ], [ 32.726624774000072, 34.775341483000034 ], [ 32.721813176000069, 34.769812954000031 ], [ 32.717116689000079, 34.756165851000048 ], [ 32.719070500000043, 34.749085499000046 ], [ 32.698361500000033, 34.744261999000059 ], [ 32.696834373000058, 34.756340761000047 ], [ 32.690107, 34.761946999000031 ], [ 32.690002009000068, 34.764403832000028 ], [ 32.684813, 34.765419999000073 ] ] ] ] } },
{ "type": "Feature", "properties": { "GISCO_ID": "CY_6203", "CNTR_CODE": "CY", "LAU_ID": "6203", "LAU_NAME": "Μάρωνας", "cell_coverage": [ [ 0.1963, 0.1855 ], [ 0.0065, 0 ] ], "xmin": 32.625, "xmax": 32.708333333333336, "ymin": 34.708333333333321, "ymax": 34.791666666666657 }, "geometry": { "type": "MultiPolygon", "coordinates": [ [ [ [ 32.64819250000005, 34.75996899900008 ], [ 32.651464020000049, 34.762106055000061 ], [ 32.652769, 34.774724999000057 ], [ 32.659620500000074, 34.776077499000053 ], [ 32.665548500000057, 34.777992999000048 ], [ 32.671528, 34.77918949900004 ], [ 32.678522652000026, 34.777677838000045 ], [ 32.684813, 34.765419999000073 ], [ 32.690002009000068, 34.764403832000028 ], [ 32.690107, 34.761946999000031 ], [ 32.656905105000078, 34.755987755000035 ], [ 32.654693500000064, 34.746517499000049 ], [ 32.651679444000024, 34.747548772000073 ], [ 32.64819250000005, 34.75996899900008 ] ] ] ] } },
{ "type": "Feature", "properties": { "GISCO_ID": "CY_4316", "CNTR_CODE": "CY", "LAU_ID": "4316", "LAU_NAME": "Μελίνη", "cell_coverage": [ [ 0.0213, 0 ], [ 0.3207, 0.0824 ] ], "xmin": 33.125, "xmax": 33.208333333333336, "ymin": 34.833333333333321, "ymax": 34.916666666666657 }, "geometry": { "type": "MultiPolygon", "coordinates": [ [ [ [ 33.127210500000047, 34.863285499000028 ], [ 33.132018, 34.880359499000065 ], [ 33.145183243000076, 34.874621446000049 ], [ 33.172077500000057, 34.871001999000043 ], [ 33.17624410600007, 34.869029520000026 ], [ 33.177465500000039, 34.864141999000026 ], [ 33.173498377000044, 34.861427836000075 ], [ 33.176980486000048, 34.854543813000078 ], [ 33.173308500000076, 34.85416249900004 ], [ 33.163321825000025, 34.858519926000042 ], [ 33.147197773000073, 34.856272045000026 ], [ 33.141586670000038, 34.861261326000033 ], [ 33.127210500000047, 34.863285499000028 ] ] ] ] } },
{ "type": "Feature", "properties": { "GISCO_ID": "CY_4317", "CNTR_CODE": "CY", "LAU_ID": "4317", "LAU_NAME": "Οδού", "cell_coverage": [ [ 0, 0.0053 ], [ 0.4714, 0.1826 ], [ 0.0227, 0.0112 ] ], "xmin": 33.125, "xmax": 33.208333333333336, "ymin": 34.833333333333321, "ymax": 34.958333333333321 }, "geometry": { "type": "MultiPolygon", "coordinates": [ [ [ [ 33.183406500000046, 34.909103999000024 ], [ 33.172084504000054, 34.902025410000078 ], [ 33.169147523000049, 34.89611549500006 ], [ 33.175344905000031, 34.884310083000059 ], [ 33.171802987000035, 34.879282222000029 ], [ 33.172077500000057, 34.871001999000043 ], [ 33.145183243000076, 34.874621446000049 ], [ 33.132018, 34.880359499000065 ], [ 33.133098, 34.888441499000066 ], [ 33.139597047000052, 34.892505516000028 ], [ 33.14873655100007, 34.903032734000078 ], [ 33.166213632000051, 34.905597467000064 ], [ 33.165603630000078, 34.913197552000042 ], [ 33.171758500000067, 34.919642999000075 ], [ 33.183406500000046, 34.909103999000024 ] ] ] ] } },
{ "type": "Feature", "properties": { "GISCO_ID": "CY_5303", "CNTR_CODE": "CY", "LAU_ID": "5303", "LAU_NAME": "Κάτω Κιβίδες", "cell_coverage": [ [ 0.1963, 0.1059 ] ], "xmin": 32.833333333333329, "xmax": 32.916666666666664, "ymin": 34.75, "ymax": 34.791666666666657 }, "geometry": { "type": "MultiPolygon", "coordinates": [ [ [ [ 32.86283, 34.75617999900004 ], [ 32.855254044000048, 34.759916111000052 ], [ 32.854665477000026, 34.763586420000024 ], [ 32.860129856000071, 34.773365062000039 ], [ 32.868657, 34.77715549900006 ], [ 32.885950391000051, 34.767931721000025 ], [ 32.887063500000068, 34.754226499000026 ], [ 32.86283, 34.75617999900004 ] ] ] ] } },
{ "type": "Feature", "properties": { "GISCO_ID": "CY_5304", "CNTR_CODE": "CY", "LAU_ID": "5304", "LAU_NAME": "Πάνω Κιβίδες", "cell_coverage": [ [ 0.0393, 0.4488 ], [ 0.1633, 0.3188 ] ], "xmin": 32.791666666666664, "xmax": 32.875, "ymin": 34.708333333333321, "ymax": 34.791666666666657 }, "geometry": { "type": "MultiPolygon", "coordinates": [ [ [ [ 32.86283, 34.75617999900004 ], [ 32.858856333000062, 34.748681989000033 ], [ 32.850070043000073, 34.746847596000066 ], [ 32.84942374700006, 34.739398191000078 ], [ 32.858292500000061, 34.733220999000025 ], [ 32.857253342000035, 34.728664805000051 ], [ 32.851191835000066, 34.72404900600003 ], [ 32.842626082000038, 34.724826719000077 ], [ 32.838819985000043, 34.720463364000068 ], [ 32.828723221000075, 34.719048828000041 ], [ 32.821185644000025, 34.723274984000057 ], [ 32.822494, 34.731342999000049 ], [ 32.833867988000065, 34.774894265000057 ], [ 32.837404500000048, 34.779800499000032 ], [ 32.854364643000054, 34.780815240000038 ], [ 32.868657, 34.77715549900006 ], [ 32.860129856000071, 34.773365062000039 ], [ 32.854665477000026, 34.763586420000024 ], [ 32.855254044000048, 34.759916111000052 ], [ 32.86283, 34.75617999900004 ] ] ] ] } },
{ "type": "Feature", "properties": { "GISCO_ID": "CY_5305", "CNTR_CODE": "CY", "LAU_ID": "5305", "LAU_NAME": "Άγιος Αμβρόσιος Λεμεσού", "cell_coverage": [ [ 0.4503, 0.0091 ], [ 0.3533, 0 ] ], "xmin": 32.791666666666664, "xmax": 32.875, "ymin": 34.708333333333321, "ymax": 34.791666666666657 }, "geometry": { "type": "MultiPolygon", "coordinates": [ [ [ [ 32.822494, 34.731342999000049 ], [ 32.808994, 34.721757499000034 ], [ 32.79534, 34.719963999000072 ], [ 32.79813017400005, 34.734277529000053 ], [ 32.80309550000004, 34.73914049900003 ], [ 32.80532882600005, 34.742553041000065 ], [ 32.803102755000054, 34.759121819000029 ], [ 32.812270296000065, 34.767581337000024 ], [ 32.816766500000028, 34.789143999000032 ], [ 32.825231288000055, 34.786105132000046 ], [ 32.829271500000061, 34.788440499000046 ], [ 32.83072323600004, 34.783035042000051 ], [ 32.837404500000048, 34.779800499000032 ], [ 32.833867988000065, 34.774894265000057 ], [ 32.822494, 34.731342999000049 ] ] ] ] } },
{ "type": "Feature", "properties": { "GISCO_ID": "CY_5307", "CNTR_CODE": "CY", "LAU_ID": "5307", "LAU_NAME": "Λόφου", "cell_coverage": [ [ 0.3159, 0.2595 ], [ 0, 0.1637 ] ], "xmin": 32.833333333333329, "xmax": 32.916666666666664, "ymin": 34.75, "ymax": 34.833333333333321 }, "geometry": { "type": "MultiPolygon", "coordinates": [ [ [ [ 32.848159, 34.817372999000042 ], [ 32.852146579000078, 34.821229742000071 ], [ 32.866029431000072, 34.824362134000069 ], [ 32.869896500000038, 34.833086999000045 ], [ 32.877989541000034, 34.823893865000059 ], [ 32.878045752000048, 34.819441038000036 ], [ 32.891859500000066, 34.811499999000034 ], [ 32.894215966000047, 34.80389243500008 ], [ 32.889477331000023, 34.784438560000069 ], [ 32.902978173000065, 34.771979153000075 ], [ 32.905002500000023, 34.777418499000078 ], [ 32.906513500000074, 34.776540999000076 ], [ 32.912175500000046, 34.760468999000068 ], [ 32.906923462000066, 34.766288238000072 ], [ 32.890139972000043, 34.773090506000074 ], [ 32.873677410000028, 34.794988885000066 ], [ 32.862178682000035, 34.800466577000066 ], [ 32.860547609000037, 34.806984358000079 ], [ 32.85173350000008, 34.812281499000051 ], [ 32.848159, 34.817372999000042 ] ] ] ] } },
{ "type": "Feature", "properties": { "GISCO_ID": "CY_3322", "CNTR_CODE": "CY", "LAU_ID": "3322", "LAU_NAME": "Άγιος Ηλίας", "cell_coverage": [ [ 0.0058, 0.2404, 0.011 ], [ 0.0956, 0.4687, 0.0158 ] ], "xmin": 33.875, "xmax": 34.0, "ymin": 35.29166666666665, "ymax": 35.375 }, "geometry": { "type": "MultiPolygon", "coordinates": [ [ [ [ 33.941571500000066, 35.304469499000049 ], [ 33.928228346000026, 35.303265444000033 ], [ 33.925411161000056, 35.310886395000068 ], [ 33.920060866000028, 35.315382850000049 ], [ 33.905284534000032, 35.314999660000069 ], [ 33.903090500000076, 35.319105499000045 ], [ 33.906560960000036, 35.329420757000037 ], [ 33.913509097000031, 35.329875245000039 ], [ 33.914109901000074, 35.32656797900006 ], [ 33.919022186000063, 35.325596997000048 ], [ 33.914295348000053, 35.336252614000045 ], [ 33.918073, 35.34308949900003 ], [ 33.923280935000037, 35.344967645000054 ], [ 33.943541120000077, 35.340400456000054 ], [ 33.946029981000038, 35.342621137000037 ], [ 33.946159500000078, 35.351703999000051 ], [ 33.949393751000059, 35.350458941000056 ], [ 33.952272, 35.342075999000031 ], [ 33.961999, 35.337066999000058 ], [ 33.963404747000027, 35.331848771000068 ], [ 33.957486, 35.322537499000077 ], [ 33.951142, 35.31971949900003 ], [ 33.945593837000047, 35.323365418000037 ], [ 33.938756569000077, 35.317003395000029 ], [ 33.942287, 35.305172999000035 ], [ 33.941571500000066, 35.304469499000049 ] ] ] ] } },
{ "type": "Feature", "properties": { "GISCO_ID": "CY_3323", "CNTR_CODE": "CY", "LAU_ID": "3323", "LAU_NAME": "Γαστριά", "cell_coverage": [ [ 0, 0.3061, 0.1703 ], [ 0.0005, 0.2084, 0.1202 ] ], "xmin": 33.916666666666664, "xmax": 34.041666666666664, "ymin": 35.29166666666665, "ymax": 35.375 }, "geometry": { "type": "MultiPolygon", "coordinates": [ [ [ [ 34.016268500000024, 35.352572999000074 ], [ 34.019529, 35.322095499000056 ], [ 34.009566703000075, 35.321124226000052 ], [ 33.995199265000053, 35.326849057000061 ], [ 33.974393377000069, 35.324283096000045 ], [ 33.9647, 35.320193499000027 ], [ 33.960392917000036, 35.31950465500006 ], [ 33.957486, 35.322537499000077 ], [ 33.963404747000027, 35.331848771000068 ], [ 33.961999, 35.337066999000058 ], [ 33.971048344000053, 35.348403838000024 ], [ 34.006918338000048, 35.349427237000043 ], [ 34.016268500000024, 35.352572999000074 ] ] ] ] } },
{ "type": "Feature", "properties": { "GISCO_ID": "CY_3324", "CNTR_CODE": "CY", "LAU_ID": "3324", "LAU_NAME": "Αυγολίδα", "cell_coverage": [ [ 0.0851, 0.0956 ] ], "xmin": 33.916666666666664, "xmax": 34.0, "ymin": 35.333333333333321, "ymax": 35.375 }, "geometry": { "type": "MultiPolygon", "coordinates": [ [ [ [ 33.945984, 35.353785499000026 ], [ 33.965511, 35.366781499000069 ], [ 33.968768, 35.365420999000037 ], [ 33.965506584000025, 35.356100432000062 ], [ 33.966514349000079, 35.345563968000079 ], [ 33.952272, 35.342075999000031 ], [ 33.949393751000059, 35.350458941000056 ], [ 33.946159500000078, 35.351703999000051 ], [ 33.945984, 35.353785499000026 ] ] ] ] } },
{ "type": "Feature", "properties": { "GISCO_ID": "CY_3325", "CNTR_CODE": "CY", "LAU_ID": "3325", "LAU_NAME": "Πατρίκι", "cell_coverage": [ [ 0, 0.0086, 0 ], [ 0.008, 0.5074, 0.1777 ] ], "xmin": 33.916666666666664, "xmax": 34.041666666666664, "ymin": 35.333333333333321, "ymax": 35.416666666666657 }, "geometry": { "type": "MultiPolygon", "coordinates": [ [ [ [ 33.952272, 35.342075999000031 ], [ 33.966514349000079, 35.345563968000079 ], [ 33.965506584000025, 35.356100432000062 ], [ 33.968768, 35.365420999000037 ], [ 33.975538, 35.376912999000069 ], [ 34.009402500000078, 35.372423999000034 ], [ 34.007826024000053, 35.368635518000076 ], [ 34.01890291400008, 35.356894709000073 ], [ 34.016268500000024, 35.352572999000074 ], [ 34.006918338000048, 35.349427237000043 ], [ 33.971048344000053, 35.348403838000024 ], [ 33.961999, 35.337066999000058 ], [ 33.952272, 35.342075999000031 ] ] ] ] } },
{ "type": "Feature", "properties": { "GISCO_ID": "CY_3326", "CNTR_CODE": "CY", "LAU_ID": "3326", "LAU_NAME": "Γεράνι", "cell_coverage": [ [ 0.1451, 0.017 ], [ 0.14, 0.3431 ] ], "xmin": 33.875, "xmax": 33.958333333333336, "ymin": 35.333333333333321, "ymax": 35.416666666666657 }, "geometry": { "type": "MultiPolygon", "coordinates": [ [ [ [ 33.946159500000078, 35.351703999000051 ], [ 33.946029981000038, 35.342621137000037 ], [ 33.943541120000077, 35.340400456000054 ], [ 33.923280935000037, 35.344967645000054 ], [ 33.918073, 35.34308949900003 ], [ 33.913599588000068, 35.345055104000039 ], [ 33.914302386000031, 35.351788871000053 ], [ 33.909952296000029, 35.354968748000033 ], [ 33.908463417000064, 35.362970792000056 ], [ 33.894179500000064, 35.383646999000064 ], [ 33.903093349000073, 35.384735448000072 ], [ 33.905957, 35.395293999000046 ], [ 33.922665843000061, 35.376508839000053 ], [ 33.923915847000046, 35.369641473000058 ], [ 33.931471915000031, 35.360875561000057 ], [ 33.938713500000063, 35.355232238000042 ], [ 33.945984, 35.353785499000026 ], [ 33.946159500000078, 35.351703999000051 ] ] ] ] } },
{ "type": "Feature", "properties": { "GISCO_ID": "CY_3327", "CNTR_CODE": "CY", "LAU_ID": "3327", "LAU_NAME": "Όβγορος", "cell_coverage": [ [ 0.0571, 0.4508, 0.0045 ], [ 0, 0.3221, 0.0423 ] ], "xmin": 33.875, "xmax": 34.0, "ymin": 35.333333333333321, "ymax": 35.416666666666657 }, "geometry": { "type": "MultiPolygon", "coordinates": [ [ [ [ 33.965511, 35.366781499000069 ], [ 33.945984, 35.353785499000026 ], [ 33.938713500000063, 35.355232238000042 ], [ 33.931471915000031, 35.360875561000057 ], [ 33.923915847000046, 35.369641473000058 ], [ 33.922665843000061, 35.376508839000053 ], [ 33.905957, 35.395293999000046 ], [ 33.92863, 35.409020499000064 ], [ 33.935752064000042, 35.395975905000057 ], [ 33.943719605000069, 35.393061205000038 ], [ 33.944930099000032, 35.387945301000059 ], [ 33.95346900800007, 35.378273252000042 ], [ 33.957832373000031, 35.375733639000032 ], [ 33.964709836000054, 35.376596945000074 ], [ 33.965511, 35.366781499000069 ] ] ] ] } },
{ "type": "Feature", "properties": { "GISCO_ID": "CY_4106", "CNTR_CODE": "CY", "LAU_ID": "4106", "LAU_NAME": "Ορμίδεια", "cell_coverage": [ [ 0, 0.23, 0.2241 ], [ 0.0586, 0.4607, 0.2508 ] ], "xmin": 33.708333333333329, "xmax": 33.833333333333329, "ymin": 34.958333333333321, "ymax": 35.041666666666657 }, "geometry": { "type": "MultiPolygon", "coordinates": [ [ [ [ 33.738257500000032, 34.981195999000079 ], [ 33.74872610500006, 34.99624549300006 ], [ 33.756245919000037, 35.000903880000067 ], [ 33.767288561000044, 35.00184914600004 ], [ 33.765959647000045, 35.014880147000042 ], [ 33.772158865000051, 35.013499530000047 ], [ 33.778464500000041, 35.016425999000035 ], [ 33.806932754000059, 35.014935950000051 ], [ 33.813595, 35.011372999000059 ], [ 33.816069947000074, 35.007526201000076 ], [ 33.82381, 35.007209999000054 ], [ 33.81248365600004, 34.984700042000043 ], [ 33.806965896000065, 34.982646656000043 ], [ 33.786483056000066, 34.98669940700006 ], [ 33.782105193000064, 34.981387563000055 ], [ 33.785091102000024, 34.978612645000055 ], [ 33.80616595500004, 34.975026438000043 ], [ 33.814014, 34.970258499000067 ], [ 33.777341033000027, 34.979304761000037 ], [ 33.738257500000032, 34.981195999000079 ] ] ] ] } },
{ "type": "Feature", "properties": { "GISCO_ID": "CY_4107", "CNTR_CODE": "CY", "LAU_ID": "4107", "LAU_NAME": "Ξυλοφάγου", "cell_coverage": [ [ 0, 0.0475, 0.1317, 0 ], [ 0.036, 0.4805, 0.9091, 0.1455 ], [ 0, 0, 0.2407, 0.0758 ] ], "xmin": 33.75, "xmax": 33.916666666666664, "ymin": 34.916666666666657, "ymax": 35.041666666666657 }, "geometry": { "type": "MultiPolygon", "coordinates": [ [ [ [ 33.82381, 35.007209999000054 ], [ 33.862633500000072, 35.007839499000056 ], [ 33.865553555000076, 34.992691153000067 ], [ 33.878837758000031, 34.969110582000042 ], [ 33.889696393000065, 34.966882569000063 ], [ 33.901326, 34.969410499000048 ], [ 33.900806071000034, 34.964018088000046 ], [ 33.890631102000043, 34.954062976000046 ], [ 33.870029534000025, 34.944688128000053 ], [ 33.858885779000047, 34.943113783000058 ], [ 33.848537402000034, 34.947883077000029 ], [ 33.834725440000057, 34.960037392000061 ], [ 33.814014, 34.970258499000067 ], [ 33.80616595500004, 34.975026438000043 ], [ 33.785091102000024, 34.978612645000055 ], [ 33.782105193000064, 34.981387563000055 ], [ 33.786483056000066, 34.98669940700006 ], [ 33.806965896000065, 34.982646656000043 ], [ 33.81248365600004, 34.984700042000043 ], [ 33.82381, 35.007209999000054 ] ] ] ] } },
{ "type": "Feature", "properties": { "GISCO_ID": "CY_4108", "CNTR_CODE": "CY", "LAU_ID": "4108", "LAU_NAME": "Πέργαμος", "cell_coverage": [ [ 0.1253, 0.4627, 0.2655 ], [ 0.0314, 0.3308, 0.1208 ] ], "xmin": 33.625, "xmax": 33.75, "ymin": 34.999999999999986, "ymax": 35.083333333333321 }, "geometry": { "type": "MultiPolygon", "coordinates": [ [ [ [ 33.65589250000005, 35.057394999000053 ], [ 33.694403397000031, 35.062355449000052 ], [ 33.729597660000024, 35.059030262000078 ], [ 33.72998350000006, 35.064012499000057 ], [ 33.737742500000024, 35.056165499000031 ], [ 33.725915216000033, 35.040681864000078 ], [ 33.72438182500008, 35.033747075000065 ], [ 33.706456, 35.023253499000077 ], [ 33.660175500000037, 35.034470499000065 ], [ 33.661395402000039, 35.038626947000068 ], [ 33.650785, 35.044135499000049 ], [ 33.65589250000005, 35.057394999000053 ] ] ] ] } },
{ "type": "Feature", "properties": { "GISCO_ID": "CY_4110", "CNTR_CODE": "CY", "LAU_ID": "4110", "LAU_NAME": "Κίτι", "cell_coverage": [ [ 0.3421, 0.0916 ], [ 0.0447, 0 ] ], "xmin": 33.541666666666664, "xmax": 33.625, "ymin": 34.79166666666665, "ymax": 34.875 }, "geometry": { "type": "MultiPolygon", "coordinates": [ [ [ [ 33.594926, 34.851173499000026 ], [ 33.589627397000072, 34.838895437000076 ], [ 33.572889441000029, 34.835710051000035 ], [ 33.567123199000036, 34.825577190000047 ], [ 33.561552500000062, 34.822731499000042 ], [ 33.558549500000026, 34.840925999000035 ], [ 33.571562958000072, 34.861306236000075 ], [ 33.566523500000073, 34.872986499000035 ], [ 33.579763084000035, 34.865195012000072 ], [ 33.582443670000032, 34.859601026000064 ], [ 33.594926, 34.851173499000026 ] ] ] ] } },
{ "type": "Feature", "properties": { "GISCO_ID": "CY_4111", "CNTR_CODE": "CY", "LAU_ID": "4111", "LAU_NAME": "Περιβόλια Λάρνακας", "cell_coverage": [ [ 0.0212, 0.1521 ], [ 0.1226, 0.2006 ] ], "xmin": 33.541666666666664, "xmax": 33.625, "ymin": 34.79166666666665, "ymax": 34.875 }, "geometry": { "type": "MultiPolygon", "coordinates": [ [ [ [ 33.612490500000035, 34.839555499000028 ], [ 33.602053772000033, 34.816268999000044 ], [ 33.582677176000061, 34.820289170000024 ], [ 33.563612500000033, 34.820340499000054 ], [ 33.561552500000062, 34.822731499000042 ], [ 33.567123199000036, 34.825577190000047 ], [ 33.572889441000029, 34.835710051000035 ], [ 33.589627397000072, 34.838895437000076 ], [ 33.594926, 34.851173499000026 ], [ 33.604177827000058, 34.84143173700005 ], [ 33.612490500000035, 34.839555499000028 ] ] ] ] } },
{ "type": "Feature", "properties": { "GISCO_ID": "CY_1355", "CNTR_CODE": "CY", "LAU_ID": "1355", "LAU_NAME": "Συριανοχώρι", "cell_coverage": [ [ 0.0004, 0.438 ], [ 0.005, 0.0637 ] ], "xmin": 32.875, "xmax": 32.958333333333336, "ymin": 35.16666666666665, "ymax": 35.25 }, "geometry": { "type": "MultiPolygon", "coordinates": [ [ [ [ 32.91406, 35.20309749900008 ], [ 32.928215500000078, 35.242368499000065 ], [ 32.95006511400004, 35.229528200000061 ], [ 32.948434755000051, 35.217256614000064 ], [ 32.940103194000073, 35.204742 ], [ 32.930219500000078, 35.202504999000041 ], [ 32.924101904000054, 35.20230054600006 ], [ 32.919884220000029, 35.207331350000061 ], [ 32.915247500000078, 35.202557999000078 ], [ 32.91406, 35.20309749900008 ] ] ] ] } },
{ "type": "Feature", "properties": { "GISCO_ID": "CY_1357", "CNTR_CODE": "CY", "LAU_ID": "1357", "LAU_NAME": "Καλό Χωριό Καπούτη", "cell_coverage": [ [ 0.0431, 0.293, 0.0765 ], [ 0.0471, 0.653, 0.4105 ] ], "xmin": 32.958333333333329, "xmax": 33.083333333333329, "ymin": 35.208333333333321, "ymax": 35.291666666666657 }, "geometry": { "type": "MultiPolygon", "coordinates": [ [ [ [ 32.987732, 35.257288999000025 ], [ 32.988211, 35.261119999000073 ], [ 33.010619305000034, 35.26064610800006 ], [ 33.018151971000066, 35.265669504000073 ], [ 33.022289263000062, 35.258732375000079 ], [ 33.035852556000066, 35.263583784000048 ], [ 33.043601, 35.270689999000069 ], [ 33.043532500000026, 35.267066999000065 ], [ 33.042224354000041, 35.258734790000062 ], [ 33.048534640000071, 35.258197548000055 ], [ 33.06819299600005, 35.247060766000061 ], [ 33.072604500000068, 35.24739899900004 ], [ 33.068482331000041, 35.240217623000035 ], [ 33.07086, 35.235951999000065 ], [ 33.06536286100004, 35.227499720000026 ], [ 33.037084, 35.217249499000047 ], [ 33.025596515000075, 35.216999410000028 ], [ 33.020761066000034, 35.226373488000036 ], [ 32.99711929800003, 35.22831233200003 ], [ 32.990461688000039, 35.236031987000047 ], [ 32.997946346000049, 35.240226670000027 ], [ 33.000678028000038, 35.252079525000056 ], [ 32.987732, 35.257288999000025 ] ] ] ] } },
{ "type": "Feature", "properties": { "GISCO_ID": "CY_1360", "CNTR_CODE": "CY", "LAU_ID": "1360", "LAU_NAME": "Ακάκι", "cell_coverage": [ [ 0.0077, 0.0233 ], [ 0.4459, 0.7072 ], [ 0.1595, 0.1017 ] ], "xmin": 33.083333333333329, "xmax": 33.166666666666664, "ymin": 35.083333333333321, "ymax": 35.208333333333321 }, "geometry": { "type": "MultiPolygon", "coordinates": [ [ [ [ 33.111270500000046, 35.107245499000044 ], [ 33.110545512000044, 35.114014472000065 ], [ 33.102833, 35.124113499000032 ], [ 33.102908727000056, 35.135402188000057 ], [ 33.098965842000041, 35.139702785000054 ], [ 33.099282, 35.150172499000064 ], [ 33.103098807000038, 35.151642701000071 ], [ 33.106562712000027, 35.149422247000075 ], [ 33.114414270000054, 35.155419296000048 ], [ 33.117918384000063, 35.161129979000066 ], [ 33.115773463000039, 35.165035666000051 ], [ 33.121368014000041, 35.166519243000039 ], [ 33.123502, 35.172061499000051 ], [ 33.134832062000044, 35.169585117000054 ], [ 33.136989965000055, 35.162249935000034 ], [ 33.146235077000028, 35.158186457000056 ], [ 33.153294500000072, 35.16326699900003 ], [ 33.156413034000025, 35.156526638000059 ], [ 33.162052, 35.153796999000065 ], [ 33.15715335200008, 35.149920440000074 ], [ 33.158415062000074, 35.138633630000072 ], [ 33.161797412000055, 35.135402188000057 ], [ 33.16190197800006, 35.133081373000039 ], [ 33.156664500000034, 35.131706499000074 ], [ 33.147426799000073, 35.121953585000028 ], [ 33.122258160000058, 35.111553463000064 ], [ 33.117596411000079, 35.107184687000029 ], [ 33.111270500000046, 35.107245499000044 ] ] ] ] } },
{ "type": "Feature", "properties": { "GISCO_ID": "CY_1361", "CNTR_CODE": "CY", "LAU_ID": "1361", "LAU_NAME": "Περιστερώνα Λευκωσίας", "cell_coverage": [ [ 0.0051, 0.0003 ], [ 0.4872, 0.3366 ], [ 0.4669, 0.1053 ] ], "xmin": 33.041666666666664, "xmax": 33.125, "ymin": 35.083333333333321, "ymax": 35.208333333333321 }, "geometry": { "type": "MultiPolygon", "coordinates": [ [ [ [ 33.057353500000033, 35.149350999000035 ], [ 33.068441680000035, 35.152916631000039 ], [ 33.07215588400004, 35.162969601000043 ], [ 33.07795133500008, 35.16831168300007 ], [ 33.082714500000066, 35.167796999000075 ], [ 33.083358, 35.167774499000075 ], [ 33.099282, 35.150172499000064 ], [ 33.098965842000041, 35.139702785000054 ], [ 33.102908727000056, 35.135402188000057 ], [ 33.102833, 35.124113499000032 ], [ 33.09550581700006, 35.11571258500004 ], [ 33.076579655000046, 35.107395843000063 ], [ 33.073291846000075, 35.101402449000034 ], [ 33.057233, 35.099081999000077 ], [ 33.052166331000024, 35.100798368000028 ], [ 33.044526500000075, 35.114536499000053 ], [ 33.044273009000051, 35.119980531000067 ], [ 33.052864228000033, 35.124228261000042 ], [ 33.053519491000031, 35.134456450000073 ], [ 33.063601729000027, 35.134661595000068 ], [ 33.06300040800005, 35.141732021000053 ], [ 33.057353500000033, 35.149350999000035 ] ] ] ] } },
{ "type": "Feature", "properties": { "GISCO_ID": "CY_4318", "CNTR_CODE": "CY", "LAU_ID": "4318", "LAU_NAME": "Άγιοι Βαβατσινιάς", "cell_coverage": [ [ 0.7028, 0.0936 ], [ 0.0954, 0.0123 ] ], "xmin": 33.166666666666664, "xmax": 33.25, "ymin": 34.833333333333321, "ymax": 34.916666666666657 }, "geometry": { "type": "MultiPolygon", "coordinates": [ [ [ [ 33.183406500000046, 34.909103999000024 ], [ 33.18505250000004, 34.914155999000059 ], [ 33.196127625000031, 34.913717422000047 ], [ 33.20010671700004, 34.905192912000075 ], [ 33.20940150000007, 34.904333999000073 ], [ 33.212931192000042, 34.886756960000071 ], [ 33.217222185000026, 34.883520654000051 ], [ 33.221398500000078, 34.873527999000032 ], [ 33.196119223000039, 34.872780457000033 ], [ 33.188205252000046, 34.868548266000062 ], [ 33.181540498000061, 34.869125863000079 ], [ 33.177465500000039, 34.864141999000026 ], [ 33.17624410600007, 34.869029520000026 ], [ 33.172077500000057, 34.871001999000043 ], [ 33.171802987000035, 34.879282222000029 ], [ 33.175344905000031, 34.884310083000059 ], [ 33.169147523000049, 34.89611549500006 ], [ 33.172084504000054, 34.902025410000078 ], [ 33.183406500000046, 34.909103999000024 ] ] ] ] } },
{ "type": "Feature", "properties": { "GISCO_ID": "CY_4319", "CNTR_CODE": "CY", "LAU_ID": "4319", "LAU_NAME": "Βαβατσινιά", "cell_coverage": [ [ 0.6867, 0.0141 ], [ 0.1253, 0.0158 ] ], "xmin": 33.208333333333329, "xmax": 33.291666666666664, "ymin": 34.833333333333321, "ymax": 34.916666666666657 }, "geometry": { "type": "MultiPolygon", "coordinates": [ [ [ [ 33.221398500000078, 34.873527999000032 ], [ 33.217222185000026, 34.883520654000051 ], [ 33.212931192000042, 34.886756960000071 ], [ 33.20940150000007, 34.904333999000073 ], [ 33.237073746000078, 34.912129610000079 ], [ 33.238575056000059, 34.905523602000073 ], [ 33.247506699000041, 34.906914619000077 ], [ 33.251606092000031, 34.904258144000039 ], [ 33.250858500000049, 34.894682499000055 ], [ 33.249063880000051, 34.88676455500007 ], [ 33.25249629700005, 34.874744237000073 ], [ 33.251581500000043, 34.861342499000045 ], [ 33.238748, 34.865864999000053 ], [ 33.221398500000078, 34.873527999000032 ] ] ] ] } },
{ "type": "Feature", "properties": { "GISCO_ID": "CY_5000", "CNTR_CODE": "CY", "LAU_ID": "5000", "LAU_NAME": "Λεμεσός", "cell_coverage": [ [ 0.1543, 0.4809, 0 ], [ 0.0361, 0.7728, 0.2459 ], [ 0.0749, 0.2735, 0.0005 ] ], "xmin": 32.958333333333329, "xmax": 33.083333333333329, "ymin": 34.625, "ymax": 34.75 }, "geometry": { "type": "MultiPolygon", "coordinates": [ [ [ [ 33.02834, 34.723358499000028 ], [ 33.036243299000034, 34.712636408000037 ], [ 33.042715139000052, 34.692357620000053 ], [ 33.054730359000075, 34.695763405000037 ], [ 33.065809, 34.694479999000066 ], [ 33.070753, 34.688423999000065 ], [ 33.053284050000059, 34.67949023400007 ], [ 33.04172684200006, 34.665235676000066 ], [ 33.032551501000057, 34.667630501000076 ], [ 33.022685944000045, 34.658658254000045 ], [ 33.023852513000065, 34.652294356000027 ], [ 33.017420858000037, 34.654460942000071 ], [ 33.011856, 34.644138499000064 ], [ 32.991831083000079, 34.644238290000033 ], [ 32.994135500000027, 34.655647499000054 ], [ 32.997670759000073, 34.66688068600007 ], [ 32.992260048000048, 34.665059447000033 ], [ 32.989665118000062, 34.673055073000057 ], [ 33.005069788000071, 34.673992722000037 ], [ 33.016157245000045, 34.682990762000031 ], [ 33.016282652000029, 34.691018583000073 ], [ 33.007832, 34.700110499000061 ], [ 32.986257, 34.721487499000034 ], [ 32.986822, 34.729606499000056 ], [ 32.99758156300004, 34.737974300000076 ], [ 33.010368289000041, 34.737236135000046 ], [ 33.015143500000079, 34.740011499000047 ], [ 33.02834, 34.723358499000028 ] ] ] ] } },
{ "type": "Feature", "properties": { "GISCO_ID": "CY_5011", "CNTR_CODE": "CY", "LAU_ID": "5011", "LAU_NAME": "Μέσα Γειτονιά", "cell_coverage": [ [ 0.0552, 0.0065 ], [ 0.0148, 0.1174 ] ], "xmin": 33.0, "xmax": 33.083333333333336, "ymin": 34.66666666666665, "ymax": 34.75 }, "geometry": { "type": "MultiPolygon", "coordinates": [ [ [ [ 33.065809, 34.694479999000066 ], [ 33.054730359000075, 34.695763405000037 ], [ 33.042715139000052, 34.692357620000053 ], [ 33.036243299000034, 34.712636408000037 ], [ 33.02834, 34.723358499000028 ], [ 33.038019, 34.729693499000064 ], [ 33.035252208000031, 34.721633447000045 ], [ 33.037723636000067, 34.715373208000074 ], [ 33.065809, 34.694479999000066 ] ] ] ] } },
{ "type": "Feature", "properties": { "GISCO_ID": "CY_5013", "CNTR_CODE": "CY", "LAU_ID": "5013", "LAU_NAME": "Γερμασόγεια", "cell_coverage": [ [ 0.0028, 0 ], [ 0.3911, 0.2587 ], [ 0.0824, 0.1375 ] ], "xmin": 33.041666666666664, "xmax": 33.125, "ymin": 34.666666666666657, "ymax": 34.791666666666657 }, "geometry": { "type": "MultiPolygon", "coordinates": [ [ [ [ 33.073068, 34.689166999000065 ], [ 33.077257903000032, 34.69264645100003 ], [ 33.074125365000043, 34.698278051000045 ], [ 33.074399102000029, 34.707071607000046 ], [ 33.066576375000068, 34.720293078000054 ], [ 33.065228594000075, 34.728995255000029 ], [ 33.068649827000058, 34.732869290000053 ], [ 33.067872348000037, 34.738108516000068 ], [ 33.057891500000039, 34.750234499000044 ], [ 33.067040500000076, 34.749264499000049 ], [ 33.074751387000049, 34.751282315000026 ], [ 33.086083500000029, 34.744739499000048 ], [ 33.093163058000073, 34.740533540000058 ], [ 33.097675, 34.733315499000071 ], [ 33.094048594000071, 34.718082437000078 ], [ 33.106888500000025, 34.701967999000033 ], [ 33.073068, 34.689166999000065 ] ] ] ] } },
{ "type": "Feature", "properties": { "GISCO_ID": "CY_1451", "CNTR_CODE": "CY", "LAU_ID": "1451", "LAU_NAME": "Γαληνή", "cell_coverage": [ [ 0.4908, 0.1338 ], [ 0.2161, 0.0203 ] ], "xmin": 32.75, "xmax": 32.833333333333336, "ymin": 35.083333333333321, "ymax": 35.166666666666657 }, "geometry": { "type": "MultiPolygon", "coordinates": [ [ [ [ 32.786162500000046, 35.159369999000035 ], [ 32.795792500000061, 35.15182149900005 ], [ 32.79520053300007, 35.144273332000068 ], [ 32.799351290000061, 35.135216219000029 ], [ 32.810272, 35.137732499000037 ], [ 32.81169025500003, 35.135402188000057 ], [ 32.800970869000025, 35.127957365000043 ], [ 32.795912868000073, 35.119766429000038 ], [ 32.785664094000026, 35.114613984000073 ], [ 32.776670436000074, 35.115265257000033 ], [ 32.775434500000074, 35.111179999000058 ], [ 32.762834154000075, 35.106064703000072 ], [ 32.762245, 35.114815499000031 ], [ 32.761689025000067, 35.130252474000031 ], [ 32.757635868000079, 35.135402188000057 ], [ 32.752481500000044, 35.141937999000049 ], [ 32.766673444000048, 35.144143092000036 ], [ 32.786162500000046, 35.159369999000035 ] ] ] ] } },
{ "type": "Feature", "properties": { "GISCO_ID": "CY_1452", "CNTR_CODE": "CY", "LAU_ID": "1452", "LAU_NAME": "Ξερόβουνος", "cell_coverage": [ [ 0, 0.2039, 0 ], [ 0.0105, 0.6491, 0.0026 ], [ 0.1665, 0.52, 0 ], [ 0.008, 0.0126, 0 ] ], "xmin": 32.666666666666664, "xmax": 32.791666666666664, "ymin": 35.041666666666657, "ymax": 35.208333333333321 }, "geometry": { "type": "MultiPolygon", "coordinates": [ [ [ [ 32.709001500000056, 35.07840599900004 ], [ 32.695588740000062, 35.087941338000064 ], [ 32.699067660000026, 35.10025608400008 ], [ 32.704098276000025, 35.106227720000049 ], [ 32.705381562000071, 35.128684494000026 ], [ 32.709634031000064, 35.135402188000057 ], [ 32.712272446000043, 35.139561253000068 ], [ 32.721127221000074, 35.141256570000053 ], [ 32.722059, 35.151296999000067 ], [ 32.723537148000048, 35.162758180000026 ], [ 32.718783004000045, 35.169881392000036 ], [ 32.717520500000035, 35.18138699900004 ], [ 32.737621340000032, 35.179441548000057 ], [ 32.746909, 35.172987999000043 ], [ 32.748020917000076, 35.167205161000027 ], [ 32.740884224000069, 35.145219892000057 ], [ 32.742528723000078, 35.142628974000047 ], [ 32.752481500000044, 35.141937999000049 ], [ 32.743709376000027, 35.129529097000045 ], [ 32.733375339000077, 35.125952313000028 ], [ 32.726742524000031, 35.118730595000045 ], [ 32.728021027000068, 35.10589733900008 ], [ 32.734879500000034, 35.088020999000037 ], [ 32.729228840000076, 35.083165507000047 ], [ 32.713436776000037, 35.082698747000052 ], [ 32.709001500000056, 35.07840599900004 ] ] ] ] } },
{ "type": "Feature", "properties": { "GISCO_ID": "CY_1453", "CNTR_CODE": "CY", "LAU_ID": "1453", "LAU_NAME": "Λουτρός", "cell_coverage": [ [ 0.0081, 0.0229 ], [ 0.0831, 0.3515 ] ], "xmin": 32.708333333333329, "xmax": 32.791666666666664, "ymin": 35.125, "ymax": 35.208333333333321 }, "geometry": { "type": "MultiPolygon", "coordinates": [ [ [ [ 32.786162500000046, 35.159369999000035 ], [ 32.766673444000048, 35.144143092000036 ], [ 32.752481500000044, 35.141937999000049 ], [ 32.742528723000078, 35.142628974000047 ], [ 32.740884224000069, 35.145219892000057 ], [ 32.748020917000076, 35.167205161000027 ], [ 32.746909, 35.172987999000043 ], [ 32.786162500000046, 35.159369999000035 ] ] ] ] } },
{ "type": "Feature", "properties": { "GISCO_ID": "CY_1454", "CNTR_CODE": "CY", "LAU_ID": "1454", "LAU_NAME": "Άγιος Ιωάννης Σελέμανη", "cell_coverage": [ [ 0.1497, 0.0158 ], [ 0.0079, 0 ] ], "xmin": 32.666666666666664, "xmax": 32.75, "ymin": 35.083333333333321, "ymax": 35.166666666666657 }, "geometry": { "type": "MultiPolygon", "coordinates": [ [ [ [ 32.68706, 35.122735499000044 ], [ 32.690032564000035, 35.135402188000057 ], [ 32.699385885000027, 35.143757869000069 ], [ 32.698002292000069, 35.149725301000046 ], [ 32.702660500000036, 35.156475999000065 ], [ 32.715254500000071, 35.151526999000055 ], [ 32.703466574000061, 35.142632327000058 ], [ 32.699501034000036, 35.135402188000057 ], [ 32.697532594000052, 35.132472354000072 ], [ 32.699079620000077, 35.124880766000047 ], [ 32.68706, 35.122735499000044 ] ] ] ] } },
{ "type": "Feature", "properties": { "GISCO_ID": "CY_3328", "CNTR_CODE": "CY", "LAU_ID": "3328", "LAU_NAME": "Δαυλός", "cell_coverage": [ [ 0.23, 0.4245 ], [ 0.4961, 0.1152 ] ], "xmin": 33.875, "xmax": 33.958333333333336, "ymin": 35.375, "ymax": 35.458333333333321 }, "geometry": { "type": "MultiPolygon", "coordinates": [ [ [ [ 33.894179500000064, 35.383646999000064 ], [ 33.892512500000066, 35.387073999000052 ], [ 33.886275542000078, 35.400303619000056 ], [ 33.877622663000068, 35.409714757000074 ], [ 33.87556550000005, 35.419705499000031 ], [ 33.890735508000034, 35.426199173000043 ], [ 33.911369658000069, 35.429383157000075 ], [ 33.921556327000076, 35.435242075000076 ], [ 33.935654537000062, 35.435440292000067 ], [ 33.952975500000036, 35.444308999000043 ], [ 33.956862692000072, 35.438000889000079 ], [ 33.948758549000047, 35.420255624000049 ], [ 33.945972247000043, 35.418191799000056 ], [ 33.947225500000059, 35.415940999000043 ], [ 33.937752, 35.413765499000078 ], [ 33.92863, 35.409020499000064 ], [ 33.905957, 35.395293999000046 ], [ 33.903093349000073, 35.384735448000072 ], [ 33.894179500000064, 35.383646999000064 ] ] ] ] } },
{ "type": "Feature", "properties": { "GISCO_ID": "CY_1240", "CNTR_CODE": "CY", "LAU_ID": "1240", "LAU_NAME": "Άγιοι Τριμιθιάς", "cell_coverage": [ [ 0, 0.043, 0.1424 ], [ 0.1306, 0.6695, 0.0818 ], [ 0.0015, 0, 0 ] ], "xmin": 33.166666666666664, "xmax": 33.291666666666664, "ymin": 35.041666666666657, "ymax": 35.166666666666657 }, "geometry": { "type": "MultiPolygon", "coordinates": [ [ [ [ 33.204824, 35.081933499000058 ], [ 33.203905, 35.082455499000048 ], [ 33.203260194000052, 35.087527415000068 ], [ 33.198717500000043, 35.092223499000056 ], [ 33.202486179000061, 35.100908139000069 ], [ 33.20192866900004, 35.113799461000042 ], [ 33.207497143000069, 35.121158996000077 ], [ 33.250516798000035, 35.130940882000061 ], [ 33.25617655700006, 35.136377346000074 ], [ 33.270957, 35.135110999000062 ], [ 33.278605515000038, 35.124364467000078 ], [ 33.277367500000025, 35.118014499000026 ], [ 33.267079, 35.119633499000031 ], [ 33.256100424000067, 35.121832029000075 ], [ 33.24870807700006, 35.118774305000045 ], [ 33.239423775000034, 35.107782091000047 ], [ 33.238524397000049, 35.099746082000024 ], [ 33.231508, 35.09275849900007 ], [ 33.227338, 35.089587499000061 ], [ 33.211068182000076, 35.086114773000077 ], [ 33.204824, 35.081933499000058 ] ] ] ] } },
{ "type": "Feature", "properties": { "GISCO_ID": "CY_1241", "CNTR_CODE": "CY", "LAU_ID": "1241", "LAU_NAME": "Παλαιομέτοχο", "cell_coverage": [ [ 0.1258, 0.4711, 0.5028, 0.3381 ], [ 0.0097, 0.6319, 0.0169, 0 ] ], "xmin": 33.125, "xmax": 33.291666666666664, "ymin": 35.083333333333321, "ymax": 35.166666666666657 }, "geometry": { "type": "MultiPolygon", "coordinates": [ [ [ [ 33.156664500000034, 35.131706499000074 ], [ 33.16190197800006, 35.133081373000039 ], [ 33.161797412000055, 35.135402188000057 ], [ 33.158415062000074, 35.138633630000072 ], [ 33.15715335200008, 35.149920440000074 ], [ 33.162052, 35.153796999000065 ], [ 33.17017505900003, 35.152261416000044 ], [ 33.177342943000042, 35.14663186100006 ], [ 33.183855854000058, 35.146635477000075 ], [ 33.196706261000031, 35.13913873000007 ], [ 33.214214134000031, 35.141896221000025 ], [ 33.225360350000074, 35.149170207000054 ], [ 33.24524198000006, 35.150029704000076 ], [ 33.248474500000043, 35.154335999000068 ], [ 33.262747388000037, 35.157724643000051 ], [ 33.266284978000044, 35.150888724000026 ], [ 33.284834500000045, 35.153912499000057 ], [ 33.287508, 35.152256499000032 ], [ 33.284147606000033, 35.146103138000058 ], [ 33.270957, 35.135110999000062 ], [ 33.25617655700006, 35.136377346000074 ], [ 33.250516798000035, 35.130940882000061 ], [ 33.207497143000069, 35.121158996000077 ], [ 33.20192866900004, 35.113799461000042 ], [ 33.202486179000061, 35.100908139000069 ], [ 33.198717500000043, 35.092223499000056 ], [ 33.196808563000047, 35.094468131000042 ], [ 33.193593579000037, 35.093095669000036 ], [ 33.190925506000042, 35.095139300000028 ], [ 33.188331453000046, 35.089931621000062 ], [ 33.180074626000078, 35.093984884000065 ], [ 33.178678931000036, 35.09123573100004 ], [ 33.176092500000038, 35.091294499000071 ], [ 33.177402116000053, 35.092772026000034 ], [ 33.168993722000039, 35.102569677000076 ], [ 33.166391479000026, 35.118702229000064 ], [ 33.156664500000034, 35.131706499000074 ] ] ] ] } },
{ "type": "Feature", "properties": { "GISCO_ID": "CY_1242", "CNTR_CODE": "CY", "LAU_ID": "1242", "LAU_NAME": "Δένεια", "cell_coverage": [ [ 0.0108, 0.6839, 0.0397 ], [ 0, 0.0637, 0 ] ], "xmin": 33.083333333333329, "xmax": 33.208333333333329, "ymin": 35.125, "ymax": 35.208333333333321 }, "geometry": { "type": "MultiPolygon", "coordinates": [ [ [ [ 33.120003, 35.176855499000055 ], [ 33.129324064000059, 35.179012965000027 ], [ 33.133245, 35.202750999000045 ], [ 33.136026438000044, 35.204374775000076 ], [ 33.139241896000044, 35.200352892000069 ], [ 33.143257900000037, 35.202259148000053 ], [ 33.156976, 35.198837999000034 ], [ 33.161277, 35.201873999000043 ], [ 33.172181500000079, 35.19929249900008 ], [ 33.169792, 35.184580999000048 ], [ 33.163533968000024, 35.182282662000034 ], [ 33.163481107000052, 35.172698113000024 ], [ 33.153294500000072, 35.16326699900003 ], [ 33.146235077000028, 35.158186457000056 ], [ 33.136989965000055, 35.162249935000034 ], [ 33.134832062000044, 35.169585117000054 ], [ 33.123502, 35.172061499000051 ], [ 33.120003, 35.176855499000055 ] ] ] ] } },
{ "type": "Feature", "properties": { "GISCO_ID": "CY_1243", "CNTR_CODE": "CY", "LAU_ID": "1243", "LAU_NAME": "Κοκκινοτριμιθιά", "cell_coverage": [ [ 0.0409, 0.1633, 0.1048 ], [ 0.0813, 0.5289, 0.4288 ] ], "xmin": 33.125, "xmax": 33.25, "ymin": 35.125, "ymax": 35.208333333333321 }, "geometry": { "type": "MultiPolygon", "coordinates": [ [ [ [ 33.169792, 35.184580999000048 ], [ 33.194045969000058, 35.166790596000055 ], [ 33.22234184000007, 35.169250328000032 ], [ 33.225501948000044, 35.175116820000028 ], [ 33.234162, 35.176336499000058 ], [ 33.243416571000068, 35.169367018000059 ], [ 33.248474500000043, 35.154335999000068 ], [ 33.24524198000006, 35.150029704000076 ], [ 33.225360350000074, 35.149170207000054 ], [ 33.214214134000031, 35.141896221000025 ], [ 33.196706261000031, 35.13913873000007 ], [ 33.183855854000058, 35.146635477000075 ], [ 33.177342943000042, 35.14663186100006 ], [ 33.17017505900003, 35.152261416000044 ], [ 33.162052, 35.153796999000065 ], [ 33.156413034000025, 35.156526638000059 ], [ 33.153294500000072, 35.16326699900003 ], [ 33.163481107000052, 35.172698113000024 ], [ 33.163533968000024, 35.182282662000034 ], [ 33.169792, 35.184580999000048 ] ] ] ] } },
{ "type": "Feature", "properties": { "GISCO_ID": "CY_1245", "CNTR_CODE": "CY", "LAU_ID": "1245", "LAU_NAME": "Γερόλακκος", "cell_coverage": [ [ 0.0096, 0, 0, 0 ], [ 0.1671, 0.5204, 0.115, 0 ], [ 0, 0.4307, 0.9252, 0.1454 ], [ 0, 0.0254, 0.2841, 0.0167 ] ], "xmin": 33.166666666666664, "xmax": 33.333333333333329, "ymin": 35.125, "ymax": 35.291666666666657 }, "geometry": { "type": "MultiPolygon", "coordinates": [ [ [ [ 33.194856, 35.250316999000063 ], [ 33.202213500000028, 35.252650999000025 ], [ 33.214008083000067, 35.24539601400005 ], [ 33.217509733000043, 35.236295193000046 ], [ 33.23209244700007, 35.236664401000041 ], [ 33.237334500000031, 35.233988499000077 ], [ 33.249535577000074, 35.228858188000061 ], [ 33.255096640000033, 35.216161347000025 ], [ 33.26892950000007, 35.214057499000035 ], [ 33.271986386000037, 35.212694867000039 ], [ 33.277601032000064, 35.211797223000076 ], [ 33.277003070000035, 35.208266928000057 ], [ 33.275623335000034, 35.20463075300006 ], [ 33.27917162600005, 35.204599792000067 ], [ 33.280824338000059, 35.20142125700005 ], [ 33.283928260000039, 35.199404926000057 ], [ 33.287615564000077, 35.198053166000079 ], [ 33.289681468000026, 35.195282083000052 ], [ 33.292568064000079, 35.194640350000043 ], [ 33.295899500000075, 35.195861999000044 ], [ 33.30265588900005, 35.189584608000075 ], [ 33.296181273000059, 35.180987404000064 ], [ 33.30351597300006, 35.174960077000037 ], [ 33.302040371000032, 35.167048359000034 ], [ 33.290163, 35.159810499000059 ], [ 33.285388483000077, 35.158394058000056 ], [ 33.284834500000045, 35.153912499000057 ], [ 33.266284978000044, 35.150888724000026 ], [ 33.262747388000037, 35.157724643000051 ], [ 33.248474500000043, 35.154335999000068 ], [ 33.243416571000068, 35.169367018000059 ], [ 33.234162, 35.176336499000058 ], [ 33.235298933000024, 35.179809224000053 ], [ 33.229175237000049, 35.190806334000058 ], [ 33.228050535000079, 35.200874338000062 ], [ 33.220101500000055, 35.209477999000057 ], [ 33.218398428000057, 35.212744461000057 ], [ 33.222146513000041, 35.218509364000056 ], [ 33.222005325000055, 35.227763640000035 ], [ 33.19994117300007, 35.234332269000049 ], [ 33.191602, 35.231650499000068 ], [ 33.18867292300007, 35.237381311000036 ], [ 33.194856, 35.250316999000063 ] ] ] ] } },
{ "type": "Feature", "properties": { "GISCO_ID": "CY_1246", "CNTR_CODE": "CY", "LAU_ID": "1246", "LAU_NAME": "Αγία Μαρίνα Σκυλλούρας", "cell_coverage": [ [ 0.0462, 0.0016 ], [ 0.4736, 0.484 ], [ 0.0089, 0.1091 ] ], "xmin": 33.083333333333329, "xmax": 33.166666666666664, "ymin": 35.166666666666657, "ymax": 35.291666666666657 }, "geometry": { "type": "MultiPolygon", "coordinates": [ [ [ [ 33.156976, 35.198837999000034 ], [ 33.143257900000037, 35.202259148000053 ], [ 33.139241896000044, 35.200352892000069 ], [ 33.136026438000044, 35.204374775000076 ], [ 33.133245, 35.202750999000045 ], [ 33.121518852000065, 35.205805148000024 ], [ 33.110705431000042, 35.212698016000047 ], [ 33.107808, 35.226175999000077 ], [ 33.105725129000064, 35.23133051800005 ], [ 33.096209, 35.231886999000039 ], [ 33.102038800000059, 35.243124611000042 ], [ 33.099511500000062, 35.252250999000069 ], [ 33.11371, 35.254525499000067 ], [ 33.136095500000067, 35.248085499000069 ], [ 33.145015489000059, 35.239814233000061 ], [ 33.144132488000025, 35.224872749000042 ], [ 33.152433877000078, 35.212315900000078 ], [ 33.156976, 35.198837999000034 ] ] ] ] } },
{ "type": "Feature", "properties": { "GISCO_ID": "CY_2201", "CNTR_CODE": "CY", "LAU_ID": "2201", "LAU_NAME": "Άγιος Αμβρόσιος Κερύνειας", "cell_coverage": [ [ 0.0042, 0.0271, 0.1624, 0.3388, 0.2609 ], [ 0.0024, 0.4929, 0.1345, 0.3265, 0.2996 ], [ 0, 0.0001, 0.0114, 0, 0 ] ], "xmin": 33.416666666666664, "xmax": 33.625, "ymin": 35.25, "ymax": 35.375 }, "geometry": { "type": "MultiPolygon", "coordinates": [ [ [ [ 33.603271500000062, 35.356347499000037 ], [ 33.606490463000057, 35.35126568700008 ], [ 33.604452139000045, 35.34195085500005 ], [ 33.609607500000038, 35.316561499000045 ], [ 33.604727, 35.31547499900006 ], [ 33.59484, 35.312199999000029 ], [ 33.580491, 35.306073999000034 ], [ 33.577364, 35.304734999000061 ], [ 33.553681922000067, 35.330853809000075 ], [ 33.544015558000069, 35.329795913000055 ], [ 33.536845038000024, 35.334093254000038 ], [ 33.527699865000045, 35.333482812000057 ], [ 33.517752039000072, 35.340595854000071 ], [ 33.505653942000038, 35.334948048000058 ], [ 33.505345500000033, 35.285060499000053 ], [ 33.495749500000045, 35.295571499000062 ], [ 33.483472814000038, 35.310362097000052 ], [ 33.472212500000069, 35.31828899900006 ], [ 33.46863342100005, 35.324133354000026 ], [ 33.458590568000034, 35.330542528000024 ], [ 33.456940897000038, 35.331417243000033 ], [ 33.455093, 35.334756999000035 ], [ 33.458590568000034, 35.33693900600008 ], [ 33.469239851000054, 35.333080806000055 ], [ 33.48352982800003, 35.332875952000052 ], [ 33.532743309000068, 35.345705654000028 ], [ 33.567511559000025, 35.346947281000041 ], [ 33.603271500000062, 35.356347499000037 ] ] ] ] } },
{ "type": "Feature", "properties": { "GISCO_ID": "CY_1363", "CNTR_CODE": "CY", "LAU_ID": "1363", "LAU_NAME": "Αυλώνα", "cell_coverage": [ [ 0.2146 ], [ 0.2175 ] ], "xmin": 33.083333333333329, "xmax": 33.125, "ymin": 35.125, "ymax": 35.208333333333321 }, "geometry": { "type": "MultiPolygon", "coordinates": [ [ [ [ 33.083358, 35.167774499000075 ], [ 33.088589500000069, 35.176959999000076 ], [ 33.120003, 35.176855499000055 ], [ 33.123502, 35.172061499000051 ], [ 33.121368014000041, 35.166519243000039 ], [ 33.115773463000039, 35.165035666000051 ], [ 33.117918384000063, 35.161129979000066 ], [ 33.114414270000054, 35.155419296000048 ], [ 33.106562712000027, 35.149422247000075 ], [ 33.103098807000038, 35.151642701000071 ], [ 33.099282, 35.150172499000064 ], [ 33.083358, 35.167774499000075 ] ] ] ] } },
{ "type": "Feature", "properties": { "GISCO_ID": "CY_1364", "CNTR_CODE": "CY", "LAU_ID": "1364", "LAU_NAME": "Κατωκοπιά", "cell_coverage": [ [ 0.0084, 0.351 ], [ 0.0051, 0.2056 ] ], "xmin": 33.0, "xmax": 33.083333333333336, "ymin": 35.125, "ymax": 35.208333333333321 }, "geometry": { "type": "MultiPolygon", "coordinates": [ [ [ [ 33.056487, 35.191448499000046 ], [ 33.0619, 35.18939799900005 ], [ 33.072111949000032, 35.178323459000069 ], [ 33.079986573000042, 35.175922803000049 ], [ 33.082714500000066, 35.167796999000075 ], [ 33.07795133500008, 35.16831168300007 ], [ 33.07215588400004, 35.162969601000043 ], [ 33.068441680000035, 35.152916631000039 ], [ 33.057353500000033, 35.149350999000035 ], [ 33.04869750000006, 35.159207499000047 ], [ 33.036434, 35.166539499000066 ], [ 33.036661500000037, 35.166593499000044 ], [ 33.041834883000035, 35.168613028000038 ], [ 33.038916743000073, 35.174976105000042 ], [ 33.051216147000048, 35.180907641000033 ], [ 33.056487, 35.191448499000046 ] ] ] ] } },
{ "type": "Feature", "properties": { "GISCO_ID": "CY_1365", "CNTR_CODE": "CY", "LAU_ID": "1365", "LAU_NAME": "Αργάκι", "cell_coverage": [ [ 0.0264, 0 ], [ 0.4026, 0.1365 ], [ 5.5395e-06, 0 ] ], "xmin": 33.0, "xmax": 33.083333333333336, "ymin": 35.125, "ymax": 35.25 }, "geometry": { "type": "MultiPolygon", "coordinates": [ [ [ [ 33.014910500000042, 35.18768699900005 ], [ 33.012521603000039, 35.193719387000044 ], [ 33.022757538000064, 35.195725570000036 ], [ 33.030834817000027, 35.200983266000037 ], [ 33.031271444000026, 35.204754807000029 ], [ 33.02649705500005, 35.209322047000057 ], [ 33.034208500000034, 35.21402099900007 ], [ 33.042509219000067, 35.207516855000051 ], [ 33.045056173000035, 35.198932101000025 ], [ 33.056487, 35.191448499000046 ], [ 33.051216147000048, 35.180907641000033 ], [ 33.038916743000073, 35.174976105000042 ], [ 33.041834883000035, 35.168613028000038 ], [ 33.036661500000037, 35.166593499000044 ], [ 33.014910500000042, 35.18768699900005 ] ] ] ] } },
{ "type": "Feature", "properties": { "GISCO_ID": "CY_3130", "CNTR_CODE": "CY", "LAU_ID": "3130", "LAU_NAME": "Σπαθαρικό", "cell_coverage": [ [ 0.1146, 0.2744 ] ], "xmin": 33.833333333333329, "xmax": 33.916666666666664, "ymin": 35.208333333333321, "ymax": 35.25 }, "geometry": { "type": "MultiPolygon", "coordinates": [ [ [ [ 33.887236500000029, 35.226499499000056 ], [ 33.867014863000065, 35.218443740000055 ], [ 33.861770500000034, 35.223402499000031 ], [ 33.872150500000032, 35.243114999000056 ], [ 33.903916, 35.247509999000044 ], [ 33.904078500000026, 35.247318499000073 ], [ 33.902968500000043, 35.233881999000062 ], [ 33.899980854000034, 35.231794447000027 ], [ 33.896428742000069, 35.23632063000008 ], [ 33.887236500000029, 35.226499499000056 ] ] ] ] } },
{ "type": "Feature", "properties": { "GISCO_ID": "CY_3131", "CNTR_CODE": "CY", "LAU_ID": "3131", "LAU_NAME": "Αρναδί", "cell_coverage": [ [ 0.0271, 0.3869 ] ], "xmin": 33.791666666666664, "xmax": 33.875, "ymin": 35.208333333333321, "ymax": 35.25 }, "geometry": { "type": "MultiPolygon", "coordinates": [ [ [ [ 33.872150500000032, 35.243114999000056 ], [ 33.861770500000034, 35.223402499000031 ], [ 33.848388012000044, 35.222825823000051 ], [ 33.844026664000069, 35.232157684000072 ], [ 33.837916, 35.228519999000071 ], [ 33.826661, 35.232631499000036 ], [ 33.832741750000025, 35.241750117000038 ], [ 33.83116, 35.245806499000025 ], [ 33.831611500000065, 35.245851999000024 ], [ 33.854074079000043, 35.246398848000069 ], [ 33.872150500000032, 35.243114999000056 ] ] ] ] } },
{ "type": "Feature", "properties": { "GISCO_ID": "CY_3132", "CNTR_CODE": "CY", "LAU_ID": "3132", "LAU_NAME": "Άγιος Γεώργιος Αμμοχώστου", "cell_coverage": [ [ 0, 0.241, 0.0705 ], [ 0.0002, 0.0965, 0.0685 ] ], "xmin": 33.791666666666664, "xmax": 33.916666666666664, "ymin": 35.208333333333321, "ymax": 35.291666666666657 }, "geometry": { "type": "MultiPolygon", "coordinates": [ [ [ [ 33.872150500000032, 35.243114999000056 ], [ 33.854074079000043, 35.246398848000069 ], [ 33.831611500000065, 35.245851999000024 ], [ 33.843366868000032, 35.24859338300007 ], [ 33.846157427000037, 35.256493083000066 ], [ 33.844085500000062, 35.26480299900004 ], [ 33.855582532000028, 35.261386792000053 ], [ 33.867538702000047, 35.266669498000056 ], [ 33.871644500000059, 35.265633499000046 ], [ 33.892210159000058, 35.250855356000045 ], [ 33.903916, 35.247509999000044 ], [ 33.872150500000032, 35.243114999000056 ] ] ] ] } },
{ "type": "Feature", "properties": { "GISCO_ID": "CY_3133", "CNTR_CODE": "CY", "LAU_ID": "3133", "LAU_NAME": "Περιβόλια Τρικώμου", "cell_coverage": [ [ 0.0006, 0.0038 ], [ 0.097, 0.0377 ] ], "xmin": 33.875, "xmax": 33.958333333333336, "ymin": 35.25, "ymax": 35.333333333333321 }, "geometry": { "type": "MultiPolygon", "coordinates": [ [ [ [ 33.902842366000073, 35.277849358000026 ], [ 33.913007165000067, 35.291568851000079 ], [ 33.922262471000067, 35.293384076000052 ], [ 33.923025737000046, 35.285394064000059 ], [ 33.912603663000027, 35.271205902000077 ], [ 33.902842366000073, 35.277849358000026 ] ] ] ] } },
{ "type": "Feature", "properties": { "GISCO_ID": "CY_3134", "CNTR_CODE": "CY", "LAU_ID": "3134", "LAU_NAME": "Σύγκραση", "cell_coverage": [ [ 0.0079, 0.247 ], [ 0, 0.4087 ] ], "xmin": 33.791666666666664, "xmax": 33.875, "ymin": 35.25, "ymax": 35.333333333333321 }, "geometry": { "type": "MultiPolygon", "coordinates": [ [ [ [ 33.831136, 35.303418499000031 ], [ 33.840299979000065, 35.308604220000063 ], [ 33.836124337000058, 35.318739685000025 ], [ 33.843333, 35.319077499000059 ], [ 33.851862500000038, 35.312856499000077 ], [ 33.851353825000047, 35.29800589000007 ], [ 33.859216702000026, 35.291381882000053 ], [ 33.863834864000069, 35.280296495000073 ], [ 33.869189015000075, 35.278569085000072 ], [ 33.871644500000059, 35.265633499000046 ], [ 33.867538702000047, 35.266669498000056 ], [ 33.855582532000028, 35.261386792000053 ], [ 33.844085500000062, 35.26480299900004 ], [ 33.838259597000047, 35.289623396000025 ], [ 33.832612053000048, 35.295176233000063 ], [ 33.831136, 35.303418499000031 ] ] ] ] } },
{ "type": "Feature", "properties": { "GISCO_ID": "CY_3135", "CNTR_CODE": "CY", "LAU_ID": "3135", "LAU_NAME": "Λάπαθος", "cell_coverage": [ [ 0.1425, 0.0023 ], [ 0.4559, 0.2167 ], [ 0.0248, 0.0151 ] ], "xmin": 33.791666666666664, "xmax": 33.875, "ymin": 35.208333333333321, "ymax": 35.333333333333321 }, "geometry": { "type": "MultiPolygon", "coordinates": [ [ [ [ 33.831136, 35.303418499000031 ], [ 33.832612053000048, 35.295176233000063 ], [ 33.838259597000047, 35.289623396000025 ], [ 33.844085500000062, 35.26480299900004 ], [ 33.846157427000037, 35.256493083000066 ], [ 33.843366868000032, 35.24859338300007 ], [ 33.831611500000065, 35.245851999000024 ], [ 33.83116, 35.245806499000025 ], [ 33.822548220000044, 35.246571012000061 ], [ 33.820154212000034, 35.256060639000054 ], [ 33.816510500000049, 35.258583499000054 ], [ 33.814807980000069, 35.271805283000049 ], [ 33.807891985000026, 35.286752902000046 ], [ 33.81521940600004, 35.296796105000055 ], [ 33.818467, 35.307828999000037 ], [ 33.823397476000025, 35.308154737000052 ], [ 33.831136, 35.303418499000031 ] ] ] ] } },
{ "type": "Feature", "properties": { "GISCO_ID": "CY_3136", "CNTR_CODE": "CY", "LAU_ID": "3136", "LAU_NAME": "Τρίκωμο", "cell_coverage": [ [ 0.3341, 0.6753, 0.2073 ], [ 0.1336, 0.761, 0.106 ], [ 0, 0.0071, 0 ] ], "xmin": 33.833333333333329, "xmax": 33.958333333333329, "ymin": 35.208333333333321, "ymax": 35.333333333333321 }, "geometry": { "type": "MultiPolygon", "coordinates": [ [ [ [ 33.871644500000059, 35.265633499000046 ], [ 33.869189015000075, 35.278569085000072 ], [ 33.863834864000069, 35.280296495000073 ], [ 33.859216702000026, 35.291381882000053 ], [ 33.851353825000047, 35.29800589000007 ], [ 33.851862500000038, 35.312856499000077 ], [ 33.863766696000027, 35.318280130000062 ], [ 33.86881926600006, 35.317391297000029 ], [ 33.870756111000048, 35.322329549000074 ], [ 33.875516335000043, 35.319900612000026 ], [ 33.880110393000052, 35.325227619000032 ], [ 33.886579500000039, 35.324483499000053 ], [ 33.892104983000024, 35.320455545000073 ], [ 33.903090500000076, 35.319105499000045 ], [ 33.905284534000032, 35.314999660000069 ], [ 33.920060866000028, 35.315382850000049 ], [ 33.925411161000056, 35.310886395000068 ], [ 33.928228346000026, 35.303265444000033 ], [ 33.941571500000066, 35.304469499000049 ], [ 33.942321, 35.304009999000073 ], [ 33.928626321000024, 35.280441391000068 ], [ 33.906475887000056, 35.256067931000075 ], [ 33.904078500000026, 35.247318499000073 ], [ 33.903916, 35.247509999000044 ], [ 33.892210159000058, 35.250855356000045 ], [ 33.871644500000059, 35.265633499000046 ] ], [ [ 33.902842366000073, 35.277849358000026 ], [ 33.912603663000027, 35.271205902000077 ], [ 33.923025737000046, 35.285394064000059 ], [ 33.922262471000067, 35.293384076000052 ], [ 33.913007165000067, 35.291568851000079 ], [ 33.902842366000073, 35.277849358000026 ] ] ] ] } },
{ "type": "Feature", "properties": { "GISCO_ID": "CY_3200", "CNTR_CODE": "CY", "LAU_ID": "3200", "LAU_NAME": "Κούκλια Αμμοχώστου", "cell_coverage": [ [ 0.0481, 0.2122 ], [ 0.2088, 0.41 ], [ 0.0031, 0.0002 ] ], "xmin": 33.708333333333329, "xmax": 33.791666666666664, "ymin": 35.041666666666657, "ymax": 35.166666666666657 }, "geometry": { "type": "MultiPolygon", "coordinates": [ [ [ [ 33.743132500000058, 35.082841999000038 ], [ 33.739220528000033, 35.092048154000054 ], [ 33.740868500000033, 35.110020999000028 ], [ 33.743790083000079, 35.118260245000045 ], [ 33.743309322000073, 35.135402188000057 ], [ 33.749989584000048, 35.13992786600005 ], [ 33.749883500000067, 35.14459849900004 ], [ 33.761935419000054, 35.144103005000034 ], [ 33.765221781000037, 35.133093590000044 ], [ 33.777158928000063, 35.135506387000078 ], [ 33.778598491000025, 35.133209583000053 ], [ 33.774388, 35.129612999000074 ], [ 33.770633541000052, 35.121212845000059 ], [ 33.775619541000026, 35.114296944000046 ], [ 33.762354500000072, 35.09282999900006 ], [ 33.749615100000028, 35.082272137000075 ], [ 33.743132500000058, 35.082841999000038 ] ] ] ] } },
{ "type": "Feature", "properties": { "GISCO_ID": "CY_1455", "CNTR_CODE": "CY", "LAU_ID": "1455", "LAU_NAME": "Αμμαδιές", "cell_coverage": [ [ 0.0539, 0.0905 ], [ 0.0436, 0.12 ] ], "xmin": 32.666666666666664, "xmax": 32.75, "ymin": 35.125, "ymax": 35.208333333333321 }, "geometry": { "type": "MultiPolygon", "coordinates": [ [ [ [ 32.702660500000036, 35.156475999000065 ], [ 32.700344500000028, 35.166886999000042 ], [ 32.703745423000044, 35.173761611000032 ], [ 32.702787, 35.183853499000065 ], [ 32.717520500000035, 35.18138699900004 ], [ 32.718783004000045, 35.169881392000036 ], [ 32.723537148000048, 35.162758180000026 ], [ 32.722059, 35.151296999000067 ], [ 32.715254500000071, 35.151526999000055 ], [ 32.702660500000036, 35.156475999000065 ] ] ] ] } },
{ "type": "Feature", "properties": { "GISCO_ID": "CY_1456", "CNTR_CODE": "CY", "LAU_ID": "1456", "LAU_NAME": "Πάνω Πύργος", "cell_coverage": [ [ 0, 0.0252 ], [ 0.1894, 0.7079 ], [ 0.509, 0.1825 ] ], "xmin": 32.625, "xmax": 32.708333333333336, "ymin": 35.083333333333321, "ymax": 35.208333333333321 }, "geometry": { "type": "MultiPolygon", "coordinates": [ [ [ [ 32.633728, 35.090522499000031 ], [ 32.634655223000038, 35.112475910000057 ], [ 32.630993500000045, 35.116099499000029 ], [ 32.645413739000048, 35.117872064000039 ], [ 32.653607961000034, 35.126177405000078 ], [ 32.661677575000056, 35.129784794000045 ], [ 32.65513089600006, 35.135402188000057 ], [ 32.658279364000066, 35.156200030000036 ], [ 32.669418954000037, 35.164652574000058 ], [ 32.672729, 35.171928999000045 ], [ 32.677167238000038, 35.168348528000024 ], [ 32.700344500000028, 35.166886999000042 ], [ 32.702660500000036, 35.156475999000065 ], [ 32.698002292000069, 35.149725301000046 ], [ 32.699385885000027, 35.143757869000069 ], [ 32.690032564000035, 35.135402188000057 ], [ 32.68706, 35.122735499000044 ], [ 32.683567813000025, 35.115181695000047 ], [ 32.674768835000066, 35.114551519000031 ], [ 32.677118864000079, 35.101897654000027 ], [ 32.66898369900008, 35.101745314000027 ], [ 32.663687825000068, 35.095890430000054 ], [ 32.652685637000047, 35.09574944600007 ], [ 32.633728, 35.090522499000031 ] ] ] ] } },
{ "type": "Feature", "properties": { "GISCO_ID": "CY_5130", "CNTR_CODE": "CY", "LAU_ID": "5130", "LAU_NAME": "Ασγάτα", "cell_coverage": [ [ 0.0555, 0.0809 ], [ 0.4392, 0.5388 ], [ 0, 0.0048 ] ], "xmin": 33.208333333333329, "xmax": 33.291666666666664, "ymin": 34.708333333333321, "ymax": 34.833333333333321 }, "geometry": { "type": "MultiPolygon", "coordinates": [ [ [ [ 33.26051, 34.803297999000051 ], [ 33.264903, 34.796677499000054 ], [ 33.275625665000064, 34.77894580800006 ], [ 33.270443, 34.750673499000072 ], [ 33.258674304000067, 34.748550646000069 ], [ 33.247773125000037, 34.753020824000032 ], [ 33.240726793000078, 34.759576615000071 ], [ 33.232906, 34.75812649900007 ], [ 33.226944286000048, 34.763769973000024 ], [ 33.224603500000057, 34.77189899900003 ], [ 33.23309180800004, 34.795787941000071 ], [ 33.250819470000067, 34.798725785000045 ], [ 33.26051, 34.803297999000051 ] ] ] ] } },
{ "type": "Feature", "properties": { "GISCO_ID": "CY_5131", "CNTR_CODE": "CY", "LAU_ID": "5131", "LAU_NAME": "Βάσα Κελλακίου", "cell_coverage": [ [ 0.0582, 0.6785, 0.0443 ], [ 0.0135, 0.1931, 0 ] ], "xmin": 33.166666666666664, "xmax": 33.291666666666664, "ymin": 34.75, "ymax": 34.833333333333321 }, "geometry": { "type": "MultiPolygon", "coordinates": [ [ [ [ 33.221881500000052, 34.83047349900005 ], [ 33.226351500000078, 34.831241999000042 ], [ 33.234604617000059, 34.826180358000045 ], [ 33.23924704600006, 34.816548339000065 ], [ 33.254006520000075, 34.80982029300003 ], [ 33.26051, 34.803297999000051 ], [ 33.250819470000067, 34.798725785000045 ], [ 33.23309180800004, 34.795787941000071 ], [ 33.224603500000057, 34.77189899900003 ], [ 33.220959139000058, 34.770599953000044 ], [ 33.213091224000038, 34.774897496000051 ], [ 33.209831, 34.786740999000074 ], [ 33.20449214000007, 34.787223295000047 ], [ 33.199729298000079, 34.795349609000027 ], [ 33.201261823000038, 34.801890331000038 ], [ 33.209908129000041, 34.809493304000057 ], [ 33.210672500000044, 34.818903499000044 ], [ 33.221881500000052, 34.83047349900005 ] ] ] ] } },
{ "type": "Feature", "properties": { "GISCO_ID": "CY_5132", "CNTR_CODE": "CY", "LAU_ID": "5132", "LAU_NAME": "Σανίδα", "cell_coverage": [ [ 0.4503, 0.0113 ], [ 0.1603, 0.0008 ] ], "xmin": 33.166666666666664, "xmax": 33.25, "ymin": 34.75, "ymax": 34.833333333333321 }, "geometry": { "type": "MultiPolygon", "coordinates": [ [ [ [ 33.200804, 34.776138499000069 ], [ 33.192293, 34.775975999000025 ], [ 33.180786500000067, 34.792562499000041 ], [ 33.177853500000026, 34.801707499000031 ], [ 33.178132775000051, 34.807499385000028 ], [ 33.172729696000033, 34.811888612000075 ], [ 33.173283, 34.821229499000026 ], [ 33.189439, 34.819206999000073 ], [ 33.210672500000044, 34.818903499000044 ], [ 33.209908129000041, 34.809493304000057 ], [ 33.201261823000038, 34.801890331000038 ], [ 33.199729298000079, 34.795349609000027 ], [ 33.20449214000007, 34.787223295000047 ], [ 33.209831, 34.786740999000074 ], [ 33.200804, 34.776138499000069 ] ] ] ] } },
{ "type": "Feature", "properties": { "GISCO_ID": "CY_5133", "CNTR_CODE": "CY", "LAU_ID": "5133", "LAU_NAME": "Πραστιό Κελλακίου", "cell_coverage": [ [ 0.1678, 0.5371 ], [ 0.0549, 0.2403 ] ], "xmin": 33.083333333333329, "xmax": 33.166666666666664, "ymin": 34.75, "ymax": 34.833333333333321 }, "geometry": { "type": "MultiPolygon", "coordinates": [ [ [ [ 33.107946500000025, 34.78868649900005 ], [ 33.110919413000033, 34.79200337900005 ], [ 33.112486019000073, 34.809734668000033 ], [ 33.128529190000052, 34.82014113200006 ], [ 33.132696, 34.828590499000029 ], [ 33.143749, 34.825906499000041 ], [ 33.15145715500006, 34.811407863000056 ], [ 33.146930771000029, 34.803672347000031 ], [ 33.161993521000056, 34.801101476000042 ], [ 33.164415500000075, 34.788878499000077 ], [ 33.152818, 34.783301999000059 ], [ 33.142042500000059, 34.777581499000064 ], [ 33.125319, 34.778461499000059 ], [ 33.123175500000059, 34.784005499000045 ], [ 33.107946500000025, 34.78868649900005 ] ] ] ] } },
{ "type": "Feature", "properties": { "GISCO_ID": "CY_5134", "CNTR_CODE": "CY", "LAU_ID": "5134", "LAU_NAME": "Κλωνάρι", "cell_coverage": [ [ 0.0318 ], [ 0.1416 ] ], "xmin": 33.166666666666664, "xmax": 33.208333333333329, "ymin": 34.79166666666665, "ymax": 34.875 }, "geometry": { "type": "MultiPolygon", "coordinates": [ [ [ [ 33.16715350000004, 34.833284499000058 ], [ 33.173537, 34.834714499000029 ], [ 33.184193795000056, 34.837270296000042 ], [ 33.192342, 34.83519749900006 ], [ 33.188410731000033, 34.82874879600007 ], [ 33.189439, 34.819206999000073 ], [ 33.173283, 34.821229499000026 ], [ 33.16715350000004, 34.833284499000058 ] ] ] ] } },
{ "type": "Feature", "properties": { "GISCO_ID": "CY_5135", "CNTR_CODE": "CY", "LAU_ID": "5135", "LAU_NAME": "Βίκλα", "cell_coverage": [ [ 0.0069, 0 ], [ 0.1562, 0.0614 ] ], "xmin": 33.166666666666664, "xmax": 33.25, "ymin": 34.79166666666665, "ymax": 34.875 }, "geometry": { "type": "MultiPolygon", "coordinates": [ [ [ [ 33.221881500000052, 34.83047349900005 ], [ 33.210672500000044, 34.818903499000044 ], [ 33.189439, 34.819206999000073 ], [ 33.188410731000033, 34.82874879600007 ], [ 33.192342, 34.83519749900006 ], [ 33.221881500000052, 34.83047349900005 ] ] ] ] } },
{ "type": "Feature", "properties": { "GISCO_ID": "CY_5136", "CNTR_CODE": "CY", "LAU_ID": "5136", "LAU_NAME": "Κελλάκι", "cell_coverage": [ [ 0.3231, 0.1744 ], [ 0.0043, 0.0165 ] ], "xmin": 33.125, "xmax": 33.208333333333336, "ymin": 34.75, "ymax": 34.833333333333321 }, "geometry": { "type": "MultiPolygon", "coordinates": [ [ [ [ 33.177853500000026, 34.801707499000031 ], [ 33.173371467000038, 34.787215943000035 ], [ 33.164415500000075, 34.788878499000077 ], [ 33.161993521000056, 34.801101476000042 ], [ 33.146930771000029, 34.803672347000031 ], [ 33.15145715500006, 34.811407863000056 ], [ 33.143749, 34.825906499000041 ], [ 33.16715350000004, 34.833284499000058 ], [ 33.173283, 34.821229499000026 ], [ 33.172729696000033, 34.811888612000075 ], [ 33.178132775000051, 34.807499385000028 ], [ 33.177853500000026, 34.801707499000031 ] ] ] ] } },
{ "type": "Feature", "properties": { "GISCO_ID": "CY_2202", "CNTR_CODE": "CY", "LAU_ID": "2202", "LAU_NAME": "Χάρκεια (Χάρτσεια)", "cell_coverage": [ [ 0.0548, 0 ], [ 0.8655, 0.5247 ], [ 0.2202, 0.0631 ] ], "xmin": 33.5, "xmax": 33.583333333333336, "ymin": 35.25, "ymax": 35.375 }, "geometry": { "type": "MultiPolygon", "coordinates": [ [ [ [ 33.505345500000033, 35.285060499000053 ], [ 33.505653942000038, 35.334948048000058 ], [ 33.517752039000072, 35.340595854000071 ], [ 33.527699865000045, 35.333482812000057 ], [ 33.536845038000024, 35.334093254000038 ], [ 33.544015558000069, 35.329795913000055 ], [ 33.553681922000067, 35.330853809000075 ], [ 33.577364, 35.304734999000061 ], [ 33.557372837000059, 35.293993447000048 ], [ 33.546458765000068, 35.292854314000067 ], [ 33.553272500000048, 35.280164999000078 ], [ 33.545966677000024, 35.278375701000073 ], [ 33.531004762000066, 35.28275982200006 ], [ 33.519992, 35.279571499000042 ], [ 33.511857957000075, 35.277393011000072 ], [ 33.513050276000058, 35.282241480000039 ], [ 33.505318, 35.284999499000037 ], [ 33.505345500000033, 35.285060499000053 ] ] ] ] } },
{ "type": "Feature", "properties": { "GISCO_ID": "CY_2203", "CNTR_CODE": "CY", "LAU_ID": "2203", "LAU_NAME": "Τραπέζα", "cell_coverage": [ [ 0.3527 ], [ 0.0311 ] ], "xmin": 33.458333333333329, "xmax": 33.5, "ymin": 35.25, "ymax": 35.333333333333321 }, "geometry": { "type": "MultiPolygon", "coordinates": [ [ [ [ 33.495749500000045, 35.295571499000062 ], [ 33.482871953000028, 35.292895624000039 ], [ 33.480442511000035, 35.288085550000062 ], [ 33.464845442000069, 35.288808632000041 ], [ 33.460995451000031, 35.318162832000041 ], [ 33.472212500000069, 35.31828899900006 ], [ 33.483472814000038, 35.310362097000052 ], [ 33.495749500000045, 35.295571499000062 ] ] ] ] } },
{ "type": "Feature", "properties": { "GISCO_ID": "CY_2204", "CNTR_CODE": "CY", "LAU_ID": "2204", "LAU_NAME": "Κλεπίνη", "cell_coverage": [ [ 0, 0.0008, 0, 0 ], [ 0.01, 0.6222, 0.1512, 0 ], [ 0.0146, 0.2056, 0.2214, 0.0137 ] ], "xmin": 33.375, "xmax": 33.541666666666664, "ymin": 35.25, "ymax": 35.375 }, "geometry": { "type": "MultiPolygon", "coordinates": [ [ [ [ 33.505318, 35.284999499000037 ], [ 33.498293345000036, 35.281097727000031 ], [ 33.458590568000034, 35.281142327000055 ], [ 33.453114500000027, 35.280349999000066 ], [ 33.410171, 35.287625499000058 ], [ 33.423441511000078, 35.312274562000027 ], [ 33.425334405000058, 35.320914120000054 ], [ 33.442639607000046, 35.32398633300005 ], [ 33.448000469000078, 35.309739876000037 ], [ 33.451576303000024, 35.309683849000066 ], [ 33.456023621000043, 35.319114760000048 ], [ 33.454387500000053, 35.33469149900003 ], [ 33.455093, 35.334756999000035 ], [ 33.456940897000038, 35.331417243000033 ], [ 33.458590568000034, 35.330542528000024 ], [ 33.46863342100005, 35.324133354000026 ], [ 33.472212500000069, 35.31828899900006 ], [ 33.460995451000031, 35.318162832000041 ], [ 33.464845442000069, 35.288808632000041 ], [ 33.480442511000035, 35.288085550000062 ], [ 33.482871953000028, 35.292895624000039 ], [ 33.495749500000045, 35.295571499000062 ], [ 33.505345500000033, 35.285060499000053 ], [ 33.505318, 35.284999499000037 ] ] ] ] } },
{ "type": "Feature", "properties": { "GISCO_ID": "CY_2205", "CNTR_CODE": "CY", "LAU_ID": "2205", "LAU_NAME": "Άγιος Επίκτητος", "cell_coverage": [ [ 0.037, 0.0199 ], [ 0.7573, 0.3649 ], [ 0.0097, 0 ] ], "xmin": 33.375, "xmax": 33.458333333333336, "ymin": 35.25, "ymax": 35.375 }, "geometry": { "type": "MultiPolygon", "coordinates": [ [ [ [ 33.379144, 35.320855499000061 ], [ 33.37912, 35.337748499000043 ], [ 33.417632463000075, 35.331910452000045 ], [ 33.431161114000076, 35.332397081000067 ], [ 33.437512499000036, 35.335485013000039 ], [ 33.454387500000053, 35.33469149900003 ], [ 33.456023621000043, 35.319114760000048 ], [ 33.451576303000024, 35.309683849000066 ], [ 33.448000469000078, 35.309739876000037 ], [ 33.442639607000046, 35.32398633300005 ], [ 33.425334405000058, 35.320914120000054 ], [ 33.423441511000078, 35.312274562000027 ], [ 33.410171, 35.287625499000058 ], [ 33.409984, 35.287688999000068 ], [ 33.379691831000059, 35.308130693000066 ], [ 33.381444613000042, 35.313957115000051 ], [ 33.379144, 35.320855499000061 ] ] ] ] } },
{ "type": "Feature", "properties": { "GISCO_ID": "CY_2206", "CNTR_CODE": "CY", "LAU_ID": "2206", "LAU_NAME": "Μπέλαπαϊς", "cell_coverage": [ [ 0.0207, 0.3504, 0.5848, 0.1992 ], [ 0, 0, 0.0841, 0.0797 ] ], "xmin": 33.25, "xmax": 33.416666666666664, "ymin": 35.25, "ymax": 35.333333333333321 }, "geometry": { "type": "MultiPolygon", "coordinates": [ [ [ [ 33.302397500000041, 35.31208699900003 ], [ 33.32328341300007, 35.309767428000043 ], [ 33.328109500000039, 35.314654499000028 ], [ 33.341096599000025, 35.319800421000025 ], [ 33.351934647000064, 35.310734224000043 ], [ 33.366448228000024, 35.319043715000078 ], [ 33.379144, 35.320855499000061 ], [ 33.381444613000042, 35.313957115000051 ], [ 33.379691831000059, 35.308130693000066 ], [ 33.409984, 35.287688999000068 ], [ 33.406562500000064, 35.286005499000055 ], [ 33.389900904000058, 35.28842475600004 ], [ 33.356864, 35.285132499000042 ], [ 33.336039390000053, 35.295270538000068 ], [ 33.299623, 35.297561999000038 ], [ 33.288834491000046, 35.301180161000048 ], [ 33.284778, 35.306844499000078 ], [ 33.302397500000041, 35.31208699900003 ] ] ] ] } },
{ "type": "Feature", "properties": { "GISCO_ID": "CY_2207", "CNTR_CODE": "CY", "LAU_ID": "2207", "LAU_NAME": "Καζάφανι", "cell_coverage": [ [ 0, 0.0436, 0.0083 ], [ 0.0065, 0.3773, 0.0304 ] ], "xmin": 33.291666666666664, "xmax": 33.416666666666664, "ymin": 35.29166666666665, "ymax": 35.375 }, "geometry": { "type": "MultiPolygon", "coordinates": [ [ [ [ 33.337369500000079, 35.331983499000046 ], [ 33.341881797000042, 35.332234670000048 ], [ 33.344955500000026, 35.335796499000026 ], [ 33.361127638000028, 35.336586791000059 ], [ 33.371031738000056, 35.334142192000058 ], [ 33.37912, 35.337748499000043 ], [ 33.379144, 35.320855499000061 ], [ 33.366448228000024, 35.319043715000078 ], [ 33.351934647000064, 35.310734224000043 ], [ 33.341096599000025, 35.319800421000025 ], [ 33.328109500000039, 35.314654499000028 ], [ 33.328052, 35.314636499000073 ], [ 33.336265764000075, 35.324571936000041 ], [ 33.337369500000079, 35.331983499000046 ] ] ] ] } },
{ "type": "Feature", "properties": { "GISCO_ID": "CY_2208", "CNTR_CODE": "CY", "LAU_ID": "2208", "LAU_NAME": "Θέρμεια", "cell_coverage": [ [ 0.0371, 0.0184 ] ], "xmin": 33.291666666666664, "xmax": 33.375, "ymin": 35.291666666666657, "ymax": 35.333333333333321 }, "geometry": { "type": "MultiPolygon", "coordinates": [ [ [ [ 33.328052, 35.314636499000073 ], [ 33.327319148000072, 35.317123415000026 ], [ 33.330680761000053, 35.332736425000064 ], [ 33.337369500000079, 35.331983499000046 ], [ 33.336265764000075, 35.324571936000041 ], [ 33.328052, 35.314636499000073 ] ] ] ] } },
{ "type": "Feature", "properties": { "GISCO_ID": "CY_5308", "CNTR_CODE": "CY", "LAU_ID": "5308", "LAU_NAME": "Πάχνα", "cell_coverage": [ [ 0, 0.0569, 0.0604 ], [ 0.0014, 0.7873, 0.4603 ], [ 0, 0.1647, 0.1004 ] ], "xmin": 32.708333333333329, "xmax": 32.833333333333329, "ymin": 34.708333333333321, "ymax": 34.833333333333321 }, "geometry": { "type": "MultiPolygon", "coordinates": [ [ [ [ 32.78478350000006, 34.800033499000051 ], [ 32.795263694000027, 34.796235743000068 ], [ 32.80373650000007, 34.800320499000065 ], [ 32.804220534000024, 34.795290479000073 ], [ 32.813603511000053, 34.793555383000069 ], [ 32.816766500000028, 34.789143999000032 ], [ 32.812270296000065, 34.767581337000024 ], [ 32.803102755000054, 34.759121819000029 ], [ 32.80532882600005, 34.742553041000065 ], [ 32.80309550000004, 34.73914049900003 ], [ 32.797152161000042, 34.737406961000033 ], [ 32.793782091000026, 34.732126898000047 ], [ 32.773914947000037, 34.743899469000041 ], [ 32.762416, 34.739750499000024 ], [ 32.765339242000039, 34.755412056000068 ], [ 32.759099196000079, 34.759794446000058 ], [ 32.754852632000052, 34.757643171000041 ], [ 32.74876673600005, 34.760389255000064 ], [ 32.751973, 34.769367499000055 ], [ 32.762952, 34.784656999000049 ], [ 32.78478350000006, 34.800033499000051 ] ] ] ] } },
{ "type": "Feature", "properties": { "GISCO_ID": "CY_5310", "CNTR_CODE": "CY", "LAU_ID": "5310", "LAU_NAME": "Άγιος Γεώργιος Λεμεσού", "cell_coverage": [ [ 0.206 ], [ 0.1153 ] ], "xmin": 32.875, "xmax": 32.916666666666664, "ymin": 34.75, "ymax": 34.833333333333321 }, "geometry": { "type": "MultiPolygon", "coordinates": [ [ [ [ 32.905002500000023, 34.777418499000078 ], [ 32.902978173000065, 34.771979153000075 ], [ 32.889477331000023, 34.784438560000069 ], [ 32.894215966000047, 34.80389243500008 ], [ 32.891859500000066, 34.811499999000034 ], [ 32.890837256000054, 34.820132774000058 ], [ 32.90330350000005, 34.82672799900007 ], [ 32.903488500000037, 34.81666799900006 ], [ 32.90468750000008, 34.811270999000044 ], [ 32.902598434000026, 34.803086895000035 ], [ 32.905002500000023, 34.777418499000078 ] ] ] ] } },
{ "type": "Feature", "properties": { "GISCO_ID": "CY_5311", "CNTR_CODE": "CY", "LAU_ID": "5311", "LAU_NAME": "Δωρός", "cell_coverage": [ [ 0.0471, 0.1353 ], [ 0, 0.098 ] ], "xmin": 32.875, "xmax": 32.958333333333336, "ymin": 34.75, "ymax": 34.833333333333321 }, "geometry": { "type": "MultiPolygon", "coordinates": [ [ [ [ 32.903488500000037, 34.81666799900006 ], [ 32.91644549800003, 34.820070841000074 ], [ 32.926361416000077, 34.810219489000076 ], [ 32.932893, 34.79508849900003 ], [ 32.93382170600006, 34.783867622000059 ], [ 32.940954430000033, 34.778927880000026 ], [ 32.939643, 34.77415699900007 ], [ 32.926477500000033, 34.776107999000033 ], [ 32.926000585000054, 34.788279763000048 ], [ 32.919004047000044, 34.798809012000049 ], [ 32.919579122000073, 34.80966436500006 ], [ 32.911452521000058, 34.81295465200003 ], [ 32.90468750000008, 34.811270999000044 ], [ 32.903488500000037, 34.81666799900006 ] ] ] ] } },
{ "type": "Feature", "properties": { "GISCO_ID": "CY_5367", "CNTR_CODE": "CY", "LAU_ID": "5367", "LAU_NAME": "Αγρίδια", "cell_coverage": [ [ 0.1624, 0.0483 ], [ 0.0038, 0 ] ], "xmin": 32.958333333333329, "xmax": 33.041666666666664, "ymin": 34.875, "ymax": 34.958333333333321 }, "geometry": { "type": "MultiPolygon", "coordinates": [ [ [ [ 32.984128, 34.934383999000033 ], [ 32.987948961000029, 34.937486437000075 ], [ 32.996761152000033, 34.93692748400008 ], [ 33.004302500000051, 34.941488499000059 ], [ 33.007993, 34.937326499000051 ], [ 32.997773500000051, 34.916891999000029 ], [ 32.988473, 34.914813999000046 ], [ 32.991666541000029, 34.920259916000077 ], [ 32.983654, 34.924480999000025 ], [ 32.984128, 34.934383999000033 ] ] ] ] } },
{ "type": "Feature", "properties": { "GISCO_ID": "CY_5368", "CNTR_CODE": "CY", "LAU_ID": "5368", "LAU_NAME": "Χανδριά", "cell_coverage": [ [ 0.1554, 0.0161 ] ], "xmin": 32.958333333333329, "xmax": 33.041666666666664, "ymin": 34.916666666666657, "ymax": 34.958333333333321 }, "geometry": { "type": "MultiPolygon", "coordinates": [ [ [ [ 33.004302500000051, 34.941488499000059 ], [ 32.996761152000033, 34.93692748400008 ], [ 32.987948961000029, 34.937486437000075 ], [ 32.984128, 34.934383999000033 ], [ 32.982682213000032, 34.947403716000053 ], [ 32.985809, 34.953427499000043 ], [ 32.994563500000027, 34.955110499000057 ], [ 33.003103500000066, 34.946152999000049 ], [ 33.004302500000051, 34.941488499000059 ] ] ] ] } },
{ "type": "Feature", "properties": { "GISCO_ID": "CY_5369", "CNTR_CODE": "CY", "LAU_ID": "5369", "LAU_NAME": "Κυπερούντα", "cell_coverage": [ [ 0.2149, 0.3652 ] ], "xmin": 32.916666666666664, "xmax": 33.0, "ymin": 34.916666666666657, "ymax": 34.958333333333321 }, "geometry": { "type": "MultiPolygon", "coordinates": [ [ [ [ 32.982273, 34.955536499000061 ], [ 32.985809, 34.953427499000043 ], [ 32.982682213000032, 34.947403716000053 ], [ 32.984128, 34.934383999000033 ], [ 32.983654, 34.924480999000025 ], [ 32.964152290000072, 34.935140564000051 ], [ 32.933539500000052, 34.938493999000059 ], [ 32.930349, 34.94248649900004 ], [ 32.95551752700004, 34.95772717300008 ], [ 32.968322500000056, 34.955802499000072 ], [ 32.982273, 34.955536499000061 ] ] ] ] } },
{ "type": "Feature", "properties": { "GISCO_ID": "CY_6000", "CNTR_CODE": "CY", "LAU_ID": "6000", "LAU_NAME": "Πάφος", "cell_coverage": [ [ 0, 0.1091, 0.0193 ], [ 0.2346, 0.5963, 0 ], [ 0, 0.0224, 0 ] ], "xmin": 32.375, "xmax": 32.5, "ymin": 34.708333333333321, "ymax": 34.833333333333321 }, "geometry": { "type": "MultiPolygon", "coordinates": [ [ [ [ 32.434844500000054, 34.79644999900006 ], [ 32.43744739300007, 34.794457375000036 ], [ 32.449324500000046, 34.801749499000039 ], [ 32.460310500000048, 34.800457499000061 ], [ 32.464353500000072, 34.792429999000035 ], [ 32.452677857000026, 34.791635672000041 ], [ 32.449333746000036, 34.788956664000068 ], [ 32.445843842000045, 34.782365257000038 ], [ 32.448929, 34.771654499000078 ], [ 32.442002400000035, 34.762230031000058 ], [ 32.425285720000034, 34.756177492000063 ], [ 32.431284754000046, 34.749399138000058 ], [ 32.425964500000077, 34.743192499000031 ], [ 32.41613919200006, 34.754924731000074 ], [ 32.402643706000049, 34.755332959000043 ], [ 32.405823611000073, 34.765957982000032 ], [ 32.400986500000045, 34.784649999000067 ], [ 32.423534, 34.789093499000046 ], [ 32.434820500000058, 34.796512999000072 ], [ 32.434844500000054, 34.79644999900006 ] ] ] ] } },
{ "type": "Feature", "properties": { "GISCO_ID": "CY_6010", "CNTR_CODE": "CY", "LAU_ID": "6010", "LAU_NAME": "Γεροσκήπου", "cell_coverage": [ [ 0.258, 0.1708 ], [ 0.2654, 0.1417 ] ], "xmin": 32.416666666666664, "xmax": 32.5, "ymin": 34.708333333333321, "ymax": 34.791666666666657 }, "geometry": { "type": "MultiPolygon", "coordinates": [ [ [ [ 32.448929, 34.771654499000078 ], [ 32.474521, 34.765820499000029 ], [ 32.466649188000076, 34.757265075000078 ], [ 32.476443500000073, 34.754596499000058 ], [ 32.488718500000061, 34.753032499000028 ], [ 32.482184500000074, 34.744331499000054 ], [ 32.471748997000077, 34.745257947000027 ], [ 32.463773177000064, 34.733833691000029 ], [ 32.455696, 34.72931199900006 ], [ 32.446103921000031, 34.735194526000043 ], [ 32.435311021000075, 34.735522798000034 ], [ 32.425964500000077, 34.743192499000031 ], [ 32.431284754000046, 34.749399138000058 ], [ 32.425285720000034, 34.756177492000063 ], [ 32.442002400000035, 34.762230031000058 ], [ 32.448929, 34.771654499000078 ] ] ] ] } },
{ "type": "Feature", "properties": { "GISCO_ID": "CY_6011", "CNTR_CODE": "CY", "LAU_ID": "6011", "LAU_NAME": "Κονιά", "cell_coverage": [ [ 0.0005, 0.0022 ], [ 0.1255, 0.2291 ] ], "xmin": 32.416666666666664, "xmax": 32.5, "ymin": 34.75, "ymax": 34.833333333333321 }, "geometry": { "type": "MultiPolygon", "coordinates": [ [ [ [ 32.464353500000072, 34.792429999000035 ], [ 32.473751699000047, 34.785440209000058 ], [ 32.479176500000051, 34.770899999000051 ], [ 32.474521, 34.765820499000029 ], [ 32.448929, 34.771654499000078 ], [ 32.445843842000045, 34.782365257000038 ], [ 32.449333746000036, 34.788956664000068 ], [ 32.452677857000026, 34.791635672000041 ], [ 32.464353500000072, 34.792429999000035 ] ] ] ] } },
{ "type": "Feature", "properties": { "GISCO_ID": "CY_6012", "CNTR_CODE": "CY", "LAU_ID": "6012", "LAU_NAME": "Αγία Μαρινούδα", "cell_coverage": [ [ 0.0793 ] ], "xmin": 32.458333333333329, "xmax": 32.5, "ymin": 34.75, "ymax": 34.791666666666657 }, "geometry": { "type": "MultiPolygon", "coordinates": [ [ [ [ 32.479176500000051, 34.770899999000051 ], [ 32.484195306000061, 34.761153591000038 ], [ 32.476443500000073, 34.754596499000058 ], [ 32.466649188000076, 34.757265075000078 ], [ 32.474521, 34.765820499000029 ], [ 32.479176500000051, 34.770899999000051 ] ] ] ] } },
{ "type": "Feature", "properties": { "GISCO_ID": "CY_6014", "CNTR_CODE": "CY", "LAU_ID": "6014", "LAU_NAME": "Αχέλεια", "cell_coverage": [ [ 0.0026, 0.549 ], [ 0, 0.0002 ] ], "xmin": 32.416666666666664, "xmax": 32.5, "ymin": 34.66666666666665, "ymax": 34.75 }, "geometry": { "type": "MultiPolygon", "coordinates": [ [ [ [ 32.489006500000073, 34.707824499000026 ], [ 32.480007165000075, 34.710934988000076 ], [ 32.455696, 34.72931199900006 ], [ 32.463773177000064, 34.733833691000029 ], [ 32.471748997000077, 34.745257947000027 ], [ 32.482184500000074, 34.744331499000054 ], [ 32.498317, 34.744448999000042 ], [ 32.498664433000044, 34.731767822000052 ], [ 32.491248066000026, 34.722578134000059 ], [ 32.489006500000073, 34.707824499000026 ] ] ] ] } },
{ "type": "Feature", "properties": { "GISCO_ID": "CY_4112", "CNTR_CODE": "CY", "LAU_ID": "4112", "LAU_NAME": "Τερσεφάνου", "cell_coverage": [ [ 0.0108, 0.1302 ], [ 0.4063, 0.5332 ] ], "xmin": 33.5, "xmax": 33.583333333333336, "ymin": 34.833333333333321, "ymax": 34.916666666666657 }, "geometry": { "type": "MultiPolygon", "coordinates": [ [ [ [ 33.553846, 34.889131999000028 ], [ 33.561806817000047, 34.887574021000034 ], [ 33.560611367000035, 34.880862878000073 ], [ 33.567057379000062, 34.88093695200007 ], [ 33.566523500000073, 34.872986499000035 ], [ 33.571562958000072, 34.861306236000075 ], [ 33.558549500000026, 34.840925999000035 ], [ 33.546154375000071, 34.833499096000025 ], [ 33.533773500000052, 34.833949999000026 ], [ 33.52260379300003, 34.842977649000034 ], [ 33.520088, 34.852651999000045 ], [ 33.522485500000073, 34.865500499000063 ], [ 33.545207980000043, 34.883160556000064 ], [ 33.55185466000006, 34.881640855000057 ], [ 33.553846, 34.889131999000028 ] ] ] ] } },
{ "type": "Feature", "properties": { "GISCO_ID": "CY_4113", "CNTR_CODE": "CY", "LAU_ID": "4113", "LAU_NAME": "Σοφτάδες", "cell_coverage": [ [ 0.0022, 0.0311 ], [ 0.1846, 0.1788 ] ], "xmin": 33.5, "xmax": 33.583333333333336, "ymin": 34.79166666666665, "ymax": 34.875 }, "geometry": { "type": "MultiPolygon", "coordinates": [ [ [ [ 33.530547500000068, 34.802628999000035 ], [ 33.523616936000053, 34.812343939000073 ], [ 33.533111632000043, 34.825648209000065 ], [ 33.533773500000052, 34.833949999000026 ], [ 33.546154375000071, 34.833499096000025 ], [ 33.558549500000026, 34.840925999000035 ], [ 33.561552500000062, 34.822731499000042 ], [ 33.563612500000033, 34.820340499000054 ], [ 33.543476118000058, 34.815522030000068 ], [ 33.530547500000068, 34.802628999000035 ] ] ] ] } },
{ "type": "Feature", "properties": { "GISCO_ID": "CY_6204", "CNTR_CODE": "CY", "LAU_ID": "6204", "LAU_NAME": "Μαμώνια", "cell_coverage": [ [ 0.1766, 0.2774 ] ], "xmin": 32.583333333333329, "xmax": 32.666666666666664, "ymin": 34.75, "ymax": 34.791666666666657 }, "geometry": { "type": "MultiPolygon", "coordinates": [ [ [ [ 32.64819250000005, 34.75996899900008 ], [ 32.644109806000074, 34.757556430000079 ], [ 32.632947874000024, 34.757866164000063 ], [ 32.627113652000048, 34.762635669000076 ], [ 32.621412970000051, 34.762862981000069 ], [ 32.6133, 34.752692499000034 ], [ 32.603651500000069, 34.757857999000066 ], [ 32.600675946000024, 34.761686964000035 ], [ 32.607058, 34.773463499000059 ], [ 32.612173407000057, 34.770744390000061 ], [ 32.623620706000054, 34.771103570000037 ], [ 32.627132816000028, 34.77724745200004 ], [ 32.63602, 34.781581999000025 ], [ 32.643565271000057, 34.774093784000058 ], [ 32.652769, 34.774724999000057 ], [ 32.651464020000049, 34.762106055000061 ], [ 32.64819250000005, 34.75996899900008 ] ] ] ] } },
{ "type": "Feature", "properties": { "GISCO_ID": "CY_6205", "CNTR_CODE": "CY", "LAU_ID": "6205", "LAU_NAME": "Άγιος Γεώργιος Πάφου", "cell_coverage": [ [ 0.0102, 0 ], [ 0.2409, 0.0122 ] ], "xmin": 32.625, "xmax": 32.708333333333336, "ymin": 34.75, "ymax": 34.833333333333321 }, "geometry": { "type": "MultiPolygon", "coordinates": [ [ [ [ 32.639658500000053, 34.790739999000039 ], [ 32.65616250000005, 34.794295999000042 ], [ 32.659088940000061, 34.787946580000039 ], [ 32.666894119000062, 34.786607581000055 ], [ 32.671528, 34.77918949900004 ], [ 32.665548500000057, 34.777992999000048 ], [ 32.659620500000074, 34.776077499000053 ], [ 32.652769, 34.774724999000057 ], [ 32.643565271000057, 34.774093784000058 ], [ 32.63602, 34.781581999000025 ], [ 32.639658500000053, 34.790739999000039 ] ] ] ] } },
{ "type": "Feature", "properties": { "GISCO_ID": "CY_6206", "CNTR_CODE": "CY", "LAU_ID": "6206", "LAU_NAME": "Σταυροκόννου", "cell_coverage": [ [ 0.1211, 0.0141 ], [ 0.2898, 0.0935 ] ], "xmin": 32.583333333333329, "xmax": 32.666666666666664, "ymin": 34.75, "ymax": 34.833333333333321 }, "geometry": { "type": "MultiPolygon", "coordinates": [ [ [ [ 32.639658500000053, 34.790739999000039 ], [ 32.63602, 34.781581999000025 ], [ 32.627132816000028, 34.77724745200004 ], [ 32.623620706000054, 34.771103570000037 ], [ 32.612173407000057, 34.770744390000061 ], [ 32.607058, 34.773463499000059 ], [ 32.598904514000026, 34.785080967000056 ], [ 32.590756500000055, 34.787377999000057 ], [ 32.591293, 34.788124999000047 ], [ 32.594938015000025, 34.793400242000075 ], [ 32.608043, 34.801620999000079 ], [ 32.610954, 34.805880999000067 ], [ 32.613244559000066, 34.79978550800007 ], [ 32.639658500000053, 34.790739999000039 ] ] ] ] } },
{ "type": "Feature", "properties": { "GISCO_ID": "CY_6207", "CNTR_CODE": "CY", "LAU_ID": "6207", "LAU_NAME": "Πραστιό Πάφου", "cell_coverage": [ [ 0.0494 ], [ 0.2978 ] ], "xmin": 32.666666666666664, "xmax": 32.708333333333329, "ymin": 34.75, "ymax": 34.833333333333321 }, "geometry": { "type": "MultiPolygon", "coordinates": [ [ [ [ 32.706048500000065, 34.799154999000052 ], [ 32.701966735000042, 34.793478556000025 ], [ 32.70505573500003, 34.790819143000078 ], [ 32.706472, 34.782672999000056 ], [ 32.696916991000023, 34.768832575000033 ], [ 32.684813, 34.765419999000073 ], [ 32.678522652000026, 34.777677838000045 ], [ 32.671528, 34.77918949900004 ], [ 32.68809015100004, 34.787586109000074 ], [ 32.700157500000046, 34.80267199900004 ], [ 32.706048500000065, 34.799154999000052 ] ] ] ] } },
{ "type": "Feature", "properties": { "GISCO_ID": "CY_6208", "CNTR_CODE": "CY", "LAU_ID": "6208", "LAU_NAME": "Τραχυπέδουλα", "cell_coverage": [ [ 0.0585, 0.3279 ], [ 0.0209, 0.1069 ] ], "xmin": 32.625, "xmax": 32.708333333333336, "ymin": 34.75, "ymax": 34.833333333333321 }, "geometry": { "type": "MultiPolygon", "coordinates": [ [ [ [ 32.671219, 34.814895499000045 ], [ 32.67780129700003, 34.809275445000026 ], [ 32.69554450000004, 34.81046199900004 ], [ 32.700157500000046, 34.80267199900004 ], [ 32.68809015100004, 34.787586109000074 ], [ 32.671528, 34.77918949900004 ], [ 32.666894119000062, 34.786607581000055 ], [ 32.659088940000061, 34.787946580000039 ], [ 32.65616250000005, 34.794295999000042 ], [ 32.671219, 34.814895499000045 ] ] ] ] } },
{ "type": "Feature", "properties": { "GISCO_ID": "CY_6210", "CNTR_CODE": "CY", "LAU_ID": "6210", "LAU_NAME": "Κελοκέδαρα", "cell_coverage": [ [ 0, 0.016, 0 ], [ 0.1142, 0.8465, 0.047 ], [ 0, 0.0019, 0 ] ], "xmin": 32.583333333333329, "xmax": 32.708333333333329, "ymin": 34.75, "ymax": 34.875 }, "geometry": { "type": "MultiPolygon", "coordinates": [ [ [ [ 32.636856, 34.831093999000075 ], [ 32.64298, 34.837020499000062 ], [ 32.669440296000062, 34.828339421000067 ], [ 32.67254656800003, 34.823838151000075 ], [ 32.671219, 34.814895499000045 ], [ 32.65616250000005, 34.794295999000042 ], [ 32.639658500000053, 34.790739999000039 ], [ 32.613244559000066, 34.79978550800007 ], [ 32.610954, 34.805880999000067 ], [ 32.636856, 34.831093999000075 ] ] ] ] } },
{ "type": "Feature", "properties": { "GISCO_ID": "CY_6211", "CNTR_CODE": "CY", "LAU_ID": "6211", "LAU_NAME": "Σαλαμιού", "cell_coverage": [ [ 0.1604, 0.3269, 0.0001 ], [ 0.0146, 0.4036, 0 ] ], "xmin": 32.625, "xmax": 32.75, "ymin": 34.79166666666665, "ymax": 34.875 }, "geometry": { "type": "MultiPolygon", "coordinates": [ [ [ [ 32.705807, 34.830374999000071 ], [ 32.705798500000071, 34.829799999000045 ], [ 32.702785702000028, 34.821668251000062 ], [ 32.69720518400004, 34.817504900000074 ], [ 32.69554450000004, 34.81046199900004 ], [ 32.67780129700003, 34.809275445000026 ], [ 32.671219, 34.814895499000045 ], [ 32.67254656800003, 34.823838151000075 ], [ 32.669440296000062, 34.828339421000067 ], [ 32.64298, 34.837020499000062 ], [ 32.645935500000064, 34.837930499000038 ], [ 32.648319500000071, 34.83952399900005 ], [ 32.649984500000073, 34.841226999000071 ], [ 32.652455, 34.845141999000077 ], [ 32.654006500000037, 34.846924499000067 ], [ 32.662576500000057, 34.852830499000049 ], [ 32.682937825000067, 34.845177125000077 ], [ 32.693702500000029, 34.850023499000031 ], [ 32.707713004000027, 34.842875298000024 ], [ 32.708604739000066, 34.839569535000066 ], [ 32.702836838000053, 34.833778573000075 ], [ 32.705807, 34.830374999000071 ] ] ] ] } },
{ "type": "Feature", "properties": { "GISCO_ID": "CY_6212", "CNTR_CODE": "CY", "LAU_ID": "6212", "LAU_NAME": "Κιδάσι", "cell_coverage": [ [ 0.1434, 0.1939 ] ], "xmin": 32.666666666666664, "xmax": 32.75, "ymin": 34.791666666666657, "ymax": 34.833333333333321 }, "geometry": { "type": "MultiPolygon", "coordinates": [ [ [ [ 32.721148, 34.80381649900005 ], [ 32.718909084000074, 34.801008110000055 ], [ 32.712380255000028, 34.802437514000076 ], [ 32.706048500000065, 34.799154999000052 ], [ 32.700157500000046, 34.80267199900004 ], [ 32.69554450000004, 34.81046199900004 ], [ 32.69720518400004, 34.817504900000074 ], [ 32.702785702000028, 34.821668251000062 ], [ 32.705798500000071, 34.829799999000045 ], [ 32.727932500000065, 34.819207499000072 ], [ 32.720507349000059, 34.81158391200006 ], [ 32.721148, 34.80381649900005 ] ] ] ] } },
{ "type": "Feature", "properties": { "GISCO_ID": "CY_6213", "CNTR_CODE": "CY", "LAU_ID": "6213", "LAU_NAME": "Κέδαρες", "cell_coverage": [ [ 0, 0.095 ], [ 0.0028, 0.1875 ] ], "xmin": 32.666666666666664, "xmax": 32.75, "ymin": 34.79166666666665, "ymax": 34.875 }, "geometry": { "type": "MultiPolygon", "coordinates": [ [ [ [ 32.727932500000065, 34.819207499000072 ], [ 32.705798500000071, 34.829799999000045 ], [ 32.705807, 34.830374999000071 ], [ 32.714571182000043, 34.835474619000024 ], [ 32.72244, 34.835962499000061 ], [ 32.731247130000042, 34.841560119000064 ], [ 32.740820932000076, 34.842004358000054 ], [ 32.743981081000072, 34.833195586000045 ], [ 32.736635, 34.823305499000071 ], [ 32.727932500000065, 34.819207499000072 ] ] ] ] } },
{ "type": "Feature", "properties": { "GISCO_ID": "CY_5312", "CNTR_CODE": "CY", "LAU_ID": "5312", "LAU_NAME": "Λάνεια", "cell_coverage": [ [ 0.0235, 0.0505 ], [ 0.1134, 0.2666 ] ], "xmin": 32.875, "xmax": 32.958333333333336, "ymin": 34.79166666666665, "ymax": 34.875 }, "geometry": { "type": "MultiPolygon", "coordinates": [ [ [ [ 32.90330350000005, 34.82672799900007 ], [ 32.904082, 34.834754499000042 ], [ 32.920969150000076, 34.839621759000067 ], [ 32.92735650000003, 34.83888199900008 ], [ 32.933262875000025, 34.836424542000032 ], [ 32.933328, 34.822389499000053 ], [ 32.937087179000059, 34.818030152000063 ], [ 32.937540832000025, 34.809799426000041 ], [ 32.932893, 34.79508849900003 ], [ 32.926361416000077, 34.810219489000076 ], [ 32.91644549800003, 34.820070841000074 ], [ 32.903488500000037, 34.81666799900006 ], [ 32.90330350000005, 34.82672799900007 ] ] ] ] } },
{ "type": "Feature", "properties": { "GISCO_ID": "CY_5313", "CNTR_CODE": "CY", "LAU_ID": "5313", "LAU_NAME": "Σιλίκου", "cell_coverage": [ [ 0.0092, 0.1725 ], [ 0.0092, 0.2179 ] ], "xmin": 32.833333333333329, "xmax": 32.916666666666664, "ymin": 34.79166666666665, "ymax": 34.875 }, "geometry": { "type": "MultiPolygon", "coordinates": [ [ [ [ 32.883866, 34.848385999000072 ], [ 32.893399500000044, 34.844792999000049 ], [ 32.904082, 34.834754499000042 ], [ 32.90330350000005, 34.82672799900007 ], [ 32.890837256000054, 34.820132774000058 ], [ 32.891859500000066, 34.811499999000034 ], [ 32.878045752000048, 34.819441038000036 ], [ 32.877989541000034, 34.823893865000059 ], [ 32.869896500000038, 34.833086999000045 ], [ 32.880448500000057, 34.84707049900004 ], [ 32.883866, 34.848385999000072 ] ] ] ] } },
{ "type": "Feature", "properties": { "GISCO_ID": "CY_5314", "CNTR_CODE": "CY", "LAU_ID": "5314", "LAU_NAME": "Μονάγρι", "cell_coverage": [ [ 0.1556, 0.0368 ], [ 0.1074, 0.0825 ] ], "xmin": 32.875, "xmax": 32.958333333333336, "ymin": 34.75, "ymax": 34.833333333333321 }, "geometry": { "type": "MultiPolygon", "coordinates": [ [ [ [ 32.90468750000008, 34.811270999000044 ], [ 32.911452521000058, 34.81295465200003 ], [ 32.919579122000073, 34.80966436500006 ], [ 32.919004047000044, 34.798809012000049 ], [ 32.926000585000054, 34.788279763000048 ], [ 32.926477500000033, 34.776107999000033 ], [ 32.906513500000074, 34.776540999000076 ], [ 32.905002500000023, 34.777418499000078 ], [ 32.902598434000026, 34.803086895000035 ], [ 32.90468750000008, 34.811270999000044 ] ] ] ] } },
{ "type": "Feature", "properties": { "GISCO_ID": "CY_5315", "CNTR_CODE": "CY", "LAU_ID": "5315", "LAU_NAME": "Τριμήκληνη", "cell_coverage": [ [ 0.258, 0.2012 ] ], "xmin": 32.875, "xmax": 32.958333333333336, "ymin": 34.833333333333321, "ymax": 34.875 }, "geometry": { "type": "MultiPolygon", "coordinates": [ [ [ [ 32.896276, 34.860072499000069 ], [ 32.908888291000039, 34.855521294000027 ], [ 32.920192, 34.874236499000062 ], [ 32.927521, 34.869087499000045 ], [ 32.92735650000003, 34.83888199900008 ], [ 32.920969150000076, 34.839621759000067 ], [ 32.904082, 34.834754499000042 ], [ 32.893399500000044, 34.844792999000049 ], [ 32.899066191000031, 34.854917701000034 ], [ 32.896276, 34.860072499000069 ] ] ] ] } },
{ "type": "Feature", "properties": { "GISCO_ID": "CY_5316", "CNTR_CODE": "CY", "LAU_ID": "5316", "LAU_NAME": "Άγιος Μάμας", "cell_coverage": [ [ 0.6035, 0.1843 ], [ 0.0869, 0 ] ], "xmin": 32.916666666666664, "xmax": 33.0, "ymin": 34.79166666666665, "ymax": 34.875 }, "geometry": { "type": "MultiPolygon", "coordinates": [ [ [ [ 32.952778500000079, 34.821574499000064 ], [ 32.933328, 34.822389499000053 ], [ 32.933262875000025, 34.836424542000032 ], [ 32.92735650000003, 34.83888199900008 ], [ 32.927521, 34.869087499000045 ], [ 32.933206464000079, 34.872301426000035 ], [ 32.94720576900005, 34.871641708000027 ], [ 32.974789816000055, 34.85831479400008 ], [ 32.978342, 34.849232999000037 ], [ 32.978580500000078, 34.848944999000025 ], [ 32.97265150000004, 34.844107499000074 ], [ 32.957451230000061, 34.844184976000065 ], [ 32.945088870000063, 34.833824380000067 ], [ 32.943360231000042, 34.829561961000024 ], [ 32.952778500000079, 34.821574499000064 ] ] ] ] } },
{ "type": "Feature", "properties": { "GISCO_ID": "CY_3330", "CNTR_CODE": "CY", "LAU_ID": "3330", "LAU_NAME": "Άγιος Θεόδωρος Αμμοχώστου", "cell_coverage": [ [ 0.1192, 0.0246 ], [ 0.64, 0.5066 ], [ 0.1292, 0.1006 ] ], "xmin": 34.0, "xmax": 34.083333333333336, "ymin": 35.291666666666657, "ymax": 35.416666666666657 }, "geometry": { "type": "MultiPolygon", "coordinates": [ [ [ [ 34.016268500000024, 35.352572999000074 ], [ 34.01890291400008, 35.356894709000073 ], [ 34.007826024000053, 35.368635518000076 ], [ 34.009402500000078, 35.372423999000034 ], [ 34.012642, 35.376691999000059 ], [ 34.028497500000071, 35.383651999000051 ], [ 34.042955, 35.385306999000079 ], [ 34.043664109000076, 35.382622060000074 ], [ 34.06207270200008, 35.359513159000073 ], [ 34.059968948000062, 35.353419870000039 ], [ 34.061582714000053, 35.348676978000071 ], [ 34.075063500000056, 35.34273599900007 ], [ 34.07016670400003, 35.332839990000025 ], [ 34.063102614000059, 35.327557567000042 ], [ 34.028974342000026, 35.323315410000077 ], [ 34.019529, 35.322095499000056 ], [ 34.016268500000024, 35.352572999000074 ] ] ] ] } },
{ "type": "Feature", "properties": { "GISCO_ID": "CY_3331", "CNTR_CODE": "CY", "LAU_ID": "3331", "LAU_NAME": "Βοκολίδα", "cell_coverage": [ [ 0.2929, 0.0676 ], [ 0.3555, 0.0087 ] ], "xmin": 34.041666666666664, "xmax": 34.125, "ymin": 35.333333333333321, "ymax": 35.416666666666657 }, "geometry": { "type": "MultiPolygon", "coordinates": [ [ [ [ 34.075063500000056, 35.34273599900007 ], [ 34.061582714000053, 35.348676978000071 ], [ 34.059968948000062, 35.353419870000039 ], [ 34.06207270200008, 35.359513159000073 ], [ 34.043664109000076, 35.382622060000074 ], [ 34.063490468000055, 35.393259316000069 ], [ 34.075329967000073, 35.387265451000076 ], [ 34.099294500000042, 35.384419499000046 ], [ 34.080424133000065, 35.367037382000035 ], [ 34.075063500000056, 35.34273599900007 ] ] ] ] } },
{ "type": "Feature", "properties": { "GISCO_ID": "CY_3332", "CNTR_CODE": "CY", "LAU_ID": "3332", "LAU_NAME": "Ταύρου", "cell_coverage": [ [ 0.2749, 0.1753 ] ], "xmin": 34.041666666666664, "xmax": 34.125, "ymin": 35.375, "ymax": 35.416666666666657 }, "geometry": { "type": "MultiPolygon", "coordinates": [ [ [ [ 34.043664109000076, 35.382622060000074 ], [ 34.042955, 35.385306999000079 ], [ 34.052098929000067, 35.388685427000041 ], [ 34.047957500000052, 35.394172999000034 ], [ 34.052355419000037, 35.398461762000068 ], [ 34.071459060000052, 35.405411388000061 ], [ 34.080922202000068, 35.406523495000044 ], [ 34.084047739000027, 35.402491248000047 ], [ 34.096734500000025, 35.401582499000028 ], [ 34.102067496000075, 35.396946099000047 ], [ 34.10350150000005, 35.38834999900007 ], [ 34.099294500000042, 35.384419499000046 ], [ 34.075329967000073, 35.387265451000076 ], [ 34.063490468000055, 35.393259316000069 ], [ 34.043664109000076, 35.382622060000074 ] ] ] ] } },
{ "type": "Feature", "properties": { "GISCO_ID": "CY_3333", "CNTR_CODE": "CY", "LAU_ID": "3333", "LAU_NAME": "Άγιος Ευστάθιος", "cell_coverage": [ [ 0.1374 ] ], "xmin": 34.0, "xmax": 34.041666666666664, "ymin": 35.375, "ymax": 35.416666666666657 }, "geometry": { "type": "MultiPolygon", "coordinates": [ [ [ [ 34.028497500000071, 35.383651999000051 ], [ 34.012642, 35.376691999000059 ], [ 34.008053825000047, 35.390539840000031 ], [ 34.019386500000053, 35.395784999000057 ], [ 34.027894096000068, 35.388886200000059 ], [ 34.028497500000071, 35.383651999000051 ] ] ] ] } },
{ "type": "Feature", "properties": { "GISCO_ID": "CY_3334", "CNTR_CODE": "CY", "LAU_ID": "3334", "LAU_NAME": "Λιβάδια Αμμοχώστου", "cell_coverage": [ [ 0.257, 0.0772 ] ], "xmin": 34.0, "xmax": 34.083333333333336, "ymin": 35.375, "ymax": 35.416666666666657 }, "geometry": { "type": "MultiPolygon", "coordinates": [ [ [ [ 34.047957500000052, 35.394172999000034 ], [ 34.052098929000067, 35.388685427000041 ], [ 34.042955, 35.385306999000079 ], [ 34.028497500000071, 35.383651999000051 ], [ 34.027894096000068, 35.388886200000059 ], [ 34.019386500000053, 35.395784999000057 ], [ 34.019518062000031, 35.405590164000046 ], [ 34.028974342000026, 35.409333919000062 ], [ 34.031543, 35.408619499000054 ], [ 34.034824944000036, 35.40543617000003 ], [ 34.041284339000072, 35.409127714000078 ], [ 34.045102901000064, 35.407754239000042 ], [ 34.047957500000052, 35.394172999000034 ] ] ] ] } },
{ "type": "Feature", "properties": { "GISCO_ID": "CY_3335", "CNTR_CODE": "CY", "LAU_ID": "3335", "LAU_NAME": "Κρίδεια", "cell_coverage": [ [ 0.3804, 0.275 ], [ 0, 0.0338 ] ], "xmin": 33.916666666666664, "xmax": 34.0, "ymin": 35.333333333333321, "ymax": 35.416666666666657 }, "geometry": { "type": "MultiPolygon", "coordinates": [ [ [ [ 33.92863, 35.409020499000064 ], [ 33.937752, 35.413765499000078 ], [ 33.947225500000059, 35.415940999000043 ], [ 33.952015584000037, 35.410766171000034 ], [ 33.977964943000075, 35.397392401000047 ], [ 33.974084101000074, 35.383731308000051 ], [ 33.975538, 35.376912999000069 ], [ 33.968768, 35.365420999000037 ], [ 33.965511, 35.366781499000069 ], [ 33.964709836000054, 35.376596945000074 ], [ 33.957832373000031, 35.375733639000032 ], [ 33.95346900800007, 35.378273252000042 ], [ 33.944930099000032, 35.387945301000059 ], [ 33.943719605000069, 35.393061205000038 ], [ 33.935752064000042, 35.395975905000057 ], [ 33.92863, 35.409020499000064 ] ] ] ] } },
{ "type": "Feature", "properties": { "GISCO_ID": "CY_4120", "CNTR_CODE": "CY", "LAU_ID": "4120", "LAU_NAME": "Μαζωτός", "cell_coverage": [ [ 0.4032, 0.1796 ], [ 0.2153, 0.0154 ] ], "xmin": 33.458333333333329, "xmax": 33.541666666666664, "ymin": 34.75, "ymax": 34.833333333333321 }, "geometry": { "type": "MultiPolygon", "coordinates": [ [ [ [ 33.491092, 34.821735499000056 ], [ 33.496975732000067, 34.820763886000066 ], [ 33.500655949000077, 34.812559959000055 ], [ 33.508362545000068, 34.810447619000058 ], [ 33.520260988000075, 34.801040424000064 ], [ 33.525831, 34.800862499000061 ], [ 33.500895922000041, 34.786699012000042 ], [ 33.494243249000078, 34.777576859000078 ], [ 33.470507, 34.775856999000041 ], [ 33.473222, 34.785639499000069 ], [ 33.475678287000051, 34.788795765000032 ], [ 33.472638222000057, 34.799733244000038 ], [ 33.478608152000049, 34.813696420000042 ], [ 33.477501, 34.819739499000036 ], [ 33.491092, 34.821735499000056 ] ] ] ] } },
{ "type": "Feature", "properties": { "GISCO_ID": "CY_4121", "CNTR_CODE": "CY", "LAU_ID": "4121", "LAU_NAME": "Αλαμινός", "cell_coverage": [ [ 0.0001, 0.4146, 0.0002 ], [ 0, 0.037, 0.1058 ] ], "xmin": 33.375, "xmax": 33.5, "ymin": 34.75, "ymax": 34.833333333333321 }, "geometry": { "type": "MultiPolygon", "coordinates": [ [ [ [ 33.436781, 34.82374149900005 ], [ 33.44152682400005, 34.817033031000051 ], [ 33.450165342000048, 34.81319127200004 ], [ 33.457108969000046, 34.800599813000076 ], [ 33.457939129000067, 34.791826695000054 ], [ 33.464724702000069, 34.791628759000048 ], [ 33.473222, 34.785639499000069 ], [ 33.470507, 34.775856999000041 ], [ 33.459596500000032, 34.773118499000077 ], [ 33.46335747300003, 34.779229712000074 ], [ 33.458590568000034, 34.783692528000074 ], [ 33.442098237000039, 34.79160358300004 ], [ 33.44105361000004, 34.796517592000043 ], [ 33.428804659000036, 34.798020422000036 ], [ 33.424049594000053, 34.80597726700006 ], [ 33.41623050000004, 34.807710999000051 ], [ 33.424714850000043, 34.813619904000063 ], [ 33.426302857000053, 34.818800348000025 ], [ 33.436781, 34.82374149900005 ] ] ] ] } },
{ "type": "Feature", "properties": { "GISCO_ID": "CY_4122", "CNTR_CODE": "CY", "LAU_ID": "4122", "LAU_NAME": "Αναφωτίδα", "cell_coverage": [ [ 0, 0.0085 ], [ 0.2292, 0.3857 ], [ 0, 0.0205 ] ], "xmin": 33.416666666666664, "xmax": 33.5, "ymin": 34.75, "ymax": 34.875 }, "geometry": { "type": "MultiPolygon", "coordinates": [ [ [ [ 33.436427500000036, 34.824638499000059 ], [ 33.446301, 34.832273999000051 ], [ 33.458590568000034, 34.833280977000072 ], [ 33.466405, 34.83635349900004 ], [ 33.471790575000057, 34.828359509000052 ], [ 33.472136996000074, 34.82284271900005 ], [ 33.477501, 34.819739499000036 ], [ 33.478608152000049, 34.813696420000042 ], [ 33.472638222000057, 34.799733244000038 ], [ 33.475678287000051, 34.788795765000032 ], [ 33.473222, 34.785639499000069 ], [ 33.464724702000069, 34.791628759000048 ], [ 33.457939129000067, 34.791826695000054 ], [ 33.457108969000046, 34.800599813000076 ], [ 33.450165342000048, 34.81319127200004 ], [ 33.44152682400005, 34.817033031000051 ], [ 33.436781, 34.82374149900005 ], [ 33.436427500000036, 34.824638499000059 ] ] ] ] } },
{ "type": "Feature", "properties": { "GISCO_ID": "CY_4123", "CNTR_CODE": "CY", "LAU_ID": "4123", "LAU_NAME": "Απλάντα", "cell_coverage": [ [ 0.0344 ], [ 0.1421 ] ], "xmin": 33.458333333333329, "xmax": 33.5, "ymin": 34.79166666666665, "ymax": 34.875 }, "geometry": { "type": "MultiPolygon", "coordinates": [ [ [ [ 33.482429, 34.837068999000053 ], [ 33.492657, 34.828808999000046 ], [ 33.491092, 34.821735499000056 ], [ 33.477501, 34.819739499000036 ], [ 33.472136996000074, 34.82284271900005 ], [ 33.471790575000057, 34.828359509000052 ], [ 33.466405, 34.83635349900004 ], [ 33.482429, 34.837068999000053 ] ] ] ] } },
{ "type": "Feature", "properties": { "GISCO_ID": "CY_4124", "CNTR_CODE": "CY", "LAU_ID": "4124", "LAU_NAME": "Κιβισίλι", "cell_coverage": [ [ 0.0391, 0.2496 ], [ 0.0593, 0.4598 ] ], "xmin": 33.458333333333329, "xmax": 33.541666666666664, "ymin": 34.79166666666665, "ymax": 34.875 }, "geometry": { "type": "MultiPolygon", "coordinates": [ [ [ [ 33.492657, 34.828808999000046 ], [ 33.49420036500004, 34.830675576000033 ], [ 33.491330680000033, 34.836337447000062 ], [ 33.498271987000066, 34.844669228000043 ], [ 33.514914502000067, 34.853105949000053 ], [ 33.520088, 34.852651999000045 ], [ 33.52260379300003, 34.842977649000034 ], [ 33.533773500000052, 34.833949999000026 ], [ 33.533111632000043, 34.825648209000065 ], [ 33.523616936000053, 34.812343939000073 ], [ 33.530547500000068, 34.802628999000035 ], [ 33.525831, 34.800862499000061 ], [ 33.520260988000075, 34.801040424000064 ], [ 33.508362545000068, 34.810447619000058 ], [ 33.500655949000077, 34.812559959000055 ], [ 33.496975732000067, 34.820763886000066 ], [ 33.491092, 34.821735499000056 ], [ 33.492657, 34.828808999000046 ] ] ] ] } },
{ "type": "Feature", "properties": { "GISCO_ID": "CY_4125", "CNTR_CODE": "CY", "LAU_ID": "4125", "LAU_NAME": "Αλεθρικό", "cell_coverage": [ [ 0.2084, 0.0532 ], [ 0.4948, 0.2949 ], [ 0.0095, 0 ] ], "xmin": 33.458333333333329, "xmax": 33.541666666666664, "ymin": 34.791666666666657, "ymax": 34.916666666666657 }, "geometry": { "type": "MultiPolygon", "coordinates": [ [ [ [ 33.463677500000074, 34.883158999000045 ], [ 33.468751500000053, 34.891706999000064 ], [ 33.489412121000043, 34.88136365400004 ], [ 33.499018944000056, 34.883880710000028 ], [ 33.507906869000067, 34.879542652000055 ], [ 33.514789404000055, 34.880290330000037 ], [ 33.522485500000073, 34.865500499000063 ], [ 33.520088, 34.852651999000045 ], [ 33.514914502000067, 34.853105949000053 ], [ 33.498271987000066, 34.844669228000043 ], [ 33.491330680000033, 34.836337447000062 ], [ 33.49420036500004, 34.830675576000033 ], [ 33.492657, 34.828808999000046 ], [ 33.482429, 34.837068999000053 ], [ 33.482272351000063, 34.850525750000031 ], [ 33.477182262000042, 34.855157338000026 ], [ 33.474833672000045, 34.863481437000075 ], [ 33.469013009000037, 34.866422920000048 ], [ 33.47132077200007, 34.871172259000048 ], [ 33.463677500000074, 34.883158999000045 ] ] ] ] } },
{ "type": "Feature", "properties": { "GISCO_ID": "CY_1366", "CNTR_CODE": "CY", "LAU_ID": "1366", "LAU_NAME": "Μάσαρη", "cell_coverage": [ [ 0.1801, 0.0506 ] ], "xmin": 33.041666666666664, "xmax": 33.125, "ymin": 35.166666666666657, "ymax": 35.208333333333321 }, "geometry": { "type": "MultiPolygon", "coordinates": [ [ [ [ 33.082714500000066, 35.167796999000075 ], [ 33.079986573000042, 35.175922803000049 ], [ 33.072111949000032, 35.178323459000069 ], [ 33.0619, 35.18939799900005 ], [ 33.060210609000023, 35.194228428000031 ], [ 33.072404500000061, 35.195208499000046 ], [ 33.087674852000077, 35.188552472000026 ], [ 33.086839831000077, 35.184308696000073 ], [ 33.090418877000047, 35.181368509000038 ], [ 33.088589500000069, 35.176959999000076 ], [ 33.083358, 35.167774499000075 ], [ 33.082714500000066, 35.167796999000075 ] ] ] ] } },
{ "type": "Feature", "properties": { "GISCO_ID": "CY_1367", "CNTR_CODE": "CY", "LAU_ID": "1367", "LAU_NAME": "Φυλλιά", "cell_coverage": [ [ 0, 0.1752, 0 ], [ 0.0704, 0.7065, 0.0923 ] ], "xmin": 33.041666666666664, "xmax": 33.166666666666664, "ymin": 35.16666666666665, "ymax": 35.25 }, "geometry": { "type": "MultiPolygon", "coordinates": [ [ [ [ 33.107808, 35.226175999000077 ], [ 33.110705431000042, 35.212698016000047 ], [ 33.121518852000065, 35.205805148000024 ], [ 33.133245, 35.202750999000045 ], [ 33.129324064000059, 35.179012965000027 ], [ 33.120003, 35.176855499000055 ], [ 33.088589500000069, 35.176959999000076 ], [ 33.090418877000047, 35.181368509000038 ], [ 33.086839831000077, 35.184308696000073 ], [ 33.087674852000077, 35.188552472000026 ], [ 33.072404500000061, 35.195208499000046 ], [ 33.077522274000046, 35.206208182000069 ], [ 33.09043293600007, 35.209421005000024 ], [ 33.094957627000042, 35.224178595000069 ], [ 33.107808, 35.226175999000077 ] ] ] ] } },
{ "type": "Feature", "properties": { "GISCO_ID": "CY_1368", "CNTR_CODE": "CY", "LAU_ID": "1368", "LAU_NAME": "Μένικο", "cell_coverage": [ [ 0, 0.022, 0 ], [ 0.2297, 0.8886, 0.0773 ], [ 0.0239, 0.0741, 0 ] ], "xmin": 33.083333333333329, "xmax": 33.208333333333329, "ymin": 35.041666666666657, "ymax": 35.166666666666657 }, "geometry": { "type": "MultiPolygon", "coordinates": [ [ [ [ 33.111270500000046, 35.107245499000044 ], [ 33.117596411000079, 35.107184687000029 ], [ 33.122258160000058, 35.111553463000064 ], [ 33.147426799000073, 35.121953585000028 ], [ 33.156664500000034, 35.131706499000074 ], [ 33.166391479000026, 35.118702229000064 ], [ 33.168993722000039, 35.102569677000076 ], [ 33.177402116000053, 35.092772026000034 ], [ 33.176092500000038, 35.091294499000071 ], [ 33.158202287000051, 35.075801979000062 ], [ 33.145737500000052, 35.082583999000065 ], [ 33.133844430000067, 35.082402516000059 ], [ 33.124058500000046, 35.075885999000036 ], [ 33.118976777000057, 35.08121432300004 ], [ 33.111904500000037, 35.082545999000047 ], [ 33.107053500000063, 35.089259999000035 ], [ 33.111450045000026, 35.094187479000027 ], [ 33.107372187000067, 35.096778954000058 ], [ 33.111270500000046, 35.107245499000044 ] ] ] ] } },
{ "type": "Feature", "properties": { "GISCO_ID": "CY_1369", "CNTR_CODE": "CY", "LAU_ID": "1369", "LAU_NAME": "Κυρά", "cell_coverage": [ [ 0.0259, 0.4861, 0.194 ], [ 8.9774e-06, 0.2568, 0.0005 ] ], "xmin": 33.0, "xmax": 33.125, "ymin": 35.16666666666665, "ymax": 35.25 }, "geometry": { "type": "MultiPolygon", "coordinates": [ [ [ [ 33.096209, 35.231886999000039 ], [ 33.105725129000064, 35.23133051800005 ], [ 33.107808, 35.226175999000077 ], [ 33.094957627000042, 35.224178595000069 ], [ 33.09043293600007, 35.209421005000024 ], [ 33.077522274000046, 35.206208182000069 ], [ 33.072404500000061, 35.195208499000046 ], [ 33.060210609000023, 35.194228428000031 ], [ 33.0619, 35.18939799900005 ], [ 33.056487, 35.191448499000046 ], [ 33.045056173000035, 35.198932101000025 ], [ 33.042509219000067, 35.207516855000051 ], [ 33.034208500000034, 35.21402099900007 ], [ 33.037084, 35.217249499000047 ], [ 33.06536286100004, 35.227499720000026 ], [ 33.07086, 35.235951999000065 ], [ 33.074546362000035, 35.238848369000038 ], [ 33.096209, 35.231886999000039 ] ] ] ] } },
{ "type": "Feature", "properties": { "GISCO_ID": "CY_1400", "CNTR_CODE": "CY", "LAU_ID": "1400", "LAU_NAME": "Σπήλια", "cell_coverage": [ [ 0.5618, 0.0657 ], [ 0.148, 0.0093 ] ], "xmin": 32.916666666666664, "xmax": 33.0, "ymin": 34.91666666666665, "ymax": 34.999999999999986 }, "geometry": { "type": "MultiPolygon", "coordinates": [ [ [ [ 32.922667, 34.993030499000042 ], [ 32.93006650600006, 34.994893541000067 ], [ 32.949787, 34.989471999000045 ], [ 32.951687885000069, 34.983683261000067 ], [ 32.961375141000076, 34.975515709000035 ], [ 32.962650327000063, 34.968420440000045 ], [ 32.969981, 34.966043499000079 ], [ 32.965007846000049, 34.962102797000057 ], [ 32.968322500000056, 34.955802499000072 ], [ 32.95551752700004, 34.95772717300008 ], [ 32.930349, 34.94248649900004 ], [ 32.923989349000067, 34.959243571000059 ], [ 32.931605468000043, 34.969920527000056 ], [ 32.922667, 34.993030499000042 ] ] ] ] } },
{ "type": "Feature", "properties": { "GISCO_ID": "CY_6022", "CNTR_CODE": "CY", "LAU_ID": "6022", "LAU_NAME": "Έμπα", "cell_coverage": [ [ 0.0566, 0.293 ], [ 0, 0.0044 ] ], "xmin": 32.375, "xmax": 32.458333333333336, "ymin": 34.75, "ymax": 34.833333333333321 }, "geometry": { "type": "MultiPolygon", "coordinates": [ [ [ [ 32.423534, 34.789093499000046 ], [ 32.410909500000059, 34.804972999000029 ], [ 32.410895565000033, 34.813244635000046 ], [ 32.414426, 34.819493499000032 ], [ 32.416717500000061, 34.823731999000074 ], [ 32.427249500000073, 34.823690999000064 ], [ 32.435685567000064, 34.809914043000049 ], [ 32.434820500000058, 34.796512999000072 ], [ 32.423534, 34.789093499000046 ] ] ] ] } },
{ "type": "Feature", "properties": { "GISCO_ID": "CY_6023", "CNTR_CODE": "CY", "LAU_ID": "6023", "LAU_NAME": "Τρεμιθούσα", "cell_coverage": [ [ 0.0066, 0 ], [ 0.3107, 0.0047 ] ], "xmin": 32.416666666666664, "xmax": 32.5, "ymin": 34.79166666666665, "ymax": 34.875 }, "geometry": { "type": "MultiPolygon", "coordinates": [ [ [ [ 32.461014, 34.828876499000046 ], [ 32.455574291000062, 34.825003999000046 ], [ 32.454012265000074, 34.818157592000034 ], [ 32.434844500000054, 34.79644999900006 ], [ 32.434820500000058, 34.796512999000072 ], [ 32.435685567000064, 34.809914043000049 ], [ 32.427249500000073, 34.823690999000064 ], [ 32.441768053000033, 34.828931427000043 ], [ 32.448754198000074, 34.835353074000068 ], [ 32.452734500000076, 34.834274999000058 ], [ 32.457988364000073, 34.833654868000053 ], [ 32.461014, 34.828876499000046 ] ] ] ] } },
{ "type": "Feature", "properties": { "GISCO_ID": "CY_6024", "CNTR_CODE": "CY", "LAU_ID": "6024", "LAU_NAME": "Μέσα Χωριό", "cell_coverage": [ [ 0.0348, 0.1773 ] ], "xmin": 32.416666666666664, "xmax": 32.5, "ymin": 34.791666666666657, "ymax": 34.833333333333321 }, "geometry": { "type": "MultiPolygon", "coordinates": [ [ [ [ 32.460310500000048, 34.800457499000061 ], [ 32.449324500000046, 34.801749499000039 ], [ 32.455881748000024, 34.811204523000072 ], [ 32.463202412000044, 34.814763259000074 ], [ 32.474657733000072, 34.814323392000063 ], [ 32.477831500000036, 34.819312999000033 ], [ 32.486446500000056, 34.811354499000061 ], [ 32.481571905000067, 34.805865126000072 ], [ 32.460310500000048, 34.800457499000061 ] ] ] ] } },
{ "type": "Feature", "properties": { "GISCO_ID": "CY_6026", "CNTR_CODE": "CY", "LAU_ID": "6026", "LAU_NAME": "Τάλα", "cell_coverage": [ [ 0.0502, 0.3532 ], [ 0.0074, 0.1234 ] ], "xmin": 32.375, "xmax": 32.458333333333336, "ymin": 34.79166666666665, "ymax": 34.875 }, "geometry": { "type": "MultiPolygon", "coordinates": [ [ [ [ 32.427249500000073, 34.823690999000064 ], [ 32.416717500000061, 34.823731999000074 ], [ 32.410830009000051, 34.844121745000052 ], [ 32.411332500000071, 34.851298499000052 ], [ 32.419753495000066, 34.851874535000036 ], [ 32.427235900000028, 34.848483268000052 ], [ 32.44850395900005, 34.851132995000057 ], [ 32.453757500000052, 34.848196999000038 ], [ 32.452168437000068, 34.845225427000059 ], [ 32.455908452000074, 34.842708013000049 ], [ 32.452734500000076, 34.834274999000058 ], [ 32.448754198000074, 34.835353074000068 ], [ 32.441768053000033, 34.828931427000043 ], [ 32.427249500000073, 34.823690999000064 ] ] ] ] } },
{ "type": "Feature", "properties": { "GISCO_ID": "CY_6027", "CNTR_CODE": "CY", "LAU_ID": "6027", "LAU_NAME": "Κισσόνεργα", "cell_coverage": [ [ 0.2436, 0 ], [ 0.2574, 3.9539e-06 ] ], "xmin": 32.375, "xmax": 32.458333333333336, "ymin": 34.79166666666665, "ymax": 34.875 }, "geometry": { "type": "MultiPolygon", "coordinates": [ [ [ [ 32.392871, 34.817168999000046 ], [ 32.38760872000006, 34.823973898000077 ], [ 32.389278701000023, 34.837494455000069 ], [ 32.381256500000063, 34.847141499000031 ], [ 32.385816538000029, 34.850185342000032 ], [ 32.397368651000079, 34.845138502000054 ], [ 32.410728, 34.856923499000061 ], [ 32.411332500000071, 34.851298499000052 ], [ 32.410830009000051, 34.844121745000052 ], [ 32.416717500000061, 34.823731999000074 ], [ 32.414426, 34.819493499000032 ], [ 32.399718934000077, 34.813430374000063 ], [ 32.392871, 34.817168999000046 ] ] ] ] } },
{ "type": "Feature", "properties": { "GISCO_ID": "CY_4126", "CNTR_CODE": "CY", "LAU_ID": "4126", "LAU_NAME": "Κλαυδιά", "cell_coverage": [ [ 0.3138, 0.7106, 0.121 ], [ 0, 0.047, 0 ] ], "xmin": 33.458333333333329, "xmax": 33.583333333333329, "ymin": 34.833333333333321, "ymax": 34.916666666666657 }, "geometry": { "type": "MultiPolygon", "coordinates": [ [ [ [ 33.553107500000067, 34.898838999000077 ], [ 33.553846, 34.889131999000028 ], [ 33.55185466000006, 34.881640855000057 ], [ 33.545207980000043, 34.883160556000064 ], [ 33.522485500000073, 34.865500499000063 ], [ 33.514789404000055, 34.880290330000037 ], [ 33.507906869000067, 34.879542652000055 ], [ 33.499018944000056, 34.883880710000028 ], [ 33.489412121000043, 34.88136365400004 ], [ 33.468751500000053, 34.891706999000064 ], [ 33.470958368000026, 34.895068472000048 ], [ 33.48663971600007, 34.901992943000039 ], [ 33.485460500000045, 34.91164849900008 ], [ 33.494490412000061, 34.90746265000007 ], [ 33.506291390000058, 34.908875845000068 ], [ 33.513137773000039, 34.913411487000076 ], [ 33.524897967000072, 34.90951246700007 ], [ 33.533487905000072, 34.898941932000071 ], [ 33.544521404000079, 34.902532632000032 ], [ 33.545937262000052, 34.897975305000045 ], [ 33.551342221000027, 34.901157144000024 ], [ 33.553107500000067, 34.898838999000077 ] ] ] ] } },
{ "type": "Feature", "properties": { "GISCO_ID": "CY_4127", "CNTR_CODE": "CY", "LAU_ID": "4127", "LAU_NAME": "Αγγλισίδες", "cell_coverage": [ [ 0.0555, 0.0355 ], [ 0.3798, 0.4233 ], [ 0.0039, 0 ] ], "xmin": 33.416666666666664, "xmax": 33.5, "ymin": 34.791666666666657, "ymax": 34.916666666666657 }, "geometry": { "type": "MultiPolygon", "coordinates": [ [ [ [ 33.466405, 34.83635349900004 ], [ 33.458590568000034, 34.833280977000072 ], [ 33.446301, 34.832273999000051 ], [ 33.448270257000047, 34.84542897700004 ], [ 33.44319839800005, 34.851552379000054 ], [ 33.443795622000039, 34.858433202000072 ], [ 33.433316500000046, 34.865184999000064 ], [ 33.441071673000067, 34.876980315000026 ], [ 33.453517396000052, 34.882615261000069 ], [ 33.458590568000034, 34.88201852900005 ], [ 33.463677500000074, 34.883158999000045 ], [ 33.47132077200007, 34.871172259000048 ], [ 33.469013009000037, 34.866422920000048 ], [ 33.474833672000045, 34.863481437000075 ], [ 33.477182262000042, 34.855157338000026 ], [ 33.482272351000063, 34.850525750000031 ], [ 33.482429, 34.837068999000053 ], [ 33.466405, 34.83635349900004 ] ] ] ] } },
{ "type": "Feature", "properties": { "GISCO_ID": "CY_4128", "CNTR_CODE": "CY", "LAU_ID": "4128", "LAU_NAME": "Μενόγεια", "cell_coverage": [ [ 0.3801 ], [ 0.0467 ] ], "xmin": 33.416666666666664, "xmax": 33.458333333333329, "ymin": 34.79166666666665, "ymax": 34.875 }, "geometry": { "type": "MultiPolygon", "coordinates": [ [ [ [ 33.417033, 34.862003999000024 ], [ 33.433316500000046, 34.865184999000064 ], [ 33.443795622000039, 34.858433202000072 ], [ 33.44319839800005, 34.851552379000054 ], [ 33.448270257000047, 34.84542897700004 ], [ 33.446301, 34.832273999000051 ], [ 33.436427500000036, 34.824638499000059 ], [ 33.425648593000062, 34.83703332500005 ], [ 33.425546973000053, 34.84635415200006 ], [ 33.417033, 34.862003999000024 ] ] ] ] } },
{ "type": "Feature", "properties": { "GISCO_ID": "CY_4201", "CNTR_CODE": "CY", "LAU_ID": "4201", "LAU_NAME": "Πετροφάνι", "cell_coverage": [ [ 0.0036, 0.0991 ], [ 0.0019, 0.2982 ] ], "xmin": 33.458333333333329, "xmax": 33.541666666666664, "ymin": 34.999999999999986, "ymax": 35.083333333333321 }, "geometry": { "type": "MultiPolygon", "coordinates": [ [ [ [ 33.498298500000033, 35.04554949900006 ], [ 33.50976560600003, 35.052533206000078 ], [ 33.521564424000076, 35.046759701000042 ], [ 33.522113169000079, 35.037943890000065 ], [ 33.516127017000031, 35.033380301000079 ], [ 33.519217561000062, 35.031264438000051 ], [ 33.523364500000071, 35.014957499000047 ], [ 33.519294, 35.009182999000075 ], [ 33.509731317000046, 35.01334391000006 ], [ 33.500452202000076, 35.032638877000068 ], [ 33.498298500000033, 35.04554949900006 ] ] ] ] } },
{ "type": "Feature", "properties": { "GISCO_ID": "CY_4202", "CNTR_CODE": "CY", "LAU_ID": "4202", "LAU_NAME": "Αθιένου", "cell_coverage": [ [ 0, 0.4879, 0.2067, 0 ], [ 0.1677, 0.8916, 0.9202, 0.1842 ], [ 0, 0.3468, 0.5095, 0.0197 ] ], "xmin": 33.458333333333329, "xmax": 33.625, "ymin": 34.999999999999986, "ymax": 35.125 }, "geometry": { "type": "MultiPolygon", "coordinates": [ [ [ [ 33.525845500000059, 35.111859999000046 ], [ 33.53900739200003, 35.107174702000066 ], [ 33.543842135000034, 35.098434628000064 ], [ 33.557923709000079, 35.098307451000039 ], [ 33.565277500000036, 35.092080499000076 ], [ 33.568330926000044, 35.088465620000079 ], [ 33.570080486000052, 35.07428092300006 ], [ 33.577740756000026, 35.074124952000034 ], [ 33.588362237000069, 35.06591403300007 ], [ 33.601509, 35.049700499000039 ], [ 33.594971786000031, 35.040945028000067 ], [ 33.586633556000038, 35.038203570000064 ], [ 33.580900500000041, 35.032775499000024 ], [ 33.570267899000044, 35.022361923000062 ], [ 33.555062307000071, 35.019197701000053 ], [ 33.547711385000071, 35.008715861000042 ], [ 33.523364500000071, 35.014957499000047 ], [ 33.519217561000062, 35.031264438000051 ], [ 33.516127017000031, 35.033380301000079 ], [ 33.522113169000079, 35.037943890000065 ], [ 33.521564424000076, 35.046759701000042 ], [ 33.50976560600003, 35.052533206000078 ], [ 33.498298500000033, 35.04554949900006 ], [ 33.496167011000068, 35.050248273000079 ], [ 33.483513154000036, 35.051105439000025 ], [ 33.485512003000053, 35.058413831000053 ], [ 33.479098500000077, 35.056401999000059 ], [ 33.479040500000053, 35.060467999000025 ], [ 33.486119178000024, 35.061293832000047 ], [ 33.497086096000032, 35.070447054000056 ], [ 33.49914661400004, 35.079044642000042 ], [ 33.508215599000039, 35.083299795000073 ], [ 33.508351868000034, 35.091576879000058 ], [ 33.502964500000076, 35.09523499900007 ], [ 33.50844150000006, 35.104415499000027 ], [ 33.517139256000064, 35.105496108000068 ], [ 33.525845500000059, 35.111859999000046 ] ] ] ] } },
{ "type": "Feature", "properties": { "GISCO_ID": "CY_1458", "CNTR_CODE": "CY", "LAU_ID": "1458", "LAU_NAME": "Σελλάδι του 'Αππη (και Άγιο Γεωργούδι)", "cell_coverage": [ [ 0.023, 0 ], [ 0.2006, 0.0304 ] ], "xmin": 32.583333333333329, "xmax": 32.666666666666664, "ymin": 35.125, "ymax": 35.208333333333321 }, "geometry": { "type": "MultiPolygon", "coordinates": [ [ [ [ 32.616584500000044, 35.172097999000073 ], [ 32.622143, 35.168794499000057 ], [ 32.63006684800007, 35.16216214800005 ], [ 32.621911240000031, 35.135402188000057 ], [ 32.620402263000074, 35.131481966000024 ], [ 32.613853, 35.129712999000049 ], [ 32.614358, 35.137194499000032 ], [ 32.616146938000043, 35.141741866000075 ], [ 32.612374578000072, 35.151208828000051 ], [ 32.615294922000032, 35.158392523000032 ], [ 32.614287500000046, 35.16565349900003 ], [ 32.612097870000071, 35.169452078000063 ], [ 32.616584500000044, 35.172097999000073 ] ] ] ] } },
{ "type": "Feature", "properties": { "GISCO_ID": "CY_1459", "CNTR_CODE": "CY", "LAU_ID": "1459", "LAU_NAME": "Αλεύγα", "cell_coverage": [ [ 0.1609 ] ], "xmin": 32.583333333333329, "xmax": 32.625, "ymin": 35.125, "ymax": 35.166666666666657 }, "geometry": { "type": "MultiPolygon", "coordinates": [ [ [ [ 32.614287500000046, 35.16565349900003 ], [ 32.615294922000032, 35.158392523000032 ], [ 32.612374578000072, 35.151208828000051 ], [ 32.616146938000043, 35.141741866000075 ], [ 32.614358, 35.137194499000032 ], [ 32.604743, 35.14220799900005 ], [ 32.598632389000045, 35.146404071000063 ], [ 32.599481172000026, 35.153507183000045 ], [ 32.614287500000046, 35.16565349900003 ] ] ] ] } },
{ "type": "Feature", "properties": { "GISCO_ID": "CY_1460", "CNTR_CODE": "CY", "LAU_ID": "1460", "LAU_NAME": "Πηγένια", "cell_coverage": [ [ 0, 0.2748, 0.0301 ], [ 0.0002, 0.547, 0.0054 ], [ 0.0152, 0.1116, 0 ] ], "xmin": 32.583333333333329, "xmax": 32.708333333333329, "ymin": 35.083333333333321, "ymax": 35.208333333333321 }, "geometry": { "type": "MultiPolygon", "coordinates": [ [ [ [ 32.649526500000036, 35.195329499000024 ], [ 32.666689, 35.193186999000034 ], [ 32.665625144000046, 35.182256579000068 ], [ 32.672729, 35.171928999000045 ], [ 32.669418954000037, 35.164652574000058 ], [ 32.658279364000066, 35.156200030000036 ], [ 32.65513089600006, 35.135402188000057 ], [ 32.661677575000056, 35.129784794000045 ], [ 32.653607961000034, 35.126177405000078 ], [ 32.645413739000048, 35.117872064000039 ], [ 32.630993500000045, 35.116099499000029 ], [ 32.619659500000068, 35.116292499000053 ], [ 32.629955979000044, 35.135402188000057 ], [ 32.638273956000035, 35.145273906000057 ], [ 32.636011508000024, 35.158596833000047 ], [ 32.646405849000075, 35.159384611000064 ], [ 32.652953063000041, 35.17141366900006 ], [ 32.64718289700005, 35.182783474000075 ], [ 32.646427279000079, 35.189038336000067 ], [ 32.649526500000036, 35.195329499000024 ] ] ] ] } },
{ "type": "Feature", "properties": { "GISCO_ID": "CY_3336", "CNTR_CODE": "CY", "LAU_ID": "3336", "LAU_NAME": "Κώμη (Κώμη Κεπίρ)", "cell_coverage": [ [ 0.0918, 0.6408, 0.1536 ], [ 0.0366, 0.712, 0.4552 ], [ 0, 0.0038, 0.012 ] ], "xmin": 33.916666666666664, "xmax": 34.041666666666664, "ymin": 35.333333333333321, "ymax": 35.458333333333321 }, "geometry": { "type": "MultiPolygon", "coordinates": [ [ [ [ 34.031543, 35.408619499000054 ], [ 34.028974342000026, 35.409333919000062 ], [ 34.019518062000031, 35.405590164000046 ], [ 34.019386500000053, 35.395784999000057 ], [ 34.008053825000047, 35.390539840000031 ], [ 34.012642, 35.376691999000059 ], [ 34.009402500000078, 35.372423999000034 ], [ 33.975538, 35.376912999000069 ], [ 33.974084101000074, 35.383731308000051 ], [ 33.977964943000075, 35.397392401000047 ], [ 33.952015584000037, 35.410766171000034 ], [ 33.947225500000059, 35.415940999000043 ], [ 33.945972247000043, 35.418191799000056 ], [ 33.948758549000047, 35.420255624000049 ], [ 33.956862692000072, 35.438000889000079 ], [ 33.952975500000036, 35.444308999000043 ], [ 33.963999430000058, 35.443474977000051 ], [ 33.98077, 35.447907999000051 ], [ 33.984001180000064, 35.441423817000043 ], [ 33.992239924000046, 35.441445376000047 ], [ 34.003445554000052, 35.43615432100006 ], [ 34.011904465000043, 35.42064969900008 ], [ 34.017368044000079, 35.419880621000061 ], [ 34.024698541000078, 35.423281916000064 ], [ 34.032771500000024, 35.418276499000058 ], [ 34.037290832000053, 35.418293911000035 ], [ 34.040331997000067, 35.415149223000071 ], [ 34.031543, 35.408619499000054 ] ] ] ] } },
{ "type": "Feature", "properties": { "GISCO_ID": "CY_3337", "CNTR_CODE": "CY", "LAU_ID": "3337", "LAU_NAME": "Γαλάτεια", "cell_coverage": [ [ 0, 0.0103, 0.0053 ], [ 0.0158, 0.4922, 0.4512 ], [ 0.0312, 0.3304, 0.1327 ] ], "xmin": 34.0, "xmax": 34.125, "ymin": 35.375, "ymax": 35.5 }, "geometry": { "type": "MultiPolygon", "coordinates": [ [ [ [ 34.032771500000024, 35.418276499000058 ], [ 34.03603462500007, 35.420255624000049 ], [ 34.052961517000028, 35.428069858000072 ], [ 34.057516960000044, 35.436927583000056 ], [ 34.063674222000031, 35.441519342000049 ], [ 34.083538949000058, 35.446891056000027 ], [ 34.082755630000065, 35.457255093000072 ], [ 34.07516, 35.465395999000066 ], [ 34.088801, 35.458642999000062 ], [ 34.094945363000079, 35.456484242000045 ], [ 34.101010560000077, 35.447957983000038 ], [ 34.105236, 35.448064499000054 ], [ 34.097503466000035, 35.440406788000075 ], [ 34.102030581000065, 35.430204426000046 ], [ 34.10900255100006, 35.426785387000052 ], [ 34.110567011000057, 35.420255624000049 ], [ 34.096225076000053, 35.408475198000076 ], [ 34.096734500000025, 35.401582499000028 ], [ 34.084047739000027, 35.402491248000047 ], [ 34.080922202000068, 35.406523495000044 ], [ 34.071459060000052, 35.405411388000061 ], [ 34.052355419000037, 35.398461762000068 ], [ 34.047957500000052, 35.394172999000034 ], [ 34.045102901000064, 35.407754239000042 ], [ 34.041284339000072, 35.409127714000078 ], [ 34.034824944000036, 35.40543617000003 ], [ 34.031543, 35.408619499000054 ], [ 34.040331997000067, 35.415149223000071 ], [ 34.037290832000053, 35.418293911000035 ], [ 34.032771500000024, 35.418276499000058 ] ] ] ] } },
{ "type": "Feature", "properties": { "GISCO_ID": "CY_1247", "CNTR_CODE": "CY", "LAU_ID": "1247", "LAU_NAME": "Σκυλλούρα", "cell_coverage": [ [ 0.0613, 0.0638 ], [ 0.498, 0.3564 ], [ 0.0274, 0 ] ], "xmin": 33.125, "xmax": 33.208333333333336, "ymin": 35.166666666666657, "ymax": 35.291666666666657 }, "geometry": { "type": "MultiPolygon", "coordinates": [ [ [ [ 33.161277, 35.201873999000043 ], [ 33.156976, 35.198837999000034 ], [ 33.152433877000078, 35.212315900000078 ], [ 33.144132488000025, 35.224872749000042 ], [ 33.145015489000059, 35.239814233000061 ], [ 33.136095500000067, 35.248085499000069 ], [ 33.139629072000048, 35.254974895000032 ], [ 33.15267024700006, 35.248364760000072 ], [ 33.152796429000034, 35.255859800000053 ], [ 33.158114500000067, 35.258041999000056 ], [ 33.159977157000071, 35.254242267000052 ], [ 33.166688153000052, 35.252318434000074 ], [ 33.16826065500004, 35.25423659300003 ], [ 33.163963558000034, 35.257648455000037 ], [ 33.167307937000032, 35.259576192000054 ], [ 33.173905934000061, 35.258159983000041 ], [ 33.181083516000058, 35.251659301000075 ], [ 33.194856, 35.250316999000063 ], [ 33.18867292300007, 35.237381311000036 ], [ 33.191602, 35.231650499000068 ], [ 33.179957190000039, 35.22694653800005 ], [ 33.171763868000028, 35.220994206000057 ], [ 33.167834965000054, 35.213449107000031 ], [ 33.16048053600008, 35.210598782000034 ], [ 33.161277, 35.201873999000043 ] ] ] ] } },
{ "type": "Feature", "properties": { "GISCO_ID": "CY_1248", "CNTR_CODE": "CY", "LAU_ID": "1248", "LAU_NAME": "Άγιος Βασίλειος", "cell_coverage": [ [ 0.0122, 0.4622, 0.1433 ], [ 0.0231, 0.1874, 0 ] ], "xmin": 33.125, "xmax": 33.25, "ymin": 35.16666666666665, "ymax": 35.25 }, "geometry": { "type": "MultiPolygon", "coordinates": [ [ [ [ 33.191602, 35.231650499000068 ], [ 33.19994117300007, 35.234332269000049 ], [ 33.222005325000055, 35.227763640000035 ], [ 33.222146513000041, 35.218509364000056 ], [ 33.218398428000057, 35.212744461000057 ], [ 33.220101500000055, 35.209477999000057 ], [ 33.20245354900004, 35.212227451000047 ], [ 33.194818262000069, 35.195908376000034 ], [ 33.172181500000079, 35.19929249900008 ], [ 33.161277, 35.201873999000043 ], [ 33.16048053600008, 35.210598782000034 ], [ 33.167834965000054, 35.213449107000031 ], [ 33.171763868000028, 35.220994206000057 ], [ 33.179957190000039, 35.22694653800005 ], [ 33.191602, 35.231650499000068 ] ] ] ] } },
{ "type": "Feature", "properties": { "GISCO_ID": "CY_1249", "CNTR_CODE": "CY", "LAU_ID": "1249", "LAU_NAME": "Δύο Ποταμοί", "cell_coverage": [ [ 0.0076, 0.0397 ], [ 0.0888, 0.1572 ] ], "xmin": 33.041666666666664, "xmax": 33.125, "ymin": 35.208333333333321, "ymax": 35.291666666666657 }, "geometry": { "type": "MultiPolygon", "coordinates": [ [ [ [ 33.099511500000062, 35.252250999000069 ], [ 33.102038800000059, 35.243124611000042 ], [ 33.096209, 35.231886999000039 ], [ 33.074546362000035, 35.238848369000038 ], [ 33.07086, 35.235951999000065 ], [ 33.068482331000041, 35.240217623000035 ], [ 33.072604500000068, 35.24739899900004 ], [ 33.086303063000059, 35.255863428000055 ], [ 33.099511500000062, 35.252250999000069 ] ] ] ] } },
{ "type": "Feature", "properties": { "GISCO_ID": "CY_1250", "CNTR_CODE": "CY", "LAU_ID": "1250", "LAU_NAME": "Κανλί (Κανλίκιογιου)", "cell_coverage": [ [ 0.0006, 0.0095 ], [ 0.1108, 0.3309 ] ], "xmin": 33.208333333333329, "xmax": 33.291666666666664, "ymin": 35.208333333333321, "ymax": 35.291666666666657 }, "geometry": { "type": "MultiPolygon", "coordinates": [ [ [ [ 33.265860880000048, 35.25169902500005 ], [ 33.26268914700006, 35.246977552000033 ], [ 33.264259455000058, 35.235375393000027 ], [ 33.273495869000044, 35.23173967200006 ], [ 33.271224416000052, 35.228556523000066 ], [ 33.270881064000037, 35.219391406000057 ], [ 33.267570211000077, 35.217782782000029 ], [ 33.26892950000007, 35.214057499000035 ], [ 33.255096640000033, 35.216161347000025 ], [ 33.249535577000074, 35.228858188000061 ], [ 33.237334500000031, 35.233988499000077 ], [ 33.235512751000044, 35.238519672000052 ], [ 33.238123945000041, 35.245229901000073 ], [ 33.246802811000066, 35.244206764000069 ], [ 33.247686, 35.25032599900004 ], [ 33.265860880000048, 35.25169902500005 ] ] ] ] } },
{ "type": "Feature", "properties": { "GISCO_ID": "CY_1251", "CNTR_CODE": "CY", "LAU_ID": "1251", "LAU_NAME": "Κιόνελι", "cell_coverage": [ [ 0.0145, 0 ], [ 0.5091, 0.5895 ], [ 0.0748, 0.1828 ] ], "xmin": 33.25, "xmax": 33.333333333333336, "ymin": 35.166666666666657, "ymax": 35.291666666666657 }, "geometry": { "type": "MultiPolygon", "coordinates": [ [ [ [ 33.267243, 35.255123999000034 ], [ 33.286173590000033, 35.242391444000077 ], [ 33.292826945000058, 35.245335175000037 ], [ 33.314699516000076, 35.242653759000063 ], [ 33.321649, 35.234841999000025 ], [ 33.318502807000073, 35.230135698000026 ], [ 33.321860420000064, 35.224615588000063 ], [ 33.321210892000067, 35.214510080000025 ], [ 33.326418166000053, 35.203254101000027 ], [ 33.325010741000028, 35.199959944000057 ], [ 33.318082, 35.197502999000051 ], [ 33.305582665000031, 35.201636280000059 ], [ 33.298298230000057, 35.199549139000055 ], [ 33.295899500000075, 35.195861999000044 ], [ 33.292568064000079, 35.194640350000043 ], [ 33.289681468000026, 35.195282083000052 ], [ 33.287615564000077, 35.198053166000079 ], [ 33.283928260000039, 35.199404926000057 ], [ 33.280824338000059, 35.20142125700005 ], [ 33.27917162600005, 35.204599792000067 ], [ 33.275623335000034, 35.20463075300006 ], [ 33.277003070000035, 35.208266928000057 ], [ 33.277601032000064, 35.211797223000076 ], [ 33.271986386000037, 35.212694867000039 ], [ 33.26892950000007, 35.214057499000035 ], [ 33.267570211000077, 35.217782782000029 ], [ 33.270881064000037, 35.219391406000057 ], [ 33.271224416000052, 35.228556523000066 ], [ 33.273495869000044, 35.23173967200006 ], [ 33.264259455000058, 35.235375393000027 ], [ 33.26268914700006, 35.246977552000033 ], [ 33.265860880000048, 35.25169902500005 ], [ 33.267243, 35.255123999000034 ] ] ] ] } },
{ "type": "Feature", "properties": { "GISCO_ID": "CY_1300", "CNTR_CODE": "CY", "LAU_ID": "1300", "LAU_NAME": "Παλαιχώρι Μόρφου", "cell_coverage": [ [ 0, 0.2541 ], [ 0.0744, 0.3208 ], [ 0.292, 0.0295 ] ], "xmin": 33.041666666666664, "xmax": 33.125, "ymin": 34.875, "ymax": 34.999999999999986 }, "geometry": { "type": "MultiPolygon", "coordinates": [ [ [ [ 33.064504500000055, 34.923526999000046 ], [ 33.079221251000035, 34.921666605000041 ], [ 33.09031660900007, 34.931987542000059 ], [ 33.091763968000066, 34.951757721000035 ], [ 33.099483613000075, 34.959307735000039 ], [ 33.092786, 34.969622499000025 ], [ 33.094719500000053, 34.977783499000054 ], [ 33.09879384900006, 34.977929087000064 ], [ 33.100197610000066, 34.983409628000061 ], [ 33.106065981000029, 34.985706132000075 ], [ 33.114146, 34.979285999000069 ], [ 33.114564647000066, 34.964004270000032 ], [ 33.108758393000073, 34.957161964000079 ], [ 33.108489793000047, 34.948139972000035 ], [ 33.100651244000062, 34.929340323000076 ], [ 33.093820134000055, 34.923806058000025 ], [ 33.093786676000036, 34.915120985000044 ], [ 33.079610253000055, 34.90604675700007 ], [ 33.071036500000048, 34.892251999000052 ], [ 33.069338500000072, 34.892333499000074 ], [ 33.055985968000073, 34.900534739000079 ], [ 33.051106, 34.909009499000035 ], [ 33.057942541000045, 34.912086059000046 ], [ 33.064504500000055, 34.923526999000046 ] ] ] ] } },
{ "type": "Feature", "properties": { "GISCO_ID": "CY_1302", "CNTR_CODE": "CY", "LAU_ID": "1302", "LAU_NAME": "Άλωνα", "cell_coverage": [ [ 0.183, 0.2265 ], [ 0, 0.0357 ] ], "xmin": 33.0, "xmax": 33.083333333333336, "ymin": 34.875, "ymax": 34.958333333333321 }, "geometry": { "type": "MultiPolygon", "coordinates": [ [ [ [ 33.022715500000061, 34.931286499000066 ], [ 33.026633500000059, 34.942914999000038 ], [ 33.037471, 34.946013999000058 ], [ 33.041798731000029, 34.940327377000074 ], [ 33.050365180000028, 34.93832820700004 ], [ 33.053671, 34.94158999900003 ], [ 33.053842344000032, 34.935150908000026 ], [ 33.059966, 34.931329499000071 ], [ 33.064504500000055, 34.923526999000046 ], [ 33.057942541000045, 34.912086059000046 ], [ 33.051106, 34.909009499000035 ], [ 33.047058500000048, 34.917393999000069 ], [ 33.04542994600007, 34.921006288000058 ], [ 33.038797754000029, 34.921998680000058 ], [ 33.022715500000061, 34.931286499000066 ] ] ] ] } },
{ "type": "Feature", "properties": { "GISCO_ID": "CY_1303", "CNTR_CODE": "CY", "LAU_ID": "1303", "LAU_NAME": "Φτερικούδι", "cell_coverage": [ [ 0.0003, 0.0004 ], [ 0.3002, 0.2239 ], [ 0.2826, 0.0004 ] ], "xmin": 33.041666666666664, "xmax": 33.125, "ymin": 34.916666666666657, "ymax": 35.041666666666657 }, "geometry": { "type": "MultiPolygon", "coordinates": [ [ [ [ 33.082688, 35.000790499000061 ], [ 33.095213546000025, 34.997086078000052 ], [ 33.094719500000053, 34.977783499000054 ], [ 33.092786, 34.969622499000025 ], [ 33.068781917000024, 34.937614041000074 ], [ 33.059966, 34.931329499000071 ], [ 33.053842344000032, 34.935150908000026 ], [ 33.053671, 34.94158999900003 ], [ 33.058460613000079, 34.959671709000077 ], [ 33.065612676000057, 34.966984739000054 ], [ 33.06570468700005, 34.976027690000024 ], [ 33.082520944000066, 34.994233138000027 ], [ 33.082688, 35.000790499000061 ] ] ] ] } },
{ "type": "Feature", "properties": { "GISCO_ID": "CY_1402", "CNTR_CODE": "CY", "LAU_ID": "1402", "LAU_NAME": "Αγία Ειρήνη Λευκωσίας", "cell_coverage": [ [ 0, 0.0041 ], [ 0.0479, 0.2511 ] ], "xmin": 32.916666666666664, "xmax": 33.0, "ymin": 34.958333333333321, "ymax": 35.041666666666657 }, "geometry": { "type": "MultiPolygon", "coordinates": [ [ [ [ 32.953074, 34.992346499000064 ], [ 32.959682935000046, 34.992655157000058 ], [ 32.967396, 35.002154499000028 ], [ 32.968215, 35.001628999000047 ], [ 32.975309860000038, 34.999094544000059 ], [ 32.976755163000064, 34.991745544000025 ], [ 32.971192529000064, 34.979314587000033 ], [ 32.97316825200005, 34.975383027000078 ], [ 32.969981, 34.966043499000079 ], [ 32.962650327000063, 34.968420440000045 ], [ 32.961375141000076, 34.975515709000035 ], [ 32.951687885000069, 34.983683261000067 ], [ 32.949787, 34.989471999000045 ], [ 32.953074, 34.992346499000064 ] ] ] ] } },
{ "type": "Feature", "properties": { "GISCO_ID": "CY_1403", "CNTR_CODE": "CY", "LAU_ID": "1403", "LAU_NAME": "Καννάβια", "cell_coverage": [ [ 0.2031, 0.1069 ], [ 0.5294, 0.0577 ], [ 0.0235, 0 ] ], "xmin": 32.958333333333329, "xmax": 33.041666666666664, "ymin": 34.916666666666657, "ymax": 35.041666666666657 }, "geometry": { "type": "MultiPolygon", "coordinates": [ [ [ [ 32.968215, 35.001628999000047 ], [ 32.982556547000058, 35.014218507000066 ], [ 33.01528, 35.013051499000028 ], [ 33.017021297000042, 35.009502867000037 ], [ 33.010524, 35.001879999000039 ], [ 33.004592679000041, 34.987429742000074 ], [ 32.992864861000044, 34.976356348000024 ], [ 32.982273, 34.955536499000061 ], [ 32.968322500000056, 34.955802499000072 ], [ 32.965007846000049, 34.962102797000057 ], [ 32.969981, 34.966043499000079 ], [ 32.97316825200005, 34.975383027000078 ], [ 32.971192529000064, 34.979314587000033 ], [ 32.976755163000064, 34.991745544000025 ], [ 32.975309860000038, 34.999094544000059 ], [ 32.968215, 35.001628999000047 ] ] ] ] } },
{ "type": "Feature", "properties": { "GISCO_ID": "CY_1404", "CNTR_CODE": "CY", "LAU_ID": "1404", "LAU_NAME": "Κακοπετριά", "cell_coverage": [ [ 0, 0.0021, 0.0009 ], [ 0.1275, 0.7359, 0.2295 ], [ 0.1796, 0.4626, 0.1282 ] ], "xmin": 32.833333333333329, "xmax": 32.958333333333329, "ymin": 34.916666666666657, "ymax": 35.041666666666657 }, "geometry": { "type": "MultiPolygon", "coordinates": [ [ [ [ 32.906469500000071, 34.940322499000047 ], [ 32.905341500000077, 34.940895499000078 ], [ 32.884254248000047, 34.937749389000032 ], [ 32.864331, 34.941078999000069 ], [ 32.862490490000027, 34.945050121000065 ], [ 32.854258, 34.946916499000054 ], [ 32.85709, 34.962788499000055 ], [ 32.864582871000039, 34.966456956000059 ], [ 32.867386, 34.974694999000064 ], [ 32.898379535000061, 34.989182750000055 ], [ 32.914645, 35.00141749900007 ], [ 32.919387799000049, 35.000268807000054 ], [ 32.922667, 34.993030499000042 ], [ 32.931605468000043, 34.969920527000056 ], [ 32.923989349000067, 34.959243571000059 ], [ 32.930349, 34.94248649900004 ], [ 32.920592114000044, 34.93615877600007 ], [ 32.906469500000071, 34.940322499000047 ] ] ] ] } },
{ "type": "Feature", "properties": { "GISCO_ID": "CY_3201", "CNTR_CODE": "CY", "LAU_ID": "3201", "LAU_NAME": "Κοντέα", "cell_coverage": [ [ 0, 0.1769 ], [ 0.0271, 0.7124 ], [ 0, 0.1842 ] ], "xmin": 33.666666666666664, "xmax": 33.75, "ymin": 35.041666666666657, "ymax": 35.166666666666657 }, "geometry": { "type": "MultiPolygon", "coordinates": [ [ [ [ 33.740868500000033, 35.110020999000028 ], [ 33.739220528000033, 35.092048154000054 ], [ 33.743132500000058, 35.082841999000038 ], [ 33.741630016000045, 35.075682825000058 ], [ 33.724345500000027, 35.070602499000074 ], [ 33.712440886000024, 35.075200317000053 ], [ 33.707275240000058, 35.087885927000059 ], [ 33.705308848000072, 35.107380631000069 ], [ 33.710479052000039, 35.114026218000049 ], [ 33.713438720000056, 35.12454467200007 ], [ 33.736658581000029, 35.142185427000072 ], [ 33.738435214000049, 35.148240487000066 ], [ 33.744043274000035, 35.142500393000034 ], [ 33.738923933000024, 35.12158669400003 ], [ 33.732481035000035, 35.113585191000027 ], [ 33.740868500000033, 35.110020999000028 ] ] ] ] } },
{ "type": "Feature", "properties": { "GISCO_ID": "CY_3202", "CNTR_CODE": "CY", "LAU_ID": "3202", "LAU_NAME": "Λύση", "cell_coverage": [ [ 0, 0.0251, 0.3901 ], [ 0.2078, 0.8792, 0.0789 ], [ 0.2037, 0.5373, 0.1589 ] ], "xmin": 33.625, "xmax": 33.75, "ymin": 35.041666666666657, "ymax": 35.166666666666657 }, "geometry": { "type": "MultiPolygon", "coordinates": [ [ [ [ 33.724345500000027, 35.070602499000074 ], [ 33.72998350000006, 35.064012499000057 ], [ 33.729597660000024, 35.059030262000078 ], [ 33.694403397000031, 35.062355449000052 ], [ 33.65589250000005, 35.057394999000053 ], [ 33.649473585000067, 35.083847418000062 ], [ 33.652194500000064, 35.09729949900003 ], [ 33.665273021000075, 35.114783414000044 ], [ 33.688283811000076, 35.120510735000039 ], [ 33.691478500000073, 35.124813499000027 ], [ 33.706819179000036, 35.129756408000048 ], [ 33.71166243700003, 35.135402188000057 ], [ 33.712954062000051, 35.145278131000055 ], [ 33.734164500000077, 35.161557999000024 ], [ 33.739428666000038, 35.152502284000036 ], [ 33.749883500000067, 35.14459849900004 ], [ 33.749989584000048, 35.13992786600005 ], [ 33.743309322000073, 35.135402188000057 ], [ 33.743790083000079, 35.118260245000045 ], [ 33.740868500000033, 35.110020999000028 ], [ 33.732481035000035, 35.113585191000027 ], [ 33.738923933000024, 35.12158669400003 ], [ 33.744043274000035, 35.142500393000034 ], [ 33.738435214000049, 35.148240487000066 ], [ 33.736658581000029, 35.142185427000072 ], [ 33.713438720000056, 35.12454467200007 ], [ 33.710479052000039, 35.114026218000049 ], [ 33.705308848000072, 35.107380631000069 ], [ 33.707275240000058, 35.087885927000059 ], [ 33.712440886000024, 35.075200317000053 ], [ 33.724345500000027, 35.070602499000074 ] ] ] ] } },
{ "type": "Feature", "properties": { "GISCO_ID": "CY_3203", "CNTR_CODE": "CY", "LAU_ID": "3203", "LAU_NAME": "Βατιλή", "cell_coverage": [ [ 0, 0.0326, 0.2252 ], [ 0, 0.6995, 0.4882 ], [ 0.004, 0.474, 0.0937 ] ], "xmin": 33.583333333333329, "xmax": 33.708333333333329, "ymin": 35.083333333333321, "ymax": 35.208333333333321 }, "geometry": { "type": "MultiPolygon", "coordinates": [ [ [ [ 33.69071050000008, 35.188610499000049 ], [ 33.680691994000028, 35.178712689000065 ], [ 33.686116471000048, 35.164118894000069 ], [ 33.684354528000028, 35.155265318000033 ], [ 33.688493982000068, 35.135402188000057 ], [ 33.691478500000073, 35.124813499000027 ], [ 33.688283811000076, 35.120510735000039 ], [ 33.665273021000075, 35.114783414000044 ], [ 33.652194500000064, 35.09729949900003 ], [ 33.626331080000057, 35.108550339000033 ], [ 33.622888, 35.118067499000063 ], [ 33.629791959000045, 35.120549788000062 ], [ 33.63564122300005, 35.135402188000057 ], [ 33.637413095000056, 35.152373302000058 ], [ 33.62815, 35.161923999000066 ], [ 33.645831199000042, 35.161794413000052 ], [ 33.652721916000075, 35.166173438000044 ], [ 33.657620915000052, 35.162303226000063 ], [ 33.664719489000049, 35.162118873000054 ], [ 33.665326714000059, 35.164960221000058 ], [ 33.659413952000079, 35.171045646000039 ], [ 33.660993645000076, 35.173677701000031 ], [ 33.668231439000067, 35.173415319000071 ], [ 33.664374500000065, 35.182425999000031 ], [ 33.664126500000066, 35.186959999000067 ], [ 33.677810500000078, 35.189914999000052 ], [ 33.69071050000008, 35.188610499000049 ] ] ] ] } },
{ "type": "Feature", "properties": { "GISCO_ID": "CY_3204", "CNTR_CODE": "CY", "LAU_ID": "3204", "LAU_NAME": "Στρογγυλός", "cell_coverage": [ [ 0.3148, 0.0016 ], [ 0.0879, 0 ] ], "xmin": 33.625, "xmax": 33.708333333333336, "ymin": 35.125, "ymax": 35.208333333333321 }, "geometry": { "type": "MultiPolygon", "coordinates": [ [ [ [ 33.639351500000032, 35.183443499000077 ], [ 33.664374500000065, 35.182425999000031 ], [ 33.668231439000067, 35.173415319000071 ], [ 33.660993645000076, 35.173677701000031 ], [ 33.659413952000079, 35.171045646000039 ], [ 33.665326714000059, 35.164960221000058 ], [ 33.664719489000049, 35.162118873000054 ], [ 33.657620915000052, 35.162303226000063 ], [ 33.652721916000075, 35.166173438000044 ], [ 33.645831199000042, 35.161794413000052 ], [ 33.62815, 35.161923999000066 ], [ 33.625809464000042, 35.167038729000069 ], [ 33.630240896000032, 35.169337279000047 ], [ 33.630699917000072, 35.181677473000036 ], [ 33.639351500000032, 35.183443499000077 ] ] ] ] } },
{ "type": "Feature", "properties": { "GISCO_ID": "CY_3205", "CNTR_CODE": "CY", "LAU_ID": "3205", "LAU_NAME": "Σίντα", "cell_coverage": [ [ 0.3245, 0.0592 ], [ 0.4867, 0.2277 ], [ 0, 0 ] ], "xmin": 33.666666666666664, "xmax": 33.75, "ymin": 35.083333333333321, "ymax": 35.208333333333321 }, "geometry": { "type": "MultiPolygon", "coordinates": [ [ [ [ 33.734164500000077, 35.161557999000024 ], [ 33.712954062000051, 35.145278131000055 ], [ 33.71166243700003, 35.135402188000057 ], [ 33.706819179000036, 35.129756408000048 ], [ 33.691478500000073, 35.124813499000027 ], [ 33.688493982000068, 35.135402188000057 ], [ 33.684354528000028, 35.155265318000033 ], [ 33.686116471000048, 35.164118894000069 ], [ 33.680691994000028, 35.178712689000065 ], [ 33.69071050000008, 35.188610499000049 ], [ 33.6969, 35.193912499000078 ], [ 33.709666990000073, 35.185834059000058 ], [ 33.707219603000055, 35.180396060000078 ], [ 33.71011935100006, 35.175795858000072 ], [ 33.725228, 35.16823049900006 ], [ 33.728310657000065, 35.16286278900003 ], [ 33.734164500000077, 35.161557999000024 ] ] ] ] } },
{ "type": "Feature", "properties": { "GISCO_ID": "CY_3210", "CNTR_CODE": "CY", "LAU_ID": "3210", "LAU_NAME": "Γαϊδουράς (Νέα Σπάρτη)", "cell_coverage": [ [ 0.0725, 0.0734, 0 ], [ 0.1747, 0.538, 0.0386 ] ], "xmin": 33.75, "xmax": 33.875, "ymin": 35.125, "ymax": 35.208333333333321 }, "geometry": { "type": "MultiPolygon", "coordinates": [ [ [ [ 33.79999250000003, 35.175289999000029 ], [ 33.804293519000055, 35.170089216000065 ], [ 33.803783310000028, 35.158602171000041 ], [ 33.810233088000075, 35.15242470000004 ], [ 33.845933500000058, 35.136645499000053 ], [ 33.836706295000056, 35.133472509000057 ], [ 33.831433980000043, 35.12743680400007 ], [ 33.827477265000027, 35.132927132000077 ], [ 33.824250500000062, 35.131481999000073 ], [ 33.818505051000045, 35.133548448000056 ], [ 33.80088517300004, 35.130891146000067 ], [ 33.785271500000079, 35.134408999000073 ], [ 33.783449276000056, 35.135402188000057 ], [ 33.784643109000058, 35.138683206000053 ], [ 33.790998627000079, 35.141090856000062 ], [ 33.779465263000077, 35.150574469000048 ], [ 33.779484287000059, 35.167801659000077 ], [ 33.782546105000051, 35.175319619000049 ], [ 33.788198068000042, 35.177793484000063 ], [ 33.789502, 35.184357499000043 ], [ 33.79999250000003, 35.175289999000029 ] ] ] ] } },
{ "type": "Feature", "properties": { "GISCO_ID": "CY_3211", "CNTR_CODE": "CY", "LAU_ID": "3211", "LAU_NAME": "Πραστιό Αμμοχώστου", "cell_coverage": [ [ 0.1713, 0.3893 ], [ 0.1572, 0.5516 ] ], "xmin": 33.708333333333329, "xmax": 33.791666666666664, "ymin": 35.125, "ymax": 35.208333333333321 }, "geometry": { "type": "MultiPolygon", "coordinates": [ [ [ [ 33.785271500000079, 35.134408999000073 ], [ 33.78701998400004, 35.129700172000071 ], [ 33.774388, 35.129612999000074 ], [ 33.778598491000025, 35.133209583000053 ], [ 33.777158928000063, 35.135506387000078 ], [ 33.765221781000037, 35.133093590000044 ], [ 33.761935419000054, 35.144103005000034 ], [ 33.749883500000067, 35.14459849900004 ], [ 33.739428666000038, 35.152502284000036 ], [ 33.734164500000077, 35.161557999000024 ], [ 33.728310657000065, 35.16286278900003 ], [ 33.725228, 35.16823049900006 ], [ 33.734121334000065, 35.169507944000031 ], [ 33.734837338000034, 35.175048570000058 ], [ 33.739670376000049, 35.175743100000034 ], [ 33.740924500000062, 35.191266499000051 ], [ 33.754523453000047, 35.187254083000028 ], [ 33.789502, 35.184357499000043 ], [ 33.788198068000042, 35.177793484000063 ], [ 33.782546105000051, 35.175319619000049 ], [ 33.779484287000059, 35.167801659000077 ], [ 33.779465263000077, 35.150574469000048 ], [ 33.790998627000079, 35.141090856000062 ], [ 33.784643109000058, 35.138683206000053 ], [ 33.783449276000056, 35.135402188000057 ], [ 33.785271500000079, 35.134408999000073 ] ] ] ] } },
{ "type": "Feature", "properties": { "GISCO_ID": "CY_3212", "CNTR_CODE": "CY", "LAU_ID": "3212", "LAU_NAME": "Πυργά (η) Αμμοχώστου", "cell_coverage": [ [ 0.0757, 0.5362 ] ], "xmin": 33.666666666666664, "xmax": 33.75, "ymin": 35.166666666666657, "ymax": 35.208333333333321 }, "geometry": { "type": "MultiPolygon", "coordinates": [ [ [ [ 33.725228, 35.16823049900006 ], [ 33.71011935100006, 35.175795858000072 ], [ 33.707219603000055, 35.180396060000078 ], [ 33.709666990000073, 35.185834059000058 ], [ 33.6969, 35.193912499000078 ], [ 33.699474082000052, 35.19979410600007 ], [ 33.706468771000061, 35.20513558600004 ], [ 33.723217884000064, 35.199009099000079 ], [ 33.723658, 35.206696499000032 ], [ 33.728587645000061, 35.205093548000036 ], [ 33.740924500000062, 35.191266499000051 ], [ 33.739670376000049, 35.175743100000034 ], [ 33.734837338000034, 35.175048570000058 ], [ 33.734121334000065, 35.169507944000031 ], [ 33.725228, 35.16823049900006 ] ] ] ] } },
{ "type": "Feature", "properties": { "GISCO_ID": "CY_4203", "CNTR_CODE": "CY", "LAU_ID": "4203", "LAU_NAME": "Μελούσεια", "cell_coverage": [ [ 0.0777, 0.0342 ], [ 0.0798, 0.2098 ] ], "xmin": 33.541666666666664, "xmax": 33.625, "ymin": 35.04166666666665, "ymax": 35.125 }, "geometry": { "type": "MultiPolygon", "coordinates": [ [ [ [ 33.60777, 35.052555999000049 ], [ 33.601509, 35.049700499000039 ], [ 33.588362237000069, 35.06591403300007 ], [ 33.577740756000026, 35.074124952000034 ], [ 33.570080486000052, 35.07428092300006 ], [ 33.568330926000044, 35.088465620000079 ], [ 33.565277500000036, 35.092080499000076 ], [ 33.58314450000006, 35.092059999000071 ], [ 33.594115184000032, 35.085625956000058 ], [ 33.598359978000076, 35.067181013000038 ], [ 33.60777, 35.052555999000049 ] ] ] ] } },
{ "type": "Feature", "properties": { "GISCO_ID": "CY_4204", "CNTR_CODE": "CY", "LAU_ID": "4204", "LAU_NAME": "Τρεμετουσιά", "cell_coverage": [ [ 0, 0.4557, 0 ], [ 0, 0.3991, 0 ] ], "xmin": 33.541666666666664, "xmax": 33.666666666666664, "ymin": 35.04166666666665, "ymax": 35.125 }, "geometry": { "type": "MultiPolygon", "coordinates": [ [ [ [ 33.609233, 35.113430999000059 ], [ 33.610062364000044, 35.104531783000027 ], [ 33.625187579000055, 35.072432727000034 ], [ 33.619823980000035, 35.064154096000038 ], [ 33.622558, 35.052133999000034 ], [ 33.60777, 35.052555999000049 ], [ 33.598359978000076, 35.067181013000038 ], [ 33.594115184000032, 35.085625956000058 ], [ 33.58314450000006, 35.092059999000071 ], [ 33.591769248000048, 35.11167972100003 ], [ 33.589254500000038, 35.117714499000044 ], [ 33.609233, 35.113430999000059 ] ] ] ] } },
{ "type": "Feature", "properties": { "GISCO_ID": "CY_4205", "CNTR_CODE": "CY", "LAU_ID": "4205", "LAU_NAME": "Άρσος Λάρνακας", "cell_coverage": [ [ 0.2204, 0.3013 ], [ 0.0554, 0.625 ], [ 0, 0.0002 ] ], "xmin": 33.583333333333329, "xmax": 33.666666666666664, "ymin": 34.999999999999986, "ymax": 35.125 }, "geometry": { "type": "MultiPolygon", "coordinates": [ [ [ [ 33.622558, 35.052133999000034 ], [ 33.619823980000035, 35.064154096000038 ], [ 33.625187579000055, 35.072432727000034 ], [ 33.610062364000044, 35.104531783000027 ], [ 33.609233, 35.113430999000059 ], [ 33.622888, 35.118067499000063 ], [ 33.626331080000057, 35.108550339000033 ], [ 33.652194500000064, 35.09729949900003 ], [ 33.649473585000067, 35.083847418000062 ], [ 33.65589250000005, 35.057394999000053 ], [ 33.650785, 35.044135499000049 ], [ 33.641182764000064, 35.046094786000026 ], [ 33.631185677000076, 35.04111802400007 ], [ 33.622558, 35.052133999000034 ] ] ] ] } },
{ "type": "Feature", "properties": { "GISCO_ID": "CY_1405", "CNTR_CODE": "CY", "LAU_ID": "1405", "LAU_NAME": "Άγιος Θεόδωρος Σολέας", "cell_coverage": [ [ 0.0053, 0.3957 ], [ 0.0246, 0.6583 ], [ 0, 0.1354 ] ], "xmin": 32.875, "xmax": 32.958333333333336, "ymin": 34.958333333333321, "ymax": 35.083333333333321 }, "geometry": { "type": "MultiPolygon", "coordinates": [ [ [ [ 32.914444500000059, 35.019125999000039 ], [ 32.917014687000062, 35.02412696600004 ], [ 32.913545683000052, 35.037482984000064 ], [ 32.916115942000033, 35.048334458000056 ], [ 32.92365929500005, 35.060371133000046 ], [ 32.935715500000072, 35.066975999000078 ], [ 32.94109121200006, 35.065870896000035 ], [ 32.942179766000038, 35.059920571000077 ], [ 32.953962, 35.059227499000031 ], [ 32.950600826000027, 35.055033209000044 ], [ 32.954117508000024, 35.047296603000063 ], [ 32.943635056000062, 35.038451301000066 ], [ 32.941881548000026, 35.033776869000064 ], [ 32.945297001000029, 35.021223488000032 ], [ 32.944545290000065, 35.011476709000078 ], [ 32.951811706000058, 35.000161063000064 ], [ 32.953074, 34.992346499000064 ], [ 32.949787, 34.989471999000045 ], [ 32.93006650600006, 34.994893541000067 ], [ 32.922667, 34.993030499000042 ], [ 32.919387799000049, 35.000268807000054 ], [ 32.914645, 35.00141749900007 ], [ 32.913932500000044, 35.00261849900005 ], [ 32.923976856000024, 35.007590161000053 ], [ 32.914444500000059, 35.019125999000039 ] ] ] ] } },
{ "type": "Feature", "properties": { "GISCO_ID": "CY_1406", "CNTR_CODE": "CY", "LAU_ID": "1406", "LAU_NAME": "Γαλάτα", "cell_coverage": [ [ 0, 0.0976 ], [ 0.1348, 0.2417 ] ], "xmin": 32.833333333333329, "xmax": 32.916666666666664, "ymin": 34.958333333333321, "ymax": 35.041666666666657 }, "geometry": { "type": "MultiPolygon", "coordinates": [ [ [ [ 32.867386, 34.974694999000064 ], [ 32.860765033000064, 34.976555688000076 ], [ 32.858582, 34.983015999000031 ], [ 32.857832500000029, 34.989174999000056 ], [ 32.875173378000056, 34.992094142000042 ], [ 32.885966888000041, 35.001096361000066 ], [ 32.896364, 35.015131499000063 ], [ 32.896761021000032, 35.006695704000037 ], [ 32.913932500000044, 35.00261849900005 ], [ 32.914645, 35.00141749900007 ], [ 32.898379535000061, 34.989182750000055 ], [ 32.867386, 34.974694999000064 ] ] ] ] } },
{ "type": "Feature", "properties": { "GISCO_ID": "CY_1407", "CNTR_CODE": "CY", "LAU_ID": "1407", "LAU_NAME": "Σιναόρος", "cell_coverage": [ [ 0.1611, 0.0262 ] ], "xmin": 32.875, "xmax": 32.958333333333336, "ymin": 34.999999999999993, "ymax": 35.041666666666657 }, "geometry": { "type": "MultiPolygon", "coordinates": [ [ [ [ 32.913485500000036, 35.019131499000025 ], [ 32.914444500000059, 35.019125999000039 ], [ 32.923976856000024, 35.007590161000053 ], [ 32.913932500000044, 35.00261849900005 ], [ 32.896761021000032, 35.006695704000037 ], [ 32.896364, 35.015131499000063 ], [ 32.896766, 35.017764999000065 ], [ 32.913485500000036, 35.019131499000025 ] ] ] ] } },
{ "type": "Feature", "properties": { "GISCO_ID": "CY_1409", "CNTR_CODE": "CY", "LAU_ID": "1409", "LAU_NAME": "Τεμβριά", "cell_coverage": [ [ 0.0712, 0.2339 ] ], "xmin": 32.833333333333329, "xmax": 32.916666666666664, "ymin": 34.999999999999993, "ymax": 35.041666666666657 }, "geometry": { "type": "MultiPolygon", "coordinates": [ [ [ [ 32.895429500000034, 35.034352499000079 ], [ 32.901325683000039, 35.024651164000034 ], [ 32.913485500000036, 35.019131499000025 ], [ 32.896766, 35.017764999000065 ], [ 32.875325547000045, 35.019575170000053 ], [ 32.859549, 35.017618999000035 ], [ 32.858639500000038, 35.021867499000052 ], [ 32.867556659000059, 35.024521786000037 ], [ 32.872119157000043, 35.032034294000027 ], [ 32.895429500000034, 35.034352499000079 ] ] ] ] } },
{ "type": "Feature", "properties": { "GISCO_ID": "CY_1410", "CNTR_CODE": "CY", "LAU_ID": "1410", "LAU_NAME": "Κοράκου", "cell_coverage": [ [ 0.1259, 0.1163 ], [ 0.2202, 0.0905 ] ], "xmin": 32.833333333333329, "xmax": 32.916666666666664, "ymin": 34.999999999999986, "ymax": 35.083333333333321 }, "geometry": { "type": "MultiPolygon", "coordinates": [ [ [ [ 32.895429500000034, 35.034352499000079 ], [ 32.872119157000043, 35.032034294000027 ], [ 32.867556659000059, 35.024521786000037 ], [ 32.858639500000038, 35.021867499000052 ], [ 32.847454691000053, 35.038008664000074 ], [ 32.85019, 35.046792499000048 ], [ 32.860100614000032, 35.05067826800007 ], [ 32.878980028000058, 35.052409684000054 ], [ 32.881005, 35.056526999000027 ], [ 32.890252, 35.055420499000036 ], [ 32.890041548000056, 35.045417250000071 ], [ 32.895429500000034, 35.034352499000079 ] ] ] ] } },
{ "type": "Feature", "properties": { "GISCO_ID": "CY_1464", "CNTR_CODE": "CY", "LAU_ID": "1464", "LAU_NAME": "Κόκκινα", "cell_coverage": [ [ 0.1744 ], [ 0.1231 ] ], "xmin": 32.583333333333329, "xmax": 32.625, "ymin": 35.125, "ymax": 35.208333333333321 }, "geometry": { "type": "MultiPolygon", "coordinates": [ [ [ [ 32.604743, 35.14220799900005 ], [ 32.594831500000055, 35.143969999000035 ], [ 32.595027327000025, 35.165924243000063 ], [ 32.590407500000026, 35.178174499000079 ], [ 32.602800757000068, 35.177912634000052 ], [ 32.611553, 35.180823499000041 ], [ 32.616918232000046, 35.180467664000048 ], [ 32.621439500000065, 35.17423799900007 ], [ 32.616584500000044, 35.172097999000073 ], [ 32.612097870000071, 35.169452078000063 ], [ 32.614287500000046, 35.16565349900003 ], [ 32.599481172000026, 35.153507183000045 ], [ 32.598632389000045, 35.146404071000063 ], [ 32.604743, 35.14220799900005 ] ] ] ] } },
{ "type": "Feature", "properties": { "GISCO_ID": "CY_1465", "CNTR_CODE": "CY", "LAU_ID": "1465", "LAU_NAME": "Φροδίσια (Βροΐσια)", "cell_coverage": [ [ 0, 0, 0.083, 0.0829 ], [ 0, 0.2117, 0.6431, 0 ], [ 0.1557, 0.9414, 0.5285, 0.0002 ], [ 0, 0.1331, 0, 0 ] ], "xmin": 32.583333333333329, "xmax": 32.75, "ymin": 34.999999999999993, "ymax": 35.166666666666657 }, "geometry": { "type": "MultiPolygon", "coordinates": [ [ [ [ 32.715254500000071, 35.151526999000055 ], [ 32.722059, 35.151296999000067 ], [ 32.721127221000074, 35.141256570000053 ], [ 32.712272446000043, 35.139561253000068 ], [ 32.709634031000064, 35.135402188000057 ], [ 32.705381562000071, 35.128684494000026 ], [ 32.704098276000025, 35.106227720000049 ], [ 32.699067660000026, 35.10025608400008 ], [ 32.695588740000062, 35.087941338000064 ], [ 32.709001500000056, 35.07840599900004 ], [ 32.688077946000078, 35.065104613000074 ], [ 32.680776963000028, 35.049042967000048 ], [ 32.657716866000044, 35.045081422000067 ], [ 32.651286500000026, 35.031718999000077 ], [ 32.641811464000057, 35.030926043000079 ], [ 32.631788246000042, 35.034505856000067 ], [ 32.62162, 35.047881999000026 ], [ 32.618742347000079, 35.056040041000074 ], [ 32.608027160000063, 35.060285174000057 ], [ 32.618558276000044, 35.075067112000056 ], [ 32.632549159000064, 35.075845233000052 ], [ 32.633728, 35.090522499000031 ], [ 32.652685637000047, 35.09574944600007 ], [ 32.663687825000068, 35.095890430000054 ], [ 32.66898369900008, 35.101745314000027 ], [ 32.677118864000079, 35.101897654000027 ], [ 32.674768835000066, 35.114551519000031 ], [ 32.683567813000025, 35.115181695000047 ], [ 32.68706, 35.122735499000044 ], [ 32.699079620000077, 35.124880766000047 ], [ 32.697532594000052, 35.132472354000072 ], [ 32.699501034000036, 35.135402188000057 ], [ 32.703466574000061, 35.142632327000058 ], [ 32.715254500000071, 35.151526999000055 ] ] ] ] } },
{ "type": "Feature", "properties": { "GISCO_ID": "CY_1466", "CNTR_CODE": "CY", "LAU_ID": "1466", "LAU_NAME": "Άγιος Θεόδωρος Τιλλιρίας", "cell_coverage": [ [ 0.0024, 0.2423 ], [ 0.0593, 0.2331 ], [ 0.0356, 0 ] ], "xmin": 32.583333333333329, "xmax": 32.666666666666664, "ymin": 35.083333333333321, "ymax": 35.208333333333321 }, "geometry": { "type": "MultiPolygon", "coordinates": [ [ [ [ 32.622143, 35.168794499000057 ], [ 32.626108102000046, 35.16949840500007 ], [ 32.627591077000034, 35.174987664000071 ], [ 32.635426, 35.181262999000069 ], [ 32.644600500000024, 35.19396449900006 ], [ 32.649526500000036, 35.195329499000024 ], [ 32.646427279000079, 35.189038336000067 ], [ 32.64718289700005, 35.182783474000075 ], [ 32.652953063000041, 35.17141366900006 ], [ 32.646405849000075, 35.159384611000064 ], [ 32.636011508000024, 35.158596833000047 ], [ 32.638273956000035, 35.145273906000057 ], [ 32.629955979000044, 35.135402188000057 ], [ 32.619659500000068, 35.116292499000053 ], [ 32.610840370000062, 35.12427254000005 ], [ 32.613853, 35.129712999000049 ], [ 32.620402263000074, 35.131481966000024 ], [ 32.621911240000031, 35.135402188000057 ], [ 32.63006684800007, 35.16216214800005 ], [ 32.622143, 35.168794499000057 ] ] ] ] } },
{ "type": "Feature", "properties": { "GISCO_ID": "CY_1467", "CNTR_CODE": "CY", "LAU_ID": "1467", "LAU_NAME": "Μανσούρα", "cell_coverage": [ [ 0.0612, 0.0577 ] ], "xmin": 32.583333333333329, "xmax": 32.666666666666664, "ymin": 35.166666666666657, "ymax": 35.208333333333321 }, "geometry": { "type": "MultiPolygon", "coordinates": [ [ [ [ 32.644600500000024, 35.19396449900006 ], [ 32.635426, 35.181262999000069 ], [ 32.630478332000052, 35.184998847000031 ], [ 32.622243974000071, 35.185606261000032 ], [ 32.621439500000065, 35.17423799900007 ], [ 32.616918232000046, 35.180467664000048 ], [ 32.611553, 35.180823499000041 ], [ 32.614555548000055, 35.184384866000073 ], [ 32.615054662000034, 35.187287214000037 ], [ 32.623370790000024, 35.192444494000028 ], [ 32.625754272000052, 35.192150517000073 ], [ 32.628695723000078, 35.189282307000042 ], [ 32.633814232000077, 35.189157228000056 ], [ 32.639926776000038, 35.191535916000078 ], [ 32.642861331000063, 35.194428564000077 ], [ 32.644600500000024, 35.19396449900006 ] ] ] ] } },
{ "type": "Feature", "properties": { "GISCO_ID": "CY_5138", "CNTR_CODE": "CY", "LAU_ID": "5138", "LAU_NAME": "Επταγώνεια", "cell_coverage": [ [ 0.5522, 0.0854 ], [ 0.0902, 0 ] ], "xmin": 33.125, "xmax": 33.208333333333336, "ymin": 34.79166666666665, "ymax": 34.875 }, "geometry": { "type": "MultiPolygon", "coordinates": [ [ [ [ 33.173308500000076, 34.85416249900004 ], [ 33.173529, 34.853666999000041 ], [ 33.173537, 34.834714499000029 ], [ 33.16715350000004, 34.833284499000058 ], [ 33.143749, 34.825906499000041 ], [ 33.132696, 34.828590499000029 ], [ 33.130984500000068, 34.839005499000052 ], [ 33.127210500000047, 34.863285499000028 ], [ 33.141586670000038, 34.861261326000033 ], [ 33.147197773000073, 34.856272045000026 ], [ 33.163321825000025, 34.858519926000042 ], [ 33.173308500000076, 34.85416249900004 ] ] ] ] } },
{ "type": "Feature", "properties": { "GISCO_ID": "CY_5140", "CNTR_CODE": "CY", "LAU_ID": "5140", "LAU_NAME": "Διερώνα", "cell_coverage": [ [ 0.0262, 0.1485, 0.0229 ], [ 0.2121, 0.8322, 0.0496 ], [ 0.0032, 0.0416, 0 ] ], "xmin": 33.041666666666664, "xmax": 33.166666666666664, "ymin": 34.75, "ymax": 34.875 }, "geometry": { "type": "MultiPolygon", "coordinates": [ [ [ [ 33.083164, 34.842044499000053 ], [ 33.091850445000034, 34.843732411000076 ], [ 33.094622375000029, 34.840550190000044 ], [ 33.115639869000063, 34.836388532000058 ], [ 33.121002652000072, 34.837230225000042 ], [ 33.122804806000033, 34.840487185000029 ], [ 33.130984500000068, 34.839005499000052 ], [ 33.132696, 34.828590499000029 ], [ 33.128529190000052, 34.82014113200006 ], [ 33.112486019000073, 34.809734668000033 ], [ 33.110919413000033, 34.79200337900005 ], [ 33.107946500000025, 34.78868649900005 ], [ 33.103564, 34.788851499000032 ], [ 33.081765, 34.789009499000031 ], [ 33.069507, 34.820771999000044 ], [ 33.069960500000036, 34.825246999000058 ], [ 33.071818, 34.826185499000076 ], [ 33.076301799000078, 34.82926933300007 ], [ 33.076766588000055, 34.838184610000042 ], [ 33.083164, 34.842044499000053 ] ] ] ] } },
{ "type": "Feature", "properties": { "GISCO_ID": "CY_5141", "CNTR_CODE": "CY", "LAU_ID": "5141", "LAU_NAME": "Αρακαπάς", "cell_coverage": [ [ 0.0432, 0.5793, 0.0556 ] ], "xmin": 33.041666666666664, "xmax": 33.166666666666664, "ymin": 34.833333333333321, "ymax": 34.875 }, "geometry": { "type": "MultiPolygon", "coordinates": [ [ [ [ 33.130984500000068, 34.839005499000052 ], [ 33.122804806000033, 34.840487185000029 ], [ 33.121002652000072, 34.837230225000042 ], [ 33.115639869000063, 34.836388532000058 ], [ 33.094622375000029, 34.840550190000044 ], [ 33.091850445000034, 34.843732411000076 ], [ 33.083164, 34.842044499000053 ], [ 33.078654627000049, 34.845121139000071 ], [ 33.076596, 34.854465499000071 ], [ 33.090992676000042, 34.863514484000063 ], [ 33.091167, 34.865996499000062 ], [ 33.10155351800006, 34.866312058000062 ], [ 33.115152941000076, 34.86079010900005 ], [ 33.120289779000075, 34.864139261000048 ], [ 33.127210500000047, 34.863285499000028 ], [ 33.130984500000068, 34.839005499000052 ] ] ] ] } },
{ "type": "Feature", "properties": { "GISCO_ID": "CY_5142", "CNTR_CODE": "CY", "LAU_ID": "5142", "LAU_NAME": "Άγιος Παύλος", "cell_coverage": [ [ 0.0004, 0.0888 ], [ 0.0553, 0.155 ] ], "xmin": 33.0, "xmax": 33.083333333333336, "ymin": 34.833333333333321, "ymax": 34.916666666666657 }, "geometry": { "type": "MultiPolygon", "coordinates": [ [ [ [ 33.030077500000061, 34.871311999000056 ], [ 33.043122707000066, 34.876300323000066 ], [ 33.054390178000062, 34.885444460000031 ], [ 33.06365, 34.887013499000034 ], [ 33.057859500000063, 34.863140999000052 ], [ 33.044817151000075, 34.85643105500003 ], [ 33.029948500000046, 34.870978499000046 ], [ 33.030077500000061, 34.871311999000056 ] ] ] ] } },
{ "type": "Feature", "properties": { "GISCO_ID": "CY_5143", "CNTR_CODE": "CY", "LAU_ID": "5143", "LAU_NAME": "Άγιος Κωνσταντίνος", "cell_coverage": [ [ 0.1805, 0.0382 ], [ 0.2254, 0.0655 ] ], "xmin": 33.041666666666664, "xmax": 33.125, "ymin": 34.833333333333321, "ymax": 34.916666666666657 }, "geometry": { "type": "MultiPolygon", "coordinates": [ [ [ [ 33.07492, 34.892033499000036 ], [ 33.092868649000025, 34.878426341000079 ], [ 33.091167, 34.865996499000062 ], [ 33.090992676000042, 34.863514484000063 ], [ 33.076596, 34.854465499000071 ], [ 33.064514203000044, 34.862104933000069 ], [ 33.057859500000063, 34.863140999000052 ], [ 33.06365, 34.887013499000034 ], [ 33.069338500000072, 34.892333499000074 ], [ 33.071036500000048, 34.892251999000052 ], [ 33.07492, 34.892033499000036 ] ] ] ] } },
{ "type": "Feature", "properties": { "GISCO_ID": "CY_5144", "CNTR_CODE": "CY", "LAU_ID": "5144", "LAU_NAME": "Συκόπετρα", "cell_coverage": [ [ 0.0394, 0.4978, 0.0603 ], [ 0, 0.2068, 0.0259 ] ], "xmin": 33.041666666666664, "xmax": 33.166666666666664, "ymin": 34.833333333333321, "ymax": 34.916666666666657 }, "geometry": { "type": "MultiPolygon", "coordinates": [ [ [ [ 33.111227, 34.893798999000069 ], [ 33.124854, 34.890964999000062 ], [ 33.133098, 34.888441499000066 ], [ 33.132018, 34.880359499000065 ], [ 33.127210500000047, 34.863285499000028 ], [ 33.120289779000075, 34.864139261000048 ], [ 33.115152941000076, 34.86079010900005 ], [ 33.10155351800006, 34.866312058000062 ], [ 33.091167, 34.865996499000062 ], [ 33.092868649000025, 34.878426341000079 ], [ 33.07492, 34.892033499000036 ], [ 33.080697582000028, 34.899369887000034 ], [ 33.08913132400005, 34.901713580000035 ], [ 33.103312444000039, 34.900108417000069 ], [ 33.111227, 34.893798999000069 ] ] ] ] } },
{ "type": "Feature", "properties": { "GISCO_ID": "CY_5145", "CNTR_CODE": "CY", "LAU_ID": "5145", "LAU_NAME": "Λουβαράς", "cell_coverage": [ [ 0.0746, 0.1302 ], [ 0.2221, 0.1776 ] ], "xmin": 33.0, "xmax": 33.083333333333336, "ymin": 34.79166666666665, "ymax": 34.875 }, "geometry": { "type": "MultiPolygon", "coordinates": [ [ [ [ 33.069960500000036, 34.825246999000058 ], [ 33.052436, 34.820953499000041 ], [ 33.047416, 34.821594999000069 ], [ 33.039855500000044, 34.817964999000026 ], [ 33.028686, 34.816754999000068 ], [ 33.021514, 34.819297999000071 ], [ 33.008886, 34.822955999000044 ], [ 33.009596776000024, 34.825432713000055 ], [ 33.014297960000079, 34.825611589000061 ], [ 33.022107666000068, 34.831042668000066 ], [ 33.025758284000062, 34.837413182000034 ], [ 33.044167887000071, 34.846118219000061 ], [ 33.048959296000078, 34.845928986000047 ], [ 33.055900574000077, 34.841677763000064 ], [ 33.061489969000036, 34.842109594000078 ], [ 33.062818034000031, 34.837106339000059 ], [ 33.071818, 34.826185499000076 ], [ 33.069960500000036, 34.825246999000058 ] ] ] ] } },
{ "type": "Feature", "properties": { "GISCO_ID": "CY_2209", "CNTR_CODE": "CY", "LAU_ID": "2209", "LAU_NAME": "Καράκουμι", "cell_coverage": [ [ 0.0126 ], [ 0.0034 ] ], "xmin": 33.333333333333329, "xmax": 33.375, "ymin": 35.29166666666665, "ymax": 35.375 }, "geometry": { "type": "MultiPolygon", "coordinates": [ [ [ [ 33.344955500000026, 35.335796499000026 ], [ 33.341881797000042, 35.332234670000048 ], [ 33.337369500000079, 35.331983499000046 ], [ 33.338609500000075, 35.337895499000069 ], [ 33.344955500000026, 35.335796499000026 ] ] ] ] } },
{ "type": "Feature", "properties": { "GISCO_ID": "CY_2210", "CNTR_CODE": "CY", "LAU_ID": "2210", "LAU_NAME": "Τέμπλος", "cell_coverage": [ [ 0.0693, 0.0137 ], [ 0.0514, 0.09 ] ], "xmin": 33.25, "xmax": 33.333333333333336, "ymin": 35.29166666666665, "ymax": 35.375 }, "geometry": { "type": "MultiPolygon", "coordinates": [ [ [ [ 33.281309, 35.33619599900004 ], [ 33.280934500000058, 35.346390499000051 ], [ 33.289681, 35.346485999000038 ], [ 33.288561031000029, 35.340883218000045 ], [ 33.29291412200007, 35.339471701000036 ], [ 33.294522347000054, 35.335306063000075 ], [ 33.299661525000033, 35.334980992000055 ], [ 33.300128, 35.313592999000036 ], [ 33.291088794000075, 35.31522310500003 ], [ 33.291006891000052, 35.319670466000048 ], [ 33.286692985000059, 35.322177262000025 ], [ 33.281309, 35.33619599900004 ] ] ] ] } },
{ "type": "Feature", "properties": { "GISCO_ID": "CY_2211", "CNTR_CODE": "CY", "LAU_ID": "2211", "LAU_NAME": "Κάρμι", "cell_coverage": [ [ 0, 0.0323, 0 ], [ 0.194, 0.5823, 0.0219 ] ], "xmin": 33.208333333333329, "xmax": 33.333333333333329, "ymin": 35.29166666666665, "ymax": 35.375 }, "geometry": { "type": "MultiPolygon", "coordinates": [ [ [ [ 33.300128, 35.313592999000036 ], [ 33.302397500000041, 35.31208699900003 ], [ 33.284778, 35.306844499000078 ], [ 33.259813, 35.30364699900008 ], [ 33.254081, 35.302787999000032 ], [ 33.229748, 35.30562149900004 ], [ 33.227799, 35.307018999000036 ], [ 33.240133152000055, 35.315381726000055 ], [ 33.239163500000075, 35.321400999000048 ], [ 33.239702172000079, 35.327498812000044 ], [ 33.245445500000073, 35.330759499000067 ], [ 33.262077415000078, 35.327848609000057 ], [ 33.266264991000071, 35.330219192000072 ], [ 33.268285, 35.338356499000042 ], [ 33.281309, 35.33619599900004 ], [ 33.286692985000059, 35.322177262000025 ], [ 33.291006891000052, 35.319670466000048 ], [ 33.291088794000075, 35.31522310500003 ], [ 33.300128, 35.313592999000036 ] ] ] ] } },
{ "type": "Feature", "properties": { "GISCO_ID": "CY_2212", "CNTR_CODE": "CY", "LAU_ID": "2212", "LAU_NAME": "Φτέριχα", "cell_coverage": [ [ 0.1977 ] ], "xmin": 33.208333333333329, "xmax": 33.25, "ymin": 35.291666666666657, "ymax": 35.333333333333321 }, "geometry": { "type": "MultiPolygon", "coordinates": [ [ [ [ 33.218774, 35.327596999000036 ], [ 33.219967500000052, 35.328459999000074 ], [ 33.239163500000075, 35.321400999000048 ], [ 33.240133152000055, 35.315381726000055 ], [ 33.227799, 35.307018999000036 ], [ 33.223731, 35.309080499000061 ], [ 33.21565444600003, 35.314748511000062 ], [ 33.216283, 35.326572499000065 ], [ 33.218774, 35.327596999000036 ] ] ] ] } },
{ "type": "Feature", "properties": { "GISCO_ID": "CY_2213", "CNTR_CODE": "CY", "LAU_ID": "2213", "LAU_NAME": "Τριμίθι", "cell_coverage": [ [ 0.0174, 0.0971 ], [ 0.0075, 0.0419 ] ], "xmin": 33.208333333333329, "xmax": 33.291666666666664, "ymin": 35.29166666666665, "ymax": 35.375 }, "geometry": { "type": "MultiPolygon", "coordinates": [ [ [ [ 33.245445500000073, 35.330759499000067 ], [ 33.247367788000076, 35.342015438000033 ], [ 33.254798500000049, 35.34392249900003 ], [ 33.263209170000039, 35.343215199000042 ], [ 33.268285, 35.338356499000042 ], [ 33.266264991000071, 35.330219192000072 ], [ 33.262077415000078, 35.327848609000057 ], [ 33.245445500000073, 35.330759499000067 ] ] ] ] } },
{ "type": "Feature", "properties": { "GISCO_ID": "CY_2214", "CNTR_CODE": "CY", "LAU_ID": "2214", "LAU_NAME": "Παλαιόσοφος", "cell_coverage": [ [ 0.0716, 0.0953 ] ], "xmin": 33.166666666666664, "xmax": 33.25, "ymin": 35.291666666666657, "ymax": 35.333333333333321 }, "geometry": { "type": "MultiPolygon", "coordinates": [ [ [ [ 33.223731, 35.309080499000061 ], [ 33.200017500000058, 35.308508999000026 ], [ 33.202162, 35.313143999000033 ], [ 33.202287510000076, 35.325167420000071 ], [ 33.205118500000026, 35.329373499000042 ], [ 33.216283, 35.326572499000065 ], [ 33.21565444600003, 35.314748511000062 ], [ 33.223731, 35.309080499000061 ] ] ] ] } },
{ "type": "Feature", "properties": { "GISCO_ID": "CY_2215", "CNTR_CODE": "CY", "LAU_ID": "2215", "LAU_NAME": "Μότηδες", "cell_coverage": [ [ 0.0074, 0.0039 ], [ 0.0102, 0.0311 ] ], "xmin": 33.166666666666664, "xmax": 33.25, "ymin": 35.29166666666665, "ymax": 35.375 }, "geometry": { "type": "MultiPolygon", "coordinates": [ [ [ [ 33.218774, 35.327596999000036 ], [ 33.216283, 35.326572499000065 ], [ 33.205118500000026, 35.329373499000042 ], [ 33.203085458000032, 35.333772688000067 ], [ 33.204880264000053, 35.336669068000049 ], [ 33.216649500000074, 35.332661499000039 ], [ 33.218774, 35.327596999000036 ] ] ] ] } },
{ "type": "Feature", "properties": { "GISCO_ID": "CY_2216", "CNTR_CODE": "CY", "LAU_ID": "2216", "LAU_NAME": "Ελιά Κερύνειας", "cell_coverage": [ [ 0.0444 ], [ 0.0074 ] ], "xmin": 33.208333333333329, "xmax": 33.25, "ymin": 35.29166666666665, "ymax": 35.375 }, "geometry": { "type": "MultiPolygon", "coordinates": [ [ [ [ 33.216649500000074, 35.332661499000039 ], [ 33.214884611000059, 35.335940195000035 ], [ 33.218001342000036, 35.348558258000025 ], [ 33.224378328000057, 35.347625838000056 ], [ 33.219642199000077, 35.337342325000066 ], [ 33.219967500000052, 35.328459999000074 ], [ 33.218774, 35.327596999000036 ], [ 33.216649500000074, 35.332661499000039 ] ] ] ] } },
{ "type": "Feature", "properties": { "GISCO_ID": "CY_5317", "CNTR_CODE": "CY", "LAU_ID": "5317", "LAU_NAME": "Κουκά", "cell_coverage": [ [ 0.0705 ] ], "xmin": 32.875, "xmax": 32.916666666666664, "ymin": 34.833333333333321, "ymax": 34.875 }, "geometry": { "type": "MultiPolygon", "coordinates": [ [ [ [ 32.893399500000044, 34.844792999000049 ], [ 32.883866, 34.848385999000072 ], [ 32.893591, 34.860078499000053 ], [ 32.896276, 34.860072499000069 ], [ 32.899066191000031, 34.854917701000034 ], [ 32.893399500000044, 34.844792999000049 ] ] ] ] } },
{ "type": "Feature", "properties": { "GISCO_ID": "CY_5318", "CNTR_CODE": "CY", "LAU_ID": "5318", "LAU_NAME": "Μονιάτης", "cell_coverage": [ [ 0.4478, 0.0811 ], [ 0.3023, 0.0076 ] ], "xmin": 32.875, "xmax": 32.958333333333336, "ymin": 34.833333333333321, "ymax": 34.916666666666657 }, "geometry": { "type": "MultiPolygon", "coordinates": [ [ [ [ 32.925594, 34.90803549900005 ], [ 32.911413854000045, 34.903943508000054 ], [ 32.923759473000075, 34.880463942000063 ], [ 32.920192, 34.874236499000062 ], [ 32.908888291000039, 34.855521294000027 ], [ 32.896276, 34.860072499000069 ], [ 32.893591, 34.860078499000053 ], [ 32.881340628000032, 34.863722450000068 ], [ 32.879931500000055, 34.879176499000039 ], [ 32.884445876000029, 34.885827691000031 ], [ 32.903126481000072, 34.891678027000069 ], [ 32.904635, 34.91520299900003 ], [ 32.918564167000056, 34.913478095000073 ], [ 32.924517073000061, 34.915007109000044 ], [ 32.925594, 34.90803549900005 ] ] ] ] } },
{ "type": "Feature", "properties": { "GISCO_ID": "CY_3213", "CNTR_CODE": "CY", "LAU_ID": "3213", "LAU_NAME": "Μουσουλίτα", "cell_coverage": [ [ 0.2202 ] ], "xmin": 33.625, "xmax": 33.666666666666664, "ymin": 35.166666666666657, "ymax": 35.208333333333321 }, "geometry": { "type": "MultiPolygon", "coordinates": [ [ [ [ 33.664374500000065, 35.182425999000031 ], [ 33.639351500000032, 35.183443499000077 ], [ 33.63743412000008, 35.189506913000059 ], [ 33.629384, 35.188935499000024 ], [ 33.625014659000044, 35.197982412000044 ], [ 33.636366864000024, 35.19724057500008 ], [ 33.642626327000073, 35.202163966000057 ], [ 33.645903796000027, 35.197239805000038 ], [ 33.655582518000074, 35.193074439000043 ], [ 33.655957048000062, 35.188121240000044 ], [ 33.664126500000066, 35.186959999000067 ], [ 33.664374500000065, 35.182425999000031 ] ] ] ] } },
{ "type": "Feature", "properties": { "GISCO_ID": "CY_1411", "CNTR_CODE": "CY", "LAU_ID": "1411", "LAU_NAME": "Ευρύχου", "cell_coverage": [ [ 0, 0.1157 ], [ 0.2407, 0.2154 ], [ 0.2087, 0.0002 ] ], "xmin": 32.875, "xmax": 32.958333333333336, "ymin": 34.999999999999986, "ymax": 35.125 }, "geometry": { "type": "MultiPolygon", "coordinates": [ [ [ [ 32.918849, 35.075201499000059 ], [ 32.916574500000024, 35.086842999000055 ], [ 32.920279028000039, 35.086726249000037 ], [ 32.921491778000075, 35.092199889000028 ], [ 32.933215, 35.095673499000043 ], [ 32.93416650000006, 35.095679499000028 ], [ 32.938867036000033, 35.094125799000039 ], [ 32.938290272000074, 35.089518560000045 ], [ 32.936530866000055, 35.080283232000056 ], [ 32.930712493000044, 35.073315172000036 ], [ 32.937399760000062, 35.071258365000062 ], [ 32.935715500000072, 35.066975999000078 ], [ 32.92365929500005, 35.060371133000046 ], [ 32.916115942000033, 35.048334458000056 ], [ 32.913545683000052, 35.037482984000064 ], [ 32.917014687000062, 35.02412696600004 ], [ 32.914444500000059, 35.019125999000039 ], [ 32.913485500000036, 35.019131499000025 ], [ 32.901325683000039, 35.024651164000034 ], [ 32.895429500000034, 35.034352499000079 ], [ 32.890041548000056, 35.045417250000071 ], [ 32.890252, 35.055420499000036 ], [ 32.900460667000061, 35.055392408000046 ], [ 32.909954517000074, 35.059517154000048 ], [ 32.923673376000067, 35.070838867000077 ], [ 32.918849, 35.075201499000059 ] ] ] ] } },
{ "type": "Feature", "properties": { "GISCO_ID": "CY_3222", "CNTR_CODE": "CY", "LAU_ID": "3222", "LAU_NAME": "Ψυλλάτος", "cell_coverage": [ [ 0.1925 ], [ 0.2834 ] ], "xmin": 33.666666666666664, "xmax": 33.708333333333329, "ymin": 35.208333333333321, "ymax": 35.291666666666657 }, "geometry": { "type": "MultiPolygon", "coordinates": [ [ [ [ 33.69715, 35.266950499000075 ], [ 33.700915377000058, 35.242155474000072 ], [ 33.696869364000065, 35.238989774000061 ], [ 33.695525390000057, 35.229548571000066 ], [ 33.692659500000048, 35.227491499000052 ], [ 33.689401262000047, 35.231706967000036 ], [ 33.67490250000003, 35.228862999000057 ], [ 33.670363, 35.235627499000032 ], [ 33.680650506000063, 35.254261072000077 ], [ 33.679816500000072, 35.27211999900004 ], [ 33.688423214000068, 35.267210213000055 ], [ 33.69715, 35.266950499000075 ] ] ] ] } },
{ "type": "Feature", "properties": { "GISCO_ID": "CY_3223", "CNTR_CODE": "CY", "LAU_ID": "3223", "LAU_NAME": "Κνώδαρα", "cell_coverage": [ [ 0, 0.0787, 0.0246 ], [ 0.0033, 0.8452, 0.2647 ], [ 0, 0.074, 0.0619 ] ], "xmin": 33.583333333333329, "xmax": 33.708333333333329, "ymin": 35.208333333333321, "ymax": 35.333333333333321 }, "geometry": { "type": "MultiPolygon", "coordinates": [ [ [ [ 33.623653, 35.250859999000056 ], [ 33.628499342000055, 35.261273559000074 ], [ 33.628772497000057, 35.269007627000065 ], [ 33.622813500000063, 35.274754999000038 ], [ 33.640219048000063, 35.286763556000039 ], [ 33.638141196000049, 35.295384219000027 ], [ 33.673421, 35.298181499000066 ], [ 33.673779553000031, 35.280404046000058 ], [ 33.679816500000072, 35.27211999900004 ], [ 33.680650506000063, 35.254261072000077 ], [ 33.670363, 35.235627499000032 ], [ 33.659461852000049, 35.239999610000041 ], [ 33.650386885000046, 35.249860633000026 ], [ 33.63853223600006, 35.254866895000077 ], [ 33.623882, 35.250875499000074 ], [ 33.623653, 35.250859999000056 ] ] ] ] } },
{ "type": "Feature", "properties": { "GISCO_ID": "CY_3224", "CNTR_CODE": "CY", "LAU_ID": "3224", "LAU_NAME": "Γούφες", "cell_coverage": [ [ 0.159, 0 ], [ 0.4256, 0.0332 ] ], "xmin": 33.666666666666664, "xmax": 33.75, "ymin": 35.25, "ymax": 35.333333333333321 }, "geometry": { "type": "MultiPolygon", "coordinates": [ [ [ [ 33.701481, 35.300481999000056 ], [ 33.708077, 35.300954999000055 ], [ 33.708387820000041, 35.289287245000025 ], [ 33.713632173000065, 35.286467963000064 ], [ 33.711338, 35.275035079000077 ], [ 33.69715, 35.266950499000075 ], [ 33.688423214000068, 35.267210213000055 ], [ 33.679816500000072, 35.27211999900004 ], [ 33.673779553000031, 35.280404046000058 ], [ 33.673421, 35.298181499000066 ], [ 33.673648, 35.298198999000078 ], [ 33.690593500000034, 35.299628999000049 ], [ 33.701481, 35.300481999000056 ] ] ] ] } },
{ "type": "Feature", "properties": { "GISCO_ID": "CY_3231", "CNTR_CODE": "CY", "LAU_ID": "3231", "LAU_NAME": "Άσκεια (Άσσεια)", "cell_coverage": [ [ 0.0212, 0.4201, 0.0961 ], [ 0, 0.8159, 0.2126 ], [ 0, 0.1935, 0.0169 ] ], "xmin": 33.541666666666664, "xmax": 33.666666666666664, "ymin": 35.083333333333321, "ymax": 35.208333333333321 }, "geometry": { "type": "MultiPolygon", "coordinates": [ [ [ [ 33.629384, 35.188935499000024 ], [ 33.63743412000008, 35.189506913000059 ], [ 33.639351500000032, 35.183443499000077 ], [ 33.630699917000072, 35.181677473000036 ], [ 33.630240896000032, 35.169337279000047 ], [ 33.625809464000042, 35.167038729000069 ], [ 33.62815, 35.161923999000066 ], [ 33.637413095000056, 35.152373302000058 ], [ 33.63564122300005, 35.135402188000057 ], [ 33.629791959000045, 35.120549788000062 ], [ 33.622888, 35.118067499000063 ], [ 33.609233, 35.113430999000059 ], [ 33.589254500000038, 35.117714499000044 ], [ 33.586969500000066, 35.125962499000025 ], [ 33.588453332000029, 35.135402188000057 ], [ 33.595075268000073, 35.159772862000068 ], [ 33.589115084000071, 35.171798803000058 ], [ 33.580592667000076, 35.177147743000035 ], [ 33.576266500000031, 35.183870499000079 ], [ 33.61007644700004, 35.185878264000053 ], [ 33.616866253000069, 35.183970909000038 ], [ 33.622972, 35.187566999000069 ], [ 33.629384, 35.188935499000024 ] ] ] ] } },
{ "type": "Feature", "properties": { "GISCO_ID": "CY_3232", "CNTR_CODE": "CY", "LAU_ID": "3232", "LAU_NAME": "Αφάντεια-Ορνίθι", "cell_coverage": [ [ 0, 0.1245, 0.0269 ], [ 0.0049, 0.7468, 0.18 ] ], "xmin": 33.5, "xmax": 33.625, "ymin": 35.125, "ymax": 35.208333333333321 }, "geometry": { "type": "MultiPolygon", "coordinates": [ [ [ [ 33.57061, 35.187257999000053 ], [ 33.576266500000031, 35.183870499000079 ], [ 33.580592667000076, 35.177147743000035 ], [ 33.589115084000071, 35.171798803000058 ], [ 33.595075268000073, 35.159772862000068 ], [ 33.588453332000029, 35.135402188000057 ], [ 33.586969500000066, 35.125962499000025 ], [ 33.580594641000062, 35.129230071000052 ], [ 33.567821089000063, 35.126422796000043 ], [ 33.557885975000033, 35.131899176000047 ], [ 33.548608, 35.131143499000075 ], [ 33.546408525000061, 35.135402188000057 ], [ 33.538879, 35.147077499000034 ], [ 33.550147492000065, 35.154129219000026 ], [ 33.554163921000054, 35.161145274000035 ], [ 33.568330677000063, 35.166265471000031 ], [ 33.57061, 35.187257999000053 ] ] ] ] } },
{ "type": "Feature", "properties": { "GISCO_ID": "CY_3233", "CNTR_CODE": "CY", "LAU_ID": "3233", "LAU_NAME": "Αγγαστίνα", "cell_coverage": [ [ 0.3557, 0.1248 ], [ 0.2883, 0.45 ] ], "xmin": 33.541666666666664, "xmax": 33.625, "ymin": 35.16666666666665, "ymax": 35.25 }, "geometry": { "type": "MultiPolygon", "coordinates": [ [ [ [ 33.560929500000043, 35.191572499000074 ], [ 33.558781, 35.209081999000034 ], [ 33.556875097000045, 35.223089235000032 ], [ 33.572317372000043, 35.225872336000066 ], [ 33.571272500000077, 35.234859999000037 ], [ 33.568164, 35.241499999000041 ], [ 33.580152, 35.247631499000079 ], [ 33.578764, 35.23678699900006 ], [ 33.585012999000071, 35.225654193000025 ], [ 33.598745627000028, 35.213757691000069 ], [ 33.609915440000066, 35.20808050800008 ], [ 33.622972, 35.187566999000069 ], [ 33.616866253000069, 35.183970909000038 ], [ 33.61007644700004, 35.185878264000053 ], [ 33.576266500000031, 35.183870499000079 ], [ 33.57061, 35.187257999000053 ], [ 33.560929500000043, 35.191572499000074 ] ] ] ] } },
{ "type": "Feature", "properties": { "GISCO_ID": "CY_3234", "CNTR_CODE": "CY", "LAU_ID": "3234", "LAU_NAME": "Μαραθόβουνος", "cell_coverage": [ [ 0, 0.0003, 0, 0 ], [ 0.0086, 0.6022, 0.5016, 0.0194 ], [ 0, 0.1031, 0.3362, 0.0938 ] ], "xmin": 33.541666666666664, "xmax": 33.708333333333329, "ymin": 35.166666666666657, "ymax": 35.291666666666657 }, "geometry": { "type": "MultiPolygon", "coordinates": [ [ [ [ 33.677810500000078, 35.189914999000052 ], [ 33.664126500000066, 35.186959999000067 ], [ 33.655957048000062, 35.188121240000044 ], [ 33.655582518000074, 35.193074439000043 ], [ 33.645903796000027, 35.197239805000038 ], [ 33.642626327000073, 35.202163966000057 ], [ 33.636366864000024, 35.19724057500008 ], [ 33.625014659000044, 35.197982412000044 ], [ 33.629384, 35.188935499000024 ], [ 33.622972, 35.187566999000069 ], [ 33.609915440000066, 35.20808050800008 ], [ 33.598745627000028, 35.213757691000069 ], [ 33.585012999000071, 35.225654193000025 ], [ 33.578764, 35.23678699900006 ], [ 33.589249337000069, 35.233058891000042 ], [ 33.603317569000069, 35.233427856000048 ], [ 33.603268950000029, 35.242512306000037 ], [ 33.608057299000052, 35.245601850000071 ], [ 33.621268127000064, 35.238762512000051 ], [ 33.623653, 35.250859999000056 ], [ 33.623882, 35.250875499000074 ], [ 33.629196659000058, 35.239602629000046 ], [ 33.636516232000076, 35.232580298000073 ], [ 33.668743500000062, 35.217452499000046 ], [ 33.677810500000078, 35.189914999000052 ] ] ] ] } },
{ "type": "Feature", "properties": { "GISCO_ID": "CY_3235", "CNTR_CODE": "CY", "LAU_ID": "3235", "LAU_NAME": "Βιτσάδα", "cell_coverage": [ [ 0.0006, 0.0397, 0 ], [ 0.0003, 0.4244, 0.0581 ] ], "xmin": 33.583333333333329, "xmax": 33.708333333333329, "ymin": 35.208333333333321, "ymax": 35.291666666666657 }, "geometry": { "type": "MultiPolygon", "coordinates": [ [ [ [ 33.67490250000003, 35.228862999000057 ], [ 33.668743500000062, 35.217452499000046 ], [ 33.636516232000076, 35.232580298000073 ], [ 33.629196659000058, 35.239602629000046 ], [ 33.623882, 35.250875499000074 ], [ 33.63853223600006, 35.254866895000077 ], [ 33.650386885000046, 35.249860633000026 ], [ 33.659461852000049, 35.239999610000041 ], [ 33.670363, 35.235627499000032 ], [ 33.67490250000003, 35.228862999000057 ] ] ] ] } },
{ "type": "Feature", "properties": { "GISCO_ID": "CY_6100", "CNTR_CODE": "CY", "LAU_ID": "6100", "LAU_NAME": "Κούκλια Πάφου", "cell_coverage": [ [ 0.2367, 0.2627, 0.1285 ], [ 0.349, 0.8292, 0.5086 ], [ 0, 0.001, 0.0542 ] ], "xmin": 32.541666666666664, "xmax": 32.666666666666664, "ymin": 34.625, "ymax": 34.75 }, "geometry": { "type": "MultiPolygon", "coordinates": [ [ [ [ 32.556943, 34.719113499000059 ], [ 32.571180126000058, 34.719347698000036 ], [ 32.579275500000051, 34.725035999000056 ], [ 32.596824126000058, 34.717075476000048 ], [ 32.610731957000041, 34.72020579000008 ], [ 32.63733250000007, 34.716048499000067 ], [ 32.656452992000027, 34.712846192000029 ], [ 32.658730500000047, 34.711114999000074 ], [ 32.64197372600006, 34.704042661000074 ], [ 32.647819692000041, 34.691005820000044 ], [ 32.645106972000065, 34.682512038000027 ], [ 32.648064500000032, 34.669742499000051 ], [ 32.648208500000067, 34.660583999000039 ], [ 32.647617500000024, 34.658113499000024 ], [ 32.633525539000061, 34.664340632000062 ], [ 32.61226608100003, 34.668144444000063 ], [ 32.582876139000064, 34.685531261000051 ], [ 32.573845794000079, 34.686977393000063 ], [ 32.554433117000031, 34.69694035100008 ], [ 32.548304500000029, 34.696685499000068 ], [ 32.546721867000031, 34.710796991000052 ], [ 32.550228532000062, 34.716054643000064 ], [ 32.556943, 34.719113499000059 ] ] ] ] } },
{ "type": "Feature", "properties": { "GISCO_ID": "CY_5146", "CNTR_CODE": "CY", "LAU_ID": "5146", "LAU_NAME": "Καλό Χωριό Λεμεσού", "cell_coverage": [ [ 0.2303, 0.5554, 0.42 ], [ 0.064, 0.0971, 0.0269 ] ], "xmin": 32.958333333333329, "xmax": 33.083333333333329, "ymin": 34.79166666666665, "ymax": 34.875 }, "geometry": { "type": "MultiPolygon", "coordinates": [ [ [ [ 33.057859500000063, 34.863140999000052 ], [ 33.064514203000044, 34.862104933000069 ], [ 33.076596, 34.854465499000071 ], [ 33.078654627000049, 34.845121139000071 ], [ 33.083164, 34.842044499000053 ], [ 33.076766588000055, 34.838184610000042 ], [ 33.076301799000078, 34.82926933300007 ], [ 33.071818, 34.826185499000076 ], [ 33.062818034000031, 34.837106339000059 ], [ 33.061489969000036, 34.842109594000078 ], [ 33.055900574000077, 34.841677763000064 ], [ 33.048959296000078, 34.845928986000047 ], [ 33.044167887000071, 34.846118219000061 ], [ 33.025758284000062, 34.837413182000034 ], [ 33.022107666000068, 34.831042668000066 ], [ 33.014297960000079, 34.825611589000061 ], [ 33.009596776000024, 34.825432713000055 ], [ 33.008886, 34.822955999000044 ], [ 32.986149500000067, 34.827286499000024 ], [ 32.978876635000063, 34.84201216200006 ], [ 32.97265150000004, 34.844107499000074 ], [ 32.978580500000078, 34.848944999000025 ], [ 33.000586619000046, 34.855313202000048 ], [ 33.023708176000071, 34.856180215000052 ], [ 33.029948500000046, 34.870978499000046 ], [ 33.044817151000075, 34.85643105500003 ], [ 33.057859500000063, 34.863140999000052 ] ] ] ] } },
{ "type": "Feature", "properties": { "GISCO_ID": "CY_6214", "CNTR_CODE": "CY", "LAU_ID": "6214", "LAU_NAME": "Μέσανα", "cell_coverage": [ [ 0.0831, 0.1387 ], [ 0.0054, 0.0011 ] ], "xmin": 32.666666666666664, "xmax": 32.75, "ymin": 34.79166666666665, "ymax": 34.875 }, "geometry": { "type": "MultiPolygon", "coordinates": [ [ [ [ 32.705807, 34.830374999000071 ], [ 32.702836838000053, 34.833778573000075 ], [ 32.708604739000066, 34.839569535000066 ], [ 32.707713004000027, 34.842875298000024 ], [ 32.693702500000029, 34.850023499000031 ], [ 32.698811901000056, 34.852361371000029 ], [ 32.700873500000057, 34.858842499000048 ], [ 32.71551862900003, 34.852698467000039 ], [ 32.71735433300006, 34.847976937000055 ], [ 32.724678500000039, 34.850404499000035 ], [ 32.72232, 34.845490999000049 ], [ 32.72244, 34.835962499000061 ], [ 32.714571182000043, 34.835474619000024 ], [ 32.705807, 34.830374999000071 ] ] ] ] } },
{ "type": "Feature", "properties": { "GISCO_ID": "CY_6215", "CNTR_CODE": "CY", "LAU_ID": "6215", "LAU_NAME": "Πραιτώρι", "cell_coverage": [ [ 0.162, 0.0331 ], [ 0.0509, 0.0002 ] ], "xmin": 32.708333333333329, "xmax": 32.791666666666664, "ymin": 34.79166666666665, "ymax": 34.875 }, "geometry": { "type": "MultiPolygon", "coordinates": [ [ [ [ 32.72244, 34.835962499000061 ], [ 32.72232, 34.845490999000049 ], [ 32.737624117000053, 34.846797438000067 ], [ 32.748169500000074, 34.856794499000046 ], [ 32.757772, 34.851834499000063 ], [ 32.748209505000034, 34.838596043000052 ], [ 32.750354122000033, 34.829239232000077 ], [ 32.747276500000055, 34.825097499000037 ], [ 32.742407761000038, 34.822055770000077 ], [ 32.736635, 34.823305499000071 ], [ 32.743981081000072, 34.833195586000045 ], [ 32.740820932000076, 34.842004358000054 ], [ 32.731247130000042, 34.841560119000064 ], [ 32.72244, 34.835962499000061 ] ] ] ] } },
{ "type": "Feature", "properties": { "GISCO_ID": "CY_6216", "CNTR_CODE": "CY", "LAU_ID": "6216", "LAU_NAME": "Φιλούσα Κελοκεδάρων", "cell_coverage": [ [ 0.1841 ] ], "xmin": 32.708333333333329, "xmax": 32.75, "ymin": 34.833333333333321, "ymax": 34.875 }, "geometry": { "type": "MultiPolygon", "coordinates": [ [ [ [ 32.748169500000074, 34.856794499000046 ], [ 32.737624117000053, 34.846797438000067 ], [ 32.72232, 34.845490999000049 ], [ 32.724678500000039, 34.850404499000035 ], [ 32.734378, 34.87049999900006 ], [ 32.737292060000073, 34.86489189200006 ], [ 32.743935146000069, 34.862438883000038 ], [ 32.748169500000074, 34.856794499000046 ] ] ] ] } },
{ "type": "Feature", "properties": { "GISCO_ID": "CY_6217", "CNTR_CODE": "CY", "LAU_ID": "6217", "LAU_NAME": "Αρμίνου", "cell_coverage": [ [ 0.0005, 0.137 ], [ 0.0542, 0.3059 ] ], "xmin": 32.666666666666664, "xmax": 32.75, "ymin": 34.833333333333321, "ymax": 34.916666666666657 }, "geometry": { "type": "MultiPolygon", "coordinates": [ [ [ [ 32.700873500000057, 34.858842499000048 ], [ 32.70449682900005, 34.872125950000054 ], [ 32.713269456000035, 34.882050037000056 ], [ 32.723131500000079, 34.886116499000025 ], [ 32.733609644000069, 34.885363637000069 ], [ 32.73672102900008, 34.873976037000034 ], [ 32.734378, 34.87049999900006 ], [ 32.724678500000039, 34.850404499000035 ], [ 32.71735433300006, 34.847976937000055 ], [ 32.71551862900003, 34.852698467000039 ], [ 32.700873500000057, 34.858842499000048 ] ] ] ] } },
{ "type": "Feature", "properties": { "GISCO_ID": "CY_6218", "CNTR_CODE": "CY", "LAU_ID": "6218", "LAU_NAME": "Άγιος Νικόλαος Πάφου", "cell_coverage": [ [ 0.0005, 0, 0 ], [ 0.4758, 0.6523, 0.0199 ], [ 0.1092, 0.317, 0 ] ], "xmin": 32.708333333333329, "xmax": 32.833333333333329, "ymin": 34.833333333333321, "ymax": 34.958333333333321 }, "geometry": { "type": "MultiPolygon", "coordinates": [ [ [ [ 32.757772, 34.851834499000063 ], [ 32.748169500000074, 34.856794499000046 ], [ 32.743935146000069, 34.862438883000038 ], [ 32.737292060000073, 34.86489189200006 ], [ 32.734378, 34.87049999900006 ], [ 32.73672102900008, 34.873976037000034 ], [ 32.733609644000069, 34.885363637000069 ], [ 32.723131500000079, 34.886116499000025 ], [ 32.721731500000033, 34.89001999900006 ], [ 32.724791174000075, 34.897940325000036 ], [ 32.731452260000026, 34.90403352900006 ], [ 32.733077953000077, 34.912389518000055 ], [ 32.741017601000067, 34.917151470000078 ], [ 32.759408260000043, 34.913933746000055 ], [ 32.763040304000072, 34.906464956000036 ], [ 32.77229, 34.907949999000039 ], [ 32.773623500000042, 34.895895499000062 ], [ 32.778422968000029, 34.891540192000036 ], [ 32.792276, 34.890237499000079 ], [ 32.796205092000037, 34.878215859000079 ], [ 32.785627190000071, 34.874538828000027 ], [ 32.78129, 34.863659999000049 ], [ 32.76969734100004, 34.861723981000068 ], [ 32.757772, 34.851834499000063 ] ] ] ] } },
{ "type": "Feature", "properties": { "GISCO_ID": "CY_6219", "CNTR_CODE": "CY", "LAU_ID": "6219", "LAU_NAME": "Άγιος Ιωάννης Πάφου", "cell_coverage": [ [ 0, 0.4445, 0.0865 ], [ 0.0648, 0.5308, 0 ] ], "xmin": 32.625, "xmax": 32.75, "ymin": 34.833333333333321, "ymax": 34.916666666666657 }, "geometry": { "type": "MultiPolygon", "coordinates": [ [ [ [ 32.700873500000057, 34.858842499000048 ], [ 32.698811901000056, 34.852361371000029 ], [ 32.693702500000029, 34.850023499000031 ], [ 32.682937825000067, 34.845177125000077 ], [ 32.662576500000057, 34.852830499000049 ], [ 32.65895, 34.858678499000064 ], [ 32.66164836300004, 34.869410234000043 ], [ 32.668499, 34.872992499000077 ], [ 32.674754098000051, 34.876034296000057 ], [ 32.677063819000068, 34.884930889000032 ], [ 32.686795500000073, 34.892100999000036 ], [ 32.690911498000048, 34.896338370000024 ], [ 32.692168482000056, 34.907550506000064 ], [ 32.698500300000035, 34.909175807000054 ], [ 32.710075345000064, 34.905212462000065 ], [ 32.703840661000072, 34.897767769000041 ], [ 32.721731500000033, 34.89001999900006 ], [ 32.723131500000079, 34.886116499000025 ], [ 32.713269456000035, 34.882050037000056 ], [ 32.70449682900005, 34.872125950000054 ], [ 32.700873500000057, 34.858842499000048 ] ] ] ] } },
{ "type": "Feature", "properties": { "GISCO_ID": "CY_6220", "CNTR_CODE": "CY", "LAU_ID": "6220", "LAU_NAME": "Αμαργέτη", "cell_coverage": [ [ 0.1027, 0.0577 ], [ 0.3005, 0.4007 ], [ 0, 0.0104 ] ], "xmin": 32.541666666666664, "xmax": 32.625, "ymin": 34.75, "ymax": 34.875 }, "geometry": { "type": "MultiPolygon", "coordinates": [ [ [ [ 32.561028500000077, 34.827883499000052 ], [ 32.5643, 34.836812999000074 ], [ 32.578837500000077, 34.846611999000061 ], [ 32.585695500000043, 34.84289749900006 ], [ 32.593562868000049, 34.843472208000037 ], [ 32.592976540000052, 34.836282749000077 ], [ 32.59896, 34.825767499000051 ], [ 32.596753038000031, 34.818063966000068 ], [ 32.608043, 34.801620999000079 ], [ 32.594938015000025, 34.793400242000075 ], [ 32.591293, 34.788124999000047 ], [ 32.578168500000061, 34.794133999000053 ], [ 32.570552625000062, 34.81661129500003 ], [ 32.561028500000077, 34.827883499000052 ] ] ] ] } },
{ "type": "Feature", "properties": { "GISCO_ID": "CY_6221", "CNTR_CODE": "CY", "LAU_ID": "6221", "LAU_NAME": "Αγία Μαρίνα Κελοκεδάρων", "cell_coverage": [ [ 0.025, 0.018 ], [ 0.3255, 0.053 ] ], "xmin": 32.583333333333329, "xmax": 32.666666666666664, "ymin": 34.79166666666665, "ymax": 34.875 }, "geometry": { "type": "MultiPolygon", "coordinates": [ [ [ [ 32.59896, 34.825767499000051 ], [ 32.622680570000057, 34.839189727000075 ], [ 32.628235864000033, 34.838220245000059 ], [ 32.636856, 34.831093999000075 ], [ 32.610954, 34.805880999000067 ], [ 32.608043, 34.801620999000079 ], [ 32.596753038000031, 34.818063966000068 ], [ 32.59896, 34.825767499000051 ] ] ] ] } },
{ "type": "Feature", "properties": { "GISCO_ID": "CY_5320", "CNTR_CODE": "CY", "LAU_ID": "5320", "LAU_NAME": "Δωρά", "cell_coverage": [ [ 0.0205, 0.2337, 0 ], [ 0.014, 0.6458, 0.079 ], [ 0, 0.0008, 0 ] ], "xmin": 32.666666666666664, "xmax": 32.791666666666664, "ymin": 34.708333333333321, "ymax": 34.833333333333321 }, "geometry": { "type": "MultiPolygon", "coordinates": [ [ [ [ 32.719070500000043, 34.749085499000046 ], [ 32.717116689000079, 34.756165851000048 ], [ 32.721813176000069, 34.769812954000031 ], [ 32.726624774000072, 34.775341483000034 ], [ 32.716155969000056, 34.78166434700006 ], [ 32.706472, 34.782672999000056 ], [ 32.70505573500003, 34.790819143000078 ], [ 32.701966735000042, 34.793478556000025 ], [ 32.706048500000065, 34.799154999000052 ], [ 32.712380255000028, 34.802437514000076 ], [ 32.718909084000074, 34.801008110000055 ], [ 32.721148, 34.80381649900005 ], [ 32.732695500000034, 34.804501999000024 ], [ 32.743926865000049, 34.800051723000024 ], [ 32.747418096000047, 34.790733858000067 ], [ 32.751961192000067, 34.790488970000069 ], [ 32.753650790000052, 34.78588787800004 ], [ 32.762952, 34.784656999000049 ], [ 32.751973, 34.769367499000055 ], [ 32.748259440000027, 34.769831682000074 ], [ 32.734451472000046, 34.754237637000074 ], [ 32.719070500000043, 34.749085499000046 ] ] ] ] } },
{ "type": "Feature", "properties": { "GISCO_ID": "CY_5321", "CNTR_CODE": "CY", "LAU_ID": "5321", "LAU_NAME": "Γεροβάσα (Τρόζενα)", "cell_coverage": [ [ 0.2408, 0 ] ], "xmin": 32.708333333333329, "xmax": 32.791666666666664, "ymin": 34.791666666666657, "ymax": 34.833333333333321 }, "geometry": { "type": "MultiPolygon", "coordinates": [ [ [ [ 32.747276500000055, 34.825097499000037 ], [ 32.750106500000072, 34.821428499000035 ], [ 32.745550337000054, 34.807122105000076 ], [ 32.732695500000034, 34.804501999000024 ], [ 32.721148, 34.80381649900005 ], [ 32.720507349000059, 34.81158391200006 ], [ 32.727932500000065, 34.819207499000072 ], [ 32.736635, 34.823305499000071 ], [ 32.742407761000038, 34.822055770000077 ], [ 32.747276500000055, 34.825097499000037 ] ] ] ] } },
{ "type": "Feature", "properties": { "GISCO_ID": "CY_5323", "CNTR_CODE": "CY", "LAU_ID": "5323", "LAU_NAME": "Κισσούσα", "cell_coverage": [ [ 0.0241, 0.1373 ] ], "xmin": 32.75, "xmax": 32.833333333333336, "ymin": 34.791666666666657, "ymax": 34.833333333333321 }, "geometry": { "type": "MultiPolygon", "coordinates": [ [ [ [ 32.792694, 34.817704999000057 ], [ 32.803127183000072, 34.811268361000032 ], [ 32.815140500000041, 34.808640999000033 ], [ 32.807431096000073, 34.807007193000061 ], [ 32.80373650000007, 34.800320499000065 ], [ 32.795263694000027, 34.796235743000068 ], [ 32.78478350000006, 34.800033499000051 ], [ 32.790540039000064, 34.807586926000056 ], [ 32.792694, 34.817704999000057 ] ] ] ] } },
{ "type": "Feature", "properties": { "GISCO_ID": "CY_5324", "CNTR_CODE": "CY", "LAU_ID": "5324", "LAU_NAME": "Μαλιά", "cell_coverage": [ [ 0.086, 0.6026, 0.002 ], [ 0.0016, 0.059, 0 ] ], "xmin": 32.708333333333329, "xmax": 32.833333333333329, "ymin": 34.75, "ymax": 34.833333333333321 }, "geometry": { "type": "MultiPolygon", "coordinates": [ [ [ [ 32.78478350000006, 34.800033499000051 ], [ 32.762952, 34.784656999000049 ], [ 32.753650790000052, 34.78588787800004 ], [ 32.751961192000067, 34.790488970000069 ], [ 32.747418096000047, 34.790733858000067 ], [ 32.743926865000049, 34.800051723000024 ], [ 32.732695500000034, 34.804501999000024 ], [ 32.745550337000054, 34.807122105000076 ], [ 32.750106500000072, 34.821428499000035 ], [ 32.76121471700003, 34.816850803000079 ], [ 32.773332, 34.82288599900005 ], [ 32.777029262000042, 34.818497741000044 ], [ 32.784950922000064, 34.822498995000046 ], [ 32.790860618000067, 34.821019135000029 ], [ 32.792694, 34.817704999000057 ], [ 32.790540039000064, 34.807586926000056 ], [ 32.78478350000006, 34.800033499000051 ] ] ] ] } },
{ "type": "Feature", "properties": { "GISCO_ID": "CY_5325", "CNTR_CODE": "CY", "LAU_ID": "5325", "LAU_NAME": "Βάσα Κοιλανίου", "cell_coverage": [ [ 0.1964, 0.0733 ], [ 0.122, 0.0759 ] ], "xmin": 32.75, "xmax": 32.833333333333336, "ymin": 34.79166666666665, "ymax": 34.875 }, "geometry": { "type": "MultiPolygon", "coordinates": [ [ [ [ 32.782503500000075, 34.862820999000064 ], [ 32.788127184000075, 34.855058474000032 ], [ 32.793039322000027, 34.853134261000037 ], [ 32.798516626000037, 34.843359261000046 ], [ 32.797727843000075, 34.840071973000079 ], [ 32.804048, 34.834441499000036 ], [ 32.798673786000052, 34.820543845000032 ], [ 32.792694, 34.817704999000057 ], [ 32.790860618000067, 34.821019135000029 ], [ 32.784950922000064, 34.822498995000046 ], [ 32.777029262000042, 34.818497741000044 ], [ 32.773332, 34.82288599900005 ], [ 32.776359335000052, 34.833523609000054 ], [ 32.775133892000042, 34.844214710000074 ], [ 32.781342927000026, 34.849478057000056 ], [ 32.778984251000054, 34.854946466000058 ], [ 32.782503500000075, 34.862820999000064 ] ] ] ] } },
{ "type": "Feature", "properties": { "GISCO_ID": "CY_3338", "CNTR_CODE": "CY", "LAU_ID": "3338", "LAU_NAME": "Επτακώμη", "cell_coverage": [ [ 0, 0.1639, 0.3437, 0 ], [ 0.1397, 0.8266, 0.5078, 0.0002 ] ], "xmin": 33.958333333333329, "xmax": 34.125, "ymin": 35.41666666666665, "ymax": 35.5 }, "geometry": { "type": "MultiPolygon", "coordinates": [ [ [ [ 34.032771500000024, 35.418276499000058 ], [ 34.024698541000078, 35.423281916000064 ], [ 34.017368044000079, 35.419880621000061 ], [ 34.011904465000043, 35.42064969900008 ], [ 34.003445554000052, 35.43615432100006 ], [ 33.992239924000046, 35.441445376000047 ], [ 33.984001180000064, 35.441423817000043 ], [ 33.98077, 35.447907999000051 ], [ 33.98950549500006, 35.454965349000076 ], [ 34.00755433300003, 35.458089320000056 ], [ 34.028974342000026, 35.470249539000065 ], [ 34.039979741000025, 35.471258590000048 ], [ 34.052905429000077, 35.480882116000032 ], [ 34.058649, 35.480257999000059 ], [ 34.07516, 35.465395999000066 ], [ 34.082755630000065, 35.457255093000072 ], [ 34.083538949000058, 35.446891056000027 ], [ 34.063674222000031, 35.441519342000049 ], [ 34.057516960000044, 35.436927583000056 ], [ 34.052961517000028, 35.428069858000072 ], [ 34.03603462500007, 35.420255624000049 ], [ 34.032771500000024, 35.418276499000058 ] ] ] ] } },
{ "type": "Feature", "properties": { "GISCO_ID": "CY_3340", "CNTR_CODE": "CY", "LAU_ID": "3340", "LAU_NAME": "Κώμα του Γιαλού", "cell_coverage": [ [ 0.3621, 0.4919, 0.0099 ], [ 0.2892, 0.0322, 0 ] ], "xmin": 34.083333333333329, "xmax": 34.208333333333329, "ymin": 35.375, "ymax": 35.458333333333321 }, "geometry": { "type": "MultiPolygon", "coordinates": [ [ [ [ 34.096734500000025, 35.401582499000028 ], [ 34.096225076000053, 35.408475198000076 ], [ 34.110567011000057, 35.420255624000049 ], [ 34.10900255100006, 35.426785387000052 ], [ 34.102030581000065, 35.430204426000046 ], [ 34.097503466000035, 35.440406788000075 ], [ 34.105236, 35.448064499000054 ], [ 34.130818832000045, 35.443427521000046 ], [ 34.149904500000048, 35.449251999000069 ], [ 34.14943192000004, 35.441833014000053 ], [ 34.158215158000075, 35.442764518000047 ], [ 34.173033, 35.438539999000056 ], [ 34.140564031000054, 35.420255624000049 ], [ 34.10350150000005, 35.38834999900007 ], [ 34.102067496000075, 35.396946099000047 ], [ 34.096734500000025, 35.401582499000028 ] ] ] ] } },
{ "type": "Feature", "properties": { "GISCO_ID": "CY_3341", "CNTR_CODE": "CY", "LAU_ID": "3341", "LAU_NAME": "Νέτα", "cell_coverage": [ [ 0.0156, 0.3407, 0.0173 ], [ 0.0009, 0.024, 0 ] ], "xmin": 34.166666666666664, "xmax": 34.291666666666664, "ymin": 35.41666666666665, "ymax": 35.5 }, "geometry": { "type": "MultiPolygon", "coordinates": [ [ [ [ 34.215444500000046, 35.483144499000048 ], [ 34.231965479000053, 35.471319234000077 ], [ 34.261333500000035, 35.475403499000038 ], [ 34.262135, 35.474701499000048 ], [ 34.20976950000005, 35.45285399900007 ], [ 34.206872274000034, 35.458834977000038 ], [ 34.20702882300003, 35.475692671000047 ], [ 34.209151972000029, 35.483243974000061 ], [ 34.215444500000046, 35.483144499000048 ] ] ] ] } },
{ "type": "Feature", "properties": { "GISCO_ID": "CY_3342", "CNTR_CODE": "CY", "LAU_ID": "3342", "LAU_NAME": "Βοθύλακας", "cell_coverage": [ [ 0.518, 0.0036 ], [ 0.1033, 0.0014 ] ], "xmin": 34.166666666666664, "xmax": 34.25, "ymin": 35.41666666666665, "ymax": 35.5 }, "geometry": { "type": "MultiPolygon", "coordinates": [ [ [ [ 34.20976950000005, 35.45285399900007 ], [ 34.191148, 35.446987499000045 ], [ 34.181398318000049, 35.466355835000059 ], [ 34.180331140000078, 35.482484 ], [ 34.168409, 35.492067499000029 ], [ 34.202486500000077, 35.491294499000048 ], [ 34.206492109000067, 35.485060654000051 ], [ 34.215444500000046, 35.483144499000048 ], [ 34.209151972000029, 35.483243974000061 ], [ 34.20702882300003, 35.475692671000047 ], [ 34.206872274000034, 35.458834977000038 ], [ 34.20976950000005, 35.45285399900007 ] ] ] ] } },
{ "type": "Feature", "properties": { "GISCO_ID": "CY_3343", "CNTR_CODE": "CY", "LAU_ID": "3343", "LAU_NAME": "Λυθράγκωμη", "cell_coverage": [ [ 0.0907, 0.2494 ], [ 0, 0.0997 ] ], "xmin": 34.125, "xmax": 34.208333333333336, "ymin": 35.41666666666665, "ymax": 35.5 }, "geometry": { "type": "MultiPolygon", "coordinates": [ [ [ [ 34.168409, 35.492067499000029 ], [ 34.180331140000078, 35.482484 ], [ 34.181398318000049, 35.466355835000059 ], [ 34.191148, 35.446987499000045 ], [ 34.180676500000061, 35.441882999000029 ], [ 34.175359903000071, 35.455311473000052 ], [ 34.160028670000031, 35.463917636000076 ], [ 34.159364500000038, 35.481452499000056 ], [ 34.165016080000044, 35.484463688000062 ], [ 34.164952038000024, 35.489403113000037 ], [ 34.168409, 35.492067499000029 ] ] ] ] } },
{ "type": "Feature", "properties": { "GISCO_ID": "CY_6101", "CNTR_CODE": "CY", "LAU_ID": "6101", "LAU_NAME": "Μανδριά Πάφου", "cell_coverage": [ [ 0.1797, 0.0962 ], [ 0.1015, 0.0351 ] ], "xmin": 32.5, "xmax": 32.583333333333336, "ymin": 34.66666666666665, "ymax": 34.75 }, "geometry": { "type": "MultiPolygon", "coordinates": [ [ [ [ 32.548304500000029, 34.696685499000068 ], [ 32.54009698200008, 34.699964457000078 ], [ 32.53004547300003, 34.69835243700004 ], [ 32.518403500000034, 34.706177999000033 ], [ 32.520435500000076, 34.725755499000059 ], [ 32.54353151600003, 34.718202667000071 ], [ 32.554584500000033, 34.726117499000054 ], [ 32.558429500000045, 34.727948499000036 ], [ 32.561662441000067, 34.727757083000029 ], [ 32.562293479000061, 34.724987381000062 ], [ 32.560851162000063, 34.722014347000027 ], [ 32.557845967000048, 34.720769282000049 ], [ 32.556943, 34.719113499000059 ], [ 32.550228532000062, 34.716054643000064 ], [ 32.546721867000031, 34.710796991000052 ], [ 32.548304500000029, 34.696685499000068 ] ] ] ] } },
{ "type": "Feature", "properties": { "GISCO_ID": "CY_6102", "CNTR_CODE": "CY", "LAU_ID": "6102", "LAU_NAME": "Νικόκλεια", "cell_coverage": [ [ 0.1557 ] ], "xmin": 32.541666666666664, "xmax": 32.583333333333329, "ymin": 34.708333333333321, "ymax": 34.75 }, "geometry": { "type": "MultiPolygon", "coordinates": [ [ [ [ 32.577905, 34.741558999000063 ], [ 32.582009550000066, 34.732017151000036 ], [ 32.579275500000051, 34.725035999000056 ], [ 32.571180126000058, 34.719347698000036 ], [ 32.556943, 34.719113499000059 ], [ 32.557845967000048, 34.720769282000049 ], [ 32.560851162000063, 34.722014347000027 ], [ 32.562293479000061, 34.724987381000062 ], [ 32.561662441000067, 34.727757083000029 ], [ 32.558429500000045, 34.727948499000036 ], [ 32.568533267000078, 34.731349479000073 ], [ 32.577905, 34.741558999000063 ] ] ] ] } },
{ "type": "Feature", "properties": { "GISCO_ID": "CY_6103", "CNTR_CODE": "CY", "LAU_ID": "6103", "LAU_NAME": "Σουσκιού", "cell_coverage": [ [ 0, 0.0586, 0 ], [ 0.0472, 0.7319, 0.1104 ] ], "xmin": 32.541666666666664, "xmax": 32.666666666666664, "ymin": 34.708333333333321, "ymax": 34.791666666666657 }, "geometry": { "type": "MultiPolygon", "coordinates": [ [ [ [ 32.603651500000069, 34.757857999000066 ], [ 32.6133, 34.752692499000034 ], [ 32.61151865000005, 34.749599751000062 ], [ 32.619620286000043, 34.750800362000064 ], [ 32.629121293000026, 34.742411067000035 ], [ 32.627452253000058, 34.737319878000051 ], [ 32.632723500000054, 34.728307499000039 ], [ 32.637017938000042, 34.721467651000069 ], [ 32.63733250000007, 34.716048499000067 ], [ 32.610731957000041, 34.72020579000008 ], [ 32.596824126000058, 34.717075476000048 ], [ 32.579275500000051, 34.725035999000056 ], [ 32.582009550000066, 34.732017151000036 ], [ 32.577905, 34.741558999000063 ], [ 32.582113, 34.74971799900004 ], [ 32.598769505000064, 34.753093256000056 ], [ 32.603651500000069, 34.757857999000066 ] ] ] ] } },
{ "type": "Feature", "properties": { "GISCO_ID": "CY_6104", "CNTR_CODE": "CY", "LAU_ID": "6104", "LAU_NAME": "Τίμη", "cell_coverage": [ [ 0.1185, 0.4553 ], [ 0.0208, 0.0173 ] ], "xmin": 32.458333333333329, "xmax": 32.541666666666664, "ymin": 34.66666666666665, "ymax": 34.75 }, "geometry": { "type": "MultiPolygon", "coordinates": [ [ [ [ 32.498317, 34.744448999000042 ], [ 32.513193974000046, 34.746266822000052 ], [ 32.520903, 34.743511999000077 ], [ 32.52595331200007, 34.734778198000072 ], [ 32.520435500000076, 34.725755499000059 ], [ 32.518403500000034, 34.706177999000033 ], [ 32.508530791000055, 34.707793240000058 ], [ 32.495223620000047, 34.703471756000056 ], [ 32.489006500000073, 34.707824499000026 ], [ 32.491248066000026, 34.722578134000059 ], [ 32.498664433000044, 34.731767822000052 ], [ 32.498317, 34.744448999000042 ] ] ] ] } },
{ "type": "Feature", "properties": { "GISCO_ID": "CY_6106", "CNTR_CODE": "CY", "LAU_ID": "6106", "LAU_NAME": "Αγία Βαρβάρα Πάφου", "cell_coverage": [ [ 0.0735, 0.2664 ], [ 0.0505, 0.0595 ] ], "xmin": 32.458333333333329, "xmax": 32.541666666666664, "ymin": 34.708333333333321, "ymax": 34.791666666666657 }, "geometry": { "type": "MultiPolygon", "coordinates": [ [ [ [ 32.488718500000061, 34.753032499000028 ], [ 32.492549238000038, 34.760629914000049 ], [ 32.500170042000036, 34.765767999000047 ], [ 32.512555377000069, 34.765662784000028 ], [ 32.519229, 34.772802999000078 ], [ 32.525127520000069, 34.767479254000079 ], [ 32.532725, 34.767377999000075 ], [ 32.52332670900006, 34.756177593000075 ], [ 32.520903, 34.743511999000077 ], [ 32.513193974000046, 34.746266822000052 ], [ 32.498317, 34.744448999000042 ], [ 32.482184500000074, 34.744331499000054 ], [ 32.488718500000061, 34.753032499000028 ] ] ] ] } },
{ "type": "Feature", "properties": { "GISCO_ID": "CY_6107", "CNTR_CODE": "CY", "LAU_ID": "6107", "LAU_NAME": "Αναρίτα", "cell_coverage": [ [ 0.167, 0.1335 ], [ 0.3055, 0.2793 ] ], "xmin": 32.5, "xmax": 32.583333333333336, "ymin": 34.708333333333321, "ymax": 34.791666666666657 }, "geometry": { "type": "MultiPolygon", "coordinates": [ [ [ [ 32.520435500000076, 34.725755499000059 ], [ 32.52595331200007, 34.734778198000072 ], [ 32.520903, 34.743511999000077 ], [ 32.52332670900006, 34.756177593000075 ], [ 32.532725, 34.767377999000075 ], [ 32.538920500000074, 34.771167999000056 ], [ 32.551835494000045, 34.764222478000079 ], [ 32.557516, 34.754703999000071 ], [ 32.563075451000032, 34.743546839000032 ], [ 32.554584500000033, 34.726117499000054 ], [ 32.54353151600003, 34.718202667000071 ], [ 32.520435500000076, 34.725755499000059 ] ] ] ] } },
{ "type": "Feature", "properties": { "GISCO_ID": "CY_6108", "CNTR_CODE": "CY", "LAU_ID": "6108", "LAU_NAME": "Φοίνικας", "cell_coverage": [ [ 0.0982 ], [ 0.1848 ] ], "xmin": 32.541666666666664, "xmax": 32.583333333333329, "ymin": 34.708333333333321, "ymax": 34.791666666666657 }, "geometry": { "type": "MultiPolygon", "coordinates": [ [ [ [ 32.579120500000045, 34.763034499000071 ], [ 32.576125728000079, 34.756188595000026 ], [ 32.582113, 34.74971799900004 ], [ 32.577905, 34.741558999000063 ], [ 32.568533267000078, 34.731349479000073 ], [ 32.558429500000045, 34.727948499000036 ], [ 32.554584500000033, 34.726117499000054 ], [ 32.563075451000032, 34.743546839000032 ], [ 32.557516, 34.754703999000071 ], [ 32.562372921000076, 34.758730611000033 ], [ 32.568241092000051, 34.756911799000079 ], [ 32.579120500000045, 34.763034499000071 ] ] ] ] } },
{ "type": "Feature", "properties": { "GISCO_ID": "CY_4210", "CNTR_CODE": "CY", "LAU_ID": "4210", "LAU_NAME": "Καλό Χωριό Λάρνακας", "cell_coverage": [ [ 0.0593, 0.6896, 0.2929 ], [ 0.0681, 0.2254, 0.2194 ] ], "xmin": 33.458333333333329, "xmax": 33.583333333333329, "ymin": 34.875, "ymax": 34.958333333333321 }, "geometry": { "type": "MultiPolygon", "coordinates": [ [ [ [ 33.485460500000045, 34.91164849900008 ], [ 33.482035500000052, 34.920183499000075 ], [ 33.49120238200004, 34.924084748000041 ], [ 33.500261, 34.921757273000026 ], [ 33.50520429900007, 34.923935974000074 ], [ 33.50458321900004, 34.933841528000073 ], [ 33.510141480000073, 34.940444557000035 ], [ 33.511288500000035, 34.951343499000075 ], [ 33.521741864000035, 34.950039742000058 ], [ 33.527062500000056, 34.95217849900007 ], [ 33.543271924000067, 34.947333086000071 ], [ 33.554197421000026, 34.940025135000042 ], [ 33.561673212000073, 34.926337661000048 ], [ 33.56636603700008, 34.923310924000077 ], [ 33.567433798000025, 34.912154160000057 ], [ 33.571705063000024, 34.908944844000075 ], [ 33.562054700000033, 34.906468482000037 ], [ 33.55773, 34.900697999000045 ], [ 33.553107500000067, 34.898838999000077 ], [ 33.551342221000027, 34.901157144000024 ], [ 33.545937262000052, 34.897975305000045 ], [ 33.544521404000079, 34.902532632000032 ], [ 33.533487905000072, 34.898941932000071 ], [ 33.524897967000072, 34.90951246700007 ], [ 33.513137773000039, 34.913411487000076 ], [ 33.506291390000058, 34.908875845000068 ], [ 33.494490412000061, 34.90746265000007 ], [ 33.485460500000045, 34.91164849900008 ] ] ] ] } },
{ "type": "Feature", "properties": { "GISCO_ID": "CY_4211", "CNTR_CODE": "CY", "LAU_ID": "4211", "LAU_NAME": "Αγία Άννα", "cell_coverage": [ [ 0.0006, 0 ], [ 0.5397, 0.1477 ] ], "xmin": 33.458333333333329, "xmax": 33.541666666666664, "ymin": 34.91666666666665, "ymax": 34.999999999999986 }, "geometry": { "type": "MultiPolygon", "coordinates": [ [ [ [ 33.476044, 34.923176499000078 ], [ 33.465910460000032, 34.931716925000046 ], [ 33.470203672000025, 34.946225562000052 ], [ 33.477066285000035, 34.946748092000064 ], [ 33.485808752000025, 34.955830983000055 ], [ 33.498109, 34.958931499000073 ], [ 33.511288500000035, 34.951343499000075 ], [ 33.510141480000073, 34.940444557000035 ], [ 33.50458321900004, 34.933841528000073 ], [ 33.50520429900007, 34.923935974000074 ], [ 33.500261, 34.921757273000026 ], [ 33.49120238200004, 34.924084748000041 ], [ 33.482035500000052, 34.920183499000075 ], [ 33.476044, 34.923176499000078 ] ] ] ] } },
{ "type": "Feature", "properties": { "GISCO_ID": "CY_4212", "CNTR_CODE": "CY", "LAU_ID": "4212", "LAU_NAME": "Μοσφιλωτή", "cell_coverage": [ [ 0.0217, 0.1889 ], [ 0.019, 0.4383 ] ], "xmin": 33.375, "xmax": 33.458333333333336, "ymin": 34.91666666666665, "ymax": 34.999999999999986 }, "geometry": { "type": "MultiPolygon", "coordinates": [ [ [ [ 33.449473, 34.942018999000027 ], [ 33.444473490000064, 34.936487984000053 ], [ 33.42738307500008, 34.93553343800005 ], [ 33.420366, 34.930394999000043 ], [ 33.413171834000025, 34.937519230000078 ], [ 33.413089500000069, 34.941436499000076 ], [ 33.419030260000056, 34.95354642500007 ], [ 33.412239500000055, 34.971926999000061 ], [ 33.415499037000075, 34.976014747000079 ], [ 33.428765, 34.97098199900006 ], [ 33.434224639000035, 34.965820673000053 ], [ 33.443733397000074, 34.96517781700004 ], [ 33.448875, 34.960761999000056 ], [ 33.452210599000068, 34.946490119000032 ], [ 33.449473, 34.942018999000027 ] ] ] ] } },
{ "type": "Feature", "properties": { "GISCO_ID": "CY_1468", "CNTR_CODE": "CY", "LAU_ID": "1468", "LAU_NAME": "Μοσφίλι", "cell_coverage": [ [ 0.0382, 0.0472 ] ], "xmin": 32.583333333333329, "xmax": 32.666666666666664, "ymin": 35.166666666666657, "ymax": 35.208333333333321 }, "geometry": { "type": "MultiPolygon", "coordinates": [ [ [ [ 32.621439500000065, 35.17423799900007 ], [ 32.622243974000071, 35.185606261000032 ], [ 32.630478332000052, 35.184998847000031 ], [ 32.635426, 35.181262999000069 ], [ 32.627591077000034, 35.174987664000071 ], [ 32.626108102000046, 35.16949840500007 ], [ 32.622143, 35.168794499000057 ], [ 32.616584500000044, 35.172097999000073 ], [ 32.621439500000065, 35.17423799900007 ] ] ] ] } },
{ "type": "Feature", "properties": { "GISCO_ID": "CY_2000", "CNTR_CODE": "CY", "LAU_ID": "2000", "LAU_NAME": "Κερύνεια", "cell_coverage": [ [ 0.0104, 0.2153, 0.0151 ], [ 0, 0.3669, 0.0027 ] ], "xmin": 33.25, "xmax": 33.375, "ymin": 35.29166666666665, "ymax": 35.375 }, "geometry": { "type": "MultiPolygon", "coordinates": [ [ [ [ 33.337369500000079, 35.331983499000046 ], [ 33.330680761000053, 35.332736425000064 ], [ 33.327319148000072, 35.317123415000026 ], [ 33.328052, 35.314636499000073 ], [ 33.328109500000039, 35.314654499000028 ], [ 33.32328341300007, 35.309767428000043 ], [ 33.302397500000041, 35.31208699900003 ], [ 33.300128, 35.313592999000036 ], [ 33.299661525000033, 35.334980992000055 ], [ 33.294522347000054, 35.335306063000075 ], [ 33.29291412200007, 35.339471701000036 ], [ 33.288561031000029, 35.340883218000045 ], [ 33.289681, 35.346485999000038 ], [ 33.291411182000047, 35.348548196000024 ], [ 33.304335811000044, 35.341650736000076 ], [ 33.321630733000063, 35.343082628000047 ], [ 33.338609500000075, 35.337895499000069 ], [ 33.337369500000079, 35.331983499000046 ] ] ] ] } },
{ "type": "Feature", "properties": { "GISCO_ID": "CY_2100", "CNTR_CODE": "CY", "LAU_ID": "2100", "LAU_NAME": "Πάνω Δίκωμο", "cell_coverage": [ [ 0, 0.1073, 0.0134 ], [ 0.032, 0.432, 0.2914 ] ], "xmin": 33.25, "xmax": 33.375, "ymin": 35.25, "ymax": 35.333333333333321 }, "geometry": { "type": "MultiPolygon", "coordinates": [ [ [ [ 33.359746, 35.272797499000035 ], [ 33.349636548000035, 35.267962428000033 ], [ 33.334259641000074, 35.267507121000051 ], [ 33.321791389000055, 35.273807673000078 ], [ 33.284863047000044, 35.276030056000025 ], [ 33.280675500000029, 35.27888099900008 ], [ 33.286253756000065, 35.278466455000057 ], [ 33.292591272000038, 35.292363558000034 ], [ 33.299623, 35.297561999000038 ], [ 33.336039390000053, 35.295270538000068 ], [ 33.356864, 35.285132499000042 ], [ 33.355495537000024, 35.277849649000075 ], [ 33.359746, 35.272797499000035 ] ] ] ] } },
{ "type": "Feature", "properties": { "GISCO_ID": "CY_3344", "CNTR_CODE": "CY", "LAU_ID": "3344", "LAU_NAME": "Βασίλι", "cell_coverage": [ [ 0.1774, 0.0018 ], [ 0.1623, 0.1145 ] ], "xmin": 34.125, "xmax": 34.208333333333336, "ymin": 35.41666666666665, "ymax": 35.5 }, "geometry": { "type": "MultiPolygon", "coordinates": [ [ [ [ 34.173033, 35.438539999000056 ], [ 34.158215158000075, 35.442764518000047 ], [ 34.14943192000004, 35.441833014000053 ], [ 34.149904500000048, 35.449251999000069 ], [ 34.145953356000064, 35.480731788000071 ], [ 34.159364500000038, 35.481452499000056 ], [ 34.160028670000031, 35.463917636000076 ], [ 34.175359903000071, 35.455311473000052 ], [ 34.180676500000061, 35.441882999000029 ], [ 34.173033, 35.438539999000056 ] ] ] ] } },
{ "type": "Feature", "properties": { "GISCO_ID": "CY_3345", "CNTR_CODE": "CY", "LAU_ID": "3345", "LAU_NAME": "Λεονάρισσο", "cell_coverage": [ [ 0.2103, 0.3421 ], [ 0.1866, 0.1771 ] ], "xmin": 34.083333333333329, "xmax": 34.166666666666664, "ymin": 35.41666666666665, "ymax": 35.5 }, "geometry": { "type": "MultiPolygon", "coordinates": [ [ [ [ 34.145953356000064, 35.480731788000071 ], [ 34.149904500000048, 35.449251999000069 ], [ 34.130818832000045, 35.443427521000046 ], [ 34.105236, 35.448064499000054 ], [ 34.101010560000077, 35.447957983000038 ], [ 34.094945363000079, 35.456484242000045 ], [ 34.088801, 35.458642999000062 ], [ 34.100828215000035, 35.465252982000038 ], [ 34.105093596000074, 35.462715721000052 ], [ 34.108156423000025, 35.468648923000046 ], [ 34.118161616000066, 35.474121016000026 ], [ 34.12143350000008, 35.480592999000066 ], [ 34.135526199000026, 35.487260667000044 ], [ 34.147631500000045, 35.482866999000066 ], [ 34.145953356000064, 35.480731788000071 ] ] ] ] } },
{ "type": "Feature", "properties": { "GISCO_ID": "CY_3346", "CNTR_CODE": "CY", "LAU_ID": "3346", "LAU_NAME": "Πλατανισσός", "cell_coverage": [ [ 0, 0.0004 ], [ 0.2703, 0.6837 ] ], "xmin": 34.041666666666664, "xmax": 34.125, "ymin": 35.458333333333321, "ymax": 35.541666666666657 }, "geometry": { "type": "MultiPolygon", "coordinates": [ [ [ [ 34.12143350000008, 35.480592999000066 ], [ 34.118161616000066, 35.474121016000026 ], [ 34.108156423000025, 35.468648923000046 ], [ 34.105093596000074, 35.462715721000052 ], [ 34.100828215000035, 35.465252982000038 ], [ 34.088801, 35.458642999000062 ], [ 34.07516, 35.465395999000066 ], [ 34.058649, 35.480257999000059 ], [ 34.078119294000032, 35.494050920000063 ], [ 34.116056, 35.500449499000069 ], [ 34.117427379000048, 35.490656001000048 ], [ 34.124543, 35.488426999000069 ], [ 34.12143350000008, 35.480592999000066 ] ] ] ] } },
{ "type": "Feature", "properties": { "GISCO_ID": "CY_1304", "CNTR_CODE": "CY", "LAU_ID": "1304", "LAU_NAME": "Πολύστυπος", "cell_coverage": [ [ 0.1438 ] ], "xmin": 33.0, "xmax": 33.041666666666664, "ymin": 34.916666666666657, "ymax": 34.958333333333321 }, "geometry": { "type": "MultiPolygon", "coordinates": [ [ [ [ 33.003103500000066, 34.946152999000049 ], [ 33.01230862400007, 34.947023138000077 ], [ 33.025205500000027, 34.943551999000078 ], [ 33.026633500000059, 34.942914999000038 ], [ 33.022715500000061, 34.931286499000066 ], [ 33.01384446000003, 34.931734145000064 ], [ 33.007993, 34.937326499000051 ], [ 33.004302500000051, 34.941488499000059 ], [ 33.003103500000066, 34.946152999000049 ] ] ] ] } },
{ "type": "Feature", "properties": { "GISCO_ID": "CY_1305", "CNTR_CODE": "CY", "LAU_ID": "1305", "LAU_NAME": "Λαγουδερά", "cell_coverage": [ [ 0.0024, 0.3998, 0.0261 ], [ 0.0038, 0.0307, 0 ] ], "xmin": 32.958333333333329, "xmax": 33.083333333333329, "ymin": 34.91666666666665, "ymax": 34.999999999999986 }, "geometry": { "type": "MultiPolygon", "coordinates": [ [ [ [ 33.048193, 34.991553999000075 ], [ 33.040289906000055, 34.975791171000026 ], [ 33.033915500000035, 34.971146999000041 ], [ 33.025590124000075, 34.967057584000031 ], [ 33.023874500000034, 34.962169999000025 ], [ 33.015682085000037, 34.954527677000044 ], [ 32.995573500000035, 34.956836999000075 ], [ 33.033155, 34.993518999000059 ], [ 33.048193, 34.991553999000075 ] ] ] ] } },
{ "type": "Feature", "properties": { "GISCO_ID": "CY_1306", "CNTR_CODE": "CY", "LAU_ID": "1306", "LAU_NAME": "Σαράντι", "cell_coverage": [ [ 0, 0.0058 ], [ 0.1332, 0.3609 ], [ 0.0292, 0 ] ], "xmin": 32.958333333333329, "xmax": 33.041666666666664, "ymin": 34.916666666666657, "ymax": 35.041666666666657 }, "geometry": { "type": "MultiPolygon", "coordinates": [ [ [ [ 33.033155, 34.993518999000059 ], [ 32.995573500000035, 34.956836999000075 ], [ 32.994563500000027, 34.955110499000057 ], [ 32.985809, 34.953427499000043 ], [ 32.982273, 34.955536499000061 ], [ 32.992864861000044, 34.976356348000024 ], [ 33.004592679000041, 34.987429742000074 ], [ 33.010524, 35.001879999000039 ], [ 33.02850718600007, 34.998474476000069 ], [ 33.033155, 34.993518999000059 ] ] ] ] } },
{ "type": "Feature", "properties": { "GISCO_ID": "CY_1307", "CNTR_CODE": "CY", "LAU_ID": "1307", "LAU_NAME": "Λιβάδια Λευκωσίας", "cell_coverage": [ [ 0, 0.0063 ], [ 0.0132, 0.1587 ] ], "xmin": 32.958333333333329, "xmax": 33.041666666666664, "ymin": 34.91666666666665, "ymax": 34.999999999999986 }, "geometry": { "type": "MultiPolygon", "coordinates": [ [ [ [ 33.003103500000066, 34.946152999000049 ], [ 32.994563500000027, 34.955110499000057 ], [ 32.995573500000035, 34.956836999000075 ], [ 33.015682085000037, 34.954527677000044 ], [ 33.023874500000034, 34.962169999000025 ], [ 33.027761249000037, 34.952916148000043 ], [ 33.025205500000027, 34.943551999000078 ], [ 33.01230862400007, 34.947023138000077 ], [ 33.003103500000066, 34.946152999000049 ] ] ] ] } },
{ "type": "Feature", "properties": { "GISCO_ID": "CY_1308", "CNTR_CODE": "CY", "LAU_ID": "1308", "LAU_NAME": "Αληθινού", "cell_coverage": [ [ 0.0828 ], [ 0.0815 ] ], "xmin": 33.0, "xmax": 33.041666666666664, "ymin": 34.91666666666665, "ymax": 34.999999999999986 }, "geometry": { "type": "MultiPolygon", "coordinates": [ [ [ [ 33.026633500000059, 34.942914999000038 ], [ 33.025205500000027, 34.943551999000078 ], [ 33.027761249000037, 34.952916148000043 ], [ 33.023874500000034, 34.962169999000025 ], [ 33.025590124000075, 34.967057584000031 ], [ 33.033915500000035, 34.971146999000041 ], [ 33.03885684200003, 34.965832379000062 ], [ 33.037818338000079, 34.958210846000043 ], [ 33.034184155000048, 34.954288459000054 ], [ 33.038216244000068, 34.949317218000033 ], [ 33.037471, 34.946013999000058 ], [ 33.026633500000059, 34.942914999000038 ] ] ] ] } },
{ "type": "Feature", "properties": { "GISCO_ID": "CY_1309", "CNTR_CODE": "CY", "LAU_ID": "1309", "LAU_NAME": "Πλατανιστάσα", "cell_coverage": [ [ 0, 0.3365, 0.0041 ], [ 0.0438, 0.6145, 0 ], [ 0.0427, 0.1515, 0 ] ], "xmin": 33.0, "xmax": 33.125, "ymin": 34.916666666666657, "ymax": 35.041666666666657 }, "geometry": { "type": "MultiPolygon", "coordinates": [ [ [ [ 33.048193, 34.991553999000075 ], [ 33.048808, 34.991620499000078 ], [ 33.055125040000064, 34.995859490000043 ], [ 33.068739659000073, 35.016512284000044 ], [ 33.069390443000032, 35.020341457000029 ], [ 33.064505527000051, 35.024713663000057 ], [ 33.069971118000069, 35.032238151000058 ], [ 33.076362596000024, 35.034307639000076 ], [ 33.078454, 35.04007449900007 ], [ 33.083873468000036, 35.029072782000071 ], [ 33.083745, 35.015269499000055 ], [ 33.080063200000041, 35.00779190600008 ], [ 33.082688, 35.000790499000061 ], [ 33.082520944000066, 34.994233138000027 ], [ 33.06570468700005, 34.976027690000024 ], [ 33.065612676000057, 34.966984739000054 ], [ 33.058460613000079, 34.959671709000077 ], [ 33.053671, 34.94158999900003 ], [ 33.050365180000028, 34.93832820700004 ], [ 33.041798731000029, 34.940327377000074 ], [ 33.037471, 34.946013999000058 ], [ 33.038216244000068, 34.949317218000033 ], [ 33.034184155000048, 34.954288459000054 ], [ 33.037818338000079, 34.958210846000043 ], [ 33.03885684200003, 34.965832379000062 ], [ 33.033915500000035, 34.971146999000041 ], [ 33.040289906000055, 34.975791171000026 ], [ 33.048193, 34.991553999000075 ] ] ] ] } },
{ "type": "Feature", "properties": { "GISCO_ID": "CY_1310", "CNTR_CODE": "CY", "LAU_ID": "1310", "LAU_NAME": "Παλαιχώρι Ορεινής", "cell_coverage": [ [ 0, 0.1427, 0.1325 ], [ 0, 0.4116, 0.1391 ], [ 0.0436, 0.2326, 0 ] ], "xmin": 33.041666666666664, "xmax": 33.166666666666664, "ymin": 34.875, "ymax": 34.999999999999986 }, "geometry": { "type": "MultiPolygon", "coordinates": [ [ [ [ 33.13335950000004, 34.975457999000071 ], [ 33.136204920000068, 34.961812845000054 ], [ 33.133545898000079, 34.942850414000077 ], [ 33.12800468000006, 34.932660309000028 ], [ 33.133658, 34.924499999000034 ], [ 33.125435500000037, 34.927571999000065 ], [ 33.118511713000032, 34.932558288000052 ], [ 33.106565559000046, 34.921555997000041 ], [ 33.106655696000075, 34.910584560000075 ], [ 33.109748272000047, 34.904962233000049 ], [ 33.113954500000034, 34.903891499000053 ], [ 33.115920956000025, 34.900478962000079 ], [ 33.111227, 34.893798999000069 ], [ 33.103312444000039, 34.900108417000069 ], [ 33.08913132400005, 34.901713580000035 ], [ 33.080697582000028, 34.899369887000034 ], [ 33.07492, 34.892033499000036 ], [ 33.071036500000048, 34.892251999000052 ], [ 33.079610253000055, 34.90604675700007 ], [ 33.093786676000036, 34.915120985000044 ], [ 33.093820134000055, 34.923806058000025 ], [ 33.100651244000062, 34.929340323000076 ], [ 33.108489793000047, 34.948139972000035 ], [ 33.108758393000073, 34.957161964000079 ], [ 33.114564647000066, 34.964004270000032 ], [ 33.114146, 34.979285999000069 ], [ 33.129621822000047, 34.982518660000039 ], [ 33.132558, 34.980490499000041 ], [ 33.136150927000074, 34.978395660000047 ], [ 33.13335950000004, 34.975457999000071 ] ] ] ] } },
{ "type": "Feature", "properties": { "GISCO_ID": "CY_4213", "CNTR_CODE": "CY", "LAU_ID": "4213", "LAU_NAME": "Ψευδάς", "cell_coverage": [ [ 0.0348, 0.2779 ], [ 0.1229, 0.3115 ] ], "xmin": 33.416666666666664, "xmax": 33.5, "ymin": 34.91666666666665, "ymax": 34.999999999999986 }, "geometry": { "type": "MultiPolygon", "coordinates": [ [ [ [ 33.476044, 34.923176499000078 ], [ 33.47278521000004, 34.921581762000073 ], [ 33.458590568000034, 34.926059578000036 ], [ 33.451679513000045, 34.933282201000054 ], [ 33.449473, 34.942018999000027 ], [ 33.452210599000068, 34.946490119000032 ], [ 33.448875, 34.960761999000056 ], [ 33.458590568000034, 34.969050285000037 ], [ 33.471947671000066, 34.975745980000056 ], [ 33.492826, 34.966687499000045 ], [ 33.498109, 34.958931499000073 ], [ 33.485808752000025, 34.955830983000055 ], [ 33.477066285000035, 34.946748092000064 ], [ 33.470203672000025, 34.946225562000052 ], [ 33.465910460000032, 34.931716925000046 ], [ 33.476044, 34.923176499000078 ] ] ] ] } },
{ "type": "Feature", "properties": { "GISCO_ID": "CY_4215", "CNTR_CODE": "CY", "LAU_ID": "4215", "LAU_NAME": "Κόρνος", "cell_coverage": [ [ 0.0717, 0.4414, 0.0109 ], [ 0.3137, 0.7785, 0 ], [ 0, 0.1212, 0 ] ], "xmin": 33.333333333333329, "xmax": 33.458333333333329, "ymin": 34.833333333333321, "ymax": 34.958333333333321 }, "geometry": { "type": "MultiPolygon", "coordinates": [ [ [ [ 33.403309500000034, 34.864426499000047 ], [ 33.394833336000033, 34.86397237400007 ], [ 33.382119500000044, 34.870520999000064 ], [ 33.379917514000056, 34.883694343000059 ], [ 33.352513, 34.890566999000043 ], [ 33.348824687000047, 34.892717022000056 ], [ 33.348886, 34.897722499000054 ], [ 33.368019674000038, 34.915053737000051 ], [ 33.369483500000058, 34.936672999000052 ], [ 33.370294500000057, 34.937065999000026 ], [ 33.397873771000036, 34.933368109000071 ], [ 33.407966821000059, 34.936020081000038 ], [ 33.413089500000069, 34.941436499000076 ], [ 33.413171834000025, 34.937519230000078 ], [ 33.420366, 34.930394999000043 ], [ 33.407927249000068, 34.908332431000076 ], [ 33.410692313000027, 34.897251757000049 ], [ 33.405870209000057, 34.886902237000072 ], [ 33.408435741000062, 34.879868331000068 ], [ 33.403309500000034, 34.864426499000047 ] ] ] ] } },
{ "type": "Feature", "properties": { "GISCO_ID": "CY_4216", "CNTR_CODE": "CY", "LAU_ID": "4216", "LAU_NAME": "Δελίκηπος", "cell_coverage": [ [ 0.3424, 0.381 ], [ 0.0406, 0.2014 ] ], "xmin": 33.291666666666664, "xmax": 33.375, "ymin": 34.875, "ymax": 34.958333333333321 }, "geometry": { "type": "MultiPolygon", "coordinates": [ [ [ [ 33.302915, 34.917748999000025 ], [ 33.307043390000047, 34.925391302000037 ], [ 33.306054847000041, 34.929392473000064 ], [ 33.324765500000069, 34.94524799900006 ], [ 33.336329769000031, 34.940802810000037 ], [ 33.343995562000032, 34.930360979000056 ], [ 33.36246129400007, 34.937017924000031 ], [ 33.369483500000058, 34.936672999000052 ], [ 33.368019674000038, 34.915053737000051 ], [ 33.348886, 34.897722499000054 ], [ 33.340844907000076, 34.909604074000072 ], [ 33.318793076000077, 34.913299276000032 ], [ 33.313827795000066, 34.920581890000051 ], [ 33.302915, 34.917748999000025 ] ] ] ] } },
{ "type": "Feature", "properties": { "GISCO_ID": "CY_4217", "CNTR_CODE": "CY", "LAU_ID": "4217", "LAU_NAME": "Κόση", "cell_coverage": [ [ 0, 0.0075 ], [ 0.0347, 0.5965 ], [ 0.0001, 0.101 ] ], "xmin": 33.458333333333329, "xmax": 33.541666666666664, "ymin": 34.916666666666657, "ymax": 35.041666666666657 }, "geometry": { "type": "MultiPolygon", "coordinates": [ [ [ [ 33.511288500000035, 34.951343499000075 ], [ 33.498109, 34.958931499000073 ], [ 33.492826, 34.966687499000045 ], [ 33.499868399000036, 34.965380316000051 ], [ 33.495944975000043, 34.972542714000042 ], [ 33.503279, 34.985031999000057 ], [ 33.508133970000074, 34.986592419000033 ], [ 33.51194980300005, 34.993824008000047 ], [ 33.510842897000032, 35.004502456000068 ], [ 33.514756, 35.002665499000045 ], [ 33.514830937000056, 34.997313363000046 ], [ 33.525048811000033, 34.991255183000078 ], [ 33.529004974000031, 34.983665977000044 ], [ 33.536225500000057, 34.982489999000052 ], [ 33.530063625000025, 34.976959647000058 ], [ 33.535111777000054, 34.962448737000045 ], [ 33.527062500000056, 34.95217849900007 ], [ 33.521741864000035, 34.950039742000058 ], [ 33.511288500000035, 34.951343499000075 ] ] ] ] } },
{ "type": "Feature", "properties": { "GISCO_ID": "CY_1412", "CNTR_CODE": "CY", "LAU_ID": "1412", "LAU_NAME": "Φλάσου", "cell_coverage": [ [ 0.2744, 0.0227 ] ], "xmin": 32.875, "xmax": 32.958333333333336, "ymin": 35.041666666666657, "ymax": 35.083333333333321 }, "geometry": { "type": "MultiPolygon", "coordinates": [ [ [ [ 32.880073500000037, 35.074506499000051 ], [ 32.883159500000033, 35.074681499000064 ], [ 32.892928468000036, 35.068303816000025 ], [ 32.898588453000059, 35.068010111000035 ], [ 32.918849, 35.075201499000059 ], [ 32.923673376000067, 35.070838867000077 ], [ 32.909954517000074, 35.059517154000048 ], [ 32.900460667000061, 35.055392408000046 ], [ 32.890252, 35.055420499000036 ], [ 32.881005, 35.056526999000027 ], [ 32.882486327000038, 35.065970438000079 ], [ 32.880073500000037, 35.074506499000051 ] ] ] ] } },
{ "type": "Feature", "properties": { "GISCO_ID": "CY_1414", "CNTR_CODE": "CY", "LAU_ID": "1414", "LAU_NAME": "Άγιος Επιφάνιος Σολέας", "cell_coverage": [ [ 0.3203, 0.0815 ] ], "xmin": 32.833333333333329, "xmax": 32.916666666666664, "ymin": 35.041666666666657, "ymax": 35.083333333333321 }, "geometry": { "type": "MultiPolygon", "coordinates": [ [ [ [ 32.855592500000057, 35.070707999000035 ], [ 32.869982617000062, 35.076772046000031 ], [ 32.880073500000037, 35.074506499000051 ], [ 32.882486327000038, 35.065970438000079 ], [ 32.881005, 35.056526999000027 ], [ 32.878980028000058, 35.052409684000054 ], [ 32.860100614000032, 35.05067826800007 ], [ 32.85019, 35.046792499000048 ], [ 32.846155206000049, 35.054796474000057 ], [ 32.854519052000057, 35.063311991000035 ], [ 32.855592500000057, 35.070707999000035 ] ] ] ] } },
{ "type": "Feature", "properties": { "GISCO_ID": "CY_1415", "CNTR_CODE": "CY", "LAU_ID": "1415", "LAU_NAME": "Ληνού", "cell_coverage": [ [ 0.0627, 0.0005 ], [ 0.215, 0.007 ] ], "xmin": 32.875, "xmax": 32.958333333333336, "ymin": 35.04166666666665, "ymax": 35.125 }, "geometry": { "type": "MultiPolygon", "coordinates": [ [ [ [ 32.918849, 35.075201499000059 ], [ 32.898588453000059, 35.068010111000035 ], [ 32.892928468000036, 35.068303816000025 ], [ 32.883159500000033, 35.074681499000064 ], [ 32.892646927000044, 35.08208880400008 ], [ 32.89461745400007, 35.085750305000033 ], [ 32.902866743000061, 35.085851142000024 ], [ 32.908551500000044, 35.092884499000036 ], [ 32.916574500000024, 35.086842999000055 ], [ 32.918849, 35.075201499000059 ] ] ] ] } },
{ "type": "Feature", "properties": { "GISCO_ID": "CY_1416", "CNTR_CODE": "CY", "LAU_ID": "1416", "LAU_NAME": "Κατύδατα", "cell_coverage": [ [ 0.0929, 0.1482 ], [ 0.0927, 0.0669 ] ], "xmin": 32.833333333333329, "xmax": 32.916666666666664, "ymin": 35.04166666666665, "ymax": 35.125 }, "geometry": { "type": "MultiPolygon", "coordinates": [ [ [ [ 32.859582500000045, 35.092688999000075 ], [ 32.863569354000049, 35.090698660000044 ], [ 32.869863935000069, 35.093151388000024 ], [ 32.872036426000079, 35.094689568000035 ], [ 32.873101510000026, 35.097144527000069 ], [ 32.875674739000033, 35.097432438000055 ], [ 32.877760613000078, 35.099689166000076 ], [ 32.880643, 35.098892999000043 ], [ 32.876345532000073, 35.094298782000067 ], [ 32.881769897000027, 35.088994686000035 ], [ 32.892227, 35.095302999000069 ], [ 32.893159, 35.094512499000075 ], [ 32.901505162000035, 35.090476208000041 ], [ 32.908551500000044, 35.092884499000036 ], [ 32.902866743000061, 35.085851142000024 ], [ 32.89461745400007, 35.085750305000033 ], [ 32.892646927000044, 35.08208880400008 ], [ 32.883159500000033, 35.074681499000064 ], [ 32.880073500000037, 35.074506499000051 ], [ 32.869982617000062, 35.076772046000031 ], [ 32.855592500000057, 35.070707999000035 ], [ 32.858909500000038, 35.091336499000079 ], [ 32.859582500000045, 35.092688999000075 ] ] ] ] } },
{ "type": "Feature", "properties": { "GISCO_ID": "CY_1417", "CNTR_CODE": "CY", "LAU_ID": "1417", "LAU_NAME": "Σκουριώτισσα (Φουκάσα)", "cell_coverage": [ [ 0.0455 ] ], "xmin": 32.875, "xmax": 32.916666666666664, "ymin": 35.083333333333321, "ymax": 35.125 }, "geometry": { "type": "MultiPolygon", "coordinates": [ [ [ [ 32.880643, 35.098892999000043 ], [ 32.88201550000008, 35.096670999000025 ], [ 32.887149973000078, 35.097982988000069 ], [ 32.892227, 35.095302999000069 ], [ 32.881769897000027, 35.088994686000035 ], [ 32.876345532000073, 35.094298782000067 ], [ 32.880643, 35.098892999000043 ] ] ] ] } },
{ "type": "Feature", "properties": { "GISCO_ID": "CY_1420", "CNTR_CODE": "CY", "LAU_ID": "1420", "LAU_NAME": "Πεδουλάς", "cell_coverage": [ [ 0.2807, 0.1691 ], [ 0.027, 0.1224 ] ], "xmin": 32.791666666666664, "xmax": 32.875, "ymin": 34.91666666666665, "ymax": 34.999999999999986 }, "geometry": { "type": "MultiPolygon", "coordinates": [ [ [ [ 32.798257, 34.962205499000049 ], [ 32.803529229000048, 34.976646078000044 ], [ 32.80895350000003, 34.977760499000055 ], [ 32.815239809000047, 34.970413265000047 ], [ 32.829193281000073, 34.977257054000063 ], [ 32.837778384000046, 34.976131229000032 ], [ 32.85709, 34.962788499000055 ], [ 32.854258, 34.946916499000054 ], [ 32.846751825000069, 34.947126315000048 ], [ 32.823470500000042, 34.956040499000039 ], [ 32.808828213000027, 34.962831446000052 ], [ 32.798257, 34.962205499000049 ] ] ] ] } },
{ "type": "Feature", "properties": { "GISCO_ID": "CY_2101", "CNTR_CODE": "CY", "LAU_ID": "2101", "LAU_NAME": "Κάτω Δίκωμο", "cell_coverage": [ [ 0.3385, 0.5677, 0.3071 ], [ 0.045, 0.2132, 0.1478 ] ], "xmin": 33.25, "xmax": 33.375, "ymin": 35.208333333333321, "ymax": 35.291666666666657 }, "geometry": { "type": "MultiPolygon", "coordinates": [ [ [ [ 33.267231, 35.27698699900003 ], [ 33.270447500000046, 35.276194499000042 ], [ 33.274251767000067, 35.274494024000035 ], [ 33.277627941000048, 35.280728049000061 ], [ 33.280675500000029, 35.27888099900008 ], [ 33.284863047000044, 35.276030056000025 ], [ 33.321791389000055, 35.273807673000078 ], [ 33.334259641000074, 35.267507121000051 ], [ 33.349636548000035, 35.267962428000033 ], [ 33.359746, 35.272797499000035 ], [ 33.361698675000071, 35.265252080000039 ], [ 33.36641639700008, 35.260658939000052 ], [ 33.359246387000042, 35.256165442000054 ], [ 33.359265, 35.240760999000031 ], [ 33.32989073400006, 35.239262712000027 ], [ 33.326486, 35.234645999000065 ], [ 33.321649, 35.234841999000025 ], [ 33.314699516000076, 35.242653759000063 ], [ 33.292826945000058, 35.245335175000037 ], [ 33.286173590000033, 35.242391444000077 ], [ 33.267243, 35.255123999000034 ], [ 33.271741082000062, 35.261312659000055 ], [ 33.267231, 35.27698699900003 ] ] ] ] } },
{ "type": "Feature", "properties": { "GISCO_ID": "CY_2102", "CNTR_CODE": "CY", "LAU_ID": "2102", "LAU_NAME": "Κουτσοβέντης", "cell_coverage": [ [ 0.2151, 0.5508 ], [ 0.0378, 0.0265 ] ], "xmin": 33.375, "xmax": 33.458333333333336, "ymin": 35.208333333333321, "ymax": 35.291666666666657 }, "geometry": { "type": "MultiPolygon", "coordinates": [ [ [ [ 33.453114500000027, 35.280349999000066 ], [ 33.441765428000053, 35.268237348000071 ], [ 33.444587654000031, 35.255791458000033 ], [ 33.439073500000063, 35.250997999000049 ], [ 33.427816500000063, 35.248211499000035 ], [ 33.408253, 35.242053999000063 ], [ 33.403362665000031, 35.257573505000039 ], [ 33.409681995000028, 35.271127965000062 ], [ 33.406703500000049, 35.280836499000031 ], [ 33.406562500000064, 35.286005499000055 ], [ 33.409984, 35.287688999000068 ], [ 33.410171, 35.287625499000058 ], [ 33.453114500000027, 35.280349999000066 ] ] ] ] } },
{ "type": "Feature", "properties": { "GISCO_ID": "CY_2103", "CNTR_CODE": "CY", "LAU_ID": "2103", "LAU_NAME": "Βουνό", "cell_coverage": [ [ 0.0068, 0.4118 ], [ 0, 0.0973 ] ], "xmin": 33.333333333333329, "xmax": 33.416666666666664, "ymin": 35.208333333333321, "ymax": 35.291666666666657 }, "geometry": { "type": "MultiPolygon", "coordinates": [ [ [ [ 33.387552, 35.239988999000047 ], [ 33.387160386000062, 35.242452112000024 ], [ 33.389647916000058, 35.246353600000077 ], [ 33.386592293000035, 35.25902234800003 ], [ 33.383269359000053, 35.259612294000078 ], [ 33.378573639000024, 35.256957020000073 ], [ 33.372530071000028, 35.258855376000042 ], [ 33.371930431000067, 35.261552714000061 ], [ 33.382422649000034, 35.269219705000069 ], [ 33.386156089000053, 35.269918096000026 ], [ 33.386150045000079, 35.273298333000071 ], [ 33.389941, 35.279957445000036 ], [ 33.398951261000036, 35.282793841000057 ], [ 33.406703500000049, 35.280836499000031 ], [ 33.409681995000028, 35.271127965000062 ], [ 33.403362665000031, 35.257573505000039 ], [ 33.408253, 35.242053999000063 ], [ 33.403860500000064, 35.241431499000043 ], [ 33.387552, 35.239988999000047 ] ] ] ] } },
{ "type": "Feature", "properties": { "GISCO_ID": "CY_2104", "CNTR_CODE": "CY", "LAU_ID": "2104", "LAU_NAME": "Σιχαρί", "cell_coverage": [ [ 0.3106, 0.269 ], [ 0.0857, 0.0763 ] ], "xmin": 33.333333333333329, "xmax": 33.416666666666664, "ymin": 35.208333333333321, "ymax": 35.291666666666657 }, "geometry": { "type": "MultiPolygon", "coordinates": [ [ [ [ 33.356864, 35.285132499000042 ], [ 33.389900904000058, 35.28842475600004 ], [ 33.406562500000064, 35.286005499000055 ], [ 33.406703500000049, 35.280836499000031 ], [ 33.398951261000036, 35.282793841000057 ], [ 33.389941, 35.279957445000036 ], [ 33.386150045000079, 35.273298333000071 ], [ 33.386156089000053, 35.269918096000026 ], [ 33.382422649000034, 35.269219705000069 ], [ 33.371930431000067, 35.261552714000061 ], [ 33.372530071000028, 35.258855376000042 ], [ 33.378573639000024, 35.256957020000073 ], [ 33.383269359000053, 35.259612294000078 ], [ 33.386592293000035, 35.25902234800003 ], [ 33.389647916000058, 35.246353600000077 ], [ 33.387160386000062, 35.242452112000024 ], [ 33.387552, 35.239988999000047 ], [ 33.359265, 35.240760999000031 ], [ 33.359246387000042, 35.256165442000054 ], [ 33.36641639700008, 35.260658939000052 ], [ 33.361698675000071, 35.265252080000039 ], [ 33.359746, 35.272797499000035 ], [ 33.355495537000024, 35.277849649000075 ], [ 33.356864, 35.285132499000042 ] ] ] ] } },
{ "type": "Feature", "properties": { "GISCO_ID": "CY_2110", "CNTR_CODE": "CY", "LAU_ID": "2110", "LAU_NAME": "Φότα", "cell_coverage": [ [ 0.0905, 0.4041 ], [ 0.0006, 0.2113 ] ], "xmin": 33.166666666666664, "xmax": 33.25, "ymin": 35.208333333333321, "ymax": 35.291666666666657 }, "geometry": { "type": "MultiPolygon", "coordinates": [ [ [ [ 33.237334500000031, 35.233988499000077 ], [ 33.23209244700007, 35.236664401000041 ], [ 33.217509733000043, 35.236295193000046 ], [ 33.214008083000067, 35.24539601400005 ], [ 33.202213500000028, 35.252650999000025 ], [ 33.196682939000027, 35.261793497000042 ], [ 33.203996500000073, 35.270140499000036 ], [ 33.208445802000028, 35.269494010000074 ], [ 33.218979760000025, 35.275743762000047 ], [ 33.224748, 35.271824499000047 ], [ 33.237754550000034, 35.267385750000074 ], [ 33.239379450000058, 35.258196858000076 ], [ 33.244576219000066, 35.256355626000072 ], [ 33.247686, 35.25032599900004 ], [ 33.246802811000066, 35.244206764000069 ], [ 33.238123945000041, 35.245229901000073 ], [ 33.235512751000044, 35.238519672000052 ], [ 33.237334500000031, 35.233988499000077 ] ] ] ] } },
{ "type": "Feature", "properties": { "GISCO_ID": "CY_5147", "CNTR_CODE": "CY", "LAU_ID": "5147", "LAU_NAME": "Ζωοπηγή", "cell_coverage": [ [ 0.0199, 0.0434 ], [ 0.2431, 0.2939 ] ], "xmin": 32.958333333333329, "xmax": 33.041666666666664, "ymin": 34.833333333333321, "ymax": 34.916666666666657 }, "geometry": { "type": "MultiPolygon", "coordinates": [ [ [ [ 33.029948500000046, 34.870978499000046 ], [ 33.023708176000071, 34.856180215000052 ], [ 33.000586619000046, 34.855313202000048 ], [ 32.978580500000078, 34.848944999000025 ], [ 32.978342, 34.849232999000037 ], [ 32.982929746000025, 34.85598963800004 ], [ 32.980271515000027, 34.866398660000073 ], [ 32.982819555000049, 34.875994153000079 ], [ 32.98706, 34.878511499000069 ], [ 32.993490615000042, 34.875491370000077 ], [ 33.002691364000043, 34.879304765000029 ], [ 33.007871443000056, 34.877043481000044 ], [ 33.014572828000041, 34.87938293600007 ], [ 33.021475500000065, 34.877954499000055 ], [ 33.023618566000039, 34.87323686700006 ], [ 33.030077500000061, 34.871311999000056 ], [ 33.029948500000046, 34.870978499000046 ] ] ] ] } },
{ "type": "Feature", "properties": { "GISCO_ID": "CY_5200", "CNTR_CODE": "CY", "LAU_ID": "5200", "LAU_NAME": "Ακρωτήρι", "cell_coverage": [ [ 0.0791, 0.3548, 0, 0 ], [ 0, 0.6705, 0.8042, 0.1687 ], [ 0, 0.1611, 0.3049, 0.2768 ] ], "xmin": 32.875, "xmax": 33.041666666666664, "ymin": 34.541666666666657, "ymax": 34.666666666666657 }, "geometry": { "type": "MultiPolygon", "coordinates": [ [ [ [ 32.923135500000058, 34.647541999000055 ], [ 32.935547658000075, 34.644628756000031 ], [ 32.943629, 34.646160499000075 ], [ 32.947850336000045, 34.631987451000043 ], [ 32.944682460000024, 34.627160811000067 ], [ 32.947221744000046, 34.622738238000068 ], [ 33.005867, 34.611910499000032 ], [ 33.009172428000056, 34.593961123000042 ], [ 33.035046479000073, 34.56841862400006 ], [ 33.030083266000076, 34.563912692000031 ], [ 32.975424009000051, 34.573117061000062 ], [ 32.963775036000072, 34.568293418000053 ], [ 32.946165506000057, 34.570213651000074 ], [ 32.933968235000066, 34.567030665000061 ], [ 32.94000042700003, 34.574962480000067 ], [ 32.937161857000035, 34.589421396000034 ], [ 32.916719121000028, 34.629402476000053 ], [ 32.901448500000072, 34.64343149900003 ], [ 32.910002215000077, 34.644602201000055 ], [ 32.914214597000068, 34.648646642000074 ], [ 32.923135500000058, 34.647541999000055 ] ] ] ] } },
{ "type": "Feature", "properties": { "GISCO_ID": "CY_5201", "CNTR_CODE": "CY", "LAU_ID": "5201", "LAU_NAME": "Ασώματος Λεμεσού", "cell_coverage": [ [ 0.1565, 0.3661, 0.0036 ], [ 0.0219, 0.1958, 0.0418 ] ], "xmin": 32.916666666666664, "xmax": 33.041666666666664, "ymin": 34.583333333333321, "ymax": 34.666666666666657 }, "geometry": { "type": "MultiPolygon", "coordinates": [ [ [ [ 33.00626, 34.62201249900005 ], [ 33.005867, 34.611910499000032 ], [ 32.947221744000046, 34.622738238000068 ], [ 32.944682460000024, 34.627160811000067 ], [ 32.947850336000045, 34.631987451000043 ], [ 32.943629, 34.646160499000075 ], [ 32.967960500000061, 34.647688999000025 ], [ 32.972510736000061, 34.641291437000064 ], [ 32.993140672000038, 34.635966656000051 ], [ 33.00626, 34.62201249900005 ] ] ] ] } },
{ "type": "Feature", "properties": { "GISCO_ID": "CY_5202", "CNTR_CODE": "CY", "LAU_ID": "5202", "LAU_NAME": "Τσερκέζοι", "cell_coverage": [ [ 0.248, 0.1006 ], [ 0, 0.0031 ] ], "xmin": 32.958333333333329, "xmax": 33.041666666666664, "ymin": 34.583333333333321, "ymax": 34.666666666666657 }, "geometry": { "type": "MultiPolygon", "coordinates": [ [ [ [ 33.00626, 34.62201249900005 ], [ 32.993140672000038, 34.635966656000051 ], [ 32.972510736000061, 34.641291437000064 ], [ 32.967960500000061, 34.647688999000025 ], [ 32.975446, 34.654024499000059 ], [ 32.994135500000027, 34.655647499000054 ], [ 32.991831083000079, 34.644238290000033 ], [ 33.011856, 34.644138499000064 ], [ 33.00626, 34.62201249900005 ] ] ] ] } },
{ "type": "Feature", "properties": { "GISCO_ID": "CY_5210", "CNTR_CODE": "CY", "LAU_ID": "5210", "LAU_NAME": "Κολόσσι", "cell_coverage": [ [ 0.2657 ], [ 0.2959 ] ], "xmin": 32.916666666666664, "xmax": 32.958333333333329, "ymin": 34.625, "ymax": 34.708333333333321 }, "geometry": { "type": "MultiPolygon", "coordinates": [ [ [ [ 32.920655500000066, 34.66024599900004 ], [ 32.921234736000031, 34.669300382000074 ], [ 32.931446147000031, 34.677093549000062 ], [ 32.927264103000027, 34.688742667000042 ], [ 32.930403, 34.697937499000034 ], [ 32.936819757000023, 34.69810960500007 ], [ 32.940003151000042, 34.695292499000061 ], [ 32.939229021000074, 34.686551983000072 ], [ 32.946781363000071, 34.681160753000029 ], [ 32.94263348800007, 34.674890317000063 ], [ 32.947593500000039, 34.665527499000063 ], [ 32.946677530000045, 34.654224682000063 ], [ 32.942535697000039, 34.652313956000057 ], [ 32.943629, 34.646160499000075 ], [ 32.935547658000075, 34.644628756000031 ], [ 32.923135500000058, 34.647541999000055 ], [ 32.919538139000053, 34.65491128900004 ], [ 32.920655500000066, 34.66024599900004 ] ] ] ] } },
{ "type": "Feature", "properties": { "GISCO_ID": "CY_1320", "CNTR_CODE": "CY", "LAU_ID": "1320", "LAU_NAME": "Ξυλιάτος", "cell_coverage": [ [ 0.0552, 0 ], [ 0.5595, 0.2253 ], [ 0.0488, 0.0352 ] ], "xmin": 33.0, "xmax": 33.083333333333336, "ymin": 34.958333333333321, "ymax": 35.083333333333321 }, "geometry": { "type": "MultiPolygon", "coordinates": [ [ [ [ 33.010524, 35.001879999000039 ], [ 33.017021297000042, 35.009502867000037 ], [ 33.01528, 35.013051499000028 ], [ 33.017532538000069, 35.027246465000076 ], [ 33.024702164000075, 35.035084653000069 ], [ 33.029761500000063, 35.053707999000039 ], [ 33.030433500000072, 35.054326499000069 ], [ 33.039384694000034, 35.049417513000037 ], [ 33.034962560000054, 35.045497331000036 ], [ 33.035985086000039, 35.04177392500003 ], [ 33.050008663000028, 35.035686678000047 ], [ 33.056459989000075, 35.025652402000048 ], [ 33.051365917000055, 35.016005470000039 ], [ 33.048808, 34.991620499000078 ], [ 33.048193, 34.991553999000075 ], [ 33.033155, 34.993518999000059 ], [ 33.02850718600007, 34.998474476000069 ], [ 33.010524, 35.001879999000039 ] ] ] ] } },
{ "type": "Feature", "properties": { "GISCO_ID": "CY_2217", "CNTR_CODE": "CY", "LAU_ID": "2217", "LAU_NAME": "Καραβάς", "cell_coverage": [ [ 0.2602, 0.345, 0.0082 ], [ 0.1153, 0.1105, 0 ] ], "xmin": 33.166666666666664, "xmax": 33.291666666666664, "ymin": 35.29166666666665, "ymax": 35.375 }, "geometry": { "type": "MultiPolygon", "coordinates": [ [ [ [ 33.205118500000026, 35.329373499000042 ], [ 33.202287510000076, 35.325167420000071 ], [ 33.202162, 35.313143999000033 ], [ 33.200406, 35.314084499000046 ], [ 33.187714730000039, 35.328728633000026 ], [ 33.189322892000064, 35.344327657000065 ], [ 33.186627, 35.352934499000071 ], [ 33.198506594000037, 35.358058246000041 ], [ 33.217115986000067, 35.355465846000072 ], [ 33.240520171000071, 35.345135308000067 ], [ 33.254883, 35.346490999000025 ], [ 33.254798500000049, 35.34392249900003 ], [ 33.247367788000076, 35.342015438000033 ], [ 33.245445500000073, 35.330759499000067 ], [ 33.239702172000079, 35.327498812000044 ], [ 33.239163500000075, 35.321400999000048 ], [ 33.219967500000052, 35.328459999000074 ], [ 33.219642199000077, 35.337342325000066 ], [ 33.224378328000057, 35.347625838000056 ], [ 33.218001342000036, 35.348558258000025 ], [ 33.214884611000059, 35.335940195000035 ], [ 33.216649500000074, 35.332661499000039 ], [ 33.204880264000053, 35.336669068000049 ], [ 33.203085458000032, 35.333772688000067 ], [ 33.205118500000026, 35.329373499000042 ] ] ] ] } },
{ "type": "Feature", "properties": { "GISCO_ID": "CY_2218", "CNTR_CODE": "CY", "LAU_ID": "2218", "LAU_NAME": "Άγιος Γεώργιος Κερύνειας", "cell_coverage": [ [ 0.1077 ] ], "xmin": 33.25, "xmax": 33.291666666666664, "ymin": 35.333333333333321, "ymax": 35.375 }, "geometry": { "type": "MultiPolygon", "coordinates": [ [ [ [ 33.254883, 35.346490999000025 ], [ 33.258157431000029, 35.349711627000033 ], [ 33.275271982000049, 35.344986422000034 ], [ 33.280934500000058, 35.346390499000051 ], [ 33.281309, 35.33619599900004 ], [ 33.268285, 35.338356499000042 ], [ 33.263209170000039, 35.343215199000042 ], [ 33.254798500000049, 35.34392249900003 ], [ 33.254883, 35.346490999000025 ] ] ] ] } },
{ "type": "Feature", "properties": { "GISCO_ID": "CY_2220", "CNTR_CODE": "CY", "LAU_ID": "2220", "LAU_NAME": "Αγριδάκι", "cell_coverage": [ [ 0.2619, 0.0156 ], [ 0.0881, 0 ] ], "xmin": 33.125, "xmax": 33.208333333333336, "ymin": 35.25, "ymax": 35.333333333333321 }, "geometry": { "type": "MultiPolygon", "coordinates": [ [ [ [ 33.158584, 35.284256999000036 ], [ 33.154138587000034, 35.284158153000078 ], [ 33.15252455500007, 35.278994451000074 ], [ 33.14532150000008, 35.275440499000069 ], [ 33.143744214000037, 35.280884600000036 ], [ 33.140477, 35.282005999000035 ], [ 33.147310327000071, 35.28766046800007 ], [ 33.145687734000035, 35.312394448000077 ], [ 33.154691, 35.32238299900007 ], [ 33.160731, 35.319726499000069 ], [ 33.174222, 35.313213999000027 ], [ 33.168993200000045, 35.31119075600003 ], [ 33.160523022000064, 35.30078627100005 ], [ 33.156214048000038, 35.291406398000049 ], [ 33.158584, 35.284256999000036 ] ] ] ] } },
{ "type": "Feature", "properties": { "GISCO_ID": "CY_2221", "CNTR_CODE": "CY", "LAU_ID": "2221", "LAU_NAME": "Λάρνακας Λαπήθου", "cell_coverage": [ [ 0.212, 0.496 ], [ 0.0234, 0.1092 ] ], "xmin": 33.083333333333329, "xmax": 33.166666666666664, "ymin": 35.25, "ymax": 35.333333333333321 }, "geometry": { "type": "MultiPolygon", "coordinates": [ [ [ [ 33.109747, 35.327063999000075 ], [ 33.117102623000051, 35.329287743000066 ], [ 33.122916125000074, 35.326778053000055 ], [ 33.12912288800004, 35.328994426000065 ], [ 33.150558500000045, 35.327971999000056 ], [ 33.154691, 35.32238299900007 ], [ 33.145687734000035, 35.312394448000077 ], [ 33.147310327000071, 35.28766046800007 ], [ 33.140477, 35.282005999000035 ], [ 33.125105823000069, 35.282786050000027 ], [ 33.121792783000046, 35.287492179000026 ], [ 33.116689, 35.286898499000074 ], [ 33.118148819000055, 35.292801577000034 ], [ 33.122385517000055, 35.294394809000039 ], [ 33.118936158000054, 35.29841930200007 ], [ 33.119207780000067, 35.302977699000053 ], [ 33.10919115300004, 35.313131130000045 ], [ 33.109225192000054, 35.315359587000046 ], [ 33.114230876000079, 35.316303707000031 ], [ 33.113658969000028, 35.321651337000048 ], [ 33.108927, 35.325327499000025 ], [ 33.109747, 35.327063999000075 ] ] ] ] } },
{ "type": "Feature", "properties": { "GISCO_ID": "CY_2222", "CNTR_CODE": "CY", "LAU_ID": "2222", "LAU_NAME": "Λάπηθος", "cell_coverage": [ [ 0.3718, 0.2278 ], [ 0.1146, 0.3161 ] ], "xmin": 33.125, "xmax": 33.208333333333336, "ymin": 35.29166666666665, "ymax": 35.375 }, "geometry": { "type": "MultiPolygon", "coordinates": [ [ [ [ 33.186627, 35.352934499000071 ], [ 33.189322892000064, 35.344327657000065 ], [ 33.187714730000039, 35.328728633000026 ], [ 33.200406, 35.314084499000046 ], [ 33.194045500000072, 35.310482999000044 ], [ 33.191242500000044, 35.310566999000059 ], [ 33.185059500000079, 35.311750999000026 ], [ 33.174222, 35.313213999000027 ], [ 33.160731, 35.319726499000069 ], [ 33.154691, 35.32238299900007 ], [ 33.150558500000045, 35.327971999000056 ], [ 33.151098646000037, 35.330774458000064 ], [ 33.136196899000026, 35.343025127000033 ], [ 33.135635, 35.360271499000078 ], [ 33.169989112000053, 35.351497263000056 ], [ 33.181857433000062, 35.350666822000051 ], [ 33.186627, 35.352934499000071 ] ] ] ] } },
{ "type": "Feature", "properties": { "GISCO_ID": "CY_2223", "CNTR_CODE": "CY", "LAU_ID": "2223", "LAU_NAME": "Βασίλεια", "cell_coverage": [ [ 0.0013, 0.2329, 0.6165, 0.2199 ], [ 0, 0, 0.0814, 0.0709 ] ], "xmin": 33.0, "xmax": 33.166666666666664, "ymin": 35.29166666666665, "ymax": 35.375 }, "geometry": { "type": "MultiPolygon", "coordinates": [ [ [ [ 33.109747, 35.327063999000075 ], [ 33.073052500000074, 35.339140499000052 ], [ 33.078628438000067, 35.345676858000047 ], [ 33.076278870000067, 35.34862976200003 ], [ 33.067377042000032, 35.351075481000066 ], [ 33.061591, 35.347932499000024 ], [ 33.04578250000003, 35.347577999000066 ], [ 33.039506500000073, 35.350982999000053 ], [ 33.045425138000041, 35.353318426000044 ], [ 33.048022, 35.358417999000039 ], [ 33.095841958000051, 35.354101257000025 ], [ 33.105134878000058, 35.357881979000069 ], [ 33.113853900000038, 35.367066215000079 ], [ 33.121051110000053, 35.363298727000029 ], [ 33.131374683000047, 35.363620652000066 ], [ 33.135635, 35.360271499000078 ], [ 33.136196899000026, 35.343025127000033 ], [ 33.151098646000037, 35.330774458000064 ], [ 33.150558500000045, 35.327971999000056 ], [ 33.12912288800004, 35.328994426000065 ], [ 33.122916125000074, 35.326778053000055 ], [ 33.117102623000051, 35.329287743000066 ], [ 33.109747, 35.327063999000075 ] ] ] ] } },
{ "type": "Feature", "properties": { "GISCO_ID": "CY_2224", "CNTR_CODE": "CY", "LAU_ID": "2224", "LAU_NAME": "Πάναγρα", "cell_coverage": [ [ 0.1102 ] ], "xmin": 33.041666666666664, "xmax": 33.083333333333329, "ymin": 35.333333333333321, "ymax": 35.375 }, "geometry": { "type": "MultiPolygon", "coordinates": [ [ [ [ 33.061591, 35.347932499000024 ], [ 33.067377042000032, 35.351075481000066 ], [ 33.076278870000067, 35.34862976200003 ], [ 33.078628438000067, 35.345676858000047 ], [ 33.073052500000074, 35.339140499000052 ], [ 33.067678737000051, 35.333993977000034 ], [ 33.059305398000049, 35.342442032000065 ], [ 33.061591, 35.347932499000024 ] ] ] ] } },
{ "type": "Feature", "properties": { "GISCO_ID": "CY_2226", "CNTR_CODE": "CY", "LAU_ID": "2226", "LAU_NAME": "Όργα", "cell_coverage": [ [ 0.181, 0.023 ] ], "xmin": 33.0, "xmax": 33.083333333333336, "ymin": 35.333333333333321, "ymax": 35.375 }, "geometry": { "type": "MultiPolygon", "coordinates": [ [ [ [ 33.039506500000073, 35.350982999000053 ], [ 33.026691824000068, 35.352583026000048 ], [ 33.016995666000071, 35.359874725000054 ], [ 33.015874500000052, 35.366641999000024 ], [ 33.032341872000075, 35.367249564000076 ], [ 33.048022, 35.358417999000039 ], [ 33.045425138000041, 35.353318426000044 ], [ 33.039506500000073, 35.350982999000053 ] ] ] ] } },
{ "type": "Feature", "properties": { "GISCO_ID": "CY_3000", "CNTR_CODE": "CY", "LAU_ID": "3000", "LAU_NAME": "Αμμόχωστος", "cell_coverage": [ [ 0.4389, 0.3282, 0 ], [ 0.3244, 0.9027, 0.1822 ], [ 0, 0, 0.0178 ] ], "xmin": 33.875, "xmax": 34.0, "ymin": 35.041666666666657, "ymax": 35.166666666666657 }, "geometry": { "type": "MultiPolygon", "coordinates": [ [ [ [ 33.899611, 35.103420499000038 ], [ 33.889132686000039, 35.12427500900003 ], [ 33.883157, 35.144450999000071 ], [ 33.889443048000032, 35.139824329000078 ], [ 33.90258397100007, 35.146479428000077 ], [ 33.902695294000068, 35.157082265000042 ], [ 33.915189500000054, 35.159802999000078 ], [ 33.920956914000044, 35.157538481000074 ], [ 33.945206288000065, 35.126677275000077 ], [ 33.956306744000074, 35.12435869400008 ], [ 33.962721004000059, 35.106119211000077 ], [ 33.982854, 35.081952499000067 ], [ 33.974382843000058, 35.079321525000069 ], [ 33.965610060000074, 35.087270319000027 ], [ 33.957158937000031, 35.084131144000025 ], [ 33.940505003000055, 35.084697955000024 ], [ 33.932382744000051, 35.088134701000058 ], [ 33.927639077000038, 35.086604433000048 ], [ 33.914319873000068, 35.100216661000047 ], [ 33.90159226600008, 35.096956887000033 ], [ 33.899611, 35.103420499000038 ] ] ], [ [ [ 33.941662276000045, 35.135866692000036 ], [ 33.945398448000049, 35.135610867000025 ], [ 33.948804642000027, 35.133405024000069 ], [ 33.951515362000066, 35.126477183000077 ], [ 33.948479181000039, 35.133439409000061 ], [ 33.941662276000045, 35.135866692000036 ] ] ] ] } },
{ "type": "Feature", "properties": { "GISCO_ID": "CY_1421", "CNTR_CODE": "CY", "LAU_ID": "1421", "LAU_NAME": "Μυλικούρι", "cell_coverage": [ [ 0, 0.0076, 0.0312, 0, 0 ], [ 0, 0.6823, 0.6885, 0.5278, 0.2128 ], [ 0.022, 0.8911, 0.9995, 0.6839, 0.015 ], [ 0.0001, 0.3076, 0.3007, 0.0769, 0 ] ], "xmin": 32.625, "xmax": 32.833333333333336, "ymin": 34.875, "ymax": 35.041666666666657 }, "geometry": { "type": "MultiPolygon", "coordinates": [ [ [ [ 32.77229, 34.907949999000039 ], [ 32.763040304000072, 34.906464956000036 ], [ 32.759408260000043, 34.913933746000055 ], [ 32.741017601000067, 34.917151470000078 ], [ 32.733077953000077, 34.912389518000055 ], [ 32.731452260000026, 34.90403352900006 ], [ 32.724791174000075, 34.897940325000036 ], [ 32.721731500000033, 34.89001999900006 ], [ 32.703840661000072, 34.897767769000041 ], [ 32.710075345000064, 34.905212462000065 ], [ 32.698500300000035, 34.909175807000054 ], [ 32.692168482000056, 34.907550506000064 ], [ 32.690911498000048, 34.896338370000024 ], [ 32.686795500000073, 34.892100999000036 ], [ 32.676826281000046, 34.905914211000038 ], [ 32.666333500000064, 34.909327499000028 ], [ 32.668065709000075, 34.916074133000052 ], [ 32.662477023000065, 34.933085500000061 ], [ 32.66685723300003, 34.938829233000035 ], [ 32.676048897000044, 34.939372930000047 ], [ 32.675474559000065, 34.950833634000048 ], [ 32.682055333000051, 34.964049995000039 ], [ 32.677801729000066, 34.979085418000068 ], [ 32.673374306000028, 34.982312256000057 ], [ 32.678270886000064, 34.991252693000035 ], [ 32.675849500000027, 35.005311999000071 ], [ 32.676170500000069, 35.005841499000041 ], [ 32.681263984000054, 34.999529984000048 ], [ 32.688235217000056, 34.99911564100006 ], [ 32.696456983000076, 34.994142061000048 ], [ 32.712104109000052, 35.001979630000051 ], [ 32.729050209000036, 35.003557976000025 ], [ 32.733775051000066, 34.994759957000042 ], [ 32.726074978000042, 34.975705695000045 ], [ 32.73244684000008, 34.969810302000042 ], [ 32.73969819000007, 34.96981074200005 ], [ 32.749575408000055, 34.980308752000042 ], [ 32.759534500000029, 34.978265499000031 ], [ 32.781873529000052, 34.978217880000045 ], [ 32.789596976000041, 34.991203131000077 ], [ 32.798076500000036, 34.992790999000079 ], [ 32.808530659000041, 34.982522860000074 ], [ 32.80895350000003, 34.977760499000055 ], [ 32.803529229000048, 34.976646078000044 ], [ 32.798257, 34.962205499000049 ], [ 32.795101378000027, 34.952532597000072 ], [ 32.787833, 34.95172799900007 ], [ 32.781261500000028, 34.951914499000054 ], [ 32.775846253000054, 34.94833802100004 ], [ 32.779073849000042, 34.940575813000066 ], [ 32.775195810000071, 34.932248592000064 ], [ 32.77229, 34.907949999000039 ] ] ] ] } },
{ "type": "Feature", "properties": { "GISCO_ID": "CY_1422", "CNTR_CODE": "CY", "LAU_ID": "1422", "LAU_NAME": "Μουτουλλάς", "cell_coverage": [ [ 0.2166, 0.2584 ] ], "xmin": 32.791666666666664, "xmax": 32.875, "ymin": 34.958333333333321, "ymax": 34.999999999999986 }, "geometry": { "type": "MultiPolygon", "coordinates": [ [ [ [ 32.858582, 34.983015999000031 ], [ 32.860765033000064, 34.976555688000076 ], [ 32.867386, 34.974694999000064 ], [ 32.864582871000039, 34.966456956000059 ], [ 32.85709, 34.962788499000055 ], [ 32.837778384000046, 34.976131229000032 ], [ 32.829193281000073, 34.977257054000063 ], [ 32.815239809000047, 34.970413265000047 ], [ 32.80895350000003, 34.977760499000055 ], [ 32.808530659000041, 34.982522860000074 ], [ 32.798076500000036, 34.992790999000079 ], [ 32.802742, 34.99333849900006 ], [ 32.808040603000052, 34.989490767000063 ], [ 32.858582, 34.983015999000031 ] ] ] ] } },
{ "type": "Feature", "properties": { "GISCO_ID": "CY_1423", "CNTR_CODE": "CY", "LAU_ID": "1423", "LAU_NAME": "Οίκος", "cell_coverage": [ [ 0.0362, 0.109 ], [ 0.0073, 0.0346 ] ], "xmin": 32.791666666666664, "xmax": 32.875, "ymin": 34.958333333333321, "ymax": 35.041666666666657 }, "geometry": { "type": "MultiPolygon", "coordinates": [ [ [ [ 32.852558500000043, 34.996607499000049 ], [ 32.829842089000067, 34.997215114000028 ], [ 32.826191538000046, 35.002158580000071 ], [ 32.826504421000038, 35.009079816000053 ], [ 32.83210611800007, 35.00896539300004 ], [ 32.834882411000024, 35.013336097000035 ], [ 32.844351589000041, 35.011596926000038 ], [ 32.844932265000068, 35.007049659000074 ], [ 32.849732, 35.006163499000024 ], [ 32.852225892000035, 35.005621074000032 ], [ 32.852558500000043, 34.996607499000049 ] ] ] ] } },
{ "type": "Feature", "properties": { "GISCO_ID": "CY_5020", "CNTR_CODE": "CY", "LAU_ID": "5020", "LAU_NAME": "Πάνω Πολεμίδια", "cell_coverage": [ [ 0.0896, 0 ], [ 0.0522, 0.0204 ] ], "xmin": 32.958333333333329, "xmax": 33.041666666666664, "ymin": 34.66666666666665, "ymax": 34.75 }, "geometry": { "type": "MultiPolygon", "coordinates": [ [ [ [ 32.986257, 34.721487499000034 ], [ 33.007832, 34.700110499000061 ], [ 32.999298045000046, 34.698718413000051 ], [ 32.985026306000066, 34.706357130000072 ], [ 32.978780669000059, 34.715149404000044 ], [ 32.982788399000071, 34.721258477000049 ], [ 32.986257, 34.721487499000034 ] ] ] ] } },
{ "type": "Feature", "properties": { "GISCO_ID": "CY_5022", "CNTR_CODE": "CY", "LAU_ID": "5022", "LAU_NAME": "Κάτω Πολεμίδια", "cell_coverage": [ [ 0.0603, 0.3455, 0 ], [ 0, 0.4503, 0.1907 ], [ 0, 0.1036, 0 ] ], "xmin": 32.916666666666664, "xmax": 33.041666666666664, "ymin": 34.625, "ymax": 34.75 }, "geometry": { "type": "MultiPolygon", "coordinates": [ [ [ [ 32.994135500000027, 34.655647499000054 ], [ 32.975446, 34.654024499000059 ], [ 32.976157, 34.654821999000035 ], [ 32.985813905000043, 34.669136733000073 ], [ 32.988420528000063, 34.680115026000067 ], [ 32.980442595000056, 34.682599936000031 ], [ 32.982014418000063, 34.687948530000028 ], [ 32.974943840000037, 34.688563750000071 ], [ 32.969091800000058, 34.702389574000051 ], [ 32.960741982000059, 34.706479363000028 ], [ 32.953925294000044, 34.716990555000052 ], [ 32.951327562000074, 34.728260584000054 ], [ 32.956780630000026, 34.731166961000042 ], [ 32.956408675000034, 34.738649860000066 ], [ 32.958607500000028, 34.738489499000025 ], [ 32.96494905600008, 34.731981765000057 ], [ 32.969417888000066, 34.735048925000058 ], [ 32.977307992000078, 34.729121092000071 ], [ 32.986822, 34.729606499000056 ], [ 32.986257, 34.721487499000034 ], [ 32.982788399000071, 34.721258477000049 ], [ 32.978780669000059, 34.715149404000044 ], [ 32.985026306000066, 34.706357130000072 ], [ 32.999298045000046, 34.698718413000051 ], [ 33.007832, 34.700110499000061 ], [ 33.016282652000029, 34.691018583000073 ], [ 33.016157245000045, 34.682990762000031 ], [ 33.005069788000071, 34.673992722000037 ], [ 32.989665118000062, 34.673055073000057 ], [ 32.992260048000048, 34.665059447000033 ], [ 32.997670759000073, 34.66688068600007 ], [ 32.994135500000027, 34.655647499000054 ] ] ] ] } },
{ "type": "Feature", "properties": { "GISCO_ID": "CY_5100", "CNTR_CODE": "CY", "LAU_ID": "5100", "LAU_NAME": "Παλόδεια", "cell_coverage": [ [ 0.0388, 0.0418 ], [ 0.3297, 0.1059 ] ], "xmin": 32.958333333333329, "xmax": 33.041666666666664, "ymin": 34.708333333333321, "ymax": 34.791666666666657 }, "geometry": { "type": "MultiPolygon", "coordinates": [ [ [ [ 32.958607500000028, 34.738489499000025 ], [ 32.960354500000051, 34.741369999000028 ], [ 32.980293678000066, 34.746874392000052 ], [ 32.982515359000047, 34.75420646200007 ], [ 32.993687862000058, 34.752668738000068 ], [ 32.999783500000035, 34.755542499000057 ], [ 33.015233500000079, 34.754008499000065 ], [ 33.015143500000079, 34.740011499000047 ], [ 33.010368289000041, 34.737236135000046 ], [ 32.99758156300004, 34.737974300000076 ], [ 32.986822, 34.729606499000056 ], [ 32.977307992000078, 34.729121092000071 ], [ 32.969417888000066, 34.735048925000058 ], [ 32.96494905600008, 34.731981765000057 ], [ 32.958607500000028, 34.738489499000025 ] ] ] ] } },
{ "type": "Feature", "properties": { "GISCO_ID": "CY_5101", "CNTR_CODE": "CY", "LAU_ID": "5101", "LAU_NAME": "Παραμύθα", "cell_coverage": [ [ 0.0977, 0.382, 0.0207 ], [ 0.0062, 0.0767, 0 ] ], "xmin": 32.916666666666664, "xmax": 33.041666666666664, "ymin": 34.708333333333321, "ymax": 34.791666666666657 }, "geometry": { "type": "MultiPolygon", "coordinates": [ [ [ [ 32.952057, 34.760186999000041 ], [ 32.951991500000076, 34.770401499000059 ], [ 32.963200154000049, 34.764246014000037 ], [ 32.965035, 34.76567299900006 ], [ 32.98147094400008, 34.763682756000037 ], [ 32.986897614000043, 34.766978506000044 ], [ 32.990862, 34.774725999000054 ], [ 33.004205500000069, 34.772884999000041 ], [ 32.999783500000035, 34.755542499000057 ], [ 32.993687862000058, 34.752668738000068 ], [ 32.982515359000047, 34.75420646200007 ], [ 32.980293678000066, 34.746874392000052 ], [ 32.960354500000051, 34.741369999000028 ], [ 32.953328141000043, 34.751723839000078 ], [ 32.942872342000044, 34.754245750000052 ], [ 32.94428350000004, 34.759140499000068 ], [ 32.952057, 34.760186999000041 ] ] ] ] } },
{ "type": "Feature", "properties": { "GISCO_ID": "CY_5102", "CNTR_CODE": "CY", "LAU_ID": "5102", "LAU_NAME": "Σπιτάλι", "cell_coverage": [ [ 0.0001, 0.1444 ] ], "xmin": 32.958333333333329, "xmax": 33.041666666666664, "ymin": 34.75, "ymax": 34.791666666666657 }, "geometry": { "type": "MultiPolygon", "coordinates": [ [ [ [ 33.004205500000069, 34.772884999000041 ], [ 33.013443605000077, 34.774146895000058 ], [ 33.018691397000055, 34.771466341000064 ], [ 33.014220900000055, 34.766956930000049 ], [ 33.015233500000079, 34.754008499000065 ], [ 32.999783500000035, 34.755542499000057 ], [ 33.004205500000069, 34.772884999000041 ] ] ] ] } },
{ "type": "Feature", "properties": { "GISCO_ID": "CY_5103", "CNTR_CODE": "CY", "LAU_ID": "5103", "LAU_NAME": "Φασούλα Λεμεσού", "cell_coverage": [ [ 0.4871, 0.0784 ], [ 0.3029, 0.0188 ] ], "xmin": 33.0, "xmax": 33.083333333333336, "ymin": 34.708333333333321, "ymax": 34.791666666666657 }, "geometry": { "type": "MultiPolygon", "coordinates": [ [ [ [ 33.038019, 34.729693499000064 ], [ 33.02834, 34.723358499000028 ], [ 33.015143500000079, 34.740011499000047 ], [ 33.015233500000079, 34.754008499000065 ], [ 33.014220900000055, 34.766956930000049 ], [ 33.018691397000055, 34.771466341000064 ], [ 33.013443605000077, 34.774146895000058 ], [ 33.01377728600005, 34.779010048000032 ], [ 33.02302730200006, 34.780670053000051 ], [ 33.028225365000026, 34.78470227400004 ], [ 33.040225, 34.781155999000077 ], [ 33.043369857000073, 34.766453416000047 ], [ 33.049234673000058, 34.76179849500005 ], [ 33.052347500000053, 34.753017499000066 ], [ 33.044015791000049, 34.744834582000067 ], [ 33.038019, 34.729693499000064 ] ] ] ] } },
{ "type": "Feature", "properties": { "GISCO_ID": "CY_5104", "CNTR_CODE": "CY", "LAU_ID": "5104", "LAU_NAME": "Μαθικολώνη", "cell_coverage": [ [ 0, 0.2523 ], [ 0.0035, 0.5462 ], [ 0, 0.0014 ] ], "xmin": 33.0, "xmax": 33.083333333333336, "ymin": 34.708333333333321, "ymax": 34.833333333333321 }, "geometry": { "type": "MultiPolygon", "coordinates": [ [ [ [ 33.052347500000053, 34.753017499000066 ], [ 33.049234673000058, 34.76179849500005 ], [ 33.043369857000073, 34.766453416000047 ], [ 33.040225, 34.781155999000077 ], [ 33.045317448000048, 34.786829680000039 ], [ 33.051295236000044, 34.788533083000061 ], [ 33.058703743000024, 34.808596108000074 ], [ 33.066792055000064, 34.812725078000028 ], [ 33.069507, 34.820771999000044 ], [ 33.081765, 34.789009499000031 ], [ 33.070609802000035, 34.787447888000031 ], [ 33.069366762000072, 34.769046642000035 ], [ 33.064185070000065, 34.757333609000057 ], [ 33.067040500000076, 34.749264499000049 ], [ 33.057891500000039, 34.750234499000044 ], [ 33.052347500000053, 34.753017499000066 ] ] ] ] } },
{ "type": "Feature", "properties": { "GISCO_ID": "CY_6110", "CNTR_CODE": "CY", "LAU_ID": "6110", "LAU_NAME": "Μαραθούντα", "cell_coverage": [ [ 0.0489, 0.0276 ], [ 0.3997, 0.2219 ] ], "xmin": 32.458333333333329, "xmax": 32.541666666666664, "ymin": 34.75, "ymax": 34.833333333333321 }, "geometry": { "type": "MultiPolygon", "coordinates": [ [ [ [ 32.476443500000073, 34.754596499000058 ], [ 32.484195306000061, 34.761153591000038 ], [ 32.479176500000051, 34.770899999000051 ], [ 32.477497414000027, 34.786212312000032 ], [ 32.479619790000072, 34.791935264000074 ], [ 32.496929456000032, 34.798781635000068 ], [ 32.507034500000032, 34.796839499000043 ], [ 32.519229, 34.772802999000078 ], [ 32.512555377000069, 34.765662784000028 ], [ 32.500170042000036, 34.765767999000047 ], [ 32.492549238000038, 34.760629914000049 ], [ 32.488718500000061, 34.753032499000028 ], [ 32.476443500000073, 34.754596499000058 ] ] ] ] } },
{ "type": "Feature", "properties": { "GISCO_ID": "CY_5211", "CNTR_CODE": "CY", "LAU_ID": "5211", "LAU_NAME": "Ερήμη", "cell_coverage": [ [ 4.0053e-06, 0.016 ], [ 0.0688, 0.2741 ], [ 0.0003, 0.0098 ] ], "xmin": 32.875, "xmax": 32.958333333333336, "ymin": 34.625, "ymax": 34.75 }, "geometry": { "type": "MultiPolygon", "coordinates": [ [ [ [ 32.920655500000066, 34.66024599900004 ], [ 32.916376812000067, 34.66561562000004 ], [ 32.913272500000062, 34.678877999000065 ], [ 32.911602318000064, 34.683367829000076 ], [ 32.915349702000071, 34.707048072000077 ], [ 32.919031, 34.71098149900007 ], [ 32.926948933000062, 34.711527243000035 ], [ 32.930403, 34.697937499000034 ], [ 32.927264103000027, 34.688742667000042 ], [ 32.931446147000031, 34.677093549000062 ], [ 32.921234736000031, 34.669300382000074 ], [ 32.920655500000066, 34.66024599900004 ] ] ] ] } },
{ "type": "Feature", "properties": { "GISCO_ID": "CY_5212", "CNTR_CODE": "CY", "LAU_ID": "5212", "LAU_NAME": "Επισκοπή Λεμεσού", "cell_coverage": [ [ 0.4491, 0.4682, 0 ], [ 0.0036, 0.3499, 0.0346 ] ], "xmin": 32.833333333333329, "xmax": 32.958333333333329, "ymin": 34.625, "ymax": 34.708333333333321 }, "geometry": { "type": "MultiPolygon", "coordinates": [ [ [ [ 32.920655500000066, 34.66024599900004 ], [ 32.919538139000053, 34.65491128900004 ], [ 32.923135500000058, 34.647541999000055 ], [ 32.914214597000068, 34.648646642000074 ], [ 32.910002215000077, 34.644602201000055 ], [ 32.901448500000072, 34.64343149900003 ], [ 32.886901876000024, 34.65817428500003 ], [ 32.873996868000063, 34.666677492000076 ], [ 32.849142892000032, 34.669137565000028 ], [ 32.841475, 34.663706999000055 ], [ 32.84260613400005, 34.68507814000003 ], [ 32.845826912000064, 34.687818513000025 ], [ 32.85643288600005, 34.687932853000063 ], [ 32.858850516000075, 34.702071622000062 ], [ 32.871185896000043, 34.688881588000072 ], [ 32.876700080000035, 34.695464123000079 ], [ 32.882638500000041, 34.691849999000056 ], [ 32.899936699000079, 34.684150162000037 ], [ 32.907879009000055, 34.684139149000032 ], [ 32.913272500000062, 34.678877999000065 ], [ 32.916376812000067, 34.66561562000004 ], [ 32.920655500000066, 34.66024599900004 ] ] ] ] } },
{ "type": "Feature", "properties": { "GISCO_ID": "CY_3236", "CNTR_CODE": "CY", "LAU_ID": "3236", "LAU_NAME": "Κίαδος (Τζιάος)", "cell_coverage": [ [ 0.0013, 0.5536, 0.0277 ], [ 0.0297, 0.2726, 0 ] ], "xmin": 33.541666666666664, "xmax": 33.666666666666664, "ymin": 35.208333333333321, "ymax": 35.291666666666657 }, "geometry": { "type": "MultiPolygon", "coordinates": [ [ [ [ 33.578764, 35.23678699900006 ], [ 33.580152, 35.247631499000079 ], [ 33.586961858000052, 35.258532770000045 ], [ 33.595002689000069, 35.262619126000061 ], [ 33.597882, 35.285137999000028 ], [ 33.608305, 35.283509999000046 ], [ 33.61460960900007, 35.273898981000059 ], [ 33.622813500000063, 35.274754999000038 ], [ 33.628772497000057, 35.269007627000065 ], [ 33.628499342000055, 35.261273559000074 ], [ 33.623653, 35.250859999000056 ], [ 33.621268127000064, 35.238762512000051 ], [ 33.608057299000052, 35.245601850000071 ], [ 33.603268950000029, 35.242512306000037 ], [ 33.603317569000069, 35.233427856000048 ], [ 33.589249337000069, 35.233058891000042 ], [ 33.578764, 35.23678699900006 ] ] ] ] } },
{ "type": "Feature", "properties": { "GISCO_ID": "CY_3237", "CNTR_CODE": "CY", "LAU_ID": "3237", "LAU_NAME": "Κορνόκηπος", "cell_coverage": [ [ 0.1402, 0.0038 ], [ 0.7147, 0.2292 ], [ 0.08, 0 ] ], "xmin": 33.541666666666664, "xmax": 33.625, "ymin": 35.208333333333321, "ymax": 35.333333333333321 }, "geometry": { "type": "MultiPolygon", "coordinates": [ [ [ [ 33.568164, 35.241499999000041 ], [ 33.55904331000005, 35.242658778000077 ], [ 33.559362500000077, 35.246788999000046 ], [ 33.552864440000064, 35.269696284000077 ], [ 33.553272500000048, 35.280164999000078 ], [ 33.546458765000068, 35.292854314000067 ], [ 33.557372837000059, 35.293993447000048 ], [ 33.577364, 35.304734999000061 ], [ 33.580491, 35.306073999000034 ], [ 33.584315995000054, 35.293614738000031 ], [ 33.597882, 35.285137999000028 ], [ 33.595002689000069, 35.262619126000061 ], [ 33.586961858000052, 35.258532770000045 ], [ 33.580152, 35.247631499000079 ], [ 33.568164, 35.241499999000041 ] ] ] ] } },
{ "type": "Feature", "properties": { "GISCO_ID": "CY_3238", "CNTR_CODE": "CY", "LAU_ID": "3238", "LAU_NAME": "Άγιος Χαρίτων", "cell_coverage": [ [ 0.0086, 0.3637 ], [ 0, 0.0917 ] ], "xmin": 33.541666666666664, "xmax": 33.625, "ymin": 35.25, "ymax": 35.333333333333321 }, "geometry": { "type": "MultiPolygon", "coordinates": [ [ [ [ 33.604727, 35.31547499900006 ], [ 33.612173475000077, 35.309875208000051 ], [ 33.614013338000063, 35.300818551000077 ], [ 33.620583287000045, 35.291346292000071 ], [ 33.618251582000028, 35.287205660000041 ], [ 33.610857340000052, 35.28842592400008 ], [ 33.608305, 35.283509999000046 ], [ 33.597882, 35.285137999000028 ], [ 33.584315995000054, 35.293614738000031 ], [ 33.580491, 35.306073999000034 ], [ 33.59484, 35.312199999000029 ], [ 33.604727, 35.31547499900006 ] ] ] ] } },
{ "type": "Feature", "properties": { "GISCO_ID": "CY_3239", "CNTR_CODE": "CY", "LAU_ID": "3239", "LAU_NAME": "Τρυπημένη", "cell_coverage": [ [ 0.2154, 0.7414, 0.05 ], [ 0.1214, 0.0873, 0 ] ], "xmin": 33.583333333333329, "xmax": 33.708333333333329, "ymin": 35.25, "ymax": 35.333333333333321 }, "geometry": { "type": "MultiPolygon", "coordinates": [ [ [ [ 33.622813500000063, 35.274754999000038 ], [ 33.61460960900007, 35.273898981000059 ], [ 33.608305, 35.283509999000046 ], [ 33.610857340000052, 35.28842592400008 ], [ 33.618251582000028, 35.287205660000041 ], [ 33.620583287000045, 35.291346292000071 ], [ 33.614013338000063, 35.300818551000077 ], [ 33.612173475000077, 35.309875208000051 ], [ 33.604727, 35.31547499900006 ], [ 33.609607500000038, 35.316561499000045 ], [ 33.622598836000066, 35.325945403000048 ], [ 33.62845602200008, 35.324089844000071 ], [ 33.656179500000064, 35.329671999000027 ], [ 33.670074912000075, 35.313229532000037 ], [ 33.673648, 35.298198999000078 ], [ 33.673421, 35.298181499000066 ], [ 33.638141196000049, 35.295384219000027 ], [ 33.640219048000063, 35.286763556000039 ], [ 33.622813500000063, 35.274754999000038 ] ] ] ] } },
{ "type": "Feature", "properties": { "GISCO_ID": "CY_3300", "CNTR_CODE": "CY", "LAU_ID": "3300", "LAU_NAME": "Άρτεμι", "cell_coverage": [ [ 0, 0.139 ], [ 0.1262, 0.3284 ] ], "xmin": 33.666666666666664, "xmax": 33.75, "ymin": 35.29166666666665, "ymax": 35.375 }, "geometry": { "type": "MultiPolygon", "coordinates": [ [ [ [ 33.73317, 35.317982499000038 ], [ 33.72699564800007, 35.309772826000028 ], [ 33.721323319000078, 35.307972844000062 ], [ 33.720198476000064, 35.302860392000071 ], [ 33.708077, 35.300954999000055 ], [ 33.701481, 35.300481999000056 ], [ 33.697846968000079, 35.319878634000077 ], [ 33.701593717000037, 35.321995005000076 ], [ 33.700017526000067, 35.325479548000033 ], [ 33.720177059000036, 35.330234768000025 ], [ 33.723331018000067, 35.333905341000047 ], [ 33.714155099000038, 35.343167459000028 ], [ 33.712052500000027, 35.349866499000029 ], [ 33.733773, 35.350785999000038 ], [ 33.728163514000073, 35.334643609000068 ], [ 33.73317, 35.317982499000038 ] ] ] ] } },
{ "type": "Feature", "properties": { "GISCO_ID": "CY_3301", "CNTR_CODE": "CY", "LAU_ID": "3301", "LAU_NAME": "Άγιος Νικόλαος Αμμοχώστου", "cell_coverage": [ [ 0.0187, 0.1269 ], [ 0.0587, 0.3686 ] ], "xmin": 33.625, "xmax": 33.708333333333336, "ymin": 35.29166666666665, "ymax": 35.375 }, "geometry": { "type": "MultiPolygon", "coordinates": [ [ [ [ 33.656179500000064, 35.329671999000027 ], [ 33.65762612900005, 35.335729344000072 ], [ 33.667425665000053, 35.338167866000049 ], [ 33.671169, 35.344435499000042 ], [ 33.688358500000049, 35.347027499000035 ], [ 33.683264404000056, 35.328819636000048 ], [ 33.686178115000075, 35.318022272000064 ], [ 33.690587822000055, 35.313532982000027 ], [ 33.690593500000034, 35.299628999000049 ], [ 33.673648, 35.298198999000078 ], [ 33.670074912000075, 35.313229532000037 ], [ 33.656179500000064, 35.329671999000027 ] ] ] ] } },
{ "type": "Feature", "properties": { "GISCO_ID": "CY_3303", "CNTR_CODE": "CY", "LAU_ID": "3303", "LAU_NAME": "Πλατάνι", "cell_coverage": [ [ 0.189, 0.361, 0 ], [ 0.192, 0.4389, 0.0134 ] ], "xmin": 33.708333333333329, "xmax": 33.833333333333329, "ymin": 35.29166666666665, "ymax": 35.375 }, "geometry": { "type": "MultiPolygon", "coordinates": [ [ [ [ 33.733773, 35.350785999000038 ], [ 33.749971662000064, 35.349879047000059 ], [ 33.781842, 35.355053999000063 ], [ 33.783535130000075, 35.332100016000027 ], [ 33.79146650000007, 35.319258499000057 ], [ 33.79535009600005, 35.304291350000028 ], [ 33.786171626000055, 35.308168834000071 ], [ 33.778511500000036, 35.307925499000078 ], [ 33.775392606000025, 35.314299425000058 ], [ 33.763575533000051, 35.316545546000043 ], [ 33.759680723000031, 35.321020144000045 ], [ 33.748266861000047, 35.313621458000057 ], [ 33.73317, 35.317982499000038 ], [ 33.728163514000073, 35.334643609000068 ], [ 33.733773, 35.350785999000038 ] ] ] ] } },
{ "type": "Feature", "properties": { "GISCO_ID": "CY_5327", "CNTR_CODE": "CY", "LAU_ID": "5327", "LAU_NAME": "Πέρα Πεδί", "cell_coverage": [ [ 0.0132, 0.0108 ], [ 0.2653, 0.1541 ] ], "xmin": 32.833333333333329, "xmax": 32.916666666666664, "ymin": 34.833333333333321, "ymax": 34.916666666666657 }, "geometry": { "type": "MultiPolygon", "coordinates": [ [ [ [ 32.879931500000055, 34.879176499000039 ], [ 32.881340628000032, 34.863722450000068 ], [ 32.893591, 34.860078499000053 ], [ 32.883866, 34.848385999000072 ], [ 32.880448500000057, 34.84707049900004 ], [ 32.876357349000045, 34.851085275000059 ], [ 32.86752462100003, 34.850606322000033 ], [ 32.850395, 34.859387999000035 ], [ 32.858160500000054, 34.874541499000031 ], [ 32.879931500000055, 34.879176499000039 ] ] ] ] } },
{ "type": "Feature", "properties": { "GISCO_ID": "CY_5328", "CNTR_CODE": "CY", "LAU_ID": "5328", "LAU_NAME": "Μανδριά Λεμεσού", "cell_coverage": [ [ 0, 0.0114 ], [ 0.1302, 0.2158 ] ], "xmin": 32.791666666666664, "xmax": 32.875, "ymin": 34.833333333333321, "ymax": 34.916666666666657 }, "geometry": { "type": "MultiPolygon", "coordinates": [ [ [ [ 32.850395, 34.859387999000035 ], [ 32.84136576700007, 34.854755939000029 ], [ 32.834829500000069, 34.854714499000067 ], [ 32.809721022000076, 34.864952458000062 ], [ 32.808557861000054, 34.867955726000048 ], [ 32.823459082000056, 34.869413331000032 ], [ 32.849635951000039, 34.877187265000032 ], [ 32.856848, 34.875942999000074 ], [ 32.858160500000054, 34.874541499000031 ], [ 32.850395, 34.859387999000035 ] ] ] ] } },
{ "type": "Feature", "properties": { "GISCO_ID": "CY_5330", "CNTR_CODE": "CY", "LAU_ID": "5330", "LAU_NAME": "Όμοδος", "cell_coverage": [ [ 0.0022, 0.0587, 0 ], [ 0.0874, 0.6383, 0.0026 ], [ 0, 0.0058, 0 ] ], "xmin": 32.75, "xmax": 32.875, "ymin": 34.791666666666657, "ymax": 34.916666666666657 }, "geometry": { "type": "MultiPolygon", "coordinates": [ [ [ [ 32.801313500000049, 34.886565999000027 ], [ 32.800024689000054, 34.87833672000005 ], [ 32.808557861000054, 34.867955726000048 ], [ 32.809721022000076, 34.864952458000062 ], [ 32.834829500000069, 34.854714499000067 ], [ 32.832730500000025, 34.847180499000046 ], [ 32.819880467000075, 34.836012792000076 ], [ 32.818098, 34.831282499000054 ], [ 32.804048, 34.834441499000036 ], [ 32.797727843000075, 34.840071973000079 ], [ 32.798516626000037, 34.843359261000046 ], [ 32.793039322000027, 34.853134261000037 ], [ 32.788127184000075, 34.855058474000032 ], [ 32.782503500000075, 34.862820999000064 ], [ 32.78129, 34.863659999000049 ], [ 32.785627190000071, 34.874538828000027 ], [ 32.796205092000037, 34.878215859000079 ], [ 32.792276, 34.890237499000079 ], [ 32.798271, 34.890262999000072 ], [ 32.801313500000049, 34.886565999000027 ] ] ] ] } },
{ "type": "Feature", "properties": { "GISCO_ID": "CY_5331", "CNTR_CODE": "CY", "LAU_ID": "5331", "LAU_NAME": "Κοιλάνι", "cell_coverage": [ [ 0.0032, 0.4813, 0.0192 ], [ 0, 0.1698, 0 ] ], "xmin": 32.791666666666664, "xmax": 32.916666666666664, "ymin": 34.79166666666665, "ymax": 34.875 }, "geometry": { "type": "MultiPolygon", "coordinates": [ [ [ [ 32.880448500000057, 34.84707049900004 ], [ 32.869896500000038, 34.833086999000045 ], [ 32.866029431000072, 34.824362134000069 ], [ 32.852146579000078, 34.821229742000071 ], [ 32.848159, 34.817372999000042 ], [ 32.843861950000075, 34.819765805000031 ], [ 32.841915873000062, 34.835572669000044 ], [ 32.832794566000075, 34.838741913000035 ], [ 32.832730500000025, 34.847180499000046 ], [ 32.834829500000069, 34.854714499000067 ], [ 32.84136576700007, 34.854755939000029 ], [ 32.850395, 34.859387999000035 ], [ 32.86752462100003, 34.850606322000033 ], [ 32.876357349000045, 34.851085275000059 ], [ 32.880448500000057, 34.84707049900004 ] ] ] ] } },
{ "type": "Feature", "properties": { "GISCO_ID": "CY_5340", "CNTR_CODE": "CY", "LAU_ID": "5340", "LAU_NAME": "Άγιος Δημήτριος", "cell_coverage": [ [ 0.1053 ], [ 0.0649 ] ], "xmin": 32.791666666666664, "xmax": 32.833333333333329, "ymin": 34.875, "ymax": 34.958333333333321 }, "geometry": { "type": "MultiPolygon", "coordinates": [ [ [ [ 32.797418, 34.913912499000048 ], [ 32.805003835000036, 34.920151359000045 ], [ 32.807618425000044, 34.928335350000054 ], [ 32.812709, 34.928817999000046 ], [ 32.829157500000065, 34.916032499000039 ], [ 32.812639494000052, 34.911291145000064 ], [ 32.796765500000049, 34.913241499000037 ], [ 32.797418, 34.913912499000048 ] ] ] ] } },
{ "type": "Feature", "properties": { "GISCO_ID": "CY_5341", "CNTR_CODE": "CY", "LAU_ID": "5341", "LAU_NAME": "Παλαιόμυλος", "cell_coverage": [ [ 0.2021, 0.0492 ], [ 0.0004, 0 ] ], "xmin": 32.791666666666664, "xmax": 32.875, "ymin": 34.875, "ymax": 34.958333333333321 }, "geometry": { "type": "MultiPolygon", "coordinates": [ [ [ [ 32.809457500000065, 34.934427999000036 ], [ 32.820111500000053, 34.941576999000063 ], [ 32.843252, 34.925479999000061 ], [ 32.840443760000028, 34.920683538000048 ], [ 32.829157500000065, 34.916032499000039 ], [ 32.812709, 34.928817999000046 ], [ 32.809457500000065, 34.934427999000036 ] ] ] ] } },
{ "type": "Feature", "properties": { "GISCO_ID": "CY_3347", "CNTR_CODE": "CY", "LAU_ID": "3347", "LAU_NAME": "Κοιλάνεμος", "cell_coverage": [ [ 0, 0.0054 ], [ 0.0268, 0.1819 ] ], "xmin": 34.083333333333329, "xmax": 34.166666666666664, "ymin": 35.458333333333321, "ymax": 35.541666666666657 }, "geometry": { "type": "MultiPolygon", "coordinates": [ [ [ [ 34.147631500000045, 35.482866999000066 ], [ 34.135526199000026, 35.487260667000044 ], [ 34.12143350000008, 35.480592999000066 ], [ 34.124543, 35.488426999000069 ], [ 34.126146769000059, 35.492159214000026 ], [ 34.119781259000035, 35.491883791000078 ], [ 34.119567987000039, 35.497596998000063 ], [ 34.136432080000077, 35.501822920000052 ], [ 34.147426209000059, 35.495153536000032 ], [ 34.147631500000045, 35.482866999000066 ] ] ] ] } },
{ "type": "Feature", "properties": { "GISCO_ID": "CY_3348", "CNTR_CODE": "CY", "LAU_ID": "3348", "LAU_NAME": "Άγιος Ανδρόνικος Καρπασίας", "cell_coverage": [ [ 0.0164, 0.4919, 0.193, 0.0807, 0.0913 ], [ 0.03, 0.2078, 0.1914, 0.0259, 0.1243 ] ], "xmin": 34.083333333333329, "xmax": 34.291666666666664, "ymin": 35.458333333333321, "ymax": 35.541666666666657 }, "geometry": { "type": "MultiPolygon", "coordinates": [ [ [ [ 34.260607500000049, 35.514328999000043 ], [ 34.265138282000066, 35.505035522000071 ], [ 34.255963413000075, 35.49920025800003 ], [ 34.254678906000038, 35.494742053000039 ], [ 34.264756840000075, 35.485720628000024 ], [ 34.275625117000061, 35.484535961000063 ], [ 34.281922, 35.480018499000039 ], [ 34.262135, 35.474701499000048 ], [ 34.261333500000035, 35.475403499000038 ], [ 34.263326481000036, 35.483099705000029 ], [ 34.254424658000062, 35.490746845000047 ], [ 34.24764407300006, 35.491329134000068 ], [ 34.245081049000078, 35.497513297000069 ], [ 34.23714381700006, 35.504039544000079 ], [ 34.210496986000066, 35.499131340000076 ], [ 34.202486500000077, 35.491294499000048 ], [ 34.168409, 35.492067499000029 ], [ 34.164952038000024, 35.489403113000037 ], [ 34.165016080000044, 35.484463688000062 ], [ 34.159364500000038, 35.481452499000056 ], [ 34.145953356000064, 35.480731788000071 ], [ 34.147631500000045, 35.482866999000066 ], [ 34.147426209000059, 35.495153536000032 ], [ 34.136432080000077, 35.501822920000052 ], [ 34.119567987000039, 35.497596998000063 ], [ 34.119781259000035, 35.491883791000078 ], [ 34.126146769000059, 35.492159214000026 ], [ 34.124543, 35.488426999000069 ], [ 34.117427379000048, 35.490656001000048 ], [ 34.116056, 35.500449499000069 ], [ 34.12973454400003, 35.508834730000046 ], [ 34.141704429000072, 35.525792428000045 ], [ 34.148433500000067, 35.527817499000037 ], [ 34.156943226000067, 35.525347623000073 ], [ 34.178510500000073, 35.51076099900007 ], [ 34.195422170000029, 35.506868008000026 ], [ 34.194740641000067, 35.503188526000031 ], [ 34.204278269000042, 35.499687979000043 ], [ 34.230585, 35.504890499000055 ], [ 34.241713195000045, 35.505240039000057 ], [ 34.24558, 35.510564499000054 ], [ 34.255146054000079, 35.511467524000068 ], [ 34.258675805000053, 35.515663909000068 ], [ 34.260607500000049, 35.514328999000043 ] ] ] ] } },
{ "type": "Feature", "properties": { "GISCO_ID": "CY_3350", "CNTR_CODE": "CY", "LAU_ID": "3350", "LAU_NAME": "Άγιος Συμεών", "cell_coverage": [ [ 0, 0.0312, 0 ], [ 0.0236, 0.5416, 0.0994 ] ], "xmin": 34.166666666666664, "xmax": 34.291666666666664, "ymin": 35.458333333333321, "ymax": 35.541666666666657 }, "geometry": { "type": "MultiPolygon", "coordinates": [ [ [ [ 34.202486500000077, 35.491294499000048 ], [ 34.210496986000066, 35.499131340000076 ], [ 34.23714381700006, 35.504039544000079 ], [ 34.245081049000078, 35.497513297000069 ], [ 34.24764407300006, 35.491329134000068 ], [ 34.254424658000062, 35.490746845000047 ], [ 34.263326481000036, 35.483099705000029 ], [ 34.261333500000035, 35.475403499000038 ], [ 34.231965479000053, 35.471319234000077 ], [ 34.215444500000046, 35.483144499000048 ], [ 34.206492109000067, 35.485060654000051 ], [ 34.202486500000077, 35.491294499000048 ] ] ] ] } },
{ "type": "Feature", "properties": { "GISCO_ID": "CY_3351", "CNTR_CODE": "CY", "LAU_ID": "3351", "LAU_NAME": "Μελάναργα", "cell_coverage": [ [ 0.1736, 0.0918 ], [ 0.0002, 0 ] ], "xmin": 34.166666666666664, "xmax": 34.25, "ymin": 35.458333333333321, "ymax": 35.541666666666657 }, "geometry": { "type": "MultiPolygon", "coordinates": [ [ [ [ 34.178510500000073, 35.51076099900007 ], [ 34.17668518000005, 35.514133622000031 ], [ 34.192280824000079, 35.512888620000069 ], [ 34.198746294000046, 35.517890288000046 ], [ 34.206327831000067, 35.518491951000044 ], [ 34.210155880000059, 35.516679397000075 ], [ 34.214352007000059, 35.507996819000027 ], [ 34.225925620000055, 35.509679737000056 ], [ 34.230585, 35.504890499000055 ], [ 34.204278269000042, 35.499687979000043 ], [ 34.194740641000067, 35.503188526000031 ], [ 34.195422170000029, 35.506868008000026 ], [ 34.178510500000073, 35.51076099900007 ] ] ] ] } },
{ "type": "Feature", "properties": { "GISCO_ID": "CY_6111", "CNTR_CODE": "CY", "LAU_ID": "6111", "LAU_NAME": "Άρμου", "cell_coverage": [ [ 0.2563, 0.0574 ], [ 0.0477, 0 ] ], "xmin": 32.458333333333329, "xmax": 32.541666666666664, "ymin": 34.75, "ymax": 34.833333333333321 }, "geometry": { "type": "MultiPolygon", "coordinates": [ [ [ [ 32.464353500000072, 34.792429999000035 ], [ 32.460310500000048, 34.800457499000061 ], [ 32.481571905000067, 34.805865126000072 ], [ 32.486446500000056, 34.811354499000061 ], [ 32.505329790000076, 34.802245710000079 ], [ 32.50948481000006, 34.803277768000044 ], [ 32.513958500000058, 34.810634499000059 ], [ 32.517542131000027, 34.804294650000031 ], [ 32.507034500000032, 34.796839499000043 ], [ 32.496929456000032, 34.798781635000068 ], [ 32.479619790000072, 34.791935264000074 ], [ 32.477497414000027, 34.786212312000032 ], [ 32.479176500000051, 34.770899999000051 ], [ 32.473751699000047, 34.785440209000058 ], [ 32.464353500000072, 34.792429999000035 ] ] ] ] } },
{ "type": "Feature", "properties": { "GISCO_ID": "CY_6113", "CNTR_CODE": "CY", "LAU_ID": "6113", "LAU_NAME": "Νατά", "cell_coverage": [ [ 0, 0.0122, 6.6261e-06 ], [ 0.0089, 0.6518, 0.0348 ] ], "xmin": 32.5, "xmax": 32.625, "ymin": 34.75, "ymax": 34.833333333333321 }, "geometry": { "type": "MultiPolygon", "coordinates": [ [ [ [ 32.557516, 34.754703999000071 ], [ 32.551835494000045, 34.764222478000079 ], [ 32.538920500000074, 34.771167999000056 ], [ 32.54013814700005, 34.777020321000066 ], [ 32.548504140000034, 34.784026791000031 ], [ 32.548205500000051, 34.790668999000047 ], [ 32.555791231000057, 34.792462937000039 ], [ 32.565768492000075, 34.788863461000062 ], [ 32.573697500000037, 34.793460999000047 ], [ 32.578168500000061, 34.794133999000053 ], [ 32.591293, 34.788124999000047 ], [ 32.590756500000055, 34.787377999000057 ], [ 32.578530938000029, 34.76951514600006 ], [ 32.579120500000045, 34.763034499000071 ], [ 32.568241092000051, 34.756911799000079 ], [ 32.562372921000076, 34.758730611000033 ], [ 32.557516, 34.754703999000071 ] ] ] ] } },
{ "type": "Feature", "properties": { "GISCO_ID": "CY_6114", "CNTR_CODE": "CY", "LAU_ID": "6114", "LAU_NAME": "Χολέτρια", "cell_coverage": [ [ 0.0645, 0.3673 ], [ 0.0001, 1.7127e-06 ] ], "xmin": 32.541666666666664, "xmax": 32.625, "ymin": 34.708333333333321, "ymax": 34.791666666666657 }, "geometry": { "type": "MultiPolygon", "coordinates": [ [ [ [ 32.579120500000045, 34.763034499000071 ], [ 32.578530938000029, 34.76951514600006 ], [ 32.590756500000055, 34.787377999000057 ], [ 32.598904514000026, 34.785080967000056 ], [ 32.607058, 34.773463499000059 ], [ 32.600675946000024, 34.761686964000035 ], [ 32.603651500000069, 34.757857999000066 ], [ 32.598769505000064, 34.753093256000056 ], [ 32.582113, 34.74971799900004 ], [ 32.576125728000079, 34.756188595000026 ], [ 32.579120500000045, 34.763034499000071 ] ] ] ] } },
{ "type": "Feature", "properties": { "GISCO_ID": "CY_6115", "CNTR_CODE": "CY", "LAU_ID": "6115", "LAU_NAME": "Αξύλου", "cell_coverage": [ [ 0.0051, 0.3529 ], [ 0, 0.0114 ] ], "xmin": 32.5, "xmax": 32.583333333333336, "ymin": 34.75, "ymax": 34.833333333333321 }, "geometry": { "type": "MultiPolygon", "coordinates": [ [ [ [ 32.573697500000037, 34.793460999000047 ], [ 32.565768492000075, 34.788863461000062 ], [ 32.555791231000057, 34.792462937000039 ], [ 32.548205500000051, 34.790668999000047 ], [ 32.54546189000007, 34.805437420000032 ], [ 32.540032500000052, 34.81260499900003 ], [ 32.543341827000063, 34.816014642000027 ], [ 32.538633, 34.81883749900004 ], [ 32.538244, 34.819389999000066 ], [ 32.548141874000066, 34.821325888000047 ], [ 32.555415753000034, 34.819349838000051 ], [ 32.563016454000035, 34.808969929000057 ], [ 32.569149550000077, 34.805672060000063 ], [ 32.573697500000037, 34.793460999000047 ] ] ] ] } },
{ "type": "Feature", "properties": { "GISCO_ID": "CY_6116", "CNTR_CODE": "CY", "LAU_ID": "6116", "LAU_NAME": "Ελεδιό", "cell_coverage": [ [ 0.0019, 0.194 ] ], "xmin": 32.5, "xmax": 32.583333333333336, "ymin": 34.791666666666657, "ymax": 34.833333333333321 }, "geometry": { "type": "MultiPolygon", "coordinates": [ [ [ [ 32.538244, 34.819389999000066 ], [ 32.547919656000033, 34.826723597000068 ], [ 32.555119704000049, 34.824092092000058 ], [ 32.561028500000077, 34.827883499000052 ], [ 32.570552625000062, 34.81661129500003 ], [ 32.578168500000061, 34.794133999000053 ], [ 32.573697500000037, 34.793460999000047 ], [ 32.569149550000077, 34.805672060000063 ], [ 32.563016454000035, 34.808969929000057 ], [ 32.555415753000034, 34.819349838000051 ], [ 32.548141874000066, 34.821325888000047 ], [ 32.538244, 34.819389999000066 ] ] ] ] } },
{ "type": "Feature", "properties": { "GISCO_ID": "CY_6120", "CNTR_CODE": "CY", "LAU_ID": "6120", "LAU_NAME": "Τσάδα", "cell_coverage": [ [ 0.0377, 0.4059, 0 ], [ 9.0908e-06, 0.3681, 0.2097 ] ], "xmin": 32.416666666666664, "xmax": 32.541666666666664, "ymin": 34.79166666666665, "ymax": 34.875 }, "geometry": { "type": "MultiPolygon", "coordinates": [ [ [ [ 32.481951500000037, 34.863209999000048 ], [ 32.481024228000024, 34.85660105200003 ], [ 32.489143121000041, 34.846328106000044 ], [ 32.491707549000068, 34.834129261000044 ], [ 32.504152863000058, 34.825241862000041 ], [ 32.512971006000043, 34.826648889000069 ], [ 32.519468284000027, 34.824532951000037 ], [ 32.520565505000036, 34.821740650000038 ], [ 32.515502726000079, 34.817327462000037 ], [ 32.518702, 34.812346499000057 ], [ 32.513958500000058, 34.810634499000059 ], [ 32.50948481000006, 34.803277768000044 ], [ 32.505329790000076, 34.802245710000079 ], [ 32.486446500000056, 34.811354499000061 ], [ 32.477831500000036, 34.819312999000033 ], [ 32.469630444000074, 34.826329809000072 ], [ 32.460667607000062, 34.824715950000041 ], [ 32.461014, 34.828876499000046 ], [ 32.457988364000073, 34.833654868000053 ], [ 32.452734500000076, 34.834274999000058 ], [ 32.455908452000074, 34.842708013000049 ], [ 32.452168437000068, 34.845225427000059 ], [ 32.453757500000052, 34.848196999000038 ], [ 32.466790255000035, 34.85182676200003 ], [ 32.474679958000024, 34.864459072000045 ], [ 32.481951500000037, 34.863209999000048 ] ] ] ] } },
{ "type": "Feature", "properties": { "GISCO_ID": "CY_4300", "CNTR_CODE": "CY", "LAU_ID": "4300", "LAU_NAME": "Ζύγι", "cell_coverage": [ [ 0.0322, 0.0939 ] ], "xmin": 33.291666666666664, "xmax": 33.375, "ymin": 34.708333333333321, "ymax": 34.75 }, "geometry": { "type": "MultiPolygon", "coordinates": [ [ [ [ 33.328545500000075, 34.720371999000065 ], [ 33.32963895000006, 34.734491774000048 ], [ 33.342926, 34.742302499000061 ], [ 33.349071500000036, 34.730788999000026 ], [ 33.339087882000058, 34.727752511000062 ], [ 33.328545500000075, 34.720371999000065 ] ] ] ] } },
{ "type": "Feature", "properties": { "GISCO_ID": "CY_4301", "CNTR_CODE": "CY", "LAU_ID": "4301", "LAU_NAME": "Μαρί", "cell_coverage": [ [ 0, 0 ], [ 0.3148, 0.3148 ] ], "xmin": 33.25, "xmax": 33.333333333333336, "ymin": 34.708333333333321, "ymax": 34.791666666666657 }, "geometry": { "type": "MultiPolygon", "coordinates": [ [ [ [ 33.320909, 34.719220999000072 ], [ 33.293502100000069, 34.724416739000048 ], [ 33.277486500000066, 34.718886499000064 ], [ 33.268707138000025, 34.727814278000039 ], [ 33.272550369000044, 34.733285963000071 ], [ 33.267282092000073, 34.742051782000033 ], [ 33.271246, 34.750265499000079 ], [ 33.278129437000075, 34.74473365700004 ], [ 33.29231412200005, 34.747783881000032 ], [ 33.304981689000044, 34.746260162000056 ], [ 33.320144500000026, 34.725636499000075 ], [ 33.320909, 34.719220999000072 ] ] ] ] } },
{ "type": "Feature", "properties": { "GISCO_ID": "CY_4302", "CNTR_CODE": "CY", "LAU_ID": "4302", "LAU_NAME": "Καλαβασός", "cell_coverage": [ [ 0.0835, 0.0188 ], [ 0.4571, 0.4381 ], [ 0.0397, 0.1563 ] ], "xmin": 33.25, "xmax": 33.333333333333336, "ymin": 34.708333333333321, "ymax": 34.833333333333321 }, "geometry": { "type": "MultiPolygon", "coordinates": [ [ [ [ 33.270443, 34.750673499000072 ], [ 33.275625665000064, 34.77894580800006 ], [ 33.264903, 34.796677499000054 ], [ 33.274826541000039, 34.796101689000068 ], [ 33.284257113000024, 34.799349766000034 ], [ 33.294802, 34.79611649900005 ], [ 33.29885702200005, 34.794504414000073 ], [ 33.305610626000032, 34.783481231000053 ], [ 33.305718013000046, 34.772895675000029 ], [ 33.30908934200005, 34.765845482000032 ], [ 33.320318980000025, 34.755962029000045 ], [ 33.32390805700004, 34.749132446000033 ], [ 33.318954850000068, 34.742092790000072 ], [ 33.321749534000048, 34.731553585000029 ], [ 33.320144500000026, 34.725636499000075 ], [ 33.304981689000044, 34.746260162000056 ], [ 33.29231412200005, 34.747783881000032 ], [ 33.278129437000075, 34.74473365700004 ], [ 33.271246, 34.750265499000079 ], [ 33.270443, 34.750673499000072 ] ] ] ] } },
{ "type": "Feature", "properties": { "GISCO_ID": "CY_3304", "CNTR_CODE": "CY", "LAU_ID": "3304", "LAU_NAME": "Ακανθού", "cell_coverage": [ [ 0, 0.0459, 0.5232, 0.8787, 0.8907, 0.0888 ], [ 0.1191, 0.5779, 0.5935, 0.516, 0.2483, 0.0276 ] ], "xmin": 33.625, "xmax": 33.875, "ymin": 35.333333333333321, "ymax": 35.416666666666657 }, "geometry": { "type": "MultiPolygon", "coordinates": [ [ [ [ 33.671169, 35.344435499000042 ], [ 33.65856913500005, 35.346417648000056 ], [ 33.654249596000056, 35.350968141000067 ], [ 33.652597, 35.359190999000077 ], [ 33.658929156000056, 35.363573624000026 ], [ 33.664660054000024, 35.363079411000058 ], [ 33.685175543000071, 35.369941522000033 ], [ 33.699700399000051, 35.378611972000044 ], [ 33.708918248000032, 35.387905502000024 ], [ 33.719541357000026, 35.390076670000042 ], [ 33.735209563000069, 35.401238812000031 ], [ 33.756036418000065, 35.408961083000065 ], [ 33.773074584000028, 35.413501470000028 ], [ 33.8307, 35.411541499000066 ], [ 33.839050459000077, 35.406552142000066 ], [ 33.833956670000077, 35.399561955000024 ], [ 33.840829794000058, 35.38239313400004 ], [ 33.839262, 35.367559999000036 ], [ 33.839150500000073, 35.367530999000053 ], [ 33.81346572700005, 35.366543275000026 ], [ 33.781842, 35.355053999000063 ], [ 33.749971662000064, 35.349879047000059 ], [ 33.733773, 35.350785999000038 ], [ 33.712052500000027, 35.349866499000029 ], [ 33.703996, 35.349071499000047 ], [ 33.693619500000068, 35.347261999000068 ], [ 33.688358500000049, 35.347027499000035 ], [ 33.671169, 35.344435499000042 ] ] ] ] } },
{ "type": "Feature", "properties": { "GISCO_ID": "CY_2111", "CNTR_CODE": "CY", "LAU_ID": "2111", "LAU_NAME": "Κρηνί", "cell_coverage": [ [ 0.1573, 0.0175 ], [ 0.4021, 0.3462 ] ], "xmin": 33.208333333333329, "xmax": 33.291666666666664, "ymin": 35.25, "ymax": 35.333333333333321 }, "geometry": { "type": "MultiPolygon", "coordinates": [ [ [ [ 33.229748, 35.30562149900004 ], [ 33.254081, 35.302787999000032 ], [ 33.249889593000034, 35.286527959000068 ], [ 33.262686211000073, 35.282291828000041 ], [ 33.267231, 35.27698699900003 ], [ 33.271741082000062, 35.261312659000055 ], [ 33.267243, 35.255123999000034 ], [ 33.265860880000048, 35.25169902500005 ], [ 33.247686, 35.25032599900004 ], [ 33.244576219000066, 35.256355626000072 ], [ 33.239379450000058, 35.258196858000076 ], [ 33.237754550000034, 35.267385750000074 ], [ 33.224748, 35.271824499000047 ], [ 33.229748, 35.30562149900004 ] ] ] ] } },
{ "type": "Feature", "properties": { "GISCO_ID": "CY_2112", "CNTR_CODE": "CY", "LAU_ID": "2112", "LAU_NAME": "Πιλερί", "cell_coverage": [ [ 0.0852, 0.1993 ], [ 0.1439, 0.1932 ] ], "xmin": 33.166666666666664, "xmax": 33.25, "ymin": 35.25, "ymax": 35.333333333333321 }, "geometry": { "type": "MultiPolygon", "coordinates": [ [ [ [ 33.229748, 35.30562149900004 ], [ 33.224748, 35.271824499000047 ], [ 33.218979760000025, 35.275743762000047 ], [ 33.208445802000028, 35.269494010000074 ], [ 33.203996500000073, 35.270140499000036 ], [ 33.193132500000047, 35.280718499000045 ], [ 33.201387541000031, 35.304023948000065 ], [ 33.200017500000058, 35.308508999000026 ], [ 33.223731, 35.309080499000061 ], [ 33.227799, 35.307018999000036 ], [ 33.229748, 35.30562149900004 ] ] ] ] } },
{ "type": "Feature", "properties": { "GISCO_ID": "CY_2113", "CNTR_CODE": "CY", "LAU_ID": "2113", "LAU_NAME": "Κιόμουρτζου", "cell_coverage": [ [ 0, 0.0539 ], [ 0, 0.0647 ] ], "xmin": 33.208333333333329, "xmax": 33.291666666666664, "ymin": 35.25, "ymax": 35.333333333333321 }, "geometry": { "type": "MultiPolygon", "coordinates": [ [ [ [ 33.254081, 35.302787999000032 ], [ 33.259813, 35.30364699900008 ], [ 33.26238468400004, 35.287556959000028 ], [ 33.270447500000046, 35.276194499000042 ], [ 33.267231, 35.27698699900003 ], [ 33.262686211000073, 35.282291828000041 ], [ 33.249889593000034, 35.286527959000068 ], [ 33.254081, 35.302787999000032 ] ] ] ] } },
{ "type": "Feature", "properties": { "GISCO_ID": "CY_3352", "CNTR_CODE": "CY", "LAU_ID": "3352", "LAU_NAME": "Αιγιαλούσα", "cell_coverage": [ [ 0.0066, 0.358, 0.245, 0.741, 0.3431, 0.0439 ], [ 0.1502, 0.6222, 0.2778, 0.0185, 0, 0 ] ], "xmin": 34.125, "xmax": 34.375, "ymin": 35.5, "ymax": 35.583333333333321 }, "geometry": { "type": "MultiPolygon", "coordinates": [ [ [ [ 34.148433500000067, 35.527817499000037 ], [ 34.155105574000061, 35.539517466000063 ], [ 34.169667992000029, 35.546341468000037 ], [ 34.173530615000061, 35.559154431000024 ], [ 34.177050841000039, 35.561703600000044 ], [ 34.197735820000048, 35.556452252000042 ], [ 34.209439315000054, 35.560183082000037 ], [ 34.214888746000042, 35.555958125000075 ], [ 34.220318603000067, 35.559955182000067 ], [ 34.227223612000046, 35.557022667000069 ], [ 34.23725022900004, 35.559351849000052 ], [ 34.243499937000024, 35.56422804400006 ], [ 34.251249896000047, 35.570537469000044 ], [ 34.26135131500007, 35.570310230000075 ], [ 34.27820381600003, 35.578713626000024 ], [ 34.287801574000071, 35.575733675000038 ], [ 34.301275500000031, 35.582662499000037 ], [ 34.29775238700006, 35.577180331000079 ], [ 34.30251779300005, 35.566712297000038 ], [ 34.312707157000034, 35.568021811000051 ], [ 34.332935080000027, 35.57763060700006 ], [ 34.342934706000051, 35.567590277000079 ], [ 34.339408870000057, 35.56422804400006 ], [ 34.32725382700005, 35.56184980900008 ], [ 34.316027, 35.561854999000047 ], [ 34.312707157000034, 35.560255518000076 ], [ 34.286839500000042, 35.546459499000036 ], [ 34.263401936000037, 35.539792681000051 ], [ 34.243759816000079, 35.539627945000063 ], [ 34.229776037000079, 35.554443220000053 ], [ 34.221845421000069, 35.555684621000069 ], [ 34.211299416000031, 35.552619812000046 ], [ 34.203306367000039, 35.54658661600007 ], [ 34.203439021000065, 35.540461979000042 ], [ 34.216745489000061, 35.525483158000043 ], [ 34.24558, 35.510564499000054 ], [ 34.241713195000045, 35.505240039000057 ], [ 34.230585, 35.504890499000055 ], [ 34.225925620000055, 35.509679737000056 ], [ 34.214352007000059, 35.507996819000027 ], [ 34.210155880000059, 35.516679397000075 ], [ 34.206327831000067, 35.518491951000044 ], [ 34.198746294000046, 35.517890288000046 ], [ 34.192280824000079, 35.512888620000069 ], [ 34.17668518000005, 35.514133622000031 ], [ 34.178510500000073, 35.51076099900007 ], [ 34.156943226000067, 35.525347623000073 ], [ 34.148433500000067, 35.527817499000037 ] ] ] ] } },
{ "type": "Feature", "properties": { "GISCO_ID": "CY_3353", "CNTR_CODE": "CY", "LAU_ID": "3353", "LAU_NAME": "Αγία Τριάς", "cell_coverage": [ [ 0.0196, 0.1982, 0.0254 ], [ 0.0112, 0.5164, 0.2909 ] ], "xmin": 34.166666666666664, "xmax": 34.291666666666664, "ymin": 35.5, "ymax": 35.583333333333321 }, "geometry": { "type": "MultiPolygon", "coordinates": [ [ [ [ 34.24558, 35.510564499000054 ], [ 34.216745489000061, 35.525483158000043 ], [ 34.203439021000065, 35.540461979000042 ], [ 34.203306367000039, 35.54658661600007 ], [ 34.211299416000031, 35.552619812000046 ], [ 34.221845421000069, 35.555684621000069 ], [ 34.229776037000079, 35.554443220000053 ], [ 34.243759816000079, 35.539627945000063 ], [ 34.263401936000037, 35.539792681000051 ], [ 34.286839500000042, 35.546459499000036 ], [ 34.290125277000072, 35.536529415000075 ], [ 34.284650500000055, 35.52734749900003 ], [ 34.272651556000028, 35.526250094000034 ], [ 34.265471297000033, 35.53474798700006 ], [ 34.258850093000035, 35.534654986000078 ], [ 34.248234972000034, 35.526639984000042 ], [ 34.250592027000039, 35.523043893000079 ], [ 34.257118093000031, 35.52242751600005 ], [ 34.260607500000049, 35.514328999000043 ], [ 34.258675805000053, 35.515663909000068 ], [ 34.255146054000079, 35.511467524000068 ], [ 34.24558, 35.510564499000054 ] ] ] ] } },
{ "type": "Feature", "properties": { "GISCO_ID": "CY_3354", "CNTR_CODE": "CY", "LAU_ID": "3354", "LAU_NAME": "Κορόβεια", "cell_coverage": [ [ 0.002, 0.5412, 0.03 ], [ 0, 0.3084, 0.0718 ] ], "xmin": 34.208333333333329, "xmax": 34.333333333333329, "ymin": 35.458333333333321, "ymax": 35.541666666666657 }, "geometry": { "type": "MultiPolygon", "coordinates": [ [ [ [ 34.260607500000049, 35.514328999000043 ], [ 34.257118093000031, 35.52242751600005 ], [ 34.250592027000039, 35.523043893000079 ], [ 34.248234972000034, 35.526639984000042 ], [ 34.258850093000035, 35.534654986000078 ], [ 34.265471297000033, 35.53474798700006 ], [ 34.272651556000028, 35.526250094000034 ], [ 34.284650500000055, 35.52734749900003 ], [ 34.289925381000046, 35.522211148000054 ], [ 34.288747605000026, 35.512347403000035 ], [ 34.302021424000031, 35.500350925000077 ], [ 34.302959500000043, 35.491790999000045 ], [ 34.281922, 35.480018499000039 ], [ 34.275625117000061, 35.484535961000063 ], [ 34.264756840000075, 35.485720628000024 ], [ 34.254678906000038, 35.494742053000039 ], [ 34.255963413000075, 35.49920025800003 ], [ 34.265138282000066, 35.505035522000071 ], [ 34.260607500000049, 35.514328999000043 ] ] ] ] } },
{ "type": "Feature", "properties": { "GISCO_ID": "CY_3355", "CNTR_CODE": "CY", "LAU_ID": "3355", "LAU_NAME": "Γαληνόπωρνη", "cell_coverage": [ [ 0.0147, 0.2891, 0 ], [ 0.0581, 0.8094, 0.0582 ], [ 0, 0.0288, 0 ] ], "xmin": 34.25, "xmax": 34.375, "ymin": 35.458333333333321, "ymax": 35.583333333333321 }, "geometry": { "type": "MultiPolygon", "coordinates": [ [ [ [ 34.284650500000055, 35.52734749900003 ], [ 34.290125277000072, 35.536529415000075 ], [ 34.286839500000042, 35.546459499000036 ], [ 34.312707157000034, 35.560255518000076 ], [ 34.316027, 35.561854999000047 ], [ 34.328871646000039, 35.553326329000072 ], [ 34.323586712000065, 35.545702768000069 ], [ 34.326103587000034, 35.53091891400004 ], [ 34.33973800900003, 35.53102618500003 ], [ 34.344005500000037, 35.522802499000079 ], [ 34.325329613000065, 35.512625290000074 ], [ 34.312707157000034, 35.49884142600007 ], [ 34.302959500000043, 35.491790999000045 ], [ 34.302021424000031, 35.500350925000077 ], [ 34.288747605000026, 35.512347403000035 ], [ 34.289925381000046, 35.522211148000054 ], [ 34.284650500000055, 35.52734749900003 ] ] ] ] } },
{ "type": "Feature", "properties": { "GISCO_ID": "CY_1321", "CNTR_CODE": "CY", "LAU_ID": "1321", "LAU_NAME": "Άγιος Γεώργιος Καυκάλλου", "cell_coverage": [ [ 0.0766, 0.3426 ], [ 0.47, 0.3241 ] ], "xmin": 32.958333333333329, "xmax": 33.041666666666664, "ymin": 34.999999999999986, "ymax": 35.083333333333321 }, "geometry": { "type": "MultiPolygon", "coordinates": [ [ [ [ 33.004703, 35.066318499000033 ], [ 33.022483270000066, 35.061349104000044 ], [ 33.029761500000063, 35.053707999000039 ], [ 33.024702164000075, 35.035084653000069 ], [ 33.017532538000069, 35.027246465000076 ], [ 33.01528, 35.013051499000028 ], [ 32.982556547000058, 35.014218507000066 ], [ 32.968215, 35.001628999000047 ], [ 32.967396, 35.002154499000028 ], [ 32.965177615000073, 35.01031051800004 ], [ 32.975927889000047, 35.031608725000069 ], [ 32.986278824000067, 35.044463411000038 ], [ 32.994141254000056, 35.047594553000067 ], [ 32.995207020000066, 35.05687867100005 ], [ 33.004703, 35.066318499000033 ] ] ] ] } },
{ "type": "Feature", "properties": { "GISCO_ID": "CY_1322", "CNTR_CODE": "CY", "LAU_ID": "1322", "LAU_NAME": "Νικητάρι", "cell_coverage": [ [ 0, 0.0509, 0.1826 ], [ 0.0722, 0.865, 0.0482 ], [ 0.3143, 0.3228, 0 ], [ 0.0255, 0.0183, 0 ] ], "xmin": 32.916666666666664, "xmax": 33.041666666666664, "ymin": 34.958333333333321, "ymax": 35.125 }, "geometry": { "type": "MultiPolygon", "coordinates": [ [ [ [ 33.008024, 35.10416649900003 ], [ 33.01665145100003, 35.101879263000058 ], [ 33.022662, 35.096150499000032 ], [ 33.011249123000027, 35.08550843900008 ], [ 33.003831099000024, 35.083597157000042 ], [ 33.004703, 35.066318499000033 ], [ 32.995207020000066, 35.05687867100005 ], [ 32.994141254000056, 35.047594553000067 ], [ 32.986278824000067, 35.044463411000038 ], [ 32.975927889000047, 35.031608725000069 ], [ 32.965177615000073, 35.01031051800004 ], [ 32.967396, 35.002154499000028 ], [ 32.959682935000046, 34.992655157000058 ], [ 32.953074, 34.992346499000064 ], [ 32.951811706000058, 35.000161063000064 ], [ 32.944545290000065, 35.011476709000078 ], [ 32.945297001000029, 35.021223488000032 ], [ 32.941881548000026, 35.033776869000064 ], [ 32.943635056000062, 35.038451301000066 ], [ 32.954117508000024, 35.047296603000063 ], [ 32.950600826000027, 35.055033209000044 ], [ 32.953962, 35.059227499000031 ], [ 32.964797485000076, 35.071931923000079 ], [ 32.963866372000041, 35.077985886000079 ], [ 32.967724177000036, 35.083081732000039 ], [ 32.982522, 35.086524499000063 ], [ 32.996551431000057, 35.086000456000079 ], [ 33.002423329000067, 35.101910362000069 ], [ 33.008024, 35.10416649900003 ] ] ] ] } },
{ "type": "Feature", "properties": { "GISCO_ID": "CY_1323", "CNTR_CODE": "CY", "LAU_ID": "1323", "LAU_NAME": "Βυζακιά", "cell_coverage": [ [ 0.0906 ], [ 0.3549 ] ], "xmin": 33.0, "xmax": 33.041666666666664, "ymin": 35.04166666666665, "ymax": 35.125 }, "geometry": { "type": "MultiPolygon", "coordinates": [ [ [ [ 33.030433500000072, 35.054326499000069 ], [ 33.029761500000063, 35.053707999000039 ], [ 33.022483270000066, 35.061349104000044 ], [ 33.004703, 35.066318499000033 ], [ 33.003831099000024, 35.083597157000042 ], [ 33.011249123000027, 35.08550843900008 ], [ 33.022662, 35.096150499000032 ], [ 33.027529572000049, 35.092452392000041 ], [ 33.032106, 35.072182999000063 ], [ 33.03529343200006, 35.064199962000032 ], [ 33.030433500000072, 35.054326499000069 ] ] ] ] } },
{ "type": "Feature", "properties": { "GISCO_ID": "CY_1324", "CNTR_CODE": "CY", "LAU_ID": "1324", "LAU_NAME": "Αγία Μαρίνα Ξυλιάτου", "cell_coverage": [ [ 0.1568, 0.5966 ], [ 0.0037, 0.4053 ], [ 0, 0.0239 ] ], "xmin": 33.0, "xmax": 33.083333333333336, "ymin": 34.958333333333321, "ymax": 35.083333333333321 }, "geometry": { "type": "MultiPolygon", "coordinates": [ [ [ [ 33.061976, 35.068226999000046 ], [ 33.068274310000049, 35.063273675000062 ], [ 33.079813624000053, 35.062841304000074 ], [ 33.076308395000069, 35.05213748500006 ], [ 33.078454, 35.04007449900007 ], [ 33.076362596000024, 35.034307639000076 ], [ 33.069971118000069, 35.032238151000058 ], [ 33.064505527000051, 35.024713663000057 ], [ 33.069390443000032, 35.020341457000029 ], [ 33.068739659000073, 35.016512284000044 ], [ 33.055125040000064, 34.995859490000043 ], [ 33.048808, 34.991620499000078 ], [ 33.051365917000055, 35.016005470000039 ], [ 33.056459989000075, 35.025652402000048 ], [ 33.050008663000028, 35.035686678000047 ], [ 33.035985086000039, 35.04177392500003 ], [ 33.034962560000054, 35.045497331000036 ], [ 33.039384694000034, 35.049417513000037 ], [ 33.030433500000072, 35.054326499000069 ], [ 33.03529343200006, 35.064199962000032 ], [ 33.032106, 35.072182999000063 ], [ 33.041776500000026, 35.082182999000054 ], [ 33.045357060000072, 35.077730208000048 ], [ 33.059862426000052, 35.071971608000069 ], [ 33.061976, 35.068226999000046 ] ] ] ] } },
{ "type": "Feature", "properties": { "GISCO_ID": "CY_1326", "CNTR_CODE": "CY", "LAU_ID": "1326", "LAU_NAME": "Κάτω Μονή", "cell_coverage": [ [ 0, 0.0138 ], [ 0.1858, 0.4453 ], [ 0.0185, 0.0928 ] ], "xmin": 33.041666666666664, "xmax": 33.125, "ymin": 34.999999999999986, "ymax": 35.125 }, "geometry": { "type": "MultiPolygon", "coordinates": [ [ [ [ 33.083745, 35.015269499000055 ], [ 33.083873468000036, 35.029072782000071 ], [ 33.078454, 35.04007449900007 ], [ 33.076308395000069, 35.05213748500006 ], [ 33.079813624000053, 35.062841304000074 ], [ 33.068274310000049, 35.063273675000062 ], [ 33.061976, 35.068226999000046 ], [ 33.074390936000043, 35.07698444600004 ], [ 33.082168347000049, 35.071933379000029 ], [ 33.086963747000027, 35.078208491000055 ], [ 33.102469461000055, 35.082117456000049 ], [ 33.107053500000063, 35.089259999000035 ], [ 33.111904500000037, 35.082545999000047 ], [ 33.10788399300003, 35.079933505000042 ], [ 33.101635439000063, 35.062768683000058 ], [ 33.102284, 35.048276499000053 ], [ 33.102754953000044, 35.045689528000025 ], [ 33.087385404000031, 35.028219982000053 ], [ 33.086429, 35.022004499000047 ], [ 33.083745, 35.015269499000055 ] ] ] ] } },
{ "type": "Feature", "properties": { "GISCO_ID": "CY_4303", "CNTR_CODE": "CY", "LAU_ID": "4303", "LAU_NAME": "Τόχνη", "cell_coverage": [ [ 0.1457, 0 ], [ 0.5418, 0.0898 ], [ 0.1789, 0.0532 ] ], "xmin": 33.291666666666664, "xmax": 33.375, "ymin": 34.708333333333321, "ymax": 34.833333333333321 }, "geometry": { "type": "MultiPolygon", "coordinates": [ [ [ [ 33.295118, 34.810647499000027 ], [ 33.301762, 34.80954949900007 ], [ 33.303996882000035, 34.804866713000024 ], [ 33.321745743000065, 34.790721654000038 ], [ 33.333025945000031, 34.788348702000064 ], [ 33.342541500000038, 34.78089649900005 ], [ 33.341023583000037, 34.774674913000069 ], [ 33.330752059000076, 34.760820343000034 ], [ 33.335241228000029, 34.754389771000035 ], [ 33.339666058000034, 34.753529754000056 ], [ 33.342926, 34.742302499000061 ], [ 33.32963895000006, 34.734491774000048 ], [ 33.328545500000075, 34.720371999000065 ], [ 33.320909, 34.719220999000072 ], [ 33.320144500000026, 34.725636499000075 ], [ 33.321749534000048, 34.731553585000029 ], [ 33.318954850000068, 34.742092790000072 ], [ 33.32390805700004, 34.749132446000033 ], [ 33.320318980000025, 34.755962029000045 ], [ 33.30908934200005, 34.765845482000032 ], [ 33.305718013000046, 34.772895675000029 ], [ 33.305610626000032, 34.783481231000053 ], [ 33.29885702200005, 34.794504414000073 ], [ 33.294802, 34.79611649900005 ], [ 33.295118, 34.810647499000027 ] ] ] ] } },
{ "type": "Feature", "properties": { "GISCO_ID": "CY_4304", "CNTR_CODE": "CY", "LAU_ID": "4304", "LAU_NAME": "Χοιροκoιτία", "cell_coverage": [ [ 0.3577, 0.3601, 0 ], [ 0.0148, 0.2289, 0.0164 ] ], "xmin": 33.291666666666664, "xmax": 33.416666666666664, "ymin": 34.75, "ymax": 34.833333333333321 }, "geometry": { "type": "MultiPolygon", "coordinates": [ [ [ [ 33.326899, 34.818002499000045 ], [ 33.365527500000042, 34.80500949900005 ], [ 33.365381036000031, 34.797659231000068 ], [ 33.372176912000043, 34.792423933000066 ], [ 33.36920011400008, 34.786767753000049 ], [ 33.376124221000055, 34.785241658000075 ], [ 33.380051, 34.776900999000077 ], [ 33.372904129000062, 34.77543587100007 ], [ 33.370705763000046, 34.779946496000036 ], [ 33.364843353000026, 34.781837200000041 ], [ 33.342541500000038, 34.78089649900005 ], [ 33.333025945000031, 34.788348702000064 ], [ 33.321745743000065, 34.790721654000038 ], [ 33.303996882000035, 34.804866713000024 ], [ 33.301762, 34.80954949900007 ], [ 33.299967, 34.814118999000073 ], [ 33.318279945000029, 34.814887534000036 ], [ 33.323998, 34.818580999000062 ], [ 33.326899, 34.818002499000045 ] ] ] ] } },
{ "type": "Feature", "properties": { "GISCO_ID": "CY_4306", "CNTR_CODE": "CY", "LAU_ID": "4306", "LAU_NAME": "Μαρώνι", "cell_coverage": [ [ 0.3139, 0.1506 ], [ 0.2454, 0.0954 ] ], "xmin": 33.333333333333329, "xmax": 33.416666666666664, "ymin": 34.708333333333321, "ymax": 34.791666666666657 }, "geometry": { "type": "MultiPolygon", "coordinates": [ [ [ [ 33.355381, 34.731646999000077 ], [ 33.350757483000052, 34.735558842000046 ], [ 33.354436866000071, 34.741075028000068 ], [ 33.34528890100006, 34.749371283000073 ], [ 33.345862503000035, 34.756473561000064 ], [ 33.35963216600004, 34.770828585000061 ], [ 33.379249, 34.77332399900007 ], [ 33.388343421000059, 34.764303919000042 ], [ 33.385431966000056, 34.759191563000059 ], [ 33.393368500000065, 34.746570499000029 ], [ 33.370079085000043, 34.731886625000072 ], [ 33.355381, 34.731646999000077 ] ] ], [ [ [ 33.357111910000071, 34.774686222000071 ], [ 33.360841351000033, 34.777237265000053 ], [ 33.365296344000058, 34.775784875000056 ], [ 33.362539893000076, 34.772535362000042 ], [ 33.357111910000071, 34.774686222000071 ] ] ] ] } },
{ "type": "Feature", "properties": { "GISCO_ID": "CY_4307", "CNTR_CODE": "CY", "LAU_ID": "4307", "LAU_NAME": "Άγιος Θεόδωρος Λάρνακας", "cell_coverage": [ [ 0.0669, 0.503, 0.1336, 0 ], [ 0.0149, 0.8186, 0.5994, 0.018 ], [ 0, 0.0178, 0, 0 ] ], "xmin": 33.333333333333329, "xmax": 33.5, "ymin": 34.708333333333321, "ymax": 34.833333333333321 }, "geometry": { "type": "MultiPolygon", "coordinates": [ [ [ [ 33.41623050000004, 34.807710999000051 ], [ 33.424049594000053, 34.80597726700006 ], [ 33.428804659000036, 34.798020422000036 ], [ 33.44105361000004, 34.796517592000043 ], [ 33.442098237000039, 34.79160358300004 ], [ 33.458590568000034, 34.783692528000074 ], [ 33.46335747300003, 34.779229712000074 ], [ 33.459596500000032, 34.773118499000077 ], [ 33.42831887400007, 34.762905420000038 ], [ 33.412985908000053, 34.750804199000072 ], [ 33.393368500000065, 34.746570499000029 ], [ 33.385431966000056, 34.759191563000059 ], [ 33.388343421000059, 34.764303919000042 ], [ 33.379249, 34.77332399900007 ], [ 33.380051, 34.776900999000077 ], [ 33.376124221000055, 34.785241658000075 ], [ 33.36920011400008, 34.786767753000049 ], [ 33.372176912000043, 34.792423933000066 ], [ 33.365381036000031, 34.797659231000068 ], [ 33.365527500000042, 34.80500949900005 ], [ 33.375164582000025, 34.807402860000025 ], [ 33.376915427000029, 34.813933798000051 ], [ 33.382025, 34.817123999000046 ], [ 33.391644212000074, 34.812174129000027 ], [ 33.405194013000028, 34.814834738000059 ], [ 33.408991033000063, 34.807886686000074 ], [ 33.41623050000004, 34.807710999000051 ] ] ] ] } },
{ "type": "Feature", "properties": { "GISCO_ID": "CY_1424", "CNTR_CODE": "CY", "LAU_ID": "1424", "LAU_NAME": "Καλοπαναγιώτης", "cell_coverage": [ [ 0, 0.055 ], [ 0.2714, 0.4246 ], [ 0.5201, 0.3539 ], [ 0.1727, 0.1612 ] ], "xmin": 32.791666666666664, "xmax": 32.875, "ymin": 34.958333333333321, "ymax": 35.125 }, "geometry": { "type": "MultiPolygon", "coordinates": [ [ [ [ 32.805767500000059, 35.046240499000078 ], [ 32.816042304000064, 35.057177074000037 ], [ 32.824894364000045, 35.059682948000045 ], [ 32.829495166000072, 35.069583961000035 ], [ 32.839379697000027, 35.076889559000051 ], [ 32.844192546000045, 35.086241749000067 ], [ 32.855884696000032, 35.092758797000045 ], [ 32.858909500000038, 35.091336499000079 ], [ 32.855592500000057, 35.070707999000035 ], [ 32.854519052000057, 35.063311991000035 ], [ 32.846155206000049, 35.054796474000057 ], [ 32.85019, 35.046792499000048 ], [ 32.847454691000053, 35.038008664000074 ], [ 32.858639500000038, 35.021867499000052 ], [ 32.859549, 35.017618999000035 ], [ 32.84888335200003, 35.01295695500005 ], [ 32.849732, 35.006163499000024 ], [ 32.844932265000068, 35.007049659000074 ], [ 32.844351589000041, 35.011596926000038 ], [ 32.834882411000024, 35.013336097000035 ], [ 32.83210611800007, 35.00896539300004 ], [ 32.826504421000038, 35.009079816000053 ], [ 32.826191538000046, 35.002158580000071 ], [ 32.829842089000067, 34.997215114000028 ], [ 32.852558500000043, 34.996607499000049 ], [ 32.857832500000029, 34.989174999000056 ], [ 32.858582, 34.983015999000031 ], [ 32.808040603000052, 34.989490767000063 ], [ 32.802742, 34.99333849900006 ], [ 32.811113812000031, 34.997308789000044 ], [ 32.813629568000067, 35.012842141000078 ], [ 32.812141360000055, 35.021781010000041 ], [ 32.807524512000043, 35.025288722000028 ], [ 32.809975282000039, 35.032367488000034 ], [ 32.804263457000047, 35.034905207000065 ], [ 32.805767500000059, 35.046240499000078 ] ] ] ] } },
{ "type": "Feature", "properties": { "GISCO_ID": "CY_1425", "CNTR_CODE": "CY", "LAU_ID": "1425", "LAU_NAME": "Γερακιές", "cell_coverage": [ [ 0.034, 0.063 ], [ 0.6507, 0.4438 ], [ 0.2442, 0.0704 ] ], "xmin": 32.75, "xmax": 32.833333333333336, "ymin": 34.958333333333321, "ymax": 35.083333333333321 }, "geometry": { "type": "MultiPolygon", "coordinates": [ [ [ [ 32.798076500000036, 34.992790999000079 ], [ 32.789596976000041, 34.991203131000077 ], [ 32.781873529000052, 34.978217880000045 ], [ 32.759534500000029, 34.978265499000031 ], [ 32.77573740400004, 34.984039258000053 ], [ 32.764325138000061, 34.997225613000069 ], [ 32.760877, 35.027807999000061 ], [ 32.764131223000049, 35.032969753000032 ], [ 32.78284239900006, 35.042671725000048 ], [ 32.791051, 35.053101499000036 ], [ 32.805767500000059, 35.046240499000078 ], [ 32.804263457000047, 35.034905207000065 ], [ 32.809975282000039, 35.032367488000034 ], [ 32.807524512000043, 35.025288722000028 ], [ 32.812141360000055, 35.021781010000041 ], [ 32.813629568000067, 35.012842141000078 ], [ 32.811113812000031, 34.997308789000044 ], [ 32.802742, 34.99333849900006 ], [ 32.798076500000036, 34.992790999000079 ] ] ] ] } },
{ "type": "Feature", "properties": { "GISCO_ID": "CY_1426", "CNTR_CODE": "CY", "LAU_ID": "1426", "LAU_NAME": "Τσακίστρα", "cell_coverage": [ [ 0.3283, 0.7083, 0.2037 ], [ 0.0385, 0.3115, 0.2281 ] ], "xmin": 32.666666666666664, "xmax": 32.791666666666664, "ymin": 34.958333333333321, "ymax": 35.041666666666657 }, "geometry": { "type": "MultiPolygon", "coordinates": [ [ [ [ 32.760877, 35.027807999000061 ], [ 32.764325138000061, 34.997225613000069 ], [ 32.77573740400004, 34.984039258000053 ], [ 32.759534500000029, 34.978265499000031 ], [ 32.749575408000055, 34.980308752000042 ], [ 32.73969819000007, 34.96981074200005 ], [ 32.73244684000008, 34.969810302000042 ], [ 32.726074978000042, 34.975705695000045 ], [ 32.733775051000066, 34.994759957000042 ], [ 32.729050209000036, 35.003557976000025 ], [ 32.712104109000052, 35.001979630000051 ], [ 32.696456983000076, 34.994142061000048 ], [ 32.688235217000056, 34.99911564100006 ], [ 32.681263984000054, 34.999529984000048 ], [ 32.676170500000069, 35.005841499000041 ], [ 32.667392, 35.011299499000074 ], [ 32.693592414000079, 35.015612288000057 ], [ 32.718665734000069, 35.033226395000042 ], [ 32.760877, 35.027807999000061 ] ] ] ] } },
{ "type": "Feature", "properties": { "GISCO_ID": "CY_1427", "CNTR_CODE": "CY", "LAU_ID": "1427", "LAU_NAME": "Κάμπος", "cell_coverage": [ [ 0, 0, 0.0694, 0.2748, 0 ], [ 0.0232, 0.4635, 0.9873, 0.8908, 0.0362 ], [ 0.1548, 0.6156, 0.2605, 0.1456, 0 ] ], "xmin": 32.625, "xmax": 32.833333333333336, "ymin": 34.999999999999986, "ymax": 35.125 }, "geometry": { "type": "MultiPolygon", "coordinates": [ [ [ [ 32.798501500000043, 35.06776749900007 ], [ 32.791051, 35.053101499000036 ], [ 32.78284239900006, 35.042671725000048 ], [ 32.764131223000049, 35.032969753000032 ], [ 32.760877, 35.027807999000061 ], [ 32.718665734000069, 35.033226395000042 ], [ 32.693592414000079, 35.015612288000057 ], [ 32.667392, 35.011299499000074 ], [ 32.663354128000037, 35.013430948000064 ], [ 32.659352185000046, 35.025160441000025 ], [ 32.651286500000026, 35.031718999000077 ], [ 32.657716866000044, 35.045081422000067 ], [ 32.680776963000028, 35.049042967000048 ], [ 32.688077946000078, 35.065104613000074 ], [ 32.709001500000056, 35.07840599900004 ], [ 32.713436776000037, 35.082698747000052 ], [ 32.729228840000076, 35.083165507000047 ], [ 32.734879500000034, 35.088020999000037 ], [ 32.740762489000076, 35.088638807000052 ], [ 32.753236423000033, 35.097225133000052 ], [ 32.762245, 35.114815499000031 ], [ 32.762834154000075, 35.106064703000072 ], [ 32.775434500000074, 35.111179999000058 ], [ 32.77124701200006, 35.105316176000031 ], [ 32.77134651700004, 35.081534866000027 ], [ 32.775461649000079, 35.077153708000026 ], [ 32.785404222000068, 35.077206386000057 ], [ 32.798501500000043, 35.06776749900007 ] ] ] ] } },
{ "type": "Feature", "properties": { "GISCO_ID": "CY_1430", "CNTR_CODE": "CY", "LAU_ID": "1430", "LAU_NAME": "Άγιος Νικόλαος Σολέας", "cell_coverage": [ [ 0.0997, 0.0397 ] ], "xmin": 32.833333333333329, "xmax": 32.916666666666664, "ymin": 35.083333333333321, "ymax": 35.125 }, "geometry": { "type": "MultiPolygon", "coordinates": [ [ [ [ 32.860827500000028, 35.103526499000054 ], [ 32.868371539000066, 35.103511150000031 ], [ 32.873823776000052, 35.108375250000051 ], [ 32.882065, 35.108362999000065 ], [ 32.88201550000008, 35.096670999000025 ], [ 32.880643, 35.098892999000043 ], [ 32.877760613000078, 35.099689166000076 ], [ 32.875674739000033, 35.097432438000055 ], [ 32.873101510000026, 35.097144527000069 ], [ 32.872036426000079, 35.094689568000035 ], [ 32.869863935000069, 35.093151388000024 ], [ 32.863569354000049, 35.090698660000044 ], [ 32.859582500000045, 35.092688999000075 ], [ 32.860827500000028, 35.103526499000054 ] ] ] ] } },
{ "type": "Feature", "properties": { "GISCO_ID": "CY_2114", "CNTR_CODE": "CY", "LAU_ID": "2114", "LAU_NAME": "Αγίρδα", "cell_coverage": [ [ 0.2322, 0.0197 ], [ 0.1946, 0.0002 ] ], "xmin": 33.25, "xmax": 33.333333333333336, "ymin": 35.25, "ymax": 35.333333333333321 }, "geometry": { "type": "MultiPolygon", "coordinates": [ [ [ [ 33.270447500000046, 35.276194499000042 ], [ 33.26238468400004, 35.287556959000028 ], [ 33.259813, 35.30364699900008 ], [ 33.284778, 35.306844499000078 ], [ 33.288834491000046, 35.301180161000048 ], [ 33.299623, 35.297561999000038 ], [ 33.292591272000038, 35.292363558000034 ], [ 33.286253756000065, 35.278466455000057 ], [ 33.280675500000029, 35.27888099900008 ], [ 33.277627941000048, 35.280728049000061 ], [ 33.274251767000067, 35.274494024000035 ], [ 33.270447500000046, 35.276194499000042 ] ] ] ] } },
{ "type": "Feature", "properties": { "GISCO_ID": "CY_2120", "CNTR_CODE": "CY", "LAU_ID": "2120", "LAU_NAME": "Άγιος Ερμόλαος", "cell_coverage": [ [ 0.2176, 0.5337 ] ], "xmin": 33.125, "xmax": 33.208333333333336, "ymin": 35.25, "ymax": 35.291666666666657 }, "geometry": { "type": "MultiPolygon", "coordinates": [ [ [ [ 33.158114500000067, 35.258041999000056 ], [ 33.153442297000026, 35.270994405000067 ], [ 33.14532150000008, 35.275440499000069 ], [ 33.15252455500007, 35.278994451000074 ], [ 33.154138587000034, 35.284158153000078 ], [ 33.158584, 35.284256999000036 ], [ 33.193132500000047, 35.280718499000045 ], [ 33.203996500000073, 35.270140499000036 ], [ 33.196682939000027, 35.261793497000042 ], [ 33.202213500000028, 35.252650999000025 ], [ 33.194856, 35.250316999000063 ], [ 33.181083516000058, 35.251659301000075 ], [ 33.173905934000061, 35.258159983000041 ], [ 33.167307937000032, 35.259576192000054 ], [ 33.163963558000034, 35.257648455000037 ], [ 33.16826065500004, 35.25423659300003 ], [ 33.166688153000052, 35.252318434000074 ], [ 33.159977157000071, 35.254242267000052 ], [ 33.158114500000067, 35.258041999000056 ] ] ] ] } },
{ "type": "Feature", "properties": { "GISCO_ID": "CY_2121", "CNTR_CODE": "CY", "LAU_ID": "2121", "LAU_NAME": "Σύσκληπος", "cell_coverage": [ [ 0.0566, 0.3859 ], [ 0.0416, 0.1585 ] ], "xmin": 33.125, "xmax": 33.208333333333336, "ymin": 35.25, "ymax": 35.333333333333321 }, "geometry": { "type": "MultiPolygon", "coordinates": [ [ [ [ 33.202162, 35.313143999000033 ], [ 33.200017500000058, 35.308508999000026 ], [ 33.201387541000031, 35.304023948000065 ], [ 33.193132500000047, 35.280718499000045 ], [ 33.158584, 35.284256999000036 ], [ 33.156214048000038, 35.291406398000049 ], [ 33.160523022000064, 35.30078627100005 ], [ 33.168993200000045, 35.31119075600003 ], [ 33.174222, 35.313213999000027 ], [ 33.185059500000079, 35.311750999000026 ], [ 33.191242500000044, 35.310566999000059 ], [ 33.194045500000072, 35.310482999000044 ], [ 33.200406, 35.314084499000046 ], [ 33.202162, 35.313143999000033 ] ] ] ] } },
{ "type": "Feature", "properties": { "GISCO_ID": "CY_2122", "CNTR_CODE": "CY", "LAU_ID": "2122", "LAU_NAME": "Κοντεμένος", "cell_coverage": [ [ 0.1911, 0.4805 ], [ 0, 0.0057 ] ], "xmin": 33.083333333333329, "xmax": 33.166666666666664, "ymin": 35.208333333333321, "ymax": 35.291666666666657 }, "geometry": { "type": "MultiPolygon", "coordinates": [ [ [ [ 33.11371, 35.254525499000067 ], [ 33.116689, 35.286898499000074 ], [ 33.121792783000046, 35.287492179000026 ], [ 33.125105823000069, 35.282786050000027 ], [ 33.140477, 35.282005999000035 ], [ 33.143744214000037, 35.280884600000036 ], [ 33.14532150000008, 35.275440499000069 ], [ 33.153442297000026, 35.270994405000067 ], [ 33.158114500000067, 35.258041999000056 ], [ 33.152796429000034, 35.255859800000053 ], [ 33.15267024700006, 35.248364760000072 ], [ 33.139629072000048, 35.254974895000032 ], [ 33.136095500000067, 35.248085499000069 ], [ 33.11371, 35.254525499000067 ] ] ] ] } },
{ "type": "Feature", "properties": { "GISCO_ID": "CY_2123", "CNTR_CODE": "CY", "LAU_ID": "2123", "LAU_NAME": "Ασώματος Κερύνειας", "cell_coverage": [ [ 0, 0.0163 ], [ 0.5472, 0.6795 ], [ 0.0146, 0 ] ], "xmin": 33.041666666666664, "xmax": 33.125, "ymin": 35.208333333333321, "ymax": 35.333333333333321 }, "geometry": { "type": "MultiPolygon", "coordinates": [ [ [ [ 33.088856500000077, 35.29356849900006 ], [ 33.089339, 35.294567499000038 ], [ 33.109150276000037, 35.291348447000075 ], [ 33.116689, 35.286898499000074 ], [ 33.11371, 35.254525499000067 ], [ 33.099511500000062, 35.252250999000069 ], [ 33.086303063000059, 35.255863428000055 ], [ 33.072604500000068, 35.24739899900004 ], [ 33.06819299600005, 35.247060766000061 ], [ 33.048534640000071, 35.258197548000055 ], [ 33.042224354000041, 35.258734790000062 ], [ 33.043532500000026, 35.267066999000065 ], [ 33.061236308000048, 35.277918138000075 ], [ 33.079819625000027, 35.280653571000073 ], [ 33.088856500000077, 35.29356849900006 ] ] ] ] } },
{ "type": "Feature", "properties": { "GISCO_ID": "CY_5213", "CNTR_CODE": "CY", "LAU_ID": "5213", "LAU_NAME": "Καντού", "cell_coverage": [ [ 0.2061, 0.0535 ], [ 0.3907, 0 ] ], "xmin": 32.875, "xmax": 32.958333333333336, "ymin": 34.66666666666665, "ymax": 34.75 }, "geometry": { "type": "MultiPolygon", "coordinates": [ [ [ [ 32.917743500000029, 34.738619999000036 ], [ 32.921784, 34.736958499000025 ], [ 32.918705638000063, 34.727412099000048 ], [ 32.922073182000076, 34.722406676000048 ], [ 32.917334188000041, 34.712905308000074 ], [ 32.919031, 34.71098149900007 ], [ 32.915349702000071, 34.707048072000077 ], [ 32.911602318000064, 34.683367829000076 ], [ 32.913272500000062, 34.678877999000065 ], [ 32.907879009000055, 34.684139149000032 ], [ 32.899936699000079, 34.684150162000037 ], [ 32.882638500000041, 34.691849999000056 ], [ 32.884041500000023, 34.705046499000048 ], [ 32.884848709000039, 34.710177352000073 ], [ 32.892553252000027, 34.718777742000043 ], [ 32.899071110000079, 34.713239332000057 ], [ 32.907336651000037, 34.712115694000033 ], [ 32.906412481000075, 34.720101981000028 ], [ 32.911615429000051, 34.724053604000062 ], [ 32.910048991000053, 34.732999050000046 ], [ 32.914426347000074, 34.739584128000047 ], [ 32.917743500000029, 34.738619999000036 ] ] ] ] } },
{ "type": "Feature", "properties": { "GISCO_ID": "CY_5214", "CNTR_CODE": "CY", "LAU_ID": "5214", "LAU_NAME": "Σωτήρα Λεμεσού", "cell_coverage": [ [ 0.2208, 0.3902, 0.0108 ], [ 0.3804, 0.5306, 0.0673 ], [ 0.0109, 0.0101, 0 ] ], "xmin": 32.791666666666664, "xmax": 32.916666666666664, "ymin": 34.625, "ymax": 34.75 }, "geometry": { "type": "MultiPolygon", "coordinates": [ [ [ [ 32.858292500000061, 34.733220999000025 ], [ 32.875126490000071, 34.717789477000053 ], [ 32.878618376000077, 34.708839014000034 ], [ 32.884041500000023, 34.705046499000048 ], [ 32.882638500000041, 34.691849999000056 ], [ 32.876700080000035, 34.695464123000079 ], [ 32.871185896000043, 34.688881588000072 ], [ 32.858850516000075, 34.702071622000062 ], [ 32.85643288600005, 34.687932853000063 ], [ 32.845826912000064, 34.687818513000025 ], [ 32.84260613400005, 34.68507814000003 ], [ 32.841475, 34.663706999000055 ], [ 32.825734498000031, 34.666944840000042 ], [ 32.81539, 34.662645499000064 ], [ 32.825359314000025, 34.680335516000071 ], [ 32.818643856000051, 34.688182515000051 ], [ 32.818078570000068, 34.696067615000061 ], [ 32.805933061000076, 34.702936585000032 ], [ 32.808994, 34.721757499000034 ], [ 32.822494, 34.731342999000049 ], [ 32.821185644000025, 34.723274984000057 ], [ 32.828723221000075, 34.719048828000041 ], [ 32.838819985000043, 34.720463364000068 ], [ 32.842626082000038, 34.724826719000077 ], [ 32.851191835000066, 34.72404900600003 ], [ 32.857253342000035, 34.728664805000051 ], [ 32.858292500000061, 34.733220999000025 ] ] ] ] } },
{ "type": "Feature", "properties": { "GISCO_ID": "CY_5220", "CNTR_CODE": "CY", "LAU_ID": "5220", "LAU_NAME": "Πραστιό Αυδήμου", "cell_coverage": [ [ 0.6349, 0.0558 ], [ 0.0724, 0.0029 ] ], "xmin": 32.75, "xmax": 32.833333333333336, "ymin": 34.66666666666665, "ymax": 34.75 }, "geometry": { "type": "MultiPolygon", "coordinates": [ [ [ [ 32.771655, 34.703452999000035 ], [ 32.763717858000064, 34.704525071000035 ], [ 32.761031110000033, 34.711918766000053 ], [ 32.752068, 34.71634399900006 ], [ 32.75539270400003, 34.729546427000059 ], [ 32.762416, 34.739750499000024 ], [ 32.773914947000037, 34.743899469000041 ], [ 32.793782091000026, 34.732126898000047 ], [ 32.797152161000042, 34.737406961000033 ], [ 32.80309550000004, 34.73914049900003 ], [ 32.79813017400005, 34.734277529000053 ], [ 32.79534, 34.719963999000072 ], [ 32.792237271000033, 34.716619144000049 ], [ 32.793105322000031, 34.704432637000025 ], [ 32.771655, 34.703452999000035 ] ] ] ] } },
{ "type": "Feature", "properties": { "GISCO_ID": "CY_5221", "CNTR_CODE": "CY", "LAU_ID": "5221", "LAU_NAME": "Παραμάλι", "cell_coverage": [ [ 0, 0.1065 ], [ 0.2608, 0.6165 ], [ 0.0546, 0.0518 ] ], "xmin": 32.75, "xmax": 32.833333333333336, "ymin": 34.625, "ymax": 34.75 }, "geometry": { "type": "MultiPolygon", "coordinates": [ [ [ [ 32.771655, 34.703452999000035 ], [ 32.793105322000031, 34.704432637000025 ], [ 32.792237271000033, 34.716619144000049 ], [ 32.79534, 34.719963999000072 ], [ 32.808994, 34.721757499000034 ], [ 32.805933061000076, 34.702936585000032 ], [ 32.818078570000068, 34.696067615000061 ], [ 32.818643856000051, 34.688182515000051 ], [ 32.825359314000025, 34.680335516000071 ], [ 32.81539, 34.662645499000064 ], [ 32.791489656000067, 34.663499854000065 ], [ 32.773409500000071, 34.656362999000066 ], [ 32.777393245000042, 34.663049597000054 ], [ 32.777159134000044, 34.671281287000056 ], [ 32.78364713700006, 34.679394055000046 ], [ 32.78164459900006, 34.692015489000028 ], [ 32.771655, 34.703452999000035 ] ] ] ] } },
{ "type": "Feature", "properties": { "GISCO_ID": "CY_5222", "CNTR_CODE": "CY", "LAU_ID": "5222", "LAU_NAME": "Αυδήμου", "cell_coverage": [ [ 0.0193, 0.0394 ], [ 0.1426, 0.6668 ], [ 0.0293, 0.179 ] ], "xmin": 32.708333333333329, "xmax": 32.791666666666664, "ymin": 34.625, "ymax": 34.75 }, "geometry": { "type": "MultiPolygon", "coordinates": [ [ [ [ 32.771655, 34.703452999000035 ], [ 32.78164459900006, 34.692015489000028 ], [ 32.78364713700006, 34.679394055000046 ], [ 32.777159134000044, 34.671281287000056 ], [ 32.777393245000042, 34.663049597000054 ], [ 32.773409500000071, 34.656362999000066 ], [ 32.76290438500007, 34.657282459000044 ], [ 32.755559676000075, 34.651204242000063 ], [ 32.750052500000038, 34.650256499000079 ], [ 32.746618115000047, 34.654927089000068 ], [ 32.747400110000058, 34.661726705000035 ], [ 32.743525803000068, 34.666526605000058 ], [ 32.743502292000073, 34.673412240000062 ], [ 32.748915775000057, 34.677445993000049 ], [ 32.746481500000073, 34.682478499000069 ], [ 32.745814154000072, 34.688268995000044 ], [ 32.740027, 34.693697499000052 ], [ 32.743137268000055, 34.702130545000045 ], [ 32.741813500000035, 34.712027499000044 ], [ 32.749009544000046, 34.712823809000042 ], [ 32.752068, 34.71634399900006 ], [ 32.761031110000033, 34.711918766000053 ], [ 32.763717858000064, 34.704525071000035 ], [ 32.771655, 34.703452999000035 ] ] ] ] } },
{ "type": "Feature", "properties": { "GISCO_ID": "CY_1327", "CNTR_CODE": "CY", "LAU_ID": "1327", "LAU_NAME": "Ορούντα", "cell_coverage": [ [ 0.3695, 0.4916 ], [ 0.2174, 0.0443 ] ], "xmin": 33.041666666666664, "xmax": 33.125, "ymin": 35.04166666666665, "ymax": 35.125 }, "geometry": { "type": "MultiPolygon", "coordinates": [ [ [ [ 33.041776500000026, 35.082182999000054 ], [ 33.043775057000062, 35.089019280000059 ], [ 33.052171405000024, 35.092198077000035 ], [ 33.057233, 35.099081999000077 ], [ 33.073291846000075, 35.101402449000034 ], [ 33.076579655000046, 35.107395843000063 ], [ 33.09550581700006, 35.11571258500004 ], [ 33.102833, 35.124113499000032 ], [ 33.110545512000044, 35.114014472000065 ], [ 33.111270500000046, 35.107245499000044 ], [ 33.107372187000067, 35.096778954000058 ], [ 33.111450045000026, 35.094187479000027 ], [ 33.107053500000063, 35.089259999000035 ], [ 33.102469461000055, 35.082117456000049 ], [ 33.086963747000027, 35.078208491000055 ], [ 33.082168347000049, 35.071933379000029 ], [ 33.074390936000043, 35.07698444600004 ], [ 33.061976, 35.068226999000046 ], [ 33.059862426000052, 35.071971608000069 ], [ 33.045357060000072, 35.077730208000048 ], [ 33.041776500000026, 35.082182999000054 ] ] ] ] } },
{ "type": "Feature", "properties": { "GISCO_ID": "CY_1328", "CNTR_CODE": "CY", "LAU_ID": "1328", "LAU_NAME": "Πάνω Κουτραφάς", "cell_coverage": [ [ 0.1873, 0.0488 ] ], "xmin": 32.958333333333329, "xmax": 33.041666666666664, "ymin": 35.083333333333321, "ymax": 35.125 }, "geometry": { "type": "MultiPolygon", "coordinates": [ [ [ [ 32.982522, 35.086524499000063 ], [ 32.981677410000032, 35.092213138000034 ], [ 32.988077310000051, 35.097653699000034 ], [ 32.986446890000025, 35.104223606000062 ], [ 32.99513167300006, 35.109570818000066 ], [ 32.996097489000078, 35.113266543000066 ], [ 33.003014500000063, 35.115550499000051 ], [ 33.001861946000076, 35.112994908000076 ], [ 33.007018500000072, 35.110972999000069 ], [ 33.008024, 35.10416649900003 ], [ 33.002423329000067, 35.101910362000069 ], [ 32.996551431000057, 35.086000456000079 ], [ 32.982522, 35.086524499000063 ] ] ] ] } },
{ "type": "Feature", "properties": { "GISCO_ID": "CY_3100", "CNTR_CODE": "CY", "LAU_ID": "3100", "LAU_NAME": "Αγία Νάπα", "cell_coverage": [ [ 0.0179, 0.1642, 0.0704, 0, 0 ], [ 0.2133, 0.3598, 0.4788, 0.453, 0.0093 ], [ 0, 0, 0, 0.0016, 0.0014 ] ], "xmin": 33.916666666666664, "xmax": 34.125, "ymin": 34.916666666666657, "ymax": 35.041666666666657 }, "geometry": { "type": "MultiPolygon", "coordinates": [ [ [ [ 33.935079500000029, 34.978655999000068 ], [ 33.932593541000074, 34.983047877000047 ], [ 33.936451686000055, 34.992131024000059 ], [ 33.947045610000032, 34.994587960000047 ], [ 33.960914, 35.012120499000048 ], [ 33.975195627000062, 35.013990917000058 ], [ 33.975553851000029, 35.010719321000067 ], [ 33.968463805000056, 35.009294930000067 ], [ 33.974670533000051, 35.003999620000059 ], [ 33.989110243000027, 35.003025498000056 ], [ 34.007787260000043, 35.007179285000063 ], [ 34.032662730000027, 34.998397544000056 ], [ 34.041971169000078, 34.990661444000068 ], [ 34.060862732000032, 34.989314845000024 ], [ 34.069628500000078, 34.983660999000051 ], [ 34.075855903000047, 34.97533379500004 ], [ 34.078249061000065, 34.966604244000052 ], [ 34.086349755000072, 34.964021253000055 ], [ 34.085301777000041, 34.957098121000058 ], [ 34.080828921000034, 34.957320376000041 ], [ 34.079818996000029, 34.962065546000076 ], [ 34.07609347600004, 34.964086629000064 ], [ 34.065954580000039, 34.960174378000033 ], [ 34.046749942000076, 34.971359435000068 ], [ 34.033520204000069, 34.973019355000076 ], [ 34.012777560000075, 34.983638902000052 ], [ 33.980998191000026, 34.983483715000034 ], [ 33.97002492200005, 34.987576766000075 ], [ 33.958353415000033, 34.986254991000067 ], [ 33.954963062000047, 34.981331526000076 ], [ 33.935079500000029, 34.978655999000068 ] ] ] ] } },
{ "type": "Feature", "properties": { "GISCO_ID": "CY_3101", "CNTR_CODE": "CY", "LAU_ID": "3101", "LAU_NAME": "Παραλίμνι", "cell_coverage": [ [ 0, 0.3871, 0.2771, 0 ], [ 0.0052, 0.7611, 0.9176, 0.2808 ], [ 0, 0, 0.0298, 0.2057 ] ], "xmin": 33.916666666666664, "xmax": 34.083333333333329, "ymin": 34.958333333333321, "ymax": 35.083333333333321 }, "geometry": { "type": "MultiPolygon", "coordinates": [ [ [ [ 33.963427, 35.04165049900007 ], [ 33.968149852000067, 35.049053451000077 ], [ 33.974936239000044, 35.051527620000059 ], [ 33.971546082000032, 35.056749952000075 ], [ 33.972859993000043, 35.063821994000079 ], [ 33.986046557000066, 35.065345504000049 ], [ 33.99668611900006, 35.061918959000025 ], [ 33.999644500000045, 35.067937999000037 ], [ 34.032478104000063, 35.044964378000032 ], [ 34.050295904000052, 35.025476064000031 ], [ 34.054540900000063, 35.016452646000062 ], [ 34.063703863000057, 35.011840776000042 ], [ 34.064412549000053, 35.002704825000023 ], [ 34.07763890800004, 34.987141297000051 ], [ 34.069628500000078, 34.983660999000051 ], [ 34.060862732000032, 34.989314845000024 ], [ 34.041971169000078, 34.990661444000068 ], [ 34.032662730000027, 34.998397544000056 ], [ 34.007787260000043, 35.007179285000063 ], [ 33.989110243000027, 35.003025498000056 ], [ 33.974670533000051, 35.003999620000059 ], [ 33.968463805000056, 35.009294930000067 ], [ 33.975553851000029, 35.010719321000067 ], [ 33.975195627000062, 35.013990917000058 ], [ 33.960914, 35.012120499000048 ], [ 33.968417152000029, 35.024089826000079 ], [ 33.955019424000056, 35.034071631000074 ], [ 33.963427, 35.04165049900007 ] ] ] ] } },
{ "type": "Feature", "properties": { "GISCO_ID": "CY_3102", "CNTR_CODE": "CY", "LAU_ID": "3102", "LAU_NAME": "Δερύνεια", "cell_coverage": [ [ 0.2965, 0.0926, 0.0158 ], [ 0.1643, 0.7571, 0.5093 ], [ 0, 0, 5.8887e-07 ] ], "xmin": 33.875, "xmax": 34.0, "ymin": 34.999999999999986, "ymax": 35.125 }, "geometry": { "type": "MultiPolygon", "coordinates": [ [ [ [ 33.887744, 35.084578499000031 ], [ 33.894234398000037, 35.093817093000041 ], [ 33.887354479000066, 35.10102389900004 ], [ 33.884117745000026, 35.109987775000036 ], [ 33.893472098000075, 35.108582682000076 ], [ 33.899611, 35.103420499000038 ], [ 33.90159226600008, 35.096956887000033 ], [ 33.914319873000068, 35.100216661000047 ], [ 33.927639077000038, 35.086604433000048 ], [ 33.932382744000051, 35.088134701000058 ], [ 33.940505003000055, 35.084697955000024 ], [ 33.957158937000031, 35.084131144000025 ], [ 33.965610060000074, 35.087270319000027 ], [ 33.974382843000058, 35.079321525000069 ], [ 33.982854, 35.081952499000067 ], [ 33.999644500000045, 35.067937999000037 ], [ 33.99668611900006, 35.061918959000025 ], [ 33.986046557000066, 35.065345504000049 ], [ 33.972859993000043, 35.063821994000079 ], [ 33.971546082000032, 35.056749952000075 ], [ 33.974936239000044, 35.051527620000059 ], [ 33.968149852000067, 35.049053451000077 ], [ 33.963427, 35.04165049900007 ], [ 33.940908, 35.044784999000058 ], [ 33.927225337000039, 35.057632671000079 ], [ 33.921025991000079, 35.069554568000058 ], [ 33.897686349000026, 35.07054861000006 ], [ 33.897797955000044, 35.075089175000073 ], [ 33.887744, 35.084578499000031 ] ] ] ] } },
{ "type": "Feature", "properties": { "GISCO_ID": "CY_3103", "CNTR_CODE": "CY", "LAU_ID": "3103", "LAU_NAME": "Σωτήρα Αμμοχώστου", "cell_coverage": [ [ 0, 0.0204, 0.001 ], [ 0.0512, 0.8011, 0.0747 ], [ 0.2334, 0.2939, 0 ] ], "xmin": 33.875, "xmax": 34.0, "ymin": 34.958333333333321, "ymax": 35.083333333333321 }, "geometry": { "type": "MultiPolygon", "coordinates": [ [ [ [ 33.960914, 35.012120499000048 ], [ 33.947045610000032, 34.994587960000047 ], [ 33.936451686000055, 34.992131024000059 ], [ 33.932593541000074, 34.983047877000047 ], [ 33.935079500000029, 34.978655999000068 ], [ 33.900157, 34.971432999000058 ], [ 33.897194028000058, 34.977136378000068 ], [ 33.904736682000078, 34.984095152000066 ], [ 33.89978482600003, 34.996731862000047 ], [ 33.91079652600007, 35.000471492000031 ], [ 33.917561920000026, 35.007423225000025 ], [ 33.907986, 35.023985499000048 ], [ 33.928357155000072, 35.025524086000075 ], [ 33.934580554000036, 35.030867836000027 ], [ 33.940908, 35.044784999000058 ], [ 33.963427, 35.04165049900007 ], [ 33.955019424000056, 35.034071631000074 ], [ 33.968417152000029, 35.024089826000079 ], [ 33.960914, 35.012120499000048 ] ] ] ] } },
{ "type": "Feature", "properties": { "GISCO_ID": "CY_3104", "CNTR_CODE": "CY", "LAU_ID": "3104", "LAU_NAME": "Λιοπέτρι", "cell_coverage": [ [ 0.1637, 0.6404, 0.0006 ], [ 0.0884, 0.4764, 0 ] ], "xmin": 33.833333333333329, "xmax": 33.958333333333329, "ymin": 34.958333333333321, "ymax": 35.041666666666657 }, "geometry": { "type": "MultiPolygon", "coordinates": [ [ [ [ 33.900157, 34.971432999000058 ], [ 33.901326, 34.969410499000048 ], [ 33.889696393000065, 34.966882569000063 ], [ 33.878837758000031, 34.969110582000042 ], [ 33.865553555000076, 34.992691153000067 ], [ 33.862633500000072, 35.007839499000056 ], [ 33.870392500000037, 35.03038949900008 ], [ 33.88729634200007, 35.033323807000045 ], [ 33.907986, 35.023985499000048 ], [ 33.917561920000026, 35.007423225000025 ], [ 33.91079652600007, 35.000471492000031 ], [ 33.89978482600003, 34.996731862000047 ], [ 33.904736682000078, 34.984095152000066 ], [ 33.897194028000058, 34.977136378000068 ], [ 33.900157, 34.971432999000058 ] ] ] ] } },
{ "type": "Feature", "properties": { "GISCO_ID": "CY_3105", "CNTR_CODE": "CY", "LAU_ID": "3105", "LAU_NAME": "Φρέναρος", "cell_coverage": [ [ 0, 0.0012, 0 ], [ 0.1533, 0.782, 0.2225 ], [ 0.0339, 0.3085, 0.1752 ] ], "xmin": 33.833333333333329, "xmax": 33.958333333333329, "ymin": 34.999999999999986, "ymax": 35.125 }, "geometry": { "type": "MultiPolygon", "coordinates": [ [ [ [ 33.887744, 35.084578499000031 ], [ 33.897797955000044, 35.075089175000073 ], [ 33.897686349000026, 35.07054861000006 ], [ 33.921025991000079, 35.069554568000058 ], [ 33.927225337000039, 35.057632671000079 ], [ 33.940908, 35.044784999000058 ], [ 33.934580554000036, 35.030867836000027 ], [ 33.928357155000072, 35.025524086000075 ], [ 33.907986, 35.023985499000048 ], [ 33.88729634200007, 35.033323807000045 ], [ 33.870392500000037, 35.03038949900008 ], [ 33.866013106000025, 35.062543425000058 ], [ 33.870108500000072, 35.080495499000051 ], [ 33.877467512000067, 35.070413243000075 ], [ 33.882200252000075, 35.069671116000052 ], [ 33.884928369000079, 35.072248101000071 ], [ 33.879045728000051, 35.079365906000078 ], [ 33.887744, 35.084578499000031 ] ] ] ] } },
{ "type": "Feature", "properties": { "GISCO_ID": "CY_3110", "CNTR_CODE": "CY", "LAU_ID": "3110", "LAU_NAME": "Αυγόρου", "cell_coverage": [ [ 0.2907, 0.6003 ], [ 0.3811, 0.6707 ] ], "xmin": 33.791666666666664, "xmax": 33.875, "ymin": 34.999999999999986, "ymax": 35.083333333333321 }, "geometry": { "type": "MultiPolygon", "coordinates": [ [ [ [ 33.813595, 35.011372999000059 ], [ 33.814576541000065, 35.052060027000039 ], [ 33.822889785000029, 35.059917416000076 ], [ 33.823172, 35.071924499000033 ], [ 33.826617266000028, 35.079860310000072 ], [ 33.832317254000031, 35.080831257000057 ], [ 33.836654056000043, 35.074268934000031 ], [ 33.844375122000031, 35.077250066000033 ], [ 33.849530163000054, 35.064231137000036 ], [ 33.861736992000033, 35.071290946000033 ], [ 33.870108500000072, 35.080495499000051 ], [ 33.866013106000025, 35.062543425000058 ], [ 33.870392500000037, 35.03038949900008 ], [ 33.862633500000072, 35.007839499000056 ], [ 33.82381, 35.007209999000054 ], [ 33.816069947000074, 35.007526201000076 ], [ 33.813595, 35.011372999000059 ] ] ] ] } },
{ "type": "Feature", "properties": { "GISCO_ID": "CY_3111", "CNTR_CODE": "CY", "LAU_ID": "3111", "LAU_NAME": "Άχνα", "cell_coverage": [ [ 0.0002, 0.6352, 0.5848 ], [ 0, 0.387, 0.3473 ] ], "xmin": 33.708333333333329, "xmax": 33.833333333333329, "ymin": 34.999999999999986, "ymax": 35.083333333333321 }, "geometry": { "type": "MultiPolygon", "coordinates": [ [ [ [ 33.823172, 35.071924499000033 ], [ 33.822889785000029, 35.059917416000076 ], [ 33.814576541000065, 35.052060027000039 ], [ 33.813595, 35.011372999000059 ], [ 33.806932754000059, 35.014935950000051 ], [ 33.778464500000041, 35.016425999000035 ], [ 33.777998419000028, 35.023472224000045 ], [ 33.768591231000073, 35.023261056000024 ], [ 33.767121060000079, 35.029571045000068 ], [ 33.760862762000045, 35.03019888700004 ], [ 33.754711869000062, 35.036637317000043 ], [ 33.749533, 35.050057499000047 ], [ 33.758638334000068, 35.061802681000074 ], [ 33.780449, 35.075365499000043 ], [ 33.790814719000025, 35.07898963100007 ], [ 33.808633266000072, 35.079640231000042 ], [ 33.820318500000042, 35.074473999000077 ], [ 33.823172, 35.071924499000033 ] ] ] ] } },
{ "type": "Feature", "properties": { "GISCO_ID": "CY_5342", "CNTR_CODE": "CY", "LAU_ID": "5342", "LAU_NAME": "Πρόδρομος", "cell_coverage": [ [ 0.1205, 0.3042 ] ], "xmin": 32.791666666666664, "xmax": 32.875, "ymin": 34.916666666666657, "ymax": 34.958333333333321 }, "geometry": { "type": "MultiPolygon", "coordinates": [ [ [ [ 32.859113500000035, 34.933527499000036 ], [ 32.843252, 34.925479999000061 ], [ 32.820111500000053, 34.941576999000063 ], [ 32.823470500000042, 34.956040499000039 ], [ 32.846751825000069, 34.947126315000048 ], [ 32.854258, 34.946916499000054 ], [ 32.862490490000027, 34.945050121000065 ], [ 32.864331, 34.941078999000069 ], [ 32.859113500000035, 34.933527499000036 ] ] ] ] } },
{ "type": "Feature", "properties": { "GISCO_ID": "CY_1431", "CNTR_CODE": "CY", "LAU_ID": "1431", "LAU_NAME": "Άγιος Γεώργιος Σολέας", "cell_coverage": [ [ 0.0043 ], [ 0.179 ] ], "xmin": 32.875, "xmax": 32.916666666666664, "ymin": 35.083333333333321, "ymax": 35.166666666666657 }, "geometry": { "type": "MultiPolygon", "coordinates": [ [ [ [ 32.893159, 35.094512499000075 ], [ 32.892227, 35.095302999000069 ], [ 32.887149973000078, 35.097982988000069 ], [ 32.88201550000008, 35.096670999000025 ], [ 32.882065, 35.108362999000065 ], [ 32.880504, 35.124400999000045 ], [ 32.885531, 35.12747549900007 ], [ 32.892786153000031, 35.118665466000039 ], [ 32.890150430000062, 35.112877867000066 ], [ 32.895317134000038, 35.108521731000053 ], [ 32.893159, 35.094512499000075 ] ] ] ] } },
{ "type": "Feature", "properties": { "GISCO_ID": "CY_1432", "CNTR_CODE": "CY", "LAU_ID": "1432", "LAU_NAME": "Πέτρα", "cell_coverage": [ [ 0.178, 0.0016 ], [ 0.4578, 0.2833 ] ], "xmin": 32.875, "xmax": 32.958333333333336, "ymin": 35.083333333333321, "ymax": 35.166666666666657 }, "geometry": { "type": "MultiPolygon", "coordinates": [ [ [ [ 32.893159, 35.094512499000075 ], [ 32.895317134000038, 35.108521731000053 ], [ 32.890150430000062, 35.112877867000066 ], [ 32.892786153000031, 35.118665466000039 ], [ 32.885531, 35.12747549900007 ], [ 32.887884085000053, 35.136002851000057 ], [ 32.893873549000034, 35.135942812000053 ], [ 32.89229354400004, 35.142670167000063 ], [ 32.894741500000066, 35.147077999000032 ], [ 32.89905017500007, 35.145217358000025 ], [ 32.905230910000057, 35.135402188000057 ], [ 32.909799713000041, 35.12183705800004 ], [ 32.918061816000034, 35.125770569000053 ], [ 32.932964, 35.12368649900003 ], [ 32.931888332000028, 35.112318067000047 ], [ 32.926845742000069, 35.102640143000031 ], [ 32.933553518000053, 35.102045340000075 ], [ 32.933215, 35.095673499000043 ], [ 32.921491778000075, 35.092199889000028 ], [ 32.920279028000039, 35.086726249000037 ], [ 32.916574500000024, 35.086842999000055 ], [ 32.908551500000044, 35.092884499000036 ], [ 32.901505162000035, 35.090476208000041 ], [ 32.893159, 35.094512499000075 ] ] ] ] } },
{ "type": "Feature", "properties": { "GISCO_ID": "CY_1433", "CNTR_CODE": "CY", "LAU_ID": "1433", "LAU_NAME": "Καλό Χωριό Σολέας", "cell_coverage": [ [ 0.0454, 0.0175 ], [ 0.1528, 0.0599 ] ], "xmin": 32.833333333333329, "xmax": 32.916666666666664, "ymin": 35.083333333333321, "ymax": 35.166666666666657 }, "geometry": { "type": "MultiPolygon", "coordinates": [ [ [ [ 32.882065, 35.108362999000065 ], [ 32.873823776000052, 35.108375250000051 ], [ 32.868371539000066, 35.103511150000031 ], [ 32.860827500000028, 35.103526499000054 ], [ 32.862801598000033, 35.112883393000061 ], [ 32.860586500000068, 35.123315499000057 ], [ 32.867879432000052, 35.127835775000051 ], [ 32.870954600000061, 35.135402188000057 ], [ 32.87218450000006, 35.138574499000072 ], [ 32.874513384000068, 35.138182864000044 ], [ 32.875534067000046, 35.135402188000057 ], [ 32.880504, 35.124400999000045 ], [ 32.882065, 35.108362999000065 ] ] ] ] } },
{ "type": "Feature", "properties": { "GISCO_ID": "CY_5105", "CNTR_CODE": "CY", "LAU_ID": "5105", "LAU_NAME": "Γεράσα", "cell_coverage": [ [ 0.3433, 0.2144 ], [ 0.0304, 0 ] ], "xmin": 32.958333333333329, "xmax": 33.041666666666664, "ymin": 34.75, "ymax": 34.833333333333321 }, "geometry": { "type": "MultiPolygon", "coordinates": [ [ [ [ 32.986149500000067, 34.827286499000024 ], [ 33.008886, 34.822955999000044 ], [ 33.021514, 34.819297999000071 ], [ 33.007573940000043, 34.802765135000072 ], [ 33.008437578000041, 34.796726938000063 ], [ 33.000693213000034, 34.79235905400003 ], [ 32.994659500000068, 34.781853499000079 ], [ 32.987026159000038, 34.796447432000036 ], [ 32.979606500000045, 34.800210999000058 ], [ 32.980464500000039, 34.813518999000053 ], [ 32.986149500000067, 34.827286499000024 ] ] ] ] } },
{ "type": "Feature", "properties": { "GISCO_ID": "CY_5106", "CNTR_CODE": "CY", "LAU_ID": "5106", "LAU_NAME": "Αψιού", "cell_coverage": [ [ 0, 0.4665, 0.3311 ], [ 0.0473, 0.3026, 0.0292 ] ], "xmin": 32.958333333333329, "xmax": 33.083333333333329, "ymin": 34.75, "ymax": 34.833333333333321 }, "geometry": { "type": "MultiPolygon", "coordinates": [ [ [ [ 32.994659500000068, 34.781853499000079 ], [ 33.000693213000034, 34.79235905400003 ], [ 33.008437578000041, 34.796726938000063 ], [ 33.007573940000043, 34.802765135000072 ], [ 33.021514, 34.819297999000071 ], [ 33.028686, 34.816754999000068 ], [ 33.039855500000044, 34.817964999000026 ], [ 33.047416, 34.821594999000069 ], [ 33.052436, 34.820953499000041 ], [ 33.069960500000036, 34.825246999000058 ], [ 33.069507, 34.820771999000044 ], [ 33.066792055000064, 34.812725078000028 ], [ 33.058703743000024, 34.808596108000074 ], [ 33.051295236000044, 34.788533083000061 ], [ 33.045317448000048, 34.786829680000039 ], [ 33.040225, 34.781155999000077 ], [ 33.028225365000026, 34.78470227400004 ], [ 33.02302730200006, 34.780670053000051 ], [ 33.01377728600005, 34.779010048000032 ], [ 33.013443605000077, 34.774146895000058 ], [ 33.004205500000069, 34.772884999000041 ], [ 32.990862, 34.774725999000054 ], [ 32.994659500000068, 34.781853499000079 ] ] ] ] } },
{ "type": "Feature", "properties": { "GISCO_ID": "CY_5107", "CNTR_CODE": "CY", "LAU_ID": "5107", "LAU_NAME": "Απεσιά", "cell_coverage": [ [ 0.1051 ], [ 0.421 ] ], "xmin": 32.958333333333329, "xmax": 32.999999999999993, "ymin": 34.75, "ymax": 34.833333333333321 }, "geometry": { "type": "MultiPolygon", "coordinates": [ [ [ [ 32.965035, 34.76567299900006 ], [ 32.962224548000052, 34.777693630000044 ], [ 32.966529721000029, 34.798815421000029 ], [ 32.972641043000067, 34.802418877000036 ], [ 32.979606500000045, 34.800210999000058 ], [ 32.987026159000038, 34.796447432000036 ], [ 32.994659500000068, 34.781853499000079 ], [ 32.990862, 34.774725999000054 ], [ 32.986897614000043, 34.766978506000044 ], [ 32.98147094400008, 34.763682756000037 ], [ 32.965035, 34.76567299900006 ] ] ] ] } },
{ "type": "Feature", "properties": { "GISCO_ID": "CY_5108", "CNTR_CODE": "CY", "LAU_ID": "5108", "LAU_NAME": "Κορφή", "cell_coverage": [ [ 0.007, 0.1767 ], [ 0.0937, 0.0805 ] ], "xmin": 32.916666666666664, "xmax": 33.0, "ymin": 34.75, "ymax": 34.833333333333321 }, "geometry": { "type": "MultiPolygon", "coordinates": [ [ [ [ 32.961599465000063, 34.81336979200006 ], [ 32.980464500000039, 34.813518999000053 ], [ 32.979606500000045, 34.800210999000058 ], [ 32.972641043000067, 34.802418877000036 ], [ 32.966529721000029, 34.798815421000029 ], [ 32.962224548000052, 34.777693630000044 ], [ 32.965035, 34.76567299900006 ], [ 32.963200154000049, 34.764246014000037 ], [ 32.951991500000076, 34.770401499000059 ], [ 32.95143689400004, 34.777710156000069 ], [ 32.947448404000056, 34.782144751000033 ], [ 32.957112111000072, 34.793170032000035 ], [ 32.956872212000064, 34.798733148000053 ], [ 32.963031143000023, 34.809420599000077 ], [ 32.961599465000063, 34.81336979200006 ] ] ] ] } },
{ "type": "Feature", "properties": { "GISCO_ID": "CY_5109", "CNTR_CODE": "CY", "LAU_ID": "5109", "LAU_NAME": "Λιμνάτης", "cell_coverage": [ [ 0.3856, 0.0304 ], [ 0.2167, 0 ] ], "xmin": 32.916666666666664, "xmax": 33.0, "ymin": 34.75, "ymax": 34.833333333333321 }, "geometry": { "type": "MultiPolygon", "coordinates": [ [ [ [ 32.932893, 34.79508849900003 ], [ 32.937540832000025, 34.809799426000041 ], [ 32.937087179000059, 34.818030152000063 ], [ 32.933328, 34.822389499000053 ], [ 32.952778500000079, 34.821574499000064 ], [ 32.961994918000073, 34.817728966000061 ], [ 32.961599465000063, 34.81336979200006 ], [ 32.963031143000023, 34.809420599000077 ], [ 32.956872212000064, 34.798733148000053 ], [ 32.957112111000072, 34.793170032000035 ], [ 32.947448404000056, 34.782144751000033 ], [ 32.95143689400004, 34.777710156000069 ], [ 32.951991500000076, 34.770401499000059 ], [ 32.952057, 34.760186999000041 ], [ 32.939277235000077, 34.768951234000042 ], [ 32.939643, 34.77415699900007 ], [ 32.940954430000033, 34.778927880000026 ], [ 32.93382170600006, 34.783867622000059 ], [ 32.932893, 34.79508849900003 ] ] ] ] } },
{ "type": "Feature", "properties": { "GISCO_ID": "CY_5110", "CNTR_CODE": "CY", "LAU_ID": "5110", "LAU_NAME": "Καπηλειό", "cell_coverage": [ [ 0.0459, 0.1347 ], [ 0.0818, 0.2805 ] ], "xmin": 32.916666666666664, "xmax": 33.0, "ymin": 34.79166666666665, "ymax": 34.875 }, "geometry": { "type": "MultiPolygon", "coordinates": [ [ [ [ 32.97265150000004, 34.844107499000074 ], [ 32.978876635000063, 34.84201216200006 ], [ 32.986149500000067, 34.827286499000024 ], [ 32.980464500000039, 34.813518999000053 ], [ 32.961599465000063, 34.81336979200006 ], [ 32.961994918000073, 34.817728966000061 ], [ 32.952778500000079, 34.821574499000064 ], [ 32.943360231000042, 34.829561961000024 ], [ 32.945088870000063, 34.833824380000067 ], [ 32.957451230000061, 34.844184976000065 ], [ 32.97265150000004, 34.844107499000074 ] ] ] ] } },
{ "type": "Feature", "properties": { "GISCO_ID": "CY_5121", "CNTR_CODE": "CY", "LAU_ID": "5121", "LAU_NAME": "Αρμενοχώρι", "cell_coverage": [ [ 0.0617, 0.1748 ], [ 0.1519, 0.0799 ] ], "xmin": 33.083333333333329, "xmax": 33.166666666666664, "ymin": 34.708333333333321, "ymax": 34.791666666666657 }, "geometry": { "type": "MultiPolygon", "coordinates": [ [ [ [ 33.118319500000041, 34.725688999000056 ], [ 33.109485, 34.730669999000042 ], [ 33.116952707000053, 34.750458199000036 ], [ 33.114791788000048, 34.756537305000052 ], [ 33.128326068000035, 34.768965253000033 ], [ 33.125319, 34.778461499000059 ], [ 33.142042500000059, 34.777581499000064 ], [ 33.133219660000066, 34.758450835000076 ], [ 33.136371, 34.742694999000037 ], [ 33.118319500000041, 34.725688999000056 ] ] ] ] } },
{ "type": "Feature", "properties": { "GISCO_ID": "CY_5223", "CNTR_CODE": "CY", "LAU_ID": "5223", "LAU_NAME": "Πλατανίστεια", "cell_coverage": [ [ 0.2428, 0.1119 ], [ 0.0822, 0.2993 ] ], "xmin": 32.666666666666664, "xmax": 32.75, "ymin": 34.66666666666665, "ymax": 34.75 }, "geometry": { "type": "MultiPolygon", "coordinates": [ [ [ [ 32.740027, 34.693697499000052 ], [ 32.745814154000072, 34.688268995000044 ], [ 32.746481500000073, 34.682478499000069 ], [ 32.73329059100007, 34.681911298000045 ], [ 32.724564436000037, 34.690227904000039 ], [ 32.701827705000028, 34.696292390000053 ], [ 32.694516, 34.704716499000028 ], [ 32.690166871000031, 34.723472060000063 ], [ 32.684387500000071, 34.728641999000047 ], [ 32.684302, 34.729779999000073 ], [ 32.695550471000047, 34.730020998000043 ], [ 32.705395889000044, 34.734701741000038 ], [ 32.718369500000051, 34.721724499000061 ], [ 32.71928306600006, 34.710630728000069 ], [ 32.729216906000033, 34.699424979000071 ], [ 32.740027, 34.693697499000052 ] ] ] ] } },
{ "type": "Feature", "properties": { "GISCO_ID": "CY_5224", "CNTR_CODE": "CY", "LAU_ID": "5224", "LAU_NAME": "Άγιος Θωμάς", "cell_coverage": [ [ 0.1393 ], [ 0.1107 ] ], "xmin": 32.708333333333329, "xmax": 32.75, "ymin": 34.66666666666665, "ymax": 34.75 }, "geometry": { "type": "MultiPolygon", "coordinates": [ [ [ [ 32.741813500000035, 34.712027499000044 ], [ 32.743137268000055, 34.702130545000045 ], [ 32.740027, 34.693697499000052 ], [ 32.729216906000033, 34.699424979000071 ], [ 32.71928306600006, 34.710630728000069 ], [ 32.718369500000051, 34.721724499000061 ], [ 32.72277774500003, 34.724179991000028 ], [ 32.741813500000035, 34.712027499000044 ] ] ] ] } },
{ "type": "Feature", "properties": { "GISCO_ID": "CY_5225", "CNTR_CODE": "CY", "LAU_ID": "5225", "LAU_NAME": "Αλέκτορα", "cell_coverage": [ [ 0.0842, 0.2674 ], [ 0.3845, 0.3281 ] ], "xmin": 32.625, "xmax": 32.708333333333336, "ymin": 34.66666666666665, "ymax": 34.75 }, "geometry": { "type": "MultiPolygon", "coordinates": [ [ [ [ 32.658730500000047, 34.711114999000074 ], [ 32.657194750000031, 34.718615163000038 ], [ 32.661373792000063, 34.725036597000042 ], [ 32.684387500000071, 34.728641999000047 ], [ 32.690166871000031, 34.723472060000063 ], [ 32.694516, 34.704716499000028 ], [ 32.685743922000029, 34.698764853000057 ], [ 32.685744210000053, 34.688155897000058 ], [ 32.680139319000034, 34.681047552000052 ], [ 32.660487921000026, 34.678313930000058 ], [ 32.650602855000045, 34.674659100000042 ], [ 32.648064500000032, 34.669742499000051 ], [ 32.645106972000065, 34.682512038000027 ], [ 32.647819692000041, 34.691005820000044 ], [ 32.64197372600006, 34.704042661000074 ], [ 32.658730500000047, 34.711114999000074 ] ] ] ] } },
{ "type": "Feature", "properties": { "GISCO_ID": "CY_3305", "CNTR_CODE": "CY", "LAU_ID": "3305", "LAU_NAME": "Μελούντα", "cell_coverage": [ [ 0.1855, 0.0784 ], [ 0.2709, 0.033 ] ], "xmin": 33.666666666666664, "xmax": 33.75, "ymin": 35.29166666666665, "ymax": 35.375 }, "geometry": { "type": "MultiPolygon", "coordinates": [ [ [ [ 33.690593500000034, 35.299628999000049 ], [ 33.690587822000055, 35.313532982000027 ], [ 33.686178115000075, 35.318022272000064 ], [ 33.683264404000056, 35.328819636000048 ], [ 33.688358500000049, 35.347027499000035 ], [ 33.693619500000068, 35.347261999000068 ], [ 33.703996, 35.349071499000047 ], [ 33.712052500000027, 35.349866499000029 ], [ 33.714155099000038, 35.343167459000028 ], [ 33.723331018000067, 35.333905341000047 ], [ 33.720177059000036, 35.330234768000025 ], [ 33.700017526000067, 35.325479548000033 ], [ 33.701593717000037, 35.321995005000076 ], [ 33.697846968000079, 35.319878634000077 ], [ 33.701481, 35.300481999000056 ], [ 33.690593500000034, 35.299628999000049 ] ] ] ] } },
{ "type": "Feature", "properties": { "GISCO_ID": "CY_3310", "CNTR_CODE": "CY", "LAU_ID": "3310", "LAU_NAME": "Άγιος Ιάκωβος", "cell_coverage": [ [ 0.0616, 0.0024 ], [ 0.5465, 0.0876 ] ], "xmin": 33.791666666666664, "xmax": 33.875, "ymin": 35.29166666666665, "ymax": 35.375 }, "geometry": { "type": "MultiPolygon", "coordinates": [ [ [ [ 33.833762500000034, 35.336486499000046 ], [ 33.843333, 35.319077499000059 ], [ 33.836124337000058, 35.318739685000025 ], [ 33.840299979000065, 35.308604220000063 ], [ 33.831136, 35.303418499000031 ], [ 33.823397476000025, 35.308154737000052 ], [ 33.818467, 35.307828999000037 ], [ 33.802370549000045, 35.30293191800007 ], [ 33.794537500000047, 35.317527999000049 ], [ 33.802447185000062, 35.331335907000039 ], [ 33.810749553000051, 35.332139478000045 ], [ 33.815332603000058, 35.335868529000038 ], [ 33.813750023000068, 35.341446137000048 ], [ 33.833762500000034, 35.336486499000046 ] ] ] ] } },
{ "type": "Feature", "properties": { "GISCO_ID": "CY_3311", "CNTR_CODE": "CY", "LAU_ID": "3311", "LAU_NAME": "Άγιος Ανδρόνικος Tρικώμου (Τοπσούκιογιου ή Άγιο Ανδρονικούδι)", "cell_coverage": [ [ 0.6098, 0.0473 ], [ 0.329, 0.0639 ] ], "xmin": 33.833333333333329, "xmax": 33.916666666666664, "ymin": 35.29166666666665, "ymax": 35.375 }, "geometry": { "type": "MultiPolygon", "coordinates": [ [ [ [ 33.857127, 35.370528499000045 ], [ 33.878258379000044, 35.342220046000079 ], [ 33.889391574000058, 35.332683240000051 ], [ 33.884572638000066, 35.328142077000052 ], [ 33.886579500000039, 35.324483499000053 ], [ 33.880110393000052, 35.325227619000032 ], [ 33.875516335000043, 35.319900612000026 ], [ 33.870756111000048, 35.322329549000074 ], [ 33.86881926600006, 35.317391297000029 ], [ 33.863766696000027, 35.318280130000062 ], [ 33.851862500000038, 35.312856499000077 ], [ 33.843333, 35.319077499000059 ], [ 33.833762500000034, 35.336486499000046 ], [ 33.835368845000062, 35.34159926500007 ], [ 33.845185184000059, 35.345101122000074 ], [ 33.839150500000073, 35.367530999000053 ], [ 33.839262, 35.367559999000036 ], [ 33.857127, 35.370528499000045 ] ] ] ] } },
{ "type": "Feature", "properties": { "GISCO_ID": "CY_3312", "CNTR_CODE": "CY", "LAU_ID": "3312", "LAU_NAME": "Μάνδρες Αμμοχώστου", "cell_coverage": [ [ 0.123, 0.6901, 0.1314 ], [ 0.0366, 0.0735, 0 ] ], "xmin": 33.75, "xmax": 33.875, "ymin": 35.29166666666665, "ymax": 35.375 }, "geometry": { "type": "MultiPolygon", "coordinates": [ [ [ [ 33.794537500000047, 35.317527999000049 ], [ 33.79146650000007, 35.319258499000057 ], [ 33.783535130000075, 35.332100016000027 ], [ 33.781842, 35.355053999000063 ], [ 33.81346572700005, 35.366543275000026 ], [ 33.839150500000073, 35.367530999000053 ], [ 33.845185184000059, 35.345101122000074 ], [ 33.835368845000062, 35.34159926500007 ], [ 33.833762500000034, 35.336486499000046 ], [ 33.813750023000068, 35.341446137000048 ], [ 33.815332603000058, 35.335868529000038 ], [ 33.810749553000051, 35.332139478000045 ], [ 33.802447185000062, 35.331335907000039 ], [ 33.794537500000047, 35.317527999000049 ] ] ] ] } },
{ "type": "Feature", "properties": { "GISCO_ID": "CY_3313", "CNTR_CODE": "CY", "LAU_ID": "3313", "LAU_NAME": "Άρδανα", "cell_coverage": [ [ 0.0283, 0.1192, 0 ], [ 0.1571, 0.8068, 0.0013 ], [ 0, 0.1647, 0.0033 ] ], "xmin": 33.833333333333329, "xmax": 33.958333333333329, "ymin": 35.291666666666657, "ymax": 35.416666666666657 }, "geometry": { "type": "MultiPolygon", "coordinates": [ [ [ [ 33.857127, 35.370528499000045 ], [ 33.863900590000071, 35.373397755000042 ], [ 33.866370767000035, 35.378951578000056 ], [ 33.892512500000066, 35.387073999000052 ], [ 33.894179500000064, 35.383646999000064 ], [ 33.908463417000064, 35.362970792000056 ], [ 33.909952296000029, 35.354968748000033 ], [ 33.914302386000031, 35.351788871000053 ], [ 33.913599588000068, 35.345055104000039 ], [ 33.918073, 35.34308949900003 ], [ 33.914295348000053, 35.336252614000045 ], [ 33.919022186000063, 35.325596997000048 ], [ 33.914109901000074, 35.32656797900006 ], [ 33.913509097000031, 35.329875245000039 ], [ 33.906560960000036, 35.329420757000037 ], [ 33.903090500000076, 35.319105499000045 ], [ 33.892104983000024, 35.320455545000073 ], [ 33.886579500000039, 35.324483499000053 ], [ 33.884572638000066, 35.328142077000052 ], [ 33.889391574000058, 35.332683240000051 ], [ 33.878258379000044, 35.342220046000079 ], [ 33.857127, 35.370528499000045 ] ] ] ] } },
{ "type": "Feature", "properties": { "GISCO_ID": "CY_3314", "CNTR_CODE": "CY", "LAU_ID": "3314", "LAU_NAME": "Φλαμούδι", "cell_coverage": [ [ 0, 0.0089, 0.0015 ], [ 0.0014, 0.8264, 0.1824 ], [ 0, 0.0718, 0 ] ], "xmin": 33.791666666666664, "xmax": 33.916666666666664, "ymin": 35.333333333333321, "ymax": 35.458333333333321 }, "geometry": { "type": "MultiPolygon", "coordinates": [ [ [ [ 33.857127, 35.370528499000045 ], [ 33.839262, 35.367559999000036 ], [ 33.840829794000058, 35.38239313400004 ], [ 33.833956670000077, 35.399561955000024 ], [ 33.839050459000077, 35.406552142000066 ], [ 33.8307, 35.411541499000066 ], [ 33.851141108000036, 35.413150877000078 ], [ 33.87556550000005, 35.419705499000031 ], [ 33.877622663000068, 35.409714757000074 ], [ 33.886275542000078, 35.400303619000056 ], [ 33.892512500000066, 35.387073999000052 ], [ 33.866370767000035, 35.378951578000056 ], [ 33.863900590000071, 35.373397755000042 ], [ 33.857127, 35.370528499000045 ] ] ] ] } },
{ "type": "Feature", "properties": { "GISCO_ID": "CY_5343", "CNTR_CODE": "CY", "LAU_ID": "5343", "LAU_NAME": "Καμινάρια", "cell_coverage": [ [ 0.2331, 0.0087 ], [ 0.135, 0.0119 ] ], "xmin": 32.75, "xmax": 32.833333333333336, "ymin": 34.875, "ymax": 34.958333333333321 }, "geometry": { "type": "MultiPolygon", "coordinates": [ [ [ [ 32.796765500000049, 34.913241499000037 ], [ 32.790459604000034, 34.912047673000075 ], [ 32.773623500000042, 34.895895499000062 ], [ 32.77229, 34.907949999000039 ], [ 32.775195810000071, 34.932248592000064 ], [ 32.779073849000042, 34.940575813000066 ], [ 32.775846253000054, 34.94833802100004 ], [ 32.781261500000028, 34.951914499000054 ], [ 32.785993932000054, 34.944234110000025 ], [ 32.789842346000057, 34.922363998000037 ], [ 32.795577789000049, 34.919160186000056 ], [ 32.797418, 34.913912499000048 ], [ 32.796765500000049, 34.913241499000037 ] ] ] ] } },
{ "type": "Feature", "properties": { "GISCO_ID": "CY_5344", "CNTR_CODE": "CY", "LAU_ID": "5344", "LAU_NAME": "Τρεις Ελιές", "cell_coverage": [ [ 0.0741, 0.2167 ], [ 0, 0.0034 ] ], "xmin": 32.75, "xmax": 32.833333333333336, "ymin": 34.875, "ymax": 34.958333333333321 }, "geometry": { "type": "MultiPolygon", "coordinates": [ [ [ [ 32.797418, 34.913912499000048 ], [ 32.795577789000049, 34.919160186000056 ], [ 32.789842346000057, 34.922363998000037 ], [ 32.785993932000054, 34.944234110000025 ], [ 32.781261500000028, 34.951914499000054 ], [ 32.787833, 34.95172799900007 ], [ 32.790928015000077, 34.945357147000038 ], [ 32.800750604000029, 34.94185961200003 ], [ 32.809457500000065, 34.934427999000036 ], [ 32.812709, 34.928817999000046 ], [ 32.807618425000044, 34.928335350000054 ], [ 32.805003835000036, 34.920151359000045 ], [ 32.797418, 34.913912499000048 ] ] ] ] } },
{ "type": "Feature", "properties": { "GISCO_ID": "CY_5345", "CNTR_CODE": "CY", "LAU_ID": "5345", "LAU_NAME": "Λεμίθου", "cell_coverage": [ [ 0, 0.0395 ], [ 0.0089, 0.3039 ] ], "xmin": 32.75, "xmax": 32.833333333333336, "ymin": 34.91666666666665, "ymax": 34.999999999999986 }, "geometry": { "type": "MultiPolygon", "coordinates": [ [ [ [ 32.798257, 34.962205499000049 ], [ 32.808828213000027, 34.962831446000052 ], [ 32.823470500000042, 34.956040499000039 ], [ 32.820111500000053, 34.941576999000063 ], [ 32.809457500000065, 34.934427999000036 ], [ 32.800750604000029, 34.94185961200003 ], [ 32.790928015000077, 34.945357147000038 ], [ 32.787833, 34.95172799900007 ], [ 32.795101378000027, 34.952532597000072 ], [ 32.798257, 34.962205499000049 ] ] ] ] } },
{ "type": "Feature", "properties": { "GISCO_ID": "CY_5350", "CNTR_CODE": "CY", "LAU_ID": "5350", "LAU_NAME": "Κάτω Πλάτρες (Toρνάρηδες)", "cell_coverage": [ [ 0.1622, 0.2363 ], [ 0.0894, 0.0068 ] ], "xmin": 32.791666666666664, "xmax": 32.875, "ymin": 34.833333333333321, "ymax": 34.916666666666657 }, "geometry": { "type": "MultiPolygon", "coordinates": [ [ [ [ 32.808557861000054, 34.867955726000048 ], [ 32.800024689000054, 34.87833672000005 ], [ 32.801313500000049, 34.886565999000027 ], [ 32.815279912000051, 34.87861827200004 ], [ 32.824512026000036, 34.886173468000038 ], [ 32.841338786000051, 34.88780528500007 ], [ 32.856901, 34.908285499000044 ], [ 32.857042320000062, 34.895478307000076 ], [ 32.851440053000033, 34.890459448000058 ], [ 32.856894074000024, 34.88470103800006 ], [ 32.856848, 34.875942999000074 ], [ 32.849635951000039, 34.877187265000032 ], [ 32.823459082000056, 34.869413331000032 ], [ 32.808557861000054, 34.867955726000048 ] ] ] ] } },
{ "type": "Feature", "properties": { "GISCO_ID": "CY_5351", "CNTR_CODE": "CY", "LAU_ID": "5351", "LAU_NAME": "Πάνω Πλάτρες", "cell_coverage": [ [ 0.0045, 0.1247 ], [ 0.3635, 0.4486 ], [ 0.0003, 0 ] ], "xmin": 32.833333333333329, "xmax": 32.916666666666664, "ymin": 34.833333333333321, "ymax": 34.958333333333321 }, "geometry": { "type": "MultiPolygon", "coordinates": [ [ [ [ 32.879931500000055, 34.879176499000039 ], [ 32.858160500000054, 34.874541499000031 ], [ 32.856848, 34.875942999000074 ], [ 32.856894074000024, 34.88470103800006 ], [ 32.851440053000033, 34.890459448000058 ], [ 32.857042320000062, 34.895478307000076 ], [ 32.856901, 34.908285499000044 ], [ 32.857516500000031, 34.911105999000029 ], [ 32.860959500000035, 34.923518999000066 ], [ 32.861608208000064, 34.91197229900007 ], [ 32.867068447000065, 34.907516127000065 ], [ 32.879104269000038, 34.904196356000057 ], [ 32.905341500000077, 34.940895499000078 ], [ 32.906469500000071, 34.940322499000047 ], [ 32.904635, 34.91520299900003 ], [ 32.903126481000072, 34.891678027000069 ], [ 32.884445876000029, 34.885827691000031 ], [ 32.879931500000055, 34.879176499000039 ] ] ] ] } },
{ "type": "Feature", "properties": { "GISCO_ID": "CY_5352", "CNTR_CODE": "CY", "LAU_ID": "5352", "LAU_NAME": "Φοινί", "cell_coverage": [ [ 0, 0.0008, 0.147 ], [ 0.1336, 0.6785, 0.3067 ] ], "xmin": 32.75, "xmax": 32.875, "ymin": 34.875, "ymax": 34.958333333333321 }, "geometry": { "type": "MultiPolygon", "coordinates": [ [ [ [ 32.843252, 34.925479999000061 ], [ 32.859113500000035, 34.933527499000036 ], [ 32.860959500000035, 34.923518999000066 ], [ 32.857516500000031, 34.911105999000029 ], [ 32.856901, 34.908285499000044 ], [ 32.841338786000051, 34.88780528500007 ], [ 32.824512026000036, 34.886173468000038 ], [ 32.815279912000051, 34.87861827200004 ], [ 32.801313500000049, 34.886565999000027 ], [ 32.798271, 34.890262999000072 ], [ 32.792276, 34.890237499000079 ], [ 32.778422968000029, 34.891540192000036 ], [ 32.773623500000042, 34.895895499000062 ], [ 32.790459604000034, 34.912047673000075 ], [ 32.796765500000049, 34.913241499000037 ], [ 32.812639494000052, 34.911291145000064 ], [ 32.829157500000065, 34.916032499000039 ], [ 32.840443760000028, 34.920683538000048 ], [ 32.843252, 34.925479999000061 ] ] ] ] } },
{ "type": "Feature", "properties": { "GISCO_ID": "CY_5355", "CNTR_CODE": "CY", "LAU_ID": "5355", "LAU_NAME": "Αμίαντος", "cell_coverage": [ [ 0.1419, 0.2509 ], [ 0.0153, 0.1399 ] ], "xmin": 32.875, "xmax": 32.958333333333336, "ymin": 34.875, "ymax": 34.958333333333321 }, "geometry": { "type": "MultiPolygon", "coordinates": [ [ [ [ 32.936514500000044, 34.931416499000079 ], [ 32.936674982000056, 34.919812979000028 ], [ 32.943922690000079, 34.910583748000079 ], [ 32.942578578000052, 34.901867493000054 ], [ 32.93592598500004, 34.902084546000026 ], [ 32.925594, 34.90803549900005 ], [ 32.924517073000061, 34.915007109000044 ], [ 32.918564167000056, 34.913478095000073 ], [ 32.904635, 34.91520299900003 ], [ 32.906469500000071, 34.940322499000047 ], [ 32.920592114000044, 34.93615877600007 ], [ 32.930349, 34.94248649900004 ], [ 32.933539500000052, 34.938493999000059 ], [ 32.936514500000044, 34.931416499000079 ] ] ] ] } },
{ "type": "Feature", "properties": { "GISCO_ID": "CY_3356", "CNTR_CODE": "CY", "LAU_ID": "3356", "LAU_NAME": "Ριζοκάρπασο", "cell_coverage": [ [ 0, 0, 0, 0, 0, 0, 0, 0.0015 ], [ 0, 0, 0, 0, 0, 0.1828, 0.4908, 0.0173 ], [ 0, 0.0225, 0.2559, 0.6364, 0.7818, 0.7979, 0.4206, 0 ], [ 0.1774, 0.8432, 1, 0.6301, 0.1528, 0, 0, 0 ], [ 0.3501, 0.9561, 0.7212, 0.0067, 0, 0, 0, 0 ], [ 0.0503, 0.2295, 0.0039, 0, 0, 0, 0, 0 ] ], "xmin": 34.291666666666664, "xmax": 34.625, "ymin": 35.5, "ymax": 35.75 }, "geometry": { "type": "MultiPolygon", "coordinates": [ [ [ [ 34.608300662000033, 35.709996832000058 ], [ 34.602343181000037, 35.703366105000043 ], [ 34.599723371000039, 35.702780268000026 ], [ 34.601938792000055, 35.707729979000078 ], [ 34.608300662000033, 35.709996832000058 ] ] ], [ [ [ 34.316027, 35.561854999000047 ], [ 34.32725382700005, 35.56184980900008 ], [ 34.339408870000057, 35.56422804400006 ], [ 34.342934706000051, 35.567590277000079 ], [ 34.332935080000027, 35.57763060700006 ], [ 34.312707157000034, 35.568021811000051 ], [ 34.30251779300005, 35.566712297000038 ], [ 34.29775238700006, 35.577180331000079 ], [ 34.301275500000031, 35.582662499000037 ], [ 34.315638628000045, 35.589912807000076 ], [ 34.326942300000042, 35.601997493000056 ], [ 34.338441828000043, 35.603751092000039 ], [ 34.344839002000072, 35.610744899000053 ], [ 34.348587535000036, 35.621089937000079 ], [ 34.356284086000073, 35.62529449200008 ], [ 34.367953525000075, 35.626927244000058 ], [ 34.384442448000073, 35.635221496000042 ], [ 34.408195835000072, 35.635822383000061 ], [ 34.42178827400005, 35.646629848000032 ], [ 34.440693273000079, 35.655084140000042 ], [ 34.462518137000075, 35.652977817000078 ], [ 34.489422661000049, 35.659447912000076 ], [ 34.502451898000061, 35.667647209000052 ], [ 34.507124981000061, 35.675382810000031 ], [ 34.516103564000048, 35.671110125000041 ], [ 34.523635074000026, 35.671610100000066 ], [ 34.548218346000056, 35.688298653000061 ], [ 34.58640755600004, 35.694846815000062 ], [ 34.59481519600007, 35.699036453000076 ], [ 34.584485981000057, 35.692239939000046 ], [ 34.579269284000077, 35.685073420000037 ], [ 34.573635431000071, 35.667513284000051 ], [ 34.573764855000036, 35.655935518000035 ], [ 34.561930497000048, 35.64277320900004 ], [ 34.515969472000052, 35.633401823000042 ], [ 34.495879356000046, 35.622884600000077 ], [ 34.467984467000065, 35.616148550000048 ], [ 34.443757426000047, 35.604406509000057 ], [ 34.426398912000025, 35.59294948400003 ], [ 34.423287457000072, 35.584359962000065 ], [ 34.416310929000076, 35.578703115000053 ], [ 34.407148043000063, 35.55712651500005 ], [ 34.398428589000048, 35.55410403500008 ], [ 34.380432106000058, 35.541289840000047 ], [ 34.358265456000026, 35.534246513000028 ], [ 34.344005500000037, 35.522802499000079 ], [ 34.33973800900003, 35.53102618500003 ], [ 34.326103587000034, 35.53091891400004 ], [ 34.323586712000065, 35.545702768000069 ], [ 34.328871646000039, 35.553326329000072 ], [ 34.316027, 35.561854999000047 ] ] ] ] } },
{ "type": "Feature", "properties": { "GISCO_ID": "CY_4010", "CNTR_CODE": "CY", "LAU_ID": "4010", "LAU_NAME": "Αραδίππου", "cell_coverage": [ [ 5.8512e-08, 0.0045, 0.0027 ], [ 0.1751, 0.8455, 0.5823 ], [ 0.0616, 0.7071, 0.5664 ], [ 0, 0.1798, 0.0642 ] ], "xmin": 33.5, "xmax": 33.625, "ymin": 34.875, "ymax": 35.041666666666657 }, "geometry": { "type": "MultiPolygon", "coordinates": [ [ [ [ 33.618087, 34.942498999000065 ], [ 33.613102735000041, 34.941667944000073 ], [ 33.606528874000048, 34.928024538000045 ], [ 33.596027997000078, 34.928721974000041 ], [ 33.59644455800003, 34.92304015600007 ], [ 33.589574360000029, 34.92379005600003 ], [ 33.584300556000073, 34.919628485000032 ], [ 33.590121835000048, 34.916595643000051 ], [ 33.59307877100008, 34.90988844900005 ], [ 33.588777500000049, 34.902510499000073 ], [ 33.575464123000074, 34.902884398000026 ], [ 33.567627400000049, 34.895713688000058 ], [ 33.55773, 34.900697999000045 ], [ 33.562054700000033, 34.906468482000037 ], [ 33.571705063000024, 34.908944844000075 ], [ 33.567433798000025, 34.912154160000057 ], [ 33.56636603700008, 34.923310924000077 ], [ 33.561673212000073, 34.926337661000048 ], [ 33.554197421000026, 34.940025135000042 ], [ 33.543271924000067, 34.947333086000071 ], [ 33.527062500000056, 34.95217849900007 ], [ 33.535111777000054, 34.962448737000045 ], [ 33.530063625000025, 34.976959647000058 ], [ 33.536225500000057, 34.982489999000052 ], [ 33.534103662000064, 34.991735572000039 ], [ 33.54484988400003, 35.003499632000057 ], [ 33.546568791000027, 34.998874700000044 ], [ 33.558312680000029, 34.991263469000046 ], [ 33.575293397000053, 34.992237675000069 ], [ 33.589054894000071, 34.988973394000027 ], [ 33.590767902000039, 34.996881243000075 ], [ 33.595071, 35.001682499000026 ], [ 33.599775500000078, 34.999756999000056 ], [ 33.600683717000038, 34.992404455000042 ], [ 33.604701844000033, 34.990000499000075 ], [ 33.618129, 34.964629999000067 ], [ 33.612399223000068, 34.959002759000043 ], [ 33.618768470000077, 34.953759026000057 ], [ 33.618087, 34.942498999000065 ] ], [ [ 33.583501010000077, 34.936253779000026 ], [ 33.588657776000048, 34.933085749000043 ], [ 33.592186120000065, 34.934900031000041 ], [ 33.586881007000045, 34.940068202000077 ], [ 33.583501010000077, 34.936253779000026 ] ] ] ] } },
{ "type": "Feature", "properties": { "GISCO_ID": "CY_4011", "CNTR_CODE": "CY", "LAU_ID": "4011", "LAU_NAME": "Λιβάδια Λάρνακας", "cell_coverage": [ [ 0.0423, 0.1774 ], [ 0.0637, 0.2218 ] ], "xmin": 33.583333333333329, "xmax": 33.666666666666664, "ymin": 34.91666666666665, "ymax": 34.999999999999986 }, "geometry": { "type": "MultiPolygon", "coordinates": [ [ [ [ 33.653846, 34.957110999000065 ], [ 33.642896188000066, 34.94403800300006 ], [ 33.637327042000038, 34.943401474000041 ], [ 33.638440126000035, 34.938469142000031 ], [ 33.635611059000041, 34.935164120000024 ], [ 33.629125508000072, 34.944636697000078 ], [ 33.618087, 34.942498999000065 ], [ 33.618768470000077, 34.953759026000057 ], [ 33.612399223000068, 34.959002759000043 ], [ 33.618129, 34.964629999000067 ], [ 33.639420500000028, 34.97412999900007 ], [ 33.644145752000043, 34.97145417400003 ], [ 33.653846, 34.957110999000065 ] ] ] ] } },
{ "type": "Feature", "properties": { "GISCO_ID": "CY_6121", "CNTR_CODE": "CY", "LAU_ID": "6121", "LAU_NAME": "Κοίλη", "cell_coverage": [ [ 0, 0.1034, 0.0311 ], [ 0.0322, 0.5593, 0.2266 ] ], "xmin": 32.375, "xmax": 32.5, "ymin": 34.833333333333321, "ymax": 34.916666666666657 }, "geometry": { "type": "MultiPolygon", "coordinates": [ [ [ [ 32.453757500000052, 34.848196999000038 ], [ 32.44850395900005, 34.851132995000057 ], [ 32.427235900000028, 34.848483268000052 ], [ 32.419753495000066, 34.851874535000036 ], [ 32.411332500000071, 34.851298499000052 ], [ 32.410728, 34.856923499000061 ], [ 32.411240500000076, 34.858197999000026 ], [ 32.42078103700004, 34.869765789000041 ], [ 32.435580221000066, 34.874402059000033 ], [ 32.438796500000024, 34.882259499000043 ], [ 32.450524500000029, 34.885191999000028 ], [ 32.475040688000036, 34.874613856000053 ], [ 32.48326, 34.865539999000077 ], [ 32.481951500000037, 34.863209999000048 ], [ 32.474679958000024, 34.864459072000045 ], [ 32.466790255000035, 34.85182676200003 ], [ 32.453757500000052, 34.848196999000038 ] ] ] ] } },
{ "type": "Feature", "properties": { "GISCO_ID": "CY_6122", "CNTR_CODE": "CY", "LAU_ID": "6122", "LAU_NAME": "Στρουμπί", "cell_coverage": [ [ 0.0801, 0.6034, 0.0069 ], [ 0, 0.061, 0 ] ], "xmin": 32.416666666666664, "xmax": 32.541666666666664, "ymin": 34.833333333333321, "ymax": 34.916666666666657 }, "geometry": { "type": "MultiPolygon", "coordinates": [ [ [ [ 32.487858500000073, 34.910231999000075 ], [ 32.501153500000044, 34.906903999000065 ], [ 32.503139500000032, 34.902718499000059 ], [ 32.494685583000035, 34.897874953000041 ], [ 32.491906500000027, 34.890841028000068 ], [ 32.494491683000035, 34.88275982600004 ], [ 32.490662843000052, 34.874189462000061 ], [ 32.491572500000075, 34.867934499000057 ], [ 32.48326, 34.865539999000077 ], [ 32.475040688000036, 34.874613856000053 ], [ 32.450524500000029, 34.885191999000028 ], [ 32.447043, 34.899526499000046 ], [ 32.459083017000069, 34.897448049000047 ], [ 32.475302500000055, 34.907260499000074 ], [ 32.486889981000047, 34.905914884000026 ], [ 32.487858500000073, 34.910231999000075 ] ] ] ] } },
{ "type": "Feature", "properties": { "GISCO_ID": "CY_6123", "CNTR_CODE": "CY", "LAU_ID": "6123", "LAU_NAME": "Πολέμι", "cell_coverage": [ [ 0.0958, 0.4655 ], [ 0.0388, 0.0916 ] ], "xmin": 32.458333333333329, "xmax": 32.541666666666664, "ymin": 34.833333333333321, "ymax": 34.916666666666657 }, "geometry": { "type": "MultiPolygon", "coordinates": [ [ [ [ 32.499782500000038, 34.866910499000028 ], [ 32.491572500000075, 34.867934499000057 ], [ 32.490662843000052, 34.874189462000061 ], [ 32.494491683000035, 34.88275982600004 ], [ 32.491906500000027, 34.890841028000068 ], [ 32.494685583000035, 34.897874953000041 ], [ 32.503139500000032, 34.902718499000059 ], [ 32.520948, 34.899750499000049 ], [ 32.526100767000059, 34.897779562000039 ], [ 32.53270477600006, 34.884244978000027 ], [ 32.538253500000053, 34.883427499000049 ], [ 32.530694, 34.870347999000046 ], [ 32.528955, 34.869525999000075 ], [ 32.508020049000038, 34.871224840000025 ], [ 32.499782500000038, 34.866910499000028 ] ] ] ] } },
{ "type": "Feature", "properties": { "GISCO_ID": "CY_6124", "CNTR_CODE": "CY", "LAU_ID": "6124", "LAU_NAME": "Καλλέπεια", "cell_coverage": [ [ 0.2675, 0.1826, 0 ], [ 0.0106, 0.2277, 0.0013 ] ], "xmin": 32.458333333333329, "xmax": 32.583333333333329, "ymin": 34.79166666666665, "ymax": 34.875 }, "geometry": { "type": "MultiPolygon", "coordinates": [ [ [ [ 32.48326, 34.865539999000077 ], [ 32.491572500000075, 34.867934499000057 ], [ 32.499782500000038, 34.866910499000028 ], [ 32.500361550000036, 34.858609710000053 ], [ 32.520735198000068, 34.83825396800006 ], [ 32.520290328000044, 34.830552782000041 ], [ 32.526221790000079, 34.824382716000059 ], [ 32.529887, 34.826246499000035 ], [ 32.533608461000028, 34.818441968000059 ], [ 32.538633, 34.81883749900004 ], [ 32.543341827000063, 34.816014642000027 ], [ 32.540032500000052, 34.81260499900003 ], [ 32.518702, 34.812346499000057 ], [ 32.515502726000079, 34.817327462000037 ], [ 32.520565505000036, 34.821740650000038 ], [ 32.519468284000027, 34.824532951000037 ], [ 32.512971006000043, 34.826648889000069 ], [ 32.504152863000058, 34.825241862000041 ], [ 32.491707549000068, 34.834129261000044 ], [ 32.489143121000041, 34.846328106000044 ], [ 32.481024228000024, 34.85660105200003 ], [ 32.481951500000037, 34.863209999000048 ], [ 32.48326, 34.865539999000077 ] ] ] ] } },
{ "type": "Feature", "properties": { "GISCO_ID": "CY_6125", "CNTR_CODE": "CY", "LAU_ID": "6125", "LAU_NAME": "Λετύμβου", "cell_coverage": [ [ 0.0002, 0.5407, 0.0162 ], [ 0, 0.0333, 0 ] ], "xmin": 32.458333333333329, "xmax": 32.583333333333329, "ymin": 34.79166666666665, "ymax": 34.875 }, "geometry": { "type": "MultiPolygon", "coordinates": [ [ [ [ 32.499782500000038, 34.866910499000028 ], [ 32.508020049000038, 34.871224840000025 ], [ 32.528955, 34.869525999000075 ], [ 32.53338775800006, 34.857593464000047 ], [ 32.545001, 34.848742999000024 ], [ 32.544926500000031, 34.84388799900006 ], [ 32.544182104000072, 34.840975115000049 ], [ 32.535889678000046, 34.842388860000028 ], [ 32.526599988000044, 34.839535589000036 ], [ 32.529887, 34.826246499000035 ], [ 32.526221790000079, 34.824382716000059 ], [ 32.520290328000044, 34.830552782000041 ], [ 32.520735198000068, 34.83825396800006 ], [ 32.500361550000036, 34.858609710000053 ], [ 32.499782500000038, 34.866910499000028 ] ] ] ] } },
{ "type": "Feature", "properties": { "GISCO_ID": "CY_6126", "CNTR_CODE": "CY", "LAU_ID": "6126", "LAU_NAME": "Πιταργού", "cell_coverage": [ [ 0.0666, 0.0889 ], [ 0.0914, 0.0933 ] ], "xmin": 32.5, "xmax": 32.583333333333336, "ymin": 34.79166666666665, "ymax": 34.875 }, "geometry": { "type": "MultiPolygon", "coordinates": [ [ [ [ 32.529887, 34.826246499000035 ], [ 32.526599988000044, 34.839535589000036 ], [ 32.535889678000046, 34.842388860000028 ], [ 32.544182104000072, 34.840975115000049 ], [ 32.544926500000031, 34.84388799900006 ], [ 32.554245040000069, 34.842701843000043 ], [ 32.55638586200007, 34.835986971000068 ], [ 32.5643, 34.836812999000074 ], [ 32.561028500000077, 34.827883499000052 ], [ 32.555119704000049, 34.824092092000058 ], [ 32.547919656000033, 34.826723597000068 ], [ 32.538244, 34.819389999000066 ], [ 32.538633, 34.81883749900004 ], [ 32.533608461000028, 34.818441968000059 ], [ 32.529887, 34.826246499000035 ] ] ] ] } },
{ "type": "Feature", "properties": { "GISCO_ID": "CY_6127", "CNTR_CODE": "CY", "LAU_ID": "6127", "LAU_NAME": "Κούρδακα", "cell_coverage": [ [ 0.059, 0.0098 ] ], "xmin": 32.5, "xmax": 32.583333333333336, "ymin": 34.833333333333321, "ymax": 34.875 }, "geometry": { "type": "MultiPolygon", "coordinates": [ [ [ [ 32.545001, 34.848742999000024 ], [ 32.53338775800006, 34.857593464000047 ], [ 32.528955, 34.869525999000075 ], [ 32.530694, 34.870347999000046 ], [ 32.541797971000051, 34.859538152000027 ], [ 32.545117, 34.849883499000043 ], [ 32.545001, 34.848742999000024 ] ] ] ] } },
{ "type": "Feature", "properties": { "GISCO_ID": "CY_4308", "CNTR_CODE": "CY", "LAU_ID": "4308", "LAU_NAME": "Σκαρίνου", "cell_coverage": [ [ 0, 0.0843, 0.0125 ], [ 0.0081, 0.5148, 0.0244 ] ], "xmin": 33.291666666666664, "xmax": 33.416666666666664, "ymin": 34.79166666666665, "ymax": 34.875 }, "geometry": { "type": "MultiPolygon", "coordinates": [ [ [ [ 33.382025, 34.817123999000046 ], [ 33.376915427000029, 34.813933798000051 ], [ 33.375164582000025, 34.807402860000025 ], [ 33.365527500000042, 34.80500949900005 ], [ 33.326899, 34.818002499000045 ], [ 33.335177998000063, 34.820863990000078 ], [ 33.346743994000065, 34.836205866000057 ], [ 33.356161633000056, 34.831494097000075 ], [ 33.363931644000047, 34.831798071000037 ], [ 33.361825995000061, 34.842544081000028 ], [ 33.368940500000065, 34.845707499000071 ], [ 33.379258877000041, 34.840926176000039 ], [ 33.374130773000047, 34.830973318000076 ], [ 33.376114294000047, 34.821612004000031 ], [ 33.382025, 34.817123999000046 ] ] ] ] } },
{ "type": "Feature", "properties": { "GISCO_ID": "CY_4309", "CNTR_CODE": "CY", "LAU_ID": "4309", "LAU_NAME": "Κοφίνου", "cell_coverage": [ [ 0.0613, 0.7596, 0.1122 ], [ 0.0014, 0.4725, 0.172 ] ], "xmin": 33.333333333333329, "xmax": 33.458333333333329, "ymin": 34.79166666666665, "ymax": 34.875 }, "geometry": { "type": "MultiPolygon", "coordinates": [ [ [ [ 33.382025, 34.817123999000046 ], [ 33.376114294000047, 34.821612004000031 ], [ 33.374130773000047, 34.830973318000076 ], [ 33.379258877000041, 34.840926176000039 ], [ 33.368940500000065, 34.845707499000071 ], [ 33.370402500000068, 34.862785999000039 ], [ 33.382119500000044, 34.870520999000064 ], [ 33.394833336000033, 34.86397237400007 ], [ 33.403309500000034, 34.864426499000047 ], [ 33.417033, 34.862003999000024 ], [ 33.425546973000053, 34.84635415200006 ], [ 33.425648593000062, 34.83703332500005 ], [ 33.436427500000036, 34.824638499000059 ], [ 33.436781, 34.82374149900005 ], [ 33.426302857000053, 34.818800348000025 ], [ 33.424714850000043, 34.813619904000063 ], [ 33.41623050000004, 34.807710999000051 ], [ 33.408991033000063, 34.807886686000074 ], [ 33.405194013000028, 34.814834738000059 ], [ 33.391644212000074, 34.812174129000027 ], [ 33.382025, 34.817123999000046 ] ] ] ] } },
{ "type": "Feature", "properties": { "GISCO_ID": "CY_3320", "CNTR_CODE": "CY", "LAU_ID": "3320", "LAU_NAME": "Μπογάζι", "cell_coverage": [ [ 0.053, 0.0066 ] ], "xmin": 33.916666666666664, "xmax": 34.0, "ymin": 35.291666666666657, "ymax": 35.333333333333321 }, "geometry": { "type": "MultiPolygon", "coordinates": [ [ [ [ 33.951142, 35.31971949900003 ], [ 33.957486, 35.322537499000077 ], [ 33.960392917000036, 35.31950465500006 ], [ 33.9647, 35.320193499000027 ], [ 33.952469219000079, 35.312841671000058 ], [ 33.942321, 35.304009999000073 ], [ 33.941571500000066, 35.304469499000049 ], [ 33.942287, 35.305172999000035 ], [ 33.951142, 35.31971949900003 ] ] ] ] } },
{ "type": "Feature", "properties": { "GISCO_ID": "CY_3321", "CNTR_CODE": "CY", "LAU_ID": "3321", "LAU_NAME": "Μοναργά", "cell_coverage": [ [ 0.0623 ] ], "xmin": 33.916666666666664, "xmax": 33.958333333333329, "ymin": 35.291666666666657, "ymax": 35.333333333333321 }, "geometry": { "type": "MultiPolygon", "coordinates": [ [ [ [ 33.942287, 35.305172999000035 ], [ 33.938756569000077, 35.317003395000029 ], [ 33.945593837000047, 35.323365418000037 ], [ 33.951142, 35.31971949900003 ], [ 33.942287, 35.305172999000035 ] ] ] ] } },
{ "type": "Feature", "properties": { "GISCO_ID": "CY_2124", "CNTR_CODE": "CY", "LAU_ID": "2124", "LAU_NAME": "Καμπυλή", "cell_coverage": [ [ 0.4089 ], [ 0.0128 ] ], "xmin": 33.083333333333329, "xmax": 33.125, "ymin": 35.25, "ymax": 35.333333333333321 }, "geometry": { "type": "MultiPolygon", "coordinates": [ [ [ [ 33.116689, 35.286898499000074 ], [ 33.109150276000037, 35.291348447000075 ], [ 33.089339, 35.294567499000038 ], [ 33.092692136000039, 35.301867292000054 ], [ 33.085190641000054, 35.306612384000061 ], [ 33.08527368700004, 35.309783805000052 ], [ 33.090699786000073, 35.314777694000043 ], [ 33.103705312000045, 35.316477580000026 ], [ 33.10322295900005, 35.321945329000073 ], [ 33.108927, 35.325327499000025 ], [ 33.113658969000028, 35.321651337000048 ], [ 33.114230876000079, 35.316303707000031 ], [ 33.109225192000054, 35.315359587000046 ], [ 33.10919115300004, 35.313131130000045 ], [ 33.119207780000067, 35.302977699000053 ], [ 33.118936158000054, 35.29841930200007 ], [ 33.122385517000055, 35.294394809000039 ], [ 33.118148819000055, 35.292801577000034 ], [ 33.116689, 35.286898499000074 ] ] ] ] } },
{ "type": "Feature", "properties": { "GISCO_ID": "CY_2125", "CNTR_CODE": "CY", "LAU_ID": "2125", "LAU_NAME": "Καρπάσεια", "cell_coverage": [ [ 0.1147, 0.0141 ], [ 0.2429, 0.0072 ] ], "xmin": 33.041666666666664, "xmax": 33.125, "ymin": 35.25, "ymax": 35.333333333333321 }, "geometry": { "type": "MultiPolygon", "coordinates": [ [ [ [ 33.088856500000077, 35.29356849900006 ], [ 33.079819625000027, 35.280653571000073 ], [ 33.061236308000048, 35.277918138000075 ], [ 33.043532500000026, 35.267066999000065 ], [ 33.043601, 35.270689999000069 ], [ 33.05694572200008, 35.286488334000069 ], [ 33.058134295000059, 35.296008565000079 ], [ 33.066014500000051, 35.300405999000077 ], [ 33.082530428000041, 35.29990543100007 ], [ 33.088856500000077, 35.29356849900006 ] ] ] ] } },
{ "type": "Feature", "properties": { "GISCO_ID": "CY_4014", "CNTR_CODE": "CY", "LAU_ID": "4014", "LAU_NAME": "Δρομολαξιά -Μενεού", "cell_coverage": [ [ 0.3496, 0.4157, 0 ], [ 0.0725, 0.3777, 3.5024e-06 ] ], "xmin": 33.541666666666664, "xmax": 33.666666666666664, "ymin": 34.833333333333321, "ymax": 34.916666666666657 }, "geometry": { "type": "MultiPolygon", "coordinates": [ [ [ [ 33.553107500000067, 34.898838999000077 ], [ 33.55773, 34.900697999000045 ], [ 33.567627400000049, 34.895713688000058 ], [ 33.575464123000074, 34.902884398000026 ], [ 33.588777500000049, 34.902510499000073 ], [ 33.595613169000046, 34.90485343000006 ], [ 33.614544287000058, 34.894895561000055 ], [ 33.614065172000039, 34.890834068000061 ], [ 33.607149396000068, 34.889108402000033 ], [ 33.607901836000053, 34.879403533000072 ], [ 33.611616126000058, 34.876039387000048 ], [ 33.605534226000032, 34.867742777000046 ], [ 33.602241694000043, 34.856535571000052 ], [ 33.615883567000026, 34.846358963000057 ], [ 33.625174500000071, 34.851117499000054 ], [ 33.612490500000035, 34.839555499000028 ], [ 33.604177827000058, 34.84143173700005 ], [ 33.594926, 34.851173499000026 ], [ 33.582443670000032, 34.859601026000064 ], [ 33.579763084000035, 34.865195012000072 ], [ 33.566523500000073, 34.872986499000035 ], [ 33.567057379000062, 34.88093695200007 ], [ 33.560611367000035, 34.880862878000073 ], [ 33.561806817000047, 34.887574021000034 ], [ 33.553846, 34.889131999000028 ], [ 33.553107500000067, 34.898838999000077 ] ] ] ] } },
{ "type": "Feature", "properties": { "GISCO_ID": "CY_4100", "CNTR_CODE": "CY", "LAU_ID": "4100", "LAU_NAME": "Κελλιά", "cell_coverage": [ [ 0.0571, 0.0281 ], [ 0.3318, 0.2566 ] ], "xmin": 33.583333333333329, "xmax": 33.666666666666664, "ymin": 34.958333333333321, "ymax": 35.041666666666657 }, "geometry": { "type": "MultiPolygon", "coordinates": [ [ [ [ 33.641420500000038, 34.998999499000035 ], [ 33.639420500000028, 34.97412999900007 ], [ 33.618129, 34.964629999000067 ], [ 33.604701844000033, 34.990000499000075 ], [ 33.600683717000038, 34.992404455000042 ], [ 33.599775500000078, 34.999756999000056 ], [ 33.604899054000043, 35.003540549000036 ], [ 33.619388986000047, 35.005136122000067 ], [ 33.632191694000028, 35.004311020000046 ], [ 33.641420500000038, 34.998999499000035 ] ] ] ] } },
{ "type": "Feature", "properties": { "GISCO_ID": "CY_4101", "CNTR_CODE": "CY", "LAU_ID": "4101", "LAU_NAME": "Τρούλλοι", "cell_coverage": [ [ 0, 0.1515, 0.046 ], [ 0.0022, 0.7578, 0.6626 ], [ 0, 0.0001, 0.0007 ] ], "xmin": 33.541666666666664, "xmax": 33.666666666666664, "ymin": 34.958333333333321, "ymax": 35.083333333333321 }, "geometry": { "type": "MultiPolygon", "coordinates": [ [ [ [ 33.660175500000037, 35.034470499000065 ], [ 33.654751500000032, 35.018799499000067 ], [ 33.641420500000038, 34.998999499000035 ], [ 33.632191694000028, 35.004311020000046 ], [ 33.619388986000047, 35.005136122000067 ], [ 33.604899054000043, 35.003540549000036 ], [ 33.599775500000078, 34.999756999000056 ], [ 33.595071, 35.001682499000026 ], [ 33.586520639000071, 35.007824787000061 ], [ 33.598528022000039, 35.01320736100007 ], [ 33.58724009000008, 35.030580385000064 ], [ 33.580900500000041, 35.032775499000024 ], [ 33.586633556000038, 35.038203570000064 ], [ 33.594971786000031, 35.040945028000067 ], [ 33.601509, 35.049700499000039 ], [ 33.60777, 35.052555999000049 ], [ 33.622558, 35.052133999000034 ], [ 33.631185677000076, 35.04111802400007 ], [ 33.641182764000064, 35.046094786000026 ], [ 33.650785, 35.044135499000049 ], [ 33.661395402000039, 35.038626947000068 ], [ 33.660175500000037, 35.034470499000065 ] ] ] ] } },
{ "type": "Feature", "properties": { "GISCO_ID": "CY_4102", "CNTR_CODE": "CY", "LAU_ID": "4102", "LAU_NAME": "Βορόκληνη (Ορόκληνη)", "cell_coverage": [ [ 0.1773, 0.027 ], [ 0.5504, 0.1159 ], [ 0.0029, 0 ] ], "xmin": 33.625, "xmax": 33.708333333333336, "ymin": 34.916666666666657, "ymax": 35.041666666666657 }, "geometry": { "type": "MultiPolygon", "coordinates": [ [ [ [ 33.654570500000034, 34.956225499000027 ], [ 33.653846, 34.957110999000065 ], [ 33.644145752000043, 34.97145417400003 ], [ 33.639420500000028, 34.97412999900007 ], [ 33.641420500000038, 34.998999499000035 ], [ 33.654751500000032, 35.018799499000067 ], [ 33.659651702000076, 35.017545436000034 ], [ 33.672768756000039, 35.005126175000044 ], [ 33.670504430000051, 34.990104444000053 ], [ 33.674077367000052, 34.974296966000054 ], [ 33.677888500000051, 34.971539999000072 ], [ 33.654570500000034, 34.956225499000027 ] ] ] ] } },
{ "type": "Feature", "properties": { "GISCO_ID": "CY_1329", "CNTR_CODE": "CY", "LAU_ID": "1329", "LAU_NAME": "Κάτω Κουτραφάς", "cell_coverage": [ [ 0, 0.0206, 0 ], [ 0.2289, 0.7332, 0.0068 ], [ 0.287, 0.0584, 0 ] ], "xmin": 32.916666666666664, "xmax": 33.041666666666664, "ymin": 35.041666666666657, "ymax": 35.166666666666657 }, "geometry": { "type": "MultiPolygon", "coordinates": [ [ [ [ 32.953962, 35.059227499000031 ], [ 32.942179766000038, 35.059920571000077 ], [ 32.94109121200006, 35.065870896000035 ], [ 32.935715500000072, 35.066975999000078 ], [ 32.937399760000062, 35.071258365000062 ], [ 32.930712493000044, 35.073315172000036 ], [ 32.936530866000055, 35.080283232000056 ], [ 32.938290272000074, 35.089518560000045 ], [ 32.938867036000033, 35.094125799000039 ], [ 32.93416650000006, 35.095679499000028 ], [ 32.941490116000068, 35.101894347000041 ], [ 32.945621197000037, 35.095670888000029 ], [ 32.949004866000053, 35.097303226000065 ], [ 32.954106271000057, 35.104387088000067 ], [ 32.953107872000032, 35.112383894000061 ], [ 32.964050937000025, 35.116877160000058 ], [ 32.961675227000057, 35.124574014000075 ], [ 32.964852, 35.126676499000041 ], [ 32.979042426000035, 35.125714916000049 ], [ 32.983064733000049, 35.130078881000031 ], [ 32.985045337000031, 35.125024684000039 ], [ 32.997644062000063, 35.124563586000079 ], [ 33.000357500000064, 35.121655499000042 ], [ 33.003014500000063, 35.115550499000051 ], [ 32.996097489000078, 35.113266543000066 ], [ 32.99513167300006, 35.109570818000066 ], [ 32.986446890000025, 35.104223606000062 ], [ 32.988077310000051, 35.097653699000034 ], [ 32.981677410000032, 35.092213138000034 ], [ 32.982522, 35.086524499000063 ], [ 32.967724177000036, 35.083081732000039 ], [ 32.963866372000041, 35.077985886000079 ], [ 32.964797485000076, 35.071931923000079 ], [ 32.953962, 35.059227499000031 ] ] ] ] } },
{ "type": "Feature", "properties": { "GISCO_ID": "CY_1330", "CNTR_CODE": "CY", "LAU_ID": "1330", "LAU_NAME": "Ποτάμι", "cell_coverage": [ [ 0.4333, 0.1335 ], [ 0.0423, 0.0002 ] ], "xmin": 33.0, "xmax": 33.083333333333336, "ymin": 35.04166666666665, "ymax": 35.125 }, "geometry": { "type": "MultiPolygon", "coordinates": [ [ [ [ 33.041776500000026, 35.082182999000054 ], [ 33.032106, 35.072182999000063 ], [ 33.027529572000049, 35.092452392000041 ], [ 33.022662, 35.096150499000032 ], [ 33.01665145100003, 35.101879263000058 ], [ 33.008024, 35.10416649900003 ], [ 33.007018500000072, 35.110972999000069 ], [ 33.013536352000074, 35.110343541000077 ], [ 33.018284908000055, 35.118288922000033 ], [ 33.044526500000075, 35.114536499000053 ], [ 33.052166331000024, 35.100798368000028 ], [ 33.057233, 35.099081999000077 ], [ 33.052171405000024, 35.092198077000035 ], [ 33.043775057000062, 35.089019280000059 ], [ 33.041776500000026, 35.082182999000054 ] ] ] ] } },
{ "type": "Feature", "properties": { "GISCO_ID": "CY_1340", "CNTR_CODE": "CY", "LAU_ID": "1340", "LAU_NAME": "Μόρφου", "cell_coverage": [ [ 0.2537, 0.1941, 0.0006 ], [ 0.4004, 0.9529, 0.2947 ], [ 0.2607, 0.6678, 0.3337 ] ], "xmin": 32.916666666666664, "xmax": 33.041666666666664, "ymin": 35.166666666666657, "ymax": 35.291666666666657 }, "geometry": { "type": "MultiPolygon", "coordinates": [ [ [ [ 32.963665500000047, 35.175563999000076 ], [ 32.956469878000064, 35.183007047000046 ], [ 32.932871506000026, 35.197066003000032 ], [ 32.930219500000078, 35.202504999000041 ], [ 32.940103194000073, 35.204742 ], [ 32.948434755000051, 35.217256614000064 ], [ 32.95006511400004, 35.229528200000061 ], [ 32.928215500000078, 35.242368499000065 ], [ 32.934906500000068, 35.268396999000061 ], [ 32.946215711000036, 35.26782496800007 ], [ 32.980938954000067, 35.256541994000031 ], [ 32.987732, 35.257288999000025 ], [ 33.000678028000038, 35.252079525000056 ], [ 32.997946346000049, 35.240226670000027 ], [ 32.990461688000039, 35.236031987000047 ], [ 32.99711929800003, 35.22831233200003 ], [ 33.020761066000034, 35.226373488000036 ], [ 33.025596515000075, 35.216999410000028 ], [ 33.037084, 35.217249499000047 ], [ 33.034208500000034, 35.21402099900007 ], [ 33.02649705500005, 35.209322047000057 ], [ 33.031271444000026, 35.204754807000029 ], [ 33.030834817000027, 35.200983266000037 ], [ 33.022757538000064, 35.195725570000036 ], [ 33.012521603000039, 35.193719387000044 ], [ 33.014910500000042, 35.18768699900005 ], [ 33.012681827000051, 35.181072376000031 ], [ 32.990581753000072, 35.179242338000051 ], [ 32.984175656000048, 35.186055316000079 ], [ 32.963665500000047, 35.175563999000076 ] ] ] ] } },
{ "type": "Feature", "properties": { "GISCO_ID": "CY_1350", "CNTR_CODE": "CY", "LAU_ID": "1350", "LAU_NAME": "Πάνω Ζώδεια", "cell_coverage": [ [ 0, 0.009, 0 ], [ 0.4422, 0.4471, 0.0141 ], [ 0.0038, 0.0038, 0 ] ], "xmin": 32.958333333333329, "xmax": 33.083333333333329, "ymin": 35.083333333333321, "ymax": 35.208333333333321 }, "geometry": { "type": "MultiPolygon", "coordinates": [ [ [ [ 32.964852, 35.126676499000041 ], [ 32.959560500000066, 35.13373849900006 ], [ 32.960331541000073, 35.135402188000057 ], [ 32.963939082000024, 35.139765301000068 ], [ 32.969321912000055, 35.138910400000043 ], [ 32.973402297000064, 35.142153577000045 ], [ 32.979110325000079, 35.13817470500004 ], [ 32.978938666000033, 35.14417321600007 ], [ 32.983657810000068, 35.149273106000066 ], [ 33.007310503000042, 35.158590324000045 ], [ 33.013509559000056, 35.16497744600008 ], [ 33.027906542000039, 35.168654266000033 ], [ 33.036434, 35.166539499000066 ], [ 33.04869750000006, 35.159207499000047 ], [ 33.026249334000056, 35.150392297000053 ], [ 33.00396465700004, 35.137902868000026 ], [ 33.004440456000054, 35.135402188000057 ], [ 33.007404012000052, 35.128924368000071 ], [ 33.000357500000064, 35.121655499000042 ], [ 32.997644062000063, 35.124563586000079 ], [ 32.985045337000031, 35.125024684000039 ], [ 32.983064733000049, 35.130078881000031 ], [ 32.979042426000035, 35.125714916000049 ], [ 32.964852, 35.126676499000041 ] ] ] ] } },
{ "type": "Feature", "properties": { "GISCO_ID": "CY_1351", "CNTR_CODE": "CY", "LAU_ID": "1351", "LAU_NAME": "Κάτω Ζώδεια", "cell_coverage": [ [ 0, 0.3032, 0.2463 ], [ 0.2084, 0.5164, 0.0608 ] ], "xmin": 32.916666666666664, "xmax": 33.041666666666664, "ymin": 35.125, "ymax": 35.208333333333321 }, "geometry": { "type": "MultiPolygon", "coordinates": [ [ [ [ 33.014910500000042, 35.18768699900005 ], [ 33.036661500000037, 35.166593499000044 ], [ 33.036434, 35.166539499000066 ], [ 33.027906542000039, 35.168654266000033 ], [ 33.013509559000056, 35.16497744600008 ], [ 33.007310503000042, 35.158590324000045 ], [ 32.983657810000068, 35.149273106000066 ], [ 32.978938666000033, 35.14417321600007 ], [ 32.979110325000079, 35.13817470500004 ], [ 32.973402297000064, 35.142153577000045 ], [ 32.969321912000055, 35.138910400000043 ], [ 32.963939082000024, 35.139765301000068 ], [ 32.960331541000073, 35.135402188000057 ], [ 32.959560500000066, 35.13373849900006 ], [ 32.95625805800006, 35.133155011000042 ], [ 32.953281090000075, 35.135402188000057 ], [ 32.94808850000004, 35.139095499000064 ], [ 32.937475114000051, 35.148564361000069 ], [ 32.942234, 35.151913499000045 ], [ 32.951973, 35.160703999000077 ], [ 32.963346842000078, 35.170840967000061 ], [ 32.963665500000047, 35.175563999000076 ], [ 32.984175656000048, 35.186055316000079 ], [ 32.990581753000072, 35.179242338000051 ], [ 33.012681827000051, 35.181072376000031 ], [ 33.014910500000042, 35.18768699900005 ] ] ] ] } },
{ "type": "Feature", "properties": { "GISCO_ID": "CY_1352", "CNTR_CODE": "CY", "LAU_ID": "1352", "LAU_NAME": "Καζιβερά", "cell_coverage": [ [ 0.2204, 0.0777 ], [ 0.0408, 0.0203 ] ], "xmin": 32.875, "xmax": 32.958333333333336, "ymin": 35.125, "ymax": 35.208333333333321 }, "geometry": { "type": "MultiPolygon", "coordinates": [ [ [ [ 32.9243, 35.160570999000072 ], [ 32.921666668000057, 35.163205702000027 ], [ 32.907237, 35.160267499000042 ], [ 32.895203, 35.17284999900005 ], [ 32.908573500000045, 35.19218599900006 ], [ 32.916892066000059, 35.187718076000067 ], [ 32.926357031000066, 35.173969445000068 ], [ 32.9243, 35.160570999000072 ] ] ] ] } },
{ "type": "Feature", "properties": { "GISCO_ID": "CY_4310", "CNTR_CODE": "CY", "LAU_ID": "4310", "LAU_NAME": "Κάτω Λεύκαρα", "cell_coverage": [ [ 0, 0.1749, 0.03 ], [ 0.1216, 0.2951, 0.027 ] ], "xmin": 33.291666666666664, "xmax": 33.416666666666664, "ymin": 34.833333333333321, "ymax": 34.916666666666657 }, "geometry": { "type": "MultiPolygon", "coordinates": [ [ [ [ 33.370402500000068, 34.862785999000039 ], [ 33.356634799000062, 34.86552710400008 ], [ 33.349346232000073, 34.860560460000045 ], [ 33.340704595000034, 34.860934041000064 ], [ 33.321322295000073, 34.855371636000029 ], [ 33.313251656000034, 34.86041995800008 ], [ 33.314823073000071, 34.864421204000053 ], [ 33.341323229000068, 34.875810226000056 ], [ 33.351643510000031, 34.876379627000063 ], [ 33.351043564000065, 34.883670744000028 ], [ 33.354662475000055, 34.887295207000079 ], [ 33.352513, 34.890566999000043 ], [ 33.379917514000056, 34.883694343000059 ], [ 33.382119500000044, 34.870520999000064 ], [ 33.370402500000068, 34.862785999000039 ] ] ] ] } },
{ "type": "Feature", "properties": { "GISCO_ID": "CY_4311", "CNTR_CODE": "CY", "LAU_ID": "4311", "LAU_NAME": "Πάνω Λεύκαρα", "cell_coverage": [ [ 0, 0, 0.0191, 0 ], [ 0.002, 0.5882, 0.9364, 0.31 ], [ 0, 0.3609, 0.5411, 0.5593 ], [ 0, 0, 0.1198, 0.0567 ] ], "xmin": 33.208333333333329, "xmax": 33.375, "ymin": 34.791666666666657, "ymax": 34.958333333333321 }, "geometry": { "type": "MultiPolygon", "coordinates": [ [ [ [ 33.348886, 34.897722499000054 ], [ 33.348824687000047, 34.892717022000056 ], [ 33.352513, 34.890566999000043 ], [ 33.354662475000055, 34.887295207000079 ], [ 33.351043564000065, 34.883670744000028 ], [ 33.351643510000031, 34.876379627000063 ], [ 33.341323229000068, 34.875810226000056 ], [ 33.314823073000071, 34.864421204000053 ], [ 33.313251656000034, 34.86041995800008 ], [ 33.321322295000073, 34.855371636000029 ], [ 33.340704595000034, 34.860934041000064 ], [ 33.349346232000073, 34.860560460000045 ], [ 33.356634799000062, 34.86552710400008 ], [ 33.370402500000068, 34.862785999000039 ], [ 33.368940500000065, 34.845707499000071 ], [ 33.361825995000061, 34.842544081000028 ], [ 33.363931644000047, 34.831798071000037 ], [ 33.356161633000056, 34.831494097000075 ], [ 33.346743994000065, 34.836205866000057 ], [ 33.335177998000063, 34.820863990000078 ], [ 33.326899, 34.818002499000045 ], [ 33.323998, 34.818580999000062 ], [ 33.316908989000069, 34.827433262000056 ], [ 33.317207437000036, 34.844262168000057 ], [ 33.307666876000042, 34.857690862000027 ], [ 33.292720106000047, 34.861047951000046 ], [ 33.265601500000059, 34.855128999000044 ], [ 33.260139527000035, 34.864716207000072 ], [ 33.252783, 34.860798499000055 ], [ 33.251581500000043, 34.861342499000045 ], [ 33.25249629700005, 34.874744237000073 ], [ 33.249063880000051, 34.88676455500007 ], [ 33.250858500000049, 34.894682499000055 ], [ 33.260389571000076, 34.892702915000029 ], [ 33.262566500000048, 34.895367499000031 ], [ 33.294585174000076, 34.910779855000044 ], [ 33.302915, 34.917748999000025 ], [ 33.313827795000066, 34.920581890000051 ], [ 33.318793076000077, 34.913299276000032 ], [ 33.340844907000076, 34.909604074000072 ], [ 33.348886, 34.897722499000054 ] ] ] ] } },
{ "type": "Feature", "properties": { "GISCO_ID": "CY_4312", "CNTR_CODE": "CY", "LAU_ID": "4312", "LAU_NAME": "Κάτω Δρυς", "cell_coverage": [ [ 0.1493, 0.3372 ], [ 0.0149, 0.2702 ] ], "xmin": 33.25, "xmax": 33.333333333333336, "ymin": 34.79166666666665, "ymax": 34.875 }, "geometry": { "type": "MultiPolygon", "coordinates": [ [ [ [ 33.323998, 34.818580999000062 ], [ 33.318279945000029, 34.814887534000036 ], [ 33.299967, 34.814118999000073 ], [ 33.298836640000047, 34.819549699000049 ], [ 33.291200881000066, 34.824093572000038 ], [ 33.286774163000075, 34.832882411000071 ], [ 33.288092599000038, 34.840547185000048 ], [ 33.28184623900006, 34.848484994000046 ], [ 33.277608464000025, 34.852372196000033 ], [ 33.265601500000059, 34.855128999000044 ], [ 33.292720106000047, 34.861047951000046 ], [ 33.307666876000042, 34.857690862000027 ], [ 33.317207437000036, 34.844262168000057 ], [ 33.316908989000069, 34.827433262000056 ], [ 33.323998, 34.818580999000062 ] ] ] ] } },
{ "type": "Feature", "properties": { "GISCO_ID": "CY_4313", "CNTR_CODE": "CY", "LAU_ID": "4313", "LAU_NAME": "Βάβλα", "cell_coverage": [ [ 0.365, 0 ], [ 0.1356, 0.0505 ] ], "xmin": 33.25, "xmax": 33.333333333333336, "ymin": 34.79166666666665, "ymax": 34.875 }, "geometry": { "type": "MultiPolygon", "coordinates": [ [ [ [ 33.252783, 34.860798499000055 ], [ 33.260139527000035, 34.864716207000072 ], [ 33.265601500000059, 34.855128999000044 ], [ 33.277608464000025, 34.852372196000033 ], [ 33.28184623900006, 34.848484994000046 ], [ 33.288092599000038, 34.840547185000048 ], [ 33.286774163000075, 34.832882411000071 ], [ 33.291200881000066, 34.824093572000038 ], [ 33.298836640000047, 34.819549699000049 ], [ 33.299967, 34.814118999000073 ], [ 33.301762, 34.80954949900007 ], [ 33.295118, 34.810647499000027 ], [ 33.28569501700008, 34.817329720000032 ], [ 33.285625313000025, 34.822367937000024 ], [ 33.276913268000044, 34.822370964000072 ], [ 33.272405445000061, 34.829679636000037 ], [ 33.265185280000026, 34.831125748000034 ], [ 33.259703500000057, 34.836485999000047 ], [ 33.252783, 34.860798499000055 ] ] ] ] } },
{ "type": "Feature", "properties": { "GISCO_ID": "CY_4314", "CNTR_CODE": "CY", "LAU_ID": "4314", "LAU_NAME": "Λάγεια", "cell_coverage": [ [ 0.3033, 0.1048 ], [ 0.1274, 0.0458 ] ], "xmin": 33.208333333333329, "xmax": 33.291666666666664, "ymin": 34.79166666666665, "ymax": 34.875 }, "geometry": { "type": "MultiPolygon", "coordinates": [ [ [ [ 33.251581500000043, 34.861342499000045 ], [ 33.252783, 34.860798499000055 ], [ 33.259703500000057, 34.836485999000047 ], [ 33.253222938000079, 34.820434418000048 ], [ 33.247558411000057, 34.815653984000051 ], [ 33.241975847000049, 34.817329721000078 ], [ 33.228441505000035, 34.837346615000058 ], [ 33.238748, 34.865864999000053 ], [ 33.251581500000043, 34.861342499000045 ] ] ] ] } },
{ "type": "Feature", "properties": { "GISCO_ID": "CY_4315", "CNTR_CODE": "CY", "LAU_ID": "4315", "LAU_NAME": "Ορά", "cell_coverage": [ [ 0.3977, 0.4774, 0.0041, 0 ], [ 0, 0.0466, 0.595, 0.0291 ] ], "xmin": 33.166666666666664, "xmax": 33.333333333333329, "ymin": 34.79166666666665, "ymax": 34.875 }, "geometry": { "type": "MultiPolygon", "coordinates": [ [ [ [ 33.177465500000039, 34.864141999000026 ], [ 33.181540498000061, 34.869125863000079 ], [ 33.188205252000046, 34.868548266000062 ], [ 33.196119223000039, 34.872780457000033 ], [ 33.221398500000078, 34.873527999000032 ], [ 33.238748, 34.865864999000053 ], [ 33.228441505000035, 34.837346615000058 ], [ 33.241975847000049, 34.817329721000078 ], [ 33.247558411000057, 34.815653984000051 ], [ 33.253222938000079, 34.820434418000048 ], [ 33.259703500000057, 34.836485999000047 ], [ 33.265185280000026, 34.831125748000034 ], [ 33.272405445000061, 34.829679636000037 ], [ 33.276913268000044, 34.822370964000072 ], [ 33.285625313000025, 34.822367937000024 ], [ 33.28569501700008, 34.817329720000032 ], [ 33.295118, 34.810647499000027 ], [ 33.294802, 34.79611649900005 ], [ 33.284257113000024, 34.799349766000034 ], [ 33.274826541000039, 34.796101689000068 ], [ 33.264903, 34.796677499000054 ], [ 33.26051, 34.803297999000051 ], [ 33.254006520000075, 34.80982029300003 ], [ 33.23924704600006, 34.816548339000065 ], [ 33.234604617000059, 34.826180358000045 ], [ 33.226351500000078, 34.831241999000042 ], [ 33.219116561000078, 34.841196883000066 ], [ 33.208645709000052, 34.847417562000032 ], [ 33.186607709000043, 34.849347202000047 ], [ 33.173529, 34.853666999000041 ], [ 33.173308500000076, 34.85416249900004 ], [ 33.176980486000048, 34.854543813000078 ], [ 33.173498377000044, 34.861427836000075 ], [ 33.177465500000039, 34.864141999000026 ] ] ] ] } },
{ "type": "Feature", "properties": { "GISCO_ID": "CY_1435", "CNTR_CODE": "CY", "LAU_ID": "1435", "LAU_NAME": "Λεύκα", "cell_coverage": [ [ 0, 0.022, 0.1552 ], [ 0, 0.2337, 0.5978 ], [ 0.0003, 0.5206, 0.0364 ] ], "xmin": 32.75, "xmax": 32.875, "ymin": 35.041666666666657, "ymax": 35.166666666666657 }, "geometry": { "type": "MultiPolygon", "coordinates": [ [ [ [ 32.860827500000028, 35.103526499000054 ], [ 32.859582500000045, 35.092688999000075 ], [ 32.858909500000038, 35.091336499000079 ], [ 32.855884696000032, 35.092758797000045 ], [ 32.844192546000045, 35.086241749000067 ], [ 32.839379697000027, 35.076889559000051 ], [ 32.829495166000072, 35.069583961000035 ], [ 32.824894364000045, 35.059682948000045 ], [ 32.816042304000064, 35.057177074000037 ], [ 32.805767500000059, 35.046240499000078 ], [ 32.791051, 35.053101499000036 ], [ 32.798501500000043, 35.06776749900007 ], [ 32.813915727000051, 35.086568523000039 ], [ 32.833303663000038, 35.117528160000063 ], [ 32.824959812000031, 35.123369092000075 ], [ 32.8282, 35.131142499000077 ], [ 32.835390721000067, 35.130520267000065 ], [ 32.839898836000032, 35.135402188000057 ], [ 32.849591, 35.14160399900004 ], [ 32.851554625000063, 35.137102531000039 ], [ 32.854886665000038, 35.135402188000057 ], [ 32.860586500000068, 35.123315499000057 ], [ 32.862801598000033, 35.112883393000061 ], [ 32.860827500000028, 35.103526499000054 ] ] ] ] } },
{ "type": "Feature", "properties": { "GISCO_ID": "CY_1436", "CNTR_CODE": "CY", "LAU_ID": "1436", "LAU_NAME": "Αμπελικού", "cell_coverage": [ [ 0, 0.1415 ], [ 0.3579, 0.746 ], [ 0.0749, 0.1088 ] ], "xmin": 32.75, "xmax": 32.833333333333336, "ymin": 35.041666666666657, "ymax": 35.166666666666657 }, "geometry": { "type": "MultiPolygon", "coordinates": [ [ [ [ 32.775434500000074, 35.111179999000058 ], [ 32.776670436000074, 35.115265257000033 ], [ 32.785664094000026, 35.114613984000073 ], [ 32.795912868000073, 35.119766429000038 ], [ 32.800970869000025, 35.127957365000043 ], [ 32.81169025500003, 35.135402188000057 ], [ 32.810272, 35.137732499000037 ], [ 32.813607974000035, 35.139007154000069 ], [ 32.821309924000047, 35.135402188000057 ], [ 32.8282, 35.131142499000077 ], [ 32.824959812000031, 35.123369092000075 ], [ 32.833303663000038, 35.117528160000063 ], [ 32.813915727000051, 35.086568523000039 ], [ 32.798501500000043, 35.06776749900007 ], [ 32.785404222000068, 35.077206386000057 ], [ 32.775461649000079, 35.077153708000026 ], [ 32.77134651700004, 35.081534866000027 ], [ 32.77124701200006, 35.105316176000031 ], [ 32.775434500000074, 35.111179999000058 ] ] ] ] } },
{ "type": "Feature", "properties": { "GISCO_ID": "CY_1437", "CNTR_CODE": "CY", "LAU_ID": "1437", "LAU_NAME": "Περιστερωνάρι", "cell_coverage": [ [ 0.2536 ], [ 0.0017 ] ], "xmin": 32.833333333333329, "xmax": 32.875, "ymin": 35.083333333333321, "ymax": 35.166666666666657 }, "geometry": { "type": "MultiPolygon", "coordinates": [ [ [ [ 32.849591, 35.14160399900004 ], [ 32.847434500000077, 35.14781799900004 ], [ 32.858423, 35.152307499000074 ], [ 32.867672044000074, 35.151636301000053 ], [ 32.87218450000006, 35.138574499000072 ], [ 32.870954600000061, 35.135402188000057 ], [ 32.867879432000052, 35.127835775000051 ], [ 32.860586500000068, 35.123315499000057 ], [ 32.854886665000038, 35.135402188000057 ], [ 32.851554625000063, 35.137102531000039 ], [ 32.849591, 35.14160399900004 ] ] ] ] } },
{ "type": "Feature", "properties": { "GISCO_ID": "CY_1438", "CNTR_CODE": "CY", "LAU_ID": "1438", "LAU_NAME": "Ελιά Λευκωσίας", "cell_coverage": [ [ 0.2811, 0.4828 ], [ 0.007, 0.0037 ] ], "xmin": 32.875, "xmax": 32.958333333333336, "ymin": 35.083333333333321, "ymax": 35.166666666666657 }, "geometry": { "type": "MultiPolygon", "coordinates": [ [ [ [ 32.942234, 35.151913499000045 ], [ 32.937475114000051, 35.148564361000069 ], [ 32.94808850000004, 35.139095499000064 ], [ 32.94441990200005, 35.138508947000048 ], [ 32.942319499000064, 35.135402188000057 ], [ 32.940816985000026, 35.130519538000044 ], [ 32.93381867800008, 35.127945440000076 ], [ 32.932964, 35.12368649900003 ], [ 32.918061816000034, 35.125770569000053 ], [ 32.909799713000041, 35.12183705800004 ], [ 32.905230910000057, 35.135402188000057 ], [ 32.89905017500007, 35.145217358000025 ], [ 32.894741500000066, 35.147077999000032 ], [ 32.896989330000054, 35.150776257000075 ], [ 32.902337413000055, 35.149541105000026 ], [ 32.903300905000037, 35.157964091000053 ], [ 32.907237, 35.160267499000042 ], [ 32.921666668000057, 35.163205702000027 ], [ 32.9243, 35.160570999000072 ], [ 32.930515655000079, 35.159859831000063 ], [ 32.942234, 35.151913499000045 ] ] ], [ [ [ 32.924993652000069, 35.164767619000031 ], [ 32.92851961100007, 35.166097855000032 ], [ 32.930440621000059, 35.164447611000071 ], [ 32.927869783000062, 35.161395221000078 ], [ 32.924993652000069, 35.164767619000031 ] ] ] ] } },
{ "type": "Feature", "properties": { "GISCO_ID": "CY_1439", "CNTR_CODE": "CY", "LAU_ID": "1439", "LAU_NAME": "Καραβοστάσι", "cell_coverage": [ [ 0.213, 0.0803 ] ], "xmin": 32.791666666666664, "xmax": 32.875, "ymin": 35.125, "ymax": 35.166666666666657 }, "geometry": { "type": "MultiPolygon", "coordinates": [ [ [ [ 32.795792500000061, 35.15182149900005 ], [ 32.825345970000058, 35.141153640000027 ], [ 32.83769804800005, 35.142925226000045 ], [ 32.847434500000077, 35.14781799900004 ], [ 32.849591, 35.14160399900004 ], [ 32.839898836000032, 35.135402188000057 ], [ 32.835390721000067, 35.130520267000065 ], [ 32.8282, 35.131142499000077 ], [ 32.821309924000047, 35.135402188000057 ], [ 32.813607974000035, 35.139007154000069 ], [ 32.810272, 35.137732499000037 ], [ 32.799351290000061, 35.135216219000029 ], [ 32.79520053300007, 35.144273332000068 ], [ 32.795792500000061, 35.15182149900005 ] ] ] ] } },
{ "type": "Feature", "properties": { "GISCO_ID": "CY_2126", "CNTR_CODE": "CY", "LAU_ID": "2126", "LAU_NAME": "Μύρτου", "cell_coverage": [ [ 0.1449, 0.0051 ], [ 0.4409, 0.2673 ] ], "xmin": 33.041666666666664, "xmax": 33.125, "ymin": 35.29166666666665, "ymax": 35.375 }, "geometry": { "type": "MultiPolygon", "coordinates": [ [ [ [ 33.049175500000047, 35.341487999000037 ], [ 33.04550357100004, 35.342852184000037 ], [ 33.04578250000003, 35.347577999000066 ], [ 33.061591, 35.347932499000024 ], [ 33.059305398000049, 35.342442032000065 ], [ 33.067678737000051, 35.333993977000034 ], [ 33.073052500000074, 35.339140499000052 ], [ 33.109747, 35.327063999000075 ], [ 33.108927, 35.325327499000025 ], [ 33.10322295900005, 35.321945329000073 ], [ 33.103705312000045, 35.316477580000026 ], [ 33.090699786000073, 35.314777694000043 ], [ 33.08527368700004, 35.309783805000052 ], [ 33.085190641000054, 35.306612384000061 ], [ 33.092692136000039, 35.301867292000054 ], [ 33.089339, 35.294567499000038 ], [ 33.088856500000077, 35.29356849900006 ], [ 33.082530428000041, 35.29990543100007 ], [ 33.066014500000051, 35.300405999000077 ], [ 33.059272452000073, 35.308792 ], [ 33.059736394000026, 35.331530113000042 ], [ 33.051567542000043, 35.33627505100003 ], [ 33.049175500000047, 35.341487999000037 ] ] ] ] } },
{ "type": "Feature", "properties": { "GISCO_ID": "CY_2127", "CNTR_CODE": "CY", "LAU_ID": "2127", "LAU_NAME": "Διόριος", "cell_coverage": [ [ 0, 0.0121, 0.0419 ], [ 0, 0.7245, 0.4443 ], [ 0.0823, 0.7055, 0.1258 ] ], "xmin": 32.958333333333329, "xmax": 33.083333333333329, "ymin": 35.25, "ymax": 35.375 }, "geometry": { "type": "MultiPolygon", "coordinates": [ [ [ [ 32.988211, 35.261119999000073 ], [ 32.997961037000039, 35.280435541000031 ], [ 33.003693817000055, 35.302079465000077 ], [ 33.008519515000046, 35.30651285600004 ], [ 33.009487599000067, 35.313438112000028 ], [ 33.006440500000053, 35.321788999000034 ], [ 33.02875503000007, 35.326717079000048 ], [ 33.040198886000042, 35.338528865000058 ], [ 33.049175500000047, 35.341487999000037 ], [ 33.051567542000043, 35.33627505100003 ], [ 33.059736394000026, 35.331530113000042 ], [ 33.059272452000073, 35.308792 ], [ 33.066014500000051, 35.300405999000077 ], [ 33.058134295000059, 35.296008565000079 ], [ 33.05694572200008, 35.286488334000069 ], [ 33.043601, 35.270689999000069 ], [ 33.035852556000066, 35.263583784000048 ], [ 33.022289263000062, 35.258732375000079 ], [ 33.018151971000066, 35.265669504000073 ], [ 33.010619305000034, 35.26064610800006 ], [ 32.988211, 35.261119999000073 ] ] ] ] } },
{ "type": "Feature", "properties": { "GISCO_ID": "CY_2128", "CNTR_CODE": "CY", "LAU_ID": "2128", "LAU_NAME": "Αγία Ειρήνη Κερύνειας", "cell_coverage": [ [ 0.1672, 0.6712, 0.1045 ], [ 0.3158, 0.6804, 0.001 ] ], "xmin": 32.916666666666664, "xmax": 33.041666666666664, "ymin": 35.25, "ymax": 35.333333333333321 }, "geometry": { "type": "MultiPolygon", "coordinates": [ [ [ [ 32.939168500000051, 35.305800499000043 ], [ 32.951487003000068, 35.305710882000028 ], [ 32.961813934000077, 35.309734620000029 ], [ 32.969546152000078, 35.314634842000032 ], [ 32.970389073000035, 35.320542549000038 ], [ 32.976388063000059, 35.323871060000045 ], [ 33.006440500000053, 35.321788999000034 ], [ 33.009487599000067, 35.313438112000028 ], [ 33.008519515000046, 35.30651285600004 ], [ 33.003693817000055, 35.302079465000077 ], [ 32.997961037000039, 35.280435541000031 ], [ 32.988211, 35.261119999000073 ], [ 32.987732, 35.257288999000025 ], [ 32.980938954000067, 35.256541994000031 ], [ 32.946215711000036, 35.26782496800007 ], [ 32.934906500000068, 35.268396999000061 ], [ 32.939168500000051, 35.305800499000043 ] ] ] ] } },
{ "type": "Feature", "properties": { "GISCO_ID": "CY_2129", "CNTR_CODE": "CY", "LAU_ID": "2129", "LAU_NAME": "Κορμακίτης", "cell_coverage": [ [ 0.6064, 0.8065, 0.6032, 0.0233 ], [ 0.3487, 0.3288, 0.1709, 0 ] ], "xmin": 32.916666666666664, "xmax": 33.083333333333329, "ymin": 35.29166666666665, "ymax": 35.375 }, "geometry": { "type": "MultiPolygon", "coordinates": [ [ [ [ 33.006440500000053, 35.321788999000034 ], [ 32.976388063000059, 35.323871060000045 ], [ 32.970389073000035, 35.320542549000038 ], [ 32.969546152000078, 35.314634842000032 ], [ 32.961813934000077, 35.309734620000029 ], [ 32.951487003000068, 35.305710882000028 ], [ 32.939168500000051, 35.305800499000043 ], [ 32.934686683000052, 35.322183863000078 ], [ 32.934996825000042, 35.341935764000027 ], [ 32.932464523000078, 35.347719563000055 ], [ 32.924008951000076, 35.353579379000053 ], [ 32.923479, 35.371414999000024 ], [ 32.948313898000038, 35.371089691000066 ], [ 32.947713185000055, 35.365523091000057 ], [ 32.969484725000029, 35.358052328000042 ], [ 32.97119705700004, 35.359213372000056 ], [ 32.965083977000063, 35.363073955000061 ], [ 32.970281883000041, 35.369400112000051 ], [ 32.984778221000056, 35.367577290000042 ], [ 32.987517500000024, 35.37256749900007 ], [ 32.99285246900007, 35.368591873000071 ], [ 33.015874500000052, 35.366641999000024 ], [ 33.016995666000071, 35.359874725000054 ], [ 33.026691824000068, 35.352583026000048 ], [ 33.039506500000073, 35.350982999000053 ], [ 33.04578250000003, 35.347577999000066 ], [ 33.04550357100004, 35.342852184000037 ], [ 33.049175500000047, 35.341487999000037 ], [ 33.040198886000042, 35.338528865000058 ], [ 33.02875503000007, 35.326717079000048 ], [ 33.006440500000053, 35.321788999000034 ] ] ] ] } },
{ "type": "Feature", "properties": { "GISCO_ID": "CY_2130", "CNTR_CODE": "CY", "LAU_ID": "2130", "LAU_NAME": "Λιβερά", "cell_coverage": [ [ 0.4269, 0.1214 ], [ 0.1212, 0.1498 ] ], "xmin": 32.916666666666664, "xmax": 33.0, "ymin": 35.333333333333321, "ymax": 35.416666666666657 }, "geometry": { "type": "MultiPolygon", "coordinates": [ [ [ [ 32.987517500000024, 35.37256749900007 ], [ 32.984778221000056, 35.367577290000042 ], [ 32.970281883000041, 35.369400112000051 ], [ 32.965083977000063, 35.363073955000061 ], [ 32.97119705700004, 35.359213372000056 ], [ 32.969484725000029, 35.358052328000042 ], [ 32.947713185000055, 35.365523091000057 ], [ 32.948313898000038, 35.371089691000066 ], [ 32.923479, 35.371414999000024 ], [ 32.920528873000023, 35.384669707000057 ], [ 32.921891527000071, 35.402811014000065 ], [ 32.948395455000025, 35.390775204000079 ], [ 32.964530434000039, 35.388066796000032 ], [ 32.987517500000024, 35.37256749900007 ] ] ] ] } },
{ "type": "Feature", "properties": { "GISCO_ID": "CY_2200", "CNTR_CODE": "CY", "LAU_ID": "2200", "LAU_NAME": "Καλογραία", "cell_coverage": [ [ 0.2659, 0.486, 0.0105 ], [ 0.1176, 0.1213, 0 ] ], "xmin": 33.583333333333329, "xmax": 33.708333333333329, "ymin": 35.29166666666665, "ymax": 35.375 }, "geometry": { "type": "MultiPolygon", "coordinates": [ [ [ [ 33.671169, 35.344435499000042 ], [ 33.667425665000053, 35.338167866000049 ], [ 33.65762612900005, 35.335729344000072 ], [ 33.656179500000064, 35.329671999000027 ], [ 33.62845602200008, 35.324089844000071 ], [ 33.622598836000066, 35.325945403000048 ], [ 33.609607500000038, 35.316561499000045 ], [ 33.604452139000045, 35.34195085500005 ], [ 33.606490463000057, 35.35126568700008 ], [ 33.603271500000062, 35.356347499000037 ], [ 33.607543532000079, 35.359519120000073 ], [ 33.614913110000032, 35.355193708000058 ], [ 33.652597, 35.359190999000077 ], [ 33.654249596000056, 35.350968141000067 ], [ 33.65856913500005, 35.346417648000056 ], [ 33.671169, 35.344435499000042 ] ] ] ] } },
{ "type": "Feature", "properties": { "GISCO_ID": "CY_5226", "CNTR_CODE": "CY", "LAU_ID": "5226", "LAU_NAME": "Ανώγυρα", "cell_coverage": [ [ 0, 0.1295, 0.0748 ], [ 0.1289, 0.7154, 0.1611 ] ], "xmin": 32.666666666666664, "xmax": 32.791666666666664, "ymin": 34.708333333333321, "ymax": 34.791666666666657 }, "geometry": { "type": "MultiPolygon", "coordinates": [ [ [ [ 32.698361500000033, 34.744261999000059 ], [ 32.719070500000043, 34.749085499000046 ], [ 32.734451472000046, 34.754237637000074 ], [ 32.748259440000027, 34.769831682000074 ], [ 32.751973, 34.769367499000055 ], [ 32.74876673600005, 34.760389255000064 ], [ 32.754852632000052, 34.757643171000041 ], [ 32.759099196000079, 34.759794446000058 ], [ 32.765339242000039, 34.755412056000068 ], [ 32.762416, 34.739750499000024 ], [ 32.75539270400003, 34.729546427000059 ], [ 32.752068, 34.71634399900006 ], [ 32.749009544000046, 34.712823809000042 ], [ 32.741813500000035, 34.712027499000044 ], [ 32.72277774500003, 34.724179991000028 ], [ 32.718369500000051, 34.721724499000061 ], [ 32.705395889000044, 34.734701741000038 ], [ 32.695550471000047, 34.730020998000043 ], [ 32.684302, 34.729779999000073 ], [ 32.688106910000045, 34.73639830500008 ], [ 32.694046130000061, 34.737802660000057 ], [ 32.698361500000033, 34.744261999000059 ] ] ] ] } },
{ "type": "Feature", "properties": { "GISCO_ID": "CY_5227", "CNTR_CODE": "CY", "LAU_ID": "5227", "LAU_NAME": "Πισσούρι", "cell_coverage": [ [ 0.1069, 0.5897, 0.4474, 0 ], [ 0.1127, 0.4533, 0.4506, 1.5282e-06 ] ], "xmin": 32.625, "xmax": 32.791666666666664, "ymin": 34.625, "ymax": 34.708333333333321 }, "geometry": { "type": "MultiPolygon", "coordinates": [ [ [ [ 32.647617500000024, 34.658113499000024 ], [ 32.648208500000067, 34.660583999000039 ], [ 32.648064500000032, 34.669742499000051 ], [ 32.650602855000045, 34.674659100000042 ], [ 32.660487921000026, 34.678313930000058 ], [ 32.680139319000034, 34.681047552000052 ], [ 32.685744210000053, 34.688155897000058 ], [ 32.685743922000029, 34.698764853000057 ], [ 32.694516, 34.704716499000028 ], [ 32.701827705000028, 34.696292390000053 ], [ 32.724564436000037, 34.690227904000039 ], [ 32.73329059100007, 34.681911298000045 ], [ 32.746481500000073, 34.682478499000069 ], [ 32.748915775000057, 34.677445993000049 ], [ 32.743502292000073, 34.673412240000062 ], [ 32.743525803000068, 34.666526605000058 ], [ 32.747400110000058, 34.661726705000035 ], [ 32.746618115000047, 34.654927089000068 ], [ 32.750052500000038, 34.650256499000079 ], [ 32.744586757000036, 34.647167075000027 ], [ 32.723123119000036, 34.649323160000051 ], [ 32.715557842000067, 34.641904256000032 ], [ 32.704732326000055, 34.640993870000045 ], [ 32.677541423000037, 34.652036275000057 ], [ 32.647617500000024, 34.658113499000024 ] ] ] ] } },
{ "type": "Feature", "properties": { "GISCO_ID": "CY_5300", "CNTR_CODE": "CY", "LAU_ID": "5300", "LAU_NAME": "Σούνι-Ζανακιά", "cell_coverage": [ [ 0.0457, 0.079, 0 ], [ 0.291, 0.7618, 0.0003 ], [ 0, 0.0049, 0 ] ], "xmin": 32.833333333333329, "xmax": 32.958333333333329, "ymin": 34.666666666666657, "ymax": 34.791666666666657 }, "geometry": { "type": "MultiPolygon", "coordinates": [ [ [ [ 32.887063500000068, 34.754226499000026 ], [ 32.906605, 34.753519499000049 ], [ 32.917743500000029, 34.738619999000036 ], [ 32.914426347000074, 34.739584128000047 ], [ 32.910048991000053, 34.732999050000046 ], [ 32.911615429000051, 34.724053604000062 ], [ 32.906412481000075, 34.720101981000028 ], [ 32.907336651000037, 34.712115694000033 ], [ 32.899071110000079, 34.713239332000057 ], [ 32.892553252000027, 34.718777742000043 ], [ 32.884848709000039, 34.710177352000073 ], [ 32.884041500000023, 34.705046499000048 ], [ 32.878618376000077, 34.708839014000034 ], [ 32.875126490000071, 34.717789477000053 ], [ 32.858292500000061, 34.733220999000025 ], [ 32.84942374700006, 34.739398191000078 ], [ 32.850070043000073, 34.746847596000066 ], [ 32.858856333000062, 34.748681989000033 ], [ 32.86283, 34.75617999900004 ], [ 32.887063500000068, 34.754226499000026 ] ] ] ] } },
{ "type": "Feature", "properties": { "GISCO_ID": "CY_5302", "CNTR_CODE": "CY", "LAU_ID": "5302", "LAU_NAME": "Άλασσα", "cell_coverage": [ [ 0.1196, 0.3701 ], [ 0.0213, 0.0709 ] ], "xmin": 32.875, "xmax": 32.958333333333336, "ymin": 34.708333333333321, "ymax": 34.791666666666657 }, "geometry": { "type": "MultiPolygon", "coordinates": [ [ [ [ 32.921784, 34.736958499000025 ], [ 32.917743500000029, 34.738619999000036 ], [ 32.906605, 34.753519499000049 ], [ 32.906984476000048, 34.757481979000033 ], [ 32.912175500000046, 34.760468999000068 ], [ 32.906513500000074, 34.776540999000076 ], [ 32.926477500000033, 34.776107999000033 ], [ 32.939643, 34.77415699900007 ], [ 32.939277235000077, 34.768951234000042 ], [ 32.952057, 34.760186999000041 ], [ 32.94428350000004, 34.759140499000068 ], [ 32.923405481000032, 34.741257747000077 ], [ 32.921784, 34.736958499000025 ] ] ] ] } },
{ "type": "Feature", "properties": { "GISCO_ID": "CY_1353", "CNTR_CODE": "CY", "LAU_ID": "1353", "LAU_NAME": "Πραστιό Λευκωσίας", "cell_coverage": [ [ 0.0424, 0.414 ], [ 0, 0.1421 ] ], "xmin": 32.875, "xmax": 32.958333333333336, "ymin": 35.125, "ymax": 35.208333333333321 }, "geometry": { "type": "MultiPolygon", "coordinates": [ [ [ [ 32.951973, 35.160703999000077 ], [ 32.942234, 35.151913499000045 ], [ 32.930515655000079, 35.159859831000063 ], [ 32.9243, 35.160570999000072 ], [ 32.926357031000066, 35.173969445000068 ], [ 32.916892066000059, 35.187718076000067 ], [ 32.908573500000045, 35.19218599900006 ], [ 32.911152, 35.197027499000058 ], [ 32.91406, 35.20309749900008 ], [ 32.915247500000078, 35.202557999000078 ], [ 32.930676258000062, 35.196107471000062 ], [ 32.934076231000063, 35.19090930200008 ], [ 32.941310470000076, 35.190760551000039 ], [ 32.94523547600005, 35.185802353000042 ], [ 32.951973, 35.160703999000077 ] ], [ [ 32.924993652000069, 35.164767619000031 ], [ 32.927869783000062, 35.161395221000078 ], [ 32.930440621000059, 35.164447611000071 ], [ 32.92851961100007, 35.166097855000032 ], [ 32.924993652000069, 35.164767619000031 ] ] ] ] } },
{ "type": "Feature", "properties": { "GISCO_ID": "CY_1354", "CNTR_CODE": "CY", "LAU_ID": "1354", "LAU_NAME": "Νικήτας", "cell_coverage": [ [ 0.0008, 0.184, 0.029 ], [ 0, 0.0142, 0 ] ], "xmin": 32.875, "xmax": 33.0, "ymin": 35.125, "ymax": 35.208333333333321 }, "geometry": { "type": "MultiPolygon", "coordinates": [ [ [ [ 32.930219500000078, 35.202504999000041 ], [ 32.932871506000026, 35.197066003000032 ], [ 32.956469878000064, 35.183007047000046 ], [ 32.963665500000047, 35.175563999000076 ], [ 32.963346842000078, 35.170840967000061 ], [ 32.951973, 35.160703999000077 ], [ 32.94523547600005, 35.185802353000042 ], [ 32.941310470000076, 35.190760551000039 ], [ 32.934076231000063, 35.19090930200008 ], [ 32.930676258000062, 35.196107471000062 ], [ 32.915247500000078, 35.202557999000078 ], [ 32.919884220000029, 35.207331350000061 ], [ 32.924101904000054, 35.20230054600006 ], [ 32.930219500000078, 35.202504999000041 ] ] ] ] } },
{ "type": "Feature", "properties": { "GISCO_ID": "CY_3112", "CNTR_CODE": "CY", "LAU_ID": "3112", "LAU_NAME": "Μακράσυκα", "cell_coverage": [ [ 0, 0.0827 ], [ 0.2676, 0.311 ] ], "xmin": 33.708333333333329, "xmax": 33.791666666666664, "ymin": 35.04166666666665, "ymax": 35.125 }, "geometry": { "type": "MultiPolygon", "coordinates": [ [ [ [ 33.749533, 35.050057499000047 ], [ 33.740712500000029, 35.053053999000042 ], [ 33.739142500000071, 35.054378499000052 ], [ 33.737742500000024, 35.056165499000031 ], [ 33.72998350000006, 35.064012499000057 ], [ 33.724345500000027, 35.070602499000074 ], [ 33.741630016000045, 35.075682825000058 ], [ 33.743132500000058, 35.082841999000038 ], [ 33.749615100000028, 35.082272137000075 ], [ 33.762354500000072, 35.09282999900006 ], [ 33.774352787000055, 35.087859897000044 ], [ 33.780449, 35.075365499000043 ], [ 33.758638334000068, 35.061802681000074 ], [ 33.749533, 35.050057499000047 ] ] ] ] } },
{ "type": "Feature", "properties": { "GISCO_ID": "CY_3113", "CNTR_CODE": "CY", "LAU_ID": "3113", "LAU_NAME": "Καλοψίδα", "cell_coverage": [ [ 0.0615, 0.1365, 0 ], [ 0.5073, 0.8119, 0.0079 ], [ 0.0478, 0.0881, 0 ] ], "xmin": 33.75, "xmax": 33.875, "ymin": 35.041666666666657, "ymax": 35.166666666666657 }, "geometry": { "type": "MultiPolygon", "coordinates": [ [ [ [ 33.780449, 35.075365499000043 ], [ 33.774352787000055, 35.087859897000044 ], [ 33.762354500000072, 35.09282999900006 ], [ 33.775619541000026, 35.114296944000046 ], [ 33.770633541000052, 35.121212845000059 ], [ 33.774388, 35.129612999000074 ], [ 33.78701998400004, 35.129700172000071 ], [ 33.785271500000079, 35.134408999000073 ], [ 33.80088517300004, 35.130891146000067 ], [ 33.818505051000045, 35.133548448000056 ], [ 33.824250500000062, 35.131481999000073 ], [ 33.825441813000054, 35.122163332000071 ], [ 33.822814317000052, 35.111832828000047 ], [ 33.837444641000047, 35.099737743000048 ], [ 33.831794002000038, 35.095208583000044 ], [ 33.820374393000066, 35.094806346000041 ], [ 33.822468271000048, 35.080961770000044 ], [ 33.820318500000042, 35.074473999000077 ], [ 33.808633266000072, 35.079640231000042 ], [ 33.790814719000025, 35.07898963100007 ], [ 33.780449, 35.075365499000043 ] ], [ [ 33.809972985000059, 35.096288788000038 ], [ 33.814613500000064, 35.093587151000065 ], [ 33.818597988000079, 35.095197352000071 ], [ 33.81570735400004, 35.098126819000072 ], [ 33.809972985000059, 35.096288788000038 ] ] ] ] } },
{ "type": "Feature", "properties": { "GISCO_ID": "CY_3114", "CNTR_CODE": "CY", "LAU_ID": "3114", "LAU_NAME": "Αχερίτου", "cell_coverage": [ [ 0.0275, 0.2745, 0.1123 ], [ 0.1881, 0.9921, 0.3778 ], [ 0.0364, 0.2464, 0.0537 ] ], "xmin": 33.791666666666664, "xmax": 33.916666666666664, "ymin": 35.041666666666657, "ymax": 35.166666666666657 }, "geometry": { "type": "MultiPolygon", "coordinates": [ [ [ [ 33.899611, 35.103420499000038 ], [ 33.893472098000075, 35.108582682000076 ], [ 33.884117745000026, 35.109987775000036 ], [ 33.887354479000066, 35.10102389900004 ], [ 33.894234398000037, 35.093817093000041 ], [ 33.887744, 35.084578499000031 ], [ 33.879045728000051, 35.079365906000078 ], [ 33.884928369000079, 35.072248101000071 ], [ 33.882200252000075, 35.069671116000052 ], [ 33.877467512000067, 35.070413243000075 ], [ 33.870108500000072, 35.080495499000051 ], [ 33.861736992000033, 35.071290946000033 ], [ 33.849530163000054, 35.064231137000036 ], [ 33.844375122000031, 35.077250066000033 ], [ 33.836654056000043, 35.074268934000031 ], [ 33.832317254000031, 35.080831257000057 ], [ 33.826617266000028, 35.079860310000072 ], [ 33.823172, 35.071924499000033 ], [ 33.820318500000042, 35.074473999000077 ], [ 33.822468271000048, 35.080961770000044 ], [ 33.820374393000066, 35.094806346000041 ], [ 33.831794002000038, 35.095208583000044 ], [ 33.837444641000047, 35.099737743000048 ], [ 33.822814317000052, 35.111832828000047 ], [ 33.825441813000054, 35.122163332000071 ], [ 33.824250500000062, 35.131481999000073 ], [ 33.827477265000027, 35.132927132000077 ], [ 33.831433980000043, 35.12743680400007 ], [ 33.836706295000056, 35.133472509000057 ], [ 33.845933500000058, 35.136645499000053 ], [ 33.851093134000052, 35.13925663200007 ], [ 33.859996696000053, 35.135759133000079 ], [ 33.863147500000025, 35.137885499000049 ], [ 33.868812821000063, 35.135910763000027 ], [ 33.883157, 35.144450999000071 ], [ 33.889132686000039, 35.12427500900003 ], [ 33.899611, 35.103420499000038 ] ] ], [ [ [ 33.809972985000059, 35.096288788000038 ], [ 33.81570735400004, 35.098126819000072 ], [ 33.818597988000079, 35.095197352000071 ], [ 33.814613500000064, 35.093587151000065 ], [ 33.809972985000059, 35.096288788000038 ] ] ] ] } },
{ "type": "Feature", "properties": { "GISCO_ID": "CY_3120", "CNTR_CODE": "CY", "LAU_ID": "3120", "LAU_NAME": "Έγκωμη Αμμοχώστου", "cell_coverage": [ [ 0.0377, 0.186 ], [ 0.1922, 0.4362 ] ], "xmin": 33.833333333333329, "xmax": 33.916666666666664, "ymin": 35.125, "ymax": 35.208333333333321 }, "geometry": { "type": "MultiPolygon", "coordinates": [ [ [ [ 33.863147500000025, 35.137885499000049 ], [ 33.860175, 35.144198499000026 ], [ 33.863611220000053, 35.147176467000065 ], [ 33.865529993000052, 35.167577108000046 ], [ 33.871426925000037, 35.167850292000026 ], [ 33.86837, 35.177321499000072 ], [ 33.880784171000073, 35.181072456000038 ], [ 33.900727153000048, 35.171910754000066 ], [ 33.909769500000039, 35.171151999000074 ], [ 33.915189500000054, 35.159802999000078 ], [ 33.902695294000068, 35.157082265000042 ], [ 33.90258397100007, 35.146479428000077 ], [ 33.889443048000032, 35.139824329000078 ], [ 33.883157, 35.144450999000071 ], [ 33.868812821000063, 35.135910763000027 ], [ 33.863147500000025, 35.137885499000049 ] ] ] ] } },
{ "type": "Feature", "properties": { "GISCO_ID": "CY_3121", "CNTR_CODE": "CY", "LAU_ID": "3121", "LAU_NAME": "Άγιος Σέργιος", "cell_coverage": [ [ 0.0049, 0.2897 ], [ 0.1226, 0.5433 ] ], "xmin": 33.833333333333329, "xmax": 33.916666666666664, "ymin": 35.16666666666665, "ymax": 35.25 }, "geometry": { "type": "MultiPolygon", "coordinates": [ [ [ [ 33.887236500000029, 35.226499499000056 ], [ 33.896428742000069, 35.23632063000008 ], [ 33.899980854000034, 35.231794447000027 ], [ 33.902968500000043, 35.233881999000062 ], [ 33.904099440000039, 35.221410805000062 ], [ 33.900193504000072, 35.212511876000065 ], [ 33.900625383000033, 35.198830215000044 ], [ 33.910607445000039, 35.174632307000024 ], [ 33.909769500000039, 35.171151999000074 ], [ 33.900727153000048, 35.171910754000066 ], [ 33.880784171000073, 35.181072456000038 ], [ 33.86837, 35.177321499000072 ], [ 33.866402294000068, 35.190783647000046 ], [ 33.869897063000053, 35.206940538000026 ], [ 33.887236500000029, 35.226499499000056 ] ] ] ] } },
{ "type": "Feature", "properties": { "GISCO_ID": "CY_3122", "CNTR_CODE": "CY", "LAU_ID": "3122", "LAU_NAME": "Στύλλοι", "cell_coverage": [ [ 0.3478, 0.192 ], [ 0.298, 0.2977 ] ], "xmin": 33.791666666666664, "xmax": 33.875, "ymin": 35.125, "ymax": 35.208333333333321 }, "geometry": { "type": "MultiPolygon", "coordinates": [ [ [ [ 33.79999250000003, 35.175289999000029 ], [ 33.799799500000063, 35.180538499000079 ], [ 33.802844714000059, 35.184587042000032 ], [ 33.816636500000072, 35.189759999000046 ], [ 33.817030500000044, 35.189773999000067 ], [ 33.822599401000048, 35.181998511000074 ], [ 33.832121630000074, 35.185551593000071 ], [ 33.834165915000028, 35.181137945000046 ], [ 33.843426390000047, 35.187195975000066 ], [ 33.850929596000071, 35.180590463000044 ], [ 33.851060576000066, 35.17385652400003 ], [ 33.856746774000044, 35.16949388300003 ], [ 33.855892904000029, 35.164667699000063 ], [ 33.849253822000037, 35.157058061000043 ], [ 33.841485011000032, 35.154286300000024 ], [ 33.848999860000049, 35.144804681000039 ], [ 33.860175, 35.144198499000026 ], [ 33.863147500000025, 35.137885499000049 ], [ 33.859996696000053, 35.135759133000079 ], [ 33.851093134000052, 35.13925663200007 ], [ 33.845933500000058, 35.136645499000053 ], [ 33.810233088000075, 35.15242470000004 ], [ 33.803783310000028, 35.158602171000041 ], [ 33.804293519000055, 35.170089216000065 ], [ 33.79999250000003, 35.175289999000029 ] ] ] ] } },
{ "type": "Feature", "properties": { "GISCO_ID": "CY_3123", "CNTR_CODE": "CY", "LAU_ID": "3123", "LAU_NAME": "Λιμνιά", "cell_coverage": [ [ 0, 0.355, 0.0315 ], [ 0.1174, 0.6421, 0 ], [ 0, 0.197, 0 ] ], "xmin": 33.791666666666664, "xmax": 33.916666666666664, "ymin": 35.125, "ymax": 35.25 }, "geometry": { "type": "MultiPolygon", "coordinates": [ [ [ [ 33.861770500000034, 35.223402499000031 ], [ 33.867014863000065, 35.218443740000055 ], [ 33.887236500000029, 35.226499499000056 ], [ 33.869897063000053, 35.206940538000026 ], [ 33.866402294000068, 35.190783647000046 ], [ 33.86837, 35.177321499000072 ], [ 33.871426925000037, 35.167850292000026 ], [ 33.865529993000052, 35.167577108000046 ], [ 33.863611220000053, 35.147176467000065 ], [ 33.860175, 35.144198499000026 ], [ 33.848999860000049, 35.144804681000039 ], [ 33.841485011000032, 35.154286300000024 ], [ 33.849253822000037, 35.157058061000043 ], [ 33.855892904000029, 35.164667699000063 ], [ 33.856746774000044, 35.16949388300003 ], [ 33.851060576000066, 35.17385652400003 ], [ 33.850929596000071, 35.180590463000044 ], [ 33.843426390000047, 35.187195975000066 ], [ 33.834165915000028, 35.181137945000046 ], [ 33.832121630000074, 35.185551593000071 ], [ 33.822599401000048, 35.181998511000074 ], [ 33.817030500000044, 35.189773999000067 ], [ 33.826246910000066, 35.196200573000056 ], [ 33.827953378000075, 35.20190412200003 ], [ 33.837243199000056, 35.20675865000004 ], [ 33.833771168000055, 35.223451571000055 ], [ 33.837916, 35.228519999000071 ], [ 33.844026664000069, 35.232157684000072 ], [ 33.848388012000044, 35.222825823000051 ], [ 33.861770500000034, 35.223402499000031 ] ] ] ] } },
{ "type": "Feature", "properties": { "GISCO_ID": "CY_3124", "CNTR_CODE": "CY", "LAU_ID": "3124", "LAU_NAME": "Αλόδα", "cell_coverage": [ [ 0.1407, 0.027 ], [ 0.1131, 0.0057 ] ], "xmin": 33.791666666666664, "xmax": 33.875, "ymin": 35.16666666666665, "ymax": 35.25 }, "geometry": { "type": "MultiPolygon", "coordinates": [ [ [ [ 33.811424, 35.198563499000045 ], [ 33.820156390000079, 35.201801694000039 ], [ 33.819006234000028, 35.213312121000058 ], [ 33.823756536000076, 35.219938777000038 ], [ 33.826661, 35.232631499000036 ], [ 33.837916, 35.228519999000071 ], [ 33.833771168000055, 35.223451571000055 ], [ 33.837243199000056, 35.20675865000004 ], [ 33.827953378000075, 35.20190412200003 ], [ 33.826246910000066, 35.196200573000056 ], [ 33.817030500000044, 35.189773999000067 ], [ 33.816636500000072, 35.189759999000046 ], [ 33.811424, 35.198563499000045 ] ] ] ] } },
{ "type": "Feature", "properties": { "GISCO_ID": "CY_1441", "CNTR_CODE": "CY", "LAU_ID": "1441", "LAU_NAME": "Πεντάγεια", "cell_coverage": [ [ 0, 0.0251 ], [ 0.0942, 0.4531 ], [ 0, 0.0002 ] ], "xmin": 32.833333333333329, "xmax": 32.916666666666664, "ymin": 35.083333333333321, "ymax": 35.208333333333321 }, "geometry": { "type": "MultiPolygon", "coordinates": [ [ [ [ 32.907237, 35.160267499000042 ], [ 32.903300905000037, 35.157964091000053 ], [ 32.902337413000055, 35.149541105000026 ], [ 32.896989330000054, 35.150776257000075 ], [ 32.894741500000066, 35.147077999000032 ], [ 32.89229354400004, 35.142670167000063 ], [ 32.893873549000034, 35.135942812000053 ], [ 32.887884085000053, 35.136002851000057 ], [ 32.885531, 35.12747549900007 ], [ 32.880504, 35.124400999000045 ], [ 32.875534067000046, 35.135402188000057 ], [ 32.874513384000068, 35.138182864000044 ], [ 32.87218450000006, 35.138574499000072 ], [ 32.867672044000074, 35.151636301000053 ], [ 32.858423, 35.152307499000074 ], [ 32.867497641000057, 35.159059507000052 ], [ 32.881645836000075, 35.162583727000026 ], [ 32.895203, 35.17284999900005 ], [ 32.907237, 35.160267499000042 ] ] ] ] } },
{ "type": "Feature", "properties": { "GISCO_ID": "CY_1443", "CNTR_CODE": "CY", "LAU_ID": "1443", "LAU_NAME": "Αγγολέμι", "cell_coverage": [ [ 0.1306, 0.0207 ], [ 0.3679, 0.0248 ] ], "xmin": 32.916666666666664, "xmax": 33.0, "ymin": 35.083333333333321, "ymax": 35.166666666666657 }, "geometry": { "type": "MultiPolygon", "coordinates": [ [ [ [ 32.959560500000066, 35.13373849900006 ], [ 32.964852, 35.126676499000041 ], [ 32.961675227000057, 35.124574014000075 ], [ 32.964050937000025, 35.116877160000058 ], [ 32.953107872000032, 35.112383894000061 ], [ 32.954106271000057, 35.104387088000067 ], [ 32.949004866000053, 35.097303226000065 ], [ 32.945621197000037, 35.095670888000029 ], [ 32.941490116000068, 35.101894347000041 ], [ 32.93416650000006, 35.095679499000028 ], [ 32.933215, 35.095673499000043 ], [ 32.933553518000053, 35.102045340000075 ], [ 32.926845742000069, 35.102640143000031 ], [ 32.931888332000028, 35.112318067000047 ], [ 32.932964, 35.12368649900003 ], [ 32.93381867800008, 35.127945440000076 ], [ 32.940816985000026, 35.130519538000044 ], [ 32.942319499000064, 35.135402188000057 ], [ 32.94441990200005, 35.138508947000048 ], [ 32.94808850000004, 35.139095499000064 ], [ 32.953281090000075, 35.135402188000057 ], [ 32.95625805800006, 35.133155011000042 ], [ 32.959560500000066, 35.13373849900006 ] ] ] ] } },
{ "type": "Feature", "properties": { "GISCO_ID": "CY_1450", "CNTR_CODE": "CY", "LAU_ID": "1450", "LAU_NAME": "Βαρίσεια", "cell_coverage": [ [ 0.0491, 0.0808 ], [ 0.4105, 0.1513 ] ], "xmin": 32.708333333333329, "xmax": 32.791666666666664, "ymin": 35.083333333333321, "ymax": 35.166666666666657 }, "geometry": { "type": "MultiPolygon", "coordinates": [ [ [ [ 32.752481500000044, 35.141937999000049 ], [ 32.757635868000079, 35.135402188000057 ], [ 32.761689025000067, 35.130252474000031 ], [ 32.762245, 35.114815499000031 ], [ 32.753236423000033, 35.097225133000052 ], [ 32.740762489000076, 35.088638807000052 ], [ 32.734879500000034, 35.088020999000037 ], [ 32.728021027000068, 35.10589733900008 ], [ 32.726742524000031, 35.118730595000045 ], [ 32.733375339000077, 35.125952313000028 ], [ 32.743709376000027, 35.129529097000045 ], [ 32.752481500000044, 35.141937999000049 ] ] ] ] } },
{ "type": "Feature", "properties": { "GISCO_ID": "CY_5122", "CNTR_CODE": "CY", "LAU_ID": "5122", "LAU_NAME": "Φοινικάρια", "cell_coverage": [ [ 0.4797, 0.013 ], [ 0.211, 0 ] ], "xmin": 33.083333333333329, "xmax": 33.166666666666664, "ymin": 34.708333333333321, "ymax": 34.791666666666657 }, "geometry": { "type": "MultiPolygon", "coordinates": [ [ [ [ 33.109485, 34.730669999000042 ], [ 33.102786226000035, 34.735463218000064 ], [ 33.097675, 34.733315499000071 ], [ 33.093163058000073, 34.740533540000058 ], [ 33.086083500000029, 34.744739499000048 ], [ 33.102049020000038, 34.770628033000037 ], [ 33.103972243000044, 34.784166706000065 ], [ 33.107946500000025, 34.78868649900005 ], [ 33.123175500000059, 34.784005499000045 ], [ 33.125319, 34.778461499000059 ], [ 33.128326068000035, 34.768965253000033 ], [ 33.114791788000048, 34.756537305000052 ], [ 33.116952707000053, 34.750458199000036 ], [ 33.109485, 34.730669999000042 ] ] ] ] } },
{ "type": "Feature", "properties": { "GISCO_ID": "CY_5124", "CNTR_CODE": "CY", "LAU_ID": "5124", "LAU_NAME": "Άγιος Τύχων", "cell_coverage": [ [ 0.1117, 0.4471 ], [ 0.0307, 0.0078 ] ], "xmin": 33.083333333333329, "xmax": 33.166666666666664, "ymin": 34.66666666666665, "ymax": 34.75 }, "geometry": { "type": "MultiPolygon", "coordinates": [ [ [ [ 33.109722500000032, 34.702961999000024 ], [ 33.118319500000041, 34.725688999000056 ], [ 33.136371, 34.742694999000037 ], [ 33.144777608000027, 34.736971934000053 ], [ 33.148569467000073, 34.726260726000078 ], [ 33.155852623000044, 34.723974063000071 ], [ 33.157164, 34.712423999000066 ], [ 33.109722500000032, 34.702961999000024 ] ] ] ] } },
{ "type": "Feature", "properties": { "GISCO_ID": "CY_5125", "CNTR_CODE": "CY", "LAU_ID": "5125", "LAU_NAME": "Παρεκκλησιά", "cell_coverage": [ [ 0, 0.0184 ], [ 0.5676, 0.363 ], [ 0.4311, 0.0718 ] ], "xmin": 33.125, "xmax": 33.208333333333336, "ymin": 34.708333333333321, "ymax": 34.833333333333321 }, "geometry": { "type": "MultiPolygon", "coordinates": [ [ [ [ 33.165538, 34.710529499000074 ], [ 33.157164, 34.712423999000066 ], [ 33.155852623000044, 34.723974063000071 ], [ 33.148569467000073, 34.726260726000078 ], [ 33.144777608000027, 34.736971934000053 ], [ 33.136371, 34.742694999000037 ], [ 33.133219660000066, 34.758450835000076 ], [ 33.142042500000059, 34.777581499000064 ], [ 33.152818, 34.783301999000059 ], [ 33.164415500000075, 34.788878499000077 ], [ 33.173371467000038, 34.787215943000035 ], [ 33.177853500000026, 34.801707499000031 ], [ 33.180786500000067, 34.792562499000041 ], [ 33.192293, 34.775975999000025 ], [ 33.185927446000051, 34.767046959000027 ], [ 33.172079861000043, 34.760937092000063 ], [ 33.171734470000047, 34.756149576000041 ], [ 33.17692809700003, 34.746527281000056 ], [ 33.16773799200007, 34.734688797000047 ], [ 33.169280205000064, 34.730940271000065 ], [ 33.166070405000028, 34.723604142000056 ], [ 33.168881965000026, 34.717206958000077 ], [ 33.165538, 34.710529499000074 ] ] ] ] } },
{ "type": "Feature", "properties": { "GISCO_ID": "CY_5126", "CNTR_CODE": "CY", "LAU_ID": "5126", "LAU_NAME": "Πεντάκωμο", "cell_coverage": [ [ 0.0769, 0.0041 ], [ 0.4564, 0.51 ], [ 0.0183, 0.0231 ] ], "xmin": 33.208333333333329, "xmax": 33.291666666666664, "ymin": 34.666666666666657, "ymax": 34.791666666666657 }, "geometry": { "type": "MultiPolygon", "coordinates": [ [ [ [ 33.277486500000066, 34.718886499000064 ], [ 33.269138481000027, 34.707969792000029 ], [ 33.258271824000076, 34.705470916000024 ], [ 33.236966500000051, 34.706203499000026 ], [ 33.228273881000064, 34.725084094000067 ], [ 33.231442517000062, 34.732725777000041 ], [ 33.229311891000066, 34.749800669000024 ], [ 33.232906, 34.75812649900007 ], [ 33.240726793000078, 34.759576615000071 ], [ 33.247773125000037, 34.753020824000032 ], [ 33.258674304000067, 34.748550646000069 ], [ 33.270443, 34.750673499000072 ], [ 33.271246, 34.750265499000079 ], [ 33.267282092000073, 34.742051782000033 ], [ 33.272550369000044, 34.733285963000071 ], [ 33.268707138000025, 34.727814278000039 ], [ 33.277486500000066, 34.718886499000064 ] ] ] ] } },
{ "type": "Feature", "properties": { "GISCO_ID": "CY_5127", "CNTR_CODE": "CY", "LAU_ID": "5127", "LAU_NAME": "Μοναγρούλλι", "cell_coverage": [ [ 0.2047, 0.2899 ], [ 0.0163, 0.4363 ], [ 0, 0.0268 ] ], "xmin": 33.166666666666664, "xmax": 33.25, "ymin": 34.666666666666657, "ymax": 34.791666666666657 }, "geometry": { "type": "MultiPolygon", "coordinates": [ [ [ [ 33.232906, 34.75812649900007 ], [ 33.229311891000066, 34.749800669000024 ], [ 33.231442517000062, 34.732725777000041 ], [ 33.228273881000064, 34.725084094000067 ], [ 33.236966500000051, 34.706203499000026 ], [ 33.214562500000056, 34.706143499000063 ], [ 33.21753614000005, 34.714762935000067 ], [ 33.216173800000035, 34.724969074000057 ], [ 33.211640577000026, 34.729981321000025 ], [ 33.207790885000065, 34.743533309000043 ], [ 33.1943, 34.755175999000073 ], [ 33.194105051000065, 34.766508968000039 ], [ 33.200804, 34.776138499000069 ], [ 33.209831, 34.786740999000074 ], [ 33.213091224000038, 34.774897496000051 ], [ 33.220959139000058, 34.770599953000044 ], [ 33.224603500000057, 34.77189899900003 ], [ 33.226944286000048, 34.763769973000024 ], [ 33.232906, 34.75812649900007 ] ] ] ] } },
{ "type": "Feature", "properties": { "GISCO_ID": "CY_5128", "CNTR_CODE": "CY", "LAU_ID": "5128", "LAU_NAME": "Μονή", "cell_coverage": [ [ 0.0131, 0 ], [ 0.3105, 0.1073 ], [ 0.0181, 0.0085 ] ], "xmin": 33.166666666666664, "xmax": 33.25, "ymin": 34.666666666666657, "ymax": 34.791666666666657 }, "geometry": { "type": "MultiPolygon", "coordinates": [ [ [ [ 33.1943, 34.755175999000073 ], [ 33.207790885000065, 34.743533309000043 ], [ 33.211640577000026, 34.729981321000025 ], [ 33.216173800000035, 34.724969074000057 ], [ 33.21753614000005, 34.714762935000067 ], [ 33.214562500000056, 34.706143499000063 ], [ 33.195633, 34.705811999000048 ], [ 33.19389288800005, 34.71223036300006 ], [ 33.200126048000072, 34.717192886000078 ], [ 33.19350311900007, 34.726165132000062 ], [ 33.195480559000032, 34.730826696000065 ], [ 33.191171191000024, 34.749383107000028 ], [ 33.1943, 34.755175999000073 ] ] ] ] } },
{ "type": "Feature", "properties": { "GISCO_ID": "CY_5129", "CNTR_CODE": "CY", "LAU_ID": "5129", "LAU_NAME": "Πύργος Λεμεσού", "cell_coverage": [ [ 0, 0.2288 ], [ 0.0013, 0.594 ], [ 0, 0.0112 ] ], "xmin": 33.125, "xmax": 33.208333333333336, "ymin": 34.666666666666657, "ymax": 34.791666666666657 }, "geometry": { "type": "MultiPolygon", "coordinates": [ [ [ [ 33.165538, 34.710529499000074 ], [ 33.168881965000026, 34.717206958000077 ], [ 33.166070405000028, 34.723604142000056 ], [ 33.169280205000064, 34.730940271000065 ], [ 33.16773799200007, 34.734688797000047 ], [ 33.17692809700003, 34.746527281000056 ], [ 33.171734470000047, 34.756149576000041 ], [ 33.172079861000043, 34.760937092000063 ], [ 33.185927446000051, 34.767046959000027 ], [ 33.192293, 34.775975999000025 ], [ 33.200804, 34.776138499000069 ], [ 33.194105051000065, 34.766508968000039 ], [ 33.1943, 34.755175999000073 ], [ 33.191171191000024, 34.749383107000028 ], [ 33.195480559000032, 34.730826696000065 ], [ 33.19350311900007, 34.726165132000062 ], [ 33.200126048000072, 34.717192886000078 ], [ 33.19389288800005, 34.71223036300006 ], [ 33.195633, 34.705811999000048 ], [ 33.165538, 34.710529499000074 ] ] ] ] } },
{ "type": "Feature", "properties": { "GISCO_ID": "CY_3214", "CNTR_CODE": "CY", "LAU_ID": "3214", "LAU_NAME": "Σανταλάρης", "cell_coverage": [ [ 0.0001, 0.172 ], [ 0.0016, 0.1657 ] ], "xmin": 33.75, "xmax": 33.833333333333336, "ymin": 35.16666666666665, "ymax": 35.25 }, "geometry": { "type": "MultiPolygon", "coordinates": [ [ [ [ 33.79261, 35.216380499000024 ], [ 33.797062409000034, 35.222536554000044 ], [ 33.808828639000069, 35.228318010000066 ], [ 33.822036260000061, 35.228930978000051 ], [ 33.819228856000052, 35.222712692000073 ], [ 33.807715490000078, 35.220561494000037 ], [ 33.806531427000039, 35.213358778000043 ], [ 33.798239244000058, 35.204577219000043 ], [ 33.802082871000039, 35.19674408700007 ], [ 33.811424, 35.198563499000045 ], [ 33.816636500000072, 35.189759999000046 ], [ 33.802844714000059, 35.184587042000032 ], [ 33.799799500000063, 35.180538499000079 ], [ 33.799680196000054, 35.189337951000027 ], [ 33.795007500000054, 35.189458999000067 ], [ 33.790932680000026, 35.204266824000058 ], [ 33.79261, 35.216380499000024 ] ], [ [ 33.805120387000045, 35.190656577000027 ], [ 33.811560289000056, 35.189972594000039 ], [ 33.812720441000067, 35.193217075000064 ], [ 33.80755602000005, 35.19393251200006 ], [ 33.805120387000045, 35.190656577000027 ] ] ] ] } },
{ "type": "Feature", "properties": { "GISCO_ID": "CY_3215", "CNTR_CODE": "CY", "LAU_ID": "3215", "LAU_NAME": "Μαράθα", "cell_coverage": [ [ 0.0207 ], [ 0.0469 ] ], "xmin": 33.75, "xmax": 33.791666666666664, "ymin": 35.16666666666665, "ymax": 35.25 }, "geometry": { "type": "MultiPolygon", "coordinates": [ [ [ [ 33.776312500000074, 35.215555499000061 ], [ 33.782837622000045, 35.209676690000038 ], [ 33.783196411000063, 35.203508857000031 ], [ 33.781104705000075, 35.200700303000076 ], [ 33.771375500000033, 35.199178999000026 ], [ 33.776312500000074, 35.215555499000061 ] ] ] ] } },
{ "type": "Feature", "properties": { "GISCO_ID": "CY_3216", "CNTR_CODE": "CY", "LAU_ID": "3216", "LAU_NAME": "Περιστερώνα Αμμοχώστου", "cell_coverage": [ [ 0.157, 0.1777, 0 ], [ 0.1759, 0.3505, 0.049 ] ], "xmin": 33.708333333333329, "xmax": 33.833333333333329, "ymin": 35.16666666666665, "ymax": 35.25 }, "geometry": { "type": "MultiPolygon", "coordinates": [ [ [ [ 33.789502, 35.184357499000043 ], [ 33.754523453000047, 35.187254083000028 ], [ 33.740924500000062, 35.191266499000051 ], [ 33.728587645000061, 35.205093548000036 ], [ 33.723658, 35.206696499000032 ], [ 33.722796, 35.20727849900004 ], [ 33.724467594000032, 35.21754913500007 ], [ 33.730679, 35.217869999000072 ], [ 33.753614625000068, 35.220706024000037 ], [ 33.765853339000046, 35.218898429000035 ], [ 33.773756239000079, 35.221532755000055 ], [ 33.778550222000035, 35.219802299000037 ], [ 33.776312500000074, 35.215555499000061 ], [ 33.771375500000033, 35.199178999000026 ], [ 33.780074332000027, 35.189659653000035 ], [ 33.795007500000054, 35.189458999000067 ], [ 33.799680196000054, 35.189337951000027 ], [ 33.799799500000063, 35.180538499000079 ], [ 33.79999250000003, 35.175289999000029 ], [ 33.789502, 35.184357499000043 ] ] ] ] } },
{ "type": "Feature", "properties": { "GISCO_ID": "CY_3217", "CNTR_CODE": "CY", "LAU_ID": "3217", "LAU_NAME": "Πηγή", "cell_coverage": [ [ 0.159, 0.352, 0.0018 ], [ 0, 0.1391, 0.0116 ] ], "xmin": 33.708333333333329, "xmax": 33.833333333333329, "ymin": 35.16666666666665, "ymax": 35.25 }, "geometry": { "type": "MultiPolygon", "coordinates": [ [ [ [ 33.771375500000033, 35.199178999000026 ], [ 33.781104705000075, 35.200700303000076 ], [ 33.783196411000063, 35.203508857000031 ], [ 33.782837622000045, 35.209676690000038 ], [ 33.776312500000074, 35.215555499000061 ], [ 33.778550222000035, 35.219802299000037 ], [ 33.773756239000079, 35.221532755000055 ], [ 33.765853339000046, 35.218898429000035 ], [ 33.753614625000068, 35.220706024000037 ], [ 33.730679, 35.217869999000072 ], [ 33.734060531000068, 35.227172771000028 ], [ 33.750249576000044, 35.244380945000046 ], [ 33.761410500000068, 35.247580999000036 ], [ 33.767488523000054, 35.230728358000079 ], [ 33.782054563000031, 35.221671645000072 ], [ 33.784931437000068, 35.215204911000058 ], [ 33.79261, 35.216380499000024 ], [ 33.790932680000026, 35.204266824000058 ], [ 33.795007500000054, 35.189458999000067 ], [ 33.780074332000027, 35.189659653000035 ], [ 33.771375500000033, 35.199178999000026 ] ] ] ] } },
{ "type": "Feature", "properties": { "GISCO_ID": "CY_3218", "CNTR_CODE": "CY", "LAU_ID": "3218", "LAU_NAME": "Γέναγρα", "cell_coverage": [ [ 0.4376, 0.0354 ], [ 0.2792, 0.0568 ] ], "xmin": 33.666666666666664, "xmax": 33.75, "ymin": 35.16666666666665, "ymax": 35.25 }, "geometry": { "type": "MultiPolygon", "coordinates": [ [ [ [ 33.723658, 35.206696499000032 ], [ 33.723217884000064, 35.199009099000079 ], [ 33.706468771000061, 35.20513558600004 ], [ 33.699474082000052, 35.19979410600007 ], [ 33.6969, 35.193912499000078 ], [ 33.69071050000008, 35.188610499000049 ], [ 33.677810500000078, 35.189914999000052 ], [ 33.668743500000062, 35.217452499000046 ], [ 33.67490250000003, 35.228862999000057 ], [ 33.689401262000047, 35.231706967000036 ], [ 33.692659500000048, 35.227491499000052 ], [ 33.703061071000036, 35.229107732000045 ], [ 33.712219852000032, 35.214215868000053 ], [ 33.722796, 35.20727849900004 ], [ 33.723658, 35.206696499000032 ] ] ] ] } },
{ "type": "Feature", "properties": { "GISCO_ID": "CY_3219", "CNTR_CODE": "CY", "LAU_ID": "3219", "LAU_NAME": "Μηλιά Αμμοχώστου", "cell_coverage": [ [ 0.0475, 0.0458 ], [ 0.4223, 0.6331 ], [ 0, 0.122 ] ], "xmin": 33.75, "xmax": 33.833333333333336, "ymin": 35.166666666666657, "ymax": 35.291666666666657 }, "geometry": { "type": "MultiPolygon", "coordinates": [ [ [ [ 33.769623, 35.254158999000026 ], [ 33.80692577800005, 35.249611815000037 ], [ 33.816510500000049, 35.258583499000054 ], [ 33.820154212000034, 35.256060639000054 ], [ 33.822548220000044, 35.246571012000061 ], [ 33.83116, 35.245806499000025 ], [ 33.832741750000025, 35.241750117000038 ], [ 33.826661, 35.232631499000036 ], [ 33.823756536000076, 35.219938777000038 ], [ 33.819006234000028, 35.213312121000058 ], [ 33.820156390000079, 35.201801694000039 ], [ 33.811424, 35.198563499000045 ], [ 33.802082871000039, 35.19674408700007 ], [ 33.798239244000058, 35.204577219000043 ], [ 33.806531427000039, 35.213358778000043 ], [ 33.807715490000078, 35.220561494000037 ], [ 33.819228856000052, 35.222712692000073 ], [ 33.822036260000061, 35.228930978000051 ], [ 33.808828639000069, 35.228318010000066 ], [ 33.797062409000034, 35.222536554000044 ], [ 33.79261, 35.216380499000024 ], [ 33.784931437000068, 35.215204911000058 ], [ 33.782054563000031, 35.221671645000072 ], [ 33.767488523000054, 35.230728358000079 ], [ 33.761410500000068, 35.247580999000036 ], [ 33.763148815000079, 35.251913930000057 ], [ 33.769623, 35.254158999000026 ] ] ], [ [ [ 33.805120387000045, 35.190656577000027 ], [ 33.80755602000005, 35.19393251200006 ], [ 33.812720441000067, 35.193217075000064 ], [ 33.811560289000056, 35.189972594000039 ], [ 33.805120387000045, 35.190656577000027 ] ] ] ] } },
{ "type": "Feature", "properties": { "GISCO_ID": "CY_3220", "CNTR_CODE": "CY", "LAU_ID": "3220", "LAU_NAME": "Γύψου", "cell_coverage": [ [ 0.1664, 0.2162 ], [ 0.5644, 0.4982 ], [ 0, 0.0004 ] ], "xmin": 33.75, "xmax": 33.833333333333336, "ymin": 35.208333333333321, "ymax": 35.333333333333321 }, "geometry": { "type": "MultiPolygon", "coordinates": [ [ [ [ 33.769623, 35.254158999000026 ], [ 33.766611862000047, 35.259237171000052 ], [ 33.765074251000044, 35.285460673000046 ], [ 33.778511500000036, 35.307925499000078 ], [ 33.786171626000055, 35.308168834000071 ], [ 33.79535009600005, 35.304291350000028 ], [ 33.79146650000007, 35.319258499000057 ], [ 33.794537500000047, 35.317527999000049 ], [ 33.802370549000045, 35.30293191800007 ], [ 33.818467, 35.307828999000037 ], [ 33.81521940600004, 35.296796105000055 ], [ 33.807891985000026, 35.286752902000046 ], [ 33.814807980000069, 35.271805283000049 ], [ 33.816510500000049, 35.258583499000054 ], [ 33.80692577800005, 35.249611815000037 ], [ 33.769623, 35.254158999000026 ] ] ] ] } },
{ "type": "Feature", "properties": { "GISCO_ID": "CY_3221", "CNTR_CODE": "CY", "LAU_ID": "3221", "LAU_NAME": "Λευκόνοικο", "cell_coverage": [ [ 0.0007, 0.4466, 0.3581 ], [ 0.1171, 0.9668, 0.3881 ], [ 0.1396, 0.6487, 0.0273 ], [ 0, 0.0005, 0 ] ], "xmin": 33.666666666666664, "xmax": 33.791666666666664, "ymin": 35.166666666666657, "ymax": 35.333333333333321 }, "geometry": { "type": "MultiPolygon", "coordinates": [ [ [ [ 33.778511500000036, 35.307925499000078 ], [ 33.765074251000044, 35.285460673000046 ], [ 33.766611862000047, 35.259237171000052 ], [ 33.769623, 35.254158999000026 ], [ 33.763148815000079, 35.251913930000057 ], [ 33.761410500000068, 35.247580999000036 ], [ 33.750249576000044, 35.244380945000046 ], [ 33.734060531000068, 35.227172771000028 ], [ 33.730679, 35.217869999000072 ], [ 33.724467594000032, 35.21754913500007 ], [ 33.722796, 35.20727849900004 ], [ 33.712219852000032, 35.214215868000053 ], [ 33.703061071000036, 35.229107732000045 ], [ 33.692659500000048, 35.227491499000052 ], [ 33.695525390000057, 35.229548571000066 ], [ 33.696869364000065, 35.238989774000061 ], [ 33.700915377000058, 35.242155474000072 ], [ 33.69715, 35.266950499000075 ], [ 33.711338, 35.275035079000077 ], [ 33.713632173000065, 35.286467963000064 ], [ 33.708387820000041, 35.289287245000025 ], [ 33.708077, 35.300954999000055 ], [ 33.720198476000064, 35.302860392000071 ], [ 33.721323319000078, 35.307972844000062 ], [ 33.72699564800007, 35.309772826000028 ], [ 33.73317, 35.317982499000038 ], [ 33.748266861000047, 35.313621458000057 ], [ 33.759680723000031, 35.321020144000045 ], [ 33.763575533000051, 35.316545546000043 ], [ 33.775392606000025, 35.314299425000058 ], [ 33.778511500000036, 35.307925499000078 ] ] ] ] } },
{ "type": "Feature", "properties": { "GISCO_ID": "CY_6020", "CNTR_CODE": "CY", "LAU_ID": "6020", "LAU_NAME": "Χλώρακας", "cell_coverage": [ [ 0.2024, 0.0084 ], [ 0.0651, 0.0113 ] ], "xmin": 32.375, "xmax": 32.458333333333336, "ymin": 34.75, "ymax": 34.833333333333321 }, "geometry": { "type": "MultiPolygon", "coordinates": [ [ [ [ 32.423534, 34.789093499000046 ], [ 32.400986500000045, 34.784649999000067 ], [ 32.393697665000047, 34.791216101000032 ], [ 32.39342, 34.812493999000026 ], [ 32.410909500000059, 34.804972999000029 ], [ 32.423534, 34.789093499000046 ] ] ] ] } },
{ "type": "Feature", "properties": { "GISCO_ID": "CY_6021", "CNTR_CODE": "CY", "LAU_ID": "6021", "LAU_NAME": "Λέμπα", "cell_coverage": [ [ 0.0739 ] ], "xmin": 32.375, "xmax": 32.416666666666664, "ymin": 34.791666666666657, "ymax": 34.833333333333321 }, "geometry": { "type": "MultiPolygon", "coordinates": [ [ [ [ 32.410909500000059, 34.804972999000029 ], [ 32.39342, 34.812493999000026 ], [ 32.392871, 34.817168999000046 ], [ 32.399718934000077, 34.813430374000063 ], [ 32.414426, 34.819493499000032 ], [ 32.410895565000033, 34.813244635000046 ], [ 32.410909500000059, 34.804972999000029 ] ] ] ] } },
{ "type": "Feature", "properties": { "GISCO_ID": "CY_1130", "CNTR_CODE": "CY", "LAU_ID": "1130", "LAU_NAME": "Μόρα", "cell_coverage": [ [ 0.361, 0.3887 ], [ 0.3151, 0.1193 ] ], "xmin": 33.5, "xmax": 33.583333333333336, "ymin": 35.125, "ymax": 35.208333333333321 }, "geometry": { "type": "MultiPolygon", "coordinates": [ [ [ [ 33.538879, 35.147077499000034 ], [ 33.530009728000039, 35.146914690000074 ], [ 33.529227610000078, 35.15133428300004 ], [ 33.525486216000047, 35.153318193000075 ], [ 33.501277500000072, 35.157897499000057 ], [ 33.504536538000025, 35.16647567800004 ], [ 33.512167749000071, 35.173105265000061 ], [ 33.511385210000071, 35.177774076000048 ], [ 33.51574357100003, 35.17971089200006 ], [ 33.515588, 35.184648999000046 ], [ 33.529038026000023, 35.186594531000026 ], [ 33.531727817000046, 35.191229928000041 ], [ 33.560929500000043, 35.191572499000074 ], [ 33.57061, 35.187257999000053 ], [ 33.568330677000063, 35.166265471000031 ], [ 33.554163921000054, 35.161145274000035 ], [ 33.550147492000065, 35.154129219000026 ], [ 33.538879, 35.147077499000034 ] ] ] ] } },
{ "type": "Feature", "properties": { "GISCO_ID": "CY_1131", "CNTR_CODE": "CY", "LAU_ID": "1131", "LAU_NAME": "Μια Μηλιά", "cell_coverage": [ [ 0.3255, 0.4233 ], [ 0.0413, 0.1728 ] ], "xmin": 33.375, "xmax": 33.458333333333336, "ymin": 35.16666666666665, "ymax": 35.25 }, "geometry": { "type": "MultiPolygon", "coordinates": [ [ [ [ 33.427816500000063, 35.248211499000035 ], [ 33.433768629000042, 35.240854657000057 ], [ 33.433618031000037, 35.229945220000047 ], [ 33.440502747000039, 35.220788674000062 ], [ 33.436977735000028, 35.213953127000025 ], [ 33.447546524000074, 35.201154106000047 ], [ 33.442088, 35.19704499900007 ], [ 33.429869581000048, 35.197716803000048 ], [ 33.425704667000048, 35.195393988000035 ], [ 33.417596813000046, 35.201164142000039 ], [ 33.397947500000043, 35.207537499000068 ], [ 33.401670075000027, 35.224828727000045 ], [ 33.398086504000048, 35.23408360500008 ], [ 33.403860500000064, 35.241431499000043 ], [ 33.408253, 35.242053999000063 ], [ 33.427816500000063, 35.248211499000035 ] ] ] ] } },
{ "type": "Feature", "properties": { "GISCO_ID": "CY_1132", "CNTR_CODE": "CY", "LAU_ID": "1132", "LAU_NAME": "Μάνδρες Λευκωσίας", "cell_coverage": [ [ 0.0357, 0.5397, 0.441 ], [ 0, 0.0083, 0.001 ] ], "xmin": 33.291666666666664, "xmax": 33.416666666666664, "ymin": 35.16666666666665, "ymax": 35.25 }, "geometry": { "type": "MultiPolygon", "coordinates": [ [ [ [ 33.397947500000043, 35.207537499000068 ], [ 33.38485128700006, 35.211773285000049 ], [ 33.377730305000057, 35.210154242000044 ], [ 33.373664917000042, 35.205533223000032 ], [ 33.36993545100006, 35.207851419000065 ], [ 33.366164, 35.206174499000042 ], [ 33.364045807000025, 35.213577569000051 ], [ 33.36622107900007, 35.219226457000048 ], [ 33.359518650000041, 35.218387903000064 ], [ 33.356573006000076, 35.210833620000074 ], [ 33.351757847000044, 35.215589528000066 ], [ 33.35222030400007, 35.223797683000043 ], [ 33.343830261000051, 35.225648595000052 ], [ 33.337892, 35.222939999000062 ], [ 33.333347727000046, 35.223555214000044 ], [ 33.326486, 35.234645999000065 ], [ 33.32989073400006, 35.239262712000027 ], [ 33.359265, 35.240760999000031 ], [ 33.387552, 35.239988999000047 ], [ 33.403860500000064, 35.241431499000043 ], [ 33.398086504000048, 35.23408360500008 ], [ 33.401670075000027, 35.224828727000045 ], [ 33.397947500000043, 35.207537499000068 ] ] ] ] } },
{ "type": "Feature", "properties": { "GISCO_ID": "CY_1133", "CNTR_CODE": "CY", "LAU_ID": "1133", "LAU_NAME": "Παλαίκυθρο", "cell_coverage": [ [ 0.0917, 0.009 ], [ 0.6794, 0.2584 ], [ 0.0896, 0.0148 ] ], "xmin": 33.458333333333329, "xmax": 33.541666666666664, "ymin": 35.125, "ymax": 35.25 }, "geometry": { "type": "MultiPolygon", "coordinates": [ [ [ [ 33.510642500000074, 35.197103499000036 ], [ 33.513006388000065, 35.191190032000065 ], [ 33.510509570000067, 35.185880925000049 ], [ 33.515588, 35.184648999000046 ], [ 33.51574357100003, 35.17971089200006 ], [ 33.511385210000071, 35.177774076000048 ], [ 33.512167749000071, 35.173105265000061 ], [ 33.504536538000025, 35.16647567800004 ], [ 33.501277500000072, 35.157897499000057 ], [ 33.472409, 35.164448499000059 ], [ 33.463132312000027, 35.167301571000053 ], [ 33.47396894600007, 35.186014941000053 ], [ 33.473753040000076, 35.189265209000041 ], [ 33.469059, 35.190011499000036 ], [ 33.469020921000038, 35.198266421000028 ], [ 33.478530004000049, 35.200389808000068 ], [ 33.480161500000065, 35.205385999000043 ], [ 33.485144952000041, 35.206922511000073 ], [ 33.485608109000054, 35.21858220200005 ], [ 33.489679500000079, 35.220970499000032 ], [ 33.491769500000032, 35.220465499000056 ], [ 33.501095895000049, 35.216262115000063 ], [ 33.502866410000024, 35.207821051000053 ], [ 33.507757849000029, 35.204474312000059 ], [ 33.510642500000074, 35.197103499000036 ] ] ] ] } },
{ "type": "Feature", "properties": { "GISCO_ID": "CY_1134", "CNTR_CODE": "CY", "LAU_ID": "1134", "LAU_NAME": "'Εξω Μετόχι", "cell_coverage": [ [ 0.2184, 0.068 ], [ 0.2425, 0.1773 ] ], "xmin": 33.5, "xmax": 33.583333333333336, "ymin": 35.16666666666665, "ymax": 35.25 }, "geometry": { "type": "MultiPolygon", "coordinates": [ [ [ [ 33.558781, 35.209081999000034 ], [ 33.560929500000043, 35.191572499000074 ], [ 33.531727817000046, 35.191229928000041 ], [ 33.529038026000023, 35.186594531000026 ], [ 33.515588, 35.184648999000046 ], [ 33.510509570000067, 35.185880925000049 ], [ 33.513006388000065, 35.191190032000065 ], [ 33.510642500000074, 35.197103499000036 ], [ 33.513849, 35.196251499000027 ], [ 33.524680240000066, 35.192585634000068 ], [ 33.531101781000075, 35.19498322000004 ], [ 33.519659445000059, 35.208737527000039 ], [ 33.519335520000027, 35.219050503000062 ], [ 33.523689087000037, 35.222544062000054 ], [ 33.52434398500003, 35.228827661000025 ], [ 33.541819500000031, 35.224222499000064 ], [ 33.547705890000032, 35.219276536000052 ], [ 33.550018244000057, 35.212061745000028 ], [ 33.558781, 35.209081999000034 ] ] ] ] } },
{ "type": "Feature", "properties": { "GISCO_ID": "CY_1135", "CNTR_CODE": "CY", "LAU_ID": "1135", "LAU_NAME": "Επιχό", "cell_coverage": [ [ 0.1245, 0 ], [ 0.5148, 0.0097 ], [ 0.0719, 0 ] ], "xmin": 33.5, "xmax": 33.583333333333336, "ymin": 35.166666666666657, "ymax": 35.291666666666657 }, "geometry": { "type": "MultiPolygon", "coordinates": [ [ [ [ 33.536475500000051, 35.243480999000042 ], [ 33.533999774000051, 35.241198103000045 ], [ 33.535032763000061, 35.237390279000067 ], [ 33.538736136000068, 35.236011469000061 ], [ 33.540592359000073, 35.231042627000079 ], [ 33.546825, 35.228554999000039 ], [ 33.541819500000031, 35.224222499000064 ], [ 33.52434398500003, 35.228827661000025 ], [ 33.523689087000037, 35.222544062000054 ], [ 33.519335520000027, 35.219050503000062 ], [ 33.519659445000059, 35.208737527000039 ], [ 33.531101781000075, 35.19498322000004 ], [ 33.524680240000066, 35.192585634000068 ], [ 33.513849, 35.196251499000027 ], [ 33.520497935000037, 35.202303854000036 ], [ 33.50411525800007, 35.222153337000066 ], [ 33.506186878000051, 35.22648990600004 ], [ 33.503932500000076, 35.232999999000072 ], [ 33.504996834000053, 35.237138926000057 ], [ 33.514946351000049, 35.245058910000068 ], [ 33.51137650000004, 35.259726999000065 ], [ 33.515968380000061, 35.263436582000054 ], [ 33.526472500000068, 35.26221349900004 ], [ 33.536475500000051, 35.243480999000042 ] ] ] ] } },
{ "type": "Feature", "properties": { "GISCO_ID": "CY_1136", "CNTR_CODE": "CY", "LAU_ID": "1136", "LAU_NAME": "Βώνη", "cell_coverage": [ [ 0.0877, 0.1049 ], [ 0, 0.0663 ] ], "xmin": 33.458333333333329, "xmax": 33.541666666666664, "ymin": 35.16666666666665, "ymax": 35.25 }, "geometry": { "type": "MultiPolygon", "coordinates": [ [ [ [ 33.503932500000076, 35.232999999000072 ], [ 33.506186878000051, 35.22648990600004 ], [ 33.50411525800007, 35.222153337000066 ], [ 33.520497935000037, 35.202303854000036 ], [ 33.513849, 35.196251499000027 ], [ 33.510642500000074, 35.197103499000036 ], [ 33.507757849000029, 35.204474312000059 ], [ 33.502866410000024, 35.207821051000053 ], [ 33.501095895000049, 35.216262115000063 ], [ 33.491769500000032, 35.220465499000056 ], [ 33.489031500000067, 35.235242999000036 ], [ 33.497551500000043, 35.23440449900005 ], [ 33.501708375000078, 35.23549633500005 ], [ 33.503932500000076, 35.232999999000072 ] ] ] ] } },
{ "type": "Feature", "properties": { "GISCO_ID": "CY_1137", "CNTR_CODE": "CY", "LAU_ID": "1137", "LAU_NAME": "Τραχώνι Λευκωσίας", "cell_coverage": [ [ 0.1333 ], [ 0.0258 ] ], "xmin": 33.458333333333329, "xmax": 33.5, "ymin": 35.16666666666665, "ymax": 35.25 }, "geometry": { "type": "MultiPolygon", "coordinates": [ [ [ [ 33.489679500000079, 35.220970499000032 ], [ 33.485608109000054, 35.21858220200005 ], [ 33.485144952000041, 35.206922511000073 ], [ 33.480161500000065, 35.205385999000043 ], [ 33.472508805000075, 35.204062622000038 ], [ 33.467781675000026, 35.210891848000074 ], [ 33.476309413000024, 35.215704096000024 ], [ 33.475746702000038, 35.226414393000027 ], [ 33.480933869000069, 35.231805696000038 ], [ 33.48455424000008, 35.223098707000077 ], [ 33.489679500000079, 35.220970499000032 ] ] ] ] } },
{ "type": "Feature", "properties": { "GISCO_ID": "CY_1203", "CNTR_CODE": "CY", "LAU_ID": "1203", "LAU_NAME": "Λαζανιάς", "cell_coverage": [ [ 0, 0.217, 0.0258, 0 ], [ 0.0119, 0.8727, 0.6737, 0.05 ], [ 0, 0.0912, 0.2177, 0.1623 ] ], "xmin": 33.125, "xmax": 33.291666666666664, "ymin": 34.875, "ymax": 34.999999999999986 }, "geometry": { "type": "MultiPolygon", "coordinates": [ [ [ [ 33.17099, 34.952735499000028 ], [ 33.176302941000074, 34.95459194700004 ], [ 33.186277223000047, 34.970920604000071 ], [ 33.196242500000039, 34.979449499000054 ], [ 33.200871850000055, 34.975664143000074 ], [ 33.202551940000035, 34.967059610000035 ], [ 33.214867500000025, 34.966361499000072 ], [ 33.21254272300007, 34.957889186000045 ], [ 33.229252514000052, 34.956081547000053 ], [ 33.234931286000062, 34.950753335000059 ], [ 33.224852837000071, 34.942162311000061 ], [ 33.228538342000036, 34.93553113400003 ], [ 33.239111489000038, 34.934070987000041 ], [ 33.248036693000074, 34.939787619000072 ], [ 33.248887500000023, 34.945853499000066 ], [ 33.251732356000048, 34.941495882000027 ], [ 33.259025053000073, 34.939538050000067 ], [ 33.261161483000024, 34.932252130000052 ], [ 33.245333628000026, 34.934469327000045 ], [ 33.240621404000024, 34.923043146000055 ], [ 33.264007487000072, 34.913842124000041 ], [ 33.262566500000048, 34.895367499000031 ], [ 33.260389571000076, 34.892702915000029 ], [ 33.250858500000049, 34.894682499000055 ], [ 33.251606092000031, 34.904258144000039 ], [ 33.247506699000041, 34.906914619000077 ], [ 33.238575056000059, 34.905523602000073 ], [ 33.237073746000078, 34.912129610000079 ], [ 33.20940150000007, 34.904333999000073 ], [ 33.20010671700004, 34.905192912000075 ], [ 33.196127625000031, 34.913717422000047 ], [ 33.18505250000004, 34.914155999000059 ], [ 33.180331420000073, 34.922180187000038 ], [ 33.172949189000065, 34.923217674000057 ], [ 33.161596194000026, 34.936470259000032 ], [ 33.169909886000028, 34.940099865000036 ], [ 33.17099, 34.952735499000028 ] ] ] ] } },
{ "type": "Feature", "properties": { "GISCO_ID": "CY_1205", "CNTR_CODE": "CY", "LAU_ID": "1205", "LAU_NAME": "Φικάρδου", "cell_coverage": [ [ 0.3319 ], [ 0.0192 ] ], "xmin": 33.166666666666664, "xmax": 33.208333333333329, "ymin": 34.91666666666665, "ymax": 34.999999999999986 }, "geometry": { "type": "MultiPolygon", "coordinates": [ [ [ [ 33.17099, 34.952735499000028 ], [ 33.167366003000041, 34.965971186000047 ], [ 33.170534408000037, 34.968513390000055 ], [ 33.168543523000039, 34.972119416000055 ], [ 33.171123, 34.979061999000066 ], [ 33.181634777000056, 34.983831775000056 ], [ 33.19480851000003, 34.996298913000032 ], [ 33.202483500000028, 34.99418349900003 ], [ 33.196361783000043, 34.984477237000078 ], [ 33.196242500000039, 34.979449499000054 ], [ 33.186277223000047, 34.970920604000071 ], [ 33.176302941000074, 34.95459194700004 ], [ 33.17099, 34.952735499000028 ] ] ] ] } },
{ "type": "Feature", "properties": { "GISCO_ID": "CY_1206", "CNTR_CODE": "CY", "LAU_ID": "1206", "LAU_NAME": "Άγιος Επιφάνιος Ορεινής", "cell_coverage": [ [ 0.0142, 0.3253, 0.1483 ], [ 0, 0.3284, 0.1555 ] ], "xmin": 33.041666666666664, "xmax": 33.166666666666664, "ymin": 34.958333333333321, "ymax": 35.041666666666657 }, "geometry": { "type": "MultiPolygon", "coordinates": [ [ [ [ 33.139547, 34.991479999000035 ], [ 33.132558, 34.980490499000041 ], [ 33.129621822000047, 34.982518660000039 ], [ 33.114146, 34.979285999000069 ], [ 33.106065981000029, 34.985706132000075 ], [ 33.100197610000066, 34.983409628000061 ], [ 33.09879384900006, 34.977929087000064 ], [ 33.094719500000053, 34.977783499000054 ], [ 33.095213546000025, 34.997086078000052 ], [ 33.082688, 35.000790499000061 ], [ 33.080063200000041, 35.00779190600008 ], [ 33.083745, 35.015269499000055 ], [ 33.086429, 35.022004499000047 ], [ 33.088088546000051, 35.016468538000026 ], [ 33.099262490000058, 35.016364749000047 ], [ 33.104564434000054, 35.010179551000078 ], [ 33.110594616000071, 35.012021812000057 ], [ 33.121606149000058, 35.009976896000069 ], [ 33.138533500000051, 35.01484799900004 ], [ 33.146311770000068, 35.007015641000066 ], [ 33.145452821000049, 34.996930511000073 ], [ 33.139547, 34.991479999000035 ] ] ] ] } },
{ "type": "Feature", "properties": { "GISCO_ID": "CY_1207", "CNTR_CODE": "CY", "LAU_ID": "1207", "LAU_NAME": "Καλό Χωριό Ορεινής", "cell_coverage": [ [ 0.2984, 0.0039 ], [ 0.1778, 0.0008 ] ], "xmin": 33.125, "xmax": 33.208333333333336, "ymin": 34.958333333333321, "ymax": 35.041666666666657 }, "geometry": { "type": "MultiPolygon", "coordinates": [ [ [ [ 33.16748750000005, 34.982092999000031 ], [ 33.162968903000035, 34.980969927000046 ], [ 33.154109322000068, 34.988085649000027 ], [ 33.139547, 34.991479999000035 ], [ 33.145452821000049, 34.996930511000073 ], [ 33.146311770000068, 35.007015641000066 ], [ 33.138533500000051, 35.01484799900004 ], [ 33.143684500000063, 35.021472499000026 ], [ 33.149465113000076, 35.021470123000029 ], [ 33.152656, 35.024797548000038 ], [ 33.162779207000028, 35.02333038200004 ], [ 33.167909264000059, 35.006453819000058 ], [ 33.165120050000041, 34.991236387000072 ], [ 33.16748750000005, 34.982092999000031 ] ] ] ] } },
{ "type": "Feature", "properties": { "GISCO_ID": "CY_1208", "CNTR_CODE": "CY", "LAU_ID": "1208", "LAU_NAME": "Μαλούντα", "cell_coverage": [ [ 0.0428, 0.1833 ], [ 0.0046, 0.1384 ] ], "xmin": 33.125, "xmax": 33.208333333333336, "ymin": 34.999999999999986, "ymax": 35.083333333333321 }, "geometry": { "type": "MultiPolygon", "coordinates": [ [ [ [ 33.183898, 35.054042999000046 ], [ 33.197197, 35.025656499000036 ], [ 33.181642762000024, 35.029362086000049 ], [ 33.172036768000055, 35.040099473000055 ], [ 33.163351500000033, 35.037092499000039 ], [ 33.167176988000051, 35.044796606000034 ], [ 33.159471327000063, 35.057463821000056 ], [ 33.163199, 35.063740499000062 ], [ 33.183898, 35.054042999000046 ] ] ] ] } },
{ "type": "Feature", "properties": { "GISCO_ID": "CY_1209", "CNTR_CODE": "CY", "LAU_ID": "1209", "LAU_NAME": "Κλήρου", "cell_coverage": [ [ 0.1112, 0.6988, 0.0056 ], [ 0.0064, 0.2538, 0 ] ], "xmin": 33.125, "xmax": 33.25, "ymin": 34.958333333333321, "ymax": 35.041666666666657 }, "geometry": { "type": "MultiPolygon", "coordinates": [ [ [ [ 33.144447, 35.029462499000033 ], [ 33.156495008000036, 35.028187388000049 ], [ 33.162374908000061, 35.031490013000052 ], [ 33.163351500000033, 35.037092499000039 ], [ 33.172036768000055, 35.040099473000055 ], [ 33.181642762000024, 35.029362086000049 ], [ 33.197197, 35.025656499000036 ], [ 33.206469500000026, 35.02522699900004 ], [ 33.210560500000042, 35.024341499000059 ], [ 33.202483500000028, 34.99418349900003 ], [ 33.19480851000003, 34.996298913000032 ], [ 33.181634777000056, 34.983831775000056 ], [ 33.171123, 34.979061999000066 ], [ 33.171325508000052, 34.984608838000042 ], [ 33.16748750000005, 34.982092999000031 ], [ 33.165120050000041, 34.991236387000072 ], [ 33.167909264000059, 35.006453819000058 ], [ 33.162779207000028, 35.02333038200004 ], [ 33.152656, 35.024797548000038 ], [ 33.149465113000076, 35.021470123000029 ], [ 33.143684500000063, 35.021472499000026 ], [ 33.144447, 35.029462499000033 ] ] ] ] } },
{ "type": "Feature", "properties": { "GISCO_ID": "CY_1210", "CNTR_CODE": "CY", "LAU_ID": "1210", "LAU_NAME": "Αρεδιού", "cell_coverage": [ [ 0.3495, 0.1984 ], [ 0.1378, 0.0255 ] ], "xmin": 33.166666666666664, "xmax": 33.25, "ymin": 34.999999999999986, "ymax": 35.083333333333321 }, "geometry": { "type": "MultiPolygon", "coordinates": [ [ [ [ 33.204824, 35.081933499000058 ], [ 33.220648030000063, 35.061819462000074 ], [ 33.221859500000051, 35.047040499000047 ], [ 33.210956746000079, 35.036936969000067 ], [ 33.210356765000029, 35.029321136000078 ], [ 33.206469500000026, 35.02522699900004 ], [ 33.197197, 35.025656499000036 ], [ 33.183898, 35.054042999000046 ], [ 33.195321395000065, 35.061207098000068 ], [ 33.196285436000039, 35.07074923700003 ], [ 33.203905, 35.082455499000048 ], [ 33.204824, 35.081933499000058 ] ] ] ] } },
{ "type": "Feature", "properties": { "GISCO_ID": "CY_1000", "CNTR_CODE": "CY", "LAU_ID": "1000", "LAU_NAME": "Λευκωσία", "cell_coverage": [ [ 0, 0.0222, 0, 0 ], [ 0.5789, 0.9577, 0.6984, 0.1615 ], [ 0.1731, 0.0815, 0.1296, 0.0756 ] ], "xmin": 33.333333333333329, "xmax": 33.5, "ymin": 35.125, "ymax": 35.25 }, "geometry": { "type": "MultiPolygon", "coordinates": [ [ [ [ 33.366164, 35.206174499000042 ], [ 33.36993545100006, 35.207851419000065 ], [ 33.373664917000042, 35.205533223000032 ], [ 33.377730305000057, 35.210154242000044 ], [ 33.38485128700006, 35.211773285000049 ], [ 33.397947500000043, 35.207537499000068 ], [ 33.417596813000046, 35.201164142000039 ], [ 33.425704667000048, 35.195393988000035 ], [ 33.429869581000048, 35.197716803000048 ], [ 33.442088, 35.19704499900007 ], [ 33.445977858000049, 35.194181917000037 ], [ 33.458590568000034, 35.194614097000056 ], [ 33.469059, 35.190011499000036 ], [ 33.473753040000076, 35.189265209000041 ], [ 33.47396894600007, 35.186014941000053 ], [ 33.463132312000027, 35.167301571000053 ], [ 33.472409, 35.164448499000059 ], [ 33.472207, 35.155617499000073 ], [ 33.458590568000034, 35.157808511000042 ], [ 33.452413872000079, 35.15503951900007 ], [ 33.448297040000057, 35.15986195000005 ], [ 33.431922625000027, 35.159651667000048 ], [ 33.426702803000069, 35.169644420000054 ], [ 33.422155676000045, 35.171176198000069 ], [ 33.413030095000067, 35.163187415000039 ], [ 33.383415074000027, 35.163775379000072 ], [ 33.373725148000062, 35.159392920000073 ], [ 33.373579, 35.156964499000026 ], [ 33.347101793000036, 35.153278533000048 ], [ 33.349629500000049, 35.165465499000049 ], [ 33.34168950000003, 35.167332999000052 ], [ 33.340909525000029, 35.175296309000032 ], [ 33.337796497000056, 35.178753626000059 ], [ 33.343244, 35.184696999000039 ], [ 33.349335032000056, 35.184094368000046 ], [ 33.351851500000066, 35.191041999000049 ], [ 33.358710238000072, 35.194563945000027 ], [ 33.362258508000025, 35.203946234000057 ], [ 33.366164, 35.206174499000042 ] ] ] ] } },
{ "type": "Feature", "properties": { "GISCO_ID": "CY_1010", "CNTR_CODE": "CY", "LAU_ID": "1010", "LAU_NAME": "Άγιος Δομέτιος", "cell_coverage": [ [ 0, 0.5804, 0.0905 ], [ 0.0002, 0.0241, 0 ] ], "xmin": 33.25, "xmax": 33.375, "ymin": 35.125, "ymax": 35.208333333333321 }, "geometry": { "type": "MultiPolygon", "coordinates": [ [ [ [ 33.318082, 35.197502999000051 ], [ 33.327499368000076, 35.195016068000029 ], [ 33.343244, 35.184696999000039 ], [ 33.337796497000056, 35.178753626000059 ], [ 33.340909525000029, 35.175296309000032 ], [ 33.34168950000003, 35.167332999000052 ], [ 33.320246207000025, 35.168570935000048 ], [ 33.290163, 35.159810499000059 ], [ 33.302040371000032, 35.167048359000034 ], [ 33.30351597300006, 35.174960077000037 ], [ 33.296181273000059, 35.180987404000064 ], [ 33.30265588900005, 35.189584608000075 ], [ 33.295899500000075, 35.195861999000044 ], [ 33.298298230000057, 35.199549139000055 ], [ 33.305582665000031, 35.201636280000059 ], [ 33.318082, 35.197502999000051 ] ] ] ] } },
{ "type": "Feature", "properties": { "GISCO_ID": "CY_1011", "CNTR_CODE": "CY", "LAU_ID": "1011", "LAU_NAME": "Έγκωμη Λευκωσίας", "cell_coverage": [ [ 0, 0.0151, 0.0049 ], [ 0.0279, 0.4122, 0.0624 ] ], "xmin": 33.25, "xmax": 33.375, "ymin": 35.125, "ymax": 35.208333333333321 }, "geometry": { "type": "MultiPolygon", "coordinates": [ [ [ [ 33.349629500000049, 35.165465499000049 ], [ 33.340439260000039, 35.158113805000028 ], [ 33.321843957000056, 35.153826553000044 ], [ 33.310635, 35.136627999000041 ], [ 33.303547947000027, 35.144550847000062 ], [ 33.287508, 35.152256499000032 ], [ 33.284834500000045, 35.153912499000057 ], [ 33.285388483000077, 35.158394058000056 ], [ 33.290163, 35.159810499000059 ], [ 33.320246207000025, 35.168570935000048 ], [ 33.34168950000003, 35.167332999000052 ], [ 33.349629500000049, 35.165465499000049 ] ] ] ] } },
{ "type": "Feature", "properties": { "GISCO_ID": "CY_1225", "CNTR_CODE": "CY", "LAU_ID": "1225", "LAU_NAME": "Τσέρι", "cell_coverage": [ [ 0.0949, 0.1424 ], [ 0.6526, 0.6331 ], [ 0.0273, 0.0083 ] ], "xmin": 33.291666666666664, "xmax": 33.375, "ymin": 34.999999999999986, "ymax": 35.125 }, "geometry": { "type": "MultiPolygon", "coordinates": [ [ [ [ 33.299231500000076, 35.051985999000067 ], [ 33.30386261600006, 35.057961283000054 ], [ 33.302140500000064, 35.06873949900006 ], [ 33.305696243000057, 35.071367459000044 ], [ 33.305106500000079, 35.073245999000051 ], [ 33.303036368000051, 35.078027603000066 ], [ 33.305995, 35.082263499000078 ], [ 33.313066436000042, 35.082553072000053 ], [ 33.325052626000058, 35.094349077000061 ], [ 33.332336812000051, 35.096936766000056 ], [ 33.352957, 35.093332499000041 ], [ 33.356083156000068, 35.084607037000069 ], [ 33.354756013000042, 35.079814458000044 ], [ 33.364757500000053, 35.069228999000075 ], [ 33.366973, 35.061888499000077 ], [ 33.360344500000053, 35.052728499000068 ], [ 33.350910035000027, 35.044125913000073 ], [ 33.339365, 35.040352999000049 ], [ 33.335895645000051, 35.040758246000053 ], [ 33.332177157000046, 35.034414946000027 ], [ 33.32598979100004, 35.036902133000069 ], [ 33.325011758000073, 35.044282774000067 ], [ 33.315695, 35.040644499000052 ], [ 33.311436598000057, 35.051357845000041 ], [ 33.299231500000076, 35.051985999000067 ] ] ] ] } },
{ "type": "Feature", "properties": { "GISCO_ID": "CY_1012", "CNTR_CODE": "CY", "LAU_ID": "1012", "LAU_NAME": "Στρόβολος", "cell_coverage": [ [ 0.2748, 0.7515, 0.014 ], [ 0.0513, 0.3533, 0.0162 ] ], "xmin": 33.291666666666664, "xmax": 33.416666666666664, "ymin": 35.083333333333321, "ymax": 35.166666666666657 }, "geometry": { "type": "MultiPolygon", "coordinates": [ [ [ [ 33.373579, 35.156964499000026 ], [ 33.374677563000034, 35.135402188000057 ], [ 33.38124, 35.122549999000057 ], [ 33.374620262000064, 35.117653038000071 ], [ 33.36709361000004, 35.116901554000037 ], [ 33.356523500000037, 35.104982999000072 ], [ 33.350207677000071, 35.104605872000036 ], [ 33.33915729000006, 35.111039904000052 ], [ 33.332085543000062, 35.108868427000061 ], [ 33.327812143000074, 35.11871433500005 ], [ 33.322466614000064, 35.123393293000049 ], [ 33.321186629000067, 35.131002972000033 ], [ 33.310635, 35.136627999000041 ], [ 33.321843957000056, 35.153826553000044 ], [ 33.340439260000039, 35.158113805000028 ], [ 33.349629500000049, 35.165465499000049 ], [ 33.347101793000036, 35.153278533000048 ], [ 33.373579, 35.156964499000026 ] ] ] ] } },
{ "type": "Feature", "properties": { "GISCO_ID": "CY_1013", "CNTR_CODE": "CY", "LAU_ID": "1013", "LAU_NAME": "Αγλαντζιά ή Αγλαγγιά", "cell_coverage": [ [ 0, 0, 0.0178, 0 ], [ 0.013, 0.9014, 0.7012, 0.1474 ], [ 0, 0.0274, 0, 0 ] ], "xmin": 33.333333333333329, "xmax": 33.5, "ymin": 35.083333333333321, "ymax": 35.208333333333321 }, "geometry": { "type": "MultiPolygon", "coordinates": [ [ [ [ 33.38124, 35.122549999000057 ], [ 33.374677563000034, 35.135402188000057 ], [ 33.373579, 35.156964499000026 ], [ 33.373725148000062, 35.159392920000073 ], [ 33.383415074000027, 35.163775379000072 ], [ 33.413030095000067, 35.163187415000039 ], [ 33.422155676000045, 35.171176198000069 ], [ 33.426702803000069, 35.169644420000054 ], [ 33.431922625000027, 35.159651667000048 ], [ 33.448297040000057, 35.15986195000005 ], [ 33.452413872000079, 35.15503951900007 ], [ 33.458590568000034, 35.157808511000042 ], [ 33.472207, 35.155617499000073 ], [ 33.471848548000025, 35.146208862000037 ], [ 33.465128500000048, 35.134958499000049 ], [ 33.444712632000062, 35.137317526000061 ], [ 33.424417417000029, 35.12560499600005 ], [ 33.412640446000069, 35.125961491000055 ], [ 33.398339470000053, 35.122052607000057 ], [ 33.391016, 35.124143999000069 ], [ 33.38124, 35.122549999000057 ] ] ] ] } },
{ "type": "Feature", "properties": { "GISCO_ID": "CY_1014", "CNTR_CODE": "CY", "LAU_ID": "1014", "LAU_NAME": "Ορτάκιοϊ (Μιντζέλι)", "cell_coverage": [ [ 0.1616, 0.04 ], [ 0.0763, 0.1647 ] ], "xmin": 33.291666666666664, "xmax": 33.375, "ymin": 35.16666666666665, "ymax": 35.25 }, "geometry": { "type": "MultiPolygon", "coordinates": [ [ [ [ 33.351851500000066, 35.191041999000049 ], [ 33.349335032000056, 35.184094368000046 ], [ 33.343244, 35.184696999000039 ], [ 33.327499368000076, 35.195016068000029 ], [ 33.318082, 35.197502999000051 ], [ 33.325010741000028, 35.199959944000057 ], [ 33.326418166000053, 35.203254101000027 ], [ 33.321210892000067, 35.214510080000025 ], [ 33.321860420000064, 35.224615588000063 ], [ 33.318502807000073, 35.230135698000026 ], [ 33.321649, 35.234841999000025 ], [ 33.326486, 35.234645999000065 ], [ 33.333347727000046, 35.223555214000044 ], [ 33.337892, 35.222939999000062 ], [ 33.339821568000048, 35.215910402000077 ], [ 33.335235830000045, 35.212799659000041 ], [ 33.351851500000066, 35.191041999000049 ] ] ] ] } },
{ "type": "Feature", "properties": { "GISCO_ID": "CY_1015", "CNTR_CODE": "CY", "LAU_ID": "1015", "LAU_NAME": "Τράχωνας", "cell_coverage": [ [ 0.1867 ], [ 0.1526 ] ], "xmin": 33.333333333333329, "xmax": 33.375, "ymin": 35.16666666666665, "ymax": 35.25 }, "geometry": { "type": "MultiPolygon", "coordinates": [ [ [ [ 33.366164, 35.206174499000042 ], [ 33.362258508000025, 35.203946234000057 ], [ 33.358710238000072, 35.194563945000027 ], [ 33.351851500000066, 35.191041999000049 ], [ 33.335235830000045, 35.212799659000041 ], [ 33.339821568000048, 35.215910402000077 ], [ 33.337892, 35.222939999000062 ], [ 33.343830261000051, 35.225648595000052 ], [ 33.35222030400007, 35.223797683000043 ], [ 33.351757847000044, 35.215589528000066 ], [ 33.356573006000076, 35.210833620000074 ], [ 33.359518650000041, 35.218387903000064 ], [ 33.36622107900007, 35.219226457000048 ], [ 33.364045807000025, 35.213577569000051 ], [ 33.366164, 35.206174499000042 ] ] ] ] } },
{ "type": "Feature", "properties": { "GISCO_ID": "CY_1227", "CNTR_CODE": "CY", "LAU_ID": "1227", "LAU_NAME": "Πέρα", "cell_coverage": [ [ 0.0001, 0.2357, 0.1192 ], [ 0.0677, 0.7223, 0.1278 ] ], "xmin": 33.208333333333329, "xmax": 33.333333333333329, "ymin": 34.999999999999986, "ymax": 35.083333333333321 }, "geometry": { "type": "MultiPolygon", "coordinates": [ [ [ [ 33.241744500000038, 35.01393949900006 ], [ 33.243618599000058, 35.019166132000066 ], [ 33.249099436000051, 35.021339474000058 ], [ 33.247751871000048, 35.028437138000072 ], [ 33.243529496000065, 35.032563954000068 ], [ 33.245711500000027, 35.036349999000038 ], [ 33.252248654000027, 35.045573656000045 ], [ 33.253424, 35.053680999000051 ], [ 33.254147500000045, 35.054349999000067 ], [ 33.261923359000036, 35.051052463000076 ], [ 33.268561420000026, 35.055981539000072 ], [ 33.288445446000026, 35.047502756000029 ], [ 33.299231500000076, 35.051985999000067 ], [ 33.311436598000057, 35.051357845000041 ], [ 33.315695, 35.040644499000052 ], [ 33.312535500000024, 35.032994999000039 ], [ 33.294757689000051, 35.031356436000067 ], [ 33.283774892000054, 35.017302857000061 ], [ 33.279424211000048, 35.015818497000055 ], [ 33.279611756000065, 35.01243147100007 ], [ 33.273872291000032, 35.009087050000062 ], [ 33.275568, 35.003939999000067 ], [ 33.274007500000039, 35.002773999000055 ], [ 33.26152660200006, 35.002267986000049 ], [ 33.263542870000038, 35.009432677000063 ], [ 33.258439251000027, 35.013727558000028 ], [ 33.252765655000076, 35.010988213000076 ], [ 33.241744500000038, 35.01393949900006 ] ] ] ] } },
{ "type": "Feature", "properties": { "GISCO_ID": "CY_1228", "CNTR_CODE": "CY", "LAU_ID": "1228", "LAU_NAME": "Επισκοπειό", "cell_coverage": [ [ 0, 0.0951, 0.0123 ], [ 0.0013, 0.1453, 0 ] ], "xmin": 33.166666666666664, "xmax": 33.291666666666664, "ymin": 34.999999999999986, "ymax": 35.083333333333321 }, "geometry": { "type": "MultiPolygon", "coordinates": [ [ [ [ 33.245711500000027, 35.036349999000038 ], [ 33.235922991000052, 35.040316401000041 ], [ 33.223434585000064, 35.03707057500003 ], [ 33.217109478000054, 35.024972796000043 ], [ 33.210560500000042, 35.024341499000059 ], [ 33.206469500000026, 35.02522699900004 ], [ 33.210356765000029, 35.029321136000078 ], [ 33.210956746000079, 35.036936969000067 ], [ 33.221859500000051, 35.047040499000047 ], [ 33.245193205000078, 35.04632620600006 ], [ 33.253424, 35.053680999000051 ], [ 33.252248654000027, 35.045573656000045 ], [ 33.245711500000027, 35.036349999000038 ] ] ] ] } },
{ "type": "Feature", "properties": { "GISCO_ID": "CY_1229", "CNTR_CODE": "CY", "LAU_ID": "1229", "LAU_NAME": "Ψιμολόφου", "cell_coverage": [ [ 0.3699, 0.1208 ] ], "xmin": 33.25, "xmax": 33.333333333333336, "ymin": 35.041666666666657, "ymax": 35.083333333333321 }, "geometry": { "type": "MultiPolygon", "coordinates": [ [ [ [ 33.256298, 35.070218499000077 ], [ 33.266663410000035, 35.072423271000048 ], [ 33.267667402000029, 35.067354632000047 ], [ 33.270609949000061, 35.066043497000067 ], [ 33.276478372000042, 35.068253739000056 ], [ 33.288900957000067, 35.066407144000038 ], [ 33.297394094000026, 35.072165685000073 ], [ 33.302140500000064, 35.06873949900006 ], [ 33.30386261600006, 35.057961283000054 ], [ 33.299231500000076, 35.051985999000067 ], [ 33.288445446000026, 35.047502756000029 ], [ 33.268561420000026, 35.055981539000072 ], [ 33.261923359000036, 35.051052463000076 ], [ 33.254147500000045, 35.054349999000067 ], [ 33.250245236000069, 35.058049169000071 ], [ 33.256298, 35.070218499000077 ] ] ] ] } },
{ "type": "Feature", "properties": { "GISCO_ID": "CY_1230", "CNTR_CODE": "CY", "LAU_ID": "1230", "LAU_NAME": "Εργάτες", "cell_coverage": [ [ 0.0004, 0.0553, 0 ], [ 0.0065, 0.5986, 0.0103 ] ], "xmin": 33.166666666666664, "xmax": 33.291666666666664, "ymin": 35.04166666666665, "ymax": 35.125 }, "geometry": { "type": "MultiPolygon", "coordinates": [ [ [ [ 33.254147500000045, 35.054349999000067 ], [ 33.253424, 35.053680999000051 ], [ 33.245193205000078, 35.04632620600006 ], [ 33.221859500000051, 35.047040499000047 ], [ 33.220648030000063, 35.061819462000074 ], [ 33.204824, 35.081933499000058 ], [ 33.211068182000076, 35.086114773000077 ], [ 33.227338, 35.089587499000061 ], [ 33.239456309000047, 35.075973163000072 ], [ 33.239432737000072, 35.070524571000078 ], [ 33.250286612000025, 35.065121385000054 ], [ 33.250245236000069, 35.058049169000071 ], [ 33.254147500000045, 35.054349999000067 ] ] ] ] } },
{ "type": "Feature", "properties": { "GISCO_ID": "CY_1231", "CNTR_CODE": "CY", "LAU_ID": "1231", "LAU_NAME": "Ανάγεια", "cell_coverage": [ [ 0.0681, 0 ], [ 0.1045, 0.0555 ] ], "xmin": 33.208333333333329, "xmax": 33.291666666666664, "ymin": 35.04166666666665, "ymax": 35.125 }, "geometry": { "type": "MultiPolygon", "coordinates": [ [ [ [ 33.250245236000069, 35.058049169000071 ], [ 33.250286612000025, 35.065121385000054 ], [ 33.239432737000072, 35.070524571000078 ], [ 33.239456309000047, 35.075973163000072 ], [ 33.227338, 35.089587499000061 ], [ 33.231508, 35.09275849900007 ], [ 33.247373393000032, 35.086744960000033 ], [ 33.248633015000053, 35.080246765000027 ], [ 33.258680781000066, 35.075792509000053 ], [ 33.256298, 35.070218499000077 ], [ 33.250245236000069, 35.058049169000071 ] ] ] ] } },
{ "type": "Feature", "properties": { "GISCO_ID": "CY_1232", "CNTR_CODE": "CY", "LAU_ID": "1232", "LAU_NAME": "Πάνω Δευτερά", "cell_coverage": [ [ 0.1902, 0.4782, 0.0005 ], [ 0.0032, 0.3091, 0.0503 ] ], "xmin": 33.208333333333329, "xmax": 33.333333333333329, "ymin": 35.04166666666665, "ymax": 35.125 }, "geometry": { "type": "MultiPolygon", "coordinates": [ [ [ [ 33.305106500000079, 35.073245999000051 ], [ 33.305696243000057, 35.071367459000044 ], [ 33.302140500000064, 35.06873949900006 ], [ 33.297394094000026, 35.072165685000073 ], [ 33.288900957000067, 35.066407144000038 ], [ 33.276478372000042, 35.068253739000056 ], [ 33.270609949000061, 35.066043497000067 ], [ 33.267667402000029, 35.067354632000047 ], [ 33.266663410000035, 35.072423271000048 ], [ 33.256298, 35.070218499000077 ], [ 33.258680781000066, 35.075792509000053 ], [ 33.248633015000053, 35.080246765000027 ], [ 33.247373393000032, 35.086744960000033 ], [ 33.231508, 35.09275849900007 ], [ 33.238524397000049, 35.099746082000024 ], [ 33.239423775000034, 35.107782091000047 ], [ 33.24870807700006, 35.118774305000045 ], [ 33.256100424000067, 35.121832029000075 ], [ 33.267079, 35.119633499000031 ], [ 33.275462898000058, 35.100660763000064 ], [ 33.272254092000026, 35.092653255000073 ], [ 33.274365972000055, 35.083544833000076 ], [ 33.281803793000051, 35.08166925900008 ], [ 33.293457959000079, 35.084007275000033 ], [ 33.295049974000051, 35.076570287000038 ], [ 33.305106500000079, 35.073245999000051 ] ] ] ] } },
{ "type": "Feature", "properties": { "GISCO_ID": "CY_1233", "CNTR_CODE": "CY", "LAU_ID": "1233", "LAU_NAME": "Κάτω Δευτερά", "cell_coverage": [ [ 0.2839, 0.0776 ], [ 0.0071, 0.0478 ] ], "xmin": 33.25, "xmax": 33.333333333333336, "ymin": 35.04166666666665, "ymax": 35.125 }, "geometry": { "type": "MultiPolygon", "coordinates": [ [ [ [ 33.277367500000025, 35.118014499000026 ], [ 33.281272761000025, 35.11415968600005 ], [ 33.282745288000058, 35.103302997000071 ], [ 33.286850500000071, 35.101029499000049 ], [ 33.289376, 35.101646499000026 ], [ 33.28916090000007, 35.098146644000053 ], [ 33.302247359000035, 35.092390908000027 ], [ 33.305995, 35.082263499000078 ], [ 33.303036368000051, 35.078027603000066 ], [ 33.305106500000079, 35.073245999000051 ], [ 33.295049974000051, 35.076570287000038 ], [ 33.293457959000079, 35.084007275000033 ], [ 33.281803793000051, 35.08166925900008 ], [ 33.274365972000055, 35.083544833000076 ], [ 33.272254092000026, 35.092653255000073 ], [ 33.275462898000058, 35.100660763000064 ], [ 33.267079, 35.119633499000031 ], [ 33.277367500000025, 35.118014499000026 ] ] ] ] } },
{ "type": "Feature", "properties": { "GISCO_ID": "CY_1022", "CNTR_CODE": "CY", "LAU_ID": "1022", "LAU_NAME": "Συνοικισμός Ανθούπολης", "cell_coverage": [ [ 0.0163, 0.0061 ] ], "xmin": 33.25, "xmax": 33.333333333333336, "ymin": 35.083333333333321, "ymax": 35.125 }, "geometry": { "type": "MultiPolygon", "coordinates": [ [ [ [ 33.286850500000071, 35.101029499000049 ], [ 33.28595937800003, 35.106509840000058 ], [ 33.293208163000031, 35.107602891000056 ], [ 33.294412660000035, 35.10562873300006 ], [ 33.293222994000075, 35.102715262000061 ], [ 33.289376, 35.101646499000026 ], [ 33.286850500000071, 35.101029499000049 ] ] ] ] } },
{ "type": "Feature", "properties": { "GISCO_ID": "CY_1023", "CNTR_CODE": "CY", "LAU_ID": "1023", "LAU_NAME": "Λατσιά ή Λακκιά", "cell_coverage": [ [ 0.3453, 0.3927 ], [ 0.1301, 0.0701 ] ], "xmin": 33.333333333333329, "xmax": 33.416666666666664, "ymin": 35.04166666666665, "ymax": 35.125 }, "geometry": { "type": "MultiPolygon", "coordinates": [ [ [ [ 33.356523500000037, 35.104982999000072 ], [ 33.36709361000004, 35.116901554000037 ], [ 33.374620262000064, 35.117653038000071 ], [ 33.38124, 35.122549999000057 ], [ 33.391016, 35.124143999000069 ], [ 33.388915319000034, 35.119668584000067 ], [ 33.393732829000044, 35.113012314000059 ], [ 33.391707660000066, 35.097919167000043 ], [ 33.395654, 35.082412999000042 ], [ 33.38263424400003, 35.078432784000029 ], [ 33.379688904000034, 35.071158589000049 ], [ 33.368652, 35.069466999000042 ], [ 33.364757500000053, 35.069228999000075 ], [ 33.354756013000042, 35.079814458000044 ], [ 33.356083156000068, 35.084607037000069 ], [ 33.352957, 35.093332499000041 ], [ 33.356523500000037, 35.104982999000072 ] ] ] ] } },
{ "type": "Feature", "properties": { "GISCO_ID": "CY_1024", "CNTR_CODE": "CY", "LAU_ID": "1024", "LAU_NAME": "Γέρι", "cell_coverage": [ [ 0.0031, 0.1692, 0.0733 ], [ 0.5626, 0.911, 0.0774 ], [ 0.0435, 0.0351, 0 ] ], "xmin": 33.375, "xmax": 33.5, "ymin": 35.041666666666657, "ymax": 35.166666666666657 }, "geometry": { "type": "MultiPolygon", "coordinates": [ [ [ [ 33.458590568000034, 35.092983337000078 ], [ 33.44033872600005, 35.089171879000048 ], [ 33.434471699000028, 35.081644378000078 ], [ 33.425794, 35.077917999000078 ], [ 33.417127421000032, 35.08217940600008 ], [ 33.408275092000054, 35.076178346000063 ], [ 33.400905690000059, 35.080452420000029 ], [ 33.399293327000066, 35.084751764000032 ], [ 33.395654, 35.082412999000042 ], [ 33.391707660000066, 35.097919167000043 ], [ 33.393732829000044, 35.113012314000059 ], [ 33.388915319000034, 35.119668584000067 ], [ 33.391016, 35.124143999000069 ], [ 33.398339470000053, 35.122052607000057 ], [ 33.412640446000069, 35.125961491000055 ], [ 33.424417417000029, 35.12560499600005 ], [ 33.444712632000062, 35.137317526000061 ], [ 33.465128500000048, 35.134958499000049 ], [ 33.469582072000037, 35.129797877000044 ], [ 33.480619, 35.12910449900005 ], [ 33.471454778000066, 35.126276804000042 ], [ 33.468764340000064, 35.119635604000052 ], [ 33.456790340000055, 35.112875937000069 ], [ 33.462923500000045, 35.103914499000041 ], [ 33.458590568000034, 35.092983337000078 ] ] ] ] } },
{ "type": "Feature", "properties": { "GISCO_ID": "CY_1100", "CNTR_CODE": "CY", "LAU_ID": "1100", "LAU_NAME": "Σιά", "cell_coverage": [ [ 0.0428, 0.2855, 0.0003 ], [ 0.1231, 0.5313, 0.0074 ] ], "xmin": 33.333333333333329, "xmax": 33.458333333333329, "ymin": 34.91666666666665, "ymax": 34.999999999999986 }, "geometry": { "type": "MultiPolygon", "coordinates": [ [ [ [ 33.36082, 34.955133499000056 ], [ 33.368514110000035, 34.965735004000067 ], [ 33.378163, 34.968665999000052 ], [ 33.392679992000069, 34.966841939000062 ], [ 33.395907432000058, 34.973330198000042 ], [ 33.403863627000078, 34.976550544000077 ], [ 33.407066892000046, 34.97587352100004 ], [ 33.406537544000059, 34.970973889000049 ], [ 33.412239500000055, 34.971926999000061 ], [ 33.419030260000056, 34.95354642500007 ], [ 33.413089500000069, 34.941436499000076 ], [ 33.407966821000059, 34.936020081000038 ], [ 33.397873771000036, 34.933368109000071 ], [ 33.370294500000057, 34.937065999000026 ], [ 33.36082, 34.955133499000056 ] ] ] ] } },
{ "type": "Feature", "properties": { "GISCO_ID": "CY_1138", "CNTR_CODE": "CY", "LAU_ID": "1138", "LAU_NAME": "Νέο Χωριό Λευκωσίας", "cell_coverage": [ [ 0.0012, 0 ], [ 0.4105, 0.3472 ], [ 0.1109, 0.1332 ] ], "xmin": 33.416666666666664, "xmax": 33.5, "ymin": 35.166666666666657, "ymax": 35.291666666666657 }, "geometry": { "type": "MultiPolygon", "coordinates": [ [ [ [ 33.489679500000079, 35.220970499000032 ], [ 33.48455424000008, 35.223098707000077 ], [ 33.480933869000069, 35.231805696000038 ], [ 33.475746702000038, 35.226414393000027 ], [ 33.476309413000024, 35.215704096000024 ], [ 33.467781675000026, 35.210891848000074 ], [ 33.472508805000075, 35.204062622000038 ], [ 33.480161500000065, 35.205385999000043 ], [ 33.478530004000049, 35.200389808000068 ], [ 33.469020921000038, 35.198266421000028 ], [ 33.469059, 35.190011499000036 ], [ 33.458590568000034, 35.194614097000056 ], [ 33.445977858000049, 35.194181917000037 ], [ 33.442088, 35.19704499900007 ], [ 33.447546524000074, 35.201154106000047 ], [ 33.436977735000028, 35.213953127000025 ], [ 33.440502747000039, 35.220788674000062 ], [ 33.433618031000037, 35.229945220000047 ], [ 33.433768629000042, 35.240854657000057 ], [ 33.427816500000063, 35.248211499000035 ], [ 33.439073500000063, 35.250997999000049 ], [ 33.439598346000025, 35.245541983000066 ], [ 33.445786131000034, 35.23746982800003 ], [ 33.458590568000034, 35.232294549000073 ], [ 33.469205399000032, 35.238239268000029 ], [ 33.489031500000067, 35.235242999000036 ], [ 33.491769500000032, 35.220465499000056 ], [ 33.489679500000079, 35.220970499000032 ] ] ] ] } },
{ "type": "Feature", "properties": { "GISCO_ID": "CY_1102", "CNTR_CODE": "CY", "LAU_ID": "1102", "LAU_NAME": "Αλάμπρα", "cell_coverage": [ [ 0.1142, 0.0717 ], [ 0.5539, 0.2034 ] ], "xmin": 33.375, "xmax": 33.458333333333336, "ymin": 34.958333333333321, "ymax": 35.041666666666657 }, "geometry": { "type": "MultiPolygon", "coordinates": [ [ [ [ 33.412239500000055, 34.971926999000061 ], [ 33.406537544000059, 34.970973889000049 ], [ 33.407066892000046, 34.97587352100004 ], [ 33.403863627000078, 34.976550544000077 ], [ 33.395907432000058, 34.973330198000042 ], [ 33.392679992000069, 34.966841939000062 ], [ 33.378163, 34.968665999000052 ], [ 33.382338445000073, 34.987427288000049 ], [ 33.386852041000054, 34.990902092000056 ], [ 33.386134341000059, 34.995827636000058 ], [ 33.391256500000054, 35.005346499000041 ], [ 33.395468360000052, 35.006719166000039 ], [ 33.40104070700005, 35.00407265900003 ], [ 33.403337, 35.007731999000043 ], [ 33.409525500000029, 35.009299499000065 ], [ 33.42190822200007, 35.010508282000046 ], [ 33.430622500000027, 35.00557599900003 ], [ 33.431556081000053, 34.985650455000041 ], [ 33.427144228000031, 34.981026187000055 ], [ 33.428765, 34.97098199900006 ], [ 33.415499037000075, 34.976014747000079 ], [ 33.412239500000055, 34.971926999000061 ] ] ] ] } },
{ "type": "Feature", "properties": { "GISCO_ID": "CY_1103", "CNTR_CODE": "CY", "LAU_ID": "1103", "LAU_NAME": "Αγία Βαρβάρα Λευκωσίας", "cell_coverage": [ [ 0, 0.0954, 0 ], [ 0.04, 0.4993, 0.0453 ], [ 0.0503, 0.5285, 0.1389 ], [ 0, 0.0031, 0 ] ], "xmin": 33.291666666666664, "xmax": 33.416666666666664, "ymin": 34.916666666666657, "ymax": 35.083333333333321 }, "geometry": { "type": "MultiPolygon", "coordinates": [ [ [ [ 33.378163, 34.968665999000052 ], [ 33.368514110000035, 34.965735004000067 ], [ 33.36082, 34.955133499000056 ], [ 33.347857457000032, 34.994688949000079 ], [ 33.319926500000065, 34.99413049900005 ], [ 33.315366, 35.00169549900005 ], [ 33.316238500000054, 35.006238499000062 ], [ 33.326324, 35.004029499000069 ], [ 33.336044627000035, 34.998797793000051 ], [ 33.339893077000056, 35.004907637000031 ], [ 33.348927367000044, 35.002142712000079 ], [ 33.357666463000044, 35.020617322000078 ], [ 33.345969500000024, 35.029206999000053 ], [ 33.347489094000025, 35.031641319000073 ], [ 33.34025928300008, 35.035072496000055 ], [ 33.339365, 35.040352999000049 ], [ 33.350910035000027, 35.044125913000073 ], [ 33.360344500000053, 35.052728499000068 ], [ 33.366815494000036, 35.053275725000049 ], [ 33.370705464000025, 35.039680713000052 ], [ 33.375804264000067, 35.03325142500006 ], [ 33.372322448000034, 35.028349392000052 ], [ 33.361405235000063, 35.022605193000061 ], [ 33.359383884000067, 35.010705801000029 ], [ 33.371669497000028, 35.013840066000057 ], [ 33.372392540000078, 35.008495156000038 ], [ 33.380026646000033, 35.004615086000058 ], [ 33.391256500000054, 35.005346499000041 ], [ 33.386134341000059, 34.995827636000058 ], [ 33.386852041000054, 34.990902092000056 ], [ 33.382338445000073, 34.987427288000049 ], [ 33.378163, 34.968665999000052 ] ] ] ] } },
{ "type": "Feature", "properties": { "GISCO_ID": "CY_1139", "CNTR_CODE": "CY", "LAU_ID": "1139", "LAU_NAME": "Κυθρέα", "cell_coverage": [ [ 0.2424, 0.7473, 0.3564 ], [ 0.1397, 0.3336, 0.0171 ] ], "xmin": 33.416666666666664, "xmax": 33.541666666666664, "ymin": 35.208333333333321, "ymax": 35.291666666666657 }, "geometry": { "type": "MultiPolygon", "coordinates": [ [ [ [ 33.526472500000068, 35.26221349900004 ], [ 33.515968380000061, 35.263436582000054 ], [ 33.51137650000004, 35.259726999000065 ], [ 33.506699987000047, 35.258325891000027 ], [ 33.504534639000042, 35.24471240500003 ], [ 33.499624792000077, 35.243021995000049 ], [ 33.497551500000043, 35.23440449900005 ], [ 33.489031500000067, 35.235242999000036 ], [ 33.469205399000032, 35.238239268000029 ], [ 33.458590568000034, 35.232294549000073 ], [ 33.445786131000034, 35.23746982800003 ], [ 33.439598346000025, 35.245541983000066 ], [ 33.439073500000063, 35.250997999000049 ], [ 33.444587654000031, 35.255791458000033 ], [ 33.441765428000053, 35.268237348000071 ], [ 33.453114500000027, 35.280349999000066 ], [ 33.458590568000034, 35.281142327000055 ], [ 33.498293345000036, 35.281097727000031 ], [ 33.505318, 35.284999499000037 ], [ 33.513050276000058, 35.282241480000039 ], [ 33.511857957000075, 35.277393011000072 ], [ 33.519992, 35.279571499000042 ], [ 33.529304786000068, 35.273108351000076 ], [ 33.531690856000068, 35.264779665000049 ], [ 33.526472500000068, 35.26221349900004 ] ] ] ] } },
{ "type": "Feature", "properties": { "GISCO_ID": "CY_1141", "CNTR_CODE": "CY", "LAU_ID": "1141", "LAU_NAME": "Μπέϊκιοϊ", "cell_coverage": [ [ 0, 0.0341 ], [ 0.0066, 0.076 ] ], "xmin": 33.458333333333329, "xmax": 33.541666666666664, "ymin": 35.208333333333321, "ymax": 35.291666666666657 }, "geometry": { "type": "MultiPolygon", "coordinates": [ [ [ [ 33.497551500000043, 35.23440449900005 ], [ 33.499624792000077, 35.243021995000049 ], [ 33.504534639000042, 35.24471240500003 ], [ 33.506699987000047, 35.258325891000027 ], [ 33.51137650000004, 35.259726999000065 ], [ 33.514946351000049, 35.245058910000068 ], [ 33.504996834000053, 35.237138926000057 ], [ 33.503932500000076, 35.232999999000072 ], [ 33.501708375000078, 35.23549633500005 ], [ 33.497551500000043, 35.23440449900005 ] ] ] ] } },
{ "type": "Feature", "properties": { "GISCO_ID": "CY_1142", "CNTR_CODE": "CY", "LAU_ID": "1142", "LAU_NAME": "Πέτρα του Διγενή", "cell_coverage": [ [ 0.0308, 0.2024 ] ], "xmin": 33.5, "xmax": 33.583333333333336, "ymin": 35.208333333333321, "ymax": 35.25 }, "geometry": { "type": "MultiPolygon", "coordinates": [ [ [ [ 33.546825, 35.228554999000039 ], [ 33.540592359000073, 35.231042627000079 ], [ 33.538736136000068, 35.236011469000061 ], [ 33.535032763000061, 35.237390279000067 ], [ 33.533999774000051, 35.241198103000045 ], [ 33.536475500000051, 35.243480999000042 ], [ 33.53962014800004, 35.241073228000062 ], [ 33.54387809800005, 35.248375227000054 ], [ 33.555318099000033, 35.245128031000036 ], [ 33.559362500000077, 35.246788999000046 ], [ 33.55904331000005, 35.242658778000077 ], [ 33.568164, 35.241499999000041 ], [ 33.571272500000077, 35.234859999000037 ], [ 33.555974475000028, 35.233578349000027 ], [ 33.546825, 35.228554999000039 ] ] ] ] } },
{ "type": "Feature", "properties": { "GISCO_ID": "CY_1143", "CNTR_CODE": "CY", "LAU_ID": "1143", "LAU_NAME": "Καλυβάκια", "cell_coverage": [ [ 0.2396, 0.2208 ], [ 0.029, 0.0345 ] ], "xmin": 33.5, "xmax": 33.583333333333336, "ymin": 35.208333333333321, "ymax": 35.291666666666657 }, "geometry": { "type": "MultiPolygon", "coordinates": [ [ [ [ 33.526472500000068, 35.26221349900004 ], [ 33.531690856000068, 35.264779665000049 ], [ 33.529304786000068, 35.273108351000076 ], [ 33.519992, 35.279571499000042 ], [ 33.531004762000066, 35.28275982200006 ], [ 33.545966677000024, 35.278375701000073 ], [ 33.553272500000048, 35.280164999000078 ], [ 33.552864440000064, 35.269696284000077 ], [ 33.559362500000077, 35.246788999000046 ], [ 33.555318099000033, 35.245128031000036 ], [ 33.54387809800005, 35.248375227000054 ], [ 33.53962014800004, 35.241073228000062 ], [ 33.536475500000051, 35.243480999000042 ], [ 33.526472500000068, 35.26221349900004 ] ] ] ] } },
{ "type": "Feature", "properties": { "GISCO_ID": "CY_1144", "CNTR_CODE": "CY", "LAU_ID": "1144", "LAU_NAME": "Κουρού Μοναστήρι", "cell_coverage": [ [ 0.2115 ] ], "xmin": 33.541666666666664, "xmax": 33.583333333333329, "ymin": 35.208333333333321, "ymax": 35.25 }, "geometry": { "type": "MultiPolygon", "coordinates": [ [ [ [ 33.558781, 35.209081999000034 ], [ 33.550018244000057, 35.212061745000028 ], [ 33.547705890000032, 35.219276536000052 ], [ 33.541819500000031, 35.224222499000064 ], [ 33.546825, 35.228554999000039 ], [ 33.555974475000028, 35.233578349000027 ], [ 33.571272500000077, 35.234859999000037 ], [ 33.572317372000043, 35.225872336000066 ], [ 33.556875097000045, 35.223089235000032 ], [ 33.558781, 35.209081999000034 ] ] ] ] } },
{ "type": "Feature", "properties": { "GISCO_ID": "CY_1200", "CNTR_CODE": "CY", "LAU_ID": "1200", "LAU_NAME": "Καμπί", "cell_coverage": [ [ 0.0069, 0.0473 ], [ 0.1165, 0.1314 ] ], "xmin": 33.083333333333329, "xmax": 33.166666666666664, "ymin": 34.875, "ymax": 34.958333333333321 }, "geometry": { "type": "MultiPolygon", "coordinates": [ [ [ [ 33.124854, 34.890964999000062 ], [ 33.111227, 34.893798999000069 ], [ 33.115920956000025, 34.900478962000079 ], [ 33.113954500000034, 34.903891499000053 ], [ 33.120713600000045, 34.910518564000029 ], [ 33.125435500000037, 34.927571999000065 ], [ 33.133658, 34.924499999000034 ], [ 33.134065491000058, 34.906342535000078 ], [ 33.130343628000048, 34.898496248000072 ], [ 33.136906463000059, 34.895396086000062 ], [ 33.133754424000074, 34.88985752800005 ], [ 33.124854, 34.890964999000062 ] ] ] ] } },
{ "type": "Feature", "properties": { "GISCO_ID": "CY_1201", "CNTR_CODE": "CY", "LAU_ID": "1201", "LAU_NAME": "Φαρμακάς", "cell_coverage": [ [ 0, 0.0508, 0 ], [ 0, 0.4922, 0.0064 ], [ 1.1153e-06, 0.3156, 0.0015 ] ], "xmin": 33.083333333333329, "xmax": 33.208333333333329, "ymin": 34.875, "ymax": 34.999999999999986 }, "geometry": { "type": "MultiPolygon", "coordinates": [ [ [ [ 33.171758500000067, 34.919642999000075 ], [ 33.165603630000078, 34.913197552000042 ], [ 33.166213632000051, 34.905597467000064 ], [ 33.14873655100007, 34.903032734000078 ], [ 33.139597047000052, 34.892505516000028 ], [ 33.133098, 34.888441499000066 ], [ 33.124854, 34.890964999000062 ], [ 33.133754424000074, 34.88985752800005 ], [ 33.136906463000059, 34.895396086000062 ], [ 33.130343628000048, 34.898496248000072 ], [ 33.134065491000058, 34.906342535000078 ], [ 33.133658, 34.924499999000034 ], [ 33.12800468000006, 34.932660309000028 ], [ 33.133545898000079, 34.942850414000077 ], [ 33.136204920000068, 34.961812845000054 ], [ 33.13335950000004, 34.975457999000071 ], [ 33.142627306000065, 34.969296102000044 ], [ 33.140195727000048, 34.961317435000069 ], [ 33.14684005600003, 34.952588988000059 ], [ 33.149596515000042, 34.93649750700007 ], [ 33.162830345000032, 34.924984042000062 ], [ 33.165227162000065, 34.919758373000036 ], [ 33.171758500000067, 34.919642999000075 ] ] ] ] } },
{ "type": "Feature", "properties": { "GISCO_ID": "CY_1202", "CNTR_CODE": "CY", "LAU_ID": "1202", "LAU_NAME": "Απλίκι", "cell_coverage": [ [ 0.1152, 0.0002 ], [ 0.0854, 0 ] ], "xmin": 33.083333333333329, "xmax": 33.166666666666664, "ymin": 34.875, "ymax": 34.958333333333321 }, "geometry": { "type": "MultiPolygon", "coordinates": [ [ [ [ 33.125435500000037, 34.927571999000065 ], [ 33.120713600000045, 34.910518564000029 ], [ 33.113954500000034, 34.903891499000053 ], [ 33.109748272000047, 34.904962233000049 ], [ 33.106655696000075, 34.910584560000075 ], [ 33.106565559000046, 34.921555997000041 ], [ 33.118511713000032, 34.932558288000052 ], [ 33.125435500000037, 34.927571999000065 ] ] ] ] } },
{ "type": "Feature", "properties": { "GISCO_ID": "CY_1105", "CNTR_CODE": "CY", "LAU_ID": "1105", "LAU_NAME": "Νήσου", "cell_coverage": [ [ 0.0394, 0.1439 ], [ 0, 0.3651 ] ], "xmin": 33.333333333333329, "xmax": 33.416666666666664, "ymin": 34.999999999999986, "ymax": 35.083333333333321 }, "geometry": { "type": "MultiPolygon", "coordinates": [ [ [ [ 33.366973, 35.061888499000077 ], [ 33.364757500000053, 35.069228999000075 ], [ 33.368652, 35.069466999000042 ], [ 33.373408805000054, 35.062463005000041 ], [ 33.386835882000071, 35.059411147000048 ], [ 33.388475522000078, 35.051327746000027 ], [ 33.39537980800003, 35.041248985000038 ], [ 33.394912170000055, 35.037012527000059 ], [ 33.400913340000045, 35.03410868800006 ], [ 33.404027516000042, 35.027202403000047 ], [ 33.401436602000047, 35.021130160000041 ], [ 33.407562098000028, 35.020330409000053 ], [ 33.410536067000066, 35.016395732000035 ], [ 33.409525500000029, 35.009299499000065 ], [ 33.403337, 35.007731999000043 ], [ 33.400744501000077, 35.016495601000031 ], [ 33.387762756000029, 35.015676431000031 ], [ 33.375165886000048, 35.021217922000062 ], [ 33.377523605000079, 35.030289622000055 ], [ 33.38646942500003, 35.044030733000056 ], [ 33.375718723000034, 35.044624873000032 ], [ 33.37383204300005, 35.056897652000032 ], [ 33.366973, 35.061888499000077 ] ] ] ] } },
{ "type": "Feature", "properties": { "GISCO_ID": "CY_1106", "CNTR_CODE": "CY", "LAU_ID": "1106", "LAU_NAME": "Πέρα Χωριό", "cell_coverage": [ [ 0.0841, 0.0176 ], [ 0.1349, 0.2325 ] ], "xmin": 33.333333333333329, "xmax": 33.416666666666664, "ymin": 34.999999999999986, "ymax": 35.083333333333321 }, "geometry": { "type": "MultiPolygon", "coordinates": [ [ [ [ 33.403337, 35.007731999000043 ], [ 33.40104070700005, 35.00407265900003 ], [ 33.395468360000052, 35.006719166000039 ], [ 33.391256500000054, 35.005346499000041 ], [ 33.380026646000033, 35.004615086000058 ], [ 33.372392540000078, 35.008495156000038 ], [ 33.371669497000028, 35.013840066000057 ], [ 33.359383884000067, 35.010705801000029 ], [ 33.361405235000063, 35.022605193000061 ], [ 33.372322448000034, 35.028349392000052 ], [ 33.375804264000067, 35.03325142500006 ], [ 33.370705464000025, 35.039680713000052 ], [ 33.366815494000036, 35.053275725000049 ], [ 33.360344500000053, 35.052728499000068 ], [ 33.366973, 35.061888499000077 ], [ 33.37383204300005, 35.056897652000032 ], [ 33.375718723000034, 35.044624873000032 ], [ 33.38646942500003, 35.044030733000056 ], [ 33.377523605000079, 35.030289622000055 ], [ 33.375165886000048, 35.021217922000062 ], [ 33.387762756000029, 35.015676431000031 ], [ 33.400744501000077, 35.016495601000031 ], [ 33.403337, 35.007731999000043 ] ] ] ] } },
{ "type": "Feature", "properties": { "GISCO_ID": "CY_1107", "CNTR_CODE": "CY", "LAU_ID": "1107", "LAU_NAME": "Δάλι", "cell_coverage": [ [ 0, 0.0011, 0 ], [ 0.018, 0.7249, 0.2633 ], [ 0, 0.2428, 0.5109 ] ], "xmin": 33.333333333333329, "xmax": 33.458333333333329, "ymin": 34.999999999999986, "ymax": 35.125 }, "geometry": { "type": "MultiPolygon", "coordinates": [ [ [ [ 33.429236, 35.048733499000036 ], [ 33.433169603000067, 35.04587930200006 ], [ 33.433441511000069, 35.038011190000077 ], [ 33.446893500000044, 35.028787999000031 ], [ 33.445906, 35.009890999000049 ], [ 33.430622500000027, 35.00557599900003 ], [ 33.42190822200007, 35.010508282000046 ], [ 33.409525500000029, 35.009299499000065 ], [ 33.410536067000066, 35.016395732000035 ], [ 33.407562098000028, 35.020330409000053 ], [ 33.401436602000047, 35.021130160000041 ], [ 33.404027516000042, 35.027202403000047 ], [ 33.400913340000045, 35.03410868800006 ], [ 33.394912170000055, 35.037012527000059 ], [ 33.39537980800003, 35.041248985000038 ], [ 33.388475522000078, 35.051327746000027 ], [ 33.386835882000071, 35.059411147000048 ], [ 33.373408805000054, 35.062463005000041 ], [ 33.368652, 35.069466999000042 ], [ 33.379688904000034, 35.071158589000049 ], [ 33.38263424400003, 35.078432784000029 ], [ 33.395654, 35.082412999000042 ], [ 33.399293327000066, 35.084751764000032 ], [ 33.400905690000059, 35.080452420000029 ], [ 33.408275092000054, 35.076178346000063 ], [ 33.417127421000032, 35.08217940600008 ], [ 33.425794, 35.077917999000078 ], [ 33.429766951000033, 35.066331498000068 ], [ 33.42602441400004, 35.052057741000056 ], [ 33.429236, 35.048733499000036 ] ] ] ] } },
{ "type": "Feature", "properties": { "GISCO_ID": "CY_1108", "CNTR_CODE": "CY", "LAU_ID": "1108", "LAU_NAME": "Λύμπια", "cell_coverage": [ [ 0.1112, 0.0248, 0 ], [ 0.5726, 0.6359, 0.021 ] ], "xmin": 33.416666666666664, "xmax": 33.541666666666664, "ymin": 34.958333333333321, "ymax": 35.041666666666657 }, "geometry": { "type": "MultiPolygon", "coordinates": [ [ [ [ 33.503279, 34.985031999000057 ], [ 33.495944975000043, 34.972542714000042 ], [ 33.499868399000036, 34.965380316000051 ], [ 33.492826, 34.966687499000045 ], [ 33.471947671000066, 34.975745980000056 ], [ 33.458590568000034, 34.969050285000037 ], [ 33.448875, 34.960761999000056 ], [ 33.443733397000074, 34.96517781700004 ], [ 33.434224639000035, 34.965820673000053 ], [ 33.428765, 34.97098199900006 ], [ 33.427144228000031, 34.981026187000055 ], [ 33.431556081000053, 34.985650455000041 ], [ 33.430622500000027, 35.00557599900003 ], [ 33.445906, 35.009890999000049 ], [ 33.448028695000062, 35.00633309400007 ], [ 33.458590568000034, 35.004952979000052 ], [ 33.501935188000061, 34.992229409000061 ], [ 33.504938431000028, 34.987942420000024 ], [ 33.503279, 34.985031999000057 ] ] ] ] } },
{ "type": "Feature", "properties": { "GISCO_ID": "CY_1109", "CNTR_CODE": "CY", "LAU_ID": "1109", "LAU_NAME": "Λυθροδόντας", "cell_coverage": [ [ 0, 0.2347, 0.3996 ], [ 0.0562, 0.9173, 0.5465 ], [ 0, 0.2354, 0.023 ] ], "xmin": 33.208333333333329, "xmax": 33.333333333333329, "ymin": 34.875, "ymax": 34.999999999999986 }, "geometry": { "type": "MultiPolygon", "coordinates": [ [ [ [ 33.262566500000048, 34.895367499000031 ], [ 33.264007487000072, 34.913842124000041 ], [ 33.240621404000024, 34.923043146000055 ], [ 33.245333628000026, 34.934469327000045 ], [ 33.261161483000024, 34.932252130000052 ], [ 33.259025053000073, 34.939538050000067 ], [ 33.251732356000048, 34.941495882000027 ], [ 33.248887500000023, 34.945853499000066 ], [ 33.270740721000038, 34.970192720000057 ], [ 33.288890571000024, 34.977978938000035 ], [ 33.295494500000075, 34.98464399900007 ], [ 33.307466660000046, 34.979010448000054 ], [ 33.31052, 34.98205899900006 ], [ 33.325942594000026, 34.972366175000047 ], [ 33.319922739000049, 34.957501557000057 ], [ 33.324765500000069, 34.94524799900006 ], [ 33.306054847000041, 34.929392473000064 ], [ 33.307043390000047, 34.925391302000037 ], [ 33.302915, 34.917748999000025 ], [ 33.294585174000076, 34.910779855000044 ], [ 33.262566500000048, 34.895367499000031 ] ] ] ] } },
{ "type": "Feature", "properties": { "GISCO_ID": "CY_1110", "CNTR_CODE": "CY", "LAU_ID": "1110", "LAU_NAME": "Λουρουκίνα", "cell_coverage": [ [ 0, 0.1998, 0 ], [ 0.1721, 0.9618, 0.1708 ], [ 0, 0.0509, 0.0726 ] ], "xmin": 33.416666666666664, "xmax": 33.541666666666664, "ymin": 34.958333333333321, "ymax": 35.083333333333321 }, "geometry": { "type": "MultiPolygon", "coordinates": [ [ [ [ 33.498298500000033, 35.04554949900006 ], [ 33.500452202000076, 35.032638877000068 ], [ 33.509731317000046, 35.01334391000006 ], [ 33.519294, 35.009182999000075 ], [ 33.514756, 35.002665499000045 ], [ 33.510842897000032, 35.004502456000068 ], [ 33.51194980300005, 34.993824008000047 ], [ 33.508133970000074, 34.986592419000033 ], [ 33.503279, 34.985031999000057 ], [ 33.504938431000028, 34.987942420000024 ], [ 33.501935188000061, 34.992229409000061 ], [ 33.458590568000034, 35.004952979000052 ], [ 33.448028695000062, 35.00633309400007 ], [ 33.445906, 35.009890999000049 ], [ 33.446893500000044, 35.028787999000031 ], [ 33.457659698000043, 35.032997798000054 ], [ 33.470515004000049, 35.051972375000048 ], [ 33.479098500000077, 35.056401999000059 ], [ 33.485512003000053, 35.058413831000053 ], [ 33.483513154000036, 35.051105439000025 ], [ 33.496167011000068, 35.050248273000079 ], [ 33.498298500000033, 35.04554949900006 ] ] ] ] } },
{ "type": "Feature", "properties": { "GISCO_ID": "CY_1120", "CNTR_CODE": "CY", "LAU_ID": "1120", "LAU_NAME": "Ποταμιά", "cell_coverage": [ [ 0.2346, 0.2629 ], [ 0.1342, 0.0115 ] ], "xmin": 33.416666666666664, "xmax": 33.5, "ymin": 34.999999999999986, "ymax": 35.083333333333321 }, "geometry": { "type": "MultiPolygon", "coordinates": [ [ [ [ 33.429236, 35.048733499000036 ], [ 33.439190285000052, 35.048233377000031 ], [ 33.450129496000045, 35.064347823000048 ], [ 33.458590568000034, 35.068352186000027 ], [ 33.461911582000027, 35.069617358000073 ], [ 33.466613, 35.07367399900005 ], [ 33.474295847000064, 35.072686184000077 ], [ 33.479040500000053, 35.060467999000025 ], [ 33.479098500000077, 35.056401999000059 ], [ 33.470515004000049, 35.051972375000048 ], [ 33.457659698000043, 35.032997798000054 ], [ 33.446893500000044, 35.028787999000031 ], [ 33.433441511000069, 35.038011190000077 ], [ 33.433169603000067, 35.04587930200006 ], [ 33.429236, 35.048733499000036 ] ] ] ] } },
{ "type": "Feature", "properties": { "GISCO_ID": "CY_1211", "CNTR_CODE": "CY", "LAU_ID": "1211", "LAU_NAME": "Άγιος Ιωάννης Μαλούντας", "cell_coverage": [ [ 0, 0.1598 ], [ 0.1695, 0.4589 ] ], "xmin": 33.125, "xmax": 33.208333333333336, "ymin": 35.04166666666665, "ymax": 35.125 }, "geometry": { "type": "MultiPolygon", "coordinates": [ [ [ [ 33.176092500000038, 35.091294499000071 ], [ 33.178678931000036, 35.09123573100004 ], [ 33.180074626000078, 35.093984884000065 ], [ 33.188331453000046, 35.089931621000062 ], [ 33.190925506000042, 35.095139300000028 ], [ 33.193593579000037, 35.093095669000036 ], [ 33.196808563000047, 35.094468131000042 ], [ 33.198717500000043, 35.092223499000056 ], [ 33.203260194000052, 35.087527415000068 ], [ 33.203905, 35.082455499000048 ], [ 33.196285436000039, 35.07074923700003 ], [ 33.195321395000065, 35.061207098000068 ], [ 33.183898, 35.054042999000046 ], [ 33.163199, 35.063740499000062 ], [ 33.16005235800003, 35.06999434800008 ], [ 33.147506146000069, 35.067697495000061 ], [ 33.138711500000056, 35.074211999000056 ], [ 33.145737500000052, 35.082583999000065 ], [ 33.158202287000051, 35.075801979000062 ], [ 33.176092500000038, 35.091294499000071 ] ] ] ] } },
{ "type": "Feature", "properties": { "GISCO_ID": "CY_1212", "CNTR_CODE": "CY", "LAU_ID": "1212", "LAU_NAME": "Αγροκηπιά", "cell_coverage": [ [ 0.3793, 0.0003 ], [ 0.1597, 0 ] ], "xmin": 33.125, "xmax": 33.208333333333336, "ymin": 34.999999999999986, "ymax": 35.083333333333321 }, "geometry": { "type": "MultiPolygon", "coordinates": [ [ [ [ 33.163351500000033, 35.037092499000039 ], [ 33.162374908000061, 35.031490013000052 ], [ 33.156495008000036, 35.028187388000049 ], [ 33.144447, 35.029462499000033 ], [ 33.140144730000031, 35.035697438000057 ], [ 33.137871479000069, 35.061268377000033 ], [ 33.141920946000027, 35.067468316000031 ], [ 33.138711500000056, 35.074211999000056 ], [ 33.147506146000069, 35.067697495000061 ], [ 33.16005235800003, 35.06999434800008 ], [ 33.163199, 35.063740499000062 ], [ 33.159471327000063, 35.057463821000056 ], [ 33.167176988000051, 35.044796606000034 ], [ 33.163351500000033, 35.037092499000039 ] ] ] ] } },
{ "type": "Feature", "properties": { "GISCO_ID": "CY_1213", "CNTR_CODE": "CY", "LAU_ID": "1213", "LAU_NAME": "Μιτσερό", "cell_coverage": [ [ 0.1978, 0.3344 ], [ 0.5774, 0.2777 ] ], "xmin": 33.083333333333329, "xmax": 33.166666666666664, "ymin": 34.999999999999986, "ymax": 35.083333333333321 }, "geometry": { "type": "MultiPolygon", "coordinates": [ [ [ [ 33.138711500000056, 35.074211999000056 ], [ 33.141920946000027, 35.067468316000031 ], [ 33.137871479000069, 35.061268377000033 ], [ 33.140144730000031, 35.035697438000057 ], [ 33.144447, 35.029462499000033 ], [ 33.143684500000063, 35.021472499000026 ], [ 33.138533500000051, 35.01484799900004 ], [ 33.121606149000058, 35.009976896000069 ], [ 33.110594616000071, 35.012021812000057 ], [ 33.104564434000054, 35.010179551000078 ], [ 33.099262490000058, 35.016364749000047 ], [ 33.088088546000051, 35.016468538000026 ], [ 33.086429, 35.022004499000047 ], [ 33.087385404000031, 35.028219982000053 ], [ 33.102754953000044, 35.045689528000025 ], [ 33.102284, 35.048276499000053 ], [ 33.117842865000057, 35.055304271000068 ], [ 33.124058500000046, 35.075885999000036 ], [ 33.133844430000067, 35.082402516000059 ], [ 33.145737500000052, 35.082583999000065 ], [ 33.138711500000056, 35.074211999000056 ] ] ] ] } },
{ "type": "Feature", "properties": { "GISCO_ID": "CY_1220", "CNTR_CODE": "CY", "LAU_ID": "1220", "LAU_NAME": "Καπέδες", "cell_coverage": [ [ 0, 0.01, 0 ], [ 0.2676, 0.6078, 0.013 ], [ 0.27, 0.0327, 0 ] ], "xmin": 33.208333333333329, "xmax": 33.333333333333329, "ymin": 34.916666666666657, "ymax": 35.041666666666657 }, "geometry": { "type": "MultiPolygon", "coordinates": [ [ [ [ 33.289674, 34.989206499000034 ], [ 33.294732801000066, 34.989020975000074 ], [ 33.295494500000075, 34.98464399900007 ], [ 33.288890571000024, 34.977978938000035 ], [ 33.270740721000038, 34.970192720000057 ], [ 33.248887500000023, 34.945853499000066 ], [ 33.248036693000074, 34.939787619000072 ], [ 33.239111489000038, 34.934070987000041 ], [ 33.228538342000036, 34.93553113400003 ], [ 33.224852837000071, 34.942162311000061 ], [ 33.234931286000062, 34.950753335000059 ], [ 33.229252514000052, 34.956081547000053 ], [ 33.21254272300007, 34.957889186000045 ], [ 33.214867500000025, 34.966361499000072 ], [ 33.228631249000045, 34.966659315000072 ], [ 33.245109200000059, 34.97808810500004 ], [ 33.257257228000071, 34.993508312000074 ], [ 33.274007500000039, 35.002773999000055 ], [ 33.275568, 35.003939999000067 ], [ 33.279337697000074, 34.998340474000031 ], [ 33.276686688000041, 34.993152833000067 ], [ 33.27871963900003, 34.988075016000039 ], [ 33.289674, 34.989206499000034 ] ] ] ] } },
{ "type": "Feature", "properties": { "GISCO_ID": "CY_1221", "CNTR_CODE": "CY", "LAU_ID": "1221", "LAU_NAME": "Καταλιόντας", "cell_coverage": [ [ 0, 0.0184 ], [ 0.0057, 0.2307 ] ], "xmin": 33.25, "xmax": 33.333333333333336, "ymin": 34.958333333333321, "ymax": 35.041666666666657 }, "geometry": { "type": "MultiPolygon", "coordinates": [ [ [ [ 33.295494500000075, 34.98464399900007 ], [ 33.294732801000066, 34.989020975000074 ], [ 33.289674, 34.989206499000034 ], [ 33.291088363000028, 34.996877271000074 ], [ 33.299786866000034, 34.998208244000068 ], [ 33.306512143000077, 35.003530358000035 ], [ 33.315366, 35.00169549900005 ], [ 33.319926500000065, 34.99413049900005 ], [ 33.31052, 34.98205899900006 ], [ 33.307466660000046, 34.979010448000054 ], [ 33.295494500000075, 34.98464399900007 ] ] ] ] } },
{ "type": "Feature", "properties": { "GISCO_ID": "CY_1222", "CNTR_CODE": "CY", "LAU_ID": "1222", "LAU_NAME": "Αναλιόντας", "cell_coverage": [ [ 0.1678, 0.3355 ], [ 0.0834, 0.0125 ] ], "xmin": 33.25, "xmax": 33.333333333333336, "ymin": 34.958333333333321, "ymax": 35.041666666666657 }, "geometry": { "type": "MultiPolygon", "coordinates": [ [ [ [ 33.316238500000054, 35.006238499000062 ], [ 33.315366, 35.00169549900005 ], [ 33.306512143000077, 35.003530358000035 ], [ 33.299786866000034, 34.998208244000068 ], [ 33.291088363000028, 34.996877271000074 ], [ 33.289674, 34.989206499000034 ], [ 33.27871963900003, 34.988075016000039 ], [ 33.276686688000041, 34.993152833000067 ], [ 33.279337697000074, 34.998340474000031 ], [ 33.275568, 35.003939999000067 ], [ 33.273872291000032, 35.009087050000062 ], [ 33.279611756000065, 35.01243147100007 ], [ 33.279424211000048, 35.015818497000055 ], [ 33.283774892000054, 35.017302857000061 ], [ 33.294757689000051, 35.031356436000067 ], [ 33.312535500000024, 35.032994999000039 ], [ 33.307281286000034, 35.012166180000065 ], [ 33.309000143000048, 35.008870893000051 ], [ 33.316238500000054, 35.006238499000062 ] ] ] ] } },
{ "type": "Feature", "properties": { "GISCO_ID": "CY_1223", "CNTR_CODE": "CY", "LAU_ID": "1223", "LAU_NAME": "Καμπιά", "cell_coverage": [ [ 0.1065, 0.0998 ], [ 0.4891, 0.0683 ] ], "xmin": 33.208333333333329, "xmax": 33.291666666666664, "ymin": 34.958333333333321, "ymax": 35.041666666666657 }, "geometry": { "type": "MultiPolygon", "coordinates": [ [ [ [ 33.274007500000039, 35.002773999000055 ], [ 33.257257228000071, 34.993508312000074 ], [ 33.245109200000059, 34.97808810500004 ], [ 33.228631249000045, 34.966659315000072 ], [ 33.214867500000025, 34.966361499000072 ], [ 33.215138069000034, 34.977000437000072 ], [ 33.221399714000029, 34.985606242000074 ], [ 33.220017959000074, 34.991512968000052 ], [ 33.230721139000025, 34.999140529000044 ], [ 33.232205839000073, 35.00457732600006 ], [ 33.24081125500004, 35.010449293000079 ], [ 33.241744500000038, 35.01393949900006 ], [ 33.252765655000076, 35.010988213000076 ], [ 33.258439251000027, 35.013727558000028 ], [ 33.263542870000038, 35.009432677000063 ], [ 33.26152660200006, 35.002267986000049 ], [ 33.274007500000039, 35.002773999000055 ] ] ] ] } },
{ "type": "Feature", "properties": { "GISCO_ID": "CY_1224", "CNTR_CODE": "CY", "LAU_ID": "1224", "LAU_NAME": "Μαργί", "cell_coverage": [ [ 0.0053, 0 ], [ 0.4123, 0.1236 ] ], "xmin": 33.291666666666664, "xmax": 33.375, "ymin": 34.999999999999986, "ymax": 35.083333333333321 }, "geometry": { "type": "MultiPolygon", "coordinates": [ [ [ [ 33.339365, 35.040352999000049 ], [ 33.34025928300008, 35.035072496000055 ], [ 33.347489094000025, 35.031641319000073 ], [ 33.345969500000024, 35.029206999000053 ], [ 33.338638988000071, 35.017266805000077 ], [ 33.327069575000053, 35.010440693000078 ], [ 33.326324, 35.004029499000069 ], [ 33.316238500000054, 35.006238499000062 ], [ 33.309000143000048, 35.008870893000051 ], [ 33.307281286000034, 35.012166180000065 ], [ 33.312535500000024, 35.032994999000039 ], [ 33.315695, 35.040644499000052 ], [ 33.325011758000073, 35.044282774000067 ], [ 33.32598979100004, 35.036902133000069 ], [ 33.332177157000046, 35.034414946000027 ], [ 33.335895645000051, 35.040758246000053 ], [ 33.339365, 35.040352999000049 ] ] ] ] } },
{ "type": "Feature", "properties": { "GISCO_ID": "CY_1121", "CNTR_CODE": "CY", "LAU_ID": "1121", "LAU_NAME": "'Αγιος Σωζόμενος", "cell_coverage": [ [ 0.0876, 0.0023 ], [ 0.4669, 0.0442 ] ], "xmin": 33.416666666666664, "xmax": 33.5, "ymin": 35.04166666666665, "ymax": 35.125 }, "geometry": { "type": "MultiPolygon", "coordinates": [ [ [ [ 33.458590568000034, 35.092983337000078 ], [ 33.458225372000072, 35.086820746000058 ], [ 33.466613, 35.07367399900005 ], [ 33.461911582000027, 35.069617358000073 ], [ 33.458590568000034, 35.068352186000027 ], [ 33.450129496000045, 35.064347823000048 ], [ 33.439190285000052, 35.048233377000031 ], [ 33.429236, 35.048733499000036 ], [ 33.42602441400004, 35.052057741000056 ], [ 33.429766951000033, 35.066331498000068 ], [ 33.425794, 35.077917999000078 ], [ 33.434471699000028, 35.081644378000078 ], [ 33.44033872600005, 35.089171879000048 ], [ 33.458590568000034, 35.092983337000078 ] ] ] ] } },
{ "type": "Feature", "properties": { "GISCO_ID": "CY_1122", "CNTR_CODE": "CY", "LAU_ID": "1122", "LAU_NAME": "Πυρόγι", "cell_coverage": [ [ 0.0001, 0.1774, 0.049 ], [ 0, 0.2969, 0.0093 ] ], "xmin": 33.416666666666664, "xmax": 33.541666666666664, "ymin": 35.04166666666665, "ymax": 35.125 }, "geometry": { "type": "MultiPolygon", "coordinates": [ [ [ [ 33.479040500000053, 35.060467999000025 ], [ 33.474295847000064, 35.072686184000077 ], [ 33.466613, 35.07367399900005 ], [ 33.458225372000072, 35.086820746000058 ], [ 33.458590568000034, 35.092983337000078 ], [ 33.462923500000045, 35.103914499000041 ], [ 33.481921610000029, 35.083384766000052 ], [ 33.478033276000076, 35.077765009000075 ], [ 33.480332787000066, 35.075075574000039 ], [ 33.502964500000076, 35.09523499900007 ], [ 33.508351868000034, 35.091576879000058 ], [ 33.508215599000039, 35.083299795000073 ], [ 33.49914661400004, 35.079044642000042 ], [ 33.497086096000032, 35.070447054000056 ], [ 33.486119178000024, 35.061293832000047 ], [ 33.479040500000053, 35.060467999000025 ] ] ] ] } },
{ "type": "Feature", "properties": { "GISCO_ID": "CY_1123", "CNTR_CODE": "CY", "LAU_ID": "1123", "LAU_NAME": "Μαργό", "cell_coverage": [ [ 0, 0.0637, 0.0031 ], [ 0.0014, 0.7428, 0.1022 ], [ 0, 0.025, 0 ] ], "xmin": 33.416666666666664, "xmax": 33.541666666666664, "ymin": 35.041666666666657, "ymax": 35.166666666666657 }, "geometry": { "type": "MultiPolygon", "coordinates": [ [ [ [ 33.50844150000006, 35.104415499000027 ], [ 33.502964500000076, 35.09523499900007 ], [ 33.480332787000066, 35.075075574000039 ], [ 33.478033276000076, 35.077765009000075 ], [ 33.481921610000029, 35.083384766000052 ], [ 33.462923500000045, 35.103914499000041 ], [ 33.456790340000055, 35.112875937000069 ], [ 33.468764340000064, 35.119635604000052 ], [ 33.471454778000066, 35.126276804000042 ], [ 33.480619, 35.12910449900005 ], [ 33.486363428000061, 35.131310130000031 ], [ 33.50709017500003, 35.124558282000066 ], [ 33.504256688000055, 35.110344035000026 ], [ 33.50844150000006, 35.104415499000027 ] ] ] ] } },
{ "type": "Feature", "properties": { "GISCO_ID": "CY_1124", "CNTR_CODE": "CY", "LAU_ID": "1124", "LAU_NAME": "Αγιά (Aγιά Κεπίρ)", "cell_coverage": [ [ 0, 0.0797, 0.004 ], [ 0.0374, 0.6919, 0.0922 ] ], "xmin": 33.5, "xmax": 33.625, "ymin": 35.083333333333321, "ymax": 35.166666666666657 }, "geometry": { "type": "MultiPolygon", "coordinates": [ [ [ [ 33.58314450000006, 35.092059999000071 ], [ 33.565277500000036, 35.092080499000076 ], [ 33.557923709000079, 35.098307451000039 ], [ 33.543842135000034, 35.098434628000064 ], [ 33.53900739200003, 35.107174702000066 ], [ 33.525845500000059, 35.111859999000046 ], [ 33.539269334000039, 35.113193587000069 ], [ 33.551353771000038, 35.12591623600008 ], [ 33.548608, 35.131143499000075 ], [ 33.557885975000033, 35.131899176000047 ], [ 33.567821089000063, 35.126422796000043 ], [ 33.580594641000062, 35.129230071000052 ], [ 33.586969500000066, 35.125962499000025 ], [ 33.589254500000038, 35.117714499000044 ], [ 33.591769248000048, 35.11167972100003 ], [ 33.58314450000006, 35.092059999000071 ] ] ] ] } },
{ "type": "Feature", "properties": { "GISCO_ID": "CY_1125", "CNTR_CODE": "CY", "LAU_ID": "1125", "LAU_NAME": "Τύμβου", "cell_coverage": [ [ 0.5504, 0.6621, 0.0543 ], [ 0, 0.3236, 0.0236 ] ], "xmin": 33.458333333333329, "xmax": 33.583333333333329, "ymin": 35.083333333333321, "ymax": 35.166666666666657 }, "geometry": { "type": "MultiPolygon", "coordinates": [ [ [ [ 33.472409, 35.164448499000059 ], [ 33.501277500000072, 35.157897499000057 ], [ 33.525486216000047, 35.153318193000075 ], [ 33.529227610000078, 35.15133428300004 ], [ 33.530009728000039, 35.146914690000074 ], [ 33.538879, 35.147077499000034 ], [ 33.546408525000061, 35.135402188000057 ], [ 33.548608, 35.131143499000075 ], [ 33.551353771000038, 35.12591623600008 ], [ 33.539269334000039, 35.113193587000069 ], [ 33.525845500000059, 35.111859999000046 ], [ 33.517139256000064, 35.105496108000068 ], [ 33.50844150000006, 35.104415499000027 ], [ 33.504256688000055, 35.110344035000026 ], [ 33.50709017500003, 35.124558282000066 ], [ 33.486363428000061, 35.131310130000031 ], [ 33.480619, 35.12910449900005 ], [ 33.469582072000037, 35.129797877000044 ], [ 33.465128500000048, 35.134958499000049 ], [ 33.471848548000025, 35.146208862000037 ], [ 33.472207, 35.155617499000073 ], [ 33.472409, 35.164448499000059 ] ] ] ] } },
{ "type": "Feature", "properties": { "GISCO_ID": "CY_6315", "CNTR_CODE": "CY", "LAU_ID": "6315", "LAU_NAME": "Φιλούσα Χρυσοχούς", "cell_coverage": [ [ 0.0981, 0.1839 ], [ 0.0052, 0.0187 ] ], "xmin": 32.458333333333329, "xmax": 32.541666666666664, "ymin": 34.91666666666665, "ymax": 34.999999999999986 }, "geometry": { "type": "MultiPolygon", "coordinates": [ [ [ [ 32.49417, 34.979222999000058 ], [ 32.50007144500006, 34.980325917000073 ], [ 32.516045, 34.975487999000052 ], [ 32.516662500000052, 34.960915999000065 ], [ 32.5156, 34.956738999000038 ], [ 32.509351459000072, 34.958619813000041 ], [ 32.50257629400005, 34.953152164000073 ], [ 32.496316500000034, 34.957029499000043 ], [ 32.49600735000007, 34.962846472000024 ], [ 32.490711741000041, 34.962509723000039 ], [ 32.485856500000068, 34.966922499000077 ], [ 32.490555373000063, 34.968440670000064 ], [ 32.49417, 34.979222999000058 ] ] ] ] } },
{ "type": "Feature", "properties": { "GISCO_ID": "CY_6316", "CNTR_CODE": "CY", "LAU_ID": "6316", "LAU_NAME": "Κιός", "cell_coverage": [ [ 0.2305, 0.027 ] ], "xmin": 32.5, "xmax": 32.583333333333336, "ymin": 34.958333333333321, "ymax": 34.999999999999986 }, "geometry": { "type": "MultiPolygon", "coordinates": [ [ [ [ 32.548235, 34.978213999000047 ], [ 32.550774, 34.973999499000058 ], [ 32.533992975000046, 34.962020387000052 ], [ 32.516662500000052, 34.960915999000065 ], [ 32.516045, 34.975487999000052 ], [ 32.516191, 34.975367499000072 ], [ 32.518433209000079, 34.974969384000076 ], [ 32.517226883000035, 34.978535798000053 ], [ 32.519078, 34.980499499000075 ], [ 32.527750376000029, 34.981270513000027 ], [ 32.54084113600004, 34.972819450000031 ], [ 32.548235, 34.978213999000047 ] ] ] ] } },
{ "type": "Feature", "properties": { "GISCO_ID": "CY_6317", "CNTR_CODE": "CY", "LAU_ID": "6317", "LAU_NAME": "Ζαχαριά", "cell_coverage": [ [ 0, 0.0077 ], [ 0.0798, 0.1464 ] ], "xmin": 32.5, "xmax": 32.583333333333336, "ymin": 34.958333333333321, "ymax": 35.041666666666657 }, "geometry": { "type": "MultiPolygon", "coordinates": [ [ [ [ 32.551742500000046, 35.000309499000025 ], [ 32.559398571000031, 35.002827526000033 ], [ 32.561983363000024, 34.995300820000068 ], [ 32.558907409000028, 34.988426638000078 ], [ 32.548235, 34.978213999000047 ], [ 32.54084113600004, 34.972819450000031 ], [ 32.527750376000029, 34.981270513000027 ], [ 32.519078, 34.980499499000075 ], [ 32.533285422000063, 34.986726160000046 ], [ 32.545441329000028, 34.984696446000044 ], [ 32.551742500000046, 35.000309499000025 ] ] ] ] } },
{ "type": "Feature", "properties": { "GISCO_ID": "CY_6318", "CNTR_CODE": "CY", "LAU_ID": "6318", "LAU_NAME": "Μελάδεια", "cell_coverage": [ [ 0.0087, 0.0032 ], [ 0.0473, 0.1337 ] ], "xmin": 32.458333333333329, "xmax": 32.541666666666664, "ymin": 34.958333333333321, "ymax": 35.041666666666657 }, "geometry": { "type": "MultiPolygon", "coordinates": [ [ [ [ 32.516962, 34.988484499000037 ], [ 32.514652133000027, 34.981909545000065 ], [ 32.516191, 34.975367499000072 ], [ 32.516045, 34.975487999000052 ], [ 32.50007144500006, 34.980325917000073 ], [ 32.49417, 34.979222999000058 ], [ 32.491876500000046, 34.980894499000044 ], [ 32.496997531000034, 34.988145478000035 ], [ 32.497604500000079, 35.006740999000044 ], [ 32.500436131000072, 35.004939240000056 ], [ 32.503657443000066, 34.993344586000035 ], [ 32.516962, 34.988484499000037 ] ] ] ] } },
{ "type": "Feature", "properties": { "GISCO_ID": "CY_6319", "CNTR_CODE": "CY", "LAU_ID": "6319", "LAU_NAME": "Μελάνδρα", "cell_coverage": [ [ 0.0031, 0.0116 ], [ 0.1456, 0.0598 ] ], "xmin": 32.5, "xmax": 32.583333333333336, "ymin": 34.958333333333321, "ymax": 35.041666666666657 }, "geometry": { "type": "MultiPolygon", "coordinates": [ [ [ [ 32.551742500000046, 35.000309499000025 ], [ 32.545441329000028, 34.984696446000044 ], [ 32.533285422000063, 34.986726160000046 ], [ 32.519078, 34.980499499000075 ], [ 32.517226883000035, 34.978535798000053 ], [ 32.518433209000079, 34.974969384000076 ], [ 32.516191, 34.975367499000072 ], [ 32.514652133000027, 34.981909545000065 ], [ 32.516962, 34.988484499000037 ], [ 32.524316952000049, 34.992264624000029 ], [ 32.53316841000003, 34.991654667000034 ], [ 32.535951524000041, 34.994023481000056 ], [ 32.535454965000042, 34.998678956000049 ], [ 32.540111852000052, 35.001748472000031 ], [ 32.545790115000045, 35.00297478400006 ], [ 32.551742500000046, 35.000309499000025 ] ] ] ] } },
{ "type": "Feature", "properties": { "GISCO_ID": "CY_6320", "CNTR_CODE": "CY", "LAU_ID": "6320", "LAU_NAME": "Λυσός", "cell_coverage": [ [ 0, 0.0222, 0.4083, 0.1832, 0.0007, 0 ], [ 0.1543, 0.6869, 0.9807, 1, 0.7121, 0.0339 ], [ 0, 0.1661, 0.4368, 0.4702, 0.1866, 0.0001 ] ], "xmin": 32.458333333333329, "xmax": 32.708333333333329, "ymin": 34.958333333333321, "ymax": 35.083333333333321 }, "geometry": { "type": "MultiPolygon", "coordinates": [ [ [ [ 32.497604500000079, 35.006740999000044 ], [ 32.494879443000059, 35.010149798000043 ], [ 32.48419350000006, 35.012899499000071 ], [ 32.482757500000048, 35.015094499000043 ], [ 32.48187450000006, 35.016909999000063 ], [ 32.481832932000032, 35.024878477000073 ], [ 32.495580401000041, 35.027031525000041 ], [ 32.49880317700007, 35.022284426000056 ], [ 32.50223421700008, 35.024948260000031 ], [ 32.509497507000049, 35.02124488000004 ], [ 32.522378634000063, 35.02146096000007 ], [ 32.532907, 35.043641999000045 ], [ 32.548406, 35.051862999000036 ], [ 32.56632079700006, 35.062776634000045 ], [ 32.597983500000055, 35.065556499000024 ], [ 32.585297060000073, 35.056744998000056 ], [ 32.58388233200003, 35.047428793000051 ], [ 32.62162, 35.047881999000026 ], [ 32.631788246000042, 35.034505856000067 ], [ 32.641811464000057, 35.030926043000079 ], [ 32.651286500000026, 35.031718999000077 ], [ 32.659352185000046, 35.025160441000025 ], [ 32.663354128000037, 35.013430948000064 ], [ 32.667392, 35.011299499000074 ], [ 32.676170500000069, 35.005841499000041 ], [ 32.675849500000027, 35.005311999000071 ], [ 32.654198948000044, 34.991959726000061 ], [ 32.631878389000065, 34.993142157000079 ], [ 32.629453798000043, 34.984117493000042 ], [ 32.626147838000065, 34.981614586000035 ], [ 32.58960286100006, 34.980072492000033 ], [ 32.58551747000007, 34.978774971000064 ], [ 32.585143500000072, 34.975376499000049 ], [ 32.574040375000038, 34.974500993000049 ], [ 32.557732500000043, 34.968626499000038 ], [ 32.550774, 34.973999499000058 ], [ 32.548235, 34.978213999000047 ], [ 32.558907409000028, 34.988426638000078 ], [ 32.561983363000024, 34.995300820000068 ], [ 32.559398571000031, 35.002827526000033 ], [ 32.551742500000046, 35.000309499000025 ], [ 32.545790115000045, 35.00297478400006 ], [ 32.540111852000052, 35.001748472000031 ], [ 32.535454965000042, 34.998678956000049 ], [ 32.535951524000041, 34.994023481000056 ], [ 32.53316841000003, 34.991654667000034 ], [ 32.524316952000049, 34.992264624000029 ], [ 32.516962, 34.988484499000037 ], [ 32.503657443000066, 34.993344586000035 ], [ 32.500436131000072, 35.004939240000056 ], [ 32.497604500000079, 35.006740999000044 ] ] ] ] } },
{ "type": "Feature", "properties": { "GISCO_ID": "CY_6321", "CNTR_CODE": "CY", "LAU_ID": "6321", "LAU_NAME": "Περιστερώνα Πάφου", "cell_coverage": [ [ 0.0683 ], [ 0.2618 ] ], "xmin": 32.458333333333329, "xmax": 32.5, "ymin": 34.958333333333321, "ymax": 35.041666666666657 }, "geometry": { "type": "MultiPolygon", "coordinates": [ [ [ [ 32.497604500000079, 35.006740999000044 ], [ 32.496997531000034, 34.988145478000035 ], [ 32.491876500000046, 34.980894499000044 ], [ 32.477298763000078, 34.981148758000074 ], [ 32.473882, 34.976098999000044 ], [ 32.466525500000046, 34.982745999000031 ], [ 32.470046323000076, 34.991273001000025 ], [ 32.479762408000056, 34.994396748000042 ], [ 32.486832692000064, 35.003064800000061 ], [ 32.486685895000051, 35.010843043000079 ], [ 32.48419350000006, 35.012899499000071 ], [ 32.494879443000059, 35.010149798000043 ], [ 32.497604500000079, 35.006740999000044 ] ] ] ] } },
{ "type": "Feature", "properties": { "GISCO_ID": "CY_6330", "CNTR_CODE": "CY", "LAU_ID": "6330", "LAU_NAME": "Θελέτρα", "cell_coverage": [ [ 0.1729, 0.0469 ], [ 0.1677, 0.1087 ] ], "xmin": 32.416666666666664, "xmax": 32.5, "ymin": 34.875, "ymax": 34.958333333333321 }, "geometry": { "type": "MultiPolygon", "coordinates": [ [ [ [ 32.475302500000055, 34.907260499000074 ], [ 32.459083017000069, 34.897448049000047 ], [ 32.447043, 34.899526499000046 ], [ 32.440916202000039, 34.907278148000046 ], [ 32.43801250000007, 34.931366499000035 ], [ 32.449544500000059, 34.93230599900005 ], [ 32.460658514000045, 34.932559125000068 ], [ 32.463877, 34.928597499000034 ], [ 32.462675929000056, 34.923694963000059 ], [ 32.468150102000038, 34.911552430000029 ], [ 32.475302500000055, 34.907260499000074 ] ] ] ] } },
{ "type": "Feature", "properties": { "GISCO_ID": "CY_6222", "CNTR_CODE": "CY", "LAU_ID": "6222", "LAU_NAME": "Πενταλιά", "cell_coverage": [ [ 0.4605, 0.3091 ], [ 0.0385, 0.0032 ] ], "xmin": 32.583333333333329, "xmax": 32.666666666666664, "ymin": 34.79166666666665, "ymax": 34.875 }, "geometry": { "type": "MultiPolygon", "coordinates": [ [ [ [ 32.64298, 34.837020499000062 ], [ 32.636856, 34.831093999000075 ], [ 32.628235864000033, 34.838220245000059 ], [ 32.622680570000057, 34.839189727000075 ], [ 32.59896, 34.825767499000051 ], [ 32.592976540000052, 34.836282749000077 ], [ 32.593562868000049, 34.843472208000037 ], [ 32.585695500000043, 34.84289749900006 ], [ 32.599372, 34.854424999000059 ], [ 32.608664985000075, 34.855916333000039 ], [ 32.614315883000074, 34.864673916000072 ], [ 32.621046500000034, 34.867851999000038 ], [ 32.637271928000075, 34.859500816000036 ], [ 32.646170999000049, 34.848399374000053 ], [ 32.654006500000037, 34.846924499000067 ], [ 32.652455, 34.845141999000077 ], [ 32.649984500000073, 34.841226999000071 ], [ 32.648319500000071, 34.83952399900005 ], [ 32.645935500000064, 34.837930499000038 ], [ 32.64298, 34.837020499000062 ] ] ] ] } },
{ "type": "Feature", "properties": { "GISCO_ID": "CY_6223", "CNTR_CODE": "CY", "LAU_ID": "6223", "LAU_NAME": "Φάλεια", "cell_coverage": [ [ 0.0587, 0.1761 ] ], "xmin": 32.541666666666664, "xmax": 32.625, "ymin": 34.833333333333321, "ymax": 34.875 }, "geometry": { "type": "MultiPolygon", "coordinates": [ [ [ [ 32.580671500000051, 34.866644499000074 ], [ 32.585378500000047, 34.871446499000058 ], [ 32.587527630000068, 34.867654612000024 ], [ 32.598759581000024, 34.864831435000042 ], [ 32.599372, 34.854424999000059 ], [ 32.585695500000043, 34.84289749900006 ], [ 32.578837500000077, 34.846611999000061 ], [ 32.580594982000036, 34.849705775000075 ], [ 32.576381433000051, 34.853790291000053 ], [ 32.580671500000051, 34.866644499000074 ] ] ] ] } },
{ "type": "Feature", "properties": { "GISCO_ID": "CY_6224", "CNTR_CODE": "CY", "LAU_ID": "6224", "LAU_NAME": "Γαλαταριά", "cell_coverage": [ [ 0.009, 0.0712 ], [ 0.0171, 0.3464 ] ], "xmin": 32.583333333333329, "xmax": 32.666666666666664, "ymin": 34.833333333333321, "ymax": 34.916666666666657 }, "geometry": { "type": "MultiPolygon", "coordinates": [ [ [ [ 32.621046500000034, 34.867851999000038 ], [ 32.622109826000042, 34.878435683000077 ], [ 32.625762500000064, 34.882834499000069 ], [ 32.648278417000029, 34.87753232700004 ], [ 32.653224608000073, 34.86461629300004 ], [ 32.65895, 34.858678499000064 ], [ 32.662576500000057, 34.852830499000049 ], [ 32.654006500000037, 34.846924499000067 ], [ 32.646170999000049, 34.848399374000053 ], [ 32.637271928000075, 34.859500816000036 ], [ 32.621046500000034, 34.867851999000038 ] ] ] ] } },
{ "type": "Feature", "properties": { "GISCO_ID": "CY_6225", "CNTR_CODE": "CY", "LAU_ID": "6225", "LAU_NAME": "Κοιλίνεια", "cell_coverage": [ [ 0.2185, 0 ], [ 0.0846, 0.001 ] ], "xmin": 32.625, "xmax": 32.708333333333336, "ymin": 34.833333333333321, "ymax": 34.916666666666657 }, "geometry": { "type": "MultiPolygon", "coordinates": [ [ [ [ 32.625762500000064, 34.882834499000069 ], [ 32.625721, 34.895276499000033 ], [ 32.640102, 34.897910999000032 ], [ 32.647451070000045, 34.883466446000057 ], [ 32.668499, 34.872992499000077 ], [ 32.66164836300004, 34.869410234000043 ], [ 32.65895, 34.858678499000064 ], [ 32.653224608000073, 34.86461629300004 ], [ 32.648278417000029, 34.87753232700004 ], [ 32.625762500000064, 34.882834499000069 ] ] ] ] } },
{ "type": "Feature", "properties": { "GISCO_ID": "CY_6227", "CNTR_CODE": "CY", "LAU_ID": "6227", "LAU_NAME": "Στατός-Άγιος Φώτιος", "cell_coverage": [ [ 0.1038, 0.5697, 0.0058 ], [ 0, 0.2606, 0 ] ], "xmin": 32.541666666666664, "xmax": 32.666666666666664, "ymin": 34.833333333333321, "ymax": 34.916666666666657 }, "geometry": { "type": "MultiPolygon", "coordinates": [ [ [ [ 32.585378500000047, 34.871446499000058 ], [ 32.576863675000027, 34.88425563800007 ], [ 32.56616450000007, 34.891393999000059 ], [ 32.574076, 34.896585999000024 ], [ 32.591892801000029, 34.894880486000034 ], [ 32.596363405000034, 34.897844507000059 ], [ 32.606044540000028, 34.896950926000045 ], [ 32.60841750000003, 34.904560999000068 ], [ 32.621222021000051, 34.902465182000071 ], [ 32.625721, 34.895276499000033 ], [ 32.625762500000064, 34.882834499000069 ], [ 32.622109826000042, 34.878435683000077 ], [ 32.621046500000034, 34.867851999000038 ], [ 32.614315883000074, 34.864673916000072 ], [ 32.608664985000075, 34.855916333000039 ], [ 32.599372, 34.854424999000059 ], [ 32.598759581000024, 34.864831435000042 ], [ 32.587527630000068, 34.867654612000024 ], [ 32.585378500000047, 34.871446499000058 ] ] ] ] } },
{ "type": "Feature", "properties": { "GISCO_ID": "CY_6331", "CNTR_CODE": "CY", "LAU_ID": "6331", "LAU_NAME": "Γιόλου", "cell_coverage": [ [ 0.4431 ], [ 0.1034 ] ], "xmin": 32.458333333333329, "xmax": 32.5, "ymin": 34.875, "ymax": 34.958333333333321 }, "geometry": { "type": "MultiPolygon", "coordinates": [ [ [ [ 32.487858500000073, 34.910231999000075 ], [ 32.486889981000047, 34.905914884000026 ], [ 32.475302500000055, 34.907260499000074 ], [ 32.468150102000038, 34.911552430000029 ], [ 32.462675929000056, 34.923694963000059 ], [ 32.463877, 34.928597499000034 ], [ 32.468891448000079, 34.934216749000029 ], [ 32.469338429000061, 34.943427609000025 ], [ 32.466146, 34.948955999000077 ], [ 32.468798924000055, 34.953256682000074 ], [ 32.479764, 34.950517999000056 ], [ 32.490208500000051, 34.934354499000051 ], [ 32.494044418000044, 34.919706062000046 ], [ 32.486265661000061, 34.914548366000076 ], [ 32.487858500000073, 34.910231999000075 ] ] ] ] } },
{ "type": "Feature", "properties": { "GISCO_ID": "CY_6332", "CNTR_CODE": "CY", "LAU_ID": "6332", "LAU_NAME": "Πάνω Ακουρδάλεια", "cell_coverage": [ [ 0.1414 ] ], "xmin": 32.416666666666664, "xmax": 32.458333333333329, "ymin": 34.916666666666657, "ymax": 34.958333333333321 }, "geometry": { "type": "MultiPolygon", "coordinates": [ [ [ [ 32.455356, 34.946943499000042 ], [ 32.458036439000068, 34.943180959000074 ], [ 32.449261699000033, 34.939662253000051 ], [ 32.449544500000059, 34.93230599900005 ], [ 32.43801250000007, 34.931366499000035 ], [ 32.437305500000036, 34.937936499000045 ], [ 32.446033500000055, 34.956769499000075 ], [ 32.447870030000047, 34.949004882000054 ], [ 32.455356, 34.946943499000042 ] ] ] ] } },
{ "type": "Feature", "properties": { "GISCO_ID": "CY_6333", "CNTR_CODE": "CY", "LAU_ID": "6333", "LAU_NAME": "Μηλιού", "cell_coverage": [ [ 0.0532, 0.1003 ] ], "xmin": 32.416666666666664, "xmax": 32.5, "ymin": 34.916666666666657, "ymax": 34.958333333333321 }, "geometry": { "type": "MultiPolygon", "coordinates": [ [ [ [ 32.455356, 34.946943499000042 ], [ 32.45712750000007, 34.94945799900006 ], [ 32.460858207000058, 34.947239956000033 ], [ 32.466146, 34.948955999000077 ], [ 32.469338429000061, 34.943427609000025 ], [ 32.468891448000079, 34.934216749000029 ], [ 32.463877, 34.928597499000034 ], [ 32.460658514000045, 34.932559125000068 ], [ 32.449544500000059, 34.93230599900005 ], [ 32.449261699000033, 34.939662253000051 ], [ 32.458036439000068, 34.943180959000074 ], [ 32.455356, 34.946943499000042 ] ] ] ] } },
{ "type": "Feature", "properties": { "GISCO_ID": "CY_6334", "CNTR_CODE": "CY", "LAU_ID": "6334", "LAU_NAME": "Κάτω Ακουρδάλεια", "cell_coverage": [ [ 0.0393, 0.0507 ], [ 0.0653, 0.0041 ] ], "xmin": 32.416666666666664, "xmax": 32.5, "ymin": 34.91666666666665, "ymax": 34.999999999999986 }, "geometry": { "type": "MultiPolygon", "coordinates": [ [ [ [ 32.45712750000007, 34.94945799900006 ], [ 32.455356, 34.946943499000042 ], [ 32.447870030000047, 34.949004882000054 ], [ 32.446033500000055, 34.956769499000075 ], [ 32.452724979000038, 34.965889524000033 ], [ 32.457230500000037, 34.967269499000054 ], [ 32.465174500000046, 34.969858999000053 ], [ 32.468679500000064, 34.961086499000032 ], [ 32.459835357000031, 34.956991782000046 ], [ 32.45712750000007, 34.94945799900006 ] ] ] ] } },
{ "type": "Feature", "properties": { "GISCO_ID": "CY_6335", "CNTR_CODE": "CY", "LAU_ID": "6335", "LAU_NAME": "Τέρα", "cell_coverage": [ [ 0.0502, 0.3215 ] ], "xmin": 32.375, "xmax": 32.458333333333336, "ymin": 34.958333333333321, "ymax": 34.999999999999986 }, "geometry": { "type": "MultiPolygon", "coordinates": [ [ [ [ 32.407681500000024, 34.973208999000065 ], [ 32.412669988000061, 34.983408724000071 ], [ 32.421255922000057, 34.98712529200003 ], [ 32.42107138700004, 34.994136556000058 ], [ 32.425602, 34.996928999000033 ], [ 32.439065500000027, 34.985178499000028 ], [ 32.437119980000034, 34.981247372000041 ], [ 32.443273, 34.974172999000075 ], [ 32.42275074500003, 34.961358684000061 ], [ 32.419375296000055, 34.968129430000033 ], [ 32.407681500000024, 34.973208999000065 ] ] ] ] } },
{ "type": "Feature", "properties": { "GISCO_ID": "CY_6336", "CNTR_CODE": "CY", "LAU_ID": "6336", "LAU_NAME": "Κρίτου Τέρα", "cell_coverage": [ [ 0.0574, 0.2288 ], [ 0.0519, 0.2676 ] ], "xmin": 32.375, "xmax": 32.458333333333336, "ymin": 34.91666666666665, "ymax": 34.999999999999986 }, "geometry": { "type": "MultiPolygon", "coordinates": [ [ [ [ 32.407700500000033, 34.953613999000027 ], [ 32.409490867000045, 34.968802348000054 ], [ 32.407681500000024, 34.973208999000065 ], [ 32.419375296000055, 34.968129430000033 ], [ 32.42275074500003, 34.961358684000061 ], [ 32.443273, 34.974172999000075 ], [ 32.448496, 34.977198999000052 ], [ 32.457230500000037, 34.967269499000054 ], [ 32.452724979000038, 34.965889524000033 ], [ 32.446033500000055, 34.956769499000075 ], [ 32.437305500000036, 34.937936499000045 ], [ 32.42319, 34.93815199900007 ], [ 32.425729300000057, 34.939807922000057 ], [ 32.424315264000029, 34.94344798700007 ], [ 32.412893908000058, 34.946160249000059 ], [ 32.407700500000033, 34.953613999000027 ] ] ] ] } },
{ "type": "Feature", "properties": { "GISCO_ID": "CY_6337", "CNTR_CODE": "CY", "LAU_ID": "6337", "LAU_NAME": "Σκούλλη", "cell_coverage": [ [ 0.0577, 0.0739 ] ], "xmin": 32.416666666666664, "xmax": 32.5, "ymin": 34.958333333333321, "ymax": 34.999999999999986 }, "geometry": { "type": "MultiPolygon", "coordinates": [ [ [ [ 32.457230500000037, 34.967269499000054 ], [ 32.448496, 34.977198999000052 ], [ 32.447652880000078, 34.980751515000065 ], [ 32.450796726000078, 34.982696799000053 ], [ 32.473882, 34.976098999000044 ], [ 32.475222331000055, 34.974607080000055 ], [ 32.470168500000057, 34.971099999000046 ], [ 32.465174500000046, 34.969858999000053 ], [ 32.457230500000037, 34.967269499000054 ] ] ] ] } },
{ "type": "Feature", "properties": { "GISCO_ID": "CY_6338", "CNTR_CODE": "CY", "LAU_ID": "6338", "LAU_NAME": "Χόλη", "cell_coverage": [ [ 0.0554, 0.0339 ] ], "xmin": 32.416666666666664, "xmax": 32.5, "ymin": 34.958333333333321, "ymax": 34.999999999999986 }, "geometry": { "type": "MultiPolygon", "coordinates": [ [ [ [ 32.461209500000052, 34.989454999000031 ], [ 32.466525500000046, 34.982745999000031 ], [ 32.473882, 34.976098999000044 ], [ 32.450796726000078, 34.982696799000053 ], [ 32.447652880000078, 34.980751515000065 ], [ 32.448496, 34.977198999000052 ], [ 32.443273, 34.974172999000075 ], [ 32.437119980000034, 34.981247372000041 ], [ 32.439065500000027, 34.985178499000028 ], [ 32.441769845000067, 34.981426759000044 ], [ 32.447512066000058, 34.985936180000067 ], [ 32.460985095000069, 34.980763720000027 ], [ 32.461209500000052, 34.989454999000031 ] ] ] ] } },
{ "type": "Feature", "properties": { "GISCO_ID": "CY_6228", "CNTR_CODE": "CY", "LAU_ID": "6228", "LAU_NAME": "Λαπηθιού", "cell_coverage": [ [ 0.0445, 0.2131 ] ], "xmin": 32.541666666666664, "xmax": 32.625, "ymin": 34.875, "ymax": 34.916666666666657 }, "geometry": { "type": "MultiPolygon", "coordinates": [ [ [ [ 32.601876, 34.909696499000063 ], [ 32.610712769000031, 34.90781915000008 ], [ 32.60841750000003, 34.904560999000068 ], [ 32.606044540000028, 34.896950926000045 ], [ 32.596363405000034, 34.897844507000059 ], [ 32.591892801000029, 34.894880486000034 ], [ 32.574076, 34.896585999000024 ], [ 32.581346355000051, 34.909390660000042 ], [ 32.589478, 34.914459499000031 ], [ 32.601876, 34.909696499000063 ] ] ] ] } },
{ "type": "Feature", "properties": { "GISCO_ID": "CY_6229", "CNTR_CODE": "CY", "LAU_ID": "6229", "LAU_NAME": "Μαμούνταλη", "cell_coverage": [ [ 0.0187 ], [ 0.0778 ] ], "xmin": 32.583333333333329, "xmax": 32.625, "ymin": 34.875, "ymax": 34.958333333333321 }, "geometry": { "type": "MultiPolygon", "coordinates": [ [ [ [ 32.590778500000056, 34.919271999000046 ], [ 32.602657279000027, 34.915835008000045 ], [ 32.614765636000072, 34.917051220000076 ], [ 32.619292500000029, 34.92301149900004 ], [ 32.62051032200003, 34.916567736000047 ], [ 32.617793367000047, 34.914426220000053 ], [ 32.618099364000045, 34.911847495000075 ], [ 32.607608169000059, 34.912207070000079 ], [ 32.601876, 34.909696499000063 ], [ 32.589478, 34.914459499000031 ], [ 32.590778500000056, 34.919271999000046 ] ] ] ] } },
{ "type": "Feature", "properties": { "GISCO_ID": "CY_6230", "CNTR_CODE": "CY", "LAU_ID": "6230", "LAU_NAME": "Πάνω Παναγιά", "cell_coverage": [ [ 0, 0, 0.0146 ], [ 0.2479, 0.8134, 0.2792 ], [ 0.1849, 0.978, 0.1089 ], [ 0.1128, 0.3356, 0.0026 ] ], "xmin": 32.583333333333329, "xmax": 32.708333333333329, "ymin": 34.875, "ymax": 35.041666666666657 }, "geometry": { "type": "MultiPolygon", "coordinates": [ [ [ [ 32.60841750000003, 34.904560999000068 ], [ 32.610712769000031, 34.90781915000008 ], [ 32.601876, 34.909696499000063 ], [ 32.607608169000059, 34.912207070000079 ], [ 32.618099364000045, 34.911847495000075 ], [ 32.617793367000047, 34.914426220000053 ], [ 32.62051032200003, 34.916567736000047 ], [ 32.619292500000029, 34.92301149900004 ], [ 32.619083818000036, 34.934308027000043 ], [ 32.60854357900007, 34.938044382000044 ], [ 32.61752894600005, 34.948001713000053 ], [ 32.620325046000062, 34.957805929000074 ], [ 32.615822347000062, 34.965241658000025 ], [ 32.606345, 34.970161499000028 ], [ 32.60389639300007, 34.975428328000078 ], [ 32.585143500000072, 34.975376499000049 ], [ 32.58551747000007, 34.978774971000064 ], [ 32.58960286100006, 34.980072492000033 ], [ 32.626147838000065, 34.981614586000035 ], [ 32.629453798000043, 34.984117493000042 ], [ 32.631878389000065, 34.993142157000079 ], [ 32.654198948000044, 34.991959726000061 ], [ 32.675849500000027, 35.005311999000071 ], [ 32.678270886000064, 34.991252693000035 ], [ 32.673374306000028, 34.982312256000057 ], [ 32.677801729000066, 34.979085418000068 ], [ 32.682055333000051, 34.964049995000039 ], [ 32.675474559000065, 34.950833634000048 ], [ 32.676048897000044, 34.939372930000047 ], [ 32.66685723300003, 34.938829233000035 ], [ 32.662477023000065, 34.933085500000061 ], [ 32.668065709000075, 34.916074133000052 ], [ 32.666333500000064, 34.909327499000028 ], [ 32.657738693000056, 34.910583746000043 ], [ 32.640102, 34.897910999000032 ], [ 32.625721, 34.895276499000033 ], [ 32.621222021000051, 34.902465182000071 ], [ 32.60841750000003, 34.904560999000068 ] ] ] ] } },
{ "type": "Feature", "properties": { "GISCO_ID": "CY_6231", "CNTR_CODE": "CY", "LAU_ID": "6231", "LAU_NAME": "Ασπρογιά", "cell_coverage": [ [ 0, 0.0928 ], [ 0.0012, 0.5645 ], [ 0, 0.0027 ] ], "xmin": 32.541666666666664, "xmax": 32.625, "ymin": 34.875, "ymax": 34.999999999999986 }, "geometry": { "type": "MultiPolygon", "coordinates": [ [ [ [ 32.606345, 34.970161499000028 ], [ 32.615822347000062, 34.965241658000025 ], [ 32.620325046000062, 34.957805929000074 ], [ 32.61752894600005, 34.948001713000053 ], [ 32.60854357900007, 34.938044382000044 ], [ 32.619083818000036, 34.934308027000043 ], [ 32.619292500000029, 34.92301149900004 ], [ 32.614765636000072, 34.917051220000076 ], [ 32.602657279000027, 34.915835008000045 ], [ 32.590778500000056, 34.919271999000046 ], [ 32.582107500000063, 34.925557999000034 ], [ 32.586985222000067, 34.935916779000024 ], [ 32.605069373000049, 34.949215305000052 ], [ 32.598962800000038, 34.963943915000073 ], [ 32.606345, 34.970161499000028 ] ] ] ] } },
{ "type": "Feature", "properties": { "GISCO_ID": "CY_6300", "CNTR_CODE": "CY", "LAU_ID": "6300", "LAU_NAME": "Ψάθι", "cell_coverage": [ [ 0.1206, 0.0029 ] ], "xmin": 32.5, "xmax": 32.583333333333336, "ymin": 34.875, "ymax": 34.916666666666657 }, "geometry": { "type": "MultiPolygon", "coordinates": [ [ [ [ 32.54423, 34.888426999000046 ], [ 32.538253500000053, 34.883427499000049 ], [ 32.53270477600006, 34.884244978000027 ], [ 32.526100767000059, 34.897779562000039 ], [ 32.520948, 34.899750499000049 ], [ 32.521624, 34.90023749900007 ], [ 32.538719, 34.901802499000041 ], [ 32.540917704000037, 34.890793809000058 ], [ 32.54423, 34.888426999000046 ] ] ] ] } },
{ "type": "Feature", "properties": { "GISCO_ID": "CY_6301", "CNTR_CODE": "CY", "LAU_ID": "6301", "LAU_NAME": "Άγιος Δημητριανός", "cell_coverage": [ [ 0.0243, 0.2712 ] ], "xmin": 32.5, "xmax": 32.583333333333336, "ymin": 34.875, "ymax": 34.916666666666657 }, "geometry": { "type": "MultiPolygon", "coordinates": [ [ [ [ 32.556828500000051, 34.890111999000055 ], [ 32.54423, 34.888426999000046 ], [ 32.540917704000037, 34.890793809000058 ], [ 32.538719, 34.901802499000041 ], [ 32.538689556000065, 34.908045031000029 ], [ 32.548486500000024, 34.915053499000066 ], [ 32.548555, 34.91509049900003 ], [ 32.565132500000061, 34.912479999000027 ], [ 32.560564246000069, 34.905334327000048 ], [ 32.561326605000033, 34.895124518000046 ], [ 32.556828500000051, 34.890111999000055 ] ] ] ] } },
{ "type": "Feature", "properties": { "GISCO_ID": "CY_6302", "CNTR_CODE": "CY", "LAU_ID": "6302", "LAU_NAME": "Κανναβιού", "cell_coverage": [ [ 0.0292, 0.0222 ], [ 0.2278, 0.015 ] ], "xmin": 32.541666666666664, "xmax": 32.625, "ymin": 34.875, "ymax": 34.958333333333321 }, "geometry": { "type": "MultiPolygon", "coordinates": [ [ [ [ 32.590778500000056, 34.919271999000046 ], [ 32.589478, 34.914459499000031 ], [ 32.581346355000051, 34.909390660000042 ], [ 32.574076, 34.896585999000024 ], [ 32.56616450000007, 34.891393999000059 ], [ 32.560394183000028, 34.888280362000046 ], [ 32.556828500000051, 34.890111999000055 ], [ 32.561326605000033, 34.895124518000046 ], [ 32.560564246000069, 34.905334327000048 ], [ 32.565132500000061, 34.912479999000027 ], [ 32.569313492000049, 34.913515320000045 ], [ 32.572518384000034, 34.91909753300007 ], [ 32.578365538000071, 34.91978208200004 ], [ 32.582107500000063, 34.925557999000034 ], [ 32.590778500000056, 34.919271999000046 ] ] ] ] } },
{ "type": "Feature", "properties": { "GISCO_ID": "CY_6339", "CNTR_CODE": "CY", "LAU_ID": "6339", "LAU_NAME": "Λουκρούνου", "cell_coverage": [ [ 0, 0.0092 ], [ 0.0014, 0.095 ] ], "xmin": 32.416666666666664, "xmax": 32.5, "ymin": 34.91666666666665, "ymax": 34.999999999999986 }, "geometry": { "type": "MultiPolygon", "coordinates": [ [ [ [ 32.483283, 34.953962499000056 ], [ 32.479764, 34.950517999000056 ], [ 32.468798924000055, 34.953256682000074 ], [ 32.466146, 34.948955999000077 ], [ 32.460858207000058, 34.947239956000033 ], [ 32.45712750000007, 34.94945799900006 ], [ 32.459835357000031, 34.956991782000046 ], [ 32.468679500000064, 34.961086499000032 ], [ 32.483283, 34.953962499000056 ] ] ] ] } },
{ "type": "Feature", "properties": { "GISCO_ID": "CY_6340", "CNTR_CODE": "CY", "LAU_ID": "6340", "LAU_NAME": "Καραμούλληδες", "cell_coverage": [ [ 0.0077 ], [ 0.0057 ] ], "xmin": 32.416666666666664, "xmax": 32.458333333333329, "ymin": 34.958333333333321, "ymax": 35.041666666666657 }, "geometry": { "type": "MultiPolygon", "coordinates": [ [ [ [ 32.437557, 34.999090499000033 ], [ 32.44077635900004, 35.001485997000032 ], [ 32.447528, 35.002938499000038 ], [ 32.444127079000054, 34.998096781000072 ], [ 32.437557, 34.999090499000033 ] ] ] ] } },
{ "type": "Feature", "properties": { "GISCO_ID": "CY_6341", "CNTR_CODE": "CY", "LAU_ID": "6341", "LAU_NAME": "Χρυσοχού", "cell_coverage": [ [ 0.0054, 0.3664 ], [ 0, 0.0063 ] ], "xmin": 32.375, "xmax": 32.458333333333336, "ymin": 34.958333333333321, "ymax": 35.041666666666657 }, "geometry": { "type": "MultiPolygon", "coordinates": [ [ [ [ 32.45042, 35.004608499000028 ], [ 32.447528, 35.002938499000038 ], [ 32.44077635900004, 35.001485997000032 ], [ 32.437557, 34.999090499000033 ], [ 32.429025154000044, 35.001428520000047 ], [ 32.425767500000063, 34.998213999000029 ], [ 32.419756961000076, 34.99942494000004 ], [ 32.414711, 35.009478499000068 ], [ 32.416717474000052, 35.015379880000069 ], [ 32.422821553000063, 35.018454641000062 ], [ 32.430851652000058, 35.012381048000066 ], [ 32.434473599000057, 35.012799751000045 ], [ 32.434160336000048, 35.021608105000041 ], [ 32.438405978000048, 35.02591856600003 ], [ 32.452541, 35.025851999000054 ], [ 32.447475131000033, 35.019886133000057 ], [ 32.451700005000077, 35.012253950000058 ], [ 32.45042, 35.004608499000028 ] ] ] ] } },
{ "type": "Feature", "properties": { "GISCO_ID": "CY_6344", "CNTR_CODE": "CY", "LAU_ID": "6344", "LAU_NAME": "Νέο Χωριό Πάφου", "cell_coverage": [ [ 0.1645, 0.0884, 0, 0 ], [ 0.2344, 0.6042, 0.2576, 0.0028 ], [ 0, 0.0788, 0.7603, 0.2259 ] ], "xmin": 32.25, "xmax": 32.416666666666664, "ymin": 34.999999999999986, "ymax": 35.125 }, "geometry": { "type": "MultiPolygon", "coordinates": [ [ [ [ 32.394511500000078, 35.027073499000039 ], [ 32.391270001000066, 35.022126244000049 ], [ 32.380154295000068, 35.01937466000004 ], [ 32.370129614000064, 35.008813582000073 ], [ 32.346584549000056, 35.006897517000027 ], [ 32.328465793000078, 35.024321549000035 ], [ 32.320861291000028, 35.052219993000051 ], [ 32.269781, 35.06621399900007 ], [ 32.276399225000034, 35.095276297000055 ], [ 32.286772767000059, 35.104905264000024 ], [ 32.302319846000046, 35.091789358000028 ], [ 32.305920241000024, 35.083510373000024 ], [ 32.357733274000054, 35.048766115000035 ], [ 32.378380637000078, 35.042079715000057 ], [ 32.39133, 35.041373499000031 ], [ 32.394511500000078, 35.027073499000039 ] ] ] ] } },
{ "type": "Feature", "properties": { "GISCO_ID": "CY_6345", "CNTR_CODE": "CY", "LAU_ID": "6345", "LAU_NAME": "Γουδί", "cell_coverage": [ [ 0.0226, 0 ], [ 0.24, 0.0186 ] ], "xmin": 32.416666666666664, "xmax": 32.5, "ymin": 34.958333333333321, "ymax": 35.041666666666657 }, "geometry": { "type": "MultiPolygon", "coordinates": [ [ [ [ 32.461209500000052, 34.989454999000031 ], [ 32.460985095000069, 34.980763720000027 ], [ 32.447512066000058, 34.985936180000067 ], [ 32.441769845000067, 34.981426759000044 ], [ 32.439065500000027, 34.985178499000028 ], [ 32.425602, 34.996928999000033 ], [ 32.425767500000063, 34.998213999000029 ], [ 32.429025154000044, 35.001428520000047 ], [ 32.437557, 34.999090499000033 ], [ 32.444127079000054, 34.998096781000072 ], [ 32.447528, 35.002938499000038 ], [ 32.45042, 35.004608499000028 ], [ 32.455356795000057, 35.002951710000048 ], [ 32.461209500000052, 34.989454999000031 ] ] ] ] } },
{ "type": "Feature", "properties": { "GISCO_ID": "CY_6350", "CNTR_CODE": "CY", "LAU_ID": "6350", "LAU_NAME": "Κάτω Αρόδες", "cell_coverage": [ [ 0.1039, 0.2278, 0.2378, 0.0254 ] ], "xmin": 32.291666666666664, "xmax": 32.458333333333329, "ymin": 34.916666666666657, "ymax": 34.958333333333321 }, "geometry": { "type": "MultiPolygon", "coordinates": [ [ [ [ 32.407700500000033, 34.953613999000027 ], [ 32.412893908000058, 34.946160249000059 ], [ 32.424315264000029, 34.94344798700007 ], [ 32.425729300000057, 34.939807922000057 ], [ 32.42319, 34.93815199900007 ], [ 32.415912438000078, 34.940260615000057 ], [ 32.383388172000025, 34.935155214000076 ], [ 32.373972497000068, 34.928750714000046 ], [ 32.363183959000025, 34.926798804000043 ], [ 32.334299, 34.930282999000042 ], [ 32.335690056000033, 34.935436989000038 ], [ 32.313243, 34.944759499000043 ], [ 32.312395500000036, 34.947504999000046 ], [ 32.316488393000043, 34.955770299000051 ], [ 32.320439647000057, 34.956954074000066 ], [ 32.324420992000057, 34.950483456000029 ], [ 32.321914952000043, 34.94515901300008 ], [ 32.341145313000027, 34.942534884000054 ], [ 32.365224710000064, 34.932536937000066 ], [ 32.382517352000036, 34.943406627000059 ], [ 32.403887500000053, 34.950383499000054 ], [ 32.407700500000033, 34.953613999000027 ] ] ] ] } },
{ "type": "Feature", "properties": { "GISCO_ID": "CY_6351", "CNTR_CODE": "CY", "LAU_ID": "6351", "LAU_NAME": "Πάνω Αρόδες", "cell_coverage": [ [ 0.0002, 0.252, 0.4133, 0.14 ], [ 0, 0.0129, 0.0116, 0 ] ], "xmin": 32.291666666666664, "xmax": 32.458333333333329, "ymin": 34.875, "ymax": 34.958333333333321 }, "geometry": { "type": "MultiPolygon", "coordinates": [ [ [ [ 32.42319, 34.93815199900007 ], [ 32.437305500000036, 34.937936499000045 ], [ 32.43801250000007, 34.931366499000035 ], [ 32.427845294000065, 34.927968014000044 ], [ 32.425213866000036, 34.923978677000036 ], [ 32.408658561000038, 34.923347798000066 ], [ 32.384495636000054, 34.914509541000029 ], [ 32.366666232000057, 34.917145652000045 ], [ 32.352930745000037, 34.914410331000056 ], [ 32.345750500000065, 34.916791999000054 ], [ 32.332989134000059, 34.924431361000075 ], [ 32.334299, 34.930282999000042 ], [ 32.363183959000025, 34.926798804000043 ], [ 32.373972497000068, 34.928750714000046 ], [ 32.383388172000025, 34.935155214000076 ], [ 32.415912438000078, 34.940260615000057 ], [ 32.42319, 34.93815199900007 ] ] ] ] } },
{ "type": "Feature", "properties": { "GISCO_ID": "CY_6303", "CNTR_CODE": "CY", "LAU_ID": "6303", "LAU_NAME": "Θρινιά", "cell_coverage": [ [ 0.0469 ], [ 0.2309 ] ], "xmin": 32.5, "xmax": 32.541666666666664, "ymin": 34.875, "ymax": 34.958333333333321 }, "geometry": { "type": "MultiPolygon", "coordinates": [ [ [ [ 32.51986050000005, 34.922518999000033 ], [ 32.52898950000008, 34.922070499000029 ], [ 32.538474544000053, 34.91127189000008 ], [ 32.521849358000054, 34.903243967000037 ], [ 32.521624, 34.90023749900007 ], [ 32.520948, 34.899750499000049 ], [ 32.503139500000032, 34.902718499000059 ], [ 32.501153500000044, 34.906903999000065 ], [ 32.501690076000045, 34.910920150000038 ], [ 32.509009326000069, 34.91168687000004 ], [ 32.51986050000005, 34.922518999000033 ] ] ] ] } },
{ "type": "Feature", "properties": { "GISCO_ID": "CY_6305", "CNTR_CODE": "CY", "LAU_ID": "6305", "LAU_NAME": "Κρίτου Μαρόττου", "cell_coverage": [ [ 0.0022, 0.1824 ], [ 0.4367, 0.2096 ], [ 0.0376, 0 ] ], "xmin": 32.541666666666664, "xmax": 32.625, "ymin": 34.875, "ymax": 34.999999999999986 }, "geometry": { "type": "MultiPolygon", "coordinates": [ [ [ [ 32.560424500000067, 34.936938499000064 ], [ 32.572588969000037, 34.946209768000074 ], [ 32.583207777000041, 34.961453555000048 ], [ 32.585143500000072, 34.975376499000049 ], [ 32.60389639300007, 34.975428328000078 ], [ 32.606345, 34.970161499000028 ], [ 32.598962800000038, 34.963943915000073 ], [ 32.605069373000049, 34.949215305000052 ], [ 32.586985222000067, 34.935916779000024 ], [ 32.582107500000063, 34.925557999000034 ], [ 32.578365538000071, 34.91978208200004 ], [ 32.572518384000034, 34.91909753300007 ], [ 32.569313492000049, 34.913515320000045 ], [ 32.565132500000061, 34.912479999000027 ], [ 32.548555, 34.91509049900003 ], [ 32.560424500000067, 34.936938499000064 ] ] ] ] } },
{ "type": "Feature", "properties": { "GISCO_ID": "CY_6352", "CNTR_CODE": "CY", "LAU_ID": "6352", "LAU_NAME": "'Ινεια", "cell_coverage": [ [ 0.0319, 0, 0 ], [ 0.4593, 0.5229, 0.0714 ], [ 0.1597, 0.4851, 0.2037 ] ], "xmin": 32.291666666666664, "xmax": 32.416666666666664, "ymin": 34.916666666666657, "ymax": 35.041666666666657 }, "geometry": { "type": "MultiPolygon", "coordinates": [ [ [ [ 32.303310500000066, 35.010918999000069 ], [ 32.328451893000079, 34.994862853000029 ], [ 32.330069558000048, 34.989624838000054 ], [ 32.327900291000049, 34.984161019000055 ], [ 32.352747052000041, 34.982533661000048 ], [ 32.370620498000051, 34.974731191000046 ], [ 32.377243012000065, 34.968482913000059 ], [ 32.400400896000065, 34.956419966000055 ], [ 32.403887500000053, 34.950383499000054 ], [ 32.382517352000036, 34.943406627000059 ], [ 32.365224710000064, 34.932536937000066 ], [ 32.341145313000027, 34.942534884000054 ], [ 32.321914952000043, 34.94515901300008 ], [ 32.324420992000057, 34.950483456000029 ], [ 32.320439647000057, 34.956954074000066 ], [ 32.316488393000043, 34.955770299000051 ], [ 32.312395500000036, 34.947504999000046 ], [ 32.303624386000024, 34.950082868000038 ], [ 32.30194270800007, 34.953022993000047 ], [ 32.303125330000057, 34.958229177000078 ], [ 32.309285643000067, 34.958046038000077 ], [ 32.313048448000075, 34.963342945000079 ], [ 32.309613323000065, 34.971444405000057 ], [ 32.313121685000056, 34.979972245000056 ], [ 32.312884401000076, 34.99586914200006 ], [ 32.303310500000066, 35.010918999000069 ] ] ] ] } },
{ "type": "Feature", "properties": { "GISCO_ID": "CY_6353", "CNTR_CODE": "CY", "LAU_ID": "6353", "LAU_NAME": "Δρούσεια", "cell_coverage": [ [ 0.1572, 0.0445, 0, 0, 0 ], [ 0.1209, 0.54, 0.0006, 0.1633, 0.0045 ], [ 0, 0.0529, 0.1528, 0.7206, 0.0434 ], [ 0, 0, 0, 0.0266, 0 ] ], "xmin": 32.25, "xmax": 32.458333333333336, "ymin": 34.916666666666657, "ymax": 35.083333333333321 }, "geometry": { "type": "MultiPolygon", "coordinates": [ [ [ [ 32.397916500000065, 35.01491549900004 ], [ 32.414711, 35.009478499000068 ], [ 32.419756961000076, 34.99942494000004 ], [ 32.425767500000063, 34.998213999000029 ], [ 32.425602, 34.996928999000033 ], [ 32.42107138700004, 34.994136556000058 ], [ 32.421255922000057, 34.98712529200003 ], [ 32.412669988000061, 34.983408724000071 ], [ 32.407681500000024, 34.973208999000065 ], [ 32.409490867000045, 34.968802348000054 ], [ 32.407700500000033, 34.953613999000027 ], [ 32.403887500000053, 34.950383499000054 ], [ 32.400400896000065, 34.956419966000055 ], [ 32.377243012000065, 34.968482913000059 ], [ 32.370620498000051, 34.974731191000046 ], [ 32.352747052000041, 34.982533661000048 ], [ 32.327900291000049, 34.984161019000055 ], [ 32.330069558000048, 34.989624838000054 ], [ 32.328451893000079, 34.994862853000029 ], [ 32.303310500000066, 35.010918999000069 ], [ 32.294525147000058, 35.01767299200003 ], [ 32.289982905000045, 35.017648869000027 ], [ 32.28530233500004, 35.028154295000036 ], [ 32.276219561000062, 35.037602557000071 ], [ 32.270926, 35.061401999000054 ], [ 32.295191611000064, 35.050895153000056 ], [ 32.31366950000006, 35.032180499000049 ], [ 32.340551106000078, 34.990710818000025 ], [ 32.344480832000045, 34.991891199000065 ], [ 32.355851163000068, 34.987525295000069 ], [ 32.359906106000039, 34.982156248000024 ], [ 32.373248213000068, 34.975503956000068 ], [ 32.377204800000072, 34.982940681000059 ], [ 32.375244, 34.985770499000068 ], [ 32.388225600000055, 34.991681283000048 ], [ 32.391690113000038, 34.998769804000062 ], [ 32.390873614000043, 35.003561182000055 ], [ 32.397916500000065, 35.01491549900004 ] ] ] ] } },
{ "type": "Feature", "properties": { "GISCO_ID": "CY_6354", "CNTR_CODE": "CY", "LAU_ID": "6354", "LAU_NAME": "Φάσλι", "cell_coverage": [ [ 0.0468, 0.0256, 0 ], [ 0, 0.212, 0.0047 ] ], "xmin": 32.291666666666664, "xmax": 32.416666666666664, "ymin": 34.958333333333321, "ymax": 35.041666666666657 }, "geometry": { "type": "MultiPolygon", "coordinates": [ [ [ [ 32.31366950000006, 35.032180499000049 ], [ 32.343825744000071, 34.998337581000044 ], [ 32.34991046600004, 34.99473811200005 ], [ 32.373810834000039, 34.991859325000064 ], [ 32.375244, 34.985770499000068 ], [ 32.377204800000072, 34.982940681000059 ], [ 32.373248213000068, 34.975503956000068 ], [ 32.359906106000039, 34.982156248000024 ], [ 32.355851163000068, 34.987525295000069 ], [ 32.344480832000045, 34.991891199000065 ], [ 32.340551106000078, 34.990710818000025 ], [ 32.31366950000006, 35.032180499000049 ] ] ] ] } },
{ "type": "Feature", "properties": { "GISCO_ID": "CY_6355", "CNTR_CODE": "CY", "LAU_ID": "6355", "LAU_NAME": "Ανδρολίκου", "cell_coverage": [ [ 0.0749, 0.209, 0, 0 ], [ 0, 0.1792, 0.2135, 0.2437 ], [ 0, 0, 0.1124, 0.0957 ] ], "xmin": 32.25, "xmax": 32.416666666666664, "ymin": 34.958333333333321, "ymax": 35.083333333333321 }, "geometry": { "type": "MultiPolygon", "coordinates": [ [ [ [ 32.394511500000078, 35.027073499000039 ], [ 32.398903270000062, 35.022733311000025 ], [ 32.397916500000065, 35.01491549900004 ], [ 32.390873614000043, 35.003561182000055 ], [ 32.391690113000038, 34.998769804000062 ], [ 32.388225600000055, 34.991681283000048 ], [ 32.375244, 34.985770499000068 ], [ 32.373810834000039, 34.991859325000064 ], [ 32.34991046600004, 34.99473811200005 ], [ 32.343825744000071, 34.998337581000044 ], [ 32.31366950000006, 35.032180499000049 ], [ 32.295191611000064, 35.050895153000056 ], [ 32.270926, 35.061401999000054 ], [ 32.269781, 35.06621399900007 ], [ 32.320861291000028, 35.052219993000051 ], [ 32.328465793000078, 35.024321549000035 ], [ 32.346584549000056, 35.006897517000027 ], [ 32.370129614000064, 35.008813582000073 ], [ 32.380154295000068, 35.01937466000004 ], [ 32.391270001000066, 35.022126244000049 ], [ 32.394511500000078, 35.027073499000039 ] ] ] ] } },
{ "type": "Feature", "properties": { "GISCO_ID": "CY_6360", "CNTR_CODE": "CY", "LAU_ID": "6360", "LAU_NAME": "Πελαθούσα", "cell_coverage": [ [ 0.0017, 0.0141 ], [ 0.0137, 0.3825 ] ], "xmin": 32.416666666666664, "xmax": 32.5, "ymin": 34.999999999999986, "ymax": 35.083333333333321 }, "geometry": { "type": "MultiPolygon", "coordinates": [ [ [ [ 32.471326500000032, 35.013465999000061 ], [ 32.464467193000075, 35.016453481000042 ], [ 32.466111597000065, 35.02376359200008 ], [ 32.454969500000061, 35.026942499000029 ], [ 32.461132002000056, 35.033013040000071 ], [ 32.455554934000077, 35.037290128000052 ], [ 32.454788507000046, 35.042303338000067 ], [ 32.468759500000033, 35.04387549900008 ], [ 32.48645, 35.038157499000079 ], [ 32.495580401000041, 35.027031525000041 ], [ 32.481832932000032, 35.024878477000073 ], [ 32.48187450000006, 35.016909999000063 ], [ 32.471326500000032, 35.013465999000061 ] ] ] ] } },
{ "type": "Feature", "properties": { "GISCO_ID": "CY_6361", "CNTR_CODE": "CY", "LAU_ID": "6361", "LAU_NAME": "Κυνούσα", "cell_coverage": [ [ 0.0217, 0.0681 ], [ 0.0862, 0.3069 ] ], "xmin": 32.458333333333329, "xmax": 32.541666666666664, "ymin": 34.999999999999986, "ymax": 35.083333333333321 }, "geometry": { "type": "MultiPolygon", "coordinates": [ [ [ [ 32.506755500000054, 35.046871999000075 ], [ 32.532907, 35.043641999000045 ], [ 32.522378634000063, 35.02146096000007 ], [ 32.509497507000049, 35.02124488000004 ], [ 32.50223421700008, 35.024948260000031 ], [ 32.49880317700007, 35.022284426000056 ], [ 32.495580401000041, 35.027031525000041 ], [ 32.48645, 35.038157499000079 ], [ 32.491440753000063, 35.04096018000007 ], [ 32.495757901000047, 35.04863946200004 ], [ 32.502858397000068, 35.044296300000042 ], [ 32.506755500000054, 35.046871999000075 ] ] ] ] } },
{ "type": "Feature", "properties": { "GISCO_ID": "CY_6362", "CNTR_CODE": "CY", "LAU_ID": "6362", "LAU_NAME": "Μακούντα", "cell_coverage": [ [ 0.3079, 0.0457 ], [ 0.0171, 0 ] ], "xmin": 32.458333333333329, "xmax": 32.541666666666664, "ymin": 34.999999999999986, "ymax": 35.083333333333321 }, "geometry": { "type": "MultiPolygon", "coordinates": [ [ [ [ 32.48645, 35.038157499000079 ], [ 32.468759500000033, 35.04387549900008 ], [ 32.465676360000032, 35.050079165000056 ], [ 32.466569, 35.062415499000053 ], [ 32.48386611400008, 35.057770094000034 ], [ 32.489728262000028, 35.059535379000067 ], [ 32.496599091000064, 35.056026949000056 ], [ 32.504219960000057, 35.056850492000024 ], [ 32.508901610000066, 35.050783030000048 ], [ 32.506755500000054, 35.046871999000075 ], [ 32.502858397000068, 35.044296300000042 ], [ 32.495757901000047, 35.04863946200004 ], [ 32.491440753000063, 35.04096018000007 ], [ 32.48645, 35.038157499000079 ] ] ], [ [ [ 32.464366, 35.064494999000033 ], [ 32.465177, 35.06365899900004 ], [ 32.46065420900004, 35.060700807000046 ], [ 32.460873500000048, 35.061847999000065 ], [ 32.464366, 35.064494999000033 ] ] ] ] } },
{ "type": "Feature", "properties": { "GISCO_ID": "CY_6363", "CNTR_CODE": "CY", "LAU_ID": "6363", "LAU_NAME": "Αργάκα", "cell_coverage": [ [ 0.015, 0, 0 ], [ 0.3732, 0.5362, 0.0167 ] ], "xmin": 32.458333333333329, "xmax": 32.583333333333329, "ymin": 35.04166666666665, "ymax": 35.125 }, "geometry": { "type": "MultiPolygon", "coordinates": [ [ [ [ 32.506755500000054, 35.046871999000075 ], [ 32.508901610000066, 35.050783030000048 ], [ 32.504219960000057, 35.056850492000024 ], [ 32.496599091000064, 35.056026949000056 ], [ 32.489728262000028, 35.059535379000067 ], [ 32.48386611400008, 35.057770094000034 ], [ 32.466569, 35.062415499000053 ], [ 32.465177, 35.06365899900004 ], [ 32.464366, 35.064494999000033 ], [ 32.488920500000063, 35.08523449900008 ], [ 32.497881648000032, 35.086270955000032 ], [ 32.501082134000058, 35.080242193000061 ], [ 32.521937576000028, 35.071459680000032 ], [ 32.526833569000075, 35.063692434000075 ], [ 32.537873842000067, 35.059731312000054 ], [ 32.548406, 35.051862999000036 ], [ 32.532907, 35.043641999000045 ], [ 32.506755500000054, 35.046871999000075 ] ] ] ] } },
{ "type": "Feature", "properties": { "GISCO_ID": "CY_6364", "CNTR_CODE": "CY", "LAU_ID": "6364", "LAU_NAME": "Γιαλιά", "cell_coverage": [ [ 0.049, 0.5622, 0.4396, 0.0326 ], [ 0.0002, 0.3278, 0.5749, 0.1368 ] ], "xmin": 32.458333333333329, "xmax": 32.625, "ymin": 35.04166666666665, "ymax": 35.125 }, "geometry": { "type": "MultiPolygon", "coordinates": [ [ [ [ 32.597983500000055, 35.065556499000024 ], [ 32.56632079700006, 35.062776634000045 ], [ 32.548406, 35.051862999000036 ], [ 32.537873842000067, 35.059731312000054 ], [ 32.526833569000075, 35.063692434000075 ], [ 32.521937576000028, 35.071459680000032 ], [ 32.501082134000058, 35.080242193000061 ], [ 32.497881648000032, 35.086270955000032 ], [ 32.488920500000063, 35.08523449900008 ], [ 32.504745, 35.107917499000052 ], [ 32.507967081000061, 35.106871106000028 ], [ 32.515929766000056, 35.111519596000051 ], [ 32.53745979200005, 35.102515826000058 ], [ 32.558563, 35.106069999000056 ], [ 32.581996231000062, 35.093859666000071 ], [ 32.594146328000079, 35.084316589000025 ], [ 32.597983500000055, 35.065556499000024 ] ] ] ] } },
{ "type": "Feature", "properties": { "GISCO_ID": "CY_6365", "CNTR_CODE": "CY", "LAU_ID": "6365", "LAU_NAME": "Αγία Μαρίνα Χρυσοχούς", "cell_coverage": [ [ 0.1187, 0.0083 ], [ 0.3369, 0.2242 ] ], "xmin": 32.5, "xmax": 32.583333333333336, "ymin": 35.083333333333321, "ymax": 35.166666666666657 }, "geometry": { "type": "MultiPolygon", "coordinates": [ [ [ [ 32.517122500000028, 35.131065499000044 ], [ 32.51892907000007, 35.131732664000026 ], [ 32.520485500000063, 35.134885999000062 ], [ 32.533566421000046, 35.133620475000043 ], [ 32.541964500000063, 35.128726999000037 ], [ 32.55270968800005, 35.123091220000049 ], [ 32.572344, 35.121493999000052 ], [ 32.559362088000057, 35.116504276000057 ], [ 32.561385499000039, 35.109968412000057 ], [ 32.558563, 35.106069999000056 ], [ 32.53745979200005, 35.102515826000058 ], [ 32.515929766000056, 35.111519596000051 ], [ 32.507967081000061, 35.106871106000028 ], [ 32.504745, 35.107917499000052 ], [ 32.517122500000028, 35.131065499000044 ] ] ] ] } },
{ "type": "Feature", "properties": { "GISCO_ID": "CY_6366", "CNTR_CODE": "CY", "LAU_ID": "6366", "LAU_NAME": "Νέα Δήμματα", "cell_coverage": [ [ 0.0941, 0.0582 ] ], "xmin": 32.5, "xmax": 32.583333333333336, "ymin": 35.125, "ymax": 35.166666666666657 }, "geometry": { "type": "MultiPolygon", "coordinates": [ [ [ [ 32.520485500000063, 35.134885999000062 ], [ 32.524570727000025, 35.139816120000035 ], [ 32.533858208000026, 35.143218998000066 ], [ 32.556216152000047, 35.135095318000026 ], [ 32.554633693000028, 35.132245526000077 ], [ 32.541964500000063, 35.128726999000037 ], [ 32.533566421000046, 35.133620475000043 ], [ 32.520485500000063, 35.134885999000062 ] ] ] ] } },
{ "type": "Feature", "properties": { "GISCO_ID": "CY_6367", "CNTR_CODE": "CY", "LAU_ID": "6367", "LAU_NAME": "Πομός", "cell_coverage": [ [ 0, 0.0699, 0 ], [ 0.0965, 0.8249, 0.0802 ], [ 0, 0.0308, 0 ] ], "xmin": 32.5, "xmax": 32.625, "ymin": 35.083333333333321, "ymax": 35.208333333333321 }, "geometry": { "type": "MultiPolygon", "coordinates": [ [ [ [ 32.541964500000063, 35.128726999000037 ], [ 32.554633693000028, 35.132245526000077 ], [ 32.556216152000047, 35.135095318000026 ], [ 32.533858208000026, 35.143218998000066 ], [ 32.524570727000025, 35.139816120000035 ], [ 32.520485500000063, 35.134885999000062 ], [ 32.51892907000007, 35.131732664000026 ], [ 32.517122500000028, 35.131065499000044 ], [ 32.517646412000033, 35.135402188000057 ], [ 32.524054062000062, 35.143705737000062 ], [ 32.538928695000038, 35.152871651000055 ], [ 32.551172980000047, 35.175052466000068 ], [ 32.568688, 35.169813499000043 ], [ 32.569639485000039, 35.164880253000035 ], [ 32.58111555000005, 35.159369342000048 ], [ 32.594831500000055, 35.143969999000035 ], [ 32.586596430000043, 35.135402188000057 ], [ 32.568344450000041, 35.129091507000055 ], [ 32.572344, 35.121493999000052 ], [ 32.55270968800005, 35.123091220000049 ], [ 32.541964500000063, 35.128726999000037 ] ] ] ] } },
{ "type": "Feature", "properties": { "GISCO_ID": "CY_6368", "CNTR_CODE": "CY", "LAU_ID": "6368", "LAU_NAME": "Στενή", "cell_coverage": [ [ 0.1102, 0.2123 ], [ 0.0019, 0.1284 ] ], "xmin": 32.416666666666664, "xmax": 32.5, "ymin": 34.958333333333321, "ymax": 35.041666666666657 }, "geometry": { "type": "MultiPolygon", "coordinates": [ [ [ [ 32.45042, 35.004608499000028 ], [ 32.451700005000077, 35.012253950000058 ], [ 32.447475131000033, 35.019886133000057 ], [ 32.452541, 35.025851999000054 ], [ 32.454969500000061, 35.026942499000029 ], [ 32.466111597000065, 35.02376359200008 ], [ 32.464467193000075, 35.016453481000042 ], [ 32.471326500000032, 35.013465999000061 ], [ 32.470609273000036, 35.008007024000051 ], [ 32.462639699000079, 35.006725274000075 ], [ 32.464298879000069, 35.003798533000065 ], [ 32.471607855000059, 35.001985895000075 ], [ 32.482757500000048, 35.015094499000043 ], [ 32.48419350000006, 35.012899499000071 ], [ 32.486685895000051, 35.010843043000079 ], [ 32.486832692000064, 35.003064800000061 ], [ 32.479762408000056, 34.994396748000042 ], [ 32.470046323000076, 34.991273001000025 ], [ 32.466525500000046, 34.982745999000031 ], [ 32.461209500000052, 34.989454999000031 ], [ 32.455356795000057, 35.002951710000048 ], [ 32.45042, 35.004608499000028 ] ] ] ] } },
{ "type": "Feature", "properties": { "GISCO_ID": "CY_6369", "CNTR_CODE": "CY", "LAU_ID": "6369", "LAU_NAME": "Άγιος Ισίδωρος", "cell_coverage": [ [ 0.0666 ] ], "xmin": 32.458333333333329, "xmax": 32.5, "ymin": 34.999999999999993, "ymax": 35.041666666666657 }, "geometry": { "type": "MultiPolygon", "coordinates": [ [ [ [ 32.48187450000006, 35.016909999000063 ], [ 32.482757500000048, 35.015094499000043 ], [ 32.471607855000059, 35.001985895000075 ], [ 32.464298879000069, 35.003798533000065 ], [ 32.462639699000079, 35.006725274000075 ], [ 32.470609273000036, 35.008007024000051 ], [ 32.471326500000032, 35.013465999000061 ], [ 32.48187450000006, 35.016909999000063 ] ] ] ] } },
{ "type": "Feature", "properties": { "GISCO_ID": "CY_6370", "CNTR_CODE": "CY", "LAU_ID": "6370", "LAU_NAME": "Λιβάδι", "cell_coverage": [ [ 0.0552, 0.2668, 0 ], [ 0.3054, 0.9166, 0.1677 ], [ 0, 0.5242, 0.0348 ] ], "xmin": 32.541666666666664, "xmax": 32.666666666666664, "ymin": 35.041666666666657, "ymax": 35.166666666666657 }, "geometry": { "type": "MultiPolygon", "coordinates": [ [ [ [ 32.604743, 35.14220799900005 ], [ 32.614358, 35.137194499000032 ], [ 32.613853, 35.129712999000049 ], [ 32.610840370000062, 35.12427254000005 ], [ 32.619659500000068, 35.116292499000053 ], [ 32.630993500000045, 35.116099499000029 ], [ 32.634655223000038, 35.112475910000057 ], [ 32.633728, 35.090522499000031 ], [ 32.632549159000064, 35.075845233000052 ], [ 32.618558276000044, 35.075067112000056 ], [ 32.608027160000063, 35.060285174000057 ], [ 32.618742347000079, 35.056040041000074 ], [ 32.62162, 35.047881999000026 ], [ 32.58388233200003, 35.047428793000051 ], [ 32.585297060000073, 35.056744998000056 ], [ 32.597983500000055, 35.065556499000024 ], [ 32.594146328000079, 35.084316589000025 ], [ 32.581996231000062, 35.093859666000071 ], [ 32.558563, 35.106069999000056 ], [ 32.561385499000039, 35.109968412000057 ], [ 32.559362088000057, 35.116504276000057 ], [ 32.572344, 35.121493999000052 ], [ 32.568344450000041, 35.129091507000055 ], [ 32.586596430000043, 35.135402188000057 ], [ 32.594831500000055, 35.143969999000035 ], [ 32.604743, 35.14220799900005 ] ] ] ] } },
{ "type": "Feature", "properties": { "GISCO_ID": "CY_6306", "CNTR_CODE": "CY", "LAU_ID": "6306", "LAU_NAME": "Φύτη", "cell_coverage": [ [ 0.1193, 0.1521 ], [ 0, 0.0013 ] ], "xmin": 32.5, "xmax": 32.583333333333336, "ymin": 34.875, "ymax": 34.958333333333321 }, "geometry": { "type": "MultiPolygon", "coordinates": [ [ [ [ 32.528778, 34.948364499000036 ], [ 32.537848331000077, 34.945430857000076 ], [ 32.545500589000028, 34.938448331000075 ], [ 32.556767059000038, 34.935015733000057 ], [ 32.560424500000067, 34.936938499000064 ], [ 32.548555, 34.91509049900003 ], [ 32.548486500000024, 34.915053499000066 ], [ 32.541655773000059, 34.921165619000078 ], [ 32.531977, 34.92391599900003 ], [ 32.535013657000036, 34.932890284000052 ], [ 32.528922500000078, 34.947877499000072 ], [ 32.528778, 34.948364499000036 ] ] ] ] } },
{ "type": "Feature", "properties": { "GISCO_ID": "CY_6307", "CNTR_CODE": "CY", "LAU_ID": "6307", "LAU_NAME": "Λάσα", "cell_coverage": [ [ 0.2515 ] ], "xmin": 32.5, "xmax": 32.541666666666664, "ymin": 34.916666666666657, "ymax": 34.958333333333321 }, "geometry": { "type": "MultiPolygon", "coordinates": [ [ [ [ 32.517182, 34.952189499000042 ], [ 32.528922500000078, 34.947877499000072 ], [ 32.535013657000036, 34.932890284000052 ], [ 32.531977, 34.92391599900003 ], [ 32.52898950000008, 34.922070499000029 ], [ 32.51986050000005, 34.922518999000033 ], [ 32.518842831000029, 34.93154690800003 ], [ 32.514146, 34.937477499000067 ], [ 32.513332261000073, 34.943539431000033 ], [ 32.517182, 34.952189499000042 ] ] ] ] } },
{ "type": "Feature", "properties": { "GISCO_ID": "CY_6308", "CNTR_CODE": "CY", "LAU_ID": "6308", "LAU_NAME": "Δρύμου", "cell_coverage": [ [ 0.0845, 0.2065 ], [ 0.0576, 0.0386 ] ], "xmin": 32.458333333333329, "xmax": 32.541666666666664, "ymin": 34.875, "ymax": 34.958333333333321 }, "geometry": { "type": "MultiPolygon", "coordinates": [ [ [ [ 32.490208500000051, 34.934354499000051 ], [ 32.514146, 34.937477499000067 ], [ 32.518842831000029, 34.93154690800003 ], [ 32.51986050000005, 34.922518999000033 ], [ 32.509009326000069, 34.91168687000004 ], [ 32.501690076000045, 34.910920150000038 ], [ 32.501153500000044, 34.906903999000065 ], [ 32.487858500000073, 34.910231999000075 ], [ 32.486265661000061, 34.914548366000076 ], [ 32.494044418000044, 34.919706062000046 ], [ 32.490208500000051, 34.934354499000051 ] ] ] ] } },
{ "type": "Feature", "properties": { "GISCO_ID": "CY_6310", "CNTR_CODE": "CY", "LAU_ID": "6310", "LAU_NAME": "Σίμου", "cell_coverage": [ [ 0, 0.0001 ], [ 0.1672, 0.1703 ] ], "xmin": 32.458333333333329, "xmax": 32.541666666666664, "ymin": 34.91666666666665, "ymax": 34.999999999999986 }, "geometry": { "type": "MultiPolygon", "coordinates": [ [ [ [ 32.5156, 34.956738999000038 ], [ 32.517182, 34.952189499000042 ], [ 32.513332261000073, 34.943539431000033 ], [ 32.514146, 34.937477499000067 ], [ 32.490208500000051, 34.934354499000051 ], [ 32.479764, 34.950517999000056 ], [ 32.483283, 34.953962499000056 ], [ 32.495594348000054, 34.951200934000042 ], [ 32.496316500000034, 34.957029499000043 ], [ 32.50257629400005, 34.953152164000073 ], [ 32.509351459000072, 34.958619813000041 ], [ 32.5156, 34.956738999000038 ] ] ] ] } },
{ "type": "Feature", "properties": { "GISCO_ID": "CY_6311", "CNTR_CODE": "CY", "LAU_ID": "6311", "LAU_NAME": "Αναδιού", "cell_coverage": [ [ 0.0025, 0.2498, 0.0067 ], [ 0.0819, 0.3742, 0 ] ], "xmin": 32.5, "xmax": 32.625, "ymin": 34.91666666666665, "ymax": 34.999999999999986 }, "geometry": { "type": "MultiPolygon", "coordinates": [ [ [ [ 32.560424500000067, 34.936938499000064 ], [ 32.556767059000038, 34.935015733000057 ], [ 32.545500589000028, 34.938448331000075 ], [ 32.537848331000077, 34.945430857000076 ], [ 32.528778, 34.948364499000036 ], [ 32.528787683000076, 34.95234788700003 ], [ 32.534813229000065, 34.958546599000044 ], [ 32.547974537000073, 34.960148052000079 ], [ 32.557732500000043, 34.968626499000038 ], [ 32.574040375000038, 34.974500993000049 ], [ 32.585143500000072, 34.975376499000049 ], [ 32.583207777000041, 34.961453555000048 ], [ 32.572588969000037, 34.946209768000074 ], [ 32.560424500000067, 34.936938499000064 ] ] ] ] } },
{ "type": "Feature", "properties": { "GISCO_ID": "CY_6312", "CNTR_CODE": "CY", "LAU_ID": "6312", "LAU_NAME": "Σαραμά", "cell_coverage": [ [ 0.0577, 0.0779 ], [ 0.0687, 0 ] ], "xmin": 32.5, "xmax": 32.583333333333336, "ymin": 34.91666666666665, "ymax": 34.999999999999986 }, "geometry": { "type": "MultiPolygon", "coordinates": [ [ [ [ 32.528922500000078, 34.947877499000072 ], [ 32.517182, 34.952189499000042 ], [ 32.5156, 34.956738999000038 ], [ 32.516662500000052, 34.960915999000065 ], [ 32.533992975000046, 34.962020387000052 ], [ 32.550774, 34.973999499000058 ], [ 32.557732500000043, 34.968626499000038 ], [ 32.547974537000073, 34.960148052000079 ], [ 32.534813229000065, 34.958546599000044 ], [ 32.528787683000076, 34.95234788700003 ], [ 32.528778, 34.948364499000036 ], [ 32.528922500000078, 34.947877499000072 ] ] ] ] } },
{ "type": "Feature", "properties": { "GISCO_ID": "CY_6313", "CNTR_CODE": "CY", "LAU_ID": "6313", "LAU_NAME": "Ευρέτου", "cell_coverage": [ [ 0.1326 ], [ 0.0538 ] ], "xmin": 32.458333333333329, "xmax": 32.5, "ymin": 34.91666666666665, "ymax": 34.999999999999986 }, "geometry": { "type": "MultiPolygon", "coordinates": [ [ [ [ 32.496316500000034, 34.957029499000043 ], [ 32.495594348000054, 34.951200934000042 ], [ 32.483283, 34.953962499000056 ], [ 32.468679500000064, 34.961086499000032 ], [ 32.465174500000046, 34.969858999000053 ], [ 32.470168500000057, 34.971099999000046 ], [ 32.481014067000046, 34.965696588000071 ], [ 32.485856500000068, 34.966922499000077 ], [ 32.490711741000041, 34.962509723000039 ], [ 32.49600735000007, 34.962846472000024 ], [ 32.496316500000034, 34.957029499000043 ] ] ] ] } },
{ "type": "Feature", "properties": { "GISCO_ID": "CY_6314", "CNTR_CODE": "CY", "LAU_ID": "6314", "LAU_NAME": "Τριμιθούσα", "cell_coverage": [ [ 0.1456 ] ], "xmin": 32.458333333333329, "xmax": 32.5, "ymin": 34.958333333333321, "ymax": 34.999999999999986 }, "geometry": { "type": "MultiPolygon", "coordinates": [ [ [ [ 32.491876500000046, 34.980894499000044 ], [ 32.49417, 34.979222999000058 ], [ 32.490555373000063, 34.968440670000064 ], [ 32.485856500000068, 34.966922499000077 ], [ 32.481014067000046, 34.965696588000071 ], [ 32.470168500000057, 34.971099999000046 ], [ 32.475222331000055, 34.974607080000055 ], [ 32.473882, 34.976098999000044 ], [ 32.477298763000078, 34.981148758000074 ], [ 32.491876500000046, 34.980894499000044 ] ] ] ] } },
{ "type": "Feature", "properties": { "GISCO_ID": "CY_1021", "CNTR_CODE": "CY", "LAU_ID": "1021", "LAU_NAME": "Λακατάμεια", "cell_coverage": [ [ 0.2073, 0.2723, 0 ], [ 0.1397, 0.7695, 0.159 ], [ 0, 0.0041, 0 ] ], "xmin": 33.25, "xmax": 33.375, "ymin": 35.041666666666657, "ymax": 35.166666666666657 }, "geometry": { "type": "MultiPolygon", "coordinates": [ [ [ [ 33.277367500000025, 35.118014499000026 ], [ 33.278605515000038, 35.124364467000078 ], [ 33.270957, 35.135110999000062 ], [ 33.284147606000033, 35.146103138000058 ], [ 33.287508, 35.152256499000032 ], [ 33.303547947000027, 35.144550847000062 ], [ 33.310635, 35.136627999000041 ], [ 33.321186629000067, 35.131002972000033 ], [ 33.322466614000064, 35.123393293000049 ], [ 33.327812143000074, 35.11871433500005 ], [ 33.332085543000062, 35.108868427000061 ], [ 33.33915729000006, 35.111039904000052 ], [ 33.350207677000071, 35.104605872000036 ], [ 33.356523500000037, 35.104982999000072 ], [ 33.352957, 35.093332499000041 ], [ 33.332336812000051, 35.096936766000056 ], [ 33.325052626000058, 35.094349077000061 ], [ 33.313066436000042, 35.082553072000053 ], [ 33.305995, 35.082263499000078 ], [ 33.302247359000035, 35.092390908000027 ], [ 33.28916090000007, 35.098146644000053 ], [ 33.289376, 35.101646499000026 ], [ 33.293222994000075, 35.102715262000061 ], [ 33.294412660000035, 35.10562873300006 ], [ 33.293208163000031, 35.107602891000056 ], [ 33.28595937800003, 35.106509840000058 ], [ 33.286850500000071, 35.101029499000049 ], [ 33.282745288000058, 35.103302997000071 ], [ 33.281272761000025, 35.11415968600005 ], [ 33.277367500000025, 35.118014499000026 ] ] ] ] } },
{ "type": "Feature", "properties": { "GISCO_ID": "CY_1101", "CNTR_CODE": "CY", "LAU_ID": "1101", "LAU_NAME": "Μαθιάτης", "cell_coverage": [ [ 0.294, 0.4277 ], [ 0.092, 0.4211 ] ], "xmin": 33.291666666666664, "xmax": 33.375, "ymin": 34.91666666666665, "ymax": 34.999999999999986 }, "geometry": { "type": "MultiPolygon", "coordinates": [ [ [ [ 33.324765500000069, 34.94524799900006 ], [ 33.319922739000049, 34.957501557000057 ], [ 33.325942594000026, 34.972366175000047 ], [ 33.31052, 34.98205899900006 ], [ 33.319926500000065, 34.99413049900005 ], [ 33.347857457000032, 34.994688949000079 ], [ 33.36082, 34.955133499000056 ], [ 33.370294500000057, 34.937065999000026 ], [ 33.369483500000058, 34.936672999000052 ], [ 33.36246129400007, 34.937017924000031 ], [ 33.343995562000032, 34.930360979000056 ], [ 33.336329769000031, 34.940802810000037 ], [ 33.324765500000069, 34.94524799900006 ] ] ] ] } },
{ "type": "Feature", "properties": { "GISCO_ID": "CY_1104", "CNTR_CODE": "CY", "LAU_ID": "1104", "LAU_NAME": "Κοτσιάτης", "cell_coverage": [ [ 0.0388, 0.2339 ], [ 0, 0.001 ] ], "xmin": 33.291666666666664, "xmax": 33.375, "ymin": 34.958333333333321, "ymax": 35.041666666666657 }, "geometry": { "type": "MultiPolygon", "coordinates": [ [ [ [ 33.326324, 35.004029499000069 ], [ 33.327069575000053, 35.010440693000078 ], [ 33.338638988000071, 35.017266805000077 ], [ 33.345969500000024, 35.029206999000053 ], [ 33.357666463000044, 35.020617322000078 ], [ 33.348927367000044, 35.002142712000079 ], [ 33.339893077000056, 35.004907637000031 ], [ 33.336044627000035, 34.998797793000051 ], [ 33.326324, 35.004029499000069 ] ] ] ] } },
{ "type": "Feature", "properties": { "GISCO_ID": "CY_1204", "CNTR_CODE": "CY", "LAU_ID": "1204", "LAU_NAME": "Γούρρη", "cell_coverage": [ [ 0.477, 0.0402 ], [ 0.3092, 0.0964 ], [ 0, 0.0219 ] ], "xmin": 33.125, "xmax": 33.208333333333336, "ymin": 34.875, "ymax": 34.999999999999986 }, "geometry": { "type": "MultiPolygon", "coordinates": [ [ [ [ 33.13335950000004, 34.975457999000071 ], [ 33.136150927000074, 34.978395660000047 ], [ 33.132558, 34.980490499000041 ], [ 33.139547, 34.991479999000035 ], [ 33.154109322000068, 34.988085649000027 ], [ 33.162968903000035, 34.980969927000046 ], [ 33.16748750000005, 34.982092999000031 ], [ 33.171325508000052, 34.984608838000042 ], [ 33.171123, 34.979061999000066 ], [ 33.168543523000039, 34.972119416000055 ], [ 33.170534408000037, 34.968513390000055 ], [ 33.167366003000041, 34.965971186000047 ], [ 33.17099, 34.952735499000028 ], [ 33.169909886000028, 34.940099865000036 ], [ 33.161596194000026, 34.936470259000032 ], [ 33.172949189000065, 34.923217674000057 ], [ 33.180331420000073, 34.922180187000038 ], [ 33.18505250000004, 34.914155999000059 ], [ 33.183406500000046, 34.909103999000024 ], [ 33.171758500000067, 34.919642999000075 ], [ 33.165227162000065, 34.919758373000036 ], [ 33.162830345000032, 34.924984042000062 ], [ 33.149596515000042, 34.93649750700007 ], [ 33.14684005600003, 34.952588988000059 ], [ 33.140195727000048, 34.961317435000069 ], [ 33.142627306000065, 34.969296102000044 ], [ 33.13335950000004, 34.975457999000071 ] ] ] ] } },
{ "type": "Feature", "properties": { "GISCO_ID": "CY_1226", "CNTR_CODE": "CY", "LAU_ID": "1226", "LAU_NAME": "Πολιτικό", "cell_coverage": [ [ 0.0198, 0.6493 ], [ 0.1563, 0.2175 ] ], "xmin": 33.166666666666664, "xmax": 33.25, "ymin": 34.958333333333321, "ymax": 35.041666666666657 }, "geometry": { "type": "MultiPolygon", "coordinates": [ [ [ [ 33.214867500000025, 34.966361499000072 ], [ 33.202551940000035, 34.967059610000035 ], [ 33.200871850000055, 34.975664143000074 ], [ 33.196242500000039, 34.979449499000054 ], [ 33.196361783000043, 34.984477237000078 ], [ 33.202483500000028, 34.99418349900003 ], [ 33.210560500000042, 35.024341499000059 ], [ 33.217109478000054, 35.024972796000043 ], [ 33.223434585000064, 35.03707057500003 ], [ 33.235922991000052, 35.040316401000041 ], [ 33.245711500000027, 35.036349999000038 ], [ 33.243529496000065, 35.032563954000068 ], [ 33.247751871000048, 35.028437138000072 ], [ 33.249099436000051, 35.021339474000058 ], [ 33.243618599000058, 35.019166132000066 ], [ 33.241744500000038, 35.01393949900006 ], [ 33.24081125500004, 35.010449293000079 ], [ 33.232205839000073, 35.00457732600006 ], [ 33.230721139000025, 34.999140529000044 ], [ 33.220017959000074, 34.991512968000052 ], [ 33.221399714000029, 34.985606242000074 ], [ 33.215138069000034, 34.977000437000072 ], [ 33.214867500000025, 34.966361499000072 ] ] ] ] } },
{ "type": "Feature", "properties": { "GISCO_ID": "CY_6025", "CNTR_CODE": "CY", "LAU_ID": "6025", "LAU_NAME": "Μεσόγη", "cell_coverage": [ [ 0.12, 0.1125 ] ], "xmin": 32.416666666666664, "xmax": 32.5, "ymin": 34.791666666666657, "ymax": 34.833333333333321 }, "geometry": { "type": "MultiPolygon", "coordinates": [ [ [ [ 32.461014, 34.828876499000046 ], [ 32.460667607000062, 34.824715950000041 ], [ 32.469630444000074, 34.826329809000072 ], [ 32.477831500000036, 34.819312999000033 ], [ 32.474657733000072, 34.814323392000063 ], [ 32.463202412000044, 34.814763259000074 ], [ 32.455881748000024, 34.811204523000072 ], [ 32.449324500000046, 34.801749499000039 ], [ 32.43744739300007, 34.794457375000036 ], [ 32.434844500000054, 34.79644999900006 ], [ 32.454012265000074, 34.818157592000034 ], [ 32.455574291000062, 34.825003999000046 ], [ 32.461014, 34.828876499000046 ] ] ] ] } },
{ "type": "Feature", "properties": { "GISCO_ID": "CY_1408", "CNTR_CODE": "CY", "LAU_ID": "1408", "LAU_NAME": "Καλιάνα", "cell_coverage": [ [ 0.2458, 0.1814 ], [ 0.1145, 0.0224 ] ], "xmin": 32.833333333333329, "xmax": 32.916666666666664, "ymin": 34.958333333333321, "ymax": 35.041666666666657 }, "geometry": { "type": "MultiPolygon", "coordinates": [ [ [ [ 32.857832500000029, 34.989174999000056 ], [ 32.852558500000043, 34.996607499000049 ], [ 32.852225892000035, 35.005621074000032 ], [ 32.849732, 35.006163499000024 ], [ 32.84888335200003, 35.01295695500005 ], [ 32.859549, 35.017618999000035 ], [ 32.875325547000045, 35.019575170000053 ], [ 32.896766, 35.017764999000065 ], [ 32.896364, 35.015131499000063 ], [ 32.885966888000041, 35.001096361000066 ], [ 32.875173378000056, 34.992094142000042 ], [ 32.857832500000029, 34.989174999000056 ] ] ] ] } },
{ "type": "Feature", "properties": { "GISCO_ID": "CY_4214", "CNTR_CODE": "CY", "LAU_ID": "4214", "LAU_NAME": "Πυργά (τα) Λάρνακας", "cell_coverage": [ [ 0.0083, 0.4206, 0.0894 ], [ 0.1915, 0.9445, 0.3742 ], [ 0.0797, 0.128, 0 ] ], "xmin": 33.375, "xmax": 33.5, "ymin": 34.833333333333321, "ymax": 34.958333333333321 }, "geometry": { "type": "MultiPolygon", "coordinates": [ [ [ [ 33.417033, 34.862003999000024 ], [ 33.403309500000034, 34.864426499000047 ], [ 33.408435741000062, 34.879868331000068 ], [ 33.405870209000057, 34.886902237000072 ], [ 33.410692313000027, 34.897251757000049 ], [ 33.407927249000068, 34.908332431000076 ], [ 33.420366, 34.930394999000043 ], [ 33.42738307500008, 34.93553343800005 ], [ 33.444473490000064, 34.936487984000053 ], [ 33.449473, 34.942018999000027 ], [ 33.451679513000045, 34.933282201000054 ], [ 33.458590568000034, 34.926059578000036 ], [ 33.47278521000004, 34.921581762000073 ], [ 33.476044, 34.923176499000078 ], [ 33.482035500000052, 34.920183499000075 ], [ 33.485460500000045, 34.91164849900008 ], [ 33.48663971600007, 34.901992943000039 ], [ 33.470958368000026, 34.895068472000048 ], [ 33.468751500000053, 34.891706999000064 ], [ 33.463677500000074, 34.883158999000045 ], [ 33.458590568000034, 34.88201852900005 ], [ 33.453517396000052, 34.882615261000069 ], [ 33.441071673000067, 34.876980315000026 ], [ 33.433316500000046, 34.865184999000064 ], [ 33.417033, 34.862003999000024 ] ] ] ] } },
{ "type": "Feature", "properties": { "GISCO_ID": "CY_5021", "CNTR_CODE": "CY", "LAU_ID": "5021", "LAU_NAME": "'Υψωνας", "cell_coverage": [ [ 0.0412, 0 ], [ 0.7928, 0.0043 ], [ 0.4601, 0.4614 ], [ 0.0135, 0.0866 ] ], "xmin": 32.916666666666664, "xmax": 33.0, "ymin": 34.625, "ymax": 34.791666666666657 }, "geometry": { "type": "MultiPolygon", "coordinates": [ [ [ [ 32.930403, 34.697937499000034 ], [ 32.926948933000062, 34.711527243000035 ], [ 32.919031, 34.71098149900007 ], [ 32.917334188000041, 34.712905308000074 ], [ 32.922073182000076, 34.722406676000048 ], [ 32.918705638000063, 34.727412099000048 ], [ 32.921784, 34.736958499000025 ], [ 32.923405481000032, 34.741257747000077 ], [ 32.94428350000004, 34.759140499000068 ], [ 32.942872342000044, 34.754245750000052 ], [ 32.953328141000043, 34.751723839000078 ], [ 32.960354500000051, 34.741369999000028 ], [ 32.958607500000028, 34.738489499000025 ], [ 32.956408675000034, 34.738649860000066 ], [ 32.956780630000026, 34.731166961000042 ], [ 32.951327562000074, 34.728260584000054 ], [ 32.953925294000044, 34.716990555000052 ], [ 32.960741982000059, 34.706479363000028 ], [ 32.969091800000058, 34.702389574000051 ], [ 32.974943840000037, 34.688563750000071 ], [ 32.982014418000063, 34.687948530000028 ], [ 32.980442595000056, 34.682599936000031 ], [ 32.988420528000063, 34.680115026000067 ], [ 32.985813905000043, 34.669136733000073 ], [ 32.976157, 34.654821999000035 ], [ 32.969848789000025, 34.661340694000046 ], [ 32.947593500000039, 34.665527499000063 ], [ 32.94263348800007, 34.674890317000063 ], [ 32.946781363000071, 34.681160753000029 ], [ 32.939229021000074, 34.686551983000072 ], [ 32.940003151000042, 34.695292499000061 ], [ 32.936819757000023, 34.69810960500007 ], [ 32.930403, 34.697937499000034 ] ] ] ] } },
{ "type": "Feature", "properties": { "GISCO_ID": "CY_6112", "CNTR_CODE": "CY", "LAU_ID": "6112", "LAU_NAME": "Επισκοπή Πάφου", "cell_coverage": [ [ 0.3459, 0.0457 ], [ 0.3358, 0.0406 ] ], "xmin": 32.5, "xmax": 32.583333333333336, "ymin": 34.75, "ymax": 34.833333333333321 }, "geometry": { "type": "MultiPolygon", "coordinates": [ [ [ [ 32.532725, 34.767377999000075 ], [ 32.525127520000069, 34.767479254000079 ], [ 32.519229, 34.772802999000078 ], [ 32.507034500000032, 34.796839499000043 ], [ 32.517542131000027, 34.804294650000031 ], [ 32.513958500000058, 34.810634499000059 ], [ 32.518702, 34.812346499000057 ], [ 32.540032500000052, 34.81260499900003 ], [ 32.54546189000007, 34.805437420000032 ], [ 32.548205500000051, 34.790668999000047 ], [ 32.548504140000034, 34.784026791000031 ], [ 32.54013814700005, 34.777020321000066 ], [ 32.538920500000074, 34.771167999000056 ], [ 32.532725, 34.767377999000075 ] ] ] ] } },
{ "type": "Feature", "properties": { "GISCO_ID": "CY_4305", "CNTR_CODE": "CY", "LAU_ID": "4305", "LAU_NAME": "Ψεματισμένος", "cell_coverage": [ [ 0.0053, 0.3525, 0.0087 ], [ 0, 0.0768, 0 ] ], "xmin": 33.291666666666664, "xmax": 33.416666666666664, "ymin": 34.708333333333321, "ymax": 34.791666666666657 }, "geometry": { "type": "MultiPolygon", "coordinates": [ [ [ [ 33.380051, 34.776900999000077 ], [ 33.379249, 34.77332399900007 ], [ 33.35963216600004, 34.770828585000061 ], [ 33.345862503000035, 34.756473561000064 ], [ 33.34528890100006, 34.749371283000073 ], [ 33.354436866000071, 34.741075028000068 ], [ 33.350757483000052, 34.735558842000046 ], [ 33.355381, 34.731646999000077 ], [ 33.349071500000036, 34.730788999000026 ], [ 33.342926, 34.742302499000061 ], [ 33.339666058000034, 34.753529754000056 ], [ 33.335241228000029, 34.754389771000035 ], [ 33.330752059000076, 34.760820343000034 ], [ 33.341023583000037, 34.774674913000069 ], [ 33.342541500000038, 34.78089649900005 ], [ 33.364843353000026, 34.781837200000041 ], [ 33.370705763000046, 34.779946496000036 ], [ 33.372904129000062, 34.77543587100007 ], [ 33.380051, 34.776900999000077 ] ], [ [ 33.357111910000071, 34.774686222000071 ], [ 33.362539893000076, 34.772535362000042 ], [ 33.365296344000058, 34.775784875000056 ], [ 33.360841351000033, 34.777237265000053 ], [ 33.357111910000071, 34.774686222000071 ] ] ] ] } },
{ "type": "Feature", "properties": { "GISCO_ID": "CY_5120", "CNTR_CODE": "CY", "LAU_ID": "5120", "LAU_NAME": "Μουτταγιάκα", "cell_coverage": [ [ 0.2548 ], [ 0.022 ] ], "xmin": 33.083333333333329, "xmax": 33.125, "ymin": 34.66666666666665, "ymax": 34.75 }, "geometry": { "type": "MultiPolygon", "coordinates": [ [ [ [ 33.118319500000041, 34.725688999000056 ], [ 33.109722500000032, 34.702961999000024 ], [ 33.106888500000025, 34.701967999000033 ], [ 33.094048594000071, 34.718082437000078 ], [ 33.097675, 34.733315499000071 ], [ 33.102786226000035, 34.735463218000064 ], [ 33.109485, 34.730669999000042 ], [ 33.118319500000041, 34.725688999000056 ] ] ] ] } },
{ "type": "Feature", "properties": { "GISCO_ID": "CY_6128", "CNTR_CODE": "CY", "LAU_ID": "6128", "LAU_NAME": "Λεμώνα", "cell_coverage": [ [ 0.4425 ] ], "xmin": 32.541666666666664, "xmax": 32.583333333333329, "ymin": 34.833333333333321, "ymax": 34.875 }, "geometry": { "type": "MultiPolygon", "coordinates": [ [ [ [ 32.578837500000077, 34.846611999000061 ], [ 32.5643, 34.836812999000074 ], [ 32.55638586200007, 34.835986971000068 ], [ 32.554245040000069, 34.842701843000043 ], [ 32.544926500000031, 34.84388799900006 ], [ 32.545001, 34.848742999000024 ], [ 32.545117, 34.849883499000043 ], [ 32.54984784100003, 34.859712728000034 ], [ 32.557601299000055, 34.866886978000025 ], [ 32.565725901000064, 34.864699911000059 ], [ 32.580671500000051, 34.866644499000074 ], [ 32.576381433000051, 34.853790291000053 ], [ 32.580594982000036, 34.849705775000075 ], [ 32.578837500000077, 34.846611999000061 ] ] ] ] } },
{ "type": "Feature", "properties": { "GISCO_ID": "CY_5123", "CNTR_CODE": "CY", "LAU_ID": "5123", "LAU_NAME": "Ακρούντα", "cell_coverage": [ [ 0.3324, 0.3621 ], [ 0.0074, 0.012 ] ], "xmin": 33.041666666666664, "xmax": 33.125, "ymin": 34.708333333333321, "ymax": 34.791666666666657 }, "geometry": { "type": "MultiPolygon", "coordinates": [ [ [ [ 33.107946500000025, 34.78868649900005 ], [ 33.103972243000044, 34.784166706000065 ], [ 33.102049020000038, 34.770628033000037 ], [ 33.086083500000029, 34.744739499000048 ], [ 33.074751387000049, 34.751282315000026 ], [ 33.067040500000076, 34.749264499000049 ], [ 33.064185070000065, 34.757333609000057 ], [ 33.069366762000072, 34.769046642000035 ], [ 33.070609802000035, 34.787447888000031 ], [ 33.081765, 34.789009499000031 ], [ 33.103564, 34.788851499000032 ], [ 33.107946500000025, 34.78868649900005 ] ] ] ] } },
{ "type": "Feature", "properties": { "GISCO_ID": "CY_5012", "CNTR_CODE": "CY", "LAU_ID": "5012", "LAU_NAME": "Άγιος Αθανάσιος", "cell_coverage": [ [ 0, 0.0079 ], [ 0.055, 0.5747 ], [ 0, 0.1679 ] ], "xmin": 33.0, "xmax": 33.083333333333336, "ymin": 34.666666666666657, "ymax": 34.791666666666657 }, "geometry": { "type": "MultiPolygon", "coordinates": [ [ [ [ 33.057891500000039, 34.750234499000044 ], [ 33.067872348000037, 34.738108516000068 ], [ 33.068649827000058, 34.732869290000053 ], [ 33.065228594000075, 34.728995255000029 ], [ 33.066576375000068, 34.720293078000054 ], [ 33.074399102000029, 34.707071607000046 ], [ 33.074125365000043, 34.698278051000045 ], [ 33.077257903000032, 34.69264645100003 ], [ 33.073068, 34.689166999000065 ], [ 33.070753, 34.688423999000065 ], [ 33.065809, 34.694479999000066 ], [ 33.037723636000067, 34.715373208000074 ], [ 33.035252208000031, 34.721633447000045 ], [ 33.038019, 34.729693499000064 ], [ 33.044015791000049, 34.744834582000067 ], [ 33.052347500000053, 34.753017499000066 ], [ 33.057891500000039, 34.750234499000044 ] ] ] ] } },
{ "type": "Feature", "properties": { "GISCO_ID": "CY_1457", "CNTR_CODE": "CY", "LAU_ID": "1457", "LAU_NAME": "Κάτω Πύργος", "cell_coverage": [ [ 0.0037, 0.3687 ] ], "xmin": 32.625, "xmax": 32.708333333333336, "ymin": 35.166666666666657, "ymax": 35.208333333333321 }, "geometry": { "type": "MultiPolygon", "coordinates": [ [ [ [ 32.702787, 35.183853499000065 ], [ 32.703745423000044, 35.173761611000032 ], [ 32.700344500000028, 35.166886999000042 ], [ 32.677167238000038, 35.168348528000024 ], [ 32.672729, 35.171928999000045 ], [ 32.665625144000046, 35.182256579000068 ], [ 32.666689, 35.193186999000034 ], [ 32.676232466000044, 35.187816109000039 ], [ 32.702787, 35.183853499000065 ] ] ] ] } },
{ "type": "Feature", "properties": { "GISCO_ID": "CY_5137", "CNTR_CODE": "CY", "LAU_ID": "5137", "LAU_NAME": "Ακαπνού", "cell_coverage": [ [ 0.2892, 0.0817 ], [ 0.0009, 0.0193 ] ], "xmin": 33.166666666666664, "xmax": 33.25, "ymin": 34.79166666666665, "ymax": 34.875 }, "geometry": { "type": "MultiPolygon", "coordinates": [ [ [ [ 33.192342, 34.83519749900006 ], [ 33.184193795000056, 34.837270296000042 ], [ 33.173537, 34.834714499000029 ], [ 33.173529, 34.853666999000041 ], [ 33.186607709000043, 34.849347202000047 ], [ 33.208645709000052, 34.847417562000032 ], [ 33.219116561000078, 34.841196883000066 ], [ 33.226351500000078, 34.831241999000042 ], [ 33.221881500000052, 34.83047349900005 ], [ 33.192342, 34.83519749900006 ] ] ] ] } },
{ "type": "Feature", "properties": { "GISCO_ID": "CY_1461", "CNTR_CODE": "CY", "LAU_ID": "1461", "LAU_NAME": "Παχύαμμος", "cell_coverage": [ [ 0.0409, 0.0524 ], [ 0.0411, 0.1088 ] ], "xmin": 32.541666666666664, "xmax": 32.625, "ymin": 35.125, "ymax": 35.208333333333321 }, "geometry": { "type": "MultiPolygon", "coordinates": [ [ [ [ 32.594831500000055, 35.143969999000035 ], [ 32.58111555000005, 35.159369342000048 ], [ 32.569639485000039, 35.164880253000035 ], [ 32.568688, 35.169813499000043 ], [ 32.581930012000043, 35.172970020000037 ], [ 32.590407500000026, 35.178174499000079 ], [ 32.595027327000025, 35.165924243000063 ], [ 32.594831500000055, 35.143969999000035 ] ] ] ] } },
{ "type": "Feature", "properties": { "GISCO_ID": "CY_5203", "CNTR_CODE": "CY", "LAU_ID": "5203", "LAU_NAME": "Τραχώνι Λεμεσού", "cell_coverage": [ [ 0.1319, 0.1208 ] ], "xmin": 32.916666666666664, "xmax": 33.0, "ymin": 34.625, "ymax": 34.666666666666657 }, "geometry": { "type": "MultiPolygon", "coordinates": [ [ [ [ 32.943629, 34.646160499000075 ], [ 32.942535697000039, 34.652313956000057 ], [ 32.946677530000045, 34.654224682000063 ], [ 32.947593500000039, 34.665527499000063 ], [ 32.969848789000025, 34.661340694000046 ], [ 32.976157, 34.654821999000035 ], [ 32.975446, 34.654024499000059 ], [ 32.967960500000061, 34.647688999000025 ], [ 32.943629, 34.646160499000075 ] ] ] ] } },
{ "type": "Feature", "properties": { "GISCO_ID": "CY_5306", "CNTR_CODE": "CY", "LAU_ID": "5306", "LAU_NAME": "Άγιος Θεράπων", "cell_coverage": [ [ 0.0184, 0.2995, 0.0005 ], [ 0.0184, 0.3001, 0.3092 ] ], "xmin": 32.791666666666664, "xmax": 32.916666666666664, "ymin": 34.75, "ymax": 34.833333333333321 }, "geometry": { "type": "MultiPolygon", "coordinates": [ [ [ [ 32.85173350000008, 34.812281499000051 ], [ 32.860547609000037, 34.806984358000079 ], [ 32.862178682000035, 34.800466577000066 ], [ 32.873677410000028, 34.794988885000066 ], [ 32.890139972000043, 34.773090506000074 ], [ 32.906923462000066, 34.766288238000072 ], [ 32.912175500000046, 34.760468999000068 ], [ 32.906984476000048, 34.757481979000033 ], [ 32.906605, 34.753519499000049 ], [ 32.887063500000068, 34.754226499000026 ], [ 32.885950391000051, 34.767931721000025 ], [ 32.868657, 34.77715549900006 ], [ 32.854364643000054, 34.780815240000038 ], [ 32.837404500000048, 34.779800499000032 ], [ 32.83072323600004, 34.783035042000051 ], [ 32.829271500000061, 34.788440499000046 ], [ 32.831485441000041, 34.80331138300005 ], [ 32.846296777000077, 34.80635310200006 ], [ 32.85173350000008, 34.812281499000051 ] ] ] ] } },
{ "type": "Feature", "properties": { "GISCO_ID": "CY_1244", "CNTR_CODE": "CY", "LAU_ID": "1244", "LAU_NAME": "Μάμμαρη", "cell_coverage": [ [ 0.0137, 0.0143 ], [ 0.6095, 0.4644 ] ], "xmin": 33.166666666666664, "xmax": 33.25, "ymin": 35.16666666666665, "ymax": 35.25 }, "geometry": { "type": "MultiPolygon", "coordinates": [ [ [ [ 33.220101500000055, 35.209477999000057 ], [ 33.228050535000079, 35.200874338000062 ], [ 33.229175237000049, 35.190806334000058 ], [ 33.235298933000024, 35.179809224000053 ], [ 33.234162, 35.176336499000058 ], [ 33.225501948000044, 35.175116820000028 ], [ 33.22234184000007, 35.169250328000032 ], [ 33.194045969000058, 35.166790596000055 ], [ 33.169792, 35.184580999000048 ], [ 33.172181500000079, 35.19929249900008 ], [ 33.194818262000069, 35.195908376000034 ], [ 33.20245354900004, 35.212227451000047 ], [ 33.220101500000055, 35.209477999000057 ] ] ] ] } },
{ "type": "Feature", "properties": { "GISCO_ID": "CY_1301", "CNTR_CODE": "CY", "LAU_ID": "1301", "LAU_NAME": "Ασκάς", "cell_coverage": [ [ 0, 0.0509 ], [ 0.2525, 0.1451 ] ], "xmin": 33.041666666666664, "xmax": 33.125, "ymin": 34.91666666666665, "ymax": 34.999999999999986 }, "geometry": { "type": "MultiPolygon", "coordinates": [ [ [ [ 33.064504500000055, 34.923526999000046 ], [ 33.059966, 34.931329499000071 ], [ 33.068781917000024, 34.937614041000074 ], [ 33.092786, 34.969622499000025 ], [ 33.099483613000075, 34.959307735000039 ], [ 33.091763968000066, 34.951757721000035 ], [ 33.09031660900007, 34.931987542000059 ], [ 33.079221251000035, 34.921666605000041 ], [ 33.064504500000055, 34.923526999000046 ] ] ] ] } },
{ "type": "Feature", "properties": { "GISCO_ID": "CY_5322", "CNTR_CODE": "CY", "LAU_ID": "5322", "LAU_NAME": "Άρσος Λεμεσού", "cell_coverage": [ [ 0.0049, 0.3662 ], [ 0.0061, 0.1943 ] ], "xmin": 32.708333333333329, "xmax": 32.791666666666664, "ymin": 34.79166666666665, "ymax": 34.875 }, "geometry": { "type": "MultiPolygon", "coordinates": [ [ [ [ 32.750106500000072, 34.821428499000035 ], [ 32.747276500000055, 34.825097499000037 ], [ 32.750354122000033, 34.829239232000077 ], [ 32.748209505000034, 34.838596043000052 ], [ 32.757772, 34.851834499000063 ], [ 32.76969734100004, 34.861723981000068 ], [ 32.78129, 34.863659999000049 ], [ 32.782503500000075, 34.862820999000064 ], [ 32.778984251000054, 34.854946466000058 ], [ 32.781342927000026, 34.849478057000056 ], [ 32.775133892000042, 34.844214710000074 ], [ 32.776359335000052, 34.833523609000054 ], [ 32.773332, 34.82288599900005 ], [ 32.76121471700003, 34.816850803000079 ], [ 32.750106500000072, 34.821428499000035 ] ] ] ] } },
{ "type": "Feature", "properties": { "GISCO_ID": "CY_5326", "CNTR_CODE": "CY", "LAU_ID": "5326", "LAU_NAME": "Βουνί", "cell_coverage": [ [ 0.0639, 0.0186 ], [ 0.4955, 0.2054 ], [ 0.0317, 0 ] ], "xmin": 32.791666666666664, "xmax": 32.875, "ymin": 34.75, "ymax": 34.875 }, "geometry": { "type": "MultiPolygon", "coordinates": [ [ [ [ 32.85173350000008, 34.812281499000051 ], [ 32.846296777000077, 34.80635310200006 ], [ 32.831485441000041, 34.80331138300005 ], [ 32.829271500000061, 34.788440499000046 ], [ 32.825231288000055, 34.786105132000046 ], [ 32.816766500000028, 34.789143999000032 ], [ 32.813603511000053, 34.793555383000069 ], [ 32.804220534000024, 34.795290479000073 ], [ 32.80373650000007, 34.800320499000065 ], [ 32.807431096000073, 34.807007193000061 ], [ 32.815140500000041, 34.808640999000033 ], [ 32.817476808000038, 34.81185129000005 ], [ 32.811770684000066, 34.818462151000062 ], [ 32.818098, 34.831282499000054 ], [ 32.819880467000075, 34.836012792000076 ], [ 32.832730500000025, 34.847180499000046 ], [ 32.832794566000075, 34.838741913000035 ], [ 32.841915873000062, 34.835572669000044 ], [ 32.843861950000075, 34.819765805000031 ], [ 32.848159, 34.817372999000042 ], [ 32.85173350000008, 34.812281499000051 ] ] ] ] } },
{ "type": "Feature", "properties": { "GISCO_ID": "CY_5329", "CNTR_CODE": "CY", "LAU_ID": "5329", "LAU_NAME": "Ποταμιού", "cell_coverage": [ [ 0.0017 ], [ 0.2047 ] ], "xmin": 32.791666666666664, "xmax": 32.833333333333329, "ymin": 34.79166666666665, "ymax": 34.875 }, "geometry": { "type": "MultiPolygon", "coordinates": [ [ [ [ 32.818098, 34.831282499000054 ], [ 32.811770684000066, 34.818462151000062 ], [ 32.817476808000038, 34.81185129000005 ], [ 32.815140500000041, 34.808640999000033 ], [ 32.803127183000072, 34.811268361000032 ], [ 32.792694, 34.817704999000057 ], [ 32.798673786000052, 34.820543845000032 ], [ 32.804048, 34.834441499000036 ], [ 32.818098, 34.831282499000054 ] ] ] ] } },
{ "type": "Feature", "properties": { "GISCO_ID": "CY_1325", "CNTR_CODE": "CY", "LAU_ID": "1325", "LAU_NAME": "Άγιοι Ηλιόφωτοι", "cell_coverage": [ [ 0.2887 ] ], "xmin": 33.083333333333329, "xmax": 33.125, "ymin": 35.041666666666657, "ymax": 35.083333333333321 }, "geometry": { "type": "MultiPolygon", "coordinates": [ [ [ [ 33.124058500000046, 35.075885999000036 ], [ 33.117842865000057, 35.055304271000068 ], [ 33.102284, 35.048276499000053 ], [ 33.101635439000063, 35.062768683000058 ], [ 33.10788399300003, 35.079933505000042 ], [ 33.111904500000037, 35.082545999000047 ], [ 33.118976777000057, 35.08121432300004 ], [ 33.124058500000046, 35.075885999000036 ] ] ] ] } },
{ "type": "Feature", "properties": { "GISCO_ID": "CY_4000", "CNTR_CODE": "CY", "LAU_ID": "4000", "LAU_NAME": "Λάρνακα", "cell_coverage": [ [ 0.3699, 0.2888 ], [ 0.52, 0.3135 ], [ 0.2877, 0.1216 ] ], "xmin": 33.583333333333329, "xmax": 33.666666666666664, "ymin": 34.833333333333321, "ymax": 34.958333333333321 }, "geometry": { "type": "MultiPolygon", "coordinates": [ [ [ [ 33.625174500000071, 34.851117499000054 ], [ 33.615883567000026, 34.846358963000057 ], [ 33.602241694000043, 34.856535571000052 ], [ 33.605534226000032, 34.867742777000046 ], [ 33.611616126000058, 34.876039387000048 ], [ 33.607901836000053, 34.879403533000072 ], [ 33.607149396000068, 34.889108402000033 ], [ 33.614065172000039, 34.890834068000061 ], [ 33.614544287000058, 34.894895561000055 ], [ 33.595613169000046, 34.90485343000006 ], [ 33.588777500000049, 34.902510499000073 ], [ 33.59307877100008, 34.90988844900005 ], [ 33.590121835000048, 34.916595643000051 ], [ 33.584300556000073, 34.919628485000032 ], [ 33.589574360000029, 34.92379005600003 ], [ 33.59644455800003, 34.92304015600007 ], [ 33.596027997000078, 34.928721974000041 ], [ 33.606528874000048, 34.928024538000045 ], [ 33.613102735000041, 34.941667944000073 ], [ 33.618087, 34.942498999000065 ], [ 33.629125508000072, 34.944636697000078 ], [ 33.635611059000041, 34.935164120000024 ], [ 33.638440126000035, 34.938469142000031 ], [ 33.637327042000038, 34.943401474000041 ], [ 33.642896188000066, 34.94403800300006 ], [ 33.653846, 34.957110999000065 ], [ 33.654570500000034, 34.956225499000027 ], [ 33.641913948000024, 34.934144479000054 ], [ 33.644094625000037, 34.928969559000052 ], [ 33.641673815000047, 34.92555358900006 ], [ 33.645448578000071, 34.924444221000044 ], [ 33.638392239000041, 34.914391110000054 ], [ 33.639049939000074, 34.89477477500003 ], [ 33.635931884000058, 34.878404977000059 ], [ 33.638253939000037, 34.866101084000036 ], [ 33.625174500000071, 34.851117499000054 ] ] ], [ [ [ 33.583501010000077, 34.936253779000026 ], [ 33.586881007000045, 34.940068202000077 ], [ 33.592186120000065, 34.934900031000041 ], [ 33.588657776000048, 34.933085749000043 ], [ 33.583501010000077, 34.936253779000026 ] ] ] ] } },
{ "type": "Feature", "properties": { "GISCO_ID": "CY_1362", "CNTR_CODE": "CY", "LAU_ID": "1362", "LAU_NAME": "Αστρομερίτης", "cell_coverage": [ [ 0.487, 0.2931 ], [ 0.2342, 0.0301 ] ], "xmin": 33.0, "xmax": 33.083333333333336, "ymin": 35.083333333333321, "ymax": 35.166666666666657 }, "geometry": { "type": "MultiPolygon", "coordinates": [ [ [ [ 33.007018500000072, 35.110972999000069 ], [ 33.001861946000076, 35.112994908000076 ], [ 33.003014500000063, 35.115550499000051 ], [ 33.000357500000064, 35.121655499000042 ], [ 33.007404012000052, 35.128924368000071 ], [ 33.004440456000054, 35.135402188000057 ], [ 33.00396465700004, 35.137902868000026 ], [ 33.026249334000056, 35.150392297000053 ], [ 33.04869750000006, 35.159207499000047 ], [ 33.057353500000033, 35.149350999000035 ], [ 33.06300040800005, 35.141732021000053 ], [ 33.063601729000027, 35.134661595000068 ], [ 33.053519491000031, 35.134456450000073 ], [ 33.052864228000033, 35.124228261000042 ], [ 33.044273009000051, 35.119980531000067 ], [ 33.044526500000075, 35.114536499000053 ], [ 33.018284908000055, 35.118288922000033 ], [ 33.013536352000074, 35.110343541000077 ], [ 33.007018500000072, 35.110972999000069 ] ] ] ] } },
{ "type": "Feature", "properties": { "GISCO_ID": "CY_6343", "CNTR_CODE": "CY", "LAU_ID": "6343", "LAU_NAME": "Πόλις", "cell_coverage": [ [ 0.002, 0.2104, 0.0889 ], [ 0.3517, 0.4748, 0.004 ] ], "xmin": 32.375, "xmax": 32.5, "ymin": 34.999999999999986, "ymax": 35.083333333333321 }, "geometry": { "type": "MultiPolygon", "coordinates": [ [ [ [ 32.414711, 35.009478499000068 ], [ 32.397916500000065, 35.01491549900004 ], [ 32.398903270000062, 35.022733311000025 ], [ 32.394511500000078, 35.027073499000039 ], [ 32.39133, 35.041373499000031 ], [ 32.404415891000042, 35.040199040000061 ], [ 32.428713762000029, 35.045555610000065 ], [ 32.460873500000048, 35.061847999000065 ], [ 32.46065420900004, 35.060700807000046 ], [ 32.465177, 35.06365899900004 ], [ 32.466569, 35.062415499000053 ], [ 32.465676360000032, 35.050079165000056 ], [ 32.468759500000033, 35.04387549900008 ], [ 32.454788507000046, 35.042303338000067 ], [ 32.455554934000077, 35.037290128000052 ], [ 32.461132002000056, 35.033013040000071 ], [ 32.454969500000061, 35.026942499000029 ], [ 32.452541, 35.025851999000054 ], [ 32.438405978000048, 35.02591856600003 ], [ 32.434160336000048, 35.021608105000041 ], [ 32.434473599000057, 35.012799751000045 ], [ 32.430851652000058, 35.012381048000066 ], [ 32.422821553000063, 35.018454641000062 ], [ 32.416717474000052, 35.015379880000069 ], [ 32.414711, 35.009478499000068 ] ] ] ] } },
{ "type": "Feature", "properties": { "GISCO_ID": "CY_6226", "CNTR_CODE": "CY", "LAU_ID": "6226", "LAU_NAME": "Βρέτσια", "cell_coverage": [ [ 0.3688, 0.2447 ], [ 0.0007, 0.004 ] ], "xmin": 32.625, "xmax": 32.708333333333336, "ymin": 34.833333333333321, "ymax": 34.916666666666657 }, "geometry": { "type": "MultiPolygon", "coordinates": [ [ [ [ 32.686795500000073, 34.892100999000036 ], [ 32.677063819000068, 34.884930889000032 ], [ 32.674754098000051, 34.876034296000057 ], [ 32.668499, 34.872992499000077 ], [ 32.647451070000045, 34.883466446000057 ], [ 32.640102, 34.897910999000032 ], [ 32.657738693000056, 34.910583746000043 ], [ 32.666333500000064, 34.909327499000028 ], [ 32.676826281000046, 34.905914211000038 ], [ 32.686795500000073, 34.892100999000036 ] ] ] ] } },
{ "type": "Feature", "properties": { "GISCO_ID": "CY_6304", "CNTR_CODE": "CY", "LAU_ID": "6304", "LAU_NAME": "Μηλιά Πάφου", "cell_coverage": [ [ 0.0363, 0.0065 ], [ 0.0822, 0.0151 ] ], "xmin": 32.5, "xmax": 32.583333333333336, "ymin": 34.875, "ymax": 34.958333333333321 }, "geometry": { "type": "MultiPolygon", "coordinates": [ [ [ [ 32.548486500000024, 34.915053499000066 ], [ 32.538689556000065, 34.908045031000029 ], [ 32.538719, 34.901802499000041 ], [ 32.521624, 34.90023749900007 ], [ 32.521849358000054, 34.903243967000037 ], [ 32.538474544000053, 34.91127189000008 ], [ 32.52898950000008, 34.922070499000029 ], [ 32.531977, 34.92391599900003 ], [ 32.541655773000059, 34.921165619000078 ], [ 32.548486500000024, 34.915053499000066 ] ] ] ] } }
]
}
