{
"type": "FeatureCollection",
"name": "IS",
"crs": { "type": "name", "properties": { "name": "urn:ogc:def:crs:OGC:1.3:CRS84" } },
"features": [
{ "type": "Feature", "properties": { "GISCO_ID": "IS_0000", "CNTR_CODE": "IS", "LAU_ID": "0000", "LAU_NAME": "Reykjavíkurborg", "cell_coverage": [ [ 0, 0, 0, 0, 0.1313, 0.2593, 0.0538, 0, 0, 0, 0, 0, 0, 0, 0 ], [ 0, 0, 0.0207, 0.5612, 0.9931, 1, 0.6343, 0.2307, 0, 0.1329, 0.0383, 0, 0, 0, 0 ], [ 0, 0, 0.2275, 0.3352, 0.7407, 0.9972, 1, 1, 0.935, 0.9959, 0.9305, 0.7822, 0.7052, 0.8565, 0.1376 ], [ 0.0131, 0.0188, 0.021, 0.0566, 0.0843, 0.2935, 0.5241, 0.5001, 0.2079, 0.0254, 0.0156, 0, 0.085, 0.1062, 0 ], [ 0.1431, 0.6973, 0.6147, 0.6827, 0.6966, 0.8652, 0.6123, 0.2852, 0, 0, 0, 0, 0, 0, 0 ], [ 0, 0.0632, 0.1717, 0.4736, 0.6929, 0.9647, 1, 0.3332, 0, 0, 0, 0, 0, 0, 0 ], [ 0, 0, 0, 0, 0.3747, 0.7276, 0.7796, 0.3152, 0, 0, 0, 0, 0, 0, 0 ], [ 0, 0, 0, 0, 0.0015, 0, 0, 0, 0, 0, 0, 0, 0, 0, 0 ] ], "xmin": -22.0, "xmax": -21.375, "ymin": 63.999999999999979, "ymax": 64.333333333333314 }, "geometry": { "type": "MultiPolygon", "coordinates": [ [ [ [ -21.776266, 64.315174499000079 ], [ -21.776945950999959, 64.31235752200007 ], [ -21.788454158999969, 64.305788685000039 ], [ -21.788603240999976, 64.301783304000082 ], [ -21.760190633999969, 64.301793878000069 ], [ -21.756081226999981, 64.299189385000034 ], [ -21.734935041999961, 64.297314677000031 ], [ -21.735399729999983, 64.29231182400008 ], [ -21.745816034999962, 64.285829266000064 ], [ -21.741040746999943, 64.281401505000076 ], [ -21.740423416999931, 64.274874049000061 ], [ -21.711266279999961, 64.270617328000071 ], [ -21.655851265999956, 64.244954196000037 ], [ -21.617625001999954, 64.250595540000063 ], [ -21.608858772999952, 64.257140805000063 ], [ -21.584002145999932, 64.258161941000083 ], [ -21.552426568999977, 64.243513385000028 ], [ -21.515461070999947, 64.244067880000046 ], [ -21.479065755999954, 64.235966702000042 ], [ -21.432727954999962, 64.247387739000033 ], [ -21.415009173999977, 64.242416604000027 ], [ -21.407789499999978, 64.234454499000037 ], [ -21.405423438999946, 64.231031218000055 ], [ -21.408615560999976, 64.226428776000034 ], [ -21.40194, 64.220114999000032 ], [ -21.418079042999977, 64.213294413000028 ], [ -21.429483839999932, 64.204487823000079 ], [ -21.452464891999966, 64.20073033400007 ], [ -21.47849939699995, 64.202868686000045 ], [ -21.489186453999935, 64.210610862000067 ], [ -21.530686086999935, 64.211107189000074 ], [ -21.557225909999943, 64.206406236000078 ], [ -21.583813441999951, 64.209395198000038 ], [ -21.633646651999982, 64.204572032000044 ], [ -21.649831117999952, 64.199529812000037 ], [ -21.654652669999962, 64.194971462000069 ], [ -21.70631990399994, 64.183187996000072 ], [ -21.718194, 64.183911499000033 ], [ -21.742428353999969, 64.177318502000048 ], [ -21.75900861599996, 64.178641737000078 ], [ -21.768849691999947, 64.174270655000043 ], [ -21.774554107999961, 64.176923105000071 ], [ -21.760760235999953, 64.185705933000065 ], [ -21.768480076999936, 64.192198541000039 ], [ -21.767215602999954, 64.195103801000073 ], [ -21.720976259999929, 64.200107486000036 ], [ -21.711616995999975, 64.204169652000076 ], [ -21.714374240999973, 64.207104976000039 ], [ -21.76000451799996, 64.203296973000079 ], [ -21.795145235999939, 64.210458405000054 ], [ -21.824014273999978, 64.208168498000077 ], [ -21.81711675899993, 64.215488484000048 ], [ -21.81401836799995, 64.224497070000041 ], [ -21.820002581999972, 64.232310505000044 ], [ -21.833188876999941, 64.237670449000063 ], [ -21.858850638999968, 64.237033294000071 ], [ -21.878789085999927, 64.229416503000039 ], [ -21.898112266999931, 64.229684521000081 ], [ -21.904832967999937, 64.232583101000046 ], [ -21.894909150999979, 64.23726664600008 ], [ -21.900916498999948, 64.24301446700008 ], [ -21.882886467999981, 64.24539315800007 ], [ -21.874572550999972, 64.257332338000083 ], [ -21.835078829999929, 64.288436645000047 ], [ -21.815724922999948, 64.294304339000064 ], [ -21.776266, 64.315174499000079 ] ] ], [ [ [ -21.70028949999994, 64.08744499900007 ], [ -21.677811391999967, 64.080546606000041 ], [ -21.694819024999958, 64.066520041000047 ], [ -21.691132630999959, 64.057962977000045 ], [ -21.73433941199994, 64.047889002000034 ], [ -21.752145109999958, 64.054348513000036 ], [ -21.761625838999976, 64.05466222900003 ], [ -21.790269530999979, 64.048357438000039 ], [ -21.810298499999931, 64.040417999000056 ], [ -21.825904, 64.059543499000029 ], [ -21.798462155999971, 64.069166974000041 ], [ -21.786721738999972, 64.078765191000059 ], [ -21.785880461999966, 64.085594384000046 ], [ -21.791600889999927, 64.092642111000032 ], [ -21.784620353999969, 64.095110379000062 ], [ -21.785027772999968, 64.097947325000064 ], [ -21.813366975999941, 64.097540320000064 ], [ -21.836411038999927, 64.090353337000067 ], [ -21.860090991999982, 64.10006555700005 ], [ -21.860569796999982, 64.104777798000043 ], [ -21.847284326999954, 64.108580627000038 ], [ -21.845056521999936, 64.112880030000042 ], [ -21.847868823999931, 64.11551690400006 ], [ -21.901881, 64.11722749900008 ], [ -21.907632435999972, 64.12026628600006 ], [ -21.936864239999977, 64.120991127000082 ], [ -21.954781384999933, 64.127046937000046 ], [ -21.965880642999934, 64.139652883000053 ], [ -21.977016, 64.14478899900007 ], [ -21.980934, 64.150981499000068 ], [ -21.961254449999956, 64.152508440000076 ], [ -21.938548564999962, 64.159650157000044 ], [ -21.934322318999932, 64.158430770000052 ], [ -21.930289319999929, 64.151746169000035 ], [ -21.912952234999977, 64.147575642000049 ], [ -21.866508930999942, 64.155502794000029 ], [ -21.843717196999933, 64.146862389000034 ], [ -21.836163948999967, 64.135765230000061 ], [ -21.830455754999946, 64.133445551000079 ], [ -21.822416389999944, 64.135842179000065 ], [ -21.822184466999943, 64.144491276000053 ], [ -21.81820913699994, 64.151596837000056 ], [ -21.805080167999961, 64.158292441000071 ], [ -21.818576828999937, 64.167358503000059 ], [ -21.81756146999993, 64.172234672000059 ], [ -21.804622005999931, 64.173097805000054 ], [ -21.789633772999935, 64.169153968000046 ], [ -21.782343207999929, 64.15808220100007 ], [ -21.762739667999938, 64.159825926000053 ], [ -21.747334499999965, 64.16524799900003 ], [ -21.746231431999945, 64.15953796000008 ], [ -21.748992187999932, 64.153406576000066 ], [ -21.743511479999938, 64.149007961000052 ], [ -21.721103037999967, 64.150320424000029 ], [ -21.676922100999946, 64.141075199000056 ], [ -21.683737059999942, 64.134893 ], [ -21.696507849999932, 64.109385264000082 ], [ -21.686962704999928, 64.101532586000076 ], [ -21.702762396999958, 64.093689452000035 ], [ -21.703499237999949, 64.090421623000054 ], [ -21.70028949999994, 64.08744499900007 ] ] ], [ [ [ -21.786598818999948, 64.187238097000034 ], [ -21.776087951999955, 64.183450243000038 ], [ -21.788874163999935, 64.17868958400004 ], [ -21.79403474399993, 64.186458169000048 ], [ -21.786598818999948, 64.187238097000034 ] ] ], [ [ [ -21.861667541999964, 64.176564061000079 ], [ -21.851089443999967, 64.167556482000066 ], [ -21.832171151999944, 64.159556241000075 ], [ -21.830801435999945, 64.15625972600003 ], [ -21.846217251999974, 64.156000352000035 ], [ -21.860994811999944, 64.163857018000044 ], [ -21.86076699299997, 64.168996223000079 ], [ -21.873498798999947, 64.174596213000029 ], [ -21.861667541999964, 64.176564061000079 ] ] ], [ [ [ -21.894497883999975, 64.25730199700007 ], [ -21.896802206999951, 64.255117858000062 ], [ -21.907743769999968, 64.252681998000071 ], [ -21.900876450999931, 64.25674292900004 ], [ -21.894497883999975, 64.25730199700007 ] ] ], [ [ [ -21.920645091999972, 64.176787312000044 ], [ -21.909648571999981, 64.170957995000037 ], [ -21.90586288399993, 64.165068641000062 ], [ -21.926382782999951, 64.174628420000033 ], [ -21.920645091999972, 64.176787312000044 ] ] ], [ [ [ -21.966415287999951, 64.17517355800004 ], [ -21.96044879599998, 64.172911382000052 ], [ -21.959548121999944, 64.169027718000052 ], [ -21.968340452999939, 64.173355901000036 ], [ -21.966415287999951, 64.17517355800004 ] ] ] ] } },
{ "type": "Feature", "properties": { "GISCO_ID": "IS_1000", "CNTR_CODE": "IS", "LAU_ID": "1000", "LAU_NAME": "Kópavogsbær", "cell_coverage": [ [ 0.1212, 0.4339, 0.4455, 0.3071, 0.0353, 0, 0.0581, 0.0095, 0, 0, 0 ], [ 0, 0, 0.0019, 0.4403, 0.2724, 0.2204, 0.6848, 0.862, 0.7333, 0.7868, 0.365 ], [ 0, 0, 0, 0.121, 0.565, 0.8627, 1, 1, 0.9968, 0.28, 0 ], [ 0, 0, 0, 0, 0, 0.0002, 0.2389, 0.6071, 0.2286, 0, 0 ] ], "xmin": -21.958333333333332, "xmax": -21.5, "ymin": 63.958333333333321, "ymax": 64.125 }, "geometry": { "type": "MultiPolygon", "coordinates": [ [ [ [ -21.799053, 64.026531999000042 ], [ -21.810298499999931, 64.040417999000056 ], [ -21.790269530999979, 64.048357438000039 ], [ -21.761625838999976, 64.05466222900003 ], [ -21.752145109999958, 64.054348513000036 ], [ -21.73433941199994, 64.047889002000034 ], [ -21.691132630999959, 64.057962977000045 ], [ -21.694819024999958, 64.066520041000047 ], [ -21.677811391999967, 64.080546606000041 ], [ -21.70028949999994, 64.08744499900007 ], [ -21.682033859999933, 64.089370793000057 ], [ -21.671464508999975, 64.083591512000055 ], [ -21.655659077999928, 64.085225181000055 ], [ -21.648641936999979, 64.078765191000059 ], [ -21.637325059999966, 64.072061620000056 ], [ -21.584444351999934, 64.072312109000052 ], [ -21.53860203399995, 64.078765191000059 ], [ -21.529904783999939, 64.080920218000074 ], [ -21.518583218999936, 64.081909076000045 ], [ -21.516482781999969, 64.078765191000059 ], [ -21.512924252999937, 64.077543677000051 ], [ -21.504430236999951, 64.078300083000045 ], [ -21.503449499999931, 64.076792999000077 ], [ -21.554455308999934, 64.04000112500006 ], [ -21.551332589999959, 64.034978059000082 ], [ -21.568578712999965, 64.030009331000031 ], [ -21.584738502999983, 64.020001925000031 ], [ -21.58485173899993, 64.017320258000041 ], [ -21.570639508999932, 64.006551756000079 ], [ -21.647999499999969, 63.969467499000075 ], [ -21.701264499999979, 63.997400499000037 ], [ -21.760190633999969, 64.01495477800006 ], [ -21.799053, 64.026531999000042 ] ] ], [ [ [ -21.907808499999931, 64.102801999000064 ], [ -21.909557954999968, 64.10529856200003 ], [ -21.935527383999954, 64.108902817000057 ], [ -21.945733020999967, 64.116263342000082 ], [ -21.901881, 64.11722749900008 ], [ -21.847868823999931, 64.11551690400006 ], [ -21.845056521999936, 64.112880030000042 ], [ -21.847284326999954, 64.108580627000038 ], [ -21.860569796999982, 64.104777798000043 ], [ -21.860090991999982, 64.10006555700005 ], [ -21.836411038999927, 64.090353337000067 ], [ -21.813366975999941, 64.097540320000064 ], [ -21.785027772999968, 64.097947325000064 ], [ -21.784620353999969, 64.095110379000062 ], [ -21.791600889999927, 64.092642111000032 ], [ -21.785880461999966, 64.085594384000046 ], [ -21.786721738999972, 64.078765191000059 ], [ -21.798462155999971, 64.069166974000041 ], [ -21.825904, 64.059543499000029 ], [ -21.829687499999977, 64.064182999000082 ], [ -21.832607110999959, 64.078765191000059 ], [ -21.835422264999977, 64.083480482000027 ], [ -21.85852002799993, 64.085620220000067 ], [ -21.873975350999956, 64.094130868000036 ], [ -21.902571028999944, 64.09840274700008 ], [ -21.907808499999931, 64.102801999000064 ] ] ] ] } },
{ "type": "Feature", "properties": { "GISCO_ID": "IS_1100", "CNTR_CODE": "IS", "LAU_ID": "1100", "LAU_NAME": "Seltjarnarnesbær", "cell_coverage": [ [ 0.111, 0.0926 ] ], "xmin": -22.041666666666668, "xmax": -21.958333333333336, "ymin": 64.125, "ymax": 64.166666666666657 }, "geometry": { "type": "MultiPolygon", "coordinates": [ [ [ [ -21.980934, 64.150981499000068 ], [ -21.977016, 64.14478899900007 ], [ -22.011750374999963, 64.154588538000041 ], [ -22.029082162999941, 64.150583414000039 ], [ -22.034138337999934, 64.153250577000051 ], [ -22.022255622999978, 64.155964108000035 ], [ -22.011660002999974, 64.162486390000083 ], [ -21.989064347999943, 64.157026052000049 ], [ -21.980934, 64.150981499000068 ] ] ] ] } },
{ "type": "Feature", "properties": { "GISCO_ID": "IS_1300", "CNTR_CODE": "IS", "LAU_ID": "1300", "LAU_NAME": "Garðabær", "cell_coverage": [ [ 0.0077, 0.3805, 0.5743, 0.3413, 0.3578, 0.0809, 0 ], [ 0, 0, 0.0473, 0.2014, 0.929, 0.9981, 0.185 ], [ 0, 0, 0, 0, 0.0239, 0.3396, 0.419 ] ], "xmin": -22.083333333333332, "xmax": -21.791666666666664, "ymin": 63.999999999999986, "ymax": 64.125 }, "geometry": { "type": "MultiPolygon", "coordinates": [ [ [ [ -21.810298499999931, 64.040417999000056 ], [ -21.799053, 64.026531999000042 ], [ -21.802482, 64.009649999000032 ], [ -21.808009499999969, 64.01508349900007 ], [ -21.827566499999932, 64.021038999000041 ], [ -21.842911, 64.024060499000029 ], [ -21.845117499999958, 64.024208499000054 ], [ -21.852230499999962, 64.023859999000081 ], [ -21.854809499999931, 64.02410799900008 ], [ -21.857281499999942, 64.025412999000082 ], [ -21.861381499999936, 64.031475999000065 ], [ -21.90801149999993, 64.047884499000077 ], [ -21.923713499999963, 64.053968999000062 ], [ -21.927239, 64.056079499000077 ], [ -21.920696499999963, 64.060037499000032 ], [ -21.921959499999957, 64.063932499000032 ], [ -21.931061, 64.070114499000056 ], [ -21.930595, 64.074999499000057 ], [ -21.931741797999962, 64.078765191000059 ], [ -21.934505813999976, 64.08196603500005 ], [ -21.949306819999947, 64.083202088000064 ], [ -21.966613159999952, 64.083043494000037 ], [ -21.982385281999939, 64.078765191000059 ], [ -21.986104995999938, 64.078765191000059 ], [ -22.009825851999949, 64.08875144600006 ], [ -22.024920119999933, 64.09143169400005 ], [ -22.01282467599998, 64.092616461000034 ], [ -22.013030789999959, 64.094959151000069 ], [ -22.036974510999983, 64.097060217000035 ], [ -22.023527617999946, 64.110556795000036 ], [ -21.995894791999945, 64.11790187500003 ], [ -21.967356848999941, 64.113514615000042 ], [ -21.962266706999969, 64.107904488000031 ], [ -21.964135950999946, 64.105733307000037 ], [ -21.975132726999959, 64.106847816000084 ], [ -21.996854385999939, 64.101889078000056 ], [ -21.991218998999955, 64.096605714000077 ], [ -21.962004190999949, 64.097923113000036 ], [ -21.937541105999969, 64.094435087000079 ], [ -21.930184791999977, 64.096474213000079 ], [ -21.923896243999934, 64.102628800000048 ], [ -21.907808499999931, 64.102801999000064 ], [ -21.902571028999944, 64.09840274700008 ], [ -21.873975350999956, 64.094130868000036 ], [ -21.85852002799993, 64.085620220000067 ], [ -21.835422264999977, 64.083480482000027 ], [ -21.832607110999959, 64.078765191000059 ], [ -21.829687499999977, 64.064182999000082 ], [ -21.825904, 64.059543499000029 ], [ -21.810298499999931, 64.040417999000056 ] ] ], [ [ [ -22.042782877999969, 64.115016892000028 ], [ -22.032634213999927, 64.109000295000044 ], [ -22.041112409999982, 64.112642478000055 ], [ -22.046910326999978, 64.112496502000056 ], [ -22.049325694999936, 64.113999548000038 ], [ -22.042782877999969, 64.115016892000028 ] ] ] ] } },
{ "type": "Feature", "properties": { "GISCO_ID": "IS_1400", "CNTR_CODE": "IS", "LAU_ID": "1400", "LAU_NAME": "Hafnarfjarðarkaupstaður", "cell_coverage": [ [ 0, 0.0359, 0.0982, 0.2072, 0.7808, 0.7986, 0.071, 0, 0, 0, 0, 0, 0 ], [ 0.0001, 0.331, 0.8887, 1, 1, 1, 0.9761, 0.6604, 0.4585, 0.435, 0.1373, 0, 0 ], [ 0, 0, 0.0497, 0.4787, 0.549, 0.559, 0.569, 0.579, 0.589, 0.599, 0.7108, 0.5468, 0.0582 ], [ 0, 0, 0.0059, 0.0007, 0, 0, 0, 0, 0, 0, 0, 0, 0 ], [ 0, 0.0723, 0.807, 0.6869, 0, 0, 0, 0, 0, 0, 0, 0, 0 ], [ 0.0892, 0.9175, 1, 0.7974, 0, 0, 0, 0, 0, 0, 0, 0, 0 ], [ 0, 0.0027, 0.0507, 0.0011, 0, 0, 0, 0, 0, 0, 0, 0, 0 ] ], "xmin": -22.166666666666668, "xmax": -21.625, "ymin": 63.79166666666665, "ymax": 64.083333333333314 }, "geometry": { "type": "MultiPolygon", "coordinates": [ [ [ [ -22.125507, 64.040598999000053 ], [ -22.070781230999955, 64.046904626000071 ], [ -22.039452109999957, 64.044038818000047 ], [ -22.00810166399998, 64.05404881000004 ], [ -21.989479655999958, 64.066906895000045 ], [ -21.975930883999979, 64.06902795700006 ], [ -21.986104995999938, 64.078765191000059 ], [ -21.982385281999939, 64.078765191000059 ], [ -21.966613159999952, 64.083043494000037 ], [ -21.949306819999947, 64.083202088000064 ], [ -21.934505813999976, 64.08196603500005 ], [ -21.931741797999962, 64.078765191000059 ], [ -21.930595, 64.074999499000057 ], [ -21.931061, 64.070114499000056 ], [ -21.921959499999957, 64.063932499000032 ], [ -21.920696499999963, 64.060037499000032 ], [ -21.927239, 64.056079499000077 ], [ -21.923713499999963, 64.053968999000062 ], [ -21.90801149999993, 64.047884499000077 ], [ -21.861381499999936, 64.031475999000065 ], [ -21.857281499999942, 64.025412999000082 ], [ -21.854809499999931, 64.02410799900008 ], [ -21.852230499999962, 64.023859999000081 ], [ -21.845117499999958, 64.024208499000054 ], [ -21.842911, 64.024060499000029 ], [ -21.827566499999932, 64.021038999000041 ], [ -21.808009499999969, 64.01508349900007 ], [ -21.802482, 64.009649999000032 ], [ -21.799053, 64.026531999000042 ], [ -21.760190633999969, 64.01495477800006 ], [ -21.701264499999979, 63.997400499000037 ], [ -21.647999499999969, 63.969467499000075 ], [ -21.732042499999977, 63.964778999000032 ], [ -21.724243891999947, 63.974578248000057 ], [ -22.023644, 63.977567499000031 ], [ -22.057004499999948, 63.999412499000073 ], [ -22.125507, 64.040598999000053 ] ] ], [ [ [ -22.007397, 63.835987499000055 ], [ -22.071049470999981, 63.829916540000056 ], [ -22.102688764999982, 63.835421395000083 ], [ -22.130868499999963, 63.836597999000048 ], [ -22.130740111999955, 63.856930716000079 ], [ -22.126621612999941, 63.866590213000052 ], [ -22.09643803199998, 63.878874566000036 ], [ -22.082536989999937, 63.887991569000064 ], [ -22.081213462999983, 63.893799972000068 ], [ -22.072666765999941, 63.898369718000083 ], [ -22.074422378999941, 63.903645743000084 ], [ -22.072271545999968, 63.907309224000073 ], [ -22.044429666999974, 63.918860920000043 ], [ -22.007972343999938, 63.902996560000076 ], [ -22.007397, 63.835987499000055 ] ] ] ] } },
{ "type": "Feature", "properties": { "GISCO_ID": "IS_1604", "CNTR_CODE": "IS", "LAU_ID": "1604", "LAU_NAME": "Mosfellsbær", "cell_coverage": [ [ 0, 0, 0, 0.0036, 0.0037, 0.0572, 0.0167, 0.0135, 0.1201, 0 ], [ 0.1777, 0.4999, 0.7921, 0.9746, 0.9844, 1, 0.915, 0.8938, 0.6992, 0.0044 ], [ 0.3847, 0.7148, 1, 1, 1, 1, 1, 0.5422, 0.0093, 0 ], [ 0, 0.6087, 0.9905, 1, 1, 1, 0.6882, 0.0067, 0, 0 ], [ 0, 0, 0.138, 0.2667, 0.1904, 0.093, 0.007, 0, 0, 0 ] ], "xmin": -21.75, "xmax": -21.333333333333332, "ymin": 64.041666666666657, "ymax": 64.25 }, "geometry": { "type": "MultiPolygon", "coordinates": [ [ [ [ -21.747334499999965, 64.16524799900003 ], [ -21.746098561999929, 64.169446598000036 ], [ -21.712621857999977, 64.176834418000055 ], [ -21.718194, 64.183911499000033 ], [ -21.70631990399994, 64.183187996000072 ], [ -21.654652669999962, 64.194971462000069 ], [ -21.649831117999952, 64.199529812000037 ], [ -21.633646651999982, 64.204572032000044 ], [ -21.583813441999951, 64.209395198000038 ], [ -21.557225909999943, 64.206406236000078 ], [ -21.530686086999935, 64.211107189000074 ], [ -21.489186453999935, 64.210610862000067 ], [ -21.47849939699995, 64.202868686000045 ], [ -21.452464891999966, 64.20073033400007 ], [ -21.429483839999932, 64.204487823000079 ], [ -21.418079042999977, 64.213294413000028 ], [ -21.40194, 64.220114999000032 ], [ -21.398352, 64.216969499000072 ], [ -21.371884, 64.19463599900007 ], [ -21.439225499999964, 64.145245499000055 ], [ -21.475157499999966, 64.096631999000067 ], [ -21.500636996999958, 64.078765191000059 ], [ -21.503449499999931, 64.076792999000077 ], [ -21.504430236999951, 64.078300083000045 ], [ -21.512924252999937, 64.077543677000051 ], [ -21.516482781999969, 64.078765191000059 ], [ -21.518583218999936, 64.081909076000045 ], [ -21.529904783999939, 64.080920218000074 ], [ -21.53860203399995, 64.078765191000059 ], [ -21.584444351999934, 64.072312109000052 ], [ -21.637325059999966, 64.072061620000056 ], [ -21.648641936999979, 64.078765191000059 ], [ -21.655659077999928, 64.085225181000055 ], [ -21.671464508999975, 64.083591512000055 ], [ -21.682033859999933, 64.089370793000057 ], [ -21.70028949999994, 64.08744499900007 ], [ -21.703499237999949, 64.090421623000054 ], [ -21.702762396999958, 64.093689452000035 ], [ -21.686962704999928, 64.101532586000076 ], [ -21.696507849999932, 64.109385264000082 ], [ -21.683737059999942, 64.134893 ], [ -21.676922100999946, 64.141075199000056 ], [ -21.721103037999967, 64.150320424000029 ], [ -21.743511479999938, 64.149007961000052 ], [ -21.748992187999932, 64.153406576000066 ], [ -21.746231431999945, 64.15953796000008 ], [ -21.747334499999965, 64.16524799900003 ] ] ] ] } },
{ "type": "Feature", "properties": { "GISCO_ID": "IS_1606", "CNTR_CODE": "IS", "LAU_ID": "1606", "LAU_NAME": "Kjósarhreppur", "cell_coverage": [ [ 0, 0, 0, 0, 0, 0.0108, 0, 0, 0, 0.0365, 0.0099, 0, 0, 0, 0, 0 ], [ 0, 0.0785, 0.0621, 0.4267, 0.8797, 0.839, 0.6873, 0.5949, 0.5364, 0.9401, 0.9633, 0.9363, 0.7895, 0.6228, 0.3042, 0.0024 ], [ 0.3736, 0.9361, 1, 1, 1, 1, 1, 1, 1, 1, 1, 0.9022, 0.4785, 0.242, 0.0029, 0 ], [ 0, 0.3657, 0.7693, 1, 0.8671, 0.9617, 1, 1, 1, 0.9998, 0.7183, 0.1038, 0, 0, 0, 0 ], [ 0, 0, 8.5626e-07, 0.065, 0.0005, 0.0658, 0.1607, 0.2782, 0.1301, 0.1969, 0, 0, 0, 0, 0, 0 ] ], "xmin": -21.791666666666668, "xmax": -21.125, "ymin": 64.208333333333329, "ymax": 64.416666666666657 }, "geometry": { "type": "MultiPolygon", "coordinates": [ [ [ [ -21.407789499999978, 64.234454499000037 ], [ -21.415009173999977, 64.242416604000027 ], [ -21.432727954999962, 64.247387739000033 ], [ -21.479065755999954, 64.235966702000042 ], [ -21.515461070999947, 64.244067880000046 ], [ -21.552426568999977, 64.243513385000028 ], [ -21.584002145999932, 64.258161941000083 ], [ -21.608858772999952, 64.257140805000063 ], [ -21.617625001999954, 64.250595540000063 ], [ -21.655851265999956, 64.244954196000037 ], [ -21.711266279999961, 64.270617328000071 ], [ -21.740423416999931, 64.274874049000061 ], [ -21.741040746999943, 64.281401505000076 ], [ -21.745816034999962, 64.285829266000064 ], [ -21.735399729999983, 64.29231182400008 ], [ -21.734935041999961, 64.297314677000031 ], [ -21.756081226999981, 64.299189385000034 ], [ -21.760190633999969, 64.301793878000069 ], [ -21.788603240999976, 64.301783304000082 ], [ -21.788454158999969, 64.305788685000039 ], [ -21.776945950999959, 64.31235752200007 ], [ -21.776266, 64.315174499000079 ], [ -21.728570114999968, 64.340326787000038 ], [ -21.708588139999961, 64.335296362000065 ], [ -21.635060695999982, 64.335845110000037 ], [ -21.62419035299996, 64.342281943000046 ], [ -21.632968708999954, 64.345588039000063 ], [ -21.661609590999944, 64.345660088000045 ], [ -21.673076564999974, 64.353776194000034 ], [ -21.580858322999973, 64.37548378300005 ], [ -21.564716759999953, 64.374838391000083 ], [ -21.565920301999938, 64.367467313000077 ], [ -21.557829320999929, 64.362487427000076 ], [ -21.534574332999966, 64.360671840000066 ], [ -21.500042528999927, 64.363685474000079 ], [ -21.483228283999949, 64.357748488000027 ], [ -21.451117102999945, 64.354201594000074 ], [ -21.413667515999975, 64.357918361000031 ], [ -21.41111228099993, 64.360217152000075 ], [ -21.414452252999979, 64.366753536000033 ], [ -21.411958648999928, 64.370390946000043 ], [ -21.386872470999947, 64.378205936000029 ], [ -21.370047499999941, 64.380325999000036 ], [ -21.374088047999976, 64.372787046000042 ], [ -21.331601042999978, 64.374072173000059 ], [ -21.294029377999948, 64.370697563000078 ], [ -21.235345881999933, 64.359391651000067 ], [ -21.20611873699994, 64.357378904000029 ], [ -21.19292257799998, 64.352353184000037 ], [ -21.162504, 64.351218499000083 ], [ -21.17157287699996, 64.347261589000027 ], [ -21.229948, 64.321791499000028 ], [ -21.290114499999959, 64.309462499000063 ], [ -21.332765, 64.275076999000078 ], [ -21.356703, 64.259381499000028 ], [ -21.3775, 64.249323999000069 ], [ -21.407789499999978, 64.234454499000037 ] ] ], [ [ [ -21.550184238999975, 64.378321234000055 ], [ -21.541892990999941, 64.37382421600006 ], [ -21.549869997999963, 64.373650620000035 ], [ -21.55282964099996, 64.376664586000061 ], [ -21.550184238999975, 64.378321234000055 ] ] ] ] } },
{ "type": "Feature", "properties": { "GISCO_ID": "IS_2000", "CNTR_CODE": "IS", "LAU_ID": "2000", "LAU_NAME": "Reykjanesbær", "cell_coverage": [ [ 0, 0, 0, 0.1257, 0.4716, 0, 0, 0, 0 ], [ 0, 0, 7.6764e-06, 0.4678, 0.9857, 0.4797, 0.3991, 0.2015, 0.0007 ], [ 0, 0.291, 0.6356, 1, 1, 1, 0.8254, 0.4761, 0.0726 ], [ 0.3408, 0.9668, 1, 0.9977, 0.6878, 0.1896, 0, 0, 0 ], [ 0.1239, 0.93, 0.7394, 0.2159, 0, 0, 0, 0, 0 ], [ 0.2539, 0.2651, 4.7989e-06, 0, 0, 0, 0, 0, 0 ] ], "xmin": -22.75, "xmax": -22.375, "ymin": 63.791666666666657, "ymax": 64.041666666666657 }, "geometry": { "type": "MultiPolygon", "coordinates": [ [ [ [ -22.452270499999941, 63.972229499000036 ], [ -22.397791499999983, 63.952367999000046 ], [ -22.498052, 63.917346499000075 ], [ -22.523026, 63.908779999000046 ], [ -22.540189903999931, 63.899738625000055 ], [ -22.710919499999932, 63.809972499000082 ], [ -22.736918959999969, 63.819237163000082 ], [ -22.73203971099997, 63.825983805000078 ], [ -22.708354626999949, 63.838164812000059 ], [ -22.69828188799994, 63.858246465000036 ], [ -22.737768057999972, 63.874542021000082 ], [ -22.740082469999948, 63.887593235000054 ], [ -22.734479070999953, 63.893238893000046 ], [ -22.717962975999967, 63.894432062000078 ], [ -22.709923815999957, 63.897929414000032 ], [ -22.704951107999932, 63.904211168000074 ], [ -22.705911327999956, 63.910696323000082 ], [ -22.692350575999967, 63.92482538400003 ], [ -22.691534454999953, 63.934049848000029 ], [ -22.634504355999979, 63.939683596000066 ], [ -22.640910112999961, 63.948141920000069 ], [ -22.635393, 63.952464999000028 ], [ -22.595325036999952, 63.975567025000032 ], [ -22.60086410699995, 63.989134441000033 ], [ -22.587982953999983, 64.006881622000037 ], [ -22.596437450999929, 64.01908215800006 ], [ -22.595527967999942, 64.022769548000042 ], [ -22.56303761199996, 64.028911102000052 ], [ -22.558857201999956, 64.026680708000072 ], [ -22.559037499999931, 64.022780999000076 ], [ -22.54996235699997, 64.013730941000063 ], [ -22.555204428999957, 64.006984260000081 ], [ -22.543347384999947, 64.001131498000063 ], [ -22.545771138999953, 63.995738166000081 ], [ -22.540189903999931, 63.988144427000066 ], [ -22.531560398999943, 63.986041837000073 ], [ -22.536907196999948, 63.986396912000032 ], [ -22.540189903999931, 63.985294237000062 ], [ -22.540189903999931, 63.981833345000041 ], [ -22.540189903999931, 63.979232274000083 ], [ -22.540189903999931, 63.975090377000072 ], [ -22.533244658999934, 63.97445255100007 ], [ -22.513828611999941, 63.98112031200003 ], [ -22.50034695599993, 63.977116902000034 ], [ -22.452270499999941, 63.972229499000036 ] ] ] ] } },
{ "type": "Feature", "properties": { "GISCO_ID": "IS_2300", "CNTR_CODE": "IS", "LAU_ID": "2300", "LAU_NAME": "Grindavíkurbær", "cell_coverage": [ [ 0, 0, 0, 0, 0, 0, 0, 0, 0, 0, 0, 0, 0, 0, 0, 0, 0.0943, 0.4209, 0.451, 0.441, 0.431, 0.421, 0.411, 0.401, 0.171 ], [ 0, 0, 0, 0, 0, 1.1367e-07, 0.1746, 0.5239, 0.6766, 0.2231, 0.2951, 0.1716, 0.2043, 0.2727, 0.3411, 0.611, 0.9716, 0.9993, 1, 1, 1, 1, 0.8991, 0.3774, 0.0073 ], [ 0, 0, 0, 0.0023, 0.3122, 0.8104, 1, 1, 1, 1, 1, 1, 1, 1, 1, 0.9277, 0.193, 0.3131, 1, 1, 0.9619, 0.5098, 0.0457, 0, 0 ], [ 0, 0, 0.2606, 0.7841, 1, 1, 1, 0.9447, 0.9171, 0.5585, 0.6214, 0.7622, 0.9559, 1, 0.8804, 0.0425, 0, 0.1709, 0.9671, 0.9285, 0.127, 0, 0, 0, 0 ], [ 0.0032, 0.4471, 0.4443, 0.3573, 0.5123, 0.3591, 0.1403, 0.0124, 0.0772, 0, 0, 0, 0.0025, 0.0462, 0.0098, 0, 0, 0, 0, 0, 0, 0, 0, 0, 0 ] ], "xmin": -22.75, "xmax": -21.708333333333332, "ymin": 63.79166666666665, "ymax": 63.999999999999986 }, "geometry": { "type": "MultiPolygon", "coordinates": [ [ [ [ -22.130868499999963, 63.836597999000048 ], [ -22.17098122799996, 63.830368497000052 ], [ -22.23124648299995, 63.833993281000062 ], [ -22.259365129999935, 63.843676613000071 ], [ -22.295676409999942, 63.843460851000032 ], [ -22.327402856999981, 63.854200735000063 ], [ -22.344658959999947, 63.855311739000058 ], [ -22.371306242999935, 63.847054719000027 ], [ -22.38197280199995, 63.839837437000028 ], [ -22.395236821999958, 63.838349045000029 ], [ -22.397130080999943, 63.835027447000073 ], [ -22.394336909999936, 63.828850758000044 ], [ -22.39993422699996, 63.825662198000032 ], [ -22.415964995999957, 63.828361661000031 ], [ -22.420793222999976, 63.835303589000034 ], [ -22.417412265999928, 63.840229478000083 ], [ -22.421711658999982, 63.84119271600008 ], [ -22.436905316999969, 63.834888662000083 ], [ -22.459211499999981, 63.830721660000052 ], [ -22.466190174999952, 63.825798521000081 ], [ -22.506885168999929, 63.829278853000062 ], [ -22.51033036299998, 63.826686552000069 ], [ -22.511782852999943, 63.819948856000053 ], [ -22.519867657999953, 63.818714535000083 ], [ -22.52561265199995, 63.813015863000032 ], [ -22.540189903999931, 63.81064260100004 ], [ -22.564060465999944, 63.811264872000038 ], [ -22.603924993999954, 63.819147556000075 ], [ -22.627169703999982, 63.820467148000034 ], [ -22.692139802999975, 63.800878803000046 ], [ -22.703154920999964, 63.801119011000083 ], [ -22.710919499999932, 63.809972499000082 ], [ -22.540189903999931, 63.899738625000055 ], [ -22.523026, 63.908779999000046 ], [ -22.498052, 63.917346499000075 ], [ -22.397791499999983, 63.952367999000046 ], [ -22.367692, 63.923316499000066 ], [ -22.315811499999938, 63.93073799900003 ], [ -22.26925, 63.922439999000062 ], [ -22.116439499999956, 63.932889999000054 ], [ -22.103937, 63.944005999000069 ], [ -22.023644, 63.977567499000031 ], [ -21.724243891999947, 63.974578248000057 ], [ -21.732042499999977, 63.964778999000032 ], [ -21.760190633999969, 63.948689164000029 ], [ -21.785147499999937, 63.934423499000047 ], [ -21.916402, 63.860256499000059 ], [ -21.914782499999944, 63.837742499000058 ], [ -21.973469592999948, 63.834047636000037 ], [ -22.007397, 63.835987499000055 ], [ -22.007972343999938, 63.902996560000076 ], [ -22.044429666999974, 63.918860920000043 ], [ -22.072271545999968, 63.907309224000073 ], [ -22.074422378999941, 63.903645743000084 ], [ -22.072666765999941, 63.898369718000083 ], [ -22.081213462999983, 63.893799972000068 ], [ -22.082536989999937, 63.887991569000064 ], [ -22.09643803199998, 63.878874566000036 ], [ -22.126621612999941, 63.866590213000052 ], [ -22.130740111999955, 63.856930716000079 ], [ -22.130868499999963, 63.836597999000048 ] ] ] ] } },
{ "type": "Feature", "properties": { "GISCO_ID": "IS_2506", "CNTR_CODE": "IS", "LAU_ID": "2506", "LAU_NAME": "Sveitarfélagið Vogar", "cell_coverage": [ [ 0, 0.0062, 0.2143, 0.2996, 0.6197, 0.5767, 0.3978, 0.662, 0.6664, 0.1113, 0 ], [ 0.148, 0.5519, 1, 1, 1, 1, 1, 1, 1, 0.8559, 0.1004 ], [ 0, 0.2508, 0.7769, 0.7049, 0.8284, 0.7957, 0.7273, 0.6589, 0.389, 0.0225, 0 ] ], "xmin": -22.458333333333332, "xmax": -22.0, "ymin": 63.916666666666657, "ymax": 64.041666666666657 }, "geometry": { "type": "MultiPolygon", "coordinates": [ [ [ [ -22.023644, 63.977567499000031 ], [ -22.103937, 63.944005999000069 ], [ -22.116439499999956, 63.932889999000054 ], [ -22.26925, 63.922439999000062 ], [ -22.315811499999938, 63.93073799900003 ], [ -22.367692, 63.923316499000066 ], [ -22.397791499999983, 63.952367999000046 ], [ -22.452270499999941, 63.972229499000036 ], [ -22.419381553999983, 63.973609563000082 ], [ -22.397975575999965, 63.970748039000057 ], [ -22.387404105999963, 63.977513968000039 ], [ -22.393183277999981, 63.984263622000071 ], [ -22.382295441999929, 63.999235739000028 ], [ -22.370186272999945, 64.006447274000038 ], [ -22.351498677999928, 64.012142809000068 ], [ -22.338743717999932, 64.008221726000045 ], [ -22.324441258999968, 64.00802724700003 ], [ -22.260622235999961, 64.030028811000079 ], [ -22.222837416999937, 64.023866904000045 ], [ -22.209421653999982, 64.017023897000058 ], [ -22.184586197999977, 64.014173553000035 ], [ -22.177121489999934, 64.01817038300004 ], [ -22.148929910999982, 64.023853436000081 ], [ -22.143869323999979, 64.028804627000056 ], [ -22.132158757999946, 64.032731255000044 ], [ -22.125507, 64.040598999000053 ], [ -22.057004499999948, 63.999412499000073 ], [ -22.023644, 63.977567499000031 ] ] ] ] } },
{ "type": "Feature", "properties": { "GISCO_ID": "IS_2510", "CNTR_CODE": "IS", "LAU_ID": "2510", "LAU_NAME": "Suðurnesjabær", "cell_coverage": [ [ 0, 0.0242, 0.8479, 0.733, 0.2434, 0 ], [ 0, 0.073, 1, 1, 0.8737, 0.1272 ], [ 0.0018, 0.7656, 1, 1, 0.5322, 0 ], [ 0, 0.0537, 0.2742, 0.1865, 0, 0 ] ], "xmin": -22.791666666666668, "xmax": -22.541666666666668, "ymin": 63.91666666666665, "ymax": 64.083333333333314 }, "geometry": { "type": "MultiPolygon", "coordinates": [ [ [ [ -22.635393, 63.952464999000028 ], [ -22.653914737999969, 63.947773174000076 ], [ -22.686260655999945, 63.944950033000055 ], [ -22.725016109999956, 63.955275258000029 ], [ -22.737186565999934, 63.966400092000072 ], [ -22.752447931999939, 63.971829218000039 ], [ -22.746975376999956, 63.975476997000044 ], [ -22.742087286999947, 63.991669425000055 ], [ -22.710290579999935, 64.005259243000069 ], [ -22.709962938999979, 64.035136350000073 ], [ -22.714462816999969, 64.03910542300008 ], [ -22.713241665999931, 64.046379676000072 ], [ -22.707765767999945, 64.05401467400003 ], [ -22.708490737999966, 64.062446464000061 ], [ -22.691790308999941, 64.081888461000062 ], [ -22.648692840999956, 64.076089148000051 ], [ -22.640783087999978, 64.069416515000057 ], [ -22.613979344999962, 64.058291495000049 ], [ -22.595023330999936, 64.045667162000029 ], [ -22.557202073999974, 64.029519849000053 ], [ -22.555084487999977, 64.025023167000029 ], [ -22.559037499999931, 64.022780999000076 ], [ -22.558857201999956, 64.026680708000072 ], [ -22.56303761199996, 64.028911102000052 ], [ -22.595527967999942, 64.022769548000042 ], [ -22.596437450999929, 64.01908215800006 ], [ -22.587982953999983, 64.006881622000037 ], [ -22.60086410699995, 63.989134441000033 ], [ -22.595325036999952, 63.975567025000032 ], [ -22.635393, 63.952464999000028 ] ] ] ] } },
{ "type": "Feature", "properties": { "GISCO_ID": "IS_3000", "CNTR_CODE": "IS", "LAU_ID": "3000", "LAU_NAME": "Akraneskaupstaður", "cell_coverage": [ [ 0, 0.0154, 0.2341 ], [ 0.0414, 0.3641, 0.2848 ] ], "xmin": -22.125, "xmax": -22.0, "ymin": 64.291666666666657, "ymax": 64.375 }, "geometry": { "type": "MultiPolygon", "coordinates": [ [ [ [ -22.042082, 64.311766499000043 ], [ -22.067875839999942, 64.316741275000084 ], [ -22.090834840999946, 64.311137447000078 ], [ -22.094579596999949, 64.315438346000064 ], [ -22.079435988999933, 64.324641274000044 ], [ -22.048724034999964, 64.334637757000053 ], [ -22.022631648999948, 64.35035425500007 ], [ -22.016908066999974, 64.350636870000073 ], [ -22.019877561999976, 64.345229858000039 ], [ -22.014418499999977, 64.344181999000057 ], [ -22.009829611999976, 64.34345483900006 ], [ -22.00763969999997, 64.337036730000079 ], [ -22.001083862999963, 64.333066283000051 ], [ -22.019632136999974, 64.324310046000051 ], [ -22.019788347999963, 64.319638074000068 ], [ -22.027043206999963, 64.315059618000078 ], [ -22.042082, 64.311766499000043 ] ] ] ] } },
{ "type": "Feature", "properties": { "GISCO_ID": "IS_3506", "CNTR_CODE": "IS", "LAU_ID": "3506", "LAU_NAME": "Skorradalshreppur", "cell_coverage": [ [ 0, 0, 0.1343, 0.0003, 0.3258, 0.4349, 0.316, 0.1605, 0.0994, 0, 0, 0, 0, 0, 0, 0, 0 ], [ 0, 0.1031, 0.8327, 0.9, 0.9977, 1, 1, 0.9932, 0.9905, 0.8325, 0.654, 0.2604, 0.0139, 0, 0, 0, 0 ], [ 0.0025, 0.2243, 0.5506, 0.4773, 0.4083, 0.3301, 0.2301, 0.0499, 0.0781, 0.6318, 0.7604, 0.871, 0.9282, 0.5725, 0.4162, 0.3141, 0.0322 ], [ 0, 0, 0, 0, 0, 0, 0, 0, 0.1194, 0.551, 0.7556, 0.84, 0.7584, 0.7245, 0.8929, 0.9996, 0.4737 ], [ 0, 0, 0, 0, 0, 0, 0, 0, 0, 0, 0, 0, 0, 0, 0, 0.0721, 0.1121 ] ], "xmin": -21.833333333333332, "xmax": -21.125, "ymin": 64.375, "ymax": 64.583333333333314 }, "geometry": { "type": "MultiPolygon", "coordinates": [ [ [ [ -21.796222, 64.494133999000042 ], [ -21.770618983999952, 64.501843030000032 ], [ -21.75096479299998, 64.51432920600007 ], [ -21.741817756999978, 64.526064881000082 ], [ -21.730633287999979, 64.534506828000076 ], [ -21.732512656999972, 64.541132330000039 ], [ -21.739798448999977, 64.548509308000064 ], [ -21.731768543999976, 64.552523132000033 ], [ -21.714285583999981, 64.549700143000052 ], [ -21.710748391999971, 64.543384644000071 ], [ -21.702256344999967, 64.539575193000076 ], [ -21.676553403999947, 64.53426730700005 ], [ -21.66158171099994, 64.542339623000032 ], [ -21.640438312999947, 64.563413796000077 ], [ -21.608245703999955, 64.561380107000048 ], [ -21.598589732999983, 64.557331722000072 ], [ -21.581997874999956, 64.558202966000067 ], [ -21.517684132999932, 64.547099365000065 ], [ -21.478236867999954, 64.547765632000051 ], [ -21.449682588999963, 64.535663210000052 ], [ -21.409364102999973, 64.531488632000048 ], [ -21.378420648999963, 64.522154359000069 ], [ -21.356237179999937, 64.510468284000069 ], [ -21.297057861999974, 64.493139210000038 ], [ -21.273035667999977, 64.481110680000029 ], [ -21.239940851999961, 64.47587208300007 ], [ -21.193880598999954, 64.474375214000077 ], [ -21.157661486999928, 64.461996396000075 ], [ -21.152594657999941, 64.458251352000048 ], [ -21.149592440999982, 64.448731338000073 ], [ -21.154726497999945, 64.438801117000082 ], [ -21.143011959999967, 64.432750312000053 ], [ -21.139337204999947, 64.425455164000027 ], [ -21.140673638999942, 64.414835803000074 ], [ -21.131893, 64.408280999000056 ], [ -21.18663367399995, 64.413014369000052 ], [ -21.274851331999969, 64.429840960000035 ], [ -21.37144686399995, 64.421863431000077 ], [ -21.473457189999976, 64.442727595000065 ], [ -21.474824966999961, 64.444892149000054 ], [ -21.466030453999963, 64.456035752000048 ], [ -21.446880202999978, 64.474816783000051 ], [ -21.410815383999932, 64.471617313000081 ], [ -21.355028578999963, 64.458287929000051 ], [ -21.350074836999966, 64.45925298800006 ], [ -21.347204312999963, 64.463985973000035 ], [ -21.376437478999947, 64.473453637000034 ], [ -21.499843458999976, 64.502130138000041 ], [ -21.594122138999978, 64.484498292000069 ], [ -21.612976515999947, 64.487899447000075 ], [ -21.659836428999938, 64.480782548000036 ], [ -21.691452701999935, 64.480494280000073 ], [ -21.738909611999929, 64.474241825000036 ], [ -21.749011773999939, 64.483438572000068 ], [ -21.770756564999942, 64.490999013000078 ], [ -21.796222, 64.494133999000042 ] ] ] ] } },
{ "type": "Feature", "properties": { "GISCO_ID": "IS_3511", "CNTR_CODE": "IS", "LAU_ID": "3511", "LAU_NAME": "Hvalfjarðarsveit", "cell_coverage": [ [ 0, 0, 0.0013, 0.2242, 0.3481, 0, 0, 0, 0, 0, 0, 0, 0, 0.0068, 0.0058, 0, 0, 0, 0, 0, 0, 0, 0, 0, 0 ], [ 0, 0, 0.4859, 1, 1, 0.8936, 0.8779, 0.7563, 0.4494, 0.5227, 0.5917, 0.6699, 0.7699, 0.9501, 0.9219, 0.3682, 0.2396, 0.129, 0, 0, 0, 0, 0, 0, 0 ], [ 0, 0.2449, 0.9145, 1, 1, 1, 1, 1, 1, 1, 1, 1, 1, 1, 0.8806, 0.449, 0.2444, 0.16, 0.2416, 0.2755, 0.1071, 0.0004, 0, 0, 0 ], [ 0, 0.4526, 0.6786, 0.5222, 0.5711, 0.9524, 1, 1, 0.8999, 0.6245, 0.3809, 0.3263, 0.4978, 0.5506, 0.4951, 0.6477, 0.715, 0.9302, 1, 1, 1, 0.9279, 0.8288, 0.5795, 0.0668 ], [ 0, 0.089, 0.8177, 0.9207, 0.9567, 1, 0.8768, 0.3675, 0.052, 0, 0, 0, 0, 0, 0.0083, 0.0506, 0, 0.0367, 0.0637, 0.2105, 0.3772, 0.5253, 0.3701, 0.0067, 0 ], [ 0.0002, 0.428, 0.7787, 0.6876, 0.5223, 0.2153, 0.0057, 0, 0, 0, 0, 0, 0, 0, 0, 0, 0, 0, 0, 0, 0, 0, 0, 0, 0 ] ], "xmin": -22.083333333333332, "xmax": -21.041666666666664, "ymin": 64.291666666666657, "ymax": 64.541666666666657 }, "geometry": { "type": "MultiPolygon", "coordinates": [ [ [ [ -21.162504, 64.351218499000083 ], [ -21.19292257799998, 64.352353184000037 ], [ -21.20611873699994, 64.357378904000029 ], [ -21.235345881999933, 64.359391651000067 ], [ -21.294029377999948, 64.370697563000078 ], [ -21.331601042999978, 64.374072173000059 ], [ -21.374088047999976, 64.372787046000042 ], [ -21.370047499999941, 64.380325999000036 ], [ -21.359382893999964, 64.381423400000074 ], [ -21.356663125999944, 64.384210131000032 ], [ -21.36879050899995, 64.387793194000039 ], [ -21.40286971699993, 64.387375556000052 ], [ -21.419495856999959, 64.382908713000063 ], [ -21.43474012799993, 64.37206578100006 ], [ -21.460374987999955, 64.370811056000036 ], [ -21.465285220999931, 64.373006795000038 ], [ -21.429479890999971, 64.379865762000065 ], [ -21.42514474099994, 64.385460312000077 ], [ -21.42967467099993, 64.390627359000064 ], [ -21.444769089999966, 64.397018600000081 ], [ -21.514903562999962, 64.395015459000035 ], [ -21.534223477999944, 64.39143622000006 ], [ -21.575358397999935, 64.397794655000041 ], [ -21.59472504699994, 64.403774862000034 ], [ -21.640751755999929, 64.402836749000073 ], [ -21.731004735999932, 64.379300942000043 ], [ -21.742095746999951, 64.368305260000056 ], [ -21.750688500999956, 64.364259943000036 ], [ -21.770756564999942, 64.362659031000078 ], [ -21.794613961999971, 64.347261589000027 ], [ -21.805145376999974, 64.339624561000051 ], [ -21.908276314999966, 64.307516476000046 ], [ -21.991404847999945, 64.299458450000031 ], [ -22.016583045999937, 64.303951864000055 ], [ -22.03315556299998, 64.303530324000064 ], [ -22.040572850999979, 64.306955723000044 ], [ -22.042082, 64.311766499000043 ], [ -22.027043206999963, 64.315059618000078 ], [ -22.019788347999963, 64.319638074000068 ], [ -22.019632136999974, 64.324310046000051 ], [ -22.001083862999963, 64.333066283000051 ], [ -22.00763969999997, 64.337036730000079 ], [ -22.009829611999976, 64.34345483900006 ], [ -22.014418499999977, 64.344181999000057 ], [ -22.001811687999975, 64.351902002000031 ], [ -22.001109133999933, 64.358532248000074 ], [ -21.99201414199996, 64.362325587000043 ], [ -21.97957209499998, 64.372977161000051 ], [ -21.976024198999937, 64.373022852000076 ], [ -21.977280750999967, 64.369893759000036 ], [ -21.967983980999975, 64.368897618000062 ], [ -21.93116559799995, 64.371378019000076 ], [ -21.921283609999932, 64.376063540000075 ], [ -21.911575323999955, 64.372386321000079 ], [ -21.879872061999947, 64.373624988000074 ], [ -21.868933403999961, 64.376591696000048 ], [ -21.877648675999978, 64.383045179000078 ], [ -21.86403893399995, 64.388255368000046 ], [ -21.87357259199996, 64.39494863200008 ], [ -21.891968184999939, 64.387037899000063 ], [ -21.899659613999972, 64.393628808000074 ], [ -21.911343304999946, 64.39805567600007 ], [ -21.932990992999976, 64.395230939000044 ], [ -21.939832949999982, 64.398605556000064 ], [ -21.959245443999976, 64.389300481000078 ], [ -21.95962736499996, 64.393692430000044 ], [ -21.964284232999944, 64.394659044000036 ], [ -21.989840941999944, 64.387277274000041 ], [ -21.980101001999969, 64.378476573000057 ], [ -21.981960932999982, 64.377799179000078 ], [ -22.019338796999932, 64.39190024800007 ], [ -22.037296888999947, 64.403763192000042 ], [ -22.027894682999943, 64.410077767000075 ], [ -22.02367800199994, 64.418980402000045 ], [ -22.015463497999974, 64.425154678000069 ], [ -22.014069463999931, 64.437873366000076 ], [ -22.005332280999937, 64.454048904000047 ], [ -21.99982224799993, 64.456660603000046 ], [ -22.005515435999939, 64.449069386000076 ], [ -22.009051715999931, 64.437006240000073 ], [ -22.004559679999943, 64.436839274000079 ], [ -21.991810113999975, 64.444228752000072 ], [ -21.989841249999927, 64.451323406000029 ], [ -21.992791023999928, 64.461326618000044 ], [ -21.982807265999952, 64.468956270000035 ], [ -21.97479535399998, 64.487951014000032 ], [ -21.965883641999937, 64.497562537000078 ], [ -21.950689366999939, 64.505501571000082 ], [ -21.94744123199996, 64.513471715000037 ], [ -21.942143263999981, 64.506435986000042 ], [ -21.929049936999945, 64.511895426000081 ], [ -21.90423138899996, 64.515629464000028 ], [ -21.896056499999929, 64.520614499000033 ], [ -21.881839119999938, 64.515398019000031 ], [ -21.879815195999981, 64.511198720000039 ], [ -21.883776852999972, 64.505646115000047 ], [ -21.864815655999962, 64.492969121000044 ], [ -21.845113172999959, 64.49652980500008 ], [ -21.796222, 64.494133999000042 ], [ -21.770756564999942, 64.490999013000078 ], [ -21.749011773999939, 64.483438572000068 ], [ -21.738909611999929, 64.474241825000036 ], [ -21.691452701999935, 64.480494280000073 ], [ -21.659836428999938, 64.480782548000036 ], [ -21.612976515999947, 64.487899447000075 ], [ -21.594122138999978, 64.484498292000069 ], [ -21.499843458999976, 64.502130138000041 ], [ -21.376437478999947, 64.473453637000034 ], [ -21.347204312999963, 64.463985973000035 ], [ -21.350074836999966, 64.45925298800006 ], [ -21.355028578999963, 64.458287929000051 ], [ -21.410815383999932, 64.471617313000081 ], [ -21.446880202999978, 64.474816783000051 ], [ -21.466030453999963, 64.456035752000048 ], [ -21.474824966999961, 64.444892149000054 ], [ -21.473457189999976, 64.442727595000065 ], [ -21.37144686399995, 64.421863431000077 ], [ -21.274851331999969, 64.429840960000035 ], [ -21.18663367399995, 64.413014369000052 ], [ -21.131893, 64.408280999000056 ], [ -21.063740499999938, 64.408102499000051 ], [ -21.146707499999934, 64.358184999000059 ], [ -21.162504, 64.351218499000083 ] ] ], [ [ [ -21.93563833199994, 64.385086738000041 ], [ -21.933179529999961, 64.383878309000067 ], [ -21.944743822999953, 64.378448262000063 ], [ -21.941096665999964, 64.382537447000061 ], [ -21.93563833199994, 64.385086738000041 ] ] ] ] } },
{ "type": "Feature", "properties": { "GISCO_ID": "IS_3609", "CNTR_CODE": "IS", "LAU_ID": "3609", "LAU_NAME": "Borgarbyggð", "cell_coverage": [ [ 0, 0, 0, 0, 0, 0, 0, 0, 0, 0, 0, 0, 0, 0, 0, 0, 0, 0, 0, 0, 0, 0, 0, 0, 0, 0, 0, 0, 0, 0, 0, 0, 0.0531, 0, 0, 0, 0, 0, 0, 0, 0, 0, 0, 0, 0, 0, 0, 0, 0, 0, 0, 0, 0, 0, 0, 0, 0, 0, 0, 0, 0, 0, 0, 0, 0, 0 ], [ 0, 0, 0, 0, 0, 0, 0, 0, 0, 0, 0, 0, 0, 0, 0, 0, 0, 0, 0, 0, 0, 0, 0, 0, 0, 0, 0, 0, 0.1434, 0.6504, 0.6375, 0.8637, 0.9997, 0.875, 0.5732, 0.3903, 0.1535, 0.0081, 0, 0, 0, 0, 0, 0, 0, 0, 0, 0, 0, 0, 0, 0, 0, 0, 0, 0, 0, 0, 0, 0, 0, 0, 0, 0, 0, 0 ], [ 0, 0, 0, 0, 0, 0, 0.035, 0.6303, 0.8211, 0.7289, 0.6245, 0.6554, 0.5401, 0.0263, 0.3493, 0.1864, 0, 0, 0, 0, 0, 0, 0, 0, 0, 0, 0, 0.3354, 0.7286, 1, 1, 1, 1, 1, 1, 1, 1, 0.9395, 0.7099, 0.5888, 0.3869, 0.2621, 0.1955, 0.059, 0, 0, 0.0766, 0.2004, 0.3568, 0.581, 0.7932, 0.7835, 0.6902, 0.5969, 0.5273, 0.5205, 0.517, 0.5136, 0.5102, 0.5061, 0.5019, 0.4976, 0.4934, 0.4892, 0.4849, 0.4046 ], [ 0, 0, 0, 0, 0, 0.1559, 0.5384, 0.9998, 1, 1, 1, 1, 1, 0.9986, 1, 0.8892, 0.8056, 0.3579, 0, 0.2023, 0.6489, 0.0717, 0.0379, 0.0468, 0, 0.1638, 0.5346, 0.8974, 1, 1, 1, 1, 1, 1, 1, 1, 1, 1, 1, 1, 1, 1, 1, 0.9996, 0.9209, 0.8305, 0.9386, 1, 1, 1, 1, 1, 1, 1, 1, 1, 1, 1, 1, 1, 1, 1, 1, 1, 1, 0.5652 ], [ 0, 0, 0, 0, 0.0329, 0.593, 1, 1, 1, 1, 1, 1, 1, 1, 1, 1, 1, 0.9414, 0.857, 0.9817, 1, 0.8671, 0.9298, 0.9707, 0.8216, 0.9647, 1, 1, 1, 1, 1, 1, 1, 1, 1, 1, 1, 1, 1, 1, 1, 1, 1, 1, 1, 1, 1, 1, 1, 1, 1, 1, 1, 1, 1, 1, 1, 1, 1, 1, 1, 1, 1, 1, 0.6853, 0.0905 ], [ 0, 0, 0.0016, 0.6284, 0.9568, 1, 1, 1, 1, 1, 1, 1, 1, 1, 1, 1, 1, 1, 1, 1, 1, 1, 1, 1, 1, 1, 1, 1, 1, 1, 1, 1, 1, 1, 1, 1, 1, 1, 1, 1, 1, 1, 1, 1, 1, 1, 1, 1, 1, 1, 1, 1, 1, 1, 1, 1, 1, 1, 1, 1, 1, 1, 0.8894, 0.3133, 0, 0 ], [ 0, 0.0521, 0.2443, 0.5914, 0.5992, 0.8718, 1, 1, 1, 1, 1, 1, 1, 1, 1, 1, 1, 1, 1, 1, 1, 1, 1, 1, 1, 1, 1, 1, 1, 1, 1, 1, 1, 1, 1, 1, 1, 1, 1, 1, 1, 1, 1, 1, 1, 1, 1, 1, 1, 1, 1, 1, 1, 1, 1, 1, 1, 1, 1, 1, 0.9913, 0.5694, 0.0519, 0, 0, 0 ], [ 0, 0, 0.0773, 0.107, 0.2096, 0.9164, 1, 1, 1, 1, 1, 1, 1, 1, 1, 1, 1, 1, 1, 1, 1, 1, 1, 1, 1, 1, 1, 1, 1, 1, 1, 1, 1, 1, 1, 1, 1, 1, 1, 1, 1, 1, 1, 1, 1, 1, 1, 1, 1, 1, 1, 1, 1, 1, 1, 1, 1, 1, 1, 0.9198, 0.2759, 0, 0, 0, 0, 0 ], [ 0, 0, 0.0017, 0.2755, 0.5697, 1, 1, 1, 1, 1, 1, 1, 1, 1, 1, 1, 1, 1, 1, 1, 1, 1, 1, 1, 1, 1, 1, 1, 1, 1, 1, 1, 1, 1, 1, 1, 1, 1, 1, 1, 1, 1, 1, 1, 1, 1, 1, 1, 1, 1, 1, 1, 1, 1, 1, 1, 1, 0.9866, 0.7501, 0.1124, 0, 0, 0, 0, 0, 0 ], [ 0.0217, 0.0116, 0.0344, 0.09, 0.7323, 1, 1, 1, 1, 1, 1, 1, 1, 1, 1, 1, 1, 1, 1, 1, 1, 1, 1, 1, 1, 1, 1, 1, 1, 1, 1, 1, 1, 1, 1, 1, 1, 1, 1, 1, 1, 1, 1, 1, 1, 1, 1, 1, 1, 1, 0.9921, 0.8783, 0.7316, 0.5868, 0.4426, 0.2983, 0.1541, 0.0233, 0, 0, 0, 0, 0, 0, 0, 0 ], [ 0.0144, 0, 0, 0, 0.5187, 1, 1, 1, 1, 1, 1, 1, 1, 1, 1, 1, 1, 1, 0.9919, 1, 1, 1, 1, 1, 1, 1, 1, 1, 1, 1, 1, 1, 1, 1, 1, 1, 1, 1, 1, 1, 1, 1, 1, 1, 1, 1, 0.8372, 0.4758, 0.3189, 0.172, 0.0331, 0, 0, 0, 0, 0, 0, 0, 0, 0, 0, 0, 0, 0, 0, 0 ], [ 0, 0, 0, 0.011, 0.2806, 0.6034, 0.3639, 0.8102, 1, 1, 1, 1, 1, 0.9842, 0.8121, 0.7166, 0.3468, 0.1327, 0.7552, 0.8657, 0.9997, 0.6742, 0.5651, 0.684, 0.8395, 0.9006, 1, 1, 1, 1, 1, 1, 1, 1, 1, 1, 1, 1, 1, 1, 1, 1, 1, 1, 0.8495, 0.3348, 0.005, 0, 0, 0, 0, 0, 0, 0, 0, 0, 0, 0, 0, 0, 0, 0, 0, 0, 0, 0 ], [ 0, 0, 0, 0, 0.279, 0.0283, 0.0809, 0.4939, 1, 1, 1, 0.7102, 0.3829, 0.1914, 0.0388, 0.1559, 0.6396, 0.7791, 0.8527, 0.1673, 0.1, 0.0023, 0, 0, 0, 0.0037, 0.1675, 0.346, 0.7396, 0.9861, 1, 1, 1, 1, 1, 1, 1, 1, 1, 1, 0.8386, 0.3859, 0.2095, 0.0861, 0.0024, 0, 0, 0, 0, 0, 0, 0, 0, 0, 0, 0, 0, 0, 0, 0, 0, 0, 0, 0, 0, 0 ], [ 0, 0, 0, 0, 0, 0, 0, 0.2121, 0.5961, 0.7641, 0.6154, 0.081, 0, 0, 0, 0, 0.1064, 0.1195, 0.0193, 0, 0, 0, 0, 0, 0, 0, 0, 0, 0, 0.0718, 0.4275, 0.5838, 0.6859, 0.9678, 1, 1, 1, 1, 0.843, 0.3519, 0.0102, 0, 0, 0, 0, 0, 0, 0, 0, 0, 0, 0, 0, 0, 0, 0, 0, 0, 0, 0, 0, 0, 0, 0, 0, 0 ], [ 0, 0, 0, 0, 0, 0, 0, 0, 0, 0, 0, 0, 0, 0, 0, 0, 0, 0, 0, 0, 0, 0, 0, 0, 0, 0, 0, 0, 0, 0, 0, 0, 0, 0.5263, 1, 0.9999, 0.7894, 0.3532, 0.0111, 0, 0, 0, 0, 0, 0, 0, 0, 0, 0, 0, 0, 0, 0, 0, 0, 0, 0, 0, 0, 0, 0, 0, 0, 0, 0, 0 ], [ 0, 0, 0, 0, 0, 0, 0, 0, 0, 0, 0, 0, 0, 0, 0, 0, 0, 0, 0, 0, 0, 0, 0, 0, 0, 0, 0, 0, 0, 0, 0, 0, 0, 0.059, 0.203, 0.1486, 0, 0, 0, 0, 0, 0, 0, 0, 0, 0, 0, 0, 0, 0, 0, 0, 0, 0, 0, 0, 0, 0, 0, 0, 0, 0, 0, 0, 0, 0 ] ], "xmin": -22.541666666666668, "xmax": -19.791666666666668, "ymin": 64.375, "ymax": 65.041666666666657 }, "geometry": { "type": "MultiPolygon", "coordinates": [ [ [ [ -20.934053499999948, 64.466155499000081 ], [ -20.982734499999935, 64.44165349900004 ], [ -20.998068499999931, 64.43464349900006 ], [ -21.001620634999938, 64.433207922000065 ], [ -21.063740499999938, 64.408102499000051 ], [ -21.131893, 64.408280999000056 ], [ -21.140673638999942, 64.414835803000074 ], [ -21.139337204999947, 64.425455164000027 ], [ -21.143011959999967, 64.432750312000053 ], [ -21.154726497999945, 64.438801117000082 ], [ -21.149592440999982, 64.448731338000073 ], [ -21.152594657999941, 64.458251352000048 ], [ -21.157661486999928, 64.461996396000075 ], [ -21.193880598999954, 64.474375214000077 ], [ -21.239940851999961, 64.47587208300007 ], [ -21.273035667999977, 64.481110680000029 ], [ -21.297057861999974, 64.493139210000038 ], [ -21.356237179999937, 64.510468284000069 ], [ -21.378420648999963, 64.522154359000069 ], [ -21.409364102999973, 64.531488632000048 ], [ -21.449682588999963, 64.535663210000052 ], [ -21.478236867999954, 64.547765632000051 ], [ -21.517684132999932, 64.547099365000065 ], [ -21.581997874999956, 64.558202966000067 ], [ -21.598589732999983, 64.557331722000072 ], [ -21.608245703999955, 64.561380107000048 ], [ -21.640438312999947, 64.563413796000077 ], [ -21.66158171099994, 64.542339623000032 ], [ -21.676553403999947, 64.53426730700005 ], [ -21.702256344999967, 64.539575193000076 ], [ -21.710748391999971, 64.543384644000071 ], [ -21.714285583999981, 64.549700143000052 ], [ -21.731768543999976, 64.552523132000033 ], [ -21.739798448999977, 64.548509308000064 ], [ -21.732512656999972, 64.541132330000039 ], [ -21.730633287999979, 64.534506828000076 ], [ -21.741817756999978, 64.526064881000082 ], [ -21.75096479299998, 64.51432920600007 ], [ -21.770618983999952, 64.501843030000032 ], [ -21.796222, 64.494133999000042 ], [ -21.845113172999959, 64.49652980500008 ], [ -21.864815655999962, 64.492969121000044 ], [ -21.883776852999972, 64.505646115000047 ], [ -21.879815195999981, 64.511198720000039 ], [ -21.881839119999938, 64.515398019000031 ], [ -21.896056499999929, 64.520614499000033 ], [ -21.882207851999965, 64.527893096000071 ], [ -21.859444177999933, 64.525561293000067 ], [ -21.837033450999968, 64.52763673700008 ], [ -21.821965358999933, 64.532214812000063 ], [ -21.781977896999933, 64.534825382000065 ], [ -21.779943041999957, 64.540607973000078 ], [ -21.784343830999944, 64.544252679000067 ], [ -21.817155800999956, 64.54656815900006 ], [ -21.799944327999981, 64.551269467000054 ], [ -21.772001881999927, 64.572270961000072 ], [ -21.765647877999982, 64.580811342000061 ], [ -21.771410214999946, 64.583909985000048 ], [ -21.783811410999931, 64.584322464000081 ], [ -21.833735950999937, 64.578331042000059 ], [ -21.846732653999936, 64.572379027000068 ], [ -21.86161371399993, 64.569383199000072 ], [ -21.863492658999974, 64.566232970000044 ], [ -21.861349278999967, 64.561026197000047 ], [ -21.866998878999937, 64.558793361000028 ], [ -21.873406576999969, 64.558518735000064 ], [ -21.874686796999981, 64.564599910000084 ], [ -21.881356879999942, 64.56501680000008 ], [ -21.892315479999979, 64.553465742000071 ], [ -21.903296076999936, 64.549008933000039 ], [ -21.910917909999966, 64.541305195000064 ], [ -21.925156156999947, 64.534691297000052 ], [ -21.927603440999974, 64.535336609000069 ], [ -21.92671777399994, 64.538293825000039 ], [ -21.912971504999973, 64.54978722900006 ], [ -21.91459965599995, 64.555167160000053 ], [ -21.935420929999964, 64.548661268000046 ], [ -21.95636322799993, 64.548362323000049 ], [ -21.963979945999938, 64.544657231000031 ], [ -21.969425539999975, 64.535790367000061 ], [ -21.97597473999997, 64.53042160900003 ], [ -21.99034104499998, 64.531749427000079 ], [ -22.01887998199993, 64.520834703000048 ], [ -22.03186236099998, 64.529211977000045 ], [ -22.047429058999967, 64.528766546000043 ], [ -22.054789591999963, 64.51547682100005 ], [ -22.053478317999975, 64.510136398000043 ], [ -22.067119091999928, 64.509638901000073 ], [ -22.074073561999967, 64.506298052000034 ], [ -22.074531915999955, 64.489555118000055 ], [ -22.088377770999955, 64.472667879000028 ], [ -22.099239243999932, 64.471722015000068 ], [ -22.10595085999995, 64.476424461000079 ], [ -22.111044599999957, 64.476863483000045 ], [ -22.140001113999972, 64.468466047000049 ], [ -22.151609791999931, 64.461106316000041 ], [ -22.157372056999975, 64.460939557000074 ], [ -22.150629911999943, 64.468782120000071 ], [ -22.150485901999957, 64.469014044000062 ], [ -22.150417679999975, 64.469277058000046 ], [ -22.150431388999948, 64.469548430000032 ], [ -22.150525767999966, 64.469803230000082 ], [ -22.150692147999962, 64.470018052000057 ], [ -22.150915244999965, 64.470173160000058 ], [ -22.151174562999927, 64.470254306000072 ], [ -22.151447556999983, 64.470254682000075 ], [ -22.162411940999959, 64.468563505000077 ], [ -22.169562606999932, 64.471517377000055 ], [ -22.182148727999959, 64.470628618000035 ], [ -22.187629336999976, 64.474485577000053 ], [ -22.187887801999977, 64.474610814000073 ], [ -22.188171260999979, 64.474648692000073 ], [ -22.188452225999981, 64.474595377000071 ], [ -22.188702105999937, 64.474456295000039 ], [ -22.188895472999945, 64.474245598000039 ], [ -22.189012648999949, 64.473984727000072 ], [ -22.189041710999959, 64.473700229000031 ], [ -22.188979700999937, 64.473421054000028 ], [ -22.18883279299996, 64.473174265000068 ], [ -22.188507916999981, 64.472786212000074 ], [ -22.190679487999944, 64.470968096000036 ], [ -22.197690071999943, 64.473360445000083 ], [ -22.191201563999982, 64.475212452000051 ], [ -22.190940901999966, 64.475335362000067 ], [ -22.190732921999938, 64.475533072000076 ], [ -22.190598066999939, 64.475786368000058 ], [ -22.190550152999947, 64.476069297000038 ], [ -22.190594088999944, 64.476352871000074 ], [ -22.190725373999953, 64.476608036000073 ], [ -22.19093103299997, 64.476809914000057 ], [ -22.197190473999967, 64.481217764000064 ], [ -22.199448089999976, 64.494671096000047 ], [ -22.210279360999948, 64.496725212000058 ], [ -22.219812102999981, 64.503861891000042 ], [ -22.224891572999979, 64.494612620000055 ], [ -22.223537415999942, 64.491764081000042 ], [ -22.220165212999973, 64.494076092000057 ], [ -22.217870697999956, 64.490854849000073 ], [ -22.222916469999973, 64.488887465000062 ], [ -22.225894694999965, 64.479832572000078 ], [ -22.232340078999982, 64.483706977000054 ], [ -22.230800772999942, 64.491025105000062 ], [ -22.233035946999962, 64.494396130000041 ], [ -22.24171600699998, 64.486843495000073 ], [ -22.240064479999944, 64.495799093000073 ], [ -22.232279367999979, 64.502211876000047 ], [ -22.230858989999945, 64.510883267000054 ], [ -22.224589955999932, 64.521355173000075 ], [ -22.209504353999932, 64.531955083000071 ], [ -22.212118680999936, 64.534565296000039 ], [ -22.226907117999929, 64.536116095000068 ], [ -22.22698412699998, 64.543175331000043 ], [ -22.218545723999966, 64.547032367000043 ], [ -22.218895742999962, 64.550688899000079 ], [ -22.227279008999972, 64.554242065000039 ], [ -22.235988228999929, 64.549121593000052 ], [ -22.27091670599998, 64.547381528000074 ], [ -22.255847806999952, 64.548950417000071 ], [ -22.236742173999971, 64.560385354000061 ], [ -22.240630024999973, 64.562737782000056 ], [ -22.251750748999939, 64.562599028000079 ], [ -22.255561729999954, 64.567781745000048 ], [ -22.268448072999945, 64.572606545000042 ], [ -22.282360172999972, 64.569635575000063 ], [ -22.301798104999932, 64.557848718000059 ], [ -22.308337996999967, 64.560355188000074 ], [ -22.327130647999979, 64.557479948000037 ], [ -22.347266851999962, 64.563069017000032 ], [ -22.347000655999977, 64.575909406000051 ], [ -22.340123851999977, 64.585837126000058 ], [ -22.35772047599994, 64.58554650800005 ], [ -22.352892041999951, 64.590847990000043 ], [ -22.353821671999981, 64.601778160000038 ], [ -22.344960089999972, 64.619005125000058 ], [ -22.35098149099997, 64.62039651200007 ], [ -22.360973061999971, 64.617580736000036 ], [ -22.380140344999973, 64.630865819000064 ], [ -22.381389956999953, 64.637626168000054 ], [ -22.386150056999952, 64.641983744000072 ], [ -22.447182432999966, 64.661634409000044 ], [ -22.445330199999944, 64.666434924000043 ], [ -22.437895904999948, 64.667701621000049 ], [ -22.439691598999957, 64.661948691000077 ], [ -22.436158954999939, 64.658144277000076 ], [ -22.381752469999981, 64.643033133000074 ], [ -22.359544964999941, 64.649741280000057 ], [ -22.348570198999937, 64.658183369000028 ], [ -22.342266203999941, 64.667706226000064 ], [ -22.341392307999968, 64.672788490000073 ], [ -22.333964063999929, 64.678600055000061 ], [ -22.343021267999973, 64.683636036000053 ], [ -22.345186852999973, 64.690808410000045 ], [ -22.379771361999929, 64.684549569000069 ], [ -22.411624825999979, 64.668819510000048 ], [ -22.413605160999964, 64.671930122000049 ], [ -22.409894111999961, 64.683167042000036 ], [ -22.378210165999974, 64.697224739000035 ], [ -22.37497484599993, 64.702350085000035 ], [ -22.372843149999937, 64.716713817000027 ], [ -22.350095671999952, 64.714056969000069 ], [ -22.332571246999976, 64.724560902000064 ], [ -22.330039682999939, 64.731869262000032 ], [ -22.337160806999975, 64.736359403000051 ], [ -22.337386451999976, 64.739101212000037 ], [ -22.314508211999964, 64.746595686000035 ], [ -22.310984109999936, 64.751106758000049 ], [ -22.310962414999949, 64.755192970000053 ], [ -22.313898858999949, 64.757847917000049 ], [ -22.35542877499995, 64.769175394000058 ], [ -22.375071791999972, 64.765432135000083 ], [ -22.406967632999965, 64.768016550000027 ], [ -22.42432202699996, 64.75936409600007 ], [ -22.439597775999971, 64.761950581000065 ], [ -22.439037774999974, 64.765712380000082 ], [ -22.422864402999949, 64.770542249000073 ], [ -22.411445992999973, 64.784866045000058 ], [ -22.411313149999955, 64.785096852000038 ], [ -22.411253249999959, 64.785355029000073 ], [ -22.411271455999952, 64.785619437000037 ], [ -22.411366175999945, 64.78586696800005 ], [ -22.411529131999941, 64.786075987000061 ], [ -22.411746080999933, 64.786228225000059 ], [ -22.411998062999942, 64.786310376000074 ], [ -22.412264307999976, 64.786315934000072 ], [ -22.442661753999971, 64.782345046000046 ], [ -22.451233259999981, 64.783817898000052 ], [ -22.446071350999944, 64.78647320500005 ], [ -22.433278944999927, 64.786555626000052 ], [ -22.412462132999963, 64.794831982000062 ], [ -22.407812861999957, 64.802528112000061 ], [ -22.416103499999963, 64.812429999000074 ], [ -22.41607909499993, 64.815517399000043 ], [ -22.409803733999979, 64.818606955000064 ], [ -22.384342295999943, 64.821500453000056 ], [ -22.355224187999966, 64.833684743000049 ], [ -22.315066246999947, 64.841946997000036 ], [ -22.309489956999982, 64.848581083000056 ], [ -22.311452974999952, 64.854691975000037 ], [ -22.307469227999945, 64.861635008000064 ], [ -22.316677800999969, 64.867536840000071 ], [ -22.317298162999975, 64.874451015000034 ], [ -22.314339027999949, 64.880551185000058 ], [ -22.302412548999939, 64.884510998000053 ], [ -22.30035804399995, 64.890123945000028 ], [ -22.288697375999959, 64.89524737000005 ], [ -22.263329663999968, 64.895638159000043 ], [ -22.253816854999968, 64.898942673000079 ], [ -22.249351496999964, 64.903770046000034 ], [ -22.254668566999953, 64.907487333000063 ], [ -22.250613840999961, 64.912308274000054 ], [ -22.257653845999982, 64.914446997000027 ], [ -22.258316084999933, 64.918611732000045 ], [ -22.246305783999958, 64.93421532900004 ], [ -22.236752446999958, 64.939174250000065 ], [ -22.232964, 64.945253999000045 ], [ -22.20471411699998, 64.949546111000075 ], [ -22.195210861999954, 64.953672667000035 ], [ -22.163605631999928, 64.947404621000032 ], [ -22.133092953999949, 64.946914938000077 ], [ -22.085127489999934, 64.939883259000055 ], [ -22.055413516999977, 64.946113834000073 ], [ -22.031596018999949, 64.944242367000072 ], [ -22.017509633999964, 64.939449588000059 ], [ -22.000825434999967, 64.928960755000048 ], [ -21.999087295999971, 64.921257807000075 ], [ -21.993682253999964, 64.916102008000053 ], [ -21.961170416999948, 64.918392850000032 ], [ -21.936086422999949, 64.93431049000003 ], [ -21.901949069999944, 64.939433114000053 ], [ -21.895314912999936, 64.934815573000037 ], [ -21.905872058999933, 64.924321150000083 ], [ -21.904074025999932, 64.914449583000078 ], [ -21.881787255999939, 64.907285008000031 ], [ -21.816362474999949, 64.91032354500004 ], [ -21.813014266999971, 64.898942673000079 ], [ -21.812376486999938, 64.887476761000073 ], [ -21.822730656999966, 64.878178246000061 ], [ -21.823920299999941, 64.873246487000074 ], [ -21.770756564999942, 64.868588946000045 ], [ -21.754608240999971, 64.868305510000027 ], [ -21.745594575999974, 64.871130559000051 ], [ -21.714485070999956, 64.89100174500004 ], [ -21.712018014999956, 64.895090137000068 ], [ -21.715590412999973, 64.898942673000079 ], [ -21.713466242999971, 64.90061787500008 ], [ -21.67190543199996, 64.90298785400006 ], [ -21.664480141999945, 64.902008748000071 ], [ -21.659710740999969, 64.898942673000079 ], [ -21.663680201999966, 64.889822136000078 ], [ -21.660077878999971, 64.870616220000045 ], [ -21.622011071999964, 64.865967556000044 ], [ -21.584047153999961, 64.882202774000064 ], [ -21.542953419999947, 64.86984745400008 ], [ -21.519848258999957, 64.86652838200007 ], [ -21.501335549999965, 64.867346220000059 ], [ -21.486484016999952, 64.873304484000073 ], [ -21.464571643999932, 64.892331586000068 ], [ -21.425855755999976, 64.898942673000079 ], [ -21.391387635999934, 64.915764969000065 ], [ -21.408586491999927, 64.927835963000064 ], [ -21.409713587999931, 64.932577957000035 ], [ -21.406758128999968, 64.935817879000069 ], [ -21.357675264999955, 64.938388435000036 ], [ -21.34758513099996, 64.955166590000033 ], [ -21.343032896999944, 64.975449974000071 ], [ -21.334792015999938, 64.984400839000045 ], [ -21.319592095999951, 64.986566759000027 ], [ -21.27501751899996, 64.982704876000071 ], [ -21.188022, 65.00474549900008 ], [ -21.116347569999959, 64.987834968000072 ], [ -21.101933995999957, 64.97891788000004 ], [ -21.086106909999955, 64.977272018000065 ], [ -21.081440725999983, 64.983142407000059 ], [ -21.077206295999929, 64.98370983600006 ], [ -21.061700462999966, 64.971377119000067 ], [ -21.001620634999938, 64.96161212800007 ], [ -20.976860408999983, 64.954638529000079 ], [ -20.959717083999976, 64.953435863000038 ], [ -20.941406632999929, 64.944911986000079 ], [ -20.902920670999947, 64.943508168000051 ], [ -20.88786003599995, 64.938346778000039 ], [ -20.869581061999952, 64.939584169000057 ], [ -20.860222682999961, 64.933321152000076 ], [ -20.838905182999952, 64.928137292000031 ], [ -20.786850283999968, 64.927050664000035 ], [ -20.653972587999931, 64.908753970000078 ], [ -20.608599754999943, 64.911392449000061 ], [ -20.59733195299998, 64.924239593000038 ], [ -20.54956150299995, 64.925094202000082 ], [ -20.428086691999965, 64.952323834000083 ], [ -20.280250913999964, 64.938527100000044 ], [ -20.122915395999939, 64.937989811000079 ], [ -20.107030499999951, 64.937941999000032 ], [ -19.794593576999944, 64.936620597000058 ], [ -19.808552272999975, 64.898942673000079 ], [ -19.82054, 64.867565999000078 ], [ -19.999616499999945, 64.755098499000042 ], [ -20.108759, 64.671602499000073 ], [ -20.133896972999935, 64.667976837000083 ], [ -20.348635499999943, 64.637004999000055 ], [ -20.572585832999948, 64.604111508000074 ], [ -20.623894527999937, 64.581037716000083 ], [ -20.697376721999944, 64.542002643000046 ], [ -20.811404521999975, 64.527931053000032 ], [ -20.867237644999932, 64.499687565000045 ], [ -20.934053499999948, 64.466155499000081 ] ] ], [ [ [ -21.944956950999938, 64.542211507000047 ], [ -21.94699770699998, 64.538879188000067 ], [ -21.950020187999939, 64.537445534000028 ], [ -21.952212053999972, 64.53757058900004 ], [ -21.953788864999979, 64.539611217000072 ], [ -21.944956950999938, 64.542211507000047 ] ] ], [ [ [ -22.206116749999978, 64.480856123000081 ], [ -22.198349905999976, 64.469481047000045 ], [ -22.18819397599998, 64.464537062000034 ], [ -22.17517010399996, 64.463729262000072 ], [ -22.187178334999942, 64.462590707000061 ], [ -22.223446533999947, 64.472751112000083 ], [ -22.213431211999932, 64.475040011000033 ], [ -22.211244591999957, 64.481161404000034 ], [ -22.206116749999978, 64.480856123000081 ] ] ], [ [ [ -22.21203286399998, 64.494512908000047 ], [ -22.21126791599994, 64.489139277000049 ], [ -22.214674843999944, 64.485174331000053 ], [ -22.21644804999994, 64.489793285000076 ], [ -22.21203286399998, 64.494512908000047 ] ] ], [ [ [ -22.237057151999977, 64.53364967300007 ], [ -22.228853902999958, 64.529308682000078 ], [ -22.226850748999937, 64.524263103000067 ], [ -22.235887455999944, 64.518798992000029 ], [ -22.235649892999959, 64.526105184000073 ], [ -22.245820142999946, 64.529451624000046 ], [ -22.243862604999947, 64.533046821000028 ], [ -22.237057151999977, 64.53364967300007 ] ] ], [ [ [ -22.23406999599996, 64.517705783000054 ], [ -22.231991387999983, 64.516053781000039 ], [ -22.234829128999934, 64.512986505000072 ], [ -22.241158652999957, 64.512214723000056 ], [ -22.23406999599996, 64.517705783000054 ] ] ], [ [ [ -22.244503349999945, 64.511576729000069 ], [ -22.238137543999983, 64.508737912000072 ], [ -22.241239735999955, 64.507007376000047 ], [ -22.245436806999976, 64.506594396000082 ], [ -22.244503349999945, 64.511576729000069 ] ] ], [ [ [ -22.244636104999927, 64.506227696000053 ], [ -22.242128910999952, 64.500218229000041 ], [ -22.243951554999967, 64.497867665000058 ], [ -22.24704987399997, 64.50137356700003 ], [ -22.244636104999927, 64.506227696000053 ] ] ], [ [ [ -22.247042848999968, 64.499338541000043 ], [ -22.24567129299993, 64.491719348000061 ], [ -22.248745717999952, 64.489983823000046 ], [ -22.249742297999944, 64.493049699000039 ], [ -22.247042848999968, 64.499338541000043 ] ] ], [ [ [ -22.261375121999947, 64.53198662300008 ], [ -22.246409598999946, 64.526212819000079 ], [ -22.25309131299997, 64.52199472500007 ], [ -22.254660630999979, 64.526292606000084 ], [ -22.261375121999947, 64.53198662300008 ] ] ], [ [ [ -22.265738233999969, 64.532081232000053 ], [ -22.263395435999939, 64.528476496000053 ], [ -22.271036121999941, 64.527084674000037 ], [ -22.27043264699995, 64.529455506000033 ], [ -22.265738233999969, 64.532081232000053 ] ] ], [ [ [ -22.274553410999943, 64.52392423100008 ], [ -22.275255994999952, 64.515506133000031 ], [ -22.269019754999931, 64.51281920200006 ], [ -22.27514055499995, 64.51000011800005 ], [ -22.278979843999934, 64.513246904000027 ], [ -22.274553410999943, 64.52392423100008 ] ] ], [ [ [ -22.283988096999963, 64.509635525000078 ], [ -22.284465859999955, 64.50598836000006 ], [ -22.29396692399996, 64.50263332600008 ], [ -22.292088216999957, 64.508099107000078 ], [ -22.283988096999963, 64.509635525000078 ] ] ], [ [ [ -22.285624668999958, 64.545368587000041 ], [ -22.289020781999966, 64.53767225200005 ], [ -22.294890503999966, 64.539546469000072 ], [ -22.293438582999954, 64.54268627700003 ], [ -22.285624668999958, 64.545368587000041 ] ] ], [ [ [ -22.302557155999978, 64.544361516000038 ], [ -22.302990319999935, 64.535471306000034 ], [ -22.306224176999933, 64.537914636000039 ], [ -22.305578869999977, 64.541923531000066 ], [ -22.302557155999978, 64.544361516000038 ] ] ], [ [ [ -22.302784662999954, 64.555401277000044 ], [ -22.305443770999943, 64.549342175000049 ], [ -22.308471175999955, 64.548137747000055 ], [ -22.307379, 64.553965732000052 ], [ -22.302784662999954, 64.555401277000044 ] ] ], [ [ [ -22.321319072999927, 64.854178360000049 ], [ -22.316577514999949, 64.856438923000042 ], [ -22.312732524999944, 64.85359248900005 ], [ -22.316304736999939, 64.851721273000067 ], [ -22.321319072999927, 64.854178360000049 ] ] ], [ [ [ -22.355276723999964, 64.55889305900007 ], [ -22.332697460999952, 64.551250167000035 ], [ -22.328950386999963, 64.553503251000052 ], [ -22.327179418999947, 64.550131936000071 ], [ -22.335413604999928, 64.546237789000031 ], [ -22.344823002999931, 64.546206779000045 ], [ -22.351937417999977, 64.55270022600007 ], [ -22.362451782999983, 64.557020686000044 ], [ -22.355276723999964, 64.55889305900007 ] ] ], [ [ [ -22.34767146799993, 64.535391116000028 ], [ -22.332641213999977, 64.533780626000066 ], [ -22.329925555999978, 64.527761985000041 ], [ -22.334495373999971, 64.522296323000035 ], [ -22.34744507399995, 64.515938318000053 ], [ -22.351222792999977, 64.515732234000041 ], [ -22.352760205999971, 64.519458041000064 ], [ -22.363575278999974, 64.514577630000076 ], [ -22.367057211999963, 64.527100717000053 ], [ -22.34767146799993, 64.535391116000028 ] ] ], [ [ [ -22.349141380999981, 64.614340652000067 ], [ -22.358091170999955, 64.607978196000033 ], [ -22.359425463999969, 64.603725028000042 ], [ -22.362032326999952, 64.602262537000058 ], [ -22.360870575999968, 64.605397983000046 ], [ -22.361618164999982, 64.607462784000063 ], [ -22.349141380999981, 64.614340652000067 ] ] ], [ [ [ -22.36158895799997, 64.613357047000079 ], [ -22.364384881999968, 64.606039561000046 ], [ -22.369602381999982, 64.603348921000077 ], [ -22.372975449999956, 64.605038563000051 ], [ -22.36158895799997, 64.613357047000079 ] ] ], [ [ [ -22.36296258699997, 64.588929257000075 ], [ -22.361724101999982, 64.58812070700003 ], [ -22.369308746999934, 64.584421010000028 ], [ -22.373665913999957, 64.580830492000075 ], [ -22.37614909399997, 64.580845493000083 ], [ -22.373332923999953, 64.583520253000074 ], [ -22.36296258699997, 64.588929257000075 ] ] ], [ [ [ -22.367043286999944, 64.576177715000028 ], [ -22.370948191999958, 64.569014138000057 ], [ -22.37625997899994, 64.567586372000051 ], [ -22.37057374799997, 64.57428605900003 ], [ -22.367043286999944, 64.576177715000028 ] ] ], [ [ [ -22.374991299999976, 64.565958174000059 ], [ -22.37267867099996, 64.564135932000056 ], [ -22.373820975999934, 64.561445234000075 ], [ -22.380646181999964, 64.562891228000069 ], [ -22.379639681999947, 64.565487375000032 ], [ -22.374991299999976, 64.565958174000059 ] ] ], [ [ [ -22.459420026999965, 64.769207757000061 ], [ -22.459448835999979, 64.761994552000033 ], [ -22.411191477999978, 64.734022479000032 ], [ -22.403634422999971, 64.731012991000057 ], [ -22.382362733999969, 64.733634969000036 ], [ -22.377592834999973, 64.728519747000064 ], [ -22.389206987999955, 64.72505499500005 ], [ -22.414228330999947, 64.731075899000075 ], [ -22.470043919999966, 64.762292820000027 ], [ -22.46883577899996, 64.766121036000072 ], [ -22.459420026999965, 64.769207757000061 ] ] ], [ [ [ -22.487223121999932, 64.637385392000056 ], [ -22.485053171999937, 64.635333607000064 ], [ -22.494635645999949, 64.632716102000074 ], [ -22.492116772999964, 64.636327400000027 ], [ -22.487223121999932, 64.637385392000056 ] ] ], [ [ [ -22.519852958999934, 64.63072242100003 ], [ -22.512203247999935, 64.628654190000077 ], [ -22.519623021999962, 64.625081550000061 ], [ -22.518435620999981, 64.627504119000037 ], [ -22.521706605999952, 64.628394997000044 ], [ -22.519852958999934, 64.63072242100003 ] ] ], [ [ [ -22.51613537999998, 64.619398196000077 ], [ -22.515529305999962, 64.616932625000061 ], [ -22.516269407999971, 64.615222692000032 ], [ -22.522832935999929, 64.61292949400007 ], [ -22.520297143999983, 64.616929758000083 ], [ -22.51613537999998, 64.619398196000077 ] ] ], [ [ [ -22.523556024999948, 64.627991415000054 ], [ -22.52349690799997, 64.623572111000044 ], [ -22.529611603999967, 64.62486272700005 ], [ -22.528498084999967, 64.627651225000079 ], [ -22.523556024999948, 64.627991415000054 ] ] ] ] } },
{ "type": "Feature", "properties": { "GISCO_ID": "IS_3709", "CNTR_CODE": "IS", "LAU_ID": "3709", "LAU_NAME": "Grundarfjarðarbær", "cell_coverage": [ [ 0, 0, 0, 0, 0, 0, 0.0156, 0.2029, 0.1393, 0.0724, 0, 0 ], [ 0, 0, 0.0563, 0.2082, 0.0132, 0, 0.3212, 1, 0.9282, 0.2057, 0.0454, 1.8452e-06 ], [ 0.1642, 0.4845, 0.8611, 0.9788, 0.6107, 0.1971, 0.1942, 0.9751, 0.6748, 0.299, 0.9353, 0.1769 ], [ 0, 0, 0.1461, 0.5724, 0.7238, 0.8434, 0.9716, 0.8149, 0.8358, 0.6988, 0.7714, 0.1467 ], [ 0, 0, 0, 0, 0, 0, 0.0004, 0, 0, 0, 0, 0 ] ], "xmin": -23.5, "xmax": -23.0, "ymin": 64.833333333333329, "ymax": 65.041666666666657 }, "geometry": { "type": "MultiPolygon", "coordinates": [ [ [ [ -23.484431, 64.950867499000083 ], [ -23.417449605999934, 64.948284475000037 ], [ -23.388262055999974, 64.955663733000051 ], [ -23.391686019999952, 64.961818202000075 ], [ -23.389567856999975, 64.964095581000038 ], [ -23.368218819999981, 64.96556412700005 ], [ -23.353867222999952, 64.97056714100006 ], [ -23.335938408999937, 64.964291006000053 ], [ -23.327957178999952, 64.954105312000081 ], [ -23.327958961999968, 64.948876620000078 ], [ -23.339472914999931, 64.940103736000083 ], [ -23.337134286999969, 64.935834448000037 ], [ -23.32208504099998, 64.933306901000037 ], [ -23.321627682999974, 64.944992684000056 ], [ -23.306766849999974, 64.949687439000058 ], [ -23.295829298999934, 64.94535452000008 ], [ -23.292893281999966, 64.94075315200007 ], [ -23.302611064999951, 64.926505354000028 ], [ -23.288814789999947, 64.922763442000075 ], [ -23.262353953999934, 64.927264222000076 ], [ -23.248153387999935, 64.922041364000052 ], [ -23.221956850999959, 64.924176748000036 ], [ -23.209721299999956, 64.929676444000052 ], [ -23.203826091999929, 64.947466054000074 ], [ -23.218876277999982, 64.966117335000035 ], [ -23.227478043999952, 64.99402824200007 ], [ -23.211134684999934, 65.004233045000035 ], [ -23.17957854499997, 65.01086723700007 ], [ -23.141198850999956, 65.004616510000062 ], [ -23.08820116499993, 65.00325132200004 ], [ -23.10924618599995, 64.993484496000065 ], [ -23.126373939999951, 64.974357532000056 ], [ -23.128681884999935, 64.966179928000031 ], [ -23.139028210999982, 64.962551153000049 ], [ -23.15939270399997, 64.94691156500005 ], [ -23.152081025999962, 64.941002056000059 ], [ -23.127193059999968, 64.936179486000071 ], [ -23.124232338999946, 64.930667933000052 ], [ -23.124569802999929, 64.921507678000069 ], [ -23.121469930999979, 64.918605495000065 ], [ -23.102171045999967, 64.911997404000033 ], [ -23.089582530999962, 64.914602982000076 ], [ -23.08987381999998, 64.928391391000048 ], [ -23.099162614999955, 64.944346798000083 ], [ -23.101669105999974, 64.955341683000029 ], [ -23.101276023999958, 64.95791708400003 ], [ -23.095014464999963, 64.958618401000081 ], [ -23.091737421999937, 64.96203883700008 ], [ -23.097903132999932, 64.966802478000034 ], [ -23.064238314999955, 64.959642716000076 ], [ -23.026023805999955, 64.957458290000034 ], [ -23.016938564999975, 64.953541961000042 ], [ -23.014503499999933, 64.94629799900008 ], [ -23.032738994999931, 64.946949760000052 ], [ -23.042822503999957, 64.935589051000079 ], [ -23.050957007999955, 64.919963184000039 ], [ -23.050204899999983, 64.914360650000049 ], [ -23.056073478999963, 64.910442156000045 ], [ -23.042399393999972, 64.898942673000079 ], [ -23.032201353999938, 64.89456283700008 ], [ -23.023794487999965, 64.884352355000033 ], [ -23.02265, 64.878890499000079 ], [ -23.029625531999955, 64.877878225000075 ], [ -23.046132604999968, 64.882543976000079 ], [ -23.076959813999963, 64.879096911000033 ], [ -23.098908827999935, 64.888006809000046 ], [ -23.108961595999972, 64.88844649400005 ], [ -23.134626437999941, 64.877840796000044 ], [ -23.142888021999966, 64.877295347000029 ], [ -23.162942191999946, 64.889270218000036 ], [ -23.217546983999966, 64.874691087000031 ], [ -23.253220399999975, 64.878084745000081 ], [ -23.304701532999957, 64.888107729000069 ], [ -23.331373431999964, 64.884732712000073 ], [ -23.336194063999983, 64.88863110300008 ], [ -23.361919470999965, 64.893918245000066 ], [ -23.372458449999954, 64.898942673000079 ], [ -23.391567332999955, 64.906228484000053 ], [ -23.397961195999983, 64.918504572000074 ], [ -23.411299240999938, 64.920210781000037 ], [ -23.422422839999967, 64.927505236000059 ], [ -23.451995914999941, 64.930328633000045 ], [ -23.476032489999966, 64.940182390000075 ], [ -23.484431, 64.950867499000083 ] ] ], [ [ [ -23.307319327999949, 64.987279624000053 ], [ -23.298542376999933, 64.982794839000064 ], [ -23.305544219999945, 64.982916028000034 ], [ -23.309239942999966, 64.986361567000074 ], [ -23.307319327999949, 64.987279624000053 ] ] ] ] } },
{ "type": "Feature", "properties": { "GISCO_ID": "IS_3710", "CNTR_CODE": "IS", "LAU_ID": "3710", "LAU_NAME": "Helgafellssveit", "cell_coverage": [ [ 0, 0.0116, 0, 0, 0, 0, 0, 0, 0, 0, 0, 0, 0, 0 ], [ 0, 0, 0, 0, 0.0116, 0, 0, 0.0987, 0.4261, 0.2703, 0.0393, 0.0008, 0, 0 ], [ 0, 0.0611, 0.1541, 0.0249, 0.0238, 0.2305, 0.4376, 0.9104, 0.8958, 0.5492, 0.0073, 0, 0, 0 ], [ 0.0783, 0.8273, 1, 0.8634, 0.928, 1, 1, 1, 1, 1, 0.9283, 0.5592, 0.4381, 0.1245 ], [ 0.0647, 0.5668, 0.9987, 1, 0.999, 0.8128, 0.3198, 0.5226, 0.6205, 0.8162, 0.8268, 0.8629, 0.9107, 0.3868 ], [ 0.0876, 0.7411, 0.7816, 0.2489, 0.2175, 0, 0, 0, 0, 0, 0, 0, 0, 0 ] ], "xmin": -23.083333333333332, "xmax": -22.5, "ymin": 64.875, "ymax": 65.125 }, "geometry": { "type": "MultiPolygon", "coordinates": [ [ [ [ -22.880022, 64.904355499000076 ], [ -22.923193362999939, 64.909844711000062 ], [ -22.954074671999933, 64.902754020000032 ], [ -22.960749598999939, 64.898942673000079 ], [ -22.957965442999978, 64.888496639000039 ], [ -22.96474238899998, 64.885175267000079 ], [ -23.02265, 64.878890499000079 ], [ -23.023794487999965, 64.884352355000033 ], [ -23.032201353999938, 64.89456283700008 ], [ -23.042399393999972, 64.898942673000079 ], [ -23.056073478999963, 64.910442156000045 ], [ -23.050204899999983, 64.914360650000049 ], [ -23.050957007999955, 64.919963184000039 ], [ -23.042822503999957, 64.935589051000079 ], [ -23.032738994999931, 64.946949760000052 ], [ -23.014503499999933, 64.94629799900008 ], [ -23.025352090999945, 64.931558024000083 ], [ -23.019586796999931, 64.923603331000038 ], [ -23.004154098999948, 64.936928563000038 ], [ -23.007885633999933, 64.947103735000042 ], [ -22.997976207999955, 64.953387786000064 ], [ -23.01361643599995, 64.961079443000074 ], [ -23.034689114999935, 64.965545328000076 ], [ -23.051300888999947, 64.96527646100003 ], [ -23.05440639699998, 64.968156478000083 ], [ -23.037137167999958, 64.990392716000031 ], [ -23.014387453999973, 65.003430079000054 ], [ -22.98775715599993, 65.00724815600006 ], [ -22.952579229999969, 65.005324796000082 ], [ -22.948537122999937, 65.000352872000065 ], [ -22.93694801099997, 64.996201087000031 ], [ -22.932242796999958, 64.990036874000054 ], [ -22.916247332999944, 64.986153941000055 ], [ -22.905721891999974, 64.996908528000063 ], [ -22.861580665999952, 65.003913216000058 ], [ -22.840692585999932, 65.004203395000047 ], [ -22.816502722999928, 65.012875438000037 ], [ -22.774832166999943, 65.020565507000072 ], [ -22.781545842999947, 65.02709513700006 ], [ -22.797309616999939, 65.024758736000081 ], [ -22.812001528999929, 65.027170265000052 ], [ -22.849114349999979, 65.02685124900006 ], [ -22.865386526999941, 65.031239529000061 ], [ -22.861092388999964, 65.033518939000032 ], [ -22.85036529499996, 65.030738616000065 ], [ -22.84094, 65.032946499000047 ], [ -22.831170499999928, 65.028336499000034 ], [ -22.824366, 65.029285999000081 ], [ -22.792746499999964, 65.035322499000074 ], [ -22.774359671999946, 65.041983494000078 ], [ -22.766790085999958, 65.045099607000054 ], [ -22.76501049999996, 65.049704499000029 ], [ -22.735270643999968, 65.056627271000082 ], [ -22.709654021999938, 65.066657545000055 ], [ -22.699163843999941, 65.066768359000037 ], [ -22.690734532999954, 65.058348605000049 ], [ -22.684770115999981, 65.057108664000054 ], [ -22.696657545999983, 65.051396977000081 ], [ -22.695505714999967, 65.04561698200007 ], [ -22.683271907999938, 65.049557523000033 ], [ -22.671100646999946, 65.046513115000039 ], [ -22.692231790999983, 65.041961043000072 ], [ -22.699062527999956, 65.033882865000066 ], [ -22.739612579999971, 65.021418893000032 ], [ -22.741359496999962, 65.018887451000069 ], [ -22.735508848999928, 65.017843809000055 ], [ -22.706327787999953, 65.024343369000064 ], [ -22.694233265999969, 65.022234042000036 ], [ -22.686448303999953, 65.027602928000078 ], [ -22.673050191999948, 65.029122533000077 ], [ -22.66809604499997, 65.027219316000071 ], [ -22.680972448999967, 65.023389764000058 ], [ -22.683468045999973, 65.016906481000035 ], [ -22.677247414999954, 65.011872689000029 ], [ -22.670379667999953, 65.011073027000066 ], [ -22.67349381799994, 65.006840185000044 ], [ -22.670701884999971, 65.002452203000075 ], [ -22.618630391999943, 64.991358554000044 ], [ -22.606475099999955, 64.981286185000044 ], [ -22.58552857199993, 64.97217888800003 ], [ -22.57519442499995, 64.973145435000049 ], [ -22.580207499999972, 64.979672999000059 ], [ -22.563707374999979, 64.981357561000038 ], [ -22.554060970999956, 64.973836898000059 ], [ -22.538314802999935, 64.971728750000068 ], [ -22.521086984999954, 64.963476631000049 ], [ -22.513237935999939, 64.95393671100004 ], [ -22.512599824999938, 64.94896708400006 ], [ -22.516023569999959, 64.94356926100005 ], [ -22.529948372999968, 64.934505625000043 ], [ -22.533799207999948, 64.926551043000075 ], [ -22.548604499999954, 64.918574999000043 ], [ -22.566992647999939, 64.92236052700008 ], [ -22.579549262999933, 64.918829618000075 ], [ -22.607207861999939, 64.924267847000067 ], [ -22.625371189999953, 64.921658234000063 ], [ -22.65464482699997, 64.927009096000063 ], [ -22.663373731999968, 64.920646788000056 ], [ -22.671336717999964, 64.918821962000038 ], [ -22.685738604999983, 64.922311054000033 ], [ -22.709335434999957, 64.933666045000052 ], [ -22.735458346999962, 64.931361580000043 ], [ -22.774359671999946, 64.93667199500004 ], [ -22.813800729999969, 64.94607359500003 ], [ -22.833208653999975, 64.947504593000076 ], [ -22.838871574999928, 64.943274743000075 ], [ -22.844929572999945, 64.919510917000082 ], [ -22.875006880999933, 64.918942250000043 ], [ -22.879317426999933, 64.912394233000043 ], [ -22.880022, 64.904355499000076 ] ] ], [ [ [ -22.635048296999969, 65.058469294000076 ], [ -22.621826018999968, 65.057233144000065 ], [ -22.630677871999978, 65.055550396000058 ], [ -22.637135371999932, 65.058225705000041 ], [ -22.635048296999969, 65.058469294000076 ] ] ], [ [ [ -22.651587609999979, 65.053288665000082 ], [ -22.642932038999959, 65.052535188000036 ], [ -22.652883461999977, 65.050053734000073 ], [ -22.656039197999974, 65.050951488000067 ], [ -22.651587609999979, 65.053288665000082 ] ] ], [ [ [ -22.650532561999967, 65.06677890900005 ], [ -22.646544510999945, 65.064502284000071 ], [ -22.654616460999932, 65.063121957000078 ], [ -22.659135129999981, 65.064436658000034 ], [ -22.650532561999967, 65.06677890900005 ] ] ], [ [ [ -22.660334551999938, 65.051811500000042 ], [ -22.66539080299998, 65.050183441000058 ], [ -22.678035995999949, 65.050946125000053 ], [ -22.675490539999942, 65.051969084000064 ], [ -22.660334551999938, 65.051811500000042 ] ] ], [ [ [ -22.660659530999965, 65.018905026000027 ], [ -22.668586981999965, 65.014936497000065 ], [ -22.673866637999936, 65.015014419000067 ], [ -22.668977283999936, 65.017876581000053 ], [ -22.660659530999965, 65.018905026000027 ] ] ], [ [ [ -22.847859063999977, 65.016578374000062 ], [ -22.84502574499993, 65.015244068000072 ], [ -22.846536796999942, 65.012590149000062 ], [ -22.86078164099996, 65.007038519000048 ], [ -22.858768948999966, 65.014779774000033 ], [ -22.847859063999977, 65.016578374000062 ] ] ], [ [ [ -22.872853864999968, 65.028743127000041 ], [ -22.867767123999954, 65.027731923000033 ], [ -22.86812686899998, 65.024140342000067 ], [ -22.876622237999982, 65.021614402000068 ], [ -22.877473771999973, 65.026541568000027 ], [ -22.872853864999968, 65.028743127000041 ] ] ], [ [ [ -22.879603075999967, 65.009905378000042 ], [ -22.877322257999936, 65.008410974000071 ], [ -22.884398479999959, 65.00540492500005 ], [ -22.888662086999943, 65.00618262100005 ], [ -22.879603075999967, 65.009905378000042 ] ] ], [ [ [ -22.90200899599995, 65.068815004000044 ], [ -22.900235564999946, 65.067315253000061 ], [ -22.908110423999972, 65.065860284000053 ], [ -22.911898434999955, 65.06665785000007 ], [ -22.909709297999939, 65.068136337000055 ], [ -22.90200899599995, 65.068815004000044 ] ] ], [ [ [ -23.011418961999937, 65.018897606000053 ], [ -23.008344586999954, 65.017235532000029 ], [ -23.018275532999951, 65.012700724000069 ], [ -23.022175669999967, 65.013966764000031 ], [ -23.011418961999937, 65.018897606000053 ] ] ], [ [ [ -23.01609631499997, 65.098374799000055 ], [ -23.011701149999965, 65.095608035000055 ], [ -23.012210325999945, 65.093356879000055 ], [ -23.017316318999974, 65.092475744000069 ], [ -23.01609631499997, 65.098374799000055 ] ] ] ] } },
{ "type": "Feature", "properties": { "GISCO_ID": "IS_3711", "CNTR_CODE": "IS", "LAU_ID": "3711", "LAU_NAME": "Stykkishólmsbær", "cell_coverage": [ [ 0, 0.0226, 0, 0.0343, 0.0186 ], [ 0, 0.0124, 0, 0.0166, 0.0052 ], [ 0.0116, 0.0775, 0.3112, 0.2991, 0.0291 ], [ 0.0135, 0.2023, 0.0282, 0, 0 ] ], "xmin": -22.875, "xmax": -22.666666666666668, "ymin": 64.999999999999986, "ymax": 65.166666666666657 }, "geometry": { "type": "MultiPolygon", "coordinates": [ [ [ [ -22.669109296999977, 65.080412676000037 ], [ -22.669364843999972, 65.078138558000035 ], [ -22.676283570999942, 65.074138005000066 ], [ -22.686641458999929, 65.072774602000038 ], [ -22.674267849999978, 65.079931557000066 ], [ -22.669109296999977, 65.080412676000037 ] ] ], [ [ [ -22.697169454999937, 65.133837596000035 ], [ -22.694496178999941, 65.131249365000031 ], [ -22.700200627999948, 65.129917617000046 ], [ -22.703543147999937, 65.132860816000061 ], [ -22.697169454999937, 65.133837596000035 ] ] ], [ [ [ -22.703893217999962, 65.127057677000039 ], [ -22.699690508999936, 65.125214188000029 ], [ -22.712718331999952, 65.12143353600004 ], [ -22.720913958999972, 65.124175593000075 ], [ -22.703893217999962, 65.127057677000039 ] ] ], [ [ [ -22.76501049999996, 65.049704499000029 ], [ -22.766790085999958, 65.045099607000054 ], [ -22.774359671999946, 65.041983494000078 ], [ -22.792746499999964, 65.035322499000074 ], [ -22.824366, 65.029285999000081 ], [ -22.831170499999928, 65.028336499000034 ], [ -22.84094, 65.032946499000047 ], [ -22.815621429999965, 65.041463153000052 ], [ -22.813082529999974, 65.03918589500006 ], [ -22.757944132999967, 65.063552408000078 ], [ -22.750509300999965, 65.071984837000059 ], [ -22.762390789999927, 65.074380488000031 ], [ -22.748442385999965, 65.080627954000079 ], [ -22.742895806999968, 65.080241116000082 ], [ -22.739113674999942, 65.075604251000073 ], [ -22.724313913999936, 65.078321863000042 ], [ -22.714576575999956, 65.073065879000069 ], [ -22.722474245999933, 65.064919511000028 ], [ -22.756943792999948, 65.054996104000054 ], [ -22.76501049999996, 65.049704499000029 ] ] ], [ [ [ -22.731217042999958, 65.138012012000047 ], [ -22.728806018999933, 65.135249724000062 ], [ -22.747889147999956, 65.135353627000029 ], [ -22.741820000999951, 65.139715575000082 ], [ -22.731217042999958, 65.138012012000047 ] ] ], [ [ [ -22.789490973999932, 65.060989833000065 ], [ -22.788143554999976, 65.059903482000038 ], [ -22.797779012999968, 65.057250022000062 ], [ -22.818820244999927, 65.056053551000048 ], [ -22.789490973999932, 65.060989833000065 ] ] ], [ [ [ -22.794150957999932, 65.10883681200005 ], [ -22.80497674399993, 65.104396547000078 ], [ -22.809977403999937, 65.104072338000037 ], [ -22.801532875999953, 65.108150700000067 ], [ -22.794150957999932, 65.10883681200005 ] ] ], [ [ [ -22.801899043999981, 65.073130108000043 ], [ -22.800158873999976, 65.070516911000084 ], [ -22.809674883999946, 65.069203956000081 ], [ -22.807135817999949, 65.072183095000071 ], [ -22.801899043999981, 65.073130108000043 ] ] ], [ [ [ -22.803576335999935, 65.146986823000077 ], [ -22.802451470999927, 65.143908174000046 ], [ -22.804788744999939, 65.141791970000043 ], [ -22.808933324999941, 65.143887867000046 ], [ -22.817178927999976, 65.142850213000031 ], [ -22.812029589999952, 65.146232649000069 ], [ -22.803576335999935, 65.146986823000077 ] ] ], [ [ [ -22.815976934999981, 65.05219031200005 ], [ -22.814457524999966, 65.050374731000034 ], [ -22.818395595999959, 65.048133239000038 ], [ -22.827146853999977, 65.047471552000047 ], [ -22.815976934999981, 65.05219031200005 ] ] ], [ [ [ -22.844429183999978, 65.067368335000083 ], [ -22.842432152999947, 65.06465933700008 ], [ -22.849416006999945, 65.063432889000069 ], [ -22.852120911999975, 65.065104295000083 ], [ -22.844429183999978, 65.067368335000083 ] ] ] ] } },
{ "type": "Feature", "properties": { "GISCO_ID": "IS_3713", "CNTR_CODE": "IS", "LAU_ID": "3713", "LAU_NAME": "Eyja- og Miklaholtshreppur", "cell_coverage": [ [ 0.001, 0.1872, 0.6802, 0.4774, 0.3795, 0.1838, 0.1732, 0.1371, 0.0788, 0.0002, 0.0023, 0.4861, 0.621, 0.6047, 0.6845, 0.6527, 0.0825 ], [ 0.0483, 0.9933, 1, 1, 1, 1, 1, 1, 1, 0.859, 0.7323, 0.9308, 1, 1, 0.8441, 0.4616, 0.0002 ], [ 0.219, 0.929, 0.9999, 1, 1, 1, 1, 1, 1, 1, 1, 1, 1, 0.9671, 0.407, 0, 0 ], [ 0, 0, 0.4069, 0.9586, 0.6985, 0.6469, 0.9682, 1, 0.9475, 0.7206, 0.71, 0.7554, 0.314, 0.0432, 0, 0, 0 ], [ 0, 0, 0, 0.0134, 0.087, 0.0147, 0.2273, 0.3766, 0.0812, 0.0452, 0.0179, 0, 0, 0, 0, 0, 0 ] ], "xmin": -22.916666666666668, "xmax": -22.208333333333336, "ymin": 64.75, "ymax": 64.958333333333314 }, "geometry": { "type": "MultiPolygon", "coordinates": [ [ [ [ -22.787321499999962, 64.794386499000041 ], [ -22.808328320999976, 64.803712993000033 ], [ -22.808836158999952, 64.812805567000055 ], [ -22.800264377999952, 64.820120189000079 ], [ -22.801468006999983, 64.823394774000064 ], [ -22.827415305999978, 64.824391496000032 ], [ -22.834092224999949, 64.835423573000071 ], [ -22.884346741999934, 64.836259642000073 ], [ -22.898864129999936, 64.843333801000028 ], [ -22.871743577999951, 64.868290099000035 ], [ -22.877255792999961, 64.898942673000079 ], [ -22.880022, 64.904355499000076 ], [ -22.879317426999933, 64.912394233000043 ], [ -22.875006880999933, 64.918942250000043 ], [ -22.844929572999945, 64.919510917000082 ], [ -22.838871574999928, 64.943274743000075 ], [ -22.833208653999975, 64.947504593000076 ], [ -22.813800729999969, 64.94607359500003 ], [ -22.774359671999946, 64.93667199500004 ], [ -22.735458346999962, 64.931361580000043 ], [ -22.709335434999957, 64.933666045000052 ], [ -22.685738604999983, 64.922311054000033 ], [ -22.671336717999964, 64.918821962000038 ], [ -22.663373731999968, 64.920646788000056 ], [ -22.65464482699997, 64.927009096000063 ], [ -22.625371189999953, 64.921658234000063 ], [ -22.607207861999939, 64.924267847000067 ], [ -22.579549262999933, 64.918829618000075 ], [ -22.566992647999939, 64.92236052700008 ], [ -22.548604499999954, 64.918574999000043 ], [ -22.531263603999946, 64.914730680000048 ], [ -22.523489578999943, 64.90912979400008 ], [ -22.451519514999973, 64.903257007000036 ], [ -22.444366417999959, 64.908966116000045 ], [ -22.454466450999973, 64.915558391000047 ], [ -22.459693499999958, 64.923736824000059 ], [ -22.454937645999962, 64.93704483700003 ], [ -22.41741968499997, 64.938000868000074 ], [ -22.392872376999946, 64.944936668000082 ], [ -22.356212255999935, 64.940400928000031 ], [ -22.322539391999953, 64.945418349000079 ], [ -22.232964, 64.945253999000045 ], [ -22.236752446999958, 64.939174250000065 ], [ -22.246305783999958, 64.93421532900004 ], [ -22.258316084999933, 64.918611732000045 ], [ -22.257653845999982, 64.914446997000027 ], [ -22.250613840999961, 64.912308274000054 ], [ -22.254668566999953, 64.907487333000063 ], [ -22.249351496999964, 64.903770046000034 ], [ -22.253816854999968, 64.898942673000079 ], [ -22.263329663999968, 64.895638159000043 ], [ -22.288697375999959, 64.89524737000005 ], [ -22.30035804399995, 64.890123945000028 ], [ -22.302412548999939, 64.884510998000053 ], [ -22.314339027999949, 64.880551185000058 ], [ -22.317298162999975, 64.874451015000034 ], [ -22.316677800999969, 64.867536840000071 ], [ -22.307469227999945, 64.861635008000064 ], [ -22.311452974999952, 64.854691975000037 ], [ -22.309489956999982, 64.848581083000056 ], [ -22.315066246999947, 64.841946997000036 ], [ -22.355224187999966, 64.833684743000049 ], [ -22.384342295999943, 64.821500453000056 ], [ -22.409803733999979, 64.818606955000064 ], [ -22.41607909499993, 64.815517399000043 ], [ -22.416103499999963, 64.812429999000074 ], [ -22.420007661999932, 64.804860071000064 ], [ -22.43447109799996, 64.799781124000049 ], [ -22.453398277999952, 64.800052630000039 ], [ -22.457910946999959, 64.806782170000076 ], [ -22.463513986999942, 64.809531252000056 ], [ -22.476456098999961, 64.805837291000046 ], [ -22.48049033999996, 64.79954335900004 ], [ -22.490043234999973, 64.80107918200008 ], [ -22.501632834999953, 64.79859546800003 ], [ -22.523485790999928, 64.807632274000071 ], [ -22.586273926999979, 64.782181168000079 ], [ -22.578139523999937, 64.776944800000081 ], [ -22.557510196999942, 64.777778612000077 ], [ -22.57675603499996, 64.774318387000051 ], [ -22.608305232999953, 64.77709629900005 ], [ -22.641870469999958, 64.771367497000028 ], [ -22.684664563999945, 64.779506694000077 ], [ -22.63998414799994, 64.776590342000077 ], [ -22.627212248999967, 64.783828307000078 ], [ -22.628570859999968, 64.787447419000046 ], [ -22.634600956999975, 64.789172993000079 ], [ -22.652692612999942, 64.785927754000056 ], [ -22.664686581999945, 64.787837860000081 ], [ -22.659857612999929, 64.798549451000042 ], [ -22.664597859999958, 64.802697420000072 ], [ -22.676076791999947, 64.805830632000038 ], [ -22.704908597999975, 64.80783352900005 ], [ -22.75613393499998, 64.800379349000082 ], [ -22.751682455999969, 64.79360261100004 ], [ -22.711825188999967, 64.780822577000038 ], [ -22.703018068999938, 64.774879537000061 ], [ -22.75199887399998, 64.789401858000076 ], [ -22.787321499999962, 64.794386499000041 ] ], [ [ -22.321319072999927, 64.854178360000049 ], [ -22.316304736999939, 64.851721273000067 ], [ -22.312732524999944, 64.85359248900005 ], [ -22.316577514999949, 64.856438923000042 ], [ -22.321319072999927, 64.854178360000049 ] ] ], [ [ [ -22.481581619999929, 64.778439614000035 ], [ -22.478256614999964, 64.776287110000055 ], [ -22.477982204999932, 64.773647522000033 ], [ -22.485249643999964, 64.771549517000039 ], [ -22.485443690999944, 64.774363725000057 ], [ -22.481581619999929, 64.778439614000035 ] ] ], [ [ [ -22.504242742999963, 64.786143597000034 ], [ -22.508638901999973, 64.779444605000037 ], [ -22.515824074999955, 64.781506333000038 ], [ -22.51366739599996, 64.784525667000082 ], [ -22.504242742999963, 64.786143597000034 ] ] ], [ [ [ -22.542686038999932, 64.782749424000031 ], [ -22.550767011999937, 64.784414508000054 ], [ -22.524590518999958, 64.783013201000074 ], [ -22.519796335999956, 64.78004689800008 ], [ -22.542686038999932, 64.782749424000031 ] ] ] ] } },
{ "type": "Feature", "properties": { "GISCO_ID": "IS_3714", "CNTR_CODE": "IS", "LAU_ID": "3714", "LAU_NAME": "Snæfellsbær", "cell_coverage": [ [ 0, 0, 0, 0.0007, 0.0177, 0.1735, 0.1124, 0, 0, 0, 0, 0, 0, 0.2162, 0.613, 0.293, 0.0376, 0, 0, 0, 0, 0, 0, 0, 0, 0, 0, 0, 0, 0, 0, 0 ], [ 0.0235, 0.1617, 0.3005, 0.7516, 0.9861, 1, 0.9766, 0.7374, 0.6015, 0.4342, 0.3833, 0.7233, 0.9386, 1, 1, 1, 0.8539, 0.4276, 0.2762, 0.1566, 0.0284, 0.1851, 0.1642, 0.2585, 0.1409, 0.1122, 0.2184, 0.7511, 0.7342, 0.0067, 0, 0 ], [ 0.0109, 0.8056, 1, 1, 1, 1, 1, 1, 1, 1, 1, 1, 1, 1, 1, 1, 1, 1, 1, 1, 0.9996, 1, 1, 1, 1, 1, 1, 1, 0.781, 0.071, 0.0001, 0 ], [ 0, 0.0508, 0.4799, 0.9988, 1, 1, 1, 1, 1, 1, 1, 0.8985, 0.7063, 0.6896, 0.7792, 0.9524, 0.6987, 0.1599, 0.1603, 0.1767, 0.2939, 0.4414, 0.5889, 0.7111, 0.7335, 0.8028, 0.6699, 0.8189, 0.881, 0.8013, 0.4611, 0.0018 ], [ 0, 0, 0, 0.3868, 0.9867, 1, 1, 1, 1, 1, 0.9219, 0.0598, 0, 0, 0, 0.0002, 0, 0, 0, 0, 0, 0, 0, 0, 0, 0, 0, 0, 0, 0, 0, 0 ], [ 0, 0, 0, 0, 0.0194, 0.1842, 0.4221, 0.3675, 0.2519, 0.203, 0.1408, 0, 0, 0, 0, 0, 0, 0, 0, 0, 0, 0, 0, 0, 0, 0, 0, 0, 0, 0, 0, 0 ] ], "xmin": -24.083333333333332, "xmax": -22.75, "ymin": 64.708333333333314, "ymax": 64.958333333333314 }, "geometry": { "type": "MultiPolygon", "coordinates": [ [ [ [ -22.787321499999962, 64.794386499000041 ], [ -22.848549032999983, 64.801149868000039 ], [ -22.908265190999941, 64.794775478000076 ], [ -22.917983535999952, 64.799737396000069 ], [ -22.937872610999932, 64.797411460000035 ], [ -22.977897612999982, 64.806823027000064 ], [ -22.992808583999931, 64.806408283000053 ], [ -23.027095434999978, 64.796768885000063 ], [ -23.052401049999958, 64.803092971000069 ], [ -23.107940412999938, 64.803203503000077 ], [ -23.264140082999972, 64.826248086000078 ], [ -23.36457570999994, 64.827093148000074 ], [ -23.379180722999934, 64.82346846400003 ], [ -23.385780808999982, 64.813769462000039 ], [ -23.385691291999933, 64.807094819000042 ], [ -23.392858708999938, 64.799441800000068 ], [ -23.43313853799998, 64.791414776000067 ], [ -23.493780926999932, 64.803980538000076 ], [ -23.549434104999932, 64.805255367000029 ], [ -23.591696372999934, 64.801167443000054 ], [ -23.620005120999963, 64.787483547000079 ], [ -23.626993532999961, 64.775963483000055 ], [ -23.617167703999939, 64.768040803000076 ], [ -23.643021671999975, 64.751515811000047 ], [ -23.639934432999951, 64.743995049000034 ], [ -23.643627803999948, 64.739926035000053 ], [ -23.70362245299998, 64.742187115000036 ], [ -23.774833557999955, 64.734708717000046 ], [ -23.803089822999937, 64.728060078000055 ], [ -23.820316394999963, 64.734872807000045 ], [ -23.87753053199998, 64.747467285000027 ], [ -23.914414800999964, 64.751925335000067 ], [ -23.922615338999947, 64.763256030000036 ], [ -23.93345248299994, 64.768793736000077 ], [ -23.936495283999932, 64.778079984000044 ], [ -23.955045333999976, 64.789803377000055 ], [ -23.974088912999946, 64.813899100000071 ], [ -24.011104892999981, 64.828632894000066 ], [ -24.036992986999962, 64.853762974000063 ], [ -24.047167185999967, 64.878950662000079 ], [ -24.042407010999966, 64.886073942000053 ], [ -24.025851110999952, 64.880383385000073 ], [ -23.987340833999951, 64.881926218000046 ], [ -23.957044026999938, 64.898942673000079 ], [ -23.940379434999954, 64.903101161000052 ], [ -23.916614218999939, 64.917956723000032 ], [ -23.89709918899996, 64.91435768100007 ], [ -23.87094695299993, 64.921601910000049 ], [ -23.837237194999943, 64.926336670000069 ], [ -23.817028059999927, 64.92502262000005 ], [ -23.802445641999952, 64.914883465000059 ], [ -23.772349141999939, 64.904940301000067 ], [ -23.720667976999948, 64.898942673000079 ], [ -23.704516430999945, 64.898245682000038 ], [ -23.701024308999934, 64.893680662000065 ], [ -23.688787072999958, 64.891702989000066 ], [ -23.660088824999946, 64.892365478000045 ], [ -23.641243664999934, 64.889414506000037 ], [ -23.627052987999946, 64.891291912000042 ], [ -23.61014666799997, 64.898942673000079 ], [ -23.60266924299998, 64.905423813000027 ], [ -23.601104943999928, 64.911229758000047 ], [ -23.594510992999972, 64.914867792000052 ], [ -23.547037382999974, 64.913431158000037 ], [ -23.539873554999929, 64.91758135200007 ], [ -23.525997243999939, 64.919585377000033 ], [ -23.510638391999976, 64.929770313000063 ], [ -23.50426325799998, 64.940636907000055 ], [ -23.484431, 64.950867499000083 ], [ -23.476032489999966, 64.940182390000075 ], [ -23.451995914999941, 64.930328633000045 ], [ -23.422422839999967, 64.927505236000059 ], [ -23.411299240999938, 64.920210781000037 ], [ -23.397961195999983, 64.918504572000074 ], [ -23.391567332999955, 64.906228484000053 ], [ -23.372458449999954, 64.898942673000079 ], [ -23.361919470999965, 64.893918245000066 ], [ -23.336194063999983, 64.88863110300008 ], [ -23.331373431999964, 64.884732712000073 ], [ -23.304701532999957, 64.888107729000069 ], [ -23.253220399999975, 64.878084745000081 ], [ -23.217546983999966, 64.874691087000031 ], [ -23.162942191999946, 64.889270218000036 ], [ -23.142888021999966, 64.877295347000029 ], [ -23.134626437999941, 64.877840796000044 ], [ -23.108961595999972, 64.88844649400005 ], [ -23.098908827999935, 64.888006809000046 ], [ -23.076959813999963, 64.879096911000033 ], [ -23.046132604999968, 64.882543976000079 ], [ -23.029625531999955, 64.877878225000075 ], [ -23.02265, 64.878890499000079 ], [ -22.96474238899998, 64.885175267000079 ], [ -22.957965442999978, 64.888496639000039 ], [ -22.960749598999939, 64.898942673000079 ], [ -22.954074671999933, 64.902754020000032 ], [ -22.923193362999939, 64.909844711000062 ], [ -22.880022, 64.904355499000076 ], [ -22.877255792999961, 64.898942673000079 ], [ -22.871743577999951, 64.868290099000035 ], [ -22.898864129999936, 64.843333801000028 ], [ -22.884346741999934, 64.836259642000073 ], [ -22.834092224999949, 64.835423573000071 ], [ -22.827415305999978, 64.824391496000032 ], [ -22.801468006999983, 64.823394774000064 ], [ -22.800264377999952, 64.820120189000079 ], [ -22.808836158999952, 64.812805567000055 ], [ -22.808328320999976, 64.803712993000033 ], [ -22.787321499999962, 64.794386499000041 ] ] ] ] } },
{ "type": "Feature", "properties": { "GISCO_ID": "IS_3811", "CNTR_CODE": "IS", "LAU_ID": "3811", "LAU_NAME": "Dalabyggð", "cell_coverage": [ [ 0, 0, 0, 0, 0, 0, 0, 0, 0, 0, 0, 0, 0, 0, 0, 0, 0, 0, 0, 0, 0, 0, 0, 0, 0, 0.0389, 0.0203, 0, 0, 0, 0, 0, 0, 0, 0, 0, 0 ], [ 0, 0, 0, 0, 0, 0, 0, 0, 0, 0, 0, 0, 0, 0, 0, 0, 0, 0, 0, 0, 0, 0, 0, 0, 0.0788, 0.8887, 0.3916, 0, 0, 0, 0, 0, 0, 0, 0, 0, 0 ], [ 0, 0, 0, 0, 0, 0, 0, 0, 0, 0, 0, 0, 0, 0, 0, 0, 0, 0, 0, 0.0059, 0, 0.0289, 0.1495, 0.4555, 0.8406, 0.8852, 0.2105, 0, 0, 0, 0, 0, 0, 0, 0, 0, 0 ], [ 0, 0, 0, 0, 0, 0, 0, 0, 0, 0, 0, 0, 0, 0, 0, 0, 0.045, 0.2011, 0.5776, 0.9573, 0.957, 0.9986, 1, 1, 1, 0.3502, 0, 0, 0, 0, 0, 0, 0, 0, 0, 0, 0 ], [ 0, 0, 0, 0, 0, 0, 0, 0, 0, 0, 0.0171, 0.0245, 0, 0.0333, 0.3594, 0.6686, 0.9724, 1, 1, 1, 1, 1, 1, 1, 1, 0.7704, 0.4142, 0.5437, 0.776, 0.7414, 0.0298, 0, 0, 0, 0, 0, 0 ], [ 0, 0, 0, 0, 0, 0, 0, 0, 0.075, 0.1735, 0.3786, 0.4913, 0.6364, 0.907, 1, 1, 1, 1, 1, 1, 1, 1, 1, 1, 1, 1, 1, 1, 1, 1, 0.7204, 0.1163, 0, 0, 0, 0, 0 ], [ 0, 0, 0, 0, 0, 0, 0.0296, 0.413, 0.8077, 1, 1, 1, 1, 1, 1, 1, 1, 1, 1, 1, 1, 1, 1, 1, 1, 1, 1, 1, 1, 1, 1, 0.9997, 0.3944, 0.0013, 0, 0, 0 ], [ 0, 0, 0, 0, 0.012, 0.5608, 0.8427, 0.9993, 1, 1, 1, 1, 1, 1, 1, 1, 1, 1, 1, 1, 1, 1, 1, 1, 1, 1, 1, 1, 1, 1, 1, 1, 1, 0.8545, 0.108, 0, 0 ], [ 0, 0.127, 0.0884, 0.1313, 0.452, 0.7946, 1, 0.9787, 1, 1, 1, 1, 1, 1, 1, 1, 1, 1, 1, 1, 0.9784, 0.3098, 0.0852, 0.4205, 1, 1, 1, 1, 1, 1, 1, 1, 1, 1, 0.4789, 0, 0 ], [ 0.0824, 0.1658, 0.0565, 0.2065, 0.396, 0.3468, 0.3228, 0.0701, 0.3761, 0.6468, 0.8867, 0.9982, 1, 1, 1, 1, 1, 0.9998, 0.8449, 0.4808, 0.1194, 0, 0.0022, 0.4929, 1, 1, 1, 1, 1, 1, 1, 1, 1, 1, 0.587, 0, 0 ], [ 0, 0.0122, 0.2201, 0.0216, 0.0685, 0.2521, 0.2219, 0.0116, 0.0056, 0, 0, 0.0179, 0.0533, 0.1398, 0.3008, 0.3612, 0.3059, 0.1287, 0, 0, 0, 0.0311, 0.5749, 1, 1, 1, 1, 1, 1, 1, 1, 1, 1, 0.6068, 0.0055, 0, 0 ], [ 0, 0, 0.0227, 0.0923, 0.3784, 0.4426, 0.2734, 0.3187, 0.4211, 0.3474, 0.1078, 0.0343, 0, 0, 0, 0, 0, 0, 0, 0, 0, 0.328, 0.9161, 1, 1, 1, 1, 1, 1, 1, 1, 1, 1, 1, 0.8381, 0.0983, 0 ], [ 0, 0, 0.4625, 0.9227, 1, 1, 1, 1, 1, 1, 1, 0.9432, 0.7613, 0.7489, 0.8982, 0.8711, 0.7476, 0.6641, 0.6471, 0.6395, 0.6696, 0.6343, 0.9698, 1, 1, 1, 1, 1, 1, 1, 1, 1, 1, 1, 1, 0.9289, 0.1474 ], [ 0, 0, 0.1308, 0.5369, 0.8755, 1, 1, 1, 1, 1, 1, 1, 1, 1, 1, 1, 1, 1, 1, 1, 1, 1, 1, 1, 1, 1, 1, 1, 1, 1, 1, 1, 0.8566, 0.3496, 0.3625, 0.1363, 0.0002 ], [ 0, 0, 0, 0.0105, 0.6131, 0.9977, 0.5139, 0.379, 0.3953, 0.3155, 0.3122, 0.2872, 0.1789, 0.2711, 0.3755, 0.3446, 0.4599, 0.9737, 0.6507, 0.8136, 1, 1, 1, 1, 1, 1, 1, 1, 1, 1, 1, 0.6646, 0.2714, 0, 0, 0, 0 ], [ 0, 0, 0, 0, 0.141, 0.2677, 0.0692, 0, 0, 0, 0, 0, 0, 0, 0, 0, 0, 0.0014, 0, 0.1108, 0.1944, 0.6421, 1, 0.7977, 0.3511, 0.9283, 0.9621, 0.9532, 1, 0.8362, 0.4654, 0.1026, 0, 0, 0, 0, 0 ], [ 0, 0, 0, 0, 0, 0, 0, 0, 0, 0, 0, 0, 0, 0, 0, 0, 0, 0, 0, 0, 0, 0.0586, 0.143, 0.0183, 0, 0.1329, 0.0702, 0.0293, 0.1784, 0.0353, 0, 0, 0, 0, 0, 0, 0 ] ], "xmin": -22.708333333333332, "xmax": -21.166666666666664, "ymin": 64.833333333333329, "ymax": 65.541666666666657 }, "geometry": { "type": "MultiPolygon", "coordinates": [ [ [ [ -21.484139, 65.374190499000065 ], [ -21.442522825999959, 65.325954175000049 ], [ -21.410111169999936, 65.299664932000042 ], [ -21.37323656999996, 65.290727261000029 ], [ -21.369969291999951, 65.285250661000077 ], [ -21.365614376999929, 65.269864072000075 ], [ -21.347995638999976, 65.262750384000071 ], [ -21.339574350999953, 65.253225152000027 ], [ -21.303249200999971, 65.241512402000069 ], [ -21.292267170999935, 65.234561773000053 ], [ -21.280184110999983, 65.214740135000056 ], [ -21.27053269399994, 65.181001542000047 ], [ -21.263262580999935, 65.16796934000007 ], [ -21.254341925999938, 65.158863286000042 ], [ -21.256626220999976, 65.153358682000032 ], [ -21.284733298999981, 65.127325730000052 ], [ -21.328208049999944, 65.098252624000054 ], [ -21.274217805999967, 65.079151661000083 ], [ -21.242481586999929, 65.062367259000041 ], [ -21.240389382999979, 65.057528296000044 ], [ -21.247954608999976, 65.047263087000033 ], [ -21.21660143899993, 65.035847389000082 ], [ -21.207059762999961, 65.027820269000074 ], [ -21.195743968999977, 65.009304331000067 ], [ -21.188022, 65.00474549900008 ], [ -21.27501751899996, 64.982704876000071 ], [ -21.319592095999951, 64.986566759000027 ], [ -21.334792015999938, 64.984400839000045 ], [ -21.343032896999944, 64.975449974000071 ], [ -21.34758513099996, 64.955166590000033 ], [ -21.357675264999955, 64.938388435000036 ], [ -21.406758128999968, 64.935817879000069 ], [ -21.409713587999931, 64.932577957000035 ], [ -21.408586491999927, 64.927835963000064 ], [ -21.391387635999934, 64.915764969000065 ], [ -21.425855755999976, 64.898942673000079 ], [ -21.464571643999932, 64.892331586000068 ], [ -21.486484016999952, 64.873304484000073 ], [ -21.501335549999965, 64.867346220000059 ], [ -21.519848258999957, 64.86652838200007 ], [ -21.542953419999947, 64.86984745400008 ], [ -21.584047153999961, 64.882202774000064 ], [ -21.622011071999964, 64.865967556000044 ], [ -21.660077878999971, 64.870616220000045 ], [ -21.663680201999966, 64.889822136000078 ], [ -21.659710740999969, 64.898942673000079 ], [ -21.664480141999945, 64.902008748000071 ], [ -21.67190543199996, 64.90298785400006 ], [ -21.713466242999971, 64.90061787500008 ], [ -21.715590412999973, 64.898942673000079 ], [ -21.712018014999956, 64.895090137000068 ], [ -21.714485070999956, 64.89100174500004 ], [ -21.745594575999974, 64.871130559000051 ], [ -21.754608240999971, 64.868305510000027 ], [ -21.770756564999942, 64.868588946000045 ], [ -21.823920299999941, 64.873246487000074 ], [ -21.822730656999966, 64.878178246000061 ], [ -21.812376486999938, 64.887476761000073 ], [ -21.813014266999971, 64.898942673000079 ], [ -21.816362474999949, 64.91032354500004 ], [ -21.881787255999939, 64.907285008000031 ], [ -21.904074025999932, 64.914449583000078 ], [ -21.905872058999933, 64.924321150000083 ], [ -21.895314912999936, 64.934815573000037 ], [ -21.901949069999944, 64.939433114000053 ], [ -21.936086422999949, 64.93431049000003 ], [ -21.961170416999948, 64.918392850000032 ], [ -21.993682253999964, 64.916102008000053 ], [ -21.999087295999971, 64.921257807000075 ], [ -22.000825434999967, 64.928960755000048 ], [ -22.017509633999964, 64.939449588000059 ], [ -22.031596018999949, 64.944242367000072 ], [ -22.055413516999977, 64.946113834000073 ], [ -22.085127489999934, 64.939883259000055 ], [ -22.133092953999949, 64.946914938000077 ], [ -22.163605631999928, 64.947404621000032 ], [ -22.195210861999954, 64.953672667000035 ], [ -22.20471411699998, 64.949546111000075 ], [ -22.232964, 64.945253999000045 ], [ -22.322539391999953, 64.945418349000079 ], [ -22.356212255999935, 64.940400928000031 ], [ -22.392872376999946, 64.944936668000082 ], [ -22.41741968499997, 64.938000868000074 ], [ -22.454937645999962, 64.93704483700003 ], [ -22.459693499999958, 64.923736824000059 ], [ -22.454466450999973, 64.915558391000047 ], [ -22.444366417999959, 64.908966116000045 ], [ -22.451519514999973, 64.903257007000036 ], [ -22.523489578999943, 64.90912979400008 ], [ -22.531263603999946, 64.914730680000048 ], [ -22.548604499999954, 64.918574999000043 ], [ -22.533799207999948, 64.926551043000075 ], [ -22.529948372999968, 64.934505625000043 ], [ -22.516023569999959, 64.94356926100005 ], [ -22.512599824999938, 64.94896708400006 ], [ -22.513237935999939, 64.95393671100004 ], [ -22.521086984999954, 64.963476631000049 ], [ -22.538314802999935, 64.971728750000068 ], [ -22.554060970999956, 64.973836898000059 ], [ -22.563707374999979, 64.981357561000038 ], [ -22.580207499999972, 64.979672999000059 ], [ -22.615089570999942, 65.004771764000054 ], [ -22.615957506999962, 65.010116516000039 ], [ -22.610128079999981, 65.019722817000059 ], [ -22.592007015999968, 65.031041784000081 ], [ -22.570394069999963, 65.035696397000038 ], [ -22.545939942999951, 65.046885260000067 ], [ -22.518264733999956, 65.051825911000037 ], [ -22.478205271999968, 65.04506471500008 ], [ -22.440497203999939, 65.044735513000035 ], [ -22.396244889999934, 65.055155303000049 ], [ -22.356764640999927, 65.056335402000059 ], [ -22.32674766699995, 65.061593290000076 ], [ -22.28642266099996, 65.046955790000084 ], [ -22.227347642999973, 65.043557744000054 ], [ -22.217964920999975, 65.03508193600004 ], [ -22.200613876999967, 65.030926357000055 ], [ -22.157730752999953, 65.032863254000063 ], [ -22.128860897999971, 65.028445305000048 ], [ -22.125800481999931, 65.030450557000052 ], [ -22.127439692999928, 65.03544174600006 ], [ -22.111704563999979, 65.039679206000073 ], [ -22.096676473999935, 65.036193644000036 ], [ -22.062001730999953, 65.037175930000046 ], [ -21.989728763999949, 65.026597155000047 ], [ -21.958114857999931, 65.028966840000066 ], [ -21.916417042999967, 65.024912412000049 ], [ -21.873472933999949, 65.028531671000053 ], [ -21.821403350999958, 65.026831836000042 ], [ -21.808065299999953, 65.023953496000047 ], [ -21.794616754999936, 65.028395402000058 ], [ -21.780999549999933, 65.042142733000048 ], [ -21.784946753999975, 65.057112217000054 ], [ -21.79551838499998, 65.06204531700007 ], [ -21.82090414399994, 65.065847102000077 ], [ -21.826863653999965, 65.071513340000081 ], [ -21.814527518999967, 65.080904684000075 ], [ -21.779506564999963, 65.094574735000037 ], [ -21.767668941999943, 65.112970863000044 ], [ -21.714598381999963, 65.156668915000068 ], [ -21.711535030999983, 65.171229610000069 ], [ -21.720499917999973, 65.180272210000055 ], [ -21.723917530999927, 65.193276866000076 ], [ -21.732462080999937, 65.199414326000067 ], [ -21.765882528999953, 65.205956365000077 ], [ -21.811174698999935, 65.202666514000043 ], [ -21.826070584999968, 65.186074717000054 ], [ -21.830281042999957, 65.172485696000081 ], [ -21.844344236999973, 65.168241247000083 ], [ -21.858235195999953, 65.159030308000069 ], [ -21.88140931099997, 65.153199184000073 ], [ -21.915814271999977, 65.137761801000067 ], [ -21.985384023999927, 65.117558705000079 ], [ -22.014254175999952, 65.11234143300004 ], [ -22.065063840999983, 65.109364051000057 ], [ -22.096749597999974, 65.11096621300004 ], [ -22.16170656099996, 65.121883779000029 ], [ -22.241896953999969, 65.12466549800007 ], [ -22.278504310999949, 65.130812492000075 ], [ -22.367123829999969, 65.154028028000027 ], [ -22.383227288999933, 65.166073937000078 ], [ -22.395785411999952, 65.169652599000074 ], [ -22.404997396999931, 65.168103279000036 ], [ -22.411445236999953, 65.161298016000046 ], [ -22.43390080599994, 65.158469784000033 ], [ -22.45459882199998, 65.149703964000082 ], [ -22.480145381999932, 65.159215844000073 ], [ -22.552516971999978, 65.16155328800005 ], [ -22.55639064099995, 65.163546415000042 ], [ -22.556517935999977, 65.167429985000069 ], [ -22.541849880999962, 65.176887767000039 ], [ -22.524090440999942, 65.172953694000057 ], [ -22.511121914999933, 65.183081948000051 ], [ -22.480827144999978, 65.181195459000037 ], [ -22.463794616999962, 65.188223005000054 ], [ -22.469548011999962, 65.191746941000076 ], [ -22.501399747999983, 65.196983586000044 ], [ -22.517078857999934, 65.190499884000076 ], [ -22.554674517999956, 65.187523945000066 ], [ -22.511489445999928, 65.199616590000062 ], [ -22.505242125999928, 65.210032355000067 ], [ -22.491767533999962, 65.220856946000083 ], [ -22.478004518999967, 65.238488689000064 ], [ -22.451917032999972, 65.239954725000075 ], [ -22.417804187999934, 65.247994968000057 ], [ -22.409555936999936, 65.253352836000033 ], [ -22.409893767999961, 65.261098470000036 ], [ -22.402809116999947, 65.266867206000029 ], [ -22.385065236999935, 65.273893756000064 ], [ -22.369676301999959, 65.272675277000076 ], [ -22.358768210999983, 65.275207224000042 ], [ -22.351407937999966, 65.283778374000065 ], [ -22.363100270999951, 65.291125905000058 ], [ -22.35177458499993, 65.299448607000045 ], [ -22.347527028999934, 65.299280085000078 ], [ -22.343174068999929, 65.294536508000078 ], [ -22.322400727999934, 65.296028628000045 ], [ -22.256371611999953, 65.310760036000033 ], [ -22.225286289999929, 65.311805954000079 ], [ -22.169781847999957, 65.321140875000083 ], [ -22.135056641999938, 65.334199847000036 ], [ -22.114126122999949, 65.345754922000083 ], [ -22.056096168999943, 65.362769501000059 ], [ -22.027888222999934, 65.374421943000073 ], [ -22.005223614999977, 65.37999638000008 ], [ -21.970104159999948, 65.383130409000046 ], [ -21.950683243999947, 65.397229361000029 ], [ -21.934040101999983, 65.393456735000029 ], [ -21.931822043999944, 65.403147345000036 ], [ -21.91436135999993, 65.408783928000048 ], [ -21.899888916999942, 65.41797723600007 ], [ -21.857745927999929, 65.413911755000072 ], [ -21.77244074999993, 65.42126843300008 ], [ -21.693479952999951, 65.447505876000037 ], [ -21.68428849999998, 65.454468999000028 ], [ -21.679730861999928, 65.457205814000076 ], [ -21.671581126999968, 65.472929161000081 ], [ -21.660243623999975, 65.482234944000083 ], [ -21.657014556999968, 65.494372583000029 ], [ -21.647395909999943, 65.500615507000077 ], [ -21.621329499999945, 65.506165499000076 ], [ -21.604919193999933, 65.484010883000053 ], [ -21.611971143999938, 65.446589542000083 ], [ -21.608240365999961, 65.436210718000041 ], [ -21.641373249999958, 65.425632396000083 ], [ -21.647147100999973, 65.401549695000028 ], [ -21.66131824799993, 65.38254110400004 ], [ -21.658184018999975, 65.372468911000055 ], [ -21.639020750999975, 65.36060745900005 ], [ -21.600099093999972, 65.347253831000046 ], [ -21.484139, 65.374190499000065 ] ] ], [ [ [ -22.138517235999927, 65.339404500000057 ], [ -22.140608781999958, 65.33768170500008 ], [ -22.154019060999929, 65.336690479000083 ], [ -22.148843669999962, 65.338842785000054 ], [ -22.138517235999927, 65.339404500000057 ] ] ], [ [ [ -22.23141628299993, 65.373185560000081 ], [ -22.239933466999958, 65.366574630000059 ], [ -22.24507945199997, 65.369213244000036 ], [ -22.241562549999969, 65.372333309000055 ], [ -22.23141628299993, 65.373185560000081 ] ] ], [ [ [ -22.258896787999959, 65.364709853000079 ], [ -22.252668985999946, 65.362530708000065 ], [ -22.265505240999971, 65.359053531000029 ], [ -22.262642570999958, 65.36295739600007 ], [ -22.258896787999959, 65.364709853000079 ] ] ], [ [ [ -22.329170482999928, 65.304219977000059 ], [ -22.325973884999939, 65.302332361000083 ], [ -22.325646318999929, 65.300466544000074 ], [ -22.328053143999966, 65.299995888000069 ], [ -22.331732036999938, 65.302289365000036 ], [ -22.336951546999956, 65.30277962100007 ], [ -22.329170482999928, 65.304219977000059 ] ] ], [ [ [ -22.343975703999945, 65.084868721000078 ], [ -22.342814917999931, 65.083886105000033 ], [ -22.34766558299998, 65.081892035000067 ], [ -22.357360416999938, 65.083086928000057 ], [ -22.343975703999945, 65.084868721000078 ] ] ], [ [ [ -22.363915288999976, 65.071783329000027 ], [ -22.349679995999963, 65.067300291000038 ], [ -22.362670994999974, 65.068206763000035 ], [ -22.364138518999937, 65.069529622000061 ], [ -22.363915288999976, 65.071783329000027 ] ] ], [ [ [ -22.366297452999959, 65.080275941000082 ], [ -22.358061678999945, 65.07767152200006 ], [ -22.362997435999944, 65.076703063000082 ], [ -22.371344971999974, 65.079826378000064 ], [ -22.366297452999959, 65.080275941000082 ] ] ], [ [ [ -22.374129060999962, 65.07080157300004 ], [ -22.367357554999955, 65.067620733000069 ], [ -22.375604653999972, 65.065588485000035 ], [ -22.38061764899993, 65.068435441000076 ], [ -22.374129060999962, 65.07080157300004 ] ] ], [ [ [ -22.384988017999945, 65.081314625000061 ], [ -22.372922461999963, 65.079740754000056 ], [ -22.376618545999975, 65.078372853000076 ], [ -22.379519414999947, 65.08023451300005 ], [ -22.385655664999945, 65.078805525000064 ], [ -22.389633726999932, 65.079779894000069 ], [ -22.384988017999945, 65.081314625000061 ] ] ], [ [ [ -22.386143666999942, 65.088560044000076 ], [ -22.392567507999956, 65.087476195000079 ], [ -22.39686000699993, 65.089039141000057 ], [ -22.394465695999941, 65.091326198000047 ], [ -22.386143666999942, 65.088560044000076 ] ] ], [ [ [ -22.40237308899998, 65.151087727000061 ], [ -22.399799068999982, 65.149420517000067 ], [ -22.401255256999946, 65.146756710000034 ], [ -22.408833035999976, 65.147804414000063 ], [ -22.40237308899998, 65.151087727000061 ] ] ], [ [ [ -22.405981162999979, 65.267567018000079 ], [ -22.417106238999963, 65.264328516000035 ], [ -22.422300990999929, 65.264172450000046 ], [ -22.415891599999952, 65.267053526000041 ], [ -22.405981162999979, 65.267567018000079 ] ] ], [ [ [ -22.408937842999933, 65.156276192000064 ], [ -22.406338844999937, 65.154473195000037 ], [ -22.417241450999938, 65.152157756000065 ], [ -22.420113212999979, 65.152706372000068 ], [ -22.418553231999965, 65.154348654000046 ], [ -22.411644865999961, 65.15422619900005 ], [ -22.408937842999933, 65.156276192000064 ] ] ], [ [ [ -22.409766947999969, 65.144141513000079 ], [ -22.413493111999969, 65.141045404000067 ], [ -22.42036570199997, 65.139455045000034 ], [ -22.41894730599995, 65.142440626000052 ], [ -22.409766947999969, 65.144141513000079 ] ] ], [ [ [ -22.419879864999928, 65.261278149000077 ], [ -22.418611297999973, 65.259797669000079 ], [ -22.42650993999996, 65.256411657000058 ], [ -22.42708872399993, 65.25966089800005 ], [ -22.419879864999928, 65.261278149000077 ] ] ], [ [ [ -22.436292408999975, 65.105301269000051 ], [ -22.428902752999932, 65.104006458000072 ], [ -22.429860513999927, 65.107516604000068 ], [ -22.424666727999977, 65.109553371000061 ], [ -22.420712626999943, 65.102012073000083 ], [ -22.468024212999978, 65.10696209200006 ], [ -22.44973886899993, 65.108872468000072 ], [ -22.436292408999975, 65.105301269000051 ] ] ], [ [ [ -22.423640521999971, 65.142940272000033 ], [ -22.42175375599993, 65.138369262000083 ], [ -22.426013332999958, 65.135719169000083 ], [ -22.438712883999983, 65.138865337000084 ], [ -22.423640521999971, 65.142940272000033 ] ] ], [ [ [ -22.426467643999956, 65.100050324000051 ], [ -22.432866456999932, 65.096086240000034 ], [ -22.436289135999971, 65.097597244000042 ], [ -22.434456381999951, 65.099797316000036 ], [ -22.426467643999956, 65.100050324000051 ] ] ], [ [ [ -22.430043769999941, 65.149476914000047 ], [ -22.426974308999945, 65.14681379600006 ], [ -22.436815776999936, 65.146472849000077 ], [ -22.435527784999977, 65.148977604000038 ], [ -22.430043769999941, 65.149476914000047 ] ] ], [ [ [ -22.429525759999933, 65.089176529000042 ], [ -22.428080483999963, 65.08718246400008 ], [ -22.432491264999953, 65.085338998000054 ], [ -22.438768700999958, 65.086957260000077 ], [ -22.429525759999933, 65.089176529000042 ] ] ], [ [ [ -22.431494575999977, 65.261489930000039 ], [ -22.430824647999941, 65.25788996700004 ], [ -22.432569658999967, 65.255757446000075 ], [ -22.439725969999927, 65.256025127000044 ], [ -22.431494575999977, 65.261489930000039 ] ] ], [ [ [ -22.430882924999935, 65.114879162000079 ], [ -22.431567518999941, 65.112970813000061 ], [ -22.444495710999945, 65.109992304000059 ], [ -22.45027762199993, 65.111725296000031 ], [ -22.430882924999935, 65.114879162000079 ] ] ], [ [ [ -22.462584755999956, 65.088900651000074 ], [ -22.445219814999973, 65.090490309000074 ], [ -22.443566582999949, 65.088967885000045 ], [ -22.447757064999962, 65.083595873000036 ], [ -22.435863689999962, 65.082117517000029 ], [ -22.432863768999937, 65.077688253000076 ], [ -22.443822795999949, 65.074425652000059 ], [ -22.444482084999947, 65.070126702000039 ], [ -22.452039617999958, 65.067663954000068 ], [ -22.48040001399994, 65.069293982000033 ], [ -22.482009458999983, 65.071977941000057 ], [ -22.47987072199993, 65.074952942000039 ], [ -22.482011607999937, 65.07580570600004 ], [ -22.503296356999954, 65.076263456000049 ], [ -22.522412384999939, 65.070352273000083 ], [ -22.517181778999941, 65.074221080000029 ], [ -22.520724947999952, 65.07821345900004 ], [ -22.517033187999971, 65.085914015000071 ], [ -22.503829563999943, 65.092823532000068 ], [ -22.488335071999927, 65.093772725000065 ], [ -22.482376905999956, 65.091473405000045 ], [ -22.483785191999971, 65.087662253000076 ], [ -22.476303127999927, 65.084545131000027 ], [ -22.462584755999956, 65.088900651000074 ] ] ], [ [ [ -22.436317853999981, 65.095864153000036 ], [ -22.433742656999982, 65.092403683000043 ], [ -22.438428807999969, 65.092084057000079 ], [ -22.443062978999933, 65.094827613000064 ], [ -22.436317853999981, 65.095864153000036 ] ] ], [ [ [ -22.440743750999957, 65.102031843000077 ], [ -22.446009390999961, 65.094236501000069 ], [ -22.455971166999973, 65.094886292000069 ], [ -22.447452808999969, 65.100799356000039 ], [ -22.440743750999957, 65.102031843000077 ] ] ], [ [ [ -22.447506453999949, 65.116788661000044 ], [ -22.463411930999939, 65.115265519000047 ], [ -22.494491090999929, 65.105266123000035 ], [ -22.467925227999956, 65.11627210000006 ], [ -22.47185049899997, 65.121281818000057 ], [ -22.464834950999943, 65.123500172000035 ], [ -22.454863466999939, 65.122840544000042 ], [ -22.453372337999951, 65.117419866000034 ], [ -22.447506453999949, 65.116788661000044 ] ] ], [ [ [ -22.457006727999953, 65.135854710000046 ], [ -22.451415943999962, 65.133059478000064 ], [ -22.458793488999959, 65.132811865000065 ], [ -22.467251190999946, 65.13552919600005 ], [ -22.457006727999953, 65.135854710000046 ] ] ], [ [ [ -22.457056996999938, 65.144697578000034 ], [ -22.453061868999953, 65.14086986600006 ], [ -22.465125859999944, 65.143854229000056 ], [ -22.462896821999948, 65.144842448000077 ], [ -22.457056996999938, 65.144697578000034 ] ] ], [ [ [ -22.462164955999981, 65.058350311000083 ], [ -22.456814625999982, 65.055201943000043 ], [ -22.462496726999973, 65.052541089000044 ], [ -22.472359041999937, 65.055076113000041 ], [ -22.462164955999981, 65.058350311000083 ] ] ], [ [ [ -22.466699391999953, 65.050907302000041 ], [ -22.474918638999952, 65.048209536000059 ], [ -22.486145123999961, 65.049081219000072 ], [ -22.481033803999935, 65.050543554000058 ], [ -22.466699391999953, 65.050907302000041 ] ] ], [ [ [ -22.475061166999978, 65.119038514000067 ], [ -22.472905311999966, 65.117857338000078 ], [ -22.475659637999968, 65.115821018000076 ], [ -22.487005188999944, 65.115366220000055 ], [ -22.475061166999978, 65.119038514000067 ] ] ], [ [ [ -22.477924621999932, 65.101507968000078 ], [ -22.475256144999946, 65.100120286000049 ], [ -22.492385873999979, 65.096831303000044 ], [ -22.488582534999978, 65.099550546000046 ], [ -22.477924621999932, 65.101507968000078 ] ] ], [ [ [ -22.481587686999944, 65.136882283000034 ], [ -22.477595436999934, 65.135815052000055 ], [ -22.476727579999931, 65.133257173000061 ], [ -22.486179332999939, 65.133915720000061 ], [ -22.481587686999944, 65.136882283000034 ] ] ], [ [ [ -22.492968166999958, 65.157490513000027 ], [ -22.478502558999935, 65.153144263000058 ], [ -22.498418700999935, 65.145454996000069 ], [ -22.499299176999955, 65.148457414000063 ], [ -22.510584603999973, 65.148038333000045 ], [ -22.516597885999943, 65.151237478000041 ], [ -22.507705356999963, 65.155516330000069 ], [ -22.492968166999958, 65.157490513000027 ] ] ], [ [ [ -22.481532149999964, 65.142898370000069 ], [ -22.47859964099996, 65.141364273000079 ], [ -22.483798904999958, 65.139393548000044 ], [ -22.490494045999981, 65.140773446000082 ], [ -22.481532149999964, 65.142898370000069 ] ] ], [ [ [ -22.482260475999965, 65.187900462000073 ], [ -22.481853655999942, 65.184223281000072 ], [ -22.488745853999944, 65.183593719000044 ], [ -22.487930963999929, 65.186408984000082 ], [ -22.482260475999965, 65.187900462000073 ] ] ], [ [ [ -22.498141975999943, 65.068896226000049 ], [ -22.490075059999981, 65.065546076000032 ], [ -22.50066957599995, 65.060154911000041 ], [ -22.525750269999946, 65.058314864000067 ], [ -22.498141975999943, 65.068896226000049 ] ] ], [ [ [ -22.509319787999971, 65.142352286000062 ], [ -22.503218292999975, 65.141288208000049 ], [ -22.50919224699993, 65.139487399000075 ], [ -22.508137193999971, 65.134021020000034 ], [ -22.513276164999979, 65.13193388600007 ], [ -22.545379472999969, 65.133709967000073 ], [ -22.535028911999973, 65.134824769000033 ], [ -22.531374120999942, 65.138734605000082 ], [ -22.53263891499995, 65.140820241000029 ], [ -22.559200516999965, 65.138472424000042 ], [ -22.546400960999961, 65.143585033000079 ], [ -22.522869299999968, 65.140578909000055 ], [ -22.516757754999958, 65.144941625000058 ], [ -22.513144048999948, 65.140266085000064 ], [ -22.509319787999971, 65.142352286000062 ] ] ], [ [ [ -22.518147556999963, 65.185647871000072 ], [ -22.52092369099995, 65.181238002000043 ], [ -22.526252998999951, 65.180707305000055 ], [ -22.524590361999969, 65.183980986000051 ], [ -22.518147556999963, 65.185647871000072 ] ] ], [ [ [ -22.52228258699995, 65.150405684000077 ], [ -22.519561548999945, 65.146297397000069 ], [ -22.523793220999949, 65.144413411000073 ], [ -22.536246752999944, 65.15190147900006 ], [ -22.52228258699995, 65.150405684000077 ] ] ], [ [ [ -22.524771932999954, 65.076356282000063 ], [ -22.525474312999961, 65.075108314000033 ], [ -22.528352580999979, 65.074461678000034 ], [ -22.53366983199993, 65.072046765000039 ], [ -22.538912384999946, 65.070907591000037 ], [ -22.542088389999947, 65.071303146000048 ], [ -22.539439383999934, 65.072212613000033 ], [ -22.536129603999939, 65.072294189000047 ], [ -22.534290505999934, 65.073102815000027 ], [ -22.533149477999928, 65.074424706000059 ], [ -22.524771932999954, 65.076356282000063 ] ] ], [ [ [ -22.526322071999971, 65.129298610000035 ], [ -22.529348169999935, 65.12585395900004 ], [ -22.537839658999928, 65.124343783000029 ], [ -22.533350600999938, 65.127635336000083 ], [ -22.526322071999971, 65.129298610000035 ] ] ], [ [ [ -22.539540063999937, 65.081024142000047 ], [ -22.535539313999948, 65.079679421000037 ], [ -22.543248054999935, 65.076688321000063 ], [ -22.547237579999944, 65.076881932000049 ], [ -22.539540063999937, 65.081024142000047 ] ] ], [ [ [ -22.543982591999963, 65.066174940000053 ], [ -22.559452438999983, 65.061608371000034 ], [ -22.576292687999967, 65.061851543000046 ], [ -22.56261216799993, 65.06600301900005 ], [ -22.543982591999963, 65.066174940000053 ] ] ], [ [ [ -22.659544729999936, 65.152944240000068 ], [ -22.658079311999927, 65.150106626000081 ], [ -22.677005055999928, 65.140811838000047 ], [ -22.687586909999936, 65.143334753000033 ], [ -22.668416330999946, 65.153855999000029 ], [ -22.667392951999943, 65.162302165000028 ], [ -22.656461564999972, 65.171281474000068 ], [ -22.644542995999927, 65.176434005000033 ], [ -22.552967825999929, 65.197807886000078 ], [ -22.54506291499996, 65.19594922400006 ], [ -22.633664317999944, 65.175299745000075 ], [ -22.639757338999971, 65.169942320000075 ], [ -22.636113703999968, 65.166966324000043 ], [ -22.648795206999978, 65.165149783000061 ], [ -22.648211584999956, 65.159171642000047 ], [ -22.659544729999936, 65.152944240000068 ] ] ], [ [ [ -22.554423428999939, 65.124597959000027 ], [ -22.571098904999928, 65.121944813000027 ], [ -22.583809781999946, 65.128796082000065 ], [ -22.579939733999936, 65.131711510000059 ], [ -22.568245029999957, 65.128343791000077 ], [ -22.55392136699993, 65.134867696000072 ], [ -22.546686594999983, 65.133258957000066 ], [ -22.554423428999939, 65.124597959000027 ] ] ], [ [ [ -22.560301221999964, 65.059780025000066 ], [ -22.558097163999946, 65.059285369000065 ], [ -22.569560328999955, 65.056674964000081 ], [ -22.573653744999945, 65.05682943100004 ], [ -22.57172815399997, 65.058362160000058 ], [ -22.560301221999964, 65.059780025000066 ] ] ], [ [ [ -22.562594160999936, 65.160839681000027 ], [ -22.559711837999942, 65.159302698000033 ], [ -22.566788970999937, 65.157062901000074 ], [ -22.570551206999937, 65.153527645000054 ], [ -22.573536987999944, 65.153754327000058 ], [ -22.562594160999936, 65.160839681000027 ] ] ], [ [ [ -22.569093306999946, 65.167661665000082 ], [ -22.566881426999942, 65.166382010000063 ], [ -22.568234644999961, 65.163529513000071 ], [ -22.573870604999968, 65.162831087000029 ], [ -22.573069030999932, 65.165403921000063 ], [ -22.569093306999946, 65.167661665000082 ] ] ], [ [ [ -22.569993566999983, 65.140660228000058 ], [ -22.586732195999957, 65.13586375400007 ], [ -22.588246108999954, 65.132947083000033 ], [ -22.593494471999975, 65.13144318500008 ], [ -22.598225440999954, 65.135107209000068 ], [ -22.569993566999983, 65.140660228000058 ] ] ], [ [ [ -22.60147217399998, 65.127587906000031 ], [ -22.586866965999945, 65.11914530100006 ], [ -22.590507287999969, 65.106210068000053 ], [ -22.600193381999929, 65.106554540000047 ], [ -22.600767941999948, 65.110666744000071 ], [ -22.617670639999972, 65.118006750000063 ], [ -22.60147217399998, 65.127587906000031 ] ] ], [ [ [ -22.591718257999958, 65.144744527000057 ], [ -22.590465506999976, 65.143887618000065 ], [ -22.597930485999939, 65.140507340000056 ], [ -22.604128213999957, 65.141063683000027 ], [ -22.591718257999958, 65.144744527000057 ] ] ], [ [ [ -22.598850803999937, 65.057910471000071 ], [ -22.598999873999958, 65.053591264000033 ], [ -22.603835193999942, 65.052724126000044 ], [ -22.604062928999952, 65.056418042000075 ], [ -22.598850803999937, 65.057910471000071 ] ] ], [ [ [ -22.599200659999951, 65.046674716000041 ], [ -22.612504545999968, 65.041206920000036 ], [ -22.614395197999954, 65.041289163000044 ], [ -22.610969714999953, 65.043277664000072 ], [ -22.610145707999948, 65.04497275600005 ], [ -22.599200659999951, 65.046674716000041 ] ] ], [ [ [ -22.600736755999947, 65.135007403000031 ], [ -22.600570367999978, 65.131519664000052 ], [ -22.602800635999927, 65.129081300000053 ], [ -22.608796936999966, 65.130913472000032 ], [ -22.600736755999947, 65.135007403000031 ] ] ], [ [ [ -22.60651533999993, 65.107853147000071 ], [ -22.604998018999936, 65.10689998600003 ], [ -22.618047032999982, 65.102961750000077 ], [ -22.627827071999945, 65.104007361000072 ], [ -22.60651533999993, 65.107853147000071 ] ] ], [ [ [ -22.624169450999943, 65.11428188800005 ], [ -22.630347342999983, 65.109177119000037 ], [ -22.634814221999932, 65.109429089000059 ], [ -22.630255176999981, 65.113009590000047 ], [ -22.624169450999943, 65.11428188800005 ] ] ], [ [ [ -22.633203169999945, 65.141608579000035 ], [ -22.637507308999943, 65.137784313000054 ], [ -22.646633263999945, 65.138795579000032 ], [ -22.640944130999969, 65.141941840000072 ], [ -22.633203169999945, 65.141608579000035 ] ] ] ] } },
{ "type": "Feature", "properties": { "GISCO_ID": "IS_4100", "CNTR_CODE": "IS", "LAU_ID": "4100", "LAU_NAME": "Bolungarvíkurkaupstaður", "cell_coverage": [ [ 0.2174, 0.5208, 0.7116, 0.6397, 0.5574, 0.4144, 0.2218, 0.0001, 0, 0 ], [ 0.0364, 0.3609, 0.6225, 0.8813, 1, 1, 1, 0.6624, 0.4627, 0.0608 ], [ 0, 0, 0, 0.0091, 0.4683, 0.9232, 0.8936, 0.5349, 0.1455, 0 ], [ 0, 0, 0, 0, 0, 0.0188, 0.0486, 0, 0, 0 ] ], "xmin": -23.541666666666668, "xmax": -23.125, "ymin": 66.041666666666643, "ymax": 66.208333333333314 }, "geometry": { "type": "MultiPolygon", "coordinates": [ [ [ [ -23.541576499999962, 66.17749599900003 ], [ -23.522276949999934, 66.181372287000045 ], [ -23.484222320999947, 66.180245371000069 ], [ -23.478400721999947, 66.183302181000045 ], [ -23.480441220999978, 66.190800754000065 ], [ -23.477782615999956, 66.194689843000049 ], [ -23.455779560999929, 66.197654272000079 ], [ -23.353989791999936, 66.190293894000035 ], [ -23.274251956999933, 66.178067041000077 ], [ -23.252072811999938, 66.169653694000033 ], [ -23.242359675999978, 66.158634954000036 ], [ -23.246354631999964, 66.15563934000005 ], [ -23.241730918999963, 66.15254596300008 ], [ -23.222915341999965, 66.149363623000056 ], [ -23.199433704999933, 66.151653660000079 ], [ -23.144879499999945, 66.13666149900007 ], [ -23.193584507999958, 66.128399157000047 ], [ -23.196965127999931, 66.121517909000033 ], [ -23.191927330999931, 66.112220965000063 ], [ -23.196094492999976, 66.108104059000084 ], [ -23.210372268999947, 66.103912663000074 ], [ -23.24313019799996, 66.10257933400004 ], [ -23.252942717999929, 66.094401917000027 ], [ -23.272381225999936, 66.087194513000043 ], [ -23.27577268899995, 66.079879586000061 ], [ -23.286753420999958, 66.076907594000033 ], [ -23.340291561999948, 66.095294352000053 ], [ -23.384809822999955, 66.12729371100005 ], [ -23.455779560999929, 66.145386962000032 ], [ -23.502770156999929, 66.157929902000035 ], [ -23.514167033999968, 66.169379387000049 ], [ -23.541576499999962, 66.17749599900003 ] ] ] ] } },
{ "type": "Feature", "properties": { "GISCO_ID": "IS_4200", "CNTR_CODE": "IS", "LAU_ID": "4200", "LAU_NAME": "Ísafjarðarbær", "cell_coverage": [ [ 0, 0, 0, 0, 0, 0, 0, 0, 0, 0, 0, 0, 0, 0, 0, 0, 0, 0, 0, 0, 0, 0, 0.1653, 0.1991, 0.0916, 0, 0, 0, 0, 0, 0.1214, 0.0345, 0, 0.033, 0.0483, 0, 0, 0, 0, 0, 0, 0, 0, 0, 0, 0 ], [ 0, 0, 0, 0, 0, 0, 0, 0, 0, 0, 0, 0, 0, 0, 0, 0, 0, 0.016, 0.3763, 0.2048, 0.4033, 0.4462, 0.7112, 1, 0.997, 0.7637, 0.5763, 0.2776, 0.0011, 0.2523, 0.8693, 0.9602, 0.5615, 0.2948, 0.8427, 0.4955, 0, 0, 0, 0, 0, 0, 0, 0, 0, 0 ], [ 0, 0, 0, 0, 0, 0, 0, 0, 0, 0, 0, 0, 0, 0, 0, 0, 0, 0, 0.1151, 0.5789, 0.8254, 1, 1, 1, 1, 1, 1, 1, 0.9862, 1, 1, 1, 1, 1, 1, 0.9615, 0.4444, 0.1762, 0.0079, 0, 0, 0, 0, 0, 0, 0 ], [ 0, 0, 0, 0, 0, 0, 0, 0, 0, 0, 0, 0, 0, 0, 0, 0, 0.2649, 0.4906, 0.3051, 0.3926, 0.8056, 1, 1, 1, 0.815, 0.7602, 0.9723, 0.9734, 0.5172, 0.7617, 0.9281, 1, 1, 1, 1, 1, 1, 1, 0.8053, 0.1511, 0.0309, 0, 0, 0, 0, 0 ], [ 0, 0, 0, 0, 0, 0, 0, 0, 0, 0, 0, 0, 0, 0, 0, 0, 0, 0.1543, 0.3749, 0.6211, 0.8498, 0.8687, 0.7104, 0.4258, 0.0109, 0.4789, 0.3838, 0.1108, 0.5496, 1, 1, 0.9317, 0.5202, 0.6204, 1, 1, 1, 1, 1, 0.7633, 0.0219, 0, 0, 0, 0, 0 ], [ 0, 0, 0, 0, 0, 0, 0, 0, 0, 0, 0, 0, 0, 0, 0, 0, 0, 0, 0, 0, 0, 0, 0, 0.0004, 0.1332, 0.258, 0.2772, 0.149, 0.0066, 0.0807, 0.1254, 0.1875, 0.5474, 0.6652, 0.6819, 0.7908, 0.9961, 1, 1, 0.7342, 0.4183, 0.4145, 0.588, 0.1565, 0.1899, 0.1316 ], [ 0, 0, 0, 0, 0, 0, 0, 0, 0, 0, 0, 0, 0, 0, 0, 0, 0, 0, 0, 0, 0, 0.1977, 0.7002, 0.8036, 1, 1, 1, 1, 0.9035, 0.8061, 0.7176, 0.5629, 0.8661, 0.9993, 1, 1, 1, 1, 1, 1, 1, 1, 0.9794, 0.7878, 0.3423, 0.0041 ], [ 0, 0, 0, 0, 0, 0, 0, 0.075, 0.1096, 0, 0, 0, 0, 0, 0, 0, 0, 0, 0, 0, 0, 0.0262, 0.5073, 0.9358, 1, 1, 1, 1, 1, 1, 1, 1, 1, 1, 1, 1, 1, 1, 0.7904, 0.9061, 0.9825, 0.6544, 0.1043, 0, 0, 0 ], [ 0, 0, 0, 0, 0, 0, 0.0589, 0.5638, 0.692, 0.4999, 0.3775, 0.1187, 0, 0, 0, 0, 0.0897, 0.1851, 0, 0, 0, 0, 0, 0.0378, 0.298, 0.4639, 0.6852, 0.8296, 0.9871, 1, 1, 1, 1, 1, 1, 1, 1, 0.969, 0.0093, 0.0167, 0.058, 0, 0, 0, 0, 0 ], [ 0, 0, 0, 0, 0, 0.3229, 0.8104, 0.9858, 0.9952, 0.8202, 0.731, 0.8591, 0.5317, 0.0768, 0.1064, 0.4651, 0.8545, 0.9996, 0.205, 0.1462, 0.2286, 0.0009, 0, 0, 0, 0, 0, 0, 0.0626, 0.3728, 0.4143, 0.7748, 0.993, 1, 1, 0.8777, 0.5492, 0.3601, 0, 0, 0, 0, 0, 0, 0, 0 ], [ 0, 0.0766, 0.5545, 0.53, 0.4306, 0.3003, 0.0823, 0.297, 0.7011, 0.9075, 1, 1, 1, 0.9812, 0.9514, 1, 0.9955, 0.6825, 0.72, 0.9866, 0.6837, 0.0172, 0, 0, 0, 0, 0, 0, 0, 0, 0, 0, 0.057, 0.1534, 0.1537, 0.0058, 0, 0, 0, 0, 0, 0, 0, 0, 0, 0 ], [ 0, 0.3659, 0.9922, 1, 1, 1, 0.9938, 0.8463, 0.6889, 0.5518, 0.6095, 0.8671, 1, 1, 1, 1, 1, 0.9905, 0.4372, 0.2454, 0.0122, 0, 0, 0, 0, 0, 0, 0, 0, 0, 0, 0, 0, 0, 0, 0, 0, 0, 0, 0, 0, 0, 0, 0, 0, 0 ], [ 0, 0, 0.1987, 0.7259, 0.9948, 1, 1, 1, 1, 1, 0.9897, 0.8656, 1, 1, 1, 1, 0.8012, 0.1219, 0, 0, 0, 0, 0, 0, 0, 0, 0, 0, 0, 0, 0, 0, 0, 0, 0, 0, 0, 0, 0, 0, 0, 0, 0, 0, 0, 0 ], [ 0, 0.048, 0.0195, 0, 0.1398, 0.5085, 0.8506, 1, 1, 1, 1, 1, 1, 1, 1, 1, 0.7018, 0.0363, 0, 0, 0, 0, 0, 0, 0, 0, 0, 0, 0, 0, 0, 0, 0, 0, 0, 0, 0, 0, 0, 0, 0, 0, 0, 0, 0, 0 ], [ 0.4254, 0.9885, 0.9808, 0.8457, 0.6911, 0.447, 0.088, 0.2703, 0.5448, 0.5194, 0.864, 1, 1, 1, 1, 1, 1, 0.8017, 0.0629, 0, 0, 0, 0, 0, 0, 0, 0, 0, 0, 0, 0, 0, 0, 0, 0, 0, 0, 0, 0, 0, 0, 0, 0, 0, 0, 0 ], [ 0.2325, 0.9421, 1, 1, 1, 1, 0.9975, 0.9873, 1, 0.8873, 0.6387, 0.6214, 0.6758, 0.7365, 0.8012, 0.8785, 1, 1, 0.9344, 0.5611, 0.036, 0, 0, 0, 0, 0, 0, 0, 0, 0, 0, 0, 0, 0, 0, 0, 0, 0, 0, 0, 0, 0, 0, 0, 0, 0 ], [ 0, 0.0719, 0.5321, 0.9579, 1, 1, 1, 1, 1, 1, 1, 1, 1, 1, 1, 1, 1, 1, 1, 1, 0.7742, 0.0423, 0, 0, 0, 0, 0, 0, 0, 0, 0, 0, 0, 0, 0, 0, 0, 0, 0, 0, 0, 0, 0, 0, 0, 0 ], [ 0, 0, 0, 0.0846, 0.3101, 0.4616, 0.613, 0.7644, 0.8045, 0.7865, 0.8069, 0.8054, 0.7192, 0.6776, 0.5332, 0.4035, 0.7981, 1, 1, 1, 1, 0.5751, 0, 0, 0, 0, 0, 0, 0, 0, 0, 0, 0, 0, 0, 0, 0, 0, 0, 0, 0, 0, 0, 0, 0, 0 ], [ 0, 0, 0, 0, 0, 0, 0, 0, 0.1448, 0.4135, 0.4774, 0.5026, 0.6154, 0.7402, 0.722, 0.7813, 0.9982, 1, 1, 1, 0.8171, 0.096, 0, 0, 0, 0, 0, 0, 0, 0, 0, 0, 0, 0, 0, 0, 0, 0, 0, 0, 0, 0, 0, 0, 0, 0 ], [ 0, 0, 0, 0, 0, 0, 0, 0, 0.0102, 0.2848, 0.4091, 0.0898, 0.2913, 0.3977, 0.3559, 0.1389, 0.0527, 0.2137, 0.2428, 0.1465, 0.0242, 0, 0, 0, 0, 0, 0, 0, 0, 0, 0, 0, 0, 0, 0, 0, 0, 0, 0, 0, 0, 0, 0, 0, 0, 0 ] ], "xmin": -23.875, "xmax": -21.958333333333332, "ymin": 65.666666666666657, "ymax": 66.5 }, "geometry": { "type": "MultiPolygon", "coordinates": [ [ [ [ -21.964336499999945, 66.269604499000081 ], [ -21.997992937999982, 66.249458882000056 ], [ -22.001313291999963, 66.240054944000065 ], [ -22.014193414999966, 66.238840383000081 ], [ -22.033519851999927, 66.234212614000057 ], [ -22.038042355999949, 66.224742544000037 ], [ -22.047106866999968, 66.220591544000058 ], [ -22.102867160999949, 66.207925948000081 ], [ -22.134921331999976, 66.185445191000042 ], [ -22.184321499999953, 66.164173499000071 ], [ -22.206591145999937, 66.161517766000031 ], [ -22.225133682999967, 66.168096594000076 ], [ -22.23224584999997, 66.174220797000032 ], [ -22.25280201299995, 66.173452186000077 ], [ -22.284612937999952, 66.179603289000056 ], [ -22.289508268999953, 66.16643741300004 ], [ -22.297337226999957, 66.113794791000032 ], [ -22.314923463999946, 66.106696283000076 ], [ -22.371043466999936, 66.100258652000036 ], [ -22.391468215999964, 66.089493532000063 ], [ -22.398567, 66.08552049900004 ], [ -22.443052499999965, 66.074732999000048 ], [ -22.51177271499995, 66.078934644000071 ], [ -22.563162642999941, 66.090506839000057 ], [ -22.579521145999934, 66.102316024000061 ], [ -22.589657894999959, 66.105795864000072 ], [ -22.654880685999956, 66.114965936000033 ], [ -22.722258044999933, 66.131827866000037 ], [ -22.765172758999938, 66.135799019000046 ], [ -22.796633634999978, 66.145404767000059 ], [ -22.845914110999956, 66.151579410000068 ], [ -22.880450401999951, 66.16147802200004 ], [ -22.927046101999963, 66.180395062000059 ], [ -22.962582441999928, 66.202552882000077 ], [ -22.971465335999937, 66.21222421300007 ], [ -22.975212509999949, 66.220852635000028 ], [ -22.972761038999977, 66.228935870000043 ], [ -22.961427617999959, 66.233776032000037 ], [ -22.909981915999936, 66.241798840000058 ], [ -22.878972990999955, 66.241395329000056 ], [ -22.875511949999975, 66.244335726000031 ], [ -22.876456028999939, 66.250164239000071 ], [ -22.863817809999944, 66.254610798000044 ], [ -22.812171890999934, 66.261402375000046 ], [ -22.773253298999975, 66.261805346000074 ], [ -22.74874473899996, 66.260996172000034 ], [ -22.668492957999945, 66.241387687000042 ], [ -22.609490881999932, 66.242779738000081 ], [ -22.60063011099993, 66.239394136000044 ], [ -22.585470313999963, 66.227839550000056 ], [ -22.562364502999969, 66.22043423000008 ], [ -22.552333963999956, 66.22696630400003 ], [ -22.561414616999969, 66.236579057000029 ], [ -22.561487466999949, 66.242259765000028 ], [ -22.558360326999946, 66.245843036000053 ], [ -22.52347285299993, 66.239867519000029 ], [ -22.511628845999951, 66.248789396000063 ], [ -22.460304098999927, 66.252378776000057 ], [ -22.371452975999944, 66.268270270000073 ], [ -22.375275750999947, 66.271655778000081 ], [ -22.406920518999982, 66.273465900000076 ], [ -22.483572459999948, 66.264058016000035 ], [ -22.554821188999938, 66.265098279000028 ], [ -22.566600883999968, 66.268488372000036 ], [ -22.550434109999969, 66.281191835000072 ], [ -22.519328225999971, 66.28704928500008 ], [ -22.468782124999962, 66.306842823000068 ], [ -22.468826089999936, 66.309050080000077 ], [ -22.482553601999939, 66.314403372000072 ], [ -22.479789830999948, 66.325061711000046 ], [ -22.481730503999927, 66.327559852000036 ], [ -22.507472034999978, 66.330718452000042 ], [ -22.50764814799993, 66.318365369000048 ], [ -22.523978282999963, 66.306537966000064 ], [ -22.586309092999954, 66.285588512000061 ], [ -22.665833279999958, 66.289213648000043 ], [ -22.70440173999998, 66.299884864000035 ], [ -22.702707207999936, 66.30577909200008 ], [ -22.67399643899995, 66.33011083100007 ], [ -22.66547530899993, 66.347495568000056 ], [ -22.649644434999971, 66.352287562000072 ], [ -22.611127907999958, 66.357182545000057 ], [ -22.607524651999938, 66.361578153000039 ], [ -22.614009523999982, 66.365049591000059 ], [ -22.686061368999958, 66.358284854000033 ], [ -22.72084338999997, 66.332294887000046 ], [ -22.755504741999971, 66.319139576000055 ], [ -22.82323699799997, 66.310783118000074 ], [ -22.835561915999961, 66.313198157000045 ], [ -22.835666453999977, 66.318345127000043 ], [ -22.82377241599994, 66.338259605000076 ], [ -22.794795312999952, 66.348678775000053 ], [ -22.78430743399997, 66.359172598000043 ], [ -22.785122886999943, 66.36378846100007 ], [ -22.808074991999945, 66.351837057000068 ], [ -22.865870263999966, 66.338995161000071 ], [ -22.877719768999953, 66.329154947000063 ], [ -22.88214949099995, 66.319798417000072 ], [ -22.894430642999964, 66.313957756000036 ], [ -22.965952628999958, 66.296975400000065 ], [ -23.02461135599998, 66.296954059000029 ], [ -23.085130246999938, 66.313728579000042 ], [ -23.153106514999934, 66.327958925000075 ], [ -23.188344330999939, 66.342896494000058 ], [ -23.193656742999963, 66.348226583000042 ], [ -23.193636771999934, 66.35436136900006 ], [ -23.175729289999936, 66.358315581000056 ], [ -23.120671766999976, 66.349962317000063 ], [ -23.092375875999949, 66.342641494000077 ], [ -23.071033481999962, 66.345341424000082 ], [ -23.056360059999975, 66.353074369000069 ], [ -23.030562091999968, 66.357966222000073 ], [ -23.02347571599995, 66.363228839000044 ], [ -23.018366879999974, 66.373204800000053 ], [ -23.018674268999973, 66.381364033000068 ], [ -23.023446285999967, 66.387146892000032 ], [ -23.031777769999962, 66.390078348000031 ], [ -23.050151765999942, 66.388476886000035 ], [ -23.065931220999971, 66.391637994000064 ], [ -23.133256027999948, 66.430054606000056 ], [ -23.112149574999933, 66.435219975000052 ], [ -23.099034539999934, 66.435404169000037 ], [ -23.051665551999974, 66.420907384000031 ], [ -23.022205172999975, 66.43585948100008 ], [ -22.954630201999976, 66.434915658000079 ], [ -22.93688603499993, 66.441851857000074 ], [ -22.929831210999964, 66.449649148000049 ], [ -22.932193353999935, 66.454910452000036 ], [ -22.952973345999965, 66.46379707300008 ], [ -22.934921647999943, 66.468640010000058 ], [ -22.870980532999965, 66.465347714000075 ], [ -22.843874389999939, 66.460504408000077 ], [ -22.803919239999971, 66.444551570000044 ], [ -22.736205505999976, 66.436626852000074 ], [ -22.721945300999948, 66.421256604000064 ], [ -22.714213775999951, 66.417022794000047 ], [ -22.674798945999953, 66.415324953000038 ], [ -22.650804183999981, 66.422340635000069 ], [ -22.632680827999934, 66.435914045000061 ], [ -22.611581349999938, 66.443823399000053 ], [ -22.609355942999969, 66.448718690000078 ], [ -22.615696275999937, 66.459039782000048 ], [ -22.614684744999977, 66.463210349000065 ], [ -22.590664492999963, 66.46647880900008 ], [ -22.531163797999966, 66.448809865000044 ], [ -22.515157745999943, 66.432429432000049 ], [ -22.496761638999942, 66.432197575000032 ], [ -22.477506911999967, 66.426025352000067 ], [ -22.446936764999975, 66.430428264000057 ], [ -22.442743846999974, 66.442238332000045 ], [ -22.467488204999938, 66.46016561600004 ], [ -22.468169090999936, 66.464187292000076 ], [ -22.463479420999931, 66.465164969000057 ], [ -22.406739372999937, 66.453784601000052 ], [ -22.394256055999961, 66.441102852000029 ], [ -22.385762868999961, 66.415163513000039 ], [ -22.360832899999934, 66.393526808000047 ], [ -22.276458336999951, 66.373999985000069 ], [ -22.272235691999981, 66.363584818000049 ], [ -22.240952970999956, 66.35660467200006 ], [ -22.250800541999979, 66.346145559000036 ], [ -22.239534355999979, 66.336928108000052 ], [ -22.196059027999979, 66.338280564000058 ], [ -22.197767418999945, 66.333726586000068 ], [ -22.206415015999937, 66.327416963000076 ], [ -22.232738626999947, 66.313181942000028 ], [ -22.228462358999934, 66.306100103000063 ], [ -22.206773906999956, 66.296960115000047 ], [ -22.23272129999998, 66.270580926000036 ], [ -22.225456678999933, 66.263564942000073 ], [ -22.20787207799998, 66.261137504000033 ], [ -22.150318222999942, 66.278903866000064 ], [ -22.140599260999977, 66.273408575000076 ], [ -22.141058681999937, 66.263629465000065 ], [ -22.147717174999968, 66.253809242000045 ], [ -22.14015797199994, 66.252134410000053 ], [ -22.119679988999962, 66.260301272000049 ], [ -22.109112208999932, 66.273078093000038 ], [ -22.092256187999965, 66.286792355000046 ], [ -22.082912300999965, 66.289468313000043 ], [ -22.080477254999948, 66.28456076100008 ], [ -22.087165533999951, 66.273623304000068 ], [ -22.087423153999964, 66.267410293000069 ], [ -22.081849561999945, 66.259173169000064 ], [ -22.070229870999981, 66.254863961000069 ], [ -22.014686032999975, 66.257758453000065 ], [ -21.964336499999945, 66.269604499000081 ] ] ], [ [ [ -22.661604365999949, 66.110189133000063 ], [ -22.652689430999942, 66.103452214000072 ], [ -22.658205816999953, 66.090026145000081 ], [ -22.667382953999947, 66.096349749000069 ], [ -22.66743102099997, 66.107290194000029 ], [ -22.661604365999949, 66.110189133000063 ] ] ], [ [ [ -23.541576499999962, 66.17749599900003 ], [ -23.514167033999968, 66.169379387000049 ], [ -23.502770156999929, 66.157929902000035 ], [ -23.455779560999929, 66.145386962000032 ], [ -23.384809822999955, 66.12729371100005 ], [ -23.340291561999948, 66.095294352000053 ], [ -23.286753420999958, 66.076907594000033 ], [ -23.27577268899995, 66.079879586000061 ], [ -23.272381225999936, 66.087194513000043 ], [ -23.252942717999929, 66.094401917000027 ], [ -23.24313019799996, 66.10257933400004 ], [ -23.210372268999947, 66.103912663000074 ], [ -23.196094492999976, 66.108104059000084 ], [ -23.191927330999931, 66.112220965000063 ], [ -23.196965127999931, 66.121517909000033 ], [ -23.193584507999958, 66.128399157000047 ], [ -23.144879499999945, 66.13666149900007 ], [ -23.124714614999959, 66.123916876000067 ], [ -23.119606690999944, 66.112765521000028 ], [ -23.10953624299998, 66.105841124000051 ], [ -23.108906882999975, 66.101805181000032 ], [ -23.12239544199997, 66.080694569000059 ], [ -23.115096662999974, 66.073108129000047 ], [ -23.116662209999959, 66.068012569000075 ], [ -23.127765046999968, 66.063956387000076 ], [ -23.129216216999964, 66.065928334000034 ], [ -23.126318816999969, 66.071322726000062 ], [ -23.128880951999975, 66.072309093000058 ], [ -23.169878469999958, 66.063506934000031 ], [ -23.163891124999964, 66.055775611000058 ], [ -23.16361173599995, 66.048088890000031 ], [ -23.160892206999961, 66.045845001000032 ], [ -23.14532845399998, 66.055834461000074 ], [ -23.108440299999927, 66.066037125000037 ], [ -23.043123012999956, 66.098525611000071 ], [ -23.014138358999958, 66.092124875000081 ], [ -22.992559, 66.080648999000061 ], [ -23.006863930999941, 66.072041863000038 ], [ -23.009868695999955, 66.065318395000077 ], [ -23.012618368999938, 66.059064555000077 ], [ -23.040432855999939, 66.036770244000081 ], [ -23.056415859999959, 66.03195991900003 ], [ -23.117297864999955, 66.02283385100003 ], [ -23.12768411199994, 66.001558909000039 ], [ -23.144871107999961, 65.99730442200007 ], [ -23.151882542999942, 65.991620321000028 ], [ -23.175649446999955, 65.984168163000049 ], [ -23.173315043999935, 65.975462763000053 ], [ -23.186741993999931, 65.963586457000076 ], [ -23.187055749999956, 65.94402320100005 ], [ -23.184746589999975, 65.937840430000051 ], [ -23.138044101999981, 65.906800081000029 ], [ -23.132210574999931, 65.895002634000036 ], [ -23.111538288999952, 65.876893296000048 ], [ -23.044704820999982, 65.849516124000047 ], [ -23.028977665999946, 65.830077625000058 ], [ -23.007058061999942, 65.815827445000082 ], [ -22.994460577999973, 65.797260849000054 ], [ -22.976185944999941, 65.782870092000053 ], [ -22.97164749999996, 65.770095999000034 ], [ -22.976182852999955, 65.754820694000045 ], [ -22.981382445999941, 65.747653387000071 ], [ -22.998963114999981, 65.735434430000055 ], [ -23.00219709199996, 65.729764313000032 ], [ -23.02656765699993, 65.708727674000045 ], [ -23.040188997999962, 65.702962942000056 ], [ -23.07786583099994, 65.701786571000071 ], [ -23.122839188999933, 65.695653761000074 ], [ -23.204855574999954, 65.709126024000057 ], [ -23.263925128999972, 65.693134515000054 ], [ -23.334351997999931, 65.691147176000072 ], [ -23.401412714999935, 65.708220748000031 ], [ -23.439149071999964, 65.687975806000054 ], [ -23.455779560999929, 65.688088027000049 ], [ -23.502221106999968, 65.704723921000038 ], [ -23.518331978999981, 65.716662600000063 ], [ -23.532288, 65.720416999000065 ], [ -23.456586910999931, 65.727750120000053 ], [ -23.376969325999937, 65.729737433000082 ], [ -23.323427113999969, 65.739687987000082 ], [ -23.222313822999979, 65.737242178000031 ], [ -23.216038886999968, 65.742642944000067 ], [ -23.225608349999959, 65.75209393800003 ], [ -23.225286428999937, 65.758268294000061 ], [ -23.187332903999959, 65.769655121000028 ], [ -23.181520619999958, 65.774396546000048 ], [ -23.190008029999944, 65.781094388000042 ], [ -23.206541781999931, 65.783087459000058 ], [ -23.23549369999995, 65.778476797000053 ], [ -23.292902365999964, 65.763812629000029 ], [ -23.34378417299996, 65.762814760000083 ], [ -23.400400002999959, 65.757288564000078 ], [ -23.500984698999957, 65.759338883000055 ], [ -23.542785085999981, 65.756827926000028 ], [ -23.716832714999953, 65.783188756000072 ], [ -23.833599758999981, 65.843681171000071 ], [ -23.855203054999947, 65.870062965000045 ], [ -23.860902992999968, 65.888930688000073 ], [ -23.838284587999965, 65.912348380000083 ], [ -23.801200408999932, 65.921373019000043 ], [ -23.654464829999938, 65.898691488000054 ], [ -23.623671763999937, 65.882897609000054 ], [ -23.588196963999962, 65.874323227000048 ], [ -23.561281246999954, 65.874009185000034 ], [ -23.524670264999941, 65.880092397000055 ], [ -23.503748205999955, 65.880502019000062 ], [ -23.470026358999974, 65.866828601000066 ], [ -23.437005305999946, 65.858276115000081 ], [ -23.384523140999931, 65.853566879000027 ], [ -23.337837391999983, 65.85425353800008 ], [ -23.242694161999964, 65.838743926000063 ], [ -23.214098958999955, 65.840967265000074 ], [ -23.21630066299997, 65.843884815000081 ], [ -23.259660032999932, 65.84890520700003 ], [ -23.333758411999952, 65.866012099000045 ], [ -23.425710885999933, 65.872614810000073 ], [ -23.449175719999971, 65.886651974000074 ], [ -23.468730062999953, 65.894086548000075 ], [ -23.490526079999938, 65.897953320000056 ], [ -23.52942948499998, 65.898264703000052 ], [ -23.568699352999943, 65.906393886000046 ], [ -23.612098648999961, 65.926586288000067 ], [ -23.655570335999982, 65.940024028000039 ], [ -23.735142592999978, 65.971672087000059 ], [ -23.807160332999956, 66.012783402000082 ], [ -23.813995649999981, 66.028574049000042 ], [ -23.810821070999964, 66.040240679000078 ], [ -23.786019244999977, 66.061747568000044 ], [ -23.75704959899997, 66.068435313000066 ], [ -23.708060449999948, 66.060201275000054 ], [ -23.666187191999938, 66.058989633000067 ], [ -23.569450593999932, 66.036128894000058 ], [ -23.474730973999954, 66.021663790000048 ], [ -23.43653782399997, 66.020487875000072 ], [ -23.425735054999961, 66.009153107000031 ], [ -23.418958587999953, 65.99511022400003 ], [ -23.398636194999938, 65.988348655000038 ], [ -23.387406142999964, 65.989453593000064 ], [ -23.409466314999975, 66.015350009000031 ], [ -23.426005811999971, 66.028062286000079 ], [ -23.483288788999971, 66.047397471000068 ], [ -23.516506936999974, 66.051240920000055 ], [ -23.579234543999974, 66.078155331000062 ], [ -23.640442372999928, 66.099007219000043 ], [ -23.656697546999965, 66.110793196000031 ], [ -23.656302063999931, 66.11513469700003 ], [ -23.648932520999949, 66.118361370000059 ], [ -23.582595053999967, 66.122152191000055 ], [ -23.53729461599994, 66.130278959000066 ], [ -23.484962807999977, 66.12036865400006 ], [ -23.428836633999936, 66.097892468000055 ], [ -23.390630890999944, 66.087826714000073 ], [ -23.384579622999979, 66.088697424000031 ], [ -23.39117913299998, 66.09511539500005 ], [ -23.429786293999939, 66.107959256000072 ], [ -23.457369134999965, 66.123598850000064 ], [ -23.480925432999982, 66.132360529000039 ], [ -23.542439169999966, 66.141967023000063 ], [ -23.586084703999973, 66.143958135000048 ], [ -23.594576410999935, 66.147861035000062 ], [ -23.587737820999962, 66.15687269600005 ], [ -23.541576499999962, 66.17749599900003 ] ] ] ] } },
{ "type": "Feature", "properties": { "GISCO_ID": "IS_4502", "CNTR_CODE": "IS", "LAU_ID": "4502", "LAU_NAME": "Reykhólahreppur", "cell_coverage": [ [ 0, 0, 0.0229, 0.3374, 0.0515, 0, 0, 0, 0, 0, 0, 0, 0, 0, 0, 0, 0, 0, 0, 0, 0, 0, 0, 0, 0, 0, 0, 0, 0, 0, 0, 0, 0, 0, 0, 0 ], [ 0, 0, 0, 0.4418, 0.9311, 0.7176, 0.6363, 0.4883, 0.5135, 0.4444, 0.3933, 0.4606, 0.3289, 0.2686, 0.144, 0, 0, 0, 0, 0, 0.029, 0.4061, 0.0455, 0, 0, 0, 0, 0, 0, 0, 0, 0, 0, 0, 0, 0 ], [ 0, 0, 0, 0.0439, 0.8456, 1, 1, 1, 1, 1, 1, 1, 1, 1, 0.9873, 0.7804, 0.4583, 0.2464, 0.4669, 0.7306, 0.9537, 1, 0.8171, 0.6609, 0.3975, 0.2778, 0.0508, 0, 0, 0, 0, 0, 0, 0, 0, 0 ], [ 0, 0, 0, 0, 0.5168, 0.9975, 1, 0.9648, 0.9871, 0.9273, 0.9991, 1, 0.9429, 0.926, 1, 1, 1, 1, 1, 1, 1, 1, 1, 1, 1, 1, 0.8947, 0.4305, 0.1414, 0, 0, 0, 0, 0, 0, 0 ], [ 0, 0, 0, 0.0913, 0.7544, 0.6681, 0.3607, 0.6792, 0.1052, 0.6348, 1, 0.6746, 0.9697, 0.3203, 0.9962, 1, 1, 1, 1, 1, 1, 1, 0.8939, 0.8885, 1, 1, 1, 1, 0.8575, 0.3268, 0, 0, 0, 0, 0, 0 ], [ 0, 0, 0, 0, 0.2917, 0.2257, 0.8405, 1, 0.2889, 0.7387, 1, 0.2925, 0.9923, 0.1619, 0.6625, 1, 0.8758, 0.9446, 0.6614, 0.9375, 0.9998, 0.6516, 0.6111, 1, 1, 1, 1, 1, 1, 0.8536, 0.1804, 0.1197, 0, 0, 0, 0 ], [ 0, 0, 0, 0, 0.0349, 0.1716, 0.2649, 0.5913, 0.5836, 0.0856, 0.4455, 0.0125, 0.1546, 0, 0.4788, 0.7104, 0.1723, 0.1672, 0.6242, 0.7163, 0.6448, 0.7989, 1, 0.5644, 0.8424, 0.9041, 0.969, 1, 1, 1, 1, 1, 0.6812, 0.6123, 0.5163, 0.0028 ], [ 0.0116, 0, 0, 0, 0, 0, 0.0116, 0, 0, 0, 0, 0.0019, 0, 0, 0, 0, 0.0975, 0.6877, 0.8865, 1, 1, 1, 0.6759, 0.0879, 0.1521, 0.2165, 0.1052, 0.6655, 1, 1, 1, 1, 1, 0.9212, 0.1113, 0 ], [ 0, 0.029, 0, 0, 0, 0, 0, 0.0141, 0.0319, 0.0235, 0.0742, 0.0058, 0, 0, 0, 0, 0, 0, 0.0605, 0.3593, 0.572, 0.4765, 0.0143, 0.0506, 0.0038, 0, 0.0401, 0.1647, 0.1715, 0.1639, 0.3229, 0.3962, 0.1563, 0.0492, 0, 0 ], [ 0.007, 0.0046, 0.001, 0.0158, 0.031, 0, 0.0434, 0.061, 0.0049, 0, 0.0279, 0.0148, 0, 0, 0.0232, 0, 0, 0, 0, 0.0001, 0.0029, 0, 0.0265, 0, 0.0078, 0, 0, 0, 0, 0, 0, 0, 0, 0, 0, 0 ], [ 0, 0, 0, 0.0135, 0.0176, 0, 0.0274, 0, 0, 0, 0.0002, 0.0114, 0, 0, 0, 0, 0, 0, 0, 0.0223, 0.0459, 0, 0, 0, 0, 0, 0, 0, 0, 0, 0, 0, 0, 0, 0, 0 ], [ 0, 0, 0, 0, 0, 0, 0, 0, 0, 0, 0, 0, 0.0287, 0, 0.0131, 0, 0, 0, 0, 0, 0, 0, 0, 0, 0, 0, 0, 0, 0, 0, 0, 0, 0, 0, 0, 0 ], [ 0, 0, 0, 0, 0, 0.0168, 0, 0, 0, 0, 0, 0, 0, 0, 0, 0, 0, 0, 0, 0, 0, 0, 0, 0, 0, 0, 0, 0, 0, 0, 0, 0, 0, 0, 0, 0 ], [ 0, 0, 0, 0, 0, 0.0116, 0, 0, 0, 0, 0, 0, 0, 0, 0, 0, 0, 0, 0, 0, 0, 0, 0, 0, 0, 0, 0, 0, 0, 0, 0, 0, 0, 0, 0, 0 ] ], "xmin": -23.083333333333332, "xmax": -21.583333333333332, "ymin": 65.208333333333329, "ymax": 65.791666666666657 }, "geometry": { "type": "MultiPolygon", "coordinates": [ [ [ [ -21.621329499999945, 65.506165499000076 ], [ -21.647395909999943, 65.500615507000077 ], [ -21.657014556999968, 65.494372583000029 ], [ -21.660243623999975, 65.482234944000083 ], [ -21.671581126999968, 65.472929161000081 ], [ -21.679730861999928, 65.457205814000076 ], [ -21.68428849999998, 65.454468999000028 ], [ -21.708719945999974, 65.456091833000073 ], [ -21.735183681999956, 65.451069489000076 ], [ -21.763531475999969, 65.44149972200006 ], [ -21.778418254999963, 65.440264237000065 ], [ -21.810573763999969, 65.443262808000043 ], [ -21.828048273999968, 65.449167103000036 ], [ -21.881115377999947, 65.453918935000047 ], [ -21.909932057999981, 65.44866040200003 ], [ -21.93621774199994, 65.447578345000068 ], [ -21.955322856999942, 65.44114309400004 ], [ -21.94703039999996, 65.449107273000038 ], [ -21.922274108999943, 65.460931894000055 ], [ -21.92126922999995, 65.46700347500007 ], [ -21.947836045999964, 65.47684115800007 ], [ -21.981958061999933, 65.500444315000038 ], [ -22.008848025999953, 65.507977094000069 ], [ -22.026780502999941, 65.504258915000037 ], [ -22.02200284099996, 65.489318636000064 ], [ -22.025689263999936, 65.479822326000033 ], [ -22.04995200299993, 65.47700055100006 ], [ -22.053335248999929, 65.493061695000051 ], [ -22.071057130999975, 65.508914877000052 ], [ -22.077393786999949, 65.52147659700006 ], [ -22.107416398999931, 65.530439038000054 ], [ -22.115773990999969, 65.526158439000028 ], [ -22.109300345999941, 65.513434803000052 ], [ -22.109378575999983, 65.501156094000066 ], [ -22.120353201999933, 65.491570829000068 ], [ -22.124805437999953, 65.483341721000045 ], [ -22.147308462999945, 65.472890907000078 ], [ -22.169187552999972, 65.453941609000083 ], [ -22.177707404999978, 65.441187653000043 ], [ -22.199909462999983, 65.433043069000064 ], [ -22.229773756999975, 65.433195246000082 ], [ -22.240535392999959, 65.439783466000051 ], [ -22.254701496999928, 65.439279200000044 ], [ -22.26221482099993, 65.444029835000038 ], [ -22.274974526999927, 65.443582708000065 ], [ -22.280777506999982, 65.450698783000064 ], [ -22.295082855999965, 65.454567363000081 ], [ -22.31918004299996, 65.466514075000077 ], [ -22.374828982999929, 65.474232838000034 ], [ -22.386337442999945, 65.486012299000038 ], [ -22.383938078999961, 65.49258980500008 ], [ -22.386240946999976, 65.496056883000051 ], [ -22.374608913999964, 65.496407248000082 ], [ -22.349903550999954, 65.505400859000076 ], [ -22.312258090999933, 65.512546905000079 ], [ -22.222697609999955, 65.519412812000041 ], [ -22.198665002999974, 65.526666990000081 ], [ -22.151376546999927, 65.55465270600007 ], [ -22.14665330899993, 65.567947555000046 ], [ -22.137481702999935, 65.578081945000065 ], [ -22.095131117999927, 65.598937367000076 ], [ -22.098807799999975, 65.601535821000027 ], [ -22.150918425999976, 65.586498911000035 ], [ -22.199155701999928, 65.546441232000063 ], [ -22.230670929999974, 65.532053198000028 ], [ -22.30441531699995, 65.523771529000044 ], [ -22.334023551999962, 65.531302966000055 ], [ -22.330985836999957, 65.537106921000031 ], [ -22.289207544999954, 65.552956773000062 ], [ -22.283484118999979, 65.563588466000056 ], [ -22.285654324999939, 65.569994548000068 ], [ -22.290219586999967, 65.571628163000071 ], [ -22.306207129999962, 65.560763120000047 ], [ -22.34486078499998, 65.546235290000084 ], [ -22.372273410999981, 65.530755398000053 ], [ -22.381652251999981, 65.53334297300006 ], [ -22.393709075999936, 65.548951890000069 ], [ -22.414871360999939, 65.553398704000074 ], [ -22.415880491999928, 65.548549033000029 ], [ -22.403525138999953, 65.529660664000062 ], [ -22.404551405999939, 65.523895366000033 ], [ -22.445769732999963, 65.508469360000049 ], [ -22.464729739999939, 65.506387024000048 ], [ -22.486498194999967, 65.517580050000049 ], [ -22.480907727999977, 65.559989207000058 ], [ -22.500534709999954, 65.588517576000072 ], [ -22.513091006999957, 65.597032007000053 ], [ -22.513071701999934, 65.612647461000051 ], [ -22.541475628999933, 65.640764992000072 ], [ -22.547119713999962, 65.63858248300005 ], [ -22.549692124999979, 65.627794038000047 ], [ -22.542239710999979, 65.611065073000077 ], [ -22.540316846999929, 65.594553465000047 ], [ -22.530859844999952, 65.576035597000043 ], [ -22.534457316999976, 65.555340251000075 ], [ -22.553904391999936, 65.533295649000081 ], [ -22.570307471999968, 65.531232413000055 ], [ -22.583327706999967, 65.539312934000066 ], [ -22.590337055999953, 65.551392702000044 ], [ -22.587171661999946, 65.571955123000066 ], [ -22.589732864999974, 65.584133970000039 ], [ -22.610199597999951, 65.616470621000076 ], [ -22.616712137999968, 65.620123313000079 ], [ -22.621832392999977, 65.611993874000063 ], [ -22.612888917999953, 65.593348424000055 ], [ -22.611089672999981, 65.574442842000053 ], [ -22.624900200999946, 65.549543120000067 ], [ -22.622853328999952, 65.529990076000047 ], [ -22.628202073999944, 65.52476258400003 ], [ -22.640881492999938, 65.521656368000038 ], [ -22.663450305999959, 65.523147493000067 ], [ -22.676129815999957, 65.532924815000058 ], [ -22.69723459599993, 65.558572689000073 ], [ -22.707915559999947, 65.584473156000058 ], [ -22.704078152999955, 65.595155774000034 ], [ -22.668744742999934, 65.622729106000065 ], [ -22.665922282999929, 65.628441262000081 ], [ -22.667100371999936, 65.633068323000032 ], [ -22.674640326999963, 65.633436500000073 ], [ -22.698421338999935, 65.61973432800005 ], [ -22.715822832999947, 65.615809329000058 ], [ -22.742099387999929, 65.626838368000051 ], [ -22.76488169299995, 65.62970604000003 ], [ -22.768215578999957, 65.622374962000038 ], [ -22.765685853999969, 65.613292743000045 ], [ -22.739057456999944, 65.575122949000047 ], [ -22.736938984999938, 65.552158033000069 ], [ -22.725999742999932, 65.525590452000074 ], [ -22.714013724999973, 65.505770279000046 ], [ -22.717549626999983, 65.500926262000064 ], [ -22.728263036999977, 65.503749191000054 ], [ -22.746771483999964, 65.502848806000031 ], [ -22.745684817999972, 65.505615996000074 ], [ -22.749298212999975, 65.507229322000057 ], [ -22.770548187999964, 65.504308472000048 ], [ -22.778958362999958, 65.506155644000046 ], [ -22.765533958999981, 65.511179566000067 ], [ -22.760634858999936, 65.516053029000034 ], [ -22.789058542999953, 65.529881046000071 ], [ -22.805721022999933, 65.53108420600006 ], [ -22.828521563999971, 65.527911957000072 ], [ -22.827754963999951, 65.533736486000066 ], [ -22.831921874999978, 65.536543663000032 ], [ -22.839840575999972, 65.532597993000081 ], [ -22.859568022999952, 65.53091121600005 ], [ -22.85695633399996, 65.534904456000049 ], [ -22.864552463999928, 65.538116104000039 ], [ -22.865010397999981, 65.544510762000073 ], [ -22.851279974999954, 65.549247387000037 ], [ -22.831413377999979, 65.567347540000071 ], [ -22.781044889999976, 65.593670175000057 ], [ -22.776372384999945, 65.599302945000034 ], [ -22.779372932999934, 65.603969433000032 ], [ -22.825626413999942, 65.612288902000046 ], [ -22.83740331599995, 65.623821116000045 ], [ -22.845686374999957, 65.626739932000078 ], [ -22.845291084999928, 65.593043235000039 ], [ -22.884632870999951, 65.571708589000082 ], [ -22.903904505999947, 65.565798394000069 ], [ -22.911457833999975, 65.57077118400008 ], [ -22.917153172999974, 65.588743832000034 ], [ -22.931667, 65.603723999000067 ], [ -22.915061617999982, 65.609938043000056 ], [ -22.880560503999959, 65.616461413000081 ], [ -22.884651857999927, 65.635531882000066 ], [ -22.903393076999976, 65.648300139000071 ], [ -22.903028368999969, 65.655344832000083 ], [ -22.909934116999978, 65.663911237000036 ], [ -22.909665762999964, 65.671039085000075 ], [ -22.904508886999963, 65.674464087000047 ], [ -22.904421198999955, 65.68580649300003 ], [ -22.938461385999972, 65.716071114000044 ], [ -22.931116636999946, 65.736255257000039 ], [ -22.932315611999968, 65.741068701000074 ], [ -22.97164749999996, 65.770095999000034 ], [ -22.967373, 65.768607499000041 ], [ -22.964680499999929, 65.767929499000047 ], [ -22.959421499999962, 65.766943499000035 ], [ -22.955766499999982, 65.766376499000046 ], [ -22.952155499999947, 65.766095499000073 ], [ -22.949075499999935, 65.766088499000034 ], [ -22.938799499999959, 65.766610999000079 ], [ -22.934922499999971, 65.76665299900003 ], [ -22.931472499999927, 65.766511499000046 ], [ -22.928833, 65.766176499000039 ], [ -22.926028, 65.76567299900006 ], [ -22.922487499999932, 65.764469499000029 ], [ -22.92015, 65.763350499000069 ], [ -22.917634, 65.761976999000069 ], [ -22.914905, 65.760349999000027 ], [ -22.910437, 65.75669749900004 ], [ -22.908806499999969, 65.755157999000062 ], [ -22.90614, 65.753471999000055 ], [ -22.90149, 65.750915999000028 ], [ -22.896966499999962, 65.748730999000031 ], [ -22.892878, 65.746879499000045 ], [ -22.886137, 65.744347499000071 ], [ -22.880661499999974, 65.742789999000081 ], [ -22.876220499999931, 65.741838499000039 ], [ -22.868469, 65.740481499000055 ], [ -22.858236499999975, 65.738409999000055 ], [ -22.852435, 65.737463499000057 ], [ -22.846973, 65.736680499000045 ], [ -22.843388, 65.736539999000058 ], [ -22.830461, 65.736546999000041 ], [ -22.827223, 65.736627999000063 ], [ -22.824491, 65.736580999000068 ], [ -22.818136, 65.736135499000056 ], [ -22.807037499999979, 65.734312499000055 ], [ -22.783478, 65.730151999000043 ], [ -22.774359671999946, 65.728619379000065 ], [ -22.761349957999983, 65.726856480000038 ], [ -22.7366, 65.730118999000069 ], [ -22.713255922999963, 65.729938781000044 ], [ -22.656796635999967, 65.72316790900004 ], [ -22.606318046999945, 65.729039712000031 ], [ -22.547828032999973, 65.71956945200003 ], [ -22.526334817999953, 65.720355965000067 ], [ -22.473327088999952, 65.715727059000073 ], [ -22.46997169399998, 65.714533453000058 ], [ -22.471546395999951, 65.71095407200005 ], [ -22.455084105999958, 65.701371250000079 ], [ -22.432582256999979, 65.699672647000057 ], [ -22.37888821699994, 65.679284133000067 ], [ -22.345070710999948, 65.674987590000057 ], [ -22.306314712999949, 65.688574046000042 ], [ -22.216085152999938, 65.710274923000043 ], [ -22.207491858999958, 65.718145460000073 ], [ -22.204368335999959, 65.727200371000038 ], [ -22.196046770999942, 65.728236407000054 ], [ -22.176645936999932, 65.725106930000038 ], [ -22.155647543999976, 65.711524580000059 ], [ -22.150241837999943, 65.705566207000061 ], [ -22.150796100999969, 65.694537497000056 ], [ -22.111961213999962, 65.698889879000035 ], [ -22.079915914999958, 65.684371504000069 ], [ -22.047761980999951, 65.682027017000053 ], [ -22.030102753999927, 65.683647249000046 ], [ -22.014193414999966, 65.674190793000037 ], [ -22.011811499999965, 65.673851499000079 ], [ -22.007976, 65.673785999000074 ], [ -22.005281, 65.673528499000042 ], [ -22.001361499999973, 65.672731499000065 ], [ -21.995966499999952, 65.671286999000074 ], [ -21.99415087999995, 65.671039085000075 ], [ -21.969923084999948, 65.66715698400003 ], [ -21.962751379999929, 65.663388719000068 ], [ -21.962862394999945, 65.659969552000064 ], [ -21.971506461999979, 65.650303316000077 ], [ -21.966233633999934, 65.645089946000041 ], [ -21.900541497999939, 65.640166824000062 ], [ -21.902298211999948, 65.617155513000057 ], [ -21.881787255999939, 65.615497453000046 ], [ -21.864846714999942, 65.610035952000032 ], [ -21.860011836999945, 65.597611144000041 ], [ -21.849790943999949, 65.594904206000081 ], [ -21.844691760999979, 65.586756495000031 ], [ -21.831384176999961, 65.579157113000065 ], [ -21.84686880299995, 65.567449117000081 ], [ -21.839102010999966, 65.549143113000071 ], [ -21.786058442999945, 65.549102220000066 ], [ -21.761173811999981, 65.545789709000076 ], [ -21.732761683999968, 65.534921060000045 ], [ -21.732294685999932, 65.523442372000034 ], [ -21.722874588999957, 65.519629070000065 ], [ -21.696232876999943, 65.525148353000077 ], [ -21.634557986999937, 65.529426937000039 ], [ -21.64009733599994, 65.515790026000047 ], [ -21.621329499999945, 65.506165499000076 ] ] ], [ [ [ -21.950847606999957, 65.450594453000065 ], [ -21.954374653999935, 65.446674646000076 ], [ -21.962771086999965, 65.443609432000073 ], [ -21.957515901999955, 65.448218393000047 ], [ -21.950847606999957, 65.450594453000065 ] ] ], [ [ [ -21.967825033999929, 65.43868817300006 ], [ -21.976216224999973, 65.432911123000054 ], [ -21.981240728999978, 65.432699119000063 ], [ -21.994597849999934, 65.426017642000033 ], [ -21.975305129999981, 65.43780984700004 ], [ -21.967825033999929, 65.43868817300006 ] ] ], [ [ [ -21.978929404999974, 65.42800502800003 ], [ -21.983027167999978, 65.425099261000071 ], [ -21.987833952999949, 65.422696273000042 ], [ -21.997247963999939, 65.419127071000048 ], [ -21.994704842999965, 65.420940775000076 ], [ -21.98222964799993, 65.426995419000036 ], [ -21.978929404999974, 65.42800502800003 ] ] ], [ [ [ -22.05258004999996, 65.41917554500003 ], [ -22.057488130999957, 65.413176364000037 ], [ -22.060848735999969, 65.412759995000044 ], [ -22.058680246999927, 65.417131096000048 ], [ -22.05258004999996, 65.41917554500003 ] ] ], [ [ [ -22.094355098999927, 65.466605518000051 ], [ -22.091733836999936, 65.464678597000045 ], [ -22.095086219999928, 65.461279165000064 ], [ -22.106181622999941, 65.457988728000032 ], [ -22.102619494999942, 65.463446625000074 ], [ -22.094355098999927, 65.466605518000051 ] ] ], [ [ [ -22.106565044999968, 65.428908284000045 ], [ -22.106947819999959, 65.426717009000072 ], [ -22.109009463999939, 65.424854578000065 ], [ -22.116252774999964, 65.422951345000058 ], [ -22.110579262999977, 65.427661489000059 ], [ -22.106565044999968, 65.428908284000045 ] ] ], [ [ [ -22.11100528399993, 65.45653690000006 ], [ -22.113506009999981, 65.450458916000059 ], [ -22.122198675999982, 65.449474861000056 ], [ -22.117492701999936, 65.455281645000071 ], [ -22.11100528399993, 65.45653690000006 ] ] ], [ [ [ -22.11662668799994, 65.428091860000052 ], [ -22.120435506999968, 65.422392109000043 ], [ -22.126849159999949, 65.421207343000049 ], [ -22.122789386999955, 65.426359443000081 ], [ -22.11662668799994, 65.428091860000052 ] ] ], [ [ [ -22.139187146999973, 65.406819086000041 ], [ -22.137786198999947, 65.403797961000066 ], [ -22.143385054999953, 65.401355628000033 ], [ -22.147594543999958, 65.405308226000045 ], [ -22.140050705999954, 65.410494258000028 ], [ -22.139187146999973, 65.406819086000041 ] ] ], [ [ [ -22.154541304999952, 65.452883756000062 ], [ -22.155704717999981, 65.449286040000061 ], [ -22.165414813999973, 65.44487472600008 ], [ -22.159234960999981, 65.450396509000029 ], [ -22.154541304999952, 65.452883756000062 ] ] ], [ [ [ -22.167425325999943, 65.44175616800004 ], [ -22.17031249799993, 65.435921950000079 ], [ -22.174900470999944, 65.434810698000035 ], [ -22.173901589999957, 65.437984864000043 ], [ -22.167425325999943, 65.44175616800004 ] ] ], [ [ [ -22.172734842999944, 65.427674574000037 ], [ -22.167452348999973, 65.427444380000054 ], [ -22.170098828999983, 65.423441156000081 ], [ -22.176394880999965, 65.424251337000044 ], [ -22.172734842999944, 65.427674574000037 ] ] ], [ [ [ -22.216425215999948, 65.370687539000073 ], [ -22.209738552999966, 65.368475515000057 ], [ -22.214311875999954, 65.366687315000036 ], [ -22.22120278999995, 65.36858021200004 ], [ -22.216425215999948, 65.370687539000073 ] ] ], [ [ [ -22.219860886999982, 65.428928719000055 ], [ -22.220852505999972, 65.425856919000069 ], [ -22.228472291999935, 65.425248034000049 ], [ -22.227232805999961, 65.427815327000076 ], [ -22.219860886999982, 65.428928719000055 ] ] ], [ [ [ -22.225791604999927, 65.36556543100005 ], [ -22.221555240999976, 65.361847191000038 ], [ -22.225768063999965, 65.360848421000071 ], [ -22.228016867999941, 65.363809719000074 ], [ -22.233233165999934, 65.364149831000077 ], [ -22.225791604999927, 65.36556543100005 ] ] ], [ [ [ -22.22380336599997, 65.374097205000055 ], [ -22.225607328999956, 65.369366852000041 ], [ -22.230499128999952, 65.369780904000038 ], [ -22.229082233999975, 65.373152797000046 ], [ -22.22380336599997, 65.374097205000055 ] ] ], [ [ [ -22.236829521999937, 65.432073937000041 ], [ -22.235618262999935, 65.431992986000068 ], [ -22.240884223999956, 65.431043349000049 ], [ -22.242620770999963, 65.429273394000063 ], [ -22.251560217999952, 65.429057421000039 ], [ -22.241428318999965, 65.432309028000077 ], [ -22.238331737999943, 65.432811558000083 ], [ -22.236829521999937, 65.432073937000041 ] ] ], [ [ [ -22.24524385199993, 65.360239089000061 ], [ -22.249475797999935, 65.356412670000054 ], [ -22.257128781999938, 65.355121904000043 ], [ -22.25241279599993, 65.358543045000033 ], [ -22.24524385199993, 65.360239089000061 ] ] ], [ [ [ -22.24554801499994, 65.376704351000058 ], [ -22.247351221999963, 65.372336798000049 ], [ -22.253144060999944, 65.371403107000049 ], [ -22.250006982999935, 65.375795134000043 ], [ -22.24554801499994, 65.376704351000058 ] ] ], [ [ [ -22.248512980999976, 65.433499404000031 ], [ -22.254099831999952, 65.429239512000038 ], [ -22.258586590999982, 65.430627417000039 ], [ -22.255883715999971, 65.432736295000041 ], [ -22.248512980999976, 65.433499404000031 ] ] ], [ [ [ -22.257781849999958, 65.37228026300005 ], [ -22.258067102999973, 65.369879124000079 ], [ -22.26311568899996, 65.367092293000042 ], [ -22.268550375999951, 65.367247174000056 ], [ -22.257781849999958, 65.37228026300005 ] ] ], [ [ [ -22.264203794999958, 65.429620146000047 ], [ -22.272453548999977, 65.425697031000084 ], [ -22.277344416999938, 65.426942955000072 ], [ -22.270500313999946, 65.429165490000059 ], [ -22.264203794999958, 65.429620146000047 ] ] ], [ [ [ -22.294620005999946, 65.450528289000033 ], [ -22.282999729999972, 65.446223716000077 ], [ -22.296706901999983, 65.44658879800005 ], [ -22.313376752999943, 65.453572946000065 ], [ -22.294620005999946, 65.450528289000033 ] ] ], [ [ [ -22.285156718999929, 65.438329242000066 ], [ -22.287784067999951, 65.43459342500006 ], [ -22.297935951999932, 65.439862914000059 ], [ -22.290204528999936, 65.444360582000058 ], [ -22.285156718999929, 65.438329242000066 ] ] ], [ [ [ -22.333730682999942, 65.465556090000064 ], [ -22.333130265999955, 65.463423747000036 ], [ -22.334867824999947, 65.462415843000031 ], [ -22.345764329999952, 65.464016853000032 ], [ -22.333730682999942, 65.465556090000064 ] ] ], [ [ [ -22.464447113999938, 65.380873042000076 ], [ -22.470895019999944, 65.37745105700003 ], [ -22.476910687999975, 65.377453573000082 ], [ -22.474332323999931, 65.379745324000055 ], [ -22.464447113999938, 65.380873042000076 ] ] ], [ [ [ -22.469015807999938, 65.31272350100005 ], [ -22.466376896999975, 65.310905546000072 ], [ -22.471743248999928, 65.308949737000034 ], [ -22.479398402999948, 65.309545653000043 ], [ -22.469015807999938, 65.31272350100005 ] ] ], [ [ [ -22.484294709999972, 65.381229862000055 ], [ -22.486881699999969, 65.37684813900006 ], [ -22.493089441999928, 65.375520332000065 ], [ -22.488694743999929, 65.380258919000028 ], [ -22.484294709999972, 65.381229862000055 ] ] ], [ [ [ -22.573073851999936, 65.316677064000032 ], [ -22.576396074999934, 65.314317989000074 ], [ -22.583630546999927, 65.31598156900003 ], [ -22.574046348999957, 65.321830596000041 ], [ -22.569251977999954, 65.319215349000046 ], [ -22.573073851999936, 65.316677064000032 ] ] ], [ [ [ -22.599898585999938, 65.363480335000077 ], [ -22.626508291999983, 65.352648868000074 ], [ -22.62425008799994, 65.354249286000083 ], [ -22.610219792999942, 65.36048035400006 ], [ -22.599898585999938, 65.363480335000077 ] ] ], [ [ [ -22.605900172999952, 65.414955030000044 ], [ -22.608613457999979, 65.411131987000033 ], [ -22.617026983999949, 65.409838043000036 ], [ -22.612226570999951, 65.413096635000045 ], [ -22.605900172999952, 65.414955030000044 ] ] ], [ [ [ -22.606279499999971, 65.462945926000032 ], [ -22.614200810999932, 65.457201179000037 ], [ -22.623835201999952, 65.453826652000032 ], [ -22.626774410999928, 65.451149064000049 ], [ -22.630188813999951, 65.450928305000048 ], [ -22.628950342999929, 65.452500568000062 ], [ -22.615290838999954, 65.457623928000032 ], [ -22.606279499999971, 65.462945926000032 ] ] ], [ [ [ -22.617185529999972, 65.399763906000032 ], [ -22.610635745999957, 65.399952387000042 ], [ -22.650977953999927, 65.39578737000005 ], [ -22.636752871999931, 65.402152840000042 ], [ -22.633308917999955, 65.398128649000057 ], [ -22.617185529999972, 65.399763906000032 ] ] ], [ [ [ -22.622859207999966, 65.448690213000077 ], [ -22.631396894999966, 65.442799562000062 ], [ -22.659528303999934, 65.436983633000068 ], [ -22.643133261999935, 65.444610880000027 ], [ -22.622859207999966, 65.448690213000077 ] ] ], [ [ [ -22.647388661999969, 65.453686637000033 ], [ -22.667750916999978, 65.444336953000061 ], [ -22.660085815999935, 65.449363893000054 ], [ -22.649913808999941, 65.453587354000035 ], [ -22.647388661999969, 65.453686637000033 ] ] ], [ [ [ -22.672580649999929, 65.43105614600006 ], [ -22.672350070999983, 65.429012927000031 ], [ -22.67397673499994, 65.427806171000043 ], [ -22.686526574999959, 65.425435515000061 ], [ -22.672580649999929, 65.43105614600006 ] ] ], [ [ [ -22.690262470999983, 65.433088111000075 ], [ -22.696710603999975, 65.428367949000062 ], [ -22.704879947999927, 65.426063384000031 ], [ -22.701257097999928, 65.428943331000028 ], [ -22.690262470999983, 65.433088111000075 ] ] ], [ [ [ -22.726623681999968, 65.426390613000081 ], [ -22.736504538999952, 65.418759762000036 ], [ -22.748206541999934, 65.416706810000051 ], [ -22.734746573999928, 65.424682311000083 ], [ -22.726623681999968, 65.426390613000081 ] ] ], [ [ [ -22.741076088999932, 65.389537236000081 ], [ -22.748142771999937, 65.384722432000046 ], [ -22.760374340999931, 65.379471652000063 ], [ -22.758564394999951, 65.382500044000039 ], [ -22.75042130199995, 65.384538063000036 ], [ -22.741076088999932, 65.389537236000081 ] ] ], [ [ [ -22.760362438999948, 65.40145186500007 ], [ -22.765083213999958, 65.395160277000059 ], [ -22.769887128999983, 65.395086339000045 ], [ -22.759114100999966, 65.405168814000035 ], [ -22.744843147999973, 65.406860490000042 ], [ -22.760362438999948, 65.40145186500007 ] ] ], [ [ [ -22.750015064999957, 65.41214253000004 ], [ -22.751521338999964, 65.407838022000078 ], [ -22.757411590999936, 65.407437720000075 ], [ -22.754407730999958, 65.411457098000028 ], [ -22.750015064999957, 65.41214253000004 ] ] ], [ [ [ -22.775422808999963, 65.425102207000066 ], [ -22.776854679999929, 65.424255999000081 ], [ -22.772748570999966, 65.428922571000044 ], [ -22.759988015999966, 65.430078332000051 ], [ -22.775422808999963, 65.425102207000066 ] ] ], [ [ [ -22.786740260999977, 65.386780473000044 ], [ -22.787404871999968, 65.382337518000043 ], [ -22.794787448999955, 65.379141080000068 ], [ -22.793726747999983, 65.384229879000031 ], [ -22.786740260999977, 65.386780473000044 ] ] ], [ [ [ -22.794795728999929, 65.389941372000067 ], [ -22.79491984699996, 65.385545763000039 ], [ -22.800755373999948, 65.382259354000041 ], [ -22.798246407999954, 65.388028094000049 ], [ -22.794795728999929, 65.389941372000067 ] ] ], [ [ [ -22.801274848999981, 65.380381051000029 ], [ -22.806107677999933, 65.375141662000033 ], [ -22.825261692999959, 65.367741025000043 ], [ -22.818759272999955, 65.376057898000056 ], [ -22.801274848999981, 65.380381051000029 ] ] ], [ [ [ -22.805923467999946, 65.498440713000036 ], [ -22.804648037999982, 65.497280151000041 ], [ -22.808995111999934, 65.495646175000047 ], [ -22.821279041999958, 65.495285306000028 ], [ -22.805923467999946, 65.498440713000036 ] ] ], [ [ [ -22.835361863999935, 65.275764949000063 ], [ -22.83681532099996, 65.27432342600008 ], [ -22.862726401999964, 65.268317900000056 ], [ -22.856625467999947, 65.271058648000064 ], [ -22.835361863999935, 65.275764949000063 ] ] ], [ [ [ -22.844159388999969, 65.233578259000069 ], [ -22.84190663399994, 65.232615218000035 ], [ -22.848367479999979, 65.230356327000038 ], [ -22.853477518999966, 65.231069584000068 ], [ -22.848838055999977, 65.233345898000039 ], [ -22.844159388999969, 65.233578259000069 ] ] ], [ [ [ -22.842773675999979, 65.528731352000079 ], [ -22.842991206999955, 65.525128696000081 ], [ -22.844719591999933, 65.524119072000076 ], [ -22.858945020999954, 65.525514220000048 ], [ -22.842773675999979, 65.528731352000079 ] ] ], [ [ [ -22.887294732999976, 65.536922597000057 ], [ -22.88381054599995, 65.53540878900003 ], [ -22.887417261999929, 65.533494636000057 ], [ -22.895636751999973, 65.533847870000045 ], [ -22.887294732999976, 65.536922597000057 ] ] ], [ [ [ -22.901732780999964, 65.378198495000049 ], [ -22.891699623999955, 65.376415242000064 ], [ -22.933449869999947, 65.371418477000077 ], [ -22.915745689999937, 65.377124862000073 ], [ -22.901732780999964, 65.378198495000049 ] ] ], [ [ [ -22.894666901999983, 65.524638596000045 ], [ -22.896864144999938, 65.522281387000078 ], [ -22.909080864999964, 65.520542470000066 ], [ -22.902164795999965, 65.523574327000063 ], [ -22.894666901999983, 65.524638596000045 ] ] ], [ [ [ -22.896148115999949, 65.534974570000031 ], [ -22.895753929999955, 65.532957233000047 ], [ -22.898787608999953, 65.531859823000048 ], [ -22.910027225999954, 65.531400421000058 ], [ -22.896148115999949, 65.534974570000031 ] ] ], [ [ [ -22.901143952999973, 65.373452392000047 ], [ -22.896755249999956, 65.372267150000027 ], [ -22.900812597999959, 65.371321866000073 ], [ -22.904420136999931, 65.37173963500004 ], [ -22.912652323999964, 65.369974002000049 ], [ -22.913914054999964, 65.370325217000072 ], [ -22.912497603999952, 65.37122787800007 ], [ -22.901143952999973, 65.373452392000047 ] ] ], [ [ [ -22.936841788999971, 65.402225147000081 ], [ -22.938197419999938, 65.40100510700006 ], [ -22.941579704999981, 65.39958150700005 ], [ -22.957080657999938, 65.394922754000049 ], [ -22.962776742999949, 65.394204910000042 ], [ -22.936841788999971, 65.402225147000081 ] ] ], [ [ [ -23.024520503999952, 65.436106607000056 ], [ -23.002623713999981, 65.434707202000084 ], [ -23.020902928999931, 65.431969352000067 ], [ -23.025851845999966, 65.43345036900007 ], [ -23.024520503999952, 65.436106607000056 ] ] ], [ [ [ -23.041487298999982, 65.411067701000036 ], [ -23.036230818999968, 65.409377161000066 ], [ -23.043800749999946, 65.407701859000042 ], [ -23.04810704199997, 65.409539271000028 ], [ -23.041487298999982, 65.411067701000036 ] ] ], [ [ [ -23.055808504999959, 65.467039445000069 ], [ -23.049934307999933, 65.466320016000054 ], [ -23.058386354999982, 65.464061925000067 ], [ -23.063915702999964, 65.465822948000039 ], [ -23.055808504999959, 65.467039445000069 ] ] ] ] } },
{ "type": "Feature", "properties": { "GISCO_ID": "IS_4604", "CNTR_CODE": "IS", "LAU_ID": "4604", "LAU_NAME": "Tálknafjarðarhreppur", "cell_coverage": [ [ 0.426, 0.557, 0.2318, 0.0391, 0.1024, 0, 0, 0, 0, 0, 0 ], [ 0.1819, 0.6646, 0.9069, 0.9864, 0.9931, 0.6851, 0.531, 0.2411, 0.0192, 0, 0 ], [ 0.1879, 0.3534, 0.4453, 0.4647, 0.4652, 0.8589, 0.9979, 1, 0.7316, 0.1559, 0 ], [ 0, 0, 0.0543, 0.2893, 0.5663, 0.7779, 0.6991, 0.9324, 1, 0.8399, 0.1073 ], [ 0, 0, 0, 0, 0, 0.0556, 0.3257, 0.434, 0.4754, 0.5208, 0.3591 ] ], "xmin": -24.083333333333332, "xmax": -23.625, "ymin": 65.541666666666657, "ymax": 65.75 }, "geometry": { "type": "MultiPolygon", "coordinates": [ [ [ [ -24.080553, 65.64907099900006 ], [ -24.065168514999982, 65.65029159900007 ], [ -23.935077623999973, 65.64100604500004 ], [ -23.926425757999937, 65.635731691000046 ], [ -23.896163568999953, 65.626217162000046 ], [ -23.860804736999967, 65.618274444000065 ], [ -23.823465804999955, 65.613897806000068 ], [ -23.79767172499993, 65.599361723000072 ], [ -23.78211687199996, 65.59510206200008 ], [ -23.776895508999928, 65.596392777000062 ], [ -23.779274080999983, 65.601324714000043 ], [ -23.816031591999945, 65.623904845000084 ], [ -23.843835084999967, 65.627160286000048 ], [ -23.850534082999957, 65.622676957000067 ], [ -23.860373239999944, 65.634690825000064 ], [ -23.912651186999938, 65.656663388000084 ], [ -23.937983361999954, 65.660860740000032 ], [ -23.95943035199997, 65.668321617000061 ], [ -23.985430767999958, 65.671039085000075 ], [ -24.007243285999948, 65.674715863000074 ], [ -24.057139651999933, 65.695886604000066 ], [ -24.082817, 65.723360999000079 ], [ -24.041939253999942, 65.734304353000027 ], [ -24.00474434399996, 65.72959105700005 ], [ -23.962153410999974, 65.710203873000069 ], [ -23.949916658999939, 65.707537874000082 ], [ -23.933939433999967, 65.706861063000076 ], [ -23.920589706999976, 65.715150970000082 ], [ -23.908414878999963, 65.717145960000039 ], [ -23.868924713999945, 65.703294637000056 ], [ -23.84394802099996, 65.68834296600005 ], [ -23.798830060999933, 65.690077608000081 ], [ -23.789816049999956, 65.679287448000082 ], [ -23.773914384999955, 65.678337657000043 ], [ -23.747519589999968, 65.671039085000075 ], [ -23.74163323199997, 65.669051846000059 ], [ -23.733563940999943, 65.655421193000052 ], [ -23.699469007999937, 65.639913503000059 ], [ -23.688370701999929, 65.631359721000081 ], [ -23.687215501999958, 65.622411088000035 ], [ -23.682397787999946, 65.615661401000068 ], [ -23.661335165999958, 65.598332325000058 ], [ -23.644299592999971, 65.578074224000034 ], [ -23.638982916999964, 65.567312799000035 ], [ -23.63574908399994, 65.557450232000065 ], [ -23.637393723999935, 65.556567413000039 ], [ -23.644299592999971, 65.558466470000042 ], [ -23.718196975999945, 65.563880730000051 ], [ -23.750464198999964, 65.563163278000047 ], [ -23.825460096999961, 65.570845185000053 ], [ -23.904018694999934, 65.604599715000063 ], [ -24.010573826999973, 65.63116554100003 ], [ -24.051483503999975, 65.636699062000048 ], [ -24.080553, 65.64907099900006 ] ] ] ] } },
{ "type": "Feature", "properties": { "GISCO_ID": "IS_4607", "CNTR_CODE": "IS", "LAU_ID": "4607", "LAU_NAME": "Vesturbyggð", "cell_coverage": [ [ 0, 0, 0, 0, 0, 0, 0, 0, 0, 0, 0.118, 0.2666, 0.1072, 0.0006, 0, 0, 0, 0, 0, 0, 0, 0, 0, 0, 0, 0, 0, 0, 0, 0, 0, 0, 0, 0, 0, 0, 0, 0, 0, 0 ], [ 0, 0, 0, 0, 0, 0, 0, 0, 0, 0, 0.675, 1, 1, 0.9104, 0.5747, 0.3017, 0.1083, 0, 0, 0, 0, 0, 0, 0, 0, 0, 0, 0, 0, 0, 0, 0, 0, 0, 0, 0, 0, 0.1538, 0.0412, 0 ], [ 0, 0, 0, 0, 0, 0, 0, 0, 0, 0, 0.1704, 0.5087, 0.443, 0.7682, 0.9609, 0.8976, 0.9912, 0.7635, 0.5613, 0.3263, 0.1484, 0.009, 0, 0, 0.0576, 0, 0, 0, 0, 0, 0, 0, 0.0018, 0, 0, 0, 0.1829, 0.904, 0.5582, 0 ], [ 0, 0, 0, 0, 0, 0, 0, 0, 0, 0, 0, 0, 0, 0, 0.0123, 0.0069, 0.3149, 0.469, 0.7589, 0.9808, 1, 0.9335, 0.525, 0.0853, 0.0476, 0.1761, 0.3055, 0.7409, 0.5212, 0.381, 0.6318, 0.8611, 0.9473, 0.7863, 0.7572, 0.8535, 0.9758, 1, 0.9561, 0.1544 ], [ 0, 0, 0, 0, 0, 0.2254, 0.1506, 0.0065, 0, 0, 0, 0.187, 0.1776, 0.0144, 0, 0, 0, 0, 0, 0.2684, 0.8441, 1, 1, 0.6843, 0.0221, 0.1674, 0.127, 0.3416, 0.8874, 0.993, 1, 1, 1, 1, 1, 1, 1, 1, 1, 0.4832 ], [ 0, 0, 0, 0, 0.4851, 0.9764, 1, 0.9446, 0.7514, 0.4605, 0.0326, 0.0186, 0.442, 0.7724, 0.7107, 0.4177, 0.0519, 0, 0, 0, 0.1601, 0.8927, 1, 0.8189, 0.8076, 1, 0.9998, 0.996, 1, 1, 1, 1, 1, 0.9932, 1, 1, 1, 0.9955, 0.4721, 0.2442 ], [ 0, 0, 0.0116, 0.1499, 0.8535, 1, 1, 1, 1, 1, 0.9841, 0.7704, 0.5145, 0.431, 0.451, 0.773, 0.9444, 0.6743, 0.566, 0.5246, 0.4792, 0.6409, 1, 1, 1, 1, 1, 1, 1, 1, 1, 1, 0.6474, 0.3406, 0.8444, 0.9659, 0.9939, 0.5943, 0, 0 ], [ 0.1391, 0.5411, 0.9794, 1, 1, 1, 0.9848, 0.9271, 0.9866, 1, 1, 1, 1, 1, 0.9682, 0.6179, 0.5156, 0.7857, 1, 1, 1, 1, 1, 1, 1, 1, 0.9987, 0.7548, 0.9969, 1, 1, 1, 0.4392, 0.0143, 0, 0.0653, 0.0362, 0, 0, 0 ], [ 0.0392, 0.2318, 0.1789, 0.0972, 0.075, 0.0553, 0.0205, 0, 0.0089, 0.1622, 0.371, 0.6234, 0.7698, 0.6503, 0.9548, 1, 1, 1, 1, 1, 1, 0.9193, 0.7615, 0.6684, 0.5424, 0.4272, 0.2017, 0.0482, 0.1239, 0.2451, 0.3258, 0.3093, 0.0209, 0.0116, 0, 0, 0, 0, 0, 0 ], [ 0, 0, 0, 0, 0, 0, 0, 0, 0, 0, 0, 0, 0, 0.1271, 0.9533, 1, 1, 1, 1, 0.9558, 0.5145, 0.0605, 0, 0, 0, 0, 0, 0, 0, 0, 0, 0, 0, 0, 0, 0, 0, 0, 0, 0 ], [ 0, 0, 0, 0, 0, 0, 0, 0, 0, 0, 0, 0, 0, 0, 0.0625, 0.1641, 0.1698, 0.1105, 0.0512, 0.0039, 0, 0, 0, 0, 0, 0, 0, 0, 0, 0, 0, 0, 0, 0, 0, 0, 0, 0, 0, 0 ] ], "xmin": -24.541666666666668, "xmax": -22.875, "ymin": 65.375, "ymax": 65.833333333333314 }, "geometry": { "type": "MultiPolygon", "coordinates": [ [ [ [ -22.931667, 65.603723999000067 ], [ -22.938896445999944, 65.611055749000059 ], [ -22.948077006999938, 65.606894976000035 ], [ -22.958014822999928, 65.591332672000078 ], [ -22.965068722999945, 65.56921095000007 ], [ -22.984770346999937, 65.551048785000035 ], [ -23.003885142999934, 65.542631257000039 ], [ -23.053130533999934, 65.53601909200006 ], [ -23.079504633999932, 65.547315323000078 ], [ -23.138361971999927, 65.549302625000053 ], [ -23.142885566999951, 65.57006726000003 ], [ -23.136657284999956, 65.582660258000033 ], [ -23.140857389999951, 65.585189986000046 ], [ -23.149536682999951, 65.583515826000053 ], [ -23.170416556999953, 65.57317286600005 ], [ -23.195557615999974, 65.549490806000051 ], [ -23.193210495999949, 65.531037300000037 ], [ -23.184042867999949, 65.516710912000065 ], [ -23.187582878999933, 65.507121095000059 ], [ -23.209744174999969, 65.492001287000051 ], [ -23.226092589999951, 65.486321679000071 ], [ -23.248135469999966, 65.484591859000034 ], [ -23.354364633999978, 65.493168393000076 ], [ -23.38283641299995, 65.505573329000072 ], [ -23.394683719999932, 65.51621156200008 ], [ -23.403899163999938, 65.517728630000079 ], [ -23.418722050999975, 65.507320714000059 ], [ -23.391916526999978, 65.497550518000082 ], [ -23.43405391999994, 65.493258167000079 ], [ -23.470264230999931, 65.482852047000051 ], [ -23.558979499999964, 65.473287842000047 ], [ -23.581787114999941, 65.468380184000068 ], [ -23.617694712999935, 65.468351461000054 ], [ -23.637217971999974, 65.465543766000053 ], [ -23.655328932999964, 65.45415735000006 ], [ -23.678847282999982, 65.445509885000035 ], [ -23.695009831999982, 65.428984188000072 ], [ -23.727423751999936, 65.417107150000049 ], [ -23.878071353999928, 65.408176259000072 ], [ -23.944835351999927, 65.414329225000074 ], [ -23.960863224999969, 65.42160666400008 ], [ -23.962005198999975, 65.438586760000078 ], [ -23.984740195999962, 65.452752111000052 ], [ -23.954814021999937, 65.448760030000074 ], [ -23.94985610599997, 65.454561837000028 ], [ -23.951100938999957, 65.466432135000048 ], [ -23.954367832999935, 65.469171386000028 ], [ -24.001553444999956, 65.476272722000033 ], [ -24.019575713999927, 65.470401631000072 ], [ -24.00633073399996, 65.460549947000061 ], [ -24.01019819399994, 65.460145831000034 ], [ -24.09757794899997, 65.48333507600006 ], [ -24.177348890999951, 65.499710122000067 ], [ -24.244858609999937, 65.504152926000074 ], [ -24.274796295999977, 65.498435971000049 ], [ -24.406516499999952, 65.495846330000063 ], [ -24.469616740999982, 65.489126476000081 ], [ -24.498199425999928, 65.491807311000059 ], [ -24.525685691999968, 65.503034953000054 ], [ -24.519911651999962, 65.50778364100006 ], [ -24.471714290999955, 65.523980256000073 ], [ -24.45230928899997, 65.540164304000029 ], [ -24.40353357999993, 65.544934486000045 ], [ -24.370624705999944, 65.555642474000081 ], [ -24.363313955999956, 65.56745125100008 ], [ -24.36690380899995, 65.58289261300007 ], [ -24.364693469999963, 65.598620398000037 ], [ -24.353972470999963, 65.607926400000053 ], [ -24.325582929999939, 65.621853675000068 ], [ -24.320173964999981, 65.63679729200004 ], [ -24.314423311999974, 65.639978031000055 ], [ -24.161855549999927, 65.609523960000047 ], [ -24.132623746999968, 65.597252523000066 ], [ -24.115788514999963, 65.585003445000041 ], [ -24.082664033999947, 65.580508956000074 ], [ -24.03271123199994, 65.56381037500006 ], [ -23.94563399599997, 65.556845947000056 ], [ -23.936578151999981, 65.543562343000076 ], [ -23.88585250999995, 65.520795511000074 ], [ -23.845527876999938, 65.515824470000041 ], [ -23.792031861999931, 65.53332206400006 ], [ -23.798006590999933, 65.537378195000031 ], [ -23.829487115999939, 65.534140102000038 ], [ -23.874994116999972, 65.541031802000077 ], [ -23.979895762999945, 65.591784318000066 ], [ -24.013230355999951, 65.601203566000038 ], [ -24.064729115999967, 65.632896391000031 ], [ -24.080553, 65.64907099900006 ], [ -24.051483503999975, 65.636699062000048 ], [ -24.010573826999973, 65.63116554100003 ], [ -23.904018694999934, 65.604599715000063 ], [ -23.825460096999961, 65.570845185000053 ], [ -23.750464198999964, 65.563163278000047 ], [ -23.718196975999945, 65.563880730000051 ], [ -23.644299592999971, 65.558466470000042 ], [ -23.637393723999935, 65.556567413000039 ], [ -23.63574908399994, 65.557450232000065 ], [ -23.638982916999964, 65.567312799000035 ], [ -23.644299592999971, 65.578074224000034 ], [ -23.661335165999958, 65.598332325000058 ], [ -23.682397787999946, 65.615661401000068 ], [ -23.687215501999958, 65.622411088000035 ], [ -23.688370701999929, 65.631359721000081 ], [ -23.699469007999937, 65.639913503000059 ], [ -23.733563940999943, 65.655421193000052 ], [ -23.74163323199997, 65.669051846000059 ], [ -23.747519589999968, 65.671039085000075 ], [ -23.773914384999955, 65.678337657000043 ], [ -23.789816049999956, 65.679287448000082 ], [ -23.798830060999933, 65.690077608000081 ], [ -23.84394802099996, 65.68834296600005 ], [ -23.868924713999945, 65.703294637000056 ], [ -23.908414878999963, 65.717145960000039 ], [ -23.920589706999976, 65.715150970000082 ], [ -23.933939433999967, 65.706861063000076 ], [ -23.949916658999939, 65.707537874000082 ], [ -23.962153410999974, 65.710203873000069 ], [ -24.00474434399996, 65.72959105700005 ], [ -24.041939253999942, 65.734304353000027 ], [ -24.082817, 65.723360999000079 ], [ -24.103722712999968, 65.747192251000058 ], [ -24.115305114999956, 65.774708673000077 ], [ -24.112962903999971, 65.787865854000074 ], [ -24.09977323499993, 65.800652673000059 ], [ -24.066118073999974, 65.80451215800008 ], [ -23.972501266999927, 65.78719205200008 ], [ -23.914851383999974, 65.765377414000056 ], [ -23.860989228999983, 65.757401048000077 ], [ -23.81531827799995, 65.739475867000067 ], [ -23.785056743999974, 65.73560976300007 ], [ -23.742838632999963, 65.724286645000063 ], [ -23.661455960999945, 65.709920738000051 ], [ -23.610418084999935, 65.696990385000049 ], [ -23.602575902999945, 65.689199663000068 ], [ -23.600607624999952, 65.679105304000075 ], [ -23.573787960999937, 65.676549857000055 ], [ -23.550924054999939, 65.653969068000038 ], [ -23.548898004999955, 65.64272647100006 ], [ -23.560000811999942, 65.629835447000062 ], [ -23.562377005999963, 65.619648319000078 ], [ -23.558251733999953, 65.610800352000069 ], [ -23.54426923699998, 65.606312212000034 ], [ -23.528487087999963, 65.611234352000054 ], [ -23.501847177999935, 65.631353432000083 ], [ -23.474878089999947, 65.629003974000057 ], [ -23.464180692999946, 65.638049008000053 ], [ -23.419050818999949, 65.62488083900007 ], [ -23.389235848999931, 65.62463447600004 ], [ -23.38438111499994, 65.62751389500005 ], [ -23.383865411999977, 65.630984190000049 ], [ -23.402067594999949, 65.645785881000052 ], [ -23.40201305599993, 65.653126971000063 ], [ -23.341640162999965, 65.66439189700003 ], [ -23.308268071999976, 65.667485124000052 ], [ -23.284195036999961, 65.67680034600005 ], [ -23.287460748999933, 65.678678262000062 ], [ -23.320942930999934, 65.677322768000067 ], [ -23.381792253999947, 65.672116602000074 ], [ -23.442509308999945, 65.67859856900003 ], [ -23.48639359799995, 65.69050175700005 ], [ -23.513308033999976, 65.70489486300005 ], [ -23.532288, 65.720416999000065 ], [ -23.518331978999981, 65.716662600000063 ], [ -23.502221106999968, 65.704723921000038 ], [ -23.455779560999929, 65.688088027000049 ], [ -23.439149071999964, 65.687975806000054 ], [ -23.401412714999935, 65.708220748000031 ], [ -23.334351997999931, 65.691147176000072 ], [ -23.263925128999972, 65.693134515000054 ], [ -23.204855574999954, 65.709126024000057 ], [ -23.122839188999933, 65.695653761000074 ], [ -23.07786583099994, 65.701786571000071 ], [ -23.040188997999962, 65.702962942000056 ], [ -23.02656765699993, 65.708727674000045 ], [ -23.00219709199996, 65.729764313000032 ], [ -22.998963114999981, 65.735434430000055 ], [ -22.981382445999941, 65.747653387000071 ], [ -22.976182852999955, 65.754820694000045 ], [ -22.97164749999996, 65.770095999000034 ], [ -22.932315611999968, 65.741068701000074 ], [ -22.931116636999946, 65.736255257000039 ], [ -22.938461385999972, 65.716071114000044 ], [ -22.904421198999955, 65.68580649300003 ], [ -22.904508886999963, 65.674464087000047 ], [ -22.909665762999964, 65.671039085000075 ], [ -22.909934116999978, 65.663911237000036 ], [ -22.903028368999969, 65.655344832000083 ], [ -22.903393076999976, 65.648300139000071 ], [ -22.884651857999927, 65.635531882000066 ], [ -22.880560503999959, 65.616461413000081 ], [ -22.915061617999982, 65.609938043000056 ], [ -22.931667, 65.603723999000067 ] ] ], [ [ [ -23.065355083999975, 65.534647062000033 ], [ -23.068153711999969, 65.532326570000066 ], [ -23.081416929999932, 65.530229879000046 ], [ -23.069666659999939, 65.534422564000067 ], [ -23.065355083999975, 65.534647062000033 ] ] ], [ [ [ -23.135333853999953, 65.525022245000059 ], [ -23.125974114999963, 65.523159882000073 ], [ -23.140044668999963, 65.52165145500004 ], [ -23.139016506999951, 65.524396736000028 ], [ -23.135333853999953, 65.525022245000059 ] ] ], [ [ [ -23.145713100999956, 65.467556721000051 ], [ -23.135727598999949, 65.466598197000053 ], [ -23.151175376999959, 65.464755292000063 ], [ -23.150368889999982, 65.46647590200007 ], [ -23.145713100999956, 65.467556721000051 ] ] ], [ [ [ -23.63236339499997, 65.449802729000055 ], [ -23.637019662999933, 65.446688290000054 ], [ -23.644467684999938, 65.44675260300005 ], [ -23.638933804999965, 65.449539357000049 ], [ -23.63236339499997, 65.449802729000055 ] ] ] ] } },
{ "type": "Feature", "properties": { "GISCO_ID": "IS_4803", "CNTR_CODE": "IS", "LAU_ID": "4803", "LAU_NAME": "Súðavíkurhreppur", "cell_coverage": [ [ 0, 0, 0, 0, 0.3163, 0.2773, 0.0116, 0, 0, 0.0469, 0.1327, 0.0968, 0.0918, 0, 0, 0, 0, 0, 0 ], [ 0, 0.0095, 0.5628, 0.7546, 0.8097, 0.3722, 0.6837, 0.3055, 0.245, 0.0008, 0.7468, 0.9991, 0.908, 0.3508, 0.0527, 0, 0, 0, 0 ], [ 0.1988, 0.8781, 1, 0.6941, 0.6606, 0.9962, 0.6976, 0.68, 0.6253, 0.3356, 0.7739, 1, 1, 1, 0.7344, 0.0597, 0.2552, 0.0102, 0.0442 ], [ 0.2982, 0.9637, 1, 1, 1, 0.8904, 0.7084, 0.8196, 0.9446, 0.2771, 0.9463, 1, 1, 1, 0.964, 0.1837, 0.899, 0.7294, 0.2272 ], [ 0, 0.1983, 0.9371, 1, 1, 0.9446, 1, 1, 0.7407, 0.932, 1, 1, 1, 1, 0.5676, 0.8169, 1, 1, 0.5424 ], [ 0, 0, 0.0656, 0.4389, 0.964, 1, 1, 1, 1, 1, 1, 1, 1, 0.695, 0.6889, 1, 1, 0.8914, 0.1491 ], [ 0, 0, 0, 0, 0.2258, 0.9577, 1, 1, 1, 1, 1, 1, 1, 0.8954, 1, 0.9666, 0.584, 0.0985, 0 ], [ 0, 0, 0, 0, 0, 0.2482, 0.6214, 0.9485, 1, 1, 1, 1, 1, 0.613, 0.3391, 0.0455, 0, 0, 0 ], [ 0, 0, 0, 0, 0, 0, 0, 0.0689, 0.2824, 0.3637, 0.5117, 0.35, 0.1729, 0.0086, 0, 0, 0, 0, 0 ] ], "xmin": -23.208333333333332, "xmax": -22.416666666666664, "ymin": 65.708333333333314, "ymax": 66.083333333333314 }, "geometry": { "type": "MultiPolygon", "coordinates": [ [ [ [ -22.992559, 66.080648999000061 ], [ -22.98697034099996, 66.068273807000082 ], [ -22.985255989999928, 66.045013495000035 ], [ -22.98973125599997, 66.020447951000051 ], [ -23.033512182999971, 66.002127450000046 ], [ -23.062050149999948, 65.979385885000056 ], [ -23.080170520999957, 65.96898920700005 ], [ -23.081427427999927, 65.965025506000075 ], [ -23.071890027999927, 65.963955504000069 ], [ -23.04736459999998, 65.971492202000036 ], [ -23.038468441999953, 65.970286126000076 ], [ -23.031123720999972, 65.977032468000061 ], [ -23.028874704999964, 65.983840737000037 ], [ -22.969447332999948, 66.01195479900008 ], [ -22.943870962999938, 66.045626538000079 ], [ -22.937663758999975, 66.04224481500006 ], [ -22.920885711999972, 66.016945115000055 ], [ -22.922565643999974, 66.008718491000081 ], [ -22.93663906699993, 66.000207103000037 ], [ -22.941317928999979, 65.99028684700005 ], [ -22.938072114999954, 65.981624211000053 ], [ -22.922823828999981, 65.969436249000069 ], [ -22.915903370999956, 65.969052342000055 ], [ -22.912658019999981, 65.97205628200004 ], [ -22.92158029899997, 65.983846695000068 ], [ -22.922401177999973, 65.990283795000039 ], [ -22.90551882699998, 66.000960487000043 ], [ -22.882071459999963, 66.021750567000083 ], [ -22.883856591999972, 66.03545355600005 ], [ -22.865838907999944, 66.03567154600006 ], [ -22.86010364699996, 66.018109466000055 ], [ -22.866388041999983, 65.999646554000037 ], [ -22.885407980999958, 65.981552697000041 ], [ -22.895689474999983, 65.966964927000049 ], [ -22.912930599999981, 65.955140572000062 ], [ -22.943061401999955, 65.943515306000052 ], [ -22.956919561999939, 65.932217872000081 ], [ -22.975147014999948, 65.923255148000067 ], [ -22.984804624999981, 65.91290512300003 ], [ -22.982966268999974, 65.908589344000063 ], [ -22.974085761999959, 65.910705490000055 ], [ -22.927387885999963, 65.938751497000055 ], [ -22.896220564999965, 65.949338715000067 ], [ -22.87484883299993, 65.96010375000003 ], [ -22.867750463999982, 65.96640203700008 ], [ -22.854631453999957, 65.987753160000068 ], [ -22.833183412999972, 66.001023731000032 ], [ -22.817520533999982, 65.994185597000069 ], [ -22.814415426999972, 65.98846672500008 ], [ -22.820390972999974, 65.971721019000029 ], [ -22.823618772999964, 65.942737785000077 ], [ -22.832754414999954, 65.929498445000036 ], [ -22.850486621999949, 65.91538207800005 ], [ -22.85572604999993, 65.904792658000076 ], [ -22.853884404999974, 65.893932052000082 ], [ -22.837986997999963, 65.89390574600003 ], [ -22.823267787999953, 65.912501219000035 ], [ -22.797486910999964, 65.930871702000047 ], [ -22.784933984999952, 65.948249282000063 ], [ -22.786929168999961, 65.964816484000039 ], [ -22.776957869999933, 65.986030474000074 ], [ -22.787504417999969, 66.005671153000037 ], [ -22.770896940999933, 66.047457508000036 ], [ -22.76065336399995, 66.054472850000082 ], [ -22.753650422999954, 66.053779790000078 ], [ -22.72510522999994, 66.040825393000034 ], [ -22.713299254999981, 66.046505495000076 ], [ -22.68787602499998, 66.044920177000051 ], [ -22.684705326999961, 66.050839435000057 ], [ -22.679750277999972, 66.051980516000071 ], [ -22.677855698999963, 66.048496470000032 ], [ -22.679863649999959, 66.037909713000033 ], [ -22.666024404999973, 66.020206346000066 ], [ -22.638822067999968, 66.011447027000031 ], [ -22.623730762999969, 66.012552711000069 ], [ -22.613507158999937, 66.002066570000068 ], [ -22.609820604999982, 65.992433055000049 ], [ -22.596378253999944, 65.988487105000047 ], [ -22.597435498999971, 65.982403507000072 ], [ -22.592443268999943, 65.975470680000058 ], [ -22.586320263999937, 65.973894539000071 ], [ -22.571570938999969, 65.97646530600008 ], [ -22.583964397999978, 65.955579447000048 ], [ -22.58084570799997, 65.94623187500008 ], [ -22.584317226999929, 65.937698584000032 ], [ -22.583412505999945, 65.929908818000058 ], [ -22.590666748999979, 65.918638608000037 ], [ -22.590514793999944, 65.909761091000064 ], [ -22.605646151999963, 65.894678155000065 ], [ -22.611110003999954, 65.883718928000064 ], [ -22.634966651999946, 65.865860466000072 ], [ -22.642135411999959, 65.854651399000034 ], [ -22.636869426999965, 65.848666890000061 ], [ -22.63690082599993, 65.844501624000031 ], [ -22.656624865999959, 65.827497662000042 ], [ -22.656657939999945, 65.824887806000049 ], [ -22.636185921999981, 65.825676238000028 ], [ -22.614344082999935, 65.84312417600006 ], [ -22.609043362999955, 65.866988649000064 ], [ -22.590513748999967, 65.878574520000029 ], [ -22.583338703999971, 65.893396596000059 ], [ -22.572926200999973, 65.89999818900003 ], [ -22.563183082999956, 65.911251845000038 ], [ -22.562288147999936, 65.91614971000007 ], [ -22.566679295999961, 65.923595006000028 ], [ -22.543285801999957, 65.932657633000076 ], [ -22.534190212999931, 65.941082250000079 ], [ -22.531994052999949, 65.957266168000046 ], [ -22.524841158999948, 65.967251610000062 ], [ -22.522003444999939, 65.979019740000069 ], [ -22.512455230999933, 65.979092167000033 ], [ -22.498594777999983, 65.964106737000066 ], [ -22.494846362999965, 65.956853760000058 ], [ -22.495494150999946, 65.947069882000051 ], [ -22.491052715999956, 65.942036069000039 ], [ -22.476020575999939, 65.941515330000072 ], [ -22.473649862999935, 65.949331012000073 ], [ -22.469339316999935, 65.950995756000054 ], [ -22.460205930999962, 65.948618741000075 ], [ -22.448725989999957, 65.940147470000056 ], [ -22.445400921999976, 65.933145159000048 ], [ -22.452830737999932, 65.91787800700007 ], [ -22.447582076999936, 65.891255779000062 ], [ -22.436356220999983, 65.89323795200005 ], [ -22.426070900999946, 65.899985600000036 ], [ -22.425483686999939, 65.907660164000049 ], [ -22.433135695999965, 65.914627753000048 ], [ -22.43576587299998, 65.921497436000038 ], [ -22.430861600999947, 65.927432268000075 ], [ -22.422826272999941, 65.927001056000051 ], [ -22.416863470999942, 65.906282693000037 ], [ -22.429140502999928, 65.887664469000072 ], [ -22.427577440999983, 65.879701153000042 ], [ -22.429595585999948, 65.875823033000074 ], [ -22.457239964999928, 65.856969172000049 ], [ -22.469412876999968, 65.840042835000077 ], [ -22.488720254999976, 65.824953247000053 ], [ -22.548774646999959, 65.795119502000034 ], [ -22.578107080999928, 65.78678160100003 ], [ -22.582402499999944, 65.783109499000034 ], [ -22.620362618999934, 65.773307028000033 ], [ -22.653995451999947, 65.771059397000045 ], [ -22.656672326999967, 65.752093277000029 ], [ -22.659689112999956, 65.748958068000036 ], [ -22.681405980999955, 65.742607330000055 ], [ -22.726650510999946, 65.739629652000076 ], [ -22.7366, 65.730118999000069 ], [ -22.761349957999983, 65.726856480000038 ], [ -22.774359671999946, 65.728619379000065 ], [ -22.783478, 65.730151999000043 ], [ -22.807037499999979, 65.734312499000055 ], [ -22.818136, 65.736135499000056 ], [ -22.824491, 65.736580999000068 ], [ -22.827223, 65.736627999000063 ], [ -22.830461, 65.736546999000041 ], [ -22.843388, 65.736539999000058 ], [ -22.846973, 65.736680499000045 ], [ -22.852435, 65.737463499000057 ], [ -22.858236499999975, 65.738409999000055 ], [ -22.868469, 65.740481499000055 ], [ -22.876220499999931, 65.741838499000039 ], [ -22.880661499999974, 65.742789999000081 ], [ -22.886137, 65.744347499000071 ], [ -22.892878, 65.746879499000045 ], [ -22.896966499999962, 65.748730999000031 ], [ -22.90149, 65.750915999000028 ], [ -22.90614, 65.753471999000055 ], [ -22.908806499999969, 65.755157999000062 ], [ -22.910437, 65.75669749900004 ], [ -22.914905, 65.760349999000027 ], [ -22.917634, 65.761976999000069 ], [ -22.92015, 65.763350499000069 ], [ -22.922487499999932, 65.764469499000029 ], [ -22.926028, 65.76567299900006 ], [ -22.928833, 65.766176499000039 ], [ -22.931472499999927, 65.766511499000046 ], [ -22.934922499999971, 65.76665299900003 ], [ -22.938799499999959, 65.766610999000079 ], [ -22.949075499999935, 65.766088499000034 ], [ -22.952155499999947, 65.766095499000073 ], [ -22.955766499999982, 65.766376499000046 ], [ -22.959421499999962, 65.766943499000035 ], [ -22.964680499999929, 65.767929499000047 ], [ -22.967373, 65.768607499000041 ], [ -22.97164749999996, 65.770095999000034 ], [ -22.976185944999941, 65.782870092000053 ], [ -22.994460577999973, 65.797260849000054 ], [ -23.007058061999942, 65.815827445000082 ], [ -23.028977665999946, 65.830077625000058 ], [ -23.044704820999982, 65.849516124000047 ], [ -23.111538288999952, 65.876893296000048 ], [ -23.132210574999931, 65.895002634000036 ], [ -23.138044101999981, 65.906800081000029 ], [ -23.184746589999975, 65.937840430000051 ], [ -23.187055749999956, 65.94402320100005 ], [ -23.186741993999931, 65.963586457000076 ], [ -23.173315043999935, 65.975462763000053 ], [ -23.175649446999955, 65.984168163000049 ], [ -23.151882542999942, 65.991620321000028 ], [ -23.144871107999961, 65.99730442200007 ], [ -23.12768411199994, 66.001558909000039 ], [ -23.117297864999955, 66.02283385100003 ], [ -23.056415859999959, 66.03195991900003 ], [ -23.040432855999939, 66.036770244000081 ], [ -23.012618368999938, 66.059064555000077 ], [ -23.009868695999955, 66.065318395000077 ], [ -23.006863930999941, 66.072041863000038 ], [ -22.992559, 66.080648999000061 ] ] ], [ [ [ -22.446346758999937, 65.976692362000051 ], [ -22.443105246999949, 65.968679922000035 ], [ -22.445397620999927, 65.964807844000063 ], [ -22.456325277999952, 65.972670299000072 ], [ -22.446346758999937, 65.976692362000051 ] ] ], [ [ [ -22.573051031999967, 65.92858964900006 ], [ -22.569821937999961, 65.927640703000066 ], [ -22.569767142999979, 65.925685048000048 ], [ -22.57264598699993, 65.923260613000082 ], [ -22.576029223999967, 65.923920630000055 ], [ -22.573051031999967, 65.92858964900006 ] ] ], [ [ [ -22.829714649999971, 66.063334031000068 ], [ -22.825988984999981, 66.057024656000067 ], [ -22.827506207999932, 66.046023944000069 ], [ -22.832080738999935, 66.050046536000082 ], [ -22.833289037999975, 66.060965250000038 ], [ -22.829714649999971, 66.063334031000068 ] ] ] ] } },
{ "type": "Feature", "properties": { "GISCO_ID": "IS_4901", "CNTR_CODE": "IS", "LAU_ID": "4901", "LAU_NAME": "Árneshreppur", "cell_coverage": [ [ 0, 0, 0, 0, 0, 0.2296, 0.005, 0, 0, 0, 0, 0, 0, 0, 0, 0, 0, 0, 0, 0, 0, 0, 0 ], [ 0, 0, 0.0206, 0.2122, 0.6577, 0.9456, 0.4433, 0.0044, 0, 0, 0, 0, 0, 0, 0, 0, 0, 0, 0, 0, 0, 0, 0 ], [ 0.0175, 0.3456, 0.8957, 1, 1, 0.9726, 1, 0.8683, 0.5344, 0.4082, 0.2986, 0, 0, 0, 0, 0, 0, 0, 0, 0, 0, 0, 0 ], [ 0.2746, 0.9539, 1, 1, 1, 1, 1, 1, 1, 1, 0.982, 0.2762, 0, 0, 0, 0, 0, 0, 0, 0, 0, 0, 0 ], [ 0, 0.063, 0.4479, 1, 1, 1, 1, 1, 1, 1, 0.9777, 0.2807, 0, 0, 0.0001, 0.0397, 0, 0, 0, 0, 0, 0, 0 ], [ 0, 0, 0.0042, 0.7018, 1, 1, 1, 1, 1, 1, 1, 0.7325, 0.3372, 0.3121, 0.6327, 0.9351, 0.4173, 0, 0, 0, 0, 0, 0 ], [ 0, 0, 0, 0.0424, 0.814, 1, 1, 1, 1, 1, 1, 1, 1, 0.7258, 0.9089, 0.9628, 0.4917, 0.4009, 0.4866, 0.5684, 0.3081, 0.0166, 0 ], [ 0, 0, 0, 0.1648, 0.955, 1, 0.8155, 0.7055, 0.8817, 0.9692, 1, 1, 1, 1, 0.9771, 0.8227, 0.6663, 0.6151, 0.5083, 0.4203, 0.3101, 0.0651, 0 ], [ 0, 0, 0, 0.0214, 0.5005, 0.2339, 0.0007, 0, 0, 0.0002, 0.0898, 0.4476, 0.4803, 0.9812, 0.8896, 0.7055, 0.8459, 0.9046, 0.8496, 0.6097, 0.4604, 0.4322, 0.0095 ], [ 0, 0, 0, 0, 0, 0, 0, 0, 0, 0, 0, 0, 0, 0.3437, 0.6783, 0.4612, 0.4799, 0.4495, 0.4924, 0.588, 0.3534, 0.3184, 0.066 ] ], "xmin": -22.208333333333332, "xmax": -21.25, "ymin": 65.875, "ymax": 66.291666666666657 }, "geometry": { "type": "MultiPolygon", "coordinates": [ [ [ [ -21.279183, 65.903004999000075 ], [ -21.352547982999965, 65.903874042000041 ], [ -21.398946648999981, 65.889460689000032 ], [ -21.438992932999952, 65.895492320000074 ], [ -21.458493613999963, 65.902268396000068 ], [ -21.477007421999929, 65.896867575000044 ], [ -21.526762714999961, 65.895679771000061 ], [ -21.538791311999944, 65.898757222000029 ], [ -21.545938791999959, 65.908021390000044 ], [ -21.562951766999959, 65.895215164000035 ], [ -21.600762510999971, 65.884521926000048 ], [ -21.62932528999994, 65.896078200000034 ], [ -21.648705502999974, 65.89912563200005 ], [ -21.656764357999975, 65.903244120000068 ], [ -21.656391713999938, 65.91151104000005 ], [ -21.664714605999961, 65.920009733000029 ], [ -21.665908636999973, 65.935084006000068 ], [ -21.670758453999952, 65.939552717000083 ], [ -21.724867633999963, 65.936204854000039 ], [ -21.77382838099993, 65.957367369000053 ], [ -21.813813021999977, 65.959140414000046 ], [ -21.847441175999961, 65.964514522000059 ], [ -21.870181499999944, 65.961926499000072 ], [ -21.892200508999963, 65.972519036000051 ], [ -21.925642597999968, 65.971547236000049 ], [ -21.984829407999939, 65.945773493000047 ], [ -22.013988683999969, 65.936738405000028 ], [ -22.037312770999961, 65.93570074400003 ], [ -22.044677453999952, 65.949009023000031 ], [ -22.044900172999974, 65.959153217000051 ], [ -22.062319983999942, 65.970248689000073 ], [ -22.045898832999967, 65.980546634000063 ], [ -22.041099258999964, 65.992775426000037 ], [ -22.021575782999946, 65.999686577000034 ], [ -22.015515108999978, 66.006449685000064 ], [ -22.037584248999963, 66.015859477000049 ], [ -22.041683990999957, 66.030907189000061 ], [ -22.063634664999938, 66.048228152000036 ], [ -22.076721661999954, 66.074285409000083 ], [ -22.094821399999944, 66.089478242000041 ], [ -22.089448341999969, 66.102744299000051 ], [ -22.091184675999955, 66.10781294800006 ], [ -22.129247867999936, 66.11705581700005 ], [ -22.162776878999978, 66.13147611800008 ], [ -22.187766615999976, 66.151736720000031 ], [ -22.18892085799996, 66.158288755000058 ], [ -22.184321499999953, 66.164173499000071 ], [ -22.134921331999976, 66.185445191000042 ], [ -22.102867160999949, 66.207925948000081 ], [ -22.047106866999968, 66.220591544000058 ], [ -22.038042355999949, 66.224742544000037 ], [ -22.033519851999927, 66.234212614000057 ], [ -22.014193414999966, 66.238840383000081 ], [ -22.001313291999963, 66.240054944000065 ], [ -21.997992937999982, 66.249458882000056 ], [ -21.964336499999945, 66.269604499000081 ], [ -21.95535320099998, 66.249562492000052 ], [ -21.931924317999972, 66.241604094000081 ], [ -21.928692000999945, 66.235030558000062 ], [ -21.938957426999934, 66.222298743000067 ], [ -21.981508461999965, 66.20829507500008 ], [ -21.983710247999966, 66.204117108000048 ], [ -21.944827237999959, 66.210732309000036 ], [ -21.92331633699996, 66.21150762700006 ], [ -21.908701769999936, 66.208456097000067 ], [ -21.861659311999972, 66.189169449000076 ], [ -21.806344741999965, 66.182777860000044 ], [ -21.750235719999978, 66.180362782000032 ], [ -21.758791493999979, 66.172434663000047 ], [ -21.759915388999957, 66.16562427000008 ], [ -21.736362903999975, 66.156759005000083 ], [ -21.726594306999971, 66.148521256000038 ], [ -21.741110960999947, 66.131847308000033 ], [ -21.758808383999963, 66.121642627000028 ], [ -21.728772069999934, 66.106933013000059 ], [ -21.737857227999939, 66.08880814500003 ], [ -21.724750824999944, 66.064431606000028 ], [ -21.695982411999978, 66.052058729000066 ], [ -21.656015411999931, 66.063187012000071 ], [ -21.645514950999939, 66.059116508000045 ], [ -21.635159432999956, 66.050446663000059 ], [ -21.639310578999982, 66.037082541000075 ], [ -21.659906964999948, 66.022922265000034 ], [ -21.66136641099996, 66.018289662000029 ], [ -21.647435189999953, 66.018972606000034 ], [ -21.626326448999976, 66.025638155000081 ], [ -21.608257392999974, 66.038037446000033 ], [ -21.605199973999959, 66.05516868400008 ], [ -21.617728568999951, 66.071909558000073 ], [ -21.612566679999929, 66.080436514000041 ], [ -21.552724118999947, 66.086709144000054 ], [ -21.535613177999949, 66.08004700500004 ], [ -21.50639171399996, 66.052837151000062 ], [ -21.507023363999963, 66.049440395000033 ], [ -21.516055918999939, 66.047122391000073 ], [ -21.54993208999997, 66.050577713000052 ], [ -21.557602409999959, 66.047445713000059 ], [ -21.54091060899998, 66.028825765000079 ], [ -21.517414279999969, 66.01708472100006 ], [ -21.472115348999978, 66.015489482000078 ], [ -21.395702985999947, 66.026050302000044 ], [ -21.33141926199994, 66.005601623000075 ], [ -21.319929429999945, 65.995282966000048 ], [ -21.330332720999934, 65.987710661000051 ], [ -21.408710719999931, 65.985640620000083 ], [ -21.473538367999936, 65.974020311000061 ], [ -21.519012765999946, 65.973222250000049 ], [ -21.600278918999948, 65.959207724000066 ], [ -21.601563828999929, 65.954265192000037 ], [ -21.592841181999972, 65.94561965500003 ], [ -21.553645729999971, 65.945763907000071 ], [ -21.510776854999961, 65.954169759000081 ], [ -21.472479227999941, 65.953891246000069 ], [ -21.42229578499996, 65.962295250000068 ], [ -21.387604102999944, 65.962394584000037 ], [ -21.379701724999961, 65.960141995000072 ], [ -21.378147068999965, 65.955998979000071 ], [ -21.392018476999965, 65.948535647000028 ], [ -21.437221140999952, 65.939691535000065 ], [ -21.44538410399997, 65.93291948600006 ], [ -21.43718950899995, 65.93092593700004 ], [ -21.395910642999979, 65.932672704000083 ], [ -21.31718959799997, 65.938667705000057 ], [ -21.293681398999979, 65.92756031600004 ], [ -21.279183, 65.903004999000075 ] ] ], [ [ [ -21.484667770999977, 66.023910150000063 ], [ -21.482986310999934, 66.019514809000043 ], [ -21.487887236999939, 66.018785367000078 ], [ -21.491148843999952, 66.021340688000066 ], [ -21.484667770999977, 66.023910150000063 ] ] ] ] } },
{ "type": "Feature", "properties": { "GISCO_ID": "IS_4902", "CNTR_CODE": "IS", "LAU_ID": "4902", "LAU_NAME": "Kaldrananeshreppur", "cell_coverage": [ [ 0.0999, 0.0308, 0, 0, 0, 0, 0, 0, 0, 0, 0, 0, 0, 0, 0 ], [ 0.4062, 0.9998, 0.9102, 0.5524, 0.5197, 0.0188, 0, 0, 0, 0, 0, 0, 0, 0, 0 ], [ 0.5139, 1, 1, 1, 1, 0.6563, 0.3217, 0.5388, 0.5201, 0.5505, 0.5076, 0.412, 0.6466, 0.6034, 0.1034 ], [ 0.018, 0.6038, 1, 1, 1, 1, 1, 1, 1, 1, 1, 1, 1, 0.8951, 0.0768 ], [ 0, 0.0041, 0.7651, 1, 1, 1, 1, 1, 1, 1, 1, 1, 0.9518, 0.3792, 0.0006 ], [ 0, 0, 0.0184, 0.2621, 0.6647, 0.9927, 1, 1, 1, 0.9722, 0.6158, 0.4447, 0.0617, 0, 0 ], [ 0, 0, 0, 0, 0, 0.3634, 0.9062, 1, 1, 1, 1, 0.8389, 0.326, 0, 0 ], [ 0, 0, 0, 0, 0, 0, 0.085, 0.3095, 0.4213, 0.4757, 0.366, 0.078, 0, 0, 0 ] ], "xmin": -21.875, "xmax": -21.25, "ymin": 65.666666666666657, "ymax": 65.999999999999986 }, "geometry": { "type": "MultiPolygon", "coordinates": [ [ [ [ -21.870181499999944, 65.961926499000072 ], [ -21.847441175999961, 65.964514522000059 ], [ -21.813813021999977, 65.959140414000046 ], [ -21.77382838099993, 65.957367369000053 ], [ -21.724867633999963, 65.936204854000039 ], [ -21.670758453999952, 65.939552717000083 ], [ -21.665908636999973, 65.935084006000068 ], [ -21.664714605999961, 65.920009733000029 ], [ -21.656391713999938, 65.91151104000005 ], [ -21.656764357999975, 65.903244120000068 ], [ -21.648705502999974, 65.89912563200005 ], [ -21.62932528999994, 65.896078200000034 ], [ -21.600762510999971, 65.884521926000048 ], [ -21.562951766999959, 65.895215164000035 ], [ -21.545938791999959, 65.908021390000044 ], [ -21.538791311999944, 65.898757222000029 ], [ -21.526762714999961, 65.895679771000061 ], [ -21.477007421999929, 65.896867575000044 ], [ -21.458493613999963, 65.902268396000068 ], [ -21.438992932999952, 65.895492320000074 ], [ -21.398946648999981, 65.889460689000032 ], [ -21.352547982999965, 65.903874042000041 ], [ -21.279183, 65.903004999000075 ], [ -21.279207670999938, 65.896093158000042 ], [ -21.285971444999973, 65.886511971000061 ], [ -21.318701844999964, 65.875451696000027 ], [ -21.318179268999927, 65.871597664000035 ], [ -21.286311667999939, 65.86333485800003 ], [ -21.280659261999972, 65.857194843000059 ], [ -21.291002753999976, 65.845196745000067 ], [ -21.290744291999943, 65.832423779000067 ], [ -21.305881365999937, 65.824822170000061 ], [ -21.330654719999927, 65.801404222000031 ], [ -21.37498330699998, 65.781988118000072 ], [ -21.440639231999967, 65.777155504000064 ], [ -21.466762951999954, 65.769214220000038 ], [ -21.461524020999946, 65.762983849000079 ], [ -21.445926806999978, 65.759290282000052 ], [ -21.414911504999964, 65.761659808000047 ], [ -21.404040960999964, 65.766377488000046 ], [ -21.39192262399996, 65.752542524000035 ], [ -21.33938584699996, 65.742850014000055 ], [ -21.344116044999964, 65.734676691000061 ], [ -21.364104560999976, 65.726723833000051 ], [ -21.382224169999972, 65.723342769000055 ], [ -21.409402428999954, 65.704846815000053 ], [ -21.424678016999962, 65.700198697000076 ], [ -21.436619461999953, 65.689768468000068 ], [ -21.46517395199993, 65.687651096000081 ], [ -21.550074113999983, 65.692424258000074 ], [ -21.564228275999938, 65.698787713000058 ], [ -21.583620326999949, 65.694638531000066 ], [ -21.594251805999932, 65.699867579000056 ], [ -21.600018852999938, 65.70788413300005 ], [ -21.612267555999949, 65.715292975000068 ], [ -21.641962091999972, 65.727839864000032 ], [ -21.649711918999969, 65.738903142000083 ], [ -21.672315394999941, 65.760196789000076 ], [ -21.710987075999981, 65.770465142000035 ], [ -21.720597, 65.775382999000044 ], [ -21.721119167999973, 65.778991366000071 ], [ -21.733355604999929, 65.782447796000042 ], [ -21.737143325999966, 65.787233379000043 ], [ -21.755399108999939, 65.788683152000033 ], [ -21.777478039999949, 65.795368590000066 ], [ -21.784868305999964, 65.802994796000064 ], [ -21.777253125999948, 65.812112571000057 ], [ -21.781318114999976, 65.822168188000035 ], [ -21.791866335999941, 65.828365505000079 ], [ -21.796066934999942, 65.836852414000077 ], [ -21.804411587999937, 65.840589675000047 ], [ -21.816389394999931, 65.852667746000066 ], [ -21.820475238999961, 65.860803728000064 ], [ -21.831378898999958, 65.864808181000058 ], [ -21.837009829999943, 65.871198407000065 ], [ -21.850290754999946, 65.881205482000041 ], [ -21.862189899999976, 65.898994935000076 ], [ -21.852113456999973, 65.913776669000072 ], [ -21.844188775999953, 65.939684457000055 ], [ -21.851296108999975, 65.94828414400007 ], [ -21.870181499999944, 65.961926499000072 ] ] ], [ [ [ -21.385637374999931, 65.690190469000072 ], [ -21.390062300999944, 65.683915608000063 ], [ -21.408017064999967, 65.678730807000079 ], [ -21.401268990999938, 65.686498411000059 ], [ -21.385637374999931, 65.690190469000072 ] ] ] ] } },
{ "type": "Feature", "properties": { "GISCO_ID": "IS_4911", "CNTR_CODE": "IS", "LAU_ID": "4911", "LAU_NAME": "Strandabyggð", "cell_coverage": [ [ 0, 0, 0, 0, 0, 0, 0, 0, 0, 0, 0, 0.2096, 0.0939, 0, 0, 0, 0, 0, 0, 0, 0, 0, 0, 0, 0, 0, 0, 0, 0, 0, 0, 0, 0, 0, 0, 0 ], [ 0, 0, 0, 0, 0, 0, 0, 0, 0, 0, 0.031, 0.9907, 0.9833, 0.6674, 0.0461, 0, 0, 0, 0, 0, 0, 0, 0, 0, 0, 0, 0, 0, 0, 0, 0, 0, 0, 0, 0, 0 ], [ 0, 0, 0, 0, 0, 0, 0, 0, 0.1223, 0.4508, 0.6399, 1, 1, 1, 0.937, 0.5521, 0, 0, 0, 0, 0, 0, 0, 0, 0, 0, 0, 0, 0, 0, 0, 0, 0, 0, 0, 0 ], [ 0, 0, 0, 0, 0, 0, 0.0418, 0.7563, 0.9942, 1, 1, 1, 1, 1, 1, 0.9958, 0.2982, 0, 0, 0, 0, 0, 0, 0, 0, 0, 0, 0, 0, 0, 0, 0, 0, 0, 0, 0 ], [ 0, 0, 0, 0, 0, 0, 0.2209, 0.768, 1, 1, 1, 1, 1, 1, 1, 1, 0.9576, 0.186, 0, 0, 0, 0, 0, 0, 0, 0, 0, 0, 0, 0, 0, 0, 0, 0, 0, 0 ], [ 0, 0, 0, 0, 0, 0, 0, 0.0002, 0.5186, 1, 1, 1, 1, 1, 1, 1, 0.8352, 0.045, 0, 0.1845, 0.2945, 0.0183, 0, 0, 0, 0, 0, 0, 0, 0, 0, 0, 0, 0, 0, 0 ], [ 0, 0, 0, 0, 0, 0, 0, 0, 0.0683, 0.9088, 1, 1, 1, 1, 1, 1, 0.9786, 0.4995, 0.7661, 0.9993, 1, 0.5938, 0, 0, 0, 0, 0, 0, 0, 0, 0, 0, 0, 0, 0, 0 ], [ 0, 0, 0, 0, 0, 0, 0, 0, 0.1152, 0.8256, 1, 1, 1, 1, 1, 1, 1, 1, 1, 1, 1, 0.4861, 0, 0, 0, 0, 0, 0, 0, 0, 0, 0, 0, 0, 0, 0 ], [ 0, 0, 0, 0, 0, 0, 0, 0.0849, 0.8449, 1, 1, 1, 1, 1, 1, 1, 1, 1, 1, 1, 1, 0.982, 0.3962, 0, 0, 0, 0, 0, 0, 0, 0, 0, 0, 0, 0, 0 ], [ 0, 0, 0, 0, 0, 0.1198, 0.5637, 0.9738, 1, 1, 1, 1, 1, 1, 1, 1, 1, 1, 1, 1, 1, 1, 0.9959, 0.2349, 0, 0, 0, 0, 0, 0, 0, 0, 0, 0, 0, 0 ], [ 0, 0, 0.387, 0.6609, 0.8516, 0.9965, 1, 1, 1, 1, 1, 1, 1, 1, 1, 1, 1, 1, 1, 1, 1, 1, 1, 0.8417, 0.3451, 0.0001, 0, 0, 0, 0, 0, 0, 0, 0, 0, 0 ], [ 0.1365, 0.3827, 0.5981, 0.5394, 0.6711, 0.7314, 0.856, 1, 1, 1, 1, 1, 0.971, 0.5939, 0.9545, 1, 1, 1, 1, 1, 1, 1, 1, 1, 1, 0.6966, 0.0093, 0, 0, 0, 0, 0, 0, 0, 0, 0 ], [ 0, 0, 0, 0, 0, 0, 0.0127, 0.2196, 0.5417, 0.7536, 0.5331, 0.2694, 0.0463, 0, 0.1829, 0.3391, 0.6025, 0.7222, 0.9492, 1, 1, 1, 1, 1, 1, 0.7897, 0.0169, 0, 0, 0, 0, 0, 0, 0, 0, 0 ], [ 0, 0, 0, 0, 0, 0, 0, 0, 0, 0, 0, 0, 0, 0, 0, 0, 0, 0, 0.1053, 0.5695, 0.8586, 1, 1, 1, 1, 1, 0.7036, 0.4171, 0.3489, 0.3507, 0.452, 0.3094, 0.0702, 0, 0, 0 ], [ 0, 0, 0, 0, 0, 0, 0, 0, 0, 0, 0, 0, 0, 0, 0, 0, 0, 0, 0, 0, 0.1425, 0.6732, 1, 1, 1, 1, 1, 1, 1, 1, 1, 0.8116, 0.3614, 0.364, 0.2754, 0 ], [ 0, 0, 0, 0, 0, 0, 0, 0, 0, 0, 0, 0, 0, 0, 0, 0, 0, 0, 0, 0, 0, 0.1464, 0.8196, 0.8803, 1, 1, 1, 1, 1, 1, 0.8276, 0.5708, 0.96, 1, 0.9257, 0 ], [ 0, 0, 0, 0, 0, 0, 0, 0, 0, 0, 0, 0, 0, 0, 0, 0, 0, 0, 0, 0, 0, 0, 0, 0, 0.3188, 0.3877, 0.4448, 0.9769, 1, 1, 1, 1, 1, 0.9589, 0.4068, 0 ], [ 0, 0, 0, 0, 0, 0, 0, 0, 0, 0, 0, 0, 0, 0, 0, 0, 0, 0, 0, 0, 0, 0, 0, 0, 0, 0, 0, 0.6084, 1, 1, 1, 0.9323, 0.5784, 0.2935, 0.2103, 0.0055 ], [ 0, 0, 0, 0, 0, 0, 0, 0, 0, 0, 0, 0, 0, 0, 0, 0, 0, 0, 0, 0, 0, 0, 0, 0, 0, 0, 0.1148, 0.7895, 1, 1, 0.942, 0.777, 0.8083, 0.2347, 0, 0 ], [ 0, 0, 0, 0, 0, 0, 0, 0, 0, 0, 0, 0, 0, 0, 0, 0, 0, 0, 0, 0, 0, 0, 0, 0, 0, 0, 0.6498, 1, 1, 1, 0.9273, 0.5114, 0.0366, 0, 0, 0 ], [ 0, 0, 0, 0, 0, 0, 0, 0, 0, 0, 0, 0, 0, 0, 0, 0, 0, 0, 0, 0, 0, 0, 0, 0, 0, 0, 0.2296, 0.5858, 0.4563, 0.224, 0.0247, 0, 0, 0, 0, 0 ] ], "xmin": -22.75, "xmax": -21.25, "ymin": 65.333333333333314, "ymax": 66.208333333333314 }, "geometry": { "type": "MultiPolygon", "coordinates": [ [ [ [ -21.484139, 65.374190499000065 ], [ -21.600099093999972, 65.347253831000046 ], [ -21.639020750999975, 65.36060745900005 ], [ -21.658184018999975, 65.372468911000055 ], [ -21.66131824799993, 65.38254110400004 ], [ -21.647147100999973, 65.401549695000028 ], [ -21.641373249999958, 65.425632396000083 ], [ -21.608240365999961, 65.436210718000041 ], [ -21.611971143999938, 65.446589542000083 ], [ -21.604919193999933, 65.484010883000053 ], [ -21.621329499999945, 65.506165499000076 ], [ -21.64009733599994, 65.515790026000047 ], [ -21.634557986999937, 65.529426937000039 ], [ -21.696232876999943, 65.525148353000077 ], [ -21.722874588999957, 65.519629070000065 ], [ -21.732294685999932, 65.523442372000034 ], [ -21.732761683999968, 65.534921060000045 ], [ -21.761173811999981, 65.545789709000076 ], [ -21.786058442999945, 65.549102220000066 ], [ -21.839102010999966, 65.549143113000071 ], [ -21.84686880299995, 65.567449117000081 ], [ -21.831384176999961, 65.579157113000065 ], [ -21.844691760999979, 65.586756495000031 ], [ -21.849790943999949, 65.594904206000081 ], [ -21.860011836999945, 65.597611144000041 ], [ -21.864846714999942, 65.610035952000032 ], [ -21.881787255999939, 65.615497453000046 ], [ -21.902298211999948, 65.617155513000057 ], [ -21.900541497999939, 65.640166824000062 ], [ -21.966233633999934, 65.645089946000041 ], [ -21.971506461999979, 65.650303316000077 ], [ -21.962862394999945, 65.659969552000064 ], [ -21.962751379999929, 65.663388719000068 ], [ -21.969923084999948, 65.66715698400003 ], [ -21.99415087999995, 65.671039085000075 ], [ -21.995966499999952, 65.671286999000074 ], [ -22.001361499999973, 65.672731499000065 ], [ -22.005281, 65.673528499000042 ], [ -22.007976, 65.673785999000074 ], [ -22.011811499999965, 65.673851499000079 ], [ -22.014193414999966, 65.674190793000037 ], [ -22.030102753999927, 65.683647249000046 ], [ -22.047761980999951, 65.682027017000053 ], [ -22.079915914999958, 65.684371504000069 ], [ -22.111961213999962, 65.698889879000035 ], [ -22.150796100999969, 65.694537497000056 ], [ -22.150241837999943, 65.705566207000061 ], [ -22.155647543999976, 65.711524580000059 ], [ -22.176645936999932, 65.725106930000038 ], [ -22.196046770999942, 65.728236407000054 ], [ -22.204368335999959, 65.727200371000038 ], [ -22.207491858999958, 65.718145460000073 ], [ -22.216085152999938, 65.710274923000043 ], [ -22.306314712999949, 65.688574046000042 ], [ -22.345070710999948, 65.674987590000057 ], [ -22.37888821699994, 65.679284133000067 ], [ -22.432582256999979, 65.699672647000057 ], [ -22.455084105999958, 65.701371250000079 ], [ -22.471546395999951, 65.71095407200005 ], [ -22.46997169399998, 65.714533453000058 ], [ -22.473327088999952, 65.715727059000073 ], [ -22.526334817999953, 65.720355965000067 ], [ -22.547828032999973, 65.71956945200003 ], [ -22.606318046999945, 65.729039712000031 ], [ -22.656796635999967, 65.72316790900004 ], [ -22.713255922999963, 65.729938781000044 ], [ -22.7366, 65.730118999000069 ], [ -22.726650510999946, 65.739629652000076 ], [ -22.681405980999955, 65.742607330000055 ], [ -22.659689112999956, 65.748958068000036 ], [ -22.656672326999967, 65.752093277000029 ], [ -22.653995451999947, 65.771059397000045 ], [ -22.620362618999934, 65.773307028000033 ], [ -22.582402499999944, 65.783109499000034 ], [ -22.545539326999972, 65.787388652000061 ], [ -22.531608949999963, 65.794049496000071 ], [ -22.513487734999956, 65.797845796000047 ], [ -22.479680673999951, 65.813116527000034 ], [ -22.462491502999967, 65.826877028000069 ], [ -22.427704545999973, 65.837273647000075 ], [ -22.409860895999941, 65.860081269000034 ], [ -22.381997393999939, 65.882541678000052 ], [ -22.380907491999949, 65.896301971000071 ], [ -22.37741760199998, 65.901555489000032 ], [ -22.361293170999943, 65.90902021800008 ], [ -22.347943111999939, 65.904828788000032 ], [ -22.341146195999954, 65.908160300000077 ], [ -22.360687092999967, 65.923941759000058 ], [ -22.373671641999977, 65.926317527000037 ], [ -22.38659075399994, 65.968147520000059 ], [ -22.406158303999973, 65.992232227000045 ], [ -22.424528156999941, 66.004532278000056 ], [ -22.457210453999949, 66.017931500000032 ], [ -22.474647413999946, 66.021928560000049 ], [ -22.480510655999979, 66.027429084000062 ], [ -22.479290822999928, 66.034518590000062 ], [ -22.461010414999976, 66.042923881000036 ], [ -22.463312364999979, 66.058967080000059 ], [ -22.442324953999957, 66.069182011000066 ], [ -22.443052499999965, 66.074732999000048 ], [ -22.398567, 66.08552049900004 ], [ -22.391468215999964, 66.089493532000063 ], [ -22.371043466999936, 66.100258652000036 ], [ -22.314923463999946, 66.106696283000076 ], [ -22.297337226999957, 66.113794791000032 ], [ -22.289508268999953, 66.16643741300004 ], [ -22.284612937999952, 66.179603289000056 ], [ -22.25280201299995, 66.173452186000077 ], [ -22.23224584999997, 66.174220797000032 ], [ -22.225133682999967, 66.168096594000076 ], [ -22.206591145999937, 66.161517766000031 ], [ -22.184321499999953, 66.164173499000071 ], [ -22.18892085799996, 66.158288755000058 ], [ -22.187766615999976, 66.151736720000031 ], [ -22.162776878999978, 66.13147611800008 ], [ -22.129247867999936, 66.11705581700005 ], [ -22.091184675999955, 66.10781294800006 ], [ -22.089448341999969, 66.102744299000051 ], [ -22.094821399999944, 66.089478242000041 ], [ -22.076721661999954, 66.074285409000083 ], [ -22.063634664999938, 66.048228152000036 ], [ -22.041683990999957, 66.030907189000061 ], [ -22.037584248999963, 66.015859477000049 ], [ -22.015515108999978, 66.006449685000064 ], [ -22.021575782999946, 65.999686577000034 ], [ -22.041099258999964, 65.992775426000037 ], [ -22.045898832999967, 65.980546634000063 ], [ -22.062319983999942, 65.970248689000073 ], [ -22.044900172999974, 65.959153217000051 ], [ -22.044677453999952, 65.949009023000031 ], [ -22.037312770999961, 65.93570074400003 ], [ -22.013988683999969, 65.936738405000028 ], [ -21.984829407999939, 65.945773493000047 ], [ -21.925642597999968, 65.971547236000049 ], [ -21.892200508999963, 65.972519036000051 ], [ -21.870181499999944, 65.961926499000072 ], [ -21.851296108999975, 65.94828414400007 ], [ -21.844188775999953, 65.939684457000055 ], [ -21.852113456999973, 65.913776669000072 ], [ -21.862189899999976, 65.898994935000076 ], [ -21.850290754999946, 65.881205482000041 ], [ -21.837009829999943, 65.871198407000065 ], [ -21.831378898999958, 65.864808181000058 ], [ -21.820475238999961, 65.860803728000064 ], [ -21.816389394999931, 65.852667746000066 ], [ -21.804411587999937, 65.840589675000047 ], [ -21.796066934999942, 65.836852414000077 ], [ -21.791866335999941, 65.828365505000079 ], [ -21.781318114999976, 65.822168188000035 ], [ -21.777253125999948, 65.812112571000057 ], [ -21.784868305999964, 65.802994796000064 ], [ -21.777478039999949, 65.795368590000066 ], [ -21.755399108999939, 65.788683152000033 ], [ -21.737143325999966, 65.787233379000043 ], [ -21.733355604999929, 65.782447796000042 ], [ -21.721119167999973, 65.778991366000071 ], [ -21.720597, 65.775382999000044 ], [ -21.724769073999937, 65.773504132000028 ], [ -21.722216111999956, 65.770510721000051 ], [ -21.771139491999975, 65.771300899000039 ], [ -21.777920281999968, 65.76950305400004 ], [ -21.780351880999945, 65.765873676000069 ], [ -21.709676879999961, 65.751045952000084 ], [ -21.684700982999971, 65.739857156000028 ], [ -21.681335864999937, 65.732265788000063 ], [ -21.665563247999955, 65.716882007000038 ], [ -21.664113378999957, 65.709185541000068 ], [ -21.681431173999954, 65.698905818000071 ], [ -21.692226279999943, 65.697194375000038 ], [ -21.694105717999946, 65.693130511000049 ], [ -21.671364021999977, 65.68427067500005 ], [ -21.662648925999974, 65.671779754000056 ], [ -21.664563806999979, 65.663884420000045 ], [ -21.64104072799995, 65.653386779000073 ], [ -21.636415251999949, 65.645259305000081 ], [ -21.614003237999952, 65.644539105000035 ], [ -21.594179170999951, 65.640170090000083 ], [ -21.519939597999951, 65.638686370000073 ], [ -21.478749835999963, 65.64570403700003 ], [ -21.405821524999965, 65.631890640000051 ], [ -21.390735358999962, 65.62192252400007 ], [ -21.399869601999967, 65.607388167000067 ], [ -21.424009335999983, 65.598928385000079 ], [ -21.477438147999976, 65.566943409000032 ], [ -21.480611889999977, 65.562795804000075 ], [ -21.478003356999977, 65.559362504000035 ], [ -21.463549540999963, 65.556498203000046 ], [ -21.446189454999967, 65.56085777800007 ], [ -21.413810627999965, 65.574931486000082 ], [ -21.394384273999947, 65.590653558000042 ], [ -21.386459361999982, 65.590340508000054 ], [ -21.363582317999942, 65.598953696000081 ], [ -21.309282451999934, 65.597229876000029 ], [ -21.298510606999969, 65.593224723000048 ], [ -21.292377964999957, 65.548029601000053 ], [ -21.310928317999981, 65.522748991000071 ], [ -21.350910297999974, 65.498688739000045 ], [ -21.381225573999927, 65.486028314000066 ], [ -21.387647659999971, 65.47749379000004 ], [ -21.469512885999961, 65.448970933000055 ], [ -21.472819825999977, 65.446355208000057 ], [ -21.471407079999949, 65.443654406000064 ], [ -21.458626045999949, 65.442441067000061 ], [ -21.41232686799998, 65.454648898000073 ], [ -21.382045027999936, 65.458456339000065 ], [ -21.314984520999928, 65.478717594000045 ], [ -21.282908499999962, 65.483455999000057 ], [ -21.307086708999975, 65.473863529000027 ], [ -21.321666854999933, 65.463603116000058 ], [ -21.347869997999965, 65.453510208000068 ], [ -21.43229574399993, 65.396972409000057 ], [ -21.484139, 65.374190499000065 ] ] ], [ [ [ -21.351598229999979, 65.611632229000065 ], [ -21.352716726999972, 65.609480886000028 ], [ -21.36217278099997, 65.604081930000063 ], [ -21.356736647999981, 65.610426261000043 ], [ -21.351598229999979, 65.611632229000065 ] ] ] ] } },
{ "type": "Feature", "properties": { "GISCO_ID": "IS_5200", "CNTR_CODE": "IS", "LAU_ID": "5200", "LAU_NAME": "Sveitarfélagið Skagafjörður", "cell_coverage": [ [ 0, 0, 0, 0, 0, 0, 0, 0, 0, 0, 0, 0, 0, 0, 0, 0, 0, 0, 0, 0, 0, 0, 0, 0, 0, 0, 0, 0, 0.492, 0.4986, 0.0111, 0, 0, 0, 0, 0, 0, 0, 0, 0, 0, 0, 0, 0, 0 ], [ 0, 0.163, 0.7282, 0.6749, 0.1027, 0, 0, 0, 0, 0, 0, 0, 0, 0, 0, 0, 0, 0, 0, 0, 0, 0, 0, 0, 0, 0, 0.0337, 0.2486, 0.9909, 0.9883, 0.3795, 0.0603, 0, 0, 0, 0, 0, 0, 0, 0, 0, 0, 0, 0, 0 ], [ 0.0204, 0.8632, 1, 1, 0.9978, 0.2945, 0, 0, 0, 0, 0, 0, 0, 0, 0, 0, 0, 0, 0, 0.1185, 0.4585, 0.7771, 0.8211, 0.8398, 0.9278, 0.8625, 0.7379, 1, 1, 1, 1, 0.9519, 0.5109, 0.0537, 0, 0, 0, 0, 0, 0, 0, 0, 0, 0, 0 ], [ 0.0013, 0.5089, 0.9949, 1, 1, 0.9397, 0.3118, 0.0002, 0, 0, 0, 0, 0, 0, 0, 0, 0.0492, 0.143, 0, 0.1996, 0.9297, 1, 1, 1, 1, 1, 1, 1, 1, 1, 1, 1, 0.892, 0.1159, 0, 0, 0, 0, 0, 0, 0, 0, 0, 0, 0 ], [ 0, 0, 0.3589, 1, 1, 1, 1, 0.533, 0, 0, 0, 0, 0, 0, 0, 0, 0, 0.0393, 0.3533, 0.4463, 0.9197, 1, 1, 1, 1, 1, 1, 1, 1, 1, 1, 1, 0.5597, 0, 0, 0, 0, 0, 0, 0, 0, 0, 0, 0, 0 ], [ 0, 0, 0.0107, 0.5879, 1, 1, 1, 0.9505, 0.5119, 0.0225, 0, 0, 0, 0.0293, 0, 0, 0, 0.0085, 0.3051, 0.8611, 1, 1, 1, 1, 1, 1, 1, 1, 1, 1, 1, 1, 0.8939, 0.3823, 0, 0, 0, 0, 0, 0, 0, 0, 0, 0, 0 ], [ 0, 0, 0, 0.004, 0.5076, 1, 1, 1, 1, 0.6308, 0.5584, 0.2751, 0.078, 0, 0, 0, 0, 0, 0, 0.1379, 0.8002, 1, 1, 1, 1, 1, 1, 1, 1, 1, 0.9986, 0.8948, 0.9094, 0.382, 0, 0, 0, 0, 0, 0, 0, 0, 0, 0, 0 ], [ 0, 0, 0, 0, 0.056, 0.5329, 0.971, 1, 1, 1, 1, 1, 0.9298, 0.2315, 0, 0, 0, 0, 0, 0, 0.1751, 0.9391, 1, 1, 1, 1, 1, 1, 1, 1, 0.5397, 0, 0, 0, 0, 0, 0, 0, 0, 0, 0, 0, 0, 0, 0 ], [ 0, 0, 0, 0, 0, 0.0341, 0.5978, 1, 1, 1, 1, 1, 1, 0.8529, 0.0432, 0, 0, 0, 0, 0, 0.0497, 0.9236, 1, 1, 1, 1, 1, 1, 1, 1, 0.9679, 0.6289, 0.3126, 0.0659, 0, 0, 0, 0, 0, 0, 0, 0, 0, 0, 0 ], [ 0, 0, 0, 0, 0, 0.0075, 0.4232, 0.967, 1, 1, 1, 1, 1, 1, 0.2065, 0, 0.1065, 0.2323, 0, 0, 0.4011, 0.9971, 1, 1, 1, 1, 1, 1, 1, 1, 1, 1, 1, 0.9995, 0.4987, 0, 0, 0, 0, 0, 0, 0, 0, 0, 0 ], [ 0, 0, 0, 0, 0, 0, 0.0025, 0.8288, 1, 1, 1, 1, 1, 1, 0.9823, 0.8661, 0.9509, 0.9984, 0.7649, 0.8404, 0.9983, 1, 1, 1, 1, 1, 1, 1, 1, 1, 1, 1, 1, 1, 0.4962, 0, 0, 0, 0, 0, 0, 0, 0, 0, 0 ], [ 0, 0, 0, 0, 0, 0, 0.0002, 0.7961, 1, 1, 1, 1, 1, 1, 1, 1, 1, 1, 1, 1, 1, 1, 1, 1, 1, 1, 1, 1, 1, 1, 1, 1, 1, 0.8837, 0.6597, 0.0596, 0, 0, 0, 0, 0, 0, 0, 0, 0 ], [ 0, 0, 0, 0, 0, 0, 0, 0.033, 0.7206, 0.8622, 1, 1, 1, 1, 1, 1, 1, 1, 1, 0.9708, 0.1337, 0.0447, 0.045, 0.0454, 0.1545, 0.7806, 1, 1, 1, 1, 1, 1, 1, 0.6287, 0, 0, 0, 0, 0, 0, 0, 0, 0, 0, 0 ], [ 0, 0, 0, 0, 0, 0, 0, 0, 0, 0.0179, 0.6968, 0.8085, 0.997, 1, 1, 1, 1, 1, 1, 0.9783, 0.4444, 0, 0, 0, 0, 0.0012, 0.2112, 0.7115, 0.9453, 1, 1, 1, 0.8702, 0.2422, 0, 0, 0, 0, 0, 0, 0, 0, 0, 0, 0 ], [ 0, 0, 0, 0, 0, 0, 0, 0, 0, 0, 0, 0, 0.1645, 0.4466, 0.6974, 1, 1, 1, 1, 1, 1, 0.121, 0, 0, 0, 0, 0, 0, 0.038, 0.1538, 0.1648, 0.213, 0.1819, 0, 0, 0, 0, 0, 0, 0, 0, 0, 0, 0, 0 ], [ 0, 0, 0, 0, 0, 0, 0, 0, 0, 0, 0, 0, 0, 0.0068, 0.3732, 0.7977, 1, 1, 1, 1, 1, 0.521, 0.0131, 0, 0, 0, 0, 0, 0, 0, 0, 0, 0, 0, 0, 0, 0, 0, 0, 0, 0, 0, 0, 0, 0 ], [ 0, 0, 0, 0, 0, 0, 0, 0, 0, 0, 0, 0, 0, 0.0283, 0.797, 0.8224, 0.8116, 0.9728, 1, 1, 1, 1, 0.7446, 0.1895, 0.0001, 0, 0, 0, 0, 0, 0, 0, 0, 0, 0, 0, 0, 0, 0, 0, 0, 0, 0, 0, 0 ], [ 0, 0, 0, 0, 0, 0, 0, 0, 0, 0, 0, 0, 0, 0, 0, 0, 0, 0.1198, 0.8766, 1, 1, 1, 1, 1, 0.6907, 0.1366, 0, 0, 0, 0, 0, 0, 0, 0, 0, 0, 0, 0, 0, 0, 0, 0, 0, 0, 0 ], [ 0, 0, 0, 0, 0, 0, 0, 0, 0, 0, 0, 0, 0, 0, 0, 0, 0, 0, 0.3867, 0.9946, 1, 1, 1, 1, 1, 0.9374, 0.5164, 0.0233, 0, 0, 0, 0, 0, 0, 0, 0, 0, 0, 0, 0, 0, 0, 0, 0, 0 ], [ 0, 0, 0, 0, 0, 0, 0, 0, 0, 0, 0, 0, 0, 0, 0, 0, 0, 0.0355, 0.0984, 0.7529, 1, 1, 1, 1, 1, 1, 1, 0.9284, 0.7545, 0.4605, 0.0246, 0, 0, 0, 0, 0, 0, 0, 0, 0, 0, 0, 0, 0, 0 ], [ 0, 0, 0, 0, 0, 0, 0, 0, 0, 0, 0, 0, 0, 0, 0, 0, 0, 0.0275, 0.565, 0.9872, 1, 1, 1, 1, 1, 1, 1, 1, 1, 1, 0.5564, 0.1388, 0.0754, 0, 0, 0, 0, 0, 0, 0, 0, 0, 0, 0, 0 ], [ 0, 0, 0, 0, 0, 0, 0, 0, 0, 0, 0, 0, 0, 0, 0, 0, 0, 0, 0, 0.2296, 0.9329, 1, 1, 1, 1, 1, 1, 1, 1, 1, 1, 1, 0.9986, 0.7577, 0.3541, 0.0896, 0, 0, 0, 0, 0, 0, 0, 0, 0 ], [ 0, 0, 0, 0, 0, 0, 0, 0, 0, 0, 0, 0, 0, 0, 0, 0, 0, 0, 0, 0, 0.5343, 1, 1, 1, 1, 1, 1, 1, 1, 1, 1, 1, 1, 1, 1, 0.9939, 0.6173, 0.2334, 0.0432, 0, 0, 0, 0, 0, 0 ], [ 0, 0, 0, 0, 0, 0, 0, 0, 0, 0, 0, 0, 0, 0, 0, 0, 0, 0, 0, 0, 0.0181, 0.6628, 0.9769, 1, 1, 1, 1, 1, 1, 1, 1, 1, 1, 1, 1, 1, 1, 1, 0.9875, 0.7483, 0.5657, 0.1232, 0, 0, 0 ], [ 0, 0, 0, 0, 0, 0, 0, 0, 0, 0, 0, 0, 0, 0, 0, 0, 0, 0, 0, 0, 0, 0, 0.1997, 0.9088, 1, 1, 1, 1, 1, 1, 1, 1, 1, 1, 1, 1, 1, 1, 1, 1, 1, 0.7884, 0.2374, 0, 0 ], [ 0, 0, 0, 0, 0, 0, 0, 0, 0, 0, 0, 0, 0, 0, 0, 0, 0, 0, 0, 0, 0, 0, 0, 0.1336, 0.853, 1, 1, 1, 1, 1, 1, 1, 1, 1, 1, 1, 1, 1, 1, 1, 1, 1, 0.9999, 0.3319, 0 ], [ 0, 0, 0, 0, 0, 0, 0, 0, 0, 0, 0, 0, 0, 0, 0, 0, 0, 0, 0, 0, 0, 0, 0, 0, 0.0811, 0.7867, 1, 1, 1, 1, 1, 1, 1, 1, 1, 1, 1, 1, 1, 1, 1, 1, 0.7206, 0.6639, 0.0804 ], [ 0, 0, 0, 0, 0, 0, 0, 0, 0, 0, 0, 0, 0, 0, 0, 0, 0, 0, 0, 0, 0, 0, 0, 0, 0, 0.0432, 0.7098, 1, 1, 1, 1, 1, 1, 1, 1, 1, 1, 1, 1, 0.8953, 0.657, 0.5255, 0.0553, 0, 0 ], [ 0, 0, 0, 0, 0, 0, 0, 0, 0, 0, 0, 0, 0, 0, 0, 0, 0, 0, 0, 0, 0, 0, 0, 0, 0, 0, 0.0172, 0.621, 1, 1, 1, 1, 1, 1, 1, 1, 1, 1, 1, 0.9868, 0.4888, 0.0405, 0, 0, 0 ], [ 0, 0, 0, 0, 0, 0, 0, 0, 0, 0, 0, 0, 0, 0, 0, 0, 0, 0, 0, 0, 0, 0, 0, 0, 0, 0, 0, 0.0029, 0.5257, 1, 1, 1, 1, 1, 1, 1, 1, 1, 1, 1, 1, 0.9355, 0.2253, 0, 0 ], [ 0, 0, 0, 0, 0, 0, 0, 0, 0, 0, 0, 0, 0, 0, 0, 0, 0, 0, 0, 0, 0, 0, 0, 0, 0, 0, 0, 0, 0.0045, 0.4502, 0.8998, 1, 1, 1, 1, 1, 1, 0.9993, 0.8818, 0.678, 0.4743, 0.2706, 0.0558, 0, 0 ], [ 0, 0, 0, 0, 0, 0, 0, 0, 0, 0, 0, 0, 0, 0, 0, 0, 0, 0, 0, 0, 0, 0, 0, 0, 0, 0, 0, 0, 0, 0, 0.0179, 0.3229, 0.728, 0.8962, 0.6967, 0.493, 0.2893, 0.0862, 0, 0, 0, 0, 0, 0, 0 ] ], "xmin": -20.25, "xmax": -18.375, "ymin": 64.833333333333329, "ymax": 66.166666666666657 }, "geometry": { "type": "MultiPolygon", "coordinates": [ [ [ [ -18.87009, 64.834235999000043 ], [ -19.024291499999947, 64.896711999000047 ], [ -19.024898017999931, 64.898942673000079 ], [ -19.028182673999936, 64.904368495000028 ], [ -19.042629327999975, 64.912180851000073 ], [ -19.04566570399993, 64.921529994000082 ], [ -19.223180982999963, 65.080757897000069 ], [ -19.321953418999954, 65.168799537000041 ], [ -19.351723609999965, 65.174867172000063 ], [ -19.357239509999943, 65.183901243000037 ], [ -19.368451096999934, 65.18873343100006 ], [ -19.378102714999955, 65.204058625000073 ], [ -19.401422665999974, 65.224410348000049 ], [ -19.394570752999982, 65.235759821000045 ], [ -19.402374575999943, 65.244912832000068 ], [ -19.416044040999964, 65.249841423000078 ], [ -19.408863845999974, 65.254911715000048 ], [ -19.411149001999945, 65.258495805000052 ], [ -19.408696349999957, 65.262736055000062 ], [ -19.410336935999965, 65.267282271000056 ], [ -19.436623702999952, 65.280677209000032 ], [ -19.458886460999963, 65.297960853000063 ], [ -19.483986097999946, 65.311853953000082 ], [ -19.506814781999935, 65.329000391000079 ], [ -19.507949964999966, 65.342163114000073 ], [ -19.458547617999955, 65.334045626000034 ], [ -19.44583300599993, 65.336996421000038 ], [ -19.440621498999974, 65.341159301000062 ], [ -19.458331655999928, 65.381504277000033 ], [ -19.471220482999968, 65.385618151000074 ], [ -19.483198726999944, 65.399782773000084 ], [ -19.478873128999965, 65.412106321000067 ], [ -19.482437218999962, 65.42141704900007 ], [ -19.499770738999928, 65.435633296000049 ], [ -19.513314777999938, 65.45375150600006 ], [ -19.546799087999943, 65.466146722000076 ], [ -19.574856478999948, 65.466036711000072 ], [ -19.587995486999944, 65.469291312000053 ], [ -19.624130442999956, 65.461603586000081 ], [ -19.656191023999952, 65.468764122000039 ], [ -19.671262113999944, 65.47502275100004 ], [ -19.665358395999931, 65.500016774000073 ], [ -19.669510002999971, 65.506979259000047 ], [ -19.665264166999975, 65.512249227000041 ], [ -19.658192477999933, 65.515030442000068 ], [ -19.61359149599997, 65.517944198000066 ], [ -19.601676786999974, 65.524418718000049 ], [ -19.603183342999955, 65.529777335000063 ], [ -19.62707401199998, 65.541178511000055 ], [ -19.626447657999961, 65.552359124000077 ], [ -19.649542430999929, 65.553419623000082 ], [ -19.664907296999957, 65.560611337000068 ], [ -19.692592145999981, 65.56500696300003 ], [ -19.711664766999945, 65.571410264000065 ], [ -19.720683578999967, 65.570571184000073 ], [ -19.735740818999943, 65.580270231000043 ], [ -19.775197289999937, 65.593968226000072 ], [ -19.832231537999974, 65.593770726000059 ], [ -19.836935, 65.603778999000042 ], [ -19.824735224999927, 65.610569311000063 ], [ -19.827689942999939, 65.618939345000058 ], [ -19.866269711999962, 65.636381314000062 ], [ -19.896227533999934, 65.633695985000031 ], [ -19.904305932999932, 65.638257433000035 ], [ -19.914944910999964, 65.639279567000074 ], [ -19.915186219999953, 65.65107289000008 ], [ -19.925092634999942, 65.666388973000039 ], [ -19.938040706999971, 65.675344276000033 ], [ -19.957457216999956, 65.677777584000069 ], [ -19.953885, 65.688763499000061 ], [ -19.958857084999977, 65.70053359800005 ], [ -19.943842562999976, 65.709849017000067 ], [ -19.960676329999956, 65.728243787000054 ], [ -19.949635522999927, 65.733865033000029 ], [ -19.948542946999964, 65.739444678000041 ], [ -19.952140110999949, 65.756529414000056 ], [ -20.005706234999934, 65.791218953000055 ], [ -20.004778046999945, 65.801051642000061 ], [ -20.001786489999972, 65.804078359000073 ], [ -19.964609909999979, 65.809261228000082 ], [ -19.962825362999979, 65.811770123000031 ], [ -20.002556174999938, 65.844561744000032 ], [ -20.027999206999937, 65.85451794100004 ], [ -20.040371754999967, 65.865624713000045 ], [ -20.052664499999935, 65.86561849900005 ], [ -20.048889015999976, 65.893858704000081 ], [ -20.073038696999959, 65.902342170000054 ], [ -20.08091438799994, 65.907669289000069 ], [ -20.08404, 65.913486999000042 ], [ -20.095626897999978, 65.927244991000066 ], [ -20.127824802999953, 65.953933154000083 ], [ -20.134050860999935, 65.975793431000056 ], [ -20.139300290999927, 65.983678287000032 ], [ -20.183130309999967, 66.015570645000082 ], [ -20.213561419999962, 66.044548261000045 ], [ -20.189930997999966, 66.087320872000078 ], [ -20.141664, 66.120459499000049 ], [ -20.136289562999934, 66.116115730000047 ], [ -20.114410525999972, 66.113592781000079 ], [ -20.097978787999978, 66.118859589000067 ], [ -20.092751061999934, 66.114144733000046 ], [ -20.096673838999948, 66.10714335800003 ], [ -20.09548351899997, 66.10433572900007 ], [ -20.06516260099994, 66.086347802000034 ], [ -20.036361068999952, 66.081249270000058 ], [ -20.04145129099993, 66.077509697000039 ], [ -20.041734715999951, 66.074135514000034 ], [ -20.034553652999932, 66.061193487000082 ], [ -20.012757694999948, 66.051661521000028 ], [ -20.014703182999938, 66.039578870000071 ], [ -20.005256048999968, 66.034609340000031 ], [ -20.003181641999959, 66.029156237000052 ], [ -19.993303572999935, 66.025907548000077 ], [ -19.986272868999947, 66.014900880000027 ], [ -19.945617603999949, 65.994132944000057 ], [ -19.939615744999969, 65.984272437000072 ], [ -19.928616389999945, 65.975388426000052 ], [ -19.920595680999952, 65.972658425000077 ], [ -19.921235225999965, 65.96834412100003 ], [ -19.931258409999941, 65.967693785000051 ], [ -19.935060861999943, 65.962215950000029 ], [ -19.926994571999955, 65.956990750000045 ], [ -19.91835993199993, 65.945275724000055 ], [ -19.902764096999931, 65.942183013000033 ], [ -19.876618681999958, 65.929110972000046 ], [ -19.869525877999934, 65.920401404000074 ], [ -19.869059302999972, 65.908902916000045 ], [ -19.862748765999982, 65.897812656000042 ], [ -19.842191563999961, 65.896799707000071 ], [ -19.828116766999926, 65.903355342000054 ], [ -19.774544486999957, 65.886763398000028 ], [ -19.752929385999948, 65.882513820000042 ], [ -19.737952052999958, 65.884043693000081 ], [ -19.730346047999944, 65.874871427000073 ], [ -19.709536835999927, 65.864677736000033 ], [ -19.688946453999961, 65.842481788000043 ], [ -19.673740857999974, 65.81349799000003 ], [ -19.661965932999976, 65.807931027000052 ], [ -19.663953183999979, 65.768567494000081 ], [ -19.660291651999955, 65.764489206000064 ], [ -19.641669307999962, 65.757561265000049 ], [ -19.647983420999935, 65.755471667000052 ], [ -19.646142361999978, 65.750802406000048 ], [ -19.613040201999979, 65.743980302000068 ], [ -19.587298855999961, 65.744122600000082 ], [ -19.561266240999942, 65.748048130000029 ], [ -19.553698975999964, 65.750702451000052 ], [ -19.553255130999958, 65.761722521000081 ], [ -19.540504406999958, 65.770378651000044 ], [ -19.483875763999947, 65.739444678000041 ], [ -19.473567539999976, 65.736816990000079 ], [ -19.452178950999951, 65.739444678000041 ], [ -19.409341919999974, 65.750657980000028 ], [ -19.398473012999943, 65.756506052000077 ], [ -19.396850108999956, 65.773522439000033 ], [ -19.374863929999947, 65.784418687000027 ], [ -19.372690280999961, 65.798767024000028 ], [ -19.384387197999956, 65.814492231000031 ], [ -19.362725927999975, 65.827779031000034 ], [ -19.361834956999928, 65.834137443000031 ], [ -19.39286091699995, 65.868241700000056 ], [ -19.400841906999972, 65.890941114000043 ], [ -19.42759764799996, 65.901616731000047 ], [ -19.428109937999977, 65.908154637000052 ], [ -19.434545159999971, 65.912495432000071 ], [ -19.43950629099993, 65.922914412000068 ], [ -19.474328914999944, 65.945352080000077 ], [ -19.501185680999981, 65.952985715000068 ], [ -19.508766668999954, 65.966163880000067 ], [ -19.494955180999966, 65.972021594000068 ], [ -19.432449246999965, 65.976535540000043 ], [ -19.415817919999938, 65.981953483000041 ], [ -19.405654543999958, 65.993291385000077 ], [ -19.406621660999974, 66.004693023000073 ], [ -19.411615895999944, 66.013276164000047 ], [ -19.43187377199996, 66.027952202000051 ], [ -19.438250620999952, 66.037965061000079 ], [ -19.43663068799998, 66.046560043000056 ], [ -19.428431197999942, 66.05215009300008 ], [ -19.389316529999974, 66.061775596000075 ], [ -19.357012622999946, 66.077592634000041 ], [ -19.338360294999973, 66.072629433000031 ], [ -19.32210781699996, 66.076093316000083 ], [ -19.256155121999939, 66.07673623900007 ], [ -19.223180982999963, 66.081703449000031 ], [ -19.189360740999973, 66.080699257000049 ], [ -19.166511770999932, 66.068775237000068 ], [ -19.148580937999952, 66.068461168000056 ], [ -19.135960242999943, 66.071964755000067 ], [ -19.130910074999974, 66.076697842000044 ], [ -19.138500308999937, 66.084242882000069 ], [ -19.136369080999941, 66.087519747000044 ], [ -19.10705386199993, 66.09015794000004 ], [ -19.08941847899996, 66.09681572900007 ], [ -19.089748988999929, 66.103732588000071 ], [ -19.082193748999941, 66.110002675000032 ], [ -19.08427067699995, 66.117371487000071 ], [ -19.063280651999946, 66.148913167000046 ], [ -19.05461399099994, 66.156045516000063 ], [ -19.044023, 66.159376499000075 ], [ -19.015301740999973, 66.142045004000067 ], [ -18.994181889999936, 66.134396623000043 ], [ -19.00377580299994, 66.126934468000059 ], [ -19.000468499999954, 66.120046931000047 ], [ -19.002520674999971, 66.113599091000083 ], [ -18.989680418999967, 66.103390083000079 ], [ -18.976963533999935, 66.098971548000065 ], [ -18.973076716999969, 66.093482746000063 ], [ -18.948051103999944, 66.089540138000075 ], [ -18.93041470299994, 66.079089379000038 ], [ -18.912201399999958, 66.077170638000041 ], [ -18.896370869999942, 66.068883820000053 ], [ -18.901310106999972, 66.059311317000038 ], [ -18.857920675999935, 66.043947798000033 ], [ -18.853383963999931, 66.039521175000061 ], [ -18.853446692999967, 66.036436609000077 ], [ -18.886804882999968, 66.023423104000074 ], [ -18.878008230999967, 66.008358915000031 ], [ -18.892034758999955, 65.987643723000076 ], [ -18.893395105999957, 65.98076552100008 ], [ -18.89000828099995, 65.974131705000048 ], [ -18.900093635999951, 65.972146036000083 ], [ -18.901821962999975, 65.969472998000072 ], [ -18.891496252999957, 65.951156810000043 ], [ -18.846268148999968, 65.934114697000041 ], [ -18.845422185999951, 65.915594976000079 ], [ -18.856752254999947, 65.903703335000046 ], [ -18.844582, 65.895590499000036 ], [ -18.867984124999964, 65.888266784000052 ], [ -18.884947798999974, 65.879558050000071 ], [ -18.910606817999962, 65.876318345000072 ], [ -18.937525956999934, 65.881027288000041 ], [ -18.956172574999982, 65.878521042000045 ], [ -18.977420405999965, 65.862752198000067 ], [ -18.984319101999972, 65.839181099000029 ], [ -18.980937308999955, 65.83500267200003 ], [ -18.961753378999958, 65.828477246000034 ], [ -18.948750196999981, 65.818406509000056 ], [ -18.918814194999982, 65.815096803000074 ], [ -18.894642820999934, 65.802870123000048 ], [ -18.860173973999963, 65.794526793000045 ], [ -18.837636553999971, 65.792719318000081 ], [ -18.820788799999946, 65.785283206000031 ], [ -18.819226044999937, 65.782992441000033 ], [ -18.821819478999942, 65.777726081000083 ], [ -18.80788950799996, 65.772975187000043 ], [ -18.798513409999941, 65.766857280000067 ], [ -18.795845715999974, 65.76151421600008 ], [ -18.82122361699993, 65.751489679000031 ], [ -18.816668356999969, 65.746826073000079 ], [ -18.825799024999981, 65.739444678000041 ], [ -18.827173306999953, 65.736358383000038 ], [ -18.805772304999948, 65.727097637000043 ], [ -18.805119556999955, 65.716510017000076 ], [ -18.799468024999953, 65.707487880000031 ], [ -18.789155783999945, 65.697563396000078 ], [ -18.779571499999975, 65.692820999000048 ], [ -18.784382210999979, 65.686405821000051 ], [ -18.797736701999952, 65.684576120000031 ], [ -18.804981377999979, 65.679233820000036 ], [ -18.837133417999951, 65.677369334000048 ], [ -18.862142380999956, 65.668937036000045 ], [ -18.850207157999932, 65.647748395000065 ], [ -18.840063058999931, 65.637276150000048 ], [ -18.840187455999967, 65.630571288000056 ], [ -18.847145028999932, 65.624294307000071 ], [ -18.842664212999978, 65.61871801500007 ], [ -18.88491236599998, 65.59990550200007 ], [ -18.882637385999942, 65.592638132000047 ], [ -18.89331324799997, 65.588006191000034 ], [ -18.88974030199995, 65.581420358000059 ], [ -18.892737499999953, 65.571277499000075 ], [ -18.917245454999943, 65.570649217000039 ], [ -18.960166178999941, 65.578719514000056 ], [ -18.984873281999967, 65.574618272000066 ], [ -19.011362339999948, 65.579051913000058 ], [ -19.032422971999949, 65.57493001000006 ], [ -19.043067138999959, 65.575856893000037 ], [ -19.057420475999947, 65.583098999000072 ], [ -19.086663083999952, 65.591885383000033 ], [ -19.107919137999943, 65.594157395000082 ], [ -19.145028430999957, 65.615335024000046 ], [ -19.155706662999933, 65.624495103000072 ], [ -19.192959361999954, 65.625228112000059 ], [ -19.193910873999982, 65.628360143000066 ], [ -19.187330632999931, 65.635446323000053 ], [ -19.188823047999961, 65.640196907000075 ], [ -19.222645411999963, 65.659318382000038 ], [ -19.242183969999928, 65.664767424000047 ], [ -19.408427854999957, 65.664821413000084 ], [ -19.411496738999972, 65.644561949000035 ], [ -19.424829603999967, 65.625312990000054 ], [ -19.41232998199996, 65.610206379000033 ], [ -19.388130085999933, 65.600402452000083 ], [ -19.370489443999929, 65.577454068000065 ], [ -19.365777887999968, 65.565613061000079 ], [ -19.372878723999975, 65.558727959000066 ], [ -19.37330443899998, 65.553232828000034 ], [ -19.36592922899996, 65.542633128000034 ], [ -19.352536641999961, 65.512076295000043 ], [ -19.328322462999949, 65.502684316000057 ], [ -19.289093216999959, 65.471311376000074 ], [ -19.259106389999943, 65.463280269000052 ], [ -19.237724187999959, 65.452544524000075 ], [ -19.224553515999958, 65.440169329000071 ], [ -19.19509659199997, 65.428684630000078 ], [ -19.190025299999945, 65.419617883000058 ], [ -19.180419316999973, 65.412649126000076 ], [ -19.133456385999978, 65.391680890000032 ], [ -19.127995017999979, 65.384403657000064 ], [ -19.11518812099996, 65.375698863000082 ], [ -19.092885285999955, 65.368890284000031 ], [ -19.06135883099995, 65.365510629000028 ], [ -19.014860384999963, 65.351914271000055 ], [ -18.98261056299998, 65.32863487700007 ], [ -18.992429668999932, 65.323175177000053 ], [ -18.993834371999981, 65.31904823800005 ], [ -18.971239723999929, 65.306072439000047 ], [ -18.933273589999942, 65.295275888000049 ], [ -18.888024518999941, 65.295690174000072 ], [ -18.807437350999976, 65.262086001000057 ], [ -18.756709332999947, 65.25042540700008 ], [ -18.741265601999942, 65.241360668000027 ], [ -18.732904172999952, 65.232480997000039 ], [ -18.716047875999948, 65.228738230000033 ], [ -18.665580710999961, 65.209858276000034 ], [ -18.649109786999929, 65.212498323000034 ], [ -18.591158995999933, 65.193395129000066 ], [ -18.542488935999927, 65.188039710000055 ], [ -18.53072100199995, 65.180173234000051 ], [ -18.525719682999977, 65.162634638000043 ], [ -18.514428990999932, 65.152152175000083 ], [ -18.446849598999961, 65.119064619000028 ], [ -18.443789208999931, 65.104641094000044 ], [ -18.445767018999959, 65.099829490000047 ], [ -18.433955307999952, 65.080647869000074 ], [ -18.402828537999937, 65.061873891000062 ], [ -18.40470163599997, 65.056730600000037 ], [ -18.428568798999947, 65.051553193000075 ], [ -18.462947389999954, 65.052909794000072 ], [ -18.480497342999968, 65.061471795000045 ], [ -18.492144607999933, 65.055545147000032 ], [ -18.487118257999953, 65.041746032000049 ], [ -18.488525787999947, 65.037836946000027 ], [ -18.502844388999961, 65.027094048000038 ], [ -18.524575033999952, 65.017059454000048 ], [ -18.553313137999965, 65.011607960000049 ], [ -18.588684625999974, 65.019374860000028 ], [ -18.595815367999933, 65.017060203000028 ], [ -18.593961060999959, 65.007219644000031 ], [ -18.587096882999958, 65.000420044000066 ], [ -18.586356189999947, 64.994155456000044 ], [ -18.562247402999958, 64.977106210000045 ], [ -18.538651946999948, 64.966991027000063 ], [ -18.531594656999971, 64.960095018000061 ], [ -18.504273971999964, 64.952431255000079 ], [ -18.498234769999954, 64.936096792000058 ], [ -18.472850764999976, 64.925630565000063 ], [ -18.472931037999956, 64.91957743200004 ], [ -18.484691171999941, 64.912757354000064 ], [ -18.87009, 64.834235999000043 ] ] ], [ [ [ -19.546418247999952, 66.030942332000052 ], [ -19.527861172999962, 66.018453009000041 ], [ -19.526584346999982, 65.99895099500003 ], [ -19.536851995999939, 66.005097978000038 ], [ -19.539817936999953, 66.015377035000029 ], [ -19.551103025999964, 66.024029751000057 ], [ -19.550921890999973, 66.028479913000069 ], [ -19.546418247999952, 66.030942332000052 ] ] ], [ [ [ -19.683809634999932, 65.951139389000048 ], [ -19.68316822099996, 65.948874606000061 ], [ -19.686836653999933, 65.942516832000081 ], [ -19.691803374999949, 65.943608485000084 ], [ -19.694602992999933, 65.946378804000062 ], [ -19.683809634999932, 65.951139389000048 ] ] ] ] } },
{ "type": "Feature", "properties": { "GISCO_ID": "IS_5508", "CNTR_CODE": "IS", "LAU_ID": "5508", "LAU_NAME": "Húnaþing vestra", "cell_coverage": [ [ 0, 0, 0, 0, 0, 0, 0, 0, 0, 0, 0, 0, 0, 0, 0, 0, 0, 0, 0.1024, 0.3501, 0.2225, 0, 0, 0, 0, 0, 0, 0, 0, 0, 0, 0, 0, 0 ], [ 0, 0, 0, 0, 0, 0, 0, 0, 0, 0, 0, 0, 0, 0, 0, 0.0001, 0.1934, 0.6841, 0.9802, 1, 0.8274, 0, 0, 0, 0, 0, 0, 0, 0, 0, 0, 0, 0, 0 ], [ 0, 0, 0, 0, 0, 0, 0, 0, 0, 0, 0, 0, 0, 0.0108, 0.4096, 0.818, 1, 1, 1, 1, 0.8892, 0.2937, 0.0712, 0, 0, 0, 0, 0, 0, 0, 0, 0, 0, 0 ], [ 0, 0, 0, 0, 0, 0, 0, 0, 0, 0, 0, 0, 0, 0.5944, 1, 1, 1, 1, 1, 1, 1, 1, 0.4797, 0, 0, 0, 0, 0, 0, 0, 0, 0, 0, 0 ], [ 0, 0, 0, 0, 0, 0, 0, 0, 0, 0, 0, 0, 0.2519, 0.9837, 1, 1, 1, 1, 1, 1, 1, 1, 0.8324, 0.4707, 0.071, 0, 0, 0, 0, 0, 0, 0, 0, 0 ], [ 0, 0, 0, 0.0005, 0.2728, 0.2526, 0, 0, 0, 0, 0, 0, 0.6549, 1, 1, 1, 1, 1, 1, 1, 1, 1, 1, 1, 0.9762, 0.4375, 0, 0, 0, 0, 0, 0, 0, 0 ], [ 0, 0, 0.15, 0.7653, 1, 0.9778, 0.5882, 0.0723, 0, 0.0653, 0.8163, 0.093, 0.344, 0.9999, 1, 1, 1, 1, 1, 1, 1, 1, 1, 1, 1, 0.7733, 0.0302, 0, 0, 0, 0, 0, 0, 0 ], [ 0.0727, 0.4886, 0.9634, 1, 1, 1, 0.9971, 0.3231, 0, 0.0306, 0.9909, 0.7664, 0.0313, 0.6924, 1, 1, 1, 1, 1, 1, 1, 1, 1, 1, 0.8502, 0.0059, 0, 0, 0, 0, 0, 0, 0, 0 ], [ 0.2339, 0.9702, 1, 1, 1, 1, 1, 0.5846, 0, 0, 0.7671, 1, 0.7717, 0.4233, 0.9892, 1, 1, 1, 1, 1, 1, 1, 1, 1, 0.992, 0.0735, 0, 0, 0, 0, 0, 0, 0, 0 ], [ 0, 0.2796, 0.8837, 1, 1, 1, 1, 0.4897, 0, 0.0623, 0.8427, 1, 1, 1, 1, 1, 1, 1, 1, 1, 1, 1, 1, 1, 1, 0.9753, 0.766, 0.641, 0.2972, 0, 0, 0, 0, 0 ], [ 0, 0, 0.0003, 0.6056, 0.9987, 1, 1, 0.9746, 0.2513, 0.4625, 1, 1, 1, 1, 1, 1, 1, 1, 1, 1, 1, 1, 1, 1, 1, 1, 1, 0.7384, 0.1196, 0, 0, 0, 0, 0 ], [ 0, 0, 0, 0, 0.1455, 0.892, 1, 1, 0.9303, 0.3211, 0.9414, 1, 1, 1, 1, 1, 1, 1, 1, 1, 1, 1, 1, 1, 1, 1, 1, 0.9512, 0.3798, 0.0002, 0, 0, 0, 0 ], [ 0, 0, 0, 0, 0, 0.5211, 1, 1, 1, 0.7408, 0.5954, 1, 1, 1, 1, 1, 1, 1, 1, 1, 1, 1, 1, 1, 1, 1, 1, 1, 1, 0.6568, 0.0272, 0, 0, 0 ], [ 0, 0, 0, 0, 0, 0.413, 1, 1, 1, 0.9606, 0.903, 1, 1, 1, 1, 1, 1, 1, 1, 1, 1, 1, 1, 1, 1, 1, 1, 1, 1, 1, 0.6003, 0, 0, 0 ], [ 0, 0, 0, 0, 0.3932, 0.9945, 1, 1, 1, 1, 1, 1, 1, 1, 1, 1, 1, 1, 1, 1, 1, 1, 1, 1, 1, 1, 1, 1, 1, 1, 1, 0.3869, 0, 0 ], [ 0, 0, 0, 0, 0, 0.1619, 0.9017, 1, 1, 1, 1, 1, 1, 1, 1, 1, 1, 1, 1, 1, 1, 1, 1, 1, 1, 1, 1, 1, 1, 1, 1, 0.9693, 0.2042, 0 ], [ 0, 0, 0, 0, 0, 0, 0.0711, 0.7995, 1, 1, 1, 1, 1, 1, 1, 1, 1, 1, 1, 1, 1, 1, 1, 1, 1, 1, 1, 1, 1, 1, 1, 1, 0.8807, 0.08 ], [ 0, 0, 0, 0, 0, 0, 0, 0.0001, 0.125, 0.4268, 0.6097, 0.8465, 0.9919, 1, 1, 1, 1, 1, 1, 1, 1, 1, 1, 1, 1, 1, 1, 1, 1, 1, 1, 1, 1, 0.6338 ], [ 0, 0, 0, 0, 0, 0, 0, 0, 0, 0, 0, 0, 0.0605, 0.2901, 0.4112, 0.6131, 0.7379, 0.8045, 0.941, 1, 1, 0.9234, 0.7996, 0.6432, 0.419, 0.2068, 0.2165, 0.3098, 0.4031, 0.4727, 0.4795, 0.483, 0.4864, 0.2624 ], [ 0, 0, 0, 0, 0, 0, 0, 0, 0, 0, 0, 0, 0, 0, 0, 0, 0, 0, 0.0004, 0.0791, 0.1695, 0.0614, 0, 0, 0, 0, 0, 0, 0, 0, 0, 0, 0, 0 ] ], "xmin": -21.5, "xmax": -20.083333333333332, "ymin": 64.875, "ymax": 65.708333333333314 }, "geometry": { "type": "MultiPolygon", "coordinates": [ [ [ [ -21.484139, 65.374190499000065 ], [ -21.43229574399993, 65.396972409000057 ], [ -21.347869997999965, 65.453510208000068 ], [ -21.321666854999933, 65.463603116000058 ], [ -21.307086708999975, 65.473863529000027 ], [ -21.282908499999962, 65.483455999000057 ], [ -21.271659020999948, 65.47029464600007 ], [ -21.267806234999966, 65.459021406000033 ], [ -21.24798760799996, 65.452758714000083 ], [ -21.242416025999944, 65.445682115000068 ], [ -21.220947832999968, 65.438784791000046 ], [ -21.214806113999941, 65.431931969000061 ], [ -21.200863755999933, 65.434658474000059 ], [ -21.197250279999935, 65.432781616000057 ], [ -21.197669675999975, 65.427640411000027 ], [ -21.21067736599997, 65.414456663000067 ], [ -21.18832729099995, 65.396723015000077 ], [ -21.190933110999936, 65.380176981000034 ], [ -21.187190622999935, 65.36130137300006 ], [ -21.180876934999958, 65.352252983000028 ], [ -21.180102738999949, 65.33799227600008 ], [ -21.187069676999954, 65.321668440000053 ], [ -21.176636986999938, 65.315658703000054 ], [ -21.18897691799998, 65.318332387000055 ], [ -21.195904222999957, 65.304786188000037 ], [ -21.187752813999964, 65.295684579000067 ], [ -21.169713913999942, 65.291393766000056 ], [ -21.17266017299994, 65.284598431000063 ], [ -21.161288438999975, 65.276738697000042 ], [ -21.159569997999938, 65.269244816000082 ], [ -21.135036432999982, 65.250563199000055 ], [ -21.133842198999957, 65.240314810000029 ], [ -21.096859579999943, 65.212039256000082 ], [ -21.091014133999977, 65.159401714000069 ], [ -21.082018516999938, 65.156471664000037 ], [ -21.070158645999982, 65.157425445000058 ], [ -21.064620206999962, 65.161925051000082 ], [ -21.063535540999965, 65.17129518400003 ], [ -21.068234643999972, 65.200743787000079 ], [ -21.095199709999974, 65.24804172100005 ], [ -21.106871384999977, 65.255621287000054 ], [ -21.112010620999968, 65.265386944000056 ], [ -21.103884626999957, 65.275401508000073 ], [ -21.091998398999976, 65.281323591000046 ], [ -21.09655550399998, 65.295418881000046 ], [ -21.079754968999964, 65.307101731000046 ], [ -21.068763611999941, 65.327404283000078 ], [ -21.071147586999928, 65.349330484000063 ], [ -21.081788939999967, 65.379206465000038 ], [ -21.08666918299997, 65.404470998000079 ], [ -21.082457378999948, 65.423523001000035 ], [ -21.092323287999932, 65.44765093400008 ], [ -21.070610909999971, 65.454968980000046 ], [ -21.058514706999972, 65.453241069000057 ], [ -21.04150249099996, 65.440144659000055 ], [ -21.032058605999964, 65.422931292000044 ], [ -20.989573539999981, 65.374216711000031 ], [ -20.955811428999937, 65.348510704000034 ], [ -20.929803484999979, 65.347932874000037 ], [ -20.91385321599995, 65.354213492000042 ], [ -20.913861838999935, 65.358809251000082 ], [ -20.946849854999982, 65.394151691000047 ], [ -20.956428544999937, 65.415255811000065 ], [ -20.973688853999931, 65.432133843000031 ], [ -20.97727894999997, 65.44950289500008 ], [ -20.990091253999935, 65.479393234000042 ], [ -20.975763868999934, 65.512730935000036 ], [ -20.951930130999926, 65.541061939000031 ], [ -20.940345649999927, 65.562355849000028 ], [ -20.93925777499993, 65.574006956000062 ], [ -20.93651078299996, 65.577397576000067 ], [ -20.90908753399998, 65.591711058000044 ], [ -20.88704648099997, 65.607086720000041 ], [ -20.841865255999949, 65.621027706000064 ], [ -20.823383966999927, 65.630765521000058 ], [ -20.79835118799997, 65.636346261000028 ], [ -20.760163873999943, 65.660943574000044 ], [ -20.73848520699994, 65.665004666000073 ], [ -20.708526534999976, 65.679845201000035 ], [ -20.692911553999977, 65.677781616000061 ], [ -20.67084458599993, 65.686399534000032 ], [ -20.660004294999965, 65.683833211000035 ], [ -20.652099157999942, 65.674898800000051 ], [ -20.627358526999956, 65.67248623200004 ], [ -20.635852191999959, 65.653250764000063 ], [ -20.628564470999947, 65.628011314000048 ], [ -20.634906740999952, 65.603183039000044 ], [ -20.629149696999946, 65.598013734000062 ], [ -20.596795, 65.595499499000027 ], [ -20.591888130999962, 65.592891891000079 ], [ -20.57604424699997, 65.593201665000038 ], [ -20.574575711999955, 65.588616056000035 ], [ -20.561712182999941, 65.584432698000057 ], [ -20.561179898999967, 65.567822965000062 ], [ -20.565307136999934, 65.548038163000058 ], [ -20.57389810799998, 65.538956314000075 ], [ -20.574143860999982, 65.534863938000058 ], [ -20.550372742999969, 65.531934990000082 ], [ -20.519602629999952, 65.520221452000044 ], [ -20.499396462999982, 65.507799789000046 ], [ -20.465867533999983, 65.499187498000083 ], [ -20.462843302999943, 65.494390656000064 ], [ -20.446644979999974, 65.486315405000028 ], [ -20.444800280999971, 65.481582933000084 ], [ -20.434629584999982, 65.478394388000083 ], [ -20.416006652999954, 65.449757527000031 ], [ -20.411763666999946, 65.431985829000041 ], [ -20.447440835999942, 65.424142763000077 ], [ -20.464309497999977, 65.412585858000057 ], [ -20.469478594999941, 65.39794104300006 ], [ -20.465304282999966, 65.387368567000067 ], [ -20.453981608999982, 65.374963911000066 ], [ -20.460385255999938, 65.363658032000046 ], [ -20.45679655999993, 65.346420068000043 ], [ -20.452304303999938, 65.339519849000055 ], [ -20.446251829999937, 65.336030483000059 ], [ -20.360347066999964, 65.314825412000062 ], [ -20.35472896899995, 65.31565781900008 ], [ -20.350088767999978, 65.32010861100008 ], [ -20.323798736999947, 65.323180697000055 ], [ -20.31643027399997, 65.311853953000082 ], [ -20.318839448999938, 65.305595642000071 ], [ -20.31016072999995, 65.296270485000036 ], [ -20.316532586999926, 65.288805674000059 ], [ -20.316870955999946, 65.283689699000035 ], [ -20.356621998999969, 65.262885036000057 ], [ -20.359113908999973, 65.251824387000056 ], [ -20.345791834999943, 65.248183846000074 ], [ -20.252590638999948, 65.180923127000028 ], [ -20.122915395999939, 65.01606546000005 ], [ -20.109917499999938, 64.999735999000052 ], [ -20.091518, 64.973927999000068 ], [ -20.107030499999951, 64.937941999000032 ], [ -20.122915395999939, 64.937989811000079 ], [ -20.280250913999964, 64.938527100000044 ], [ -20.428086691999965, 64.952323834000083 ], [ -20.54956150299995, 64.925094202000082 ], [ -20.59733195299998, 64.924239593000038 ], [ -20.608599754999943, 64.911392449000061 ], [ -20.653972587999931, 64.908753970000078 ], [ -20.786850283999968, 64.927050664000035 ], [ -20.838905182999952, 64.928137292000031 ], [ -20.860222682999961, 64.933321152000076 ], [ -20.869581061999952, 64.939584169000057 ], [ -20.88786003599995, 64.938346778000039 ], [ -20.902920670999947, 64.943508168000051 ], [ -20.941406632999929, 64.944911986000079 ], [ -20.959717083999976, 64.953435863000038 ], [ -20.976860408999983, 64.954638529000079 ], [ -21.001620634999938, 64.96161212800007 ], [ -21.061700462999966, 64.971377119000067 ], [ -21.077206295999929, 64.98370983600006 ], [ -21.081440725999983, 64.983142407000059 ], [ -21.086106909999955, 64.977272018000065 ], [ -21.101933995999957, 64.97891788000004 ], [ -21.116347569999959, 64.987834968000072 ], [ -21.188022, 65.00474549900008 ], [ -21.195743968999977, 65.009304331000067 ], [ -21.207059762999961, 65.027820269000074 ], [ -21.21660143899993, 65.035847389000082 ], [ -21.247954608999976, 65.047263087000033 ], [ -21.240389382999979, 65.057528296000044 ], [ -21.242481586999929, 65.062367259000041 ], [ -21.274217805999967, 65.079151661000083 ], [ -21.328208049999944, 65.098252624000054 ], [ -21.284733298999981, 65.127325730000052 ], [ -21.256626220999976, 65.153358682000032 ], [ -21.254341925999938, 65.158863286000042 ], [ -21.263262580999935, 65.16796934000007 ], [ -21.27053269399994, 65.181001542000047 ], [ -21.280184110999983, 65.214740135000056 ], [ -21.292267170999935, 65.234561773000053 ], [ -21.303249200999971, 65.241512402000069 ], [ -21.339574350999953, 65.253225152000027 ], [ -21.347995638999976, 65.262750384000071 ], [ -21.365614376999929, 65.269864072000075 ], [ -21.369969291999951, 65.285250661000077 ], [ -21.37323656999996, 65.290727261000029 ], [ -21.410111169999936, 65.299664932000042 ], [ -21.442522825999959, 65.325954175000049 ], [ -21.484139, 65.374190499000065 ] ] ] ] } },
{ "type": "Feature", "properties": { "GISCO_ID": "IS_5604", "CNTR_CODE": "IS", "LAU_ID": "5604", "LAU_NAME": "Blönduóssbær", "cell_coverage": [ [ 0, 0.2428, 0.3968, 0.3907, 0.4248, 0.234, 0, 0, 0, 0, 0, 0, 0 ], [ 0.1029, 0.9594, 1, 1, 1, 0.9992, 0.5726, 0.4586, 0.5663, 0.1648, 0, 0, 0 ], [ 0.1246, 0.522, 0.7328, 0.6189, 0.9489, 1, 1, 0.9857, 0.8231, 0.967, 0.2794, 0.1378, 0 ], [ 0, 0, 0, 0, 0.2053, 0.6837, 0.9651, 0.7663, 0.0129, 0.2115, 0.4429, 0.4516, 0.0503 ], [ 0, 0, 0, 0, 0, 0, 0.0286, 0.0532, 0, 0, 0, 0, 0 ] ], "xmin": -20.333333333333336, "xmax": -19.791666666666668, "ymin": 65.541666666666657, "ymax": 65.75 }, "geometry": { "type": "MultiPolygon", "coordinates": [ [ [ [ -19.953885, 65.688763499000061 ], [ -19.957457216999956, 65.677777584000069 ], [ -19.938040706999971, 65.675344276000033 ], [ -19.925092634999942, 65.666388973000039 ], [ -19.915186219999953, 65.65107289000008 ], [ -19.914944910999964, 65.639279567000074 ], [ -19.904305932999932, 65.638257433000035 ], [ -19.896227533999934, 65.633695985000031 ], [ -19.866269711999962, 65.636381314000062 ], [ -19.827689942999939, 65.618939345000058 ], [ -19.824735224999927, 65.610569311000063 ], [ -19.836935, 65.603778999000042 ], [ -19.862947531999964, 65.607258629000057 ], [ -19.90456947399997, 65.604831911000076 ], [ -19.909517382999979, 65.608939999000029 ], [ -19.953215458999978, 65.619999845000052 ], [ -19.968072296999935, 65.631532500000048 ], [ -19.984518221999963, 65.636839619000057 ], [ -20.011302839999928, 65.624605073000055 ], [ -20.003082218999964, 65.613865201000067 ], [ -19.993401118999941, 65.610129433000054 ], [ -20.010248459999957, 65.599836461000052 ], [ -20.028819157999976, 65.578949069000032 ], [ -20.035879159999979, 65.575359917000071 ], [ -20.057122968999977, 65.582884311000043 ], [ -20.093148807999967, 65.590421882000044 ], [ -20.099440652999931, 65.595168256000079 ], [ -20.116980781999928, 65.600103923000063 ], [ -20.122915395999939, 65.608859666000058 ], [ -20.15115521599995, 65.615312022000069 ], [ -20.155588196999929, 65.623223489000054 ], [ -20.154117262999932, 65.627494642000045 ], [ -20.180524815999945, 65.647104081000066 ], [ -20.202833278999947, 65.635803918000079 ], [ -20.249356270999954, 65.636386117000029 ], [ -20.253138546999935, 65.637799809000057 ], [ -20.253946067999948, 65.643686653000032 ], [ -20.308669499999951, 65.64937549900003 ], [ -20.303826579999964, 65.659458415000074 ], [ -20.294129907999945, 65.666991455000073 ], [ -20.300890032999973, 65.682912187000056 ], [ -20.299734347999959, 65.68769196900007 ], [ -20.291946715999927, 65.698106815000074 ], [ -20.279807325999968, 65.70651255000007 ], [ -20.278803892999974, 65.71624878700004 ], [ -20.264036, 65.725345499000071 ], [ -20.231110475999969, 65.723838016000059 ], [ -20.213790055999937, 65.726503151000031 ], [ -20.19799276699996, 65.723335858000041 ], [ -20.151224321999962, 65.727386369000044 ], [ -20.122915395999939, 65.723592698000061 ], [ -20.088208711999982, 65.714123163000068 ], [ -20.084904555999969, 65.707845092000071 ], [ -20.077148270999942, 65.70470066200005 ], [ -20.062935124999967, 65.689067092000073 ], [ -20.057762043999958, 65.68676924600004 ], [ -20.056186416999935, 65.681598669000039 ], [ -20.049646560999975, 65.677915410000082 ], [ -19.999872806999974, 65.691491836000068 ], [ -19.953885, 65.688763499000061 ] ] ] ] } },
{ "type": "Feature", "properties": { "GISCO_ID": "IS_5609", "CNTR_CODE": "IS", "LAU_ID": "5609", "LAU_NAME": "Sveitarfélagið Skagaströnd", "cell_coverage": [ [ 0, 0, 0, 0.0162, 0.6514, 0.8771, 0.4924 ], [ 0.2877, 0.5522, 0.5331, 0.5757, 0.7783, 0.4734, 0.1998 ], [ 0.2126, 0.2742, 0.0599, 0, 0, 0, 0 ] ], "xmin": -20.333333333333336, "xmax": -20.041666666666668, "ymin": 65.791666666666657, "ymax": 65.916666666666657 }, "geometry": { "type": "MultiPolygon", "coordinates": [ [ [ [ -20.311810499999979, 65.856360499000061 ], [ -20.217790617999981, 65.856313570000054 ], [ -20.191808919999971, 65.858639807000031 ], [ -20.154446907999954, 65.893757614000037 ], [ -20.153783396999927, 65.90680209900006 ], [ -20.08404, 65.913486999000042 ], [ -20.08091438799994, 65.907669289000069 ], [ -20.073038696999959, 65.902342170000054 ], [ -20.048889015999976, 65.893858704000081 ], [ -20.052664499999935, 65.86561849900005 ], [ -20.099638058999972, 65.860300467000059 ], [ -20.111119177999967, 65.850586199000077 ], [ -20.125157166999941, 65.845663149000075 ], [ -20.158235045999959, 65.840460628000073 ], [ -20.196254943999975, 65.841684713000063 ], [ -20.255533555999932, 65.823717496000029 ], [ -20.308114, 65.81727599900006 ], [ -20.30679130599998, 65.821137459000056 ], [ -20.309889362999968, 65.825037357000042 ], [ -20.320492738999974, 65.825137175000066 ], [ -20.324431456999946, 65.829365729000074 ], [ -20.32306097299994, 65.833121819000041 ], [ -20.313586500999975, 65.835815740000044 ], [ -20.309765217999939, 65.839949045000083 ], [ -20.310299882999971, 65.845770765000054 ], [ -20.318600072999971, 65.851697457000057 ], [ -20.311810499999979, 65.856360499000061 ] ] ] ] } },
{ "type": "Feature", "properties": { "GISCO_ID": "IS_5611", "CNTR_CODE": "IS", "LAU_ID": "5611", "LAU_NAME": "Skagabyggð", "cell_coverage": [ [ 0.0031, 0.1289, 0.1106, 0.4218, 0.465, 0.4931, 0.6795, 0.1538, 0, 0, 0, 0, 0 ], [ 0.0061, 0.8204, 1, 1, 1, 0.9796, 0.1368, 0, 0, 0, 0, 0, 0 ], [ 0.0925, 0.9495, 1, 1, 1, 0.9987, 0.4911, 0.0051, 0, 0, 0, 0, 0 ], [ 0, 0.4046, 1, 1, 1, 1, 1, 0.6411, 0, 0, 0, 0, 0 ], [ 0, 0.081, 0.9029, 1, 1, 1, 1, 0.9893, 0.4121, 0, 0, 0, 0 ], [ 0, 0, 0.2704, 0.9589, 1, 1, 0.9838, 0.3486, 0.1189, 0, 0, 0, 0 ], [ 0, 0, 0, 0.2357, 0.4478, 0.4669, 0.4243, 0.2217, 0.5266, 0.7442, 0.4671, 0.029, 0 ], [ 0, 0, 0, 0.1324, 0.7258, 0.9401, 1, 1, 1, 1, 0.9659, 0.4022, 0 ], [ 0, 0, 0, 0, 0.6759, 1, 1, 1, 1, 1, 0.9925, 0.5768, 0.033 ], [ 0, 0, 0, 0, 0.2464, 0.6032, 0.6093, 0.5752, 0.766, 1, 1, 0.9975, 0.1712 ], [ 0, 0, 0, 0, 0, 0, 0, 0, 0.0008, 0.4274, 0.5414, 0.4334, 0.0391 ] ], "xmin": -20.458333333333336, "xmax": -19.916666666666668, "ymin": 65.666666666666657, "ymax": 66.125 }, "geometry": { "type": "MultiPolygon", "coordinates": [ [ [ [ -20.264036, 65.725345499000071 ], [ -20.267705966999927, 65.730280848000064 ], [ -20.26549760599994, 65.739444678000041 ], [ -20.279210667999962, 65.765540765000083 ], [ -20.276946403999943, 65.78343443600005 ], [ -20.292292035999935, 65.792293997000058 ], [ -20.308114, 65.81727599900006 ], [ -20.255533555999932, 65.823717496000029 ], [ -20.196254943999975, 65.841684713000063 ], [ -20.158235045999959, 65.840460628000073 ], [ -20.125157166999941, 65.845663149000075 ], [ -20.111119177999967, 65.850586199000077 ], [ -20.099638058999972, 65.860300467000059 ], [ -20.052664499999935, 65.86561849900005 ], [ -20.040371754999967, 65.865624713000045 ], [ -20.027999206999937, 65.85451794100004 ], [ -20.002556174999938, 65.844561744000032 ], [ -19.962825362999979, 65.811770123000031 ], [ -19.964609909999979, 65.809261228000082 ], [ -20.001786489999972, 65.804078359000073 ], [ -20.004778046999945, 65.801051642000061 ], [ -20.005706234999934, 65.791218953000055 ], [ -19.952140110999949, 65.756529414000056 ], [ -19.948542946999964, 65.739444678000041 ], [ -19.949635522999927, 65.733865033000029 ], [ -19.960676329999956, 65.728243787000054 ], [ -19.943842562999976, 65.709849017000067 ], [ -19.958857084999977, 65.70053359800005 ], [ -19.953885, 65.688763499000061 ], [ -19.999872806999974, 65.691491836000068 ], [ -20.049646560999975, 65.677915410000082 ], [ -20.056186416999935, 65.681598669000039 ], [ -20.057762043999958, 65.68676924600004 ], [ -20.062935124999967, 65.689067092000073 ], [ -20.077148270999942, 65.70470066200005 ], [ -20.084904555999969, 65.707845092000071 ], [ -20.088208711999982, 65.714123163000068 ], [ -20.122915395999939, 65.723592698000061 ], [ -20.151224321999962, 65.727386369000044 ], [ -20.19799276699996, 65.723335858000041 ], [ -20.213790055999937, 65.726503151000031 ], [ -20.231110475999969, 65.723838016000059 ], [ -20.264036, 65.725345499000071 ] ] ], [ [ [ -20.141664, 66.120459499000049 ], [ -20.189930997999966, 66.087320872000078 ], [ -20.213561419999962, 66.044548261000045 ], [ -20.183130309999967, 66.015570645000082 ], [ -20.139300290999927, 65.983678287000032 ], [ -20.134050860999935, 65.975793431000056 ], [ -20.127824802999953, 65.953933154000083 ], [ -20.095626897999978, 65.927244991000066 ], [ -20.08404, 65.913486999000042 ], [ -20.153783396999927, 65.90680209900006 ], [ -20.154446907999954, 65.893757614000037 ], [ -20.191808919999971, 65.858639807000031 ], [ -20.217790617999981, 65.856313570000054 ], [ -20.311810499999979, 65.856360499000061 ], [ -20.309619685999962, 65.860716341000057 ], [ -20.311952629999951, 65.865229494000062 ], [ -20.322567269999979, 65.877378238000063 ], [ -20.34527667499998, 65.894321776000083 ], [ -20.351026090999937, 65.905337502000066 ], [ -20.370327331999931, 65.928925881000055 ], [ -20.371096755999929, 65.939348995000046 ], [ -20.380696263999937, 65.945900540000082 ], [ -20.388932829999931, 65.956529645000046 ], [ -20.390308643999958, 65.988918010000077 ], [ -20.409016870999949, 66.002526454000076 ], [ -20.414852350999979, 66.014831676000028 ], [ -20.432533662999958, 66.017402444000084 ], [ -20.421523248999961, 66.029225390000079 ], [ -20.402724258999967, 66.060850490000064 ], [ -20.405458200999931, 66.06878415500006 ], [ -20.419406335999952, 66.080767521000041 ], [ -20.419854357999952, 66.084440534000066 ], [ -20.41140452999997, 66.087772815000051 ], [ -20.381114113999956, 66.089965902000074 ], [ -20.346330068999976, 66.085737749000032 ], [ -20.307195260999947, 66.105174519000059 ], [ -20.243564803999959, 66.100858924000079 ], [ -20.219445272999963, 66.104785052000068 ], [ -20.205867974999933, 66.112158216000068 ], [ -20.168598547999977, 66.124976178000054 ], [ -20.141664, 66.120459499000049 ] ] ] ] } },
{ "type": "Feature", "properties": { "GISCO_ID": "IS_5612", "CNTR_CODE": "IS", "LAU_ID": "5612", "LAU_NAME": "Húnavatnshreppur", "cell_coverage": [ [ 0, 0, 0, 0, 0, 0, 0, 0.3469, 0.478, 0.2672, 0.3811, 0.0511, 0, 0, 0.0143, 0.1769, 0, 0, 0, 0, 0, 0, 0, 0, 0, 0, 0, 0, 0, 0, 0, 0, 0, 0, 0, 0, 0, 0, 0, 0, 0, 0, 0 ], [ 0.0158, 0.2162, 0.2823, 0.3323, 0.4307, 0.5788, 0.7948, 0.9945, 1, 1, 1, 0.7947, 0.3163, 0.0349, 0.2337, 0.9871, 0.7885, 0.5571, 0.5305, 0.2529, 0.1915, 0.003, 0, 0, 0, 0, 0, 0, 0, 0, 0, 0, 0, 0, 0, 0, 0, 0, 0, 0, 0, 0, 0 ], [ 0, 0.5203, 1, 1, 1, 1, 1, 1, 1, 1, 1, 1, 1, 0.9714, 0.9468, 1, 1, 1, 1, 1, 1, 0.8355, 0.5534, 0.3026, 0, 0, 0, 0, 0, 0, 0, 0, 0, 0, 0, 0, 0, 0, 0, 0, 0, 0, 0 ], [ 0, 0.1676, 0.5293, 0.929, 1, 1, 1, 1, 1, 1, 1, 1, 1, 1, 1, 1, 1, 1, 1, 1, 1, 1, 0.9932, 0.6268, 0.2023, 0, 0, 0, 0, 0, 0, 0, 0, 0, 0, 0, 0, 0, 0, 0, 0, 0, 0 ], [ 0, 0, 0, 0.0238, 0.5625, 1, 1, 1, 1, 1, 1, 1, 1, 1, 1, 1, 1, 1, 1, 1, 1, 1, 0.9717, 0.203, 0.1776, 0.1884, 0.0272, 0, 0, 0, 0, 0, 0, 0, 0, 0, 0, 0, 0, 0, 0, 0, 0 ], [ 0, 0, 0, 7.6921e-08, 0.2267, 0.9698, 1, 1, 1, 1, 1, 1, 1, 1, 1, 1, 1, 1, 1, 1, 1, 1, 1, 1, 1, 1, 0.8802, 0.1234, 0, 0, 0, 0, 0, 0, 0, 0, 0, 0, 0, 0, 0, 0, 0 ], [ 0, 0, 0, 0.1498, 0.9941, 1, 1, 1, 1, 1, 1, 1, 1, 1, 1, 1, 1, 1, 1, 1, 1, 1, 1, 1, 1, 1, 1, 0.6133, 0.0054, 0, 0, 0, 0, 0, 0, 0, 0, 0, 0, 0, 0, 0, 0 ], [ 0, 0, 0, 0.008, 0.9265, 1, 1, 1, 1, 1, 1, 1, 1, 1, 1, 1, 1, 1, 1, 1, 1, 1, 1, 1, 1, 1, 0.9645, 0.9016, 0.2471, 0, 0, 0, 0, 0, 0, 0, 0, 0, 0, 0, 0, 0, 0 ], [ 0, 0, 0, 0, 0.0247, 0.234, 0.359, 0.7028, 1, 1, 1, 1, 1, 1, 1, 1, 1, 1, 1, 1, 1, 1, 1, 1, 1, 1, 0.9725, 0.435, 0.0128, 0, 0, 0, 0, 0, 0, 0, 0, 0, 0, 0, 0, 0, 0 ], [ 0, 0, 0, 0, 0, 0, 0.2616, 0.8804, 1, 1, 1, 1, 1, 1, 1, 1, 1, 1, 1, 1, 1, 1, 1, 1, 1, 1, 1, 1, 0.7704, 0.0671, 0, 0, 0, 0, 0, 0, 0, 0, 0, 0, 0, 0, 0 ], [ 0, 0, 0, 0, 0, 0, 0.0488, 0.6202, 0.9998, 1, 1, 1, 1, 1, 1, 1, 1, 1, 1, 1, 1, 1, 1, 1, 1, 1, 1, 1, 1, 0.4657, 0, 0, 0, 0, 0, 0, 0, 0, 0, 0, 0, 0, 0 ], [ 0, 0, 0, 0, 0, 0, 0, 0, 0.3432, 0.9728, 1, 1, 1, 1, 1, 1, 1, 1, 1, 1, 1, 1, 1, 1, 1, 1, 1, 1, 1, 0.9819, 0.3372, 0.0231, 0, 0, 0, 0, 0, 0, 0, 0, 0, 0, 0 ], [ 0, 0, 0, 0, 0, 0, 0, 0, 0, 0.3997, 1, 1, 1, 1, 1, 1, 1, 1, 1, 1, 1, 1, 1, 1, 1, 1, 1, 1, 1, 1, 1, 0.8003, 0.0912, 0, 0, 0, 0, 0, 0, 0, 0, 0, 0 ], [ 0, 0, 0, 0, 0, 0, 0, 0, 0, 0, 0.6131, 1, 1, 1, 1, 1, 1, 1, 1, 1, 1, 1, 1, 1, 1, 1, 1, 1, 1, 1, 1, 1, 0.8664, 0.147, 0, 0, 0, 0, 0, 0, 0, 0, 0 ], [ 0, 0, 0, 0, 0, 0, 0, 0, 0, 0, 0.0307, 0.7958, 1, 1, 1, 1, 1, 1, 1, 1, 1, 1, 1, 1, 1, 1, 1, 1, 1, 1, 1, 1, 1, 0.9189, 0.2133, 0, 0, 0, 0, 0, 0, 0, 0 ], [ 0, 0, 0, 0, 0, 0, 0, 0, 0, 0, 0, 0.1193, 0.92, 1, 1, 1, 1, 1, 1, 1, 1, 1, 1, 1, 1, 1, 1, 1, 1, 1, 1, 1, 1, 1, 0.9568, 0.2902, 0, 0, 0, 0, 0, 0, 0 ], [ 0, 0, 0, 0, 0, 0, 0, 0, 0, 0, 0, 0, 0.3662, 1, 1, 1, 1, 1, 1, 1, 1, 1, 1, 1, 1, 1, 1, 1, 1, 1, 1, 1, 1, 1, 1, 0.9828, 0.379, 0, 0, 0, 0, 0, 0 ], [ 0, 0, 0, 0, 0, 0, 0, 0, 0, 0, 0, 0, 0.2274, 0.4939, 0.4981, 0.5024, 0.5066, 0.5108, 0.5151, 0.5954, 1, 1, 1, 1, 1, 1, 1, 1, 1, 1, 1, 1, 1, 1, 1, 1, 0.9971, 0.4743, 0, 0, 0, 0, 0 ], [ 0, 0, 0, 0, 0, 0, 0, 0, 0, 0, 0, 0, 0, 0, 0, 0, 0, 0, 0, 0.4348, 1, 1, 1, 1, 1, 1, 1, 1, 1, 1, 1, 1, 1, 1, 1, 1, 1, 0.9955, 0.5498, 0.1002, 0, 0, 0 ], [ 0, 0, 0, 0, 0, 0, 0, 0, 0, 0, 0, 0, 0, 0, 0, 0, 0, 0, 0, 0.1193, 0.187, 0.2518, 0.9112, 1, 1, 1, 1, 1, 1, 1, 1, 1, 1, 1, 1, 1, 1, 1, 1, 0.9821, 0.6771, 0.272, 0.0045 ], [ 0, 0, 0, 0, 0, 0, 0, 0, 0, 0, 0, 0, 0, 0, 0, 0, 0, 0, 0, 0, 0, 0, 0.0055, 0.1307, 0.3049, 0.4395, 0.4335, 0.4683, 0.6285, 0.7944, 0.9508, 1, 1, 1, 1, 1, 1, 1, 0.9184, 0.6627, 0.4013, 0.1399, 0.0002 ], [ 0, 0, 0, 0, 0, 0, 0, 0, 0, 0, 0, 0, 0, 0, 0, 0, 0, 0, 0, 0, 0, 0, 0, 0, 0, 0, 0, 0, 0, 0, 0.0003, 0.0572, 0.1556, 0.254, 0.3674, 0.5577, 0.447, 0.1856, 0.0058, 0, 0, 0, 0 ] ], "xmin": -20.625, "xmax": -18.833333333333332, "ymin": 64.75, "ymax": 65.666666666666657 }, "geometry": { "type": "MultiPolygon", "coordinates": [ [ [ [ -19.82054, 64.867565999000078 ], [ -19.808552272999975, 64.898942673000079 ], [ -19.794593576999944, 64.936620597000058 ], [ -20.107030499999951, 64.937941999000032 ], [ -20.091518, 64.973927999000068 ], [ -20.109917499999938, 64.999735999000052 ], [ -20.122915395999939, 65.01606546000005 ], [ -20.252590638999948, 65.180923127000028 ], [ -20.345791834999943, 65.248183846000074 ], [ -20.359113908999973, 65.251824387000056 ], [ -20.356621998999969, 65.262885036000057 ], [ -20.316870955999946, 65.283689699000035 ], [ -20.316532586999926, 65.288805674000059 ], [ -20.31016072999995, 65.296270485000036 ], [ -20.318839448999938, 65.305595642000071 ], [ -20.31643027399997, 65.311853953000082 ], [ -20.323798736999947, 65.323180697000055 ], [ -20.350088767999978, 65.32010861100008 ], [ -20.35472896899995, 65.31565781900008 ], [ -20.360347066999964, 65.314825412000062 ], [ -20.446251829999937, 65.336030483000059 ], [ -20.452304303999938, 65.339519849000055 ], [ -20.45679655999993, 65.346420068000043 ], [ -20.460385255999938, 65.363658032000046 ], [ -20.453981608999982, 65.374963911000066 ], [ -20.465304282999966, 65.387368567000067 ], [ -20.469478594999941, 65.39794104300006 ], [ -20.464309497999977, 65.412585858000057 ], [ -20.447440835999942, 65.424142763000077 ], [ -20.411763666999946, 65.431985829000041 ], [ -20.416006652999954, 65.449757527000031 ], [ -20.434629584999982, 65.478394388000083 ], [ -20.444800280999971, 65.481582933000084 ], [ -20.446644979999974, 65.486315405000028 ], [ -20.462843302999943, 65.494390656000064 ], [ -20.465867533999983, 65.499187498000083 ], [ -20.499396462999982, 65.507799789000046 ], [ -20.519602629999952, 65.520221452000044 ], [ -20.550372742999969, 65.531934990000082 ], [ -20.574143860999982, 65.534863938000058 ], [ -20.57389810799998, 65.538956314000075 ], [ -20.565307136999934, 65.548038163000058 ], [ -20.561179898999967, 65.567822965000062 ], [ -20.561712182999941, 65.584432698000057 ], [ -20.574575711999955, 65.588616056000035 ], [ -20.57604424699997, 65.593201665000038 ], [ -20.591888130999962, 65.592891891000079 ], [ -20.596795, 65.595499499000027 ], [ -20.50350272999998, 65.594983890000037 ], [ -20.437308835999943, 65.60095711300005 ], [ -20.37164318799995, 65.611237623000079 ], [ -20.325300092999953, 65.625011917000052 ], [ -20.308669499999951, 65.64937549900003 ], [ -20.253946067999948, 65.643686653000032 ], [ -20.253138546999935, 65.637799809000057 ], [ -20.249356270999954, 65.636386117000029 ], [ -20.202833278999947, 65.635803918000079 ], [ -20.180524815999945, 65.647104081000066 ], [ -20.154117262999932, 65.627494642000045 ], [ -20.155588196999929, 65.623223489000054 ], [ -20.15115521599995, 65.615312022000069 ], [ -20.122915395999939, 65.608859666000058 ], [ -20.116980781999928, 65.600103923000063 ], [ -20.099440652999931, 65.595168256000079 ], [ -20.093148807999967, 65.590421882000044 ], [ -20.057122968999977, 65.582884311000043 ], [ -20.035879159999979, 65.575359917000071 ], [ -20.028819157999976, 65.578949069000032 ], [ -20.010248459999957, 65.599836461000052 ], [ -19.993401118999941, 65.610129433000054 ], [ -20.003082218999964, 65.613865201000067 ], [ -20.011302839999928, 65.624605073000055 ], [ -19.984518221999963, 65.636839619000057 ], [ -19.968072296999935, 65.631532500000048 ], [ -19.953215458999978, 65.619999845000052 ], [ -19.909517382999979, 65.608939999000029 ], [ -19.90456947399997, 65.604831911000076 ], [ -19.862947531999964, 65.607258629000057 ], [ -19.836935, 65.603778999000042 ], [ -19.832231537999974, 65.593770726000059 ], [ -19.775197289999937, 65.593968226000072 ], [ -19.735740818999943, 65.580270231000043 ], [ -19.720683578999967, 65.570571184000073 ], [ -19.711664766999945, 65.571410264000065 ], [ -19.692592145999981, 65.56500696300003 ], [ -19.664907296999957, 65.560611337000068 ], [ -19.649542430999929, 65.553419623000082 ], [ -19.626447657999961, 65.552359124000077 ], [ -19.62707401199998, 65.541178511000055 ], [ -19.603183342999955, 65.529777335000063 ], [ -19.601676786999974, 65.524418718000049 ], [ -19.61359149599997, 65.517944198000066 ], [ -19.658192477999933, 65.515030442000068 ], [ -19.665264166999975, 65.512249227000041 ], [ -19.669510002999971, 65.506979259000047 ], [ -19.665358395999931, 65.500016774000073 ], [ -19.671262113999944, 65.47502275100004 ], [ -19.656191023999952, 65.468764122000039 ], [ -19.624130442999956, 65.461603586000081 ], [ -19.587995486999944, 65.469291312000053 ], [ -19.574856478999948, 65.466036711000072 ], [ -19.546799087999943, 65.466146722000076 ], [ -19.513314777999938, 65.45375150600006 ], [ -19.499770738999928, 65.435633296000049 ], [ -19.482437218999962, 65.42141704900007 ], [ -19.478873128999965, 65.412106321000067 ], [ -19.483198726999944, 65.399782773000084 ], [ -19.471220482999968, 65.385618151000074 ], [ -19.458331655999928, 65.381504277000033 ], [ -19.440621498999974, 65.341159301000062 ], [ -19.44583300599993, 65.336996421000038 ], [ -19.458547617999955, 65.334045626000034 ], [ -19.507949964999966, 65.342163114000073 ], [ -19.506814781999935, 65.329000391000079 ], [ -19.483986097999946, 65.311853953000082 ], [ -19.458886460999963, 65.297960853000063 ], [ -19.436623702999952, 65.280677209000032 ], [ -19.410336935999965, 65.267282271000056 ], [ -19.408696349999957, 65.262736055000062 ], [ -19.411149001999945, 65.258495805000052 ], [ -19.408863845999974, 65.254911715000048 ], [ -19.416044040999964, 65.249841423000078 ], [ -19.402374575999943, 65.244912832000068 ], [ -19.394570752999982, 65.235759821000045 ], [ -19.401422665999974, 65.224410348000049 ], [ -19.378102714999955, 65.204058625000073 ], [ -19.368451096999934, 65.18873343100006 ], [ -19.357239509999943, 65.183901243000037 ], [ -19.351723609999965, 65.174867172000063 ], [ -19.321953418999954, 65.168799537000041 ], [ -19.223180982999963, 65.080757897000069 ], [ -19.04566570399993, 64.921529994000082 ], [ -19.042629327999975, 64.912180851000073 ], [ -19.028182673999936, 64.904368495000028 ], [ -19.024898017999931, 64.898942673000079 ], [ -19.024291499999947, 64.896711999000047 ], [ -18.87009, 64.834235999000043 ], [ -19.133592, 64.76534699900003 ], [ -19.14552, 64.767999499000041 ], [ -19.17444, 64.774061999000082 ], [ -19.188846, 64.777228999000044 ], [ -19.207258, 64.778926499000079 ], [ -19.242597798999952, 64.782403799000065 ], [ -19.355028, 64.793466499000033 ], [ -19.48958, 64.815781499000082 ], [ -19.499649, 64.815661499000043 ], [ -19.56837, 64.814392999000063 ], [ -19.697006, 64.836800999000047 ], [ -19.721009, 64.866850999000064 ], [ -19.758899499999927, 64.86712299900006 ], [ -19.82054, 64.867565999000078 ] ] ] ] } },
{ "type": "Feature", "properties": { "GISCO_ID": "IS_5706", "CNTR_CODE": "IS", "LAU_ID": "5706", "LAU_NAME": "Akrahreppur", "cell_coverage": [ [ 0.0292, 0.8663, 0.9553, 0.955, 0.9546, 0.8455, 0.2194, 0, 0, 0, 0, 0, 0, 0, 0, 0, 0, 0, 0, 0, 0, 0, 0, 0, 0, 0, 0, 0, 0 ], [ 0.0217, 0.5556, 1, 1, 1, 1, 0.9988, 0.7888, 0.2885, 0.0547, 0, 0, 0, 0, 0, 0, 0, 0, 0, 0, 0, 0, 0, 0, 0, 0, 0, 0, 0 ], [ 0, 2.9619e-08, 0.879, 1, 1, 1, 1, 1, 1, 0.962, 0.8462, 0.8352, 0.787, 0.7022, 0.5569, 0.1459, 0.052, 0, 0, 0, 0, 0, 0, 0, 0, 0, 0, 0, 0 ], [ 0, 0, 0.479, 0.9869, 1, 1, 1, 1, 1, 1, 1, 1, 1, 1, 1, 1, 0.9738, 0.7307, 0.0481, 0, 0, 0, 0, 0, 0, 0, 0, 0, 0 ], [ 0, 0, 0, 0.2554, 0.8105, 0.9999, 1, 1, 1, 1, 1, 1, 1, 1, 1, 1, 0.9986, 0.5397, 0.021, 0, 0, 0, 0, 0, 0, 0, 0, 0, 0 ], [ 0, 0, 0, 0, 0, 0.3093, 0.8634, 1, 1, 1, 1, 1, 1, 1, 1, 1, 1, 0.9637, 0.0741, 0, 0, 0, 0, 0, 0, 0, 0, 0, 0 ], [ 0, 0, 0, 0, 0, 0, 0.0626, 0.4836, 0.9767, 1, 1, 1, 1, 1, 1, 1, 1, 1, 0.58, 0.059, 0, 0, 0, 0, 0, 0, 0, 0, 0 ], [ 0, 0, 0, 0, 0, 0, 0, 0, 0.0716, 0.2455, 0.5395, 0.9754, 1, 1, 1, 1, 1, 1, 1, 0.8815, 0.5077, 0.3742, 0.0514, 0, 0, 0, 0, 0, 0 ], [ 0, 0, 0, 0, 0, 0, 0, 0, 0, 0, 0, 0.4436, 0.8612, 0.9246, 1, 1, 1, 1, 1, 1, 1, 1, 0.3952, 0, 0, 0, 0, 0, 0 ], [ 0, 0, 0, 0, 0, 0, 0, 0, 0, 0, 0, 0, 0, 0.0014, 0.2423, 0.6459, 0.9104, 1, 1, 1, 1, 1, 0.7442, 0.0025, 0, 0, 0, 0, 0 ], [ 0, 0, 0, 0, 0, 0, 0, 0, 0, 0, 0, 0, 0, 0, 0, 0, 0.0061, 0.3827, 0.7666, 0.9568, 1, 1, 1, 0.8837, 0.6117, 0.3389, 0.0704, 0, 0 ], [ 0, 0, 0, 0, 0, 0, 0, 0, 0, 0, 0, 0, 0, 0, 0, 0, 0, 0, 0, 0.0125, 0.2517, 0.4343, 0.8768, 1, 1, 1, 0.4081, 0, 0 ], [ 0, 0, 0, 0, 0, 0, 0, 0, 0, 0, 0, 0, 0, 0, 0, 0, 0, 0, 0, 0, 0, 0, 0.2116, 0.7626, 1, 1, 0.7905, 0.0046, 0 ], [ 0, 0, 0, 0, 0, 0, 0, 0, 0, 0, 0, 0, 0, 0, 0, 0, 0, 0, 0, 0, 0, 0, 0, 0.0001, 0.6681, 1, 0.9968, 0.1457, 0 ], [ 0, 0, 0, 0, 0, 0, 0, 0, 0, 0, 0, 0, 0, 0, 0, 0, 0, 0, 0, 0, 0, 0, 0, 0.2794, 0.3361, 0.9196, 0.6426, 0, 0 ], [ 0, 0, 0, 0, 0, 0, 0, 0, 0, 0, 0, 0, 0, 0, 0, 0, 0, 0, 0, 0, 0.1047, 0.343, 0.4745, 0.9447, 1, 1, 0.3189, 0, 0 ], [ 0, 0, 0, 0, 0, 0, 0, 0, 0, 0, 0, 0, 0, 0, 0, 0, 0, 0, 0, 0, 0.0132, 0.5112, 0.9595, 1, 1, 1, 0.877, 0.235, 0 ], [ 0, 0, 0, 0, 0, 0, 0, 0, 0, 0, 0, 0, 0, 0, 0, 0, 0, 0, 0, 0, 0, 0, 0.0645, 0.7747, 1, 1, 0.971, 0.6796, 3.1689e-06 ], [ 0, 0, 0, 0, 0, 0, 0, 0, 0, 0, 0, 0, 0, 0, 0, 0, 0, 0, 0.0007, 0.1182, 0.322, 0.5257, 0.7294, 0.9442, 0.6863, 0.4064, 0.2455, 0, 0 ], [ 0, 0, 0, 0, 0, 0, 0, 0, 0, 0, 0, 0, 0, 0, 0.0978, 0.3033, 0.507, 0.7107, 0.9138, 0.9893, 0.8792, 0.745, 0.6108, 0.505, 0.0986, 0, 0, 0, 0 ], [ 0, 0, 0, 0, 0, 0, 0, 0, 0, 0, 0, 0, 0, 0, 0.1399, 0.478, 0.4161, 0.2819, 0.1477, 0.0242, 0, 0, 0, 0, 0, 0, 0, 0, 0 ] ], "xmin": -19.458333333333336, "xmax": -18.25, "ymin": 64.791666666666657, "ymax": 65.666666666666657 }, "geometry": { "type": "MultiPolygon", "coordinates": [ [ [ [ -18.87009, 64.834235999000043 ], [ -18.484691171999941, 64.912757354000064 ], [ -18.472931037999956, 64.91957743200004 ], [ -18.472850764999976, 64.925630565000063 ], [ -18.498234769999954, 64.936096792000058 ], [ -18.504273971999964, 64.952431255000079 ], [ -18.531594656999971, 64.960095018000061 ], [ -18.538651946999948, 64.966991027000063 ], [ -18.562247402999958, 64.977106210000045 ], [ -18.586356189999947, 64.994155456000044 ], [ -18.587096882999958, 65.000420044000066 ], [ -18.593961060999959, 65.007219644000031 ], [ -18.595815367999933, 65.017060203000028 ], [ -18.588684625999974, 65.019374860000028 ], [ -18.553313137999965, 65.011607960000049 ], [ -18.524575033999952, 65.017059454000048 ], [ -18.502844388999961, 65.027094048000038 ], [ -18.488525787999947, 65.037836946000027 ], [ -18.487118257999953, 65.041746032000049 ], [ -18.492144607999933, 65.055545147000032 ], [ -18.480497342999968, 65.061471795000045 ], [ -18.462947389999954, 65.052909794000072 ], [ -18.428568798999947, 65.051553193000075 ], [ -18.40470163599997, 65.056730600000037 ], [ -18.402828537999937, 65.061873891000062 ], [ -18.433955307999952, 65.080647869000074 ], [ -18.445767018999959, 65.099829490000047 ], [ -18.443789208999931, 65.104641094000044 ], [ -18.446849598999961, 65.119064619000028 ], [ -18.514428990999932, 65.152152175000083 ], [ -18.525719682999977, 65.162634638000043 ], [ -18.53072100199995, 65.180173234000051 ], [ -18.542488935999927, 65.188039710000055 ], [ -18.591158995999933, 65.193395129000066 ], [ -18.649109786999929, 65.212498323000034 ], [ -18.665580710999961, 65.209858276000034 ], [ -18.716047875999948, 65.228738230000033 ], [ -18.732904172999952, 65.232480997000039 ], [ -18.741265601999942, 65.241360668000027 ], [ -18.756709332999947, 65.25042540700008 ], [ -18.807437350999976, 65.262086001000057 ], [ -18.888024518999941, 65.295690174000072 ], [ -18.933273589999942, 65.295275888000049 ], [ -18.971239723999929, 65.306072439000047 ], [ -18.993834371999981, 65.31904823800005 ], [ -18.992429668999932, 65.323175177000053 ], [ -18.98261056299998, 65.32863487700007 ], [ -19.014860384999963, 65.351914271000055 ], [ -19.06135883099995, 65.365510629000028 ], [ -19.092885285999955, 65.368890284000031 ], [ -19.11518812099996, 65.375698863000082 ], [ -19.127995017999979, 65.384403657000064 ], [ -19.133456385999978, 65.391680890000032 ], [ -19.180419316999973, 65.412649126000076 ], [ -19.190025299999945, 65.419617883000058 ], [ -19.19509659199997, 65.428684630000078 ], [ -19.224553515999958, 65.440169329000071 ], [ -19.237724187999959, 65.452544524000075 ], [ -19.259106389999943, 65.463280269000052 ], [ -19.289093216999959, 65.471311376000074 ], [ -19.328322462999949, 65.502684316000057 ], [ -19.352536641999961, 65.512076295000043 ], [ -19.36592922899996, 65.542633128000034 ], [ -19.37330443899998, 65.553232828000034 ], [ -19.372878723999975, 65.558727959000066 ], [ -19.365777887999968, 65.565613061000079 ], [ -19.370489443999929, 65.577454068000065 ], [ -19.388130085999933, 65.600402452000083 ], [ -19.41232998199996, 65.610206379000033 ], [ -19.424829603999967, 65.625312990000054 ], [ -19.411496738999972, 65.644561949000035 ], [ -19.408427854999957, 65.664821413000084 ], [ -19.242183969999928, 65.664767424000047 ], [ -19.222645411999963, 65.659318382000038 ], [ -19.188823047999961, 65.640196907000075 ], [ -19.187330632999931, 65.635446323000053 ], [ -19.193910873999982, 65.628360143000066 ], [ -19.192959361999954, 65.625228112000059 ], [ -19.155706662999933, 65.624495103000072 ], [ -19.145028430999957, 65.615335024000046 ], [ -19.107919137999943, 65.594157395000082 ], [ -19.086663083999952, 65.591885383000033 ], [ -19.057420475999947, 65.583098999000072 ], [ -19.043067138999959, 65.575856893000037 ], [ -19.032422971999949, 65.57493001000006 ], [ -19.011362339999948, 65.579051913000058 ], [ -18.984873281999967, 65.574618272000066 ], [ -18.960166178999941, 65.578719514000056 ], [ -18.917245454999943, 65.570649217000039 ], [ -18.892737499999953, 65.571277499000075 ], [ -18.865021222999928, 65.569972470000039 ], [ -18.855951665999953, 65.563421692000077 ], [ -18.839437550999946, 65.561518589000059 ], [ -18.832327721999945, 65.55783010600004 ], [ -18.830535048999934, 65.549712140000054 ], [ -18.821945801999959, 65.545995219000076 ], [ -18.791131699999937, 65.548070034000034 ], [ -18.775834496999948, 65.545444961000044 ], [ -18.769056252999974, 65.540014092000035 ], [ -18.752489945999969, 65.538953223000078 ], [ -18.730008971999951, 65.53276756200006 ], [ -18.714685000999964, 65.523554157000035 ], [ -18.703206024999929, 65.510650663000035 ], [ -18.700132234999955, 65.498348388000068 ], [ -18.70777925799996, 65.493050622000055 ], [ -18.744732155999941, 65.479284388000053 ], [ -18.75185223699998, 65.470309102000044 ], [ -18.713157327999966, 65.463208415000054 ], [ -18.714260603999946, 65.450588134000043 ], [ -18.704562474999932, 65.439710224000066 ], [ -18.701506614999971, 65.430771045000029 ], [ -18.706752438999956, 65.408063771000059 ], [ -18.674779959999967, 65.392724458000032 ], [ -18.634156, 65.36411799900003 ], [ -18.618344492999938, 65.355818971000076 ], [ -18.560030272999938, 65.349429117000057 ], [ -18.537398304999954, 65.342624484000055 ], [ -18.528196643999934, 65.334186387000045 ], [ -18.525175388999969, 65.325854893000042 ], [ -18.524758614999939, 65.293846544000075 ], [ -18.497882088999972, 65.250293228000032 ], [ -18.351106416999983, 65.21025540800008 ], [ -18.359500717999936, 65.200438753000071 ], [ -18.359312871999975, 65.177411693000067 ], [ -18.321119084999964, 65.108253342000069 ], [ -18.368488078999974, 65.028298395000036 ], [ -18.36496085899995, 65.018214587000045 ], [ -18.354270453999959, 65.00714865100008 ], [ -18.345564194999952, 64.988294001000042 ], [ -18.317063770999937, 64.973519795000072 ], [ -18.311485948999973, 64.963967723000053 ], [ -18.300120818999972, 64.95872160600004 ], [ -18.304113642999937, 64.947399590000032 ], [ -18.303099043999964, 64.939885693000065 ], [ -18.291575843999965, 64.927405758000077 ], [ -18.314305248999972, 64.921702847000063 ], [ -18.336706951999929, 64.922516035000058 ], [ -18.348574664999944, 64.915912744000082 ], [ -18.346569322999983, 64.906509249000067 ], [ -18.356757953999931, 64.901464151000027 ], [ -18.377347131999954, 64.897731035000049 ], [ -18.399128178999945, 64.901007120000031 ], [ -18.435969846999967, 64.898573586000055 ], [ -18.439547877999928, 64.895065767000062 ], [ -18.440624683999943, 64.888121153000043 ], [ -18.435989481999968, 64.881445323000037 ], [ -18.444779512999958, 64.87458010000006 ], [ -18.44771243699995, 64.866644361000056 ], [ -18.453432417999977, 64.861873274000061 ], [ -18.452841, 64.855834999000081 ], [ -18.497873499999969, 64.852629999000044 ], [ -18.811802, 64.81049899900006 ], [ -18.87009, 64.834235999000043 ] ] ] ] } },
{ "type": "Feature", "properties": { "GISCO_ID": "IS_6000", "CNTR_CODE": "IS", "LAU_ID": "6000", "LAU_NAME": "Akureyrarbær", "cell_coverage": [ [ 0, 0, 0, 0, 0, 0, 0, 0, 0, 0, 0.2193, 0.0786 ], [ 0, 0, 0, 0, 0, 0, 0, 0, 0, 0, 0.0684, 0.143 ], [ 0, 0, 0, 0, 0, 0, 0, 0, 0, 0, 0, 0 ], [ 0, 0, 0, 0, 0, 0, 0, 0, 0, 0, 0, 0 ], [ 0, 0, 0, 0, 0, 0, 0, 0, 0, 0, 0, 0 ], [ 0, 0, 0, 0, 0, 0, 0, 0, 0, 0, 0, 0 ], [ 0, 0, 0, 0, 0, 0, 0, 0, 0, 0, 0, 0 ], [ 0, 0, 0, 0, 0, 0, 0, 0, 0, 0, 0, 0 ], [ 0, 0, 0, 0, 0, 0, 0, 0, 0, 0, 0, 0 ], [ 0, 0, 0, 0, 0, 0, 0, 0, 0, 0, 0, 0 ], [ 0, 0, 0, 0, 0, 0, 0, 0, 0, 0, 0, 0 ], [ 0, 0, 0, 0, 0, 0, 0, 0, 0, 0, 0, 0 ], [ 0, 0, 0, 0, 0, 0, 0, 0, 0, 0, 0, 0 ], [ 0.003, 0.3311, 0.0182, 0, 0, 0, 0, 0, 0, 0, 0, 0 ], [ 0, 0.2677, 0.2379, 0, 0, 0, 0, 0, 0, 0, 0, 0 ], [ 0, 0, 0, 0, 0, 0, 0, 0, 0, 0, 0, 0 ], [ 0, 0, 0, 0, 0, 0, 0, 0, 0, 0, 0, 0 ], [ 0, 0, 0, 0, 0, 0, 0, 0, 0, 0, 0, 0 ], [ 0, 0, 0, 0, 0, 0, 0, 0, 0, 0, 0, 0 ], [ 0, 0, 0, 0, 0, 0, 0, 0, 0, 0, 0, 0 ], [ 0, 0, 0, 0, 0, 0, 0, 0.0956, 0.0092, 0, 0, 0 ], [ 0, 0, 0, 0, 0.0747, 0.4294, 0.5654, 0.8953, 0.7722, 0.0237, 0, 0 ], [ 0, 0, 0.0097, 0.3101, 0.6404, 1, 1, 0.9383, 0.7258, 0.3053, 0, 0 ], [ 0, 0, 0.313, 1, 1, 0.9766, 0.3755, 0.023, 0, 0, 0, 0 ], [ 0, 0.1435, 0.6076, 0.6978, 0.6643, 0.2717, 0, 0, 0, 0, 0, 0 ] ], "xmin": -18.458333333333336, "xmax": -17.958333333333336, "ymin": 65.541666666666643, "ymax": 66.583333333333314 }, "geometry": { "type": "MultiPolygon", "coordinates": [ [ [ [ -18.018072207999978, 66.566120463000061 ], [ -17.983491490999938, 66.544646173000046 ], [ -17.979119375999971, 66.53712931900003 ], [ -17.981588649999935, 66.528390133000073 ], [ -17.99093772699996, 66.528065828000081 ], [ -18.020417989999942, 66.540029925000056 ], [ -18.025766429999976, 66.549474701000065 ], [ -18.01479551999995, 66.555899415000056 ], [ -18.018072207999978, 66.566120463000061 ] ] ], [ [ [ -18.051385499999981, 65.659013999000081 ], [ -18.051348898999947, 65.65175172000005 ], [ -18.059713033999969, 65.642952338000043 ], [ -18.091741829999933, 65.639191570000037 ], [ -18.145594091999953, 65.62756706600004 ], [ -18.190265695999926, 65.610355324000068 ], [ -18.20874403199997, 65.593491524000058 ], [ -18.222700492999934, 65.573686086000066 ], [ -18.258847102999937, 65.556663074000028 ], [ -18.290257114999974, 65.553130272000033 ], [ -18.345867311999939, 65.555945927000039 ], [ -18.38807, 65.556709499000078 ], [ -18.385062709999943, 65.56163426300003 ], [ -18.387546286999964, 65.571483889000035 ], [ -18.384499286999983, 65.578509821000068 ], [ -18.359155729999941, 65.57955763800004 ], [ -18.342452327999979, 65.586355641000068 ], [ -18.341672589999973, 65.592353955000078 ], [ -18.351514021999947, 65.60920507600008 ], [ -18.34689756399996, 65.61631587200003 ], [ -18.347436049999942, 65.623086184000044 ], [ -18.32148910199993, 65.633289056000081 ], [ -18.305978410999955, 65.643190169000036 ], [ -18.282764884999949, 65.643647584000064 ], [ -18.265200354999934, 65.649317324000037 ], [ -18.261420490999967, 65.653491749000068 ], [ -18.259941929999968, 65.673636889000079 ], [ -18.255471523999972, 65.680982644000039 ], [ -18.16572595599996, 65.693188220000081 ], [ -18.151489376999962, 65.701709540000081 ], [ -18.14314356899996, 65.716408494000063 ], [ -18.129049499999951, 65.717145499000083 ], [ -18.114884852999978, 65.704775485000027 ], [ -18.112932136999973, 65.699908796000045 ], [ -18.088166663999971, 65.694356592000076 ], [ -18.076481931999979, 65.68796373400005 ], [ -18.076690972999927, 65.685316509000074 ], [ -18.085269378999953, 65.683054365000032 ], [ -18.086832340999933, 65.679070275000072 ], [ -18.07728388299995, 65.657327575000068 ], [ -18.074488536999979, 65.657489096000063 ], [ -18.07392350799995, 65.667517192000048 ], [ -18.067517629999941, 65.658321692000072 ], [ -18.056325548999951, 65.65590379300005 ], [ -18.051385499999981, 65.659013999000081 ] ] ], [ [ [ -18.418098298999951, 66.029222226000059 ], [ -18.406577622999976, 66.026909468000042 ], [ -18.357486727999969, 65.995040694000068 ], [ -18.351405820999958, 65.98720097000006 ], [ -18.351511136999932, 65.983325728000068 ], [ -18.358987766999974, 65.979150827000069 ], [ -18.376197544999968, 65.977773003000038 ], [ -18.399738574999958, 65.987064249000071 ], [ -18.402944754999965, 65.991410363000057 ], [ -18.399598559999959, 66.003583012000036 ], [ -18.417535759999964, 66.024952903000042 ], [ -18.418098298999951, 66.029222226000059 ] ] ] ] } },
{ "type": "Feature", "properties": { "GISCO_ID": "IS_6100", "CNTR_CODE": "IS", "LAU_ID": "6100", "LAU_NAME": "Norðurþing", "cell_coverage": [ [ 0, 0, 0, 0, 0, 0, 0, 0, 0, 0, 0, 0, 0, 0, 0, 0, 0, 0, 0, 0, 0, 0.0099, 0.1816, 0.2679, 0.263, 0.1447, 0.0937, 0, 0.013, 0.1662, 0.7335, 0.7769, 0.6916, 0.5282, 0.6748, 0.3296, 0, 0, 0, 0, 0, 0, 0, 0 ], [ 0, 0, 0, 0, 0, 0, 0, 0, 0, 0, 0, 0, 0, 0, 0, 0, 0, 0, 0, 0, 0, 0.2788, 0.9989, 1, 0.9998, 1, 0.9726, 0.6967, 0.8338, 1, 1, 1, 1, 1, 1, 0.9996, 0.7256, 0.0169, 0, 0, 0, 0, 0, 0 ], [ 0, 0, 0, 0, 0, 0, 0, 0, 0, 0, 0, 0, 0, 0, 0, 0, 0, 0, 0, 0, 0, 0, 0.5174, 1, 1, 1, 1, 1, 1, 1, 1, 1, 1, 1, 1, 1, 0.5684, 0.0016, 0, 0, 0, 0, 0, 0 ], [ 0, 0, 0, 0, 0, 0, 0, 0, 0, 0, 0, 0, 0, 0, 0, 0, 0, 0, 0, 0, 0, 0, 0.3013, 1, 1, 1, 1, 1, 1, 1, 1, 1, 1, 1, 1, 1, 0.7866, 0.1123, 0, 0, 0, 0, 0, 0 ], [ 0, 0, 0, 0, 0, 0, 0, 0, 0, 0, 0, 0, 0, 0, 0, 0, 0, 0, 0, 0, 0, 0, 0.083, 0.8711, 1, 1, 1, 1, 1, 1, 1, 1, 1, 1, 1, 0.963, 0.2394, 0, 0, 0, 0, 0, 0, 0 ], [ 0, 0, 0, 0, 0, 0, 0, 0, 0, 0, 0, 0, 0, 0, 0, 0, 0, 0, 0, 0, 0, 0, 0, 0.2179, 0.9042, 1, 1, 1, 1, 1, 1, 1, 1, 1, 1, 0.657, 0, 0, 0, 0, 0, 0, 0, 0 ], [ 0, 0, 0, 0, 0, 0, 0, 0, 0, 0, 0, 0, 0, 0, 0, 0, 0, 0, 0, 0, 0, 0, 0, 0, 0.243, 1, 1, 1, 1, 1, 1, 1, 1, 1, 0.7506, 0.2997, 0.0011, 0, 0, 0, 0, 0, 0, 0 ], [ 0, 0, 0, 0, 0, 0, 0, 0, 0, 0, 0, 0, 0, 0, 0, 0, 0, 0, 0, 0, 0, 0, 0, 0.0726, 0.6812, 1, 1, 1, 1, 1, 1, 1, 1, 0.9969, 0.289, 0, 0, 0, 0, 0, 0, 0, 0, 0 ], [ 0, 0, 0, 0, 0, 0, 0, 0, 0, 0, 0.0686, 0.1733, 0, 0, 0, 0, 0, 0, 0, 7.1614e-06, 0.0973, 0.3062, 0.5926, 0.9178, 1, 1, 1, 1, 1, 1, 1, 1, 1, 0.376, 0, 0, 0, 0, 0, 0, 0, 0, 0, 0 ], [ 0, 0, 0, 0, 0, 0, 0, 0, 0, 0, 0.6427, 0.831, 0.1431, 0.0104, 0.01, 0.096, 0.2552, 0.4887, 0.7145, 0.906, 1, 1, 1, 1, 1, 1, 1, 1, 1, 1, 1, 1, 0.996, 0.3924, 0, 0, 0, 0, 0, 0, 0, 0, 0, 0 ], [ 0, 0, 0, 0, 0, 0, 0, 0, 0, 0.0593, 0.9746, 1, 1, 0.9936, 0.9886, 1, 1, 1, 1, 1, 1, 1, 1, 1, 1, 1, 1, 1, 1, 1, 1, 1, 1, 0.9085, 0.0064, 0, 0, 0, 0, 0, 0, 0, 0, 0 ], [ 0, 0, 0.487, 0.8419, 0.6193, 0.2808, 0.0145, 0, 0, 0.4282, 1, 1, 1, 1, 1, 1, 1, 1, 1, 1, 1, 1, 1, 1, 1, 1, 1, 1, 1, 1, 1, 1, 1, 1, 0.7384, 0.5087, 0.041, 0, 0, 0, 0, 0, 0, 0 ], [ 0, 0.1407, 0.836, 1, 1, 1, 0.9085, 0.5651, 0.2073, 0.455, 1, 1, 1, 1, 1, 1, 1, 1, 1, 1, 1, 1, 1, 1, 1, 1, 1, 1, 1, 1, 1, 1, 1, 1, 1, 1, 0.8073, 0.0374, 0, 0, 0, 0, 0, 0 ], [ 0.6359, 0.9684, 1, 1, 1, 1, 1, 1, 1, 0.9587, 0.9934, 1, 1, 0.9747, 0.9261, 0.8774, 0.8805, 1, 1, 1, 1, 1, 1, 1, 1, 1, 1, 1, 1, 1, 1, 1, 1, 1, 1, 1, 0.8723, 0.0322, 0, 0, 0, 0, 0, 0 ], [ 0.1361, 0.2823, 0.9327, 1, 1, 1, 1, 1, 0.7006, 0.2276, 0.012, 0.0434, 0.0233, 0, 0, 0, 0.2008, 1, 1, 1, 1, 1, 1, 1, 1, 1, 1, 1, 1, 1, 1, 1, 1, 1, 1, 1, 1, 0.2267, 0, 0, 0, 0, 0, 0 ], [ 0, 0, 0.5026, 1, 1, 1, 1, 0.9896, 0.1404, 0, 0, 0, 0, 0, 0, 0, 0.5013, 1, 1, 1, 1, 1, 1, 1, 1, 1, 1, 1, 1, 1, 1, 1, 1, 1, 1, 1, 1, 0.7142, 0.1323, 0, 0, 0, 0, 0 ], [ 0, 0, 0.0004, 0.1938, 0.1224, 0.0797, 0.0405, 0.0056, 0, 0, 0, 0, 0, 0, 0, 0, 0.8333, 1, 1, 1, 1, 1, 1, 1, 1, 1, 1, 1, 1, 1, 1, 1, 1, 1, 1, 1, 1, 1, 0.9829, 0.5764, 0.0588, 0, 0, 0 ], [ 0, 0, 0, 0, 0, 0, 0, 0, 0, 0, 0, 0, 0, 0, 0, 0.0074, 0.47, 0.5055, 0.5917, 0.6868, 0.7267, 0.6763, 0.6246, 0.5741, 0.5253, 0.6209, 1, 1, 1, 1, 1, 1, 1, 1, 1, 1, 1, 1, 1, 1, 0.6714, 0.0293, 0, 0 ], [ 0, 0, 0, 0, 0, 0, 0, 0, 0, 0, 0, 0, 0, 0, 0, 0, 0, 0, 0, 0, 0, 0, 0, 0, 0, 0.0561, 0.7771, 1, 1, 1, 1, 1, 1, 1, 1, 1, 1, 1, 1, 1, 1, 0.8307, 0.3999, 0.0455 ], [ 0, 0, 0, 0, 0, 0, 0, 0, 0, 0, 0, 0, 0, 0, 0, 0, 0, 0, 0, 0, 0, 0, 0, 0, 0, 0.0582, 0.9365, 1, 1, 1, 1, 1, 1, 1, 1, 1, 1, 1, 1, 1, 1, 1, 0.7111, 0.008 ], [ 0, 0, 0, 0, 0, 0, 0, 0, 0, 0, 0, 0, 0, 0, 0, 0, 0, 0, 0, 0, 0, 0, 0, 0, 0, 0.0189, 0.5271, 0.7705, 0.9888, 1, 1, 1, 1, 1, 1, 1, 1, 1, 1, 1, 1, 1, 0.3826, 0 ], [ 0, 0, 0, 0, 0, 0, 0, 0, 0, 0, 0, 0, 0, 0, 0, 0, 0, 0, 0, 0, 0, 0, 0, 0, 0, 0, 0, 0, 0.078, 0.5183, 0.9547, 1, 1, 1, 1, 1, 1, 1, 1, 1, 1, 1, 0.793, 0.0442 ], [ 0, 0, 0, 0, 0, 0, 0, 0, 0, 0, 0, 0, 0, 0, 0, 0, 0, 0, 0, 0, 0, 0, 0, 0, 0, 0, 0, 0, 0, 0, 0.297, 0.8289, 1, 1, 1, 1, 1, 1, 1, 1, 1, 1, 0.9004, 0.081 ], [ 0, 0, 0, 0, 0, 0, 0, 0, 0, 0, 0, 0, 0, 0, 0, 0, 0, 0, 0, 0, 0, 0, 0, 0, 0, 0, 0, 0, 0, 0, 0, 0.0911, 0.9272, 0.9806, 0.4414, 0.4214, 0.4816, 0.5419, 0.6021, 0.6623, 0.7225, 0.7388, 0.1396, 0 ], [ 0, 0, 0, 0, 0, 0, 0, 0, 0, 0, 0, 0, 0, 0, 0, 0, 0, 0, 0, 0, 0, 0, 0, 0, 0, 0, 0, 0, 0, 0, 0, 0.4162, 1, 0.4092, 0, 0, 0, 0, 0, 0, 0, 0, 0, 0 ], [ 0, 0, 0, 0, 0, 0, 0, 0, 0, 0, 0, 0, 0, 0, 0, 0, 0, 0, 0, 0, 0, 0, 0, 0, 0, 0, 0, 0, 0, 0, 0, 0.0598, 0.2605, 0, 0, 0, 0, 0, 0, 0, 0, 0, 0, 0 ] ], "xmin": -17.458333333333336, "xmax": -15.625, "ymin": 65.458333333333329, "ymax": 66.541666666666657 }, "geometry": { "type": "MultiPolygon", "coordinates": [ [ [ [ -16.793423, 65.814320499000075 ], [ -16.790477729999964, 65.838751364000075 ], [ -16.771173155999975, 65.891235054000049 ], [ -16.76613188999994, 65.918240127000047 ], [ -16.752043417999971, 65.946506713000076 ], [ -16.763631097999962, 65.965815491000058 ], [ -16.970453039999938, 65.955761082000038 ], [ -17.027141062999931, 65.959438319000071 ], [ -17.101993706999963, 65.937021408000078 ], [ -17.128017675999956, 65.875645149000036 ], [ -17.278012288999946, 65.86976336500004 ], [ -17.326744409999947, 65.864667291000046 ], [ -17.334667873999933, 65.875507091000031 ], [ -17.362999500999933, 65.89289098900008 ], [ -17.360312894999936, 65.904667422000045 ], [ -17.349402484999928, 65.919020084000067 ], [ -17.363865677999968, 65.922316792000061 ], [ -17.368242175999967, 65.919943611000065 ], [ -17.379230613999937, 65.921548070000028 ], [ -17.371414154999968, 65.931304229000034 ], [ -17.383878236999976, 65.947027407000064 ], [ -17.448986357999956, 65.952252281000028 ], [ -17.448167751999961, 65.959174586000074 ], [ -17.454842, 65.987720499000034 ], [ -17.413890624999965, 65.992386993000082 ], [ -17.406331724999973, 65.999139248000063 ], [ -17.381575728999962, 66.006636576000062 ], [ -17.38009638699998, 66.010802788000035 ], [ -17.385247078999953, 66.015938961000074 ], [ -17.378589322999972, 66.024885750000067 ], [ -17.354583950999938, 66.033559844000081 ], [ -17.345516353999926, 66.039939986000036 ], [ -17.348374575999969, 66.046336730000064 ], [ -17.360032643999944, 66.046458159000053 ], [ -17.361720117999937, 66.052944818000071 ], [ -17.350858001999939, 66.069268253000075 ], [ -17.360486169999945, 66.076296307000064 ], [ -17.342576, 66.079999499000053 ], [ -17.324275002999968, 66.079912361000083 ], [ -17.300501358999952, 66.074616233000029 ], [ -17.295665019999944, 66.071169086000054 ], [ -17.277362208999932, 66.070611408000048 ], [ -17.059931143999961, 65.992808793000052 ], [ -17.061683890999973, 66.068585486000075 ], [ -17.049260394999976, 66.084996283000066 ], [ -17.030682150999951, 66.142487745000039 ], [ -16.996240499999942, 66.189971999000079 ], [ -16.986466040999971, 66.180411032000052 ], [ -16.976344982999933, 66.157583785000043 ], [ -16.952781419999951, 66.141392384000028 ], [ -16.945113505999927, 66.128431804000058 ], [ -16.870175791999941, 66.123469392000061 ], [ -16.81231693899997, 66.128631796000036 ], [ -16.763269135999963, 66.136682180000037 ], [ -16.706403130999945, 66.151156856000057 ], [ -16.565828070999942, 66.178059875000031 ], [ -16.492910031999941, 66.199612639000065 ], [ -16.471135662999927, 66.210886656000071 ], [ -16.460744717999944, 66.222135101000049 ], [ -16.434678961999964, 66.235471931000063 ], [ -16.428320422999946, 66.243903613000043 ], [ -16.427448107999965, 66.258013392000066 ], [ -16.421063661999938, 66.26857306200003 ], [ -16.420120897999936, 66.275702214000034 ], [ -16.434533150999982, 66.285649129000035 ], [ -16.442505007999955, 66.29788757700004 ], [ -16.466954767999937, 66.308665403000077 ], [ -16.481590338999979, 66.338487069000053 ], [ -16.506436393999934, 66.356426366000051 ], [ -16.507403377999935, 66.374188743000047 ], [ -16.512611908999929, 66.382962810000038 ], [ -16.509603891999973, 66.394425806000072 ], [ -16.520654400999945, 66.41042227500003 ], [ -16.506626073999939, 66.414915220000069 ], [ -16.503712425999936, 66.420773458000042 ], [ -16.53610039299997, 66.451142795000067 ], [ -16.544903981999937, 66.466553170000054 ], [ -16.565419067999926, 66.481291931000044 ], [ -16.540083120999952, 66.50761248200007 ], [ -16.51567728699996, 66.506950320000044 ], [ -16.494985940999982, 66.509965861000069 ], [ -16.480329144999928, 66.507848734000049 ], [ -16.471103303999939, 66.514039780000076 ], [ -16.440149693999956, 66.516350036000063 ], [ -16.429537163999953, 66.511648128000047 ], [ -16.42777078599994, 66.503068647000077 ], [ -16.422628611999983, 66.499691265000081 ], [ -16.387754881999967, 66.508522619000075 ], [ -16.368671820999964, 66.50899249400004 ], [ -16.342467633999945, 66.499021764000076 ], [ -16.329780441999958, 66.487638301000061 ], [ -16.313248571999964, 66.485935722000079 ], [ -16.260603098999979, 66.493537298000035 ], [ -16.25342199499994, 66.501839527000072 ], [ -16.249231361999932, 66.512395900000058 ], [ -16.245248201999971, 66.511505341000031 ], [ -16.243770565999966, 66.50633558100003 ], [ -16.238180510999939, 66.502458386000058 ], [ -16.219628397999941, 66.505885185000068 ], [ -16.208485982999946, 66.514698786000054 ], [ -16.20284900799993, 66.528937734000067 ], [ -16.195449147999966, 66.534346524000057 ], [ -16.181349765999983, 66.530920902000048 ], [ -16.128129943999966, 66.533138657000052 ], [ -16.106125815999974, 66.528187290000062 ], [ -16.104495982999936, 66.531769774000054 ], [ -16.06765760299993, 66.516532983000047 ], [ -16.060018262999961, 66.521272903000067 ], [ -16.060211524999943, 66.525266744000078 ], [ -16.037623062999955, 66.525083781000035 ], [ -16.023630845999946, 66.534801624000067 ], [ -16.013100617999953, 66.529644245000043 ], [ -16.000768433999951, 66.518612067000049 ], [ -15.978390153999953, 66.51616023400004 ], [ -15.969320196999945, 66.508507483000074 ], [ -15.958457998999961, 66.510683278000045 ], [ -15.961623649999979, 66.502457635000042 ], [ -15.959437056999946, 66.499412605000032 ], [ -15.932785487999979, 66.499205342000039 ], [ -15.924869709999939, 66.496652014000063 ], [ -15.926293486999953, 66.490499270000043 ], [ -15.924000372999956, 66.487827809000066 ], [ -15.898744239999928, 66.486617265000064 ], [ -15.918595461999928, 66.484554915000047 ], [ -15.914182270999959, 66.478794466000068 ], [ -15.936877725999977, 66.472314375000053 ], [ -15.937311808999937, 66.463167730000066 ], [ -15.93133092599993, 66.457112667000047 ], [ -15.943324923999967, 66.454058610000061 ], [ -15.939608310999972, 66.446064986000067 ], [ -15.940328380999972, 66.438717716000042 ], [ -15.92623554599993, 66.432339123000077 ], [ -15.932937927999944, 66.425172792000069 ], [ -15.932399855999961, 66.42023199700003 ], [ -15.904291, 66.41558849900008 ], [ -15.90555435899995, 66.401861975000031 ], [ -15.922968210999954, 66.39508644600005 ], [ -15.946124765999969, 66.37531282100008 ], [ -15.950323179999941, 66.364671460000068 ], [ -15.941263717999959, 66.358298120000029 ], [ -15.939580765999949, 66.352129569000056 ], [ -15.947283446999961, 66.345778755000083 ], [ -15.973406001999933, 66.334282908000034 ], [ -15.97169645799994, 66.324249699000063 ], [ -15.977400235999937, 66.315911508000056 ], [ -15.975158052999973, 66.302805084000056 ], [ -15.957896612999946, 66.291008275000081 ], [ -15.957546690999948, 66.288233988000059 ], [ -15.976758928999971, 66.281301101000054 ], [ -16.008925356999953, 66.26345378700006 ], [ -16.025381391999929, 66.260822786000062 ], [ -16.037077142999976, 66.255624497000042 ], [ -16.036044843999946, 66.251183770000068 ], [ -16.027604174999965, 66.247490998000046 ], [ -16.023734623999928, 66.241955076000067 ], [ -16.029759204999948, 66.222209559000078 ], [ -16.035278493999954, 66.21329227700005 ], [ -16.057243340999946, 66.203672141000084 ], [ -16.061331473999928, 66.187793296000052 ], [ -16.077192977999971, 66.184570379000036 ], [ -16.079504061999955, 66.177473361000068 ], [ -16.077709611999978, 66.17141713500007 ], [ -16.084159436999983, 66.165082132000066 ], [ -16.08378799299993, 66.15490324600006 ], [ -16.045745254999929, 66.131628550000073 ], [ -16.046520719999933, 66.092330449000031 ], [ -16.02519707099998, 66.072640807000028 ], [ -16.008447242999978, 66.06508132700003 ], [ -15.992194384999948, 66.067088607000073 ], [ -15.982663675999959, 66.059944716000075 ], [ -15.95773262199998, 66.062932753000041 ], [ -15.954440216999956, 66.046338078000076 ], [ -15.910439416999964, 66.015789833000042 ], [ -15.929082241999936, 65.966184855000051 ], [ -15.899851742999942, 65.959864297000081 ], [ -15.912048157999948, 65.934568305000028 ], [ -15.906701993999945, 65.922377181000058 ], [ -15.905160078999927, 65.909463081000069 ], [ -15.86071144899995, 65.882514438000044 ], [ -15.833052455999962, 65.869608608000078 ], [ -15.822905737999974, 65.861410129000035 ], [ -15.788427640999942, 65.846356786000058 ], [ -15.764079286999959, 65.810503674000074 ], [ -15.724884995999957, 65.782009191000043 ], [ -15.702511085999959, 65.770594206000055 ], [ -15.655669499999931, 65.758016999000063 ], [ -15.692533375999972, 65.711291002000053 ], [ -15.69579592499997, 65.696312036000052 ], [ -15.691194573999951, 65.689290941000081 ], [ -15.693385542999977, 65.682914137000068 ], [ -15.689510348999931, 65.676394783000035 ], [ -15.689883620999979, 65.667166216000055 ], [ -15.674686202999965, 65.644615557000066 ], [ -15.666225794999946, 65.639693761000046 ], [ -15.659126733999926, 65.630251172000044 ], [ -15.660091964999935, 65.607707991000041 ], [ -15.720619499999941, 65.550204999000073 ], [ -16.026885499999935, 65.568646999000066 ], [ -16.083057, 65.500473999000064 ], [ -16.084613, 65.499059499000055 ], [ -16.118968, 65.480786499000033 ], [ -16.121111499999927, 65.481600499000081 ], [ -16.133429229999933, 65.491880613000035 ], [ -16.135008630999948, 65.500857410000037 ], [ -16.145583037999927, 65.508380936000037 ], [ -16.141550790999929, 65.525034854000069 ], [ -16.143308885999943, 65.541776823000077 ], [ -16.122202452999943, 65.561405764000028 ], [ -16.117045638999969, 65.573426260000076 ], [ -16.118919700999982, 65.580757417000029 ], [ -16.188940149999951, 65.605991671000083 ], [ -16.190348960999927, 65.608764613000062 ], [ -16.186280573999966, 65.621844331000034 ], [ -16.198470594999947, 65.625302887000032 ], [ -16.203805924999926, 65.635389495000084 ], [ -16.229456330999938, 65.642646831000036 ], [ -16.24790907199997, 65.65708950100003 ], [ -16.334421081999949, 65.682723662000058 ], [ -16.363388761999943, 65.686902081000028 ], [ -16.373003737999966, 65.69271172200007 ], [ -16.378154, 65.701867546000074 ], [ -16.381428279999966, 65.721133254000051 ], [ -16.362001279999959, 65.751903269000081 ], [ -16.360067199999946, 65.769403987000032 ], [ -16.364271613999961, 65.776666242000033 ], [ -16.389932098999964, 65.788179133000028 ], [ -16.38350986599994, 65.796533521000072 ], [ -16.38826826899998, 65.80768258900008 ], [ -16.38583368899998, 65.81396124500003 ], [ -16.495140762999938, 65.808635776000074 ], [ -16.619483499999944, 65.802208999000072 ], [ -16.728725499999939, 65.812599499000044 ], [ -16.793423, 65.814320499000075 ] ] ] ] } },
{ "type": "Feature", "properties": { "GISCO_ID": "IS_6250", "CNTR_CODE": "IS", "LAU_ID": "6250", "LAU_NAME": "Fjallabyggð", "cell_coverage": [ [ 0, 0.0215, 0.3096, 0.477, 0.1117, 0.2779, 0.7214, 0.3846, 0, 0, 0, 0, 0 ], [ 0.0013, 0.4405, 0.9889, 0.9996, 0.6246, 0.9237, 1, 0.4539, 0.7299, 0.8644, 0.5112, 0.0188, 0 ], [ 0, 0.0117, 0.6205, 0.9397, 1, 1, 1, 1, 1, 1, 0.8009, 0.2356, 0.1007 ], [ 0, 0, 0, 0.0481, 0.4891, 0.9463, 1, 1, 1, 1, 0.8619, 0.9644, 0.1423 ], [ 0, 0, 0, 0, 0.108, 0.8841, 1, 1, 1, 0.9955, 0.9012, 0.2782, 0 ], [ 0, 0, 0, 0, 0.4403, 1, 1, 1, 0.9536, 0.5173, 0, 0, 0 ], [ 0, 0, 0, 0, 0.1061, 0.6177, 1, 1, 0.6289, 0, 0, 0, 0 ], [ 0, 0, 0, 0, 0, 0.2115, 0.4792, 0.2338, 0.0504, 0, 0, 0, 0 ] ], "xmin": -19.083333333333336, "xmax": -18.541666666666668, "ymin": 65.875, "ymax": 66.208333333333314 }, "geometry": { "type": "MultiPolygon", "coordinates": [ [ [ [ -18.571382, 66.095059499000058 ], [ -18.565449949999959, 66.09031867300007 ], [ -18.565097471999934, 66.086133550000056 ], [ -18.56911783299995, 66.080887023000059 ], [ -18.570799077999936, 66.071707651000054 ], [ -18.579620589999934, 66.062525751000067 ], [ -18.587421808999977, 66.048241891000032 ], [ -18.588375227999961, 66.04232087400004 ], [ -18.600122087999978, 66.039128861000052 ], [ -18.610134056999982, 66.023318604000053 ], [ -18.629597854999929, 66.006792098000062 ], [ -18.643374259999973, 66.003287790000059 ], [ -18.670393081999975, 66.001825520000068 ], [ -18.67161036899995, 65.998226423000062 ], [ -18.667101266999964, 65.991948924000042 ], [ -18.668773686999941, 65.988262834000068 ], [ -18.684231713999964, 65.976351823000073 ], [ -18.706258679999962, 65.971926439000072 ], [ -18.724966932999962, 65.955755229000033 ], [ -18.720242995999968, 65.943611270000076 ], [ -18.727293141999951, 65.935811601000069 ], [ -18.72817360099998, 65.930230729000073 ], [ -18.719954586999961, 65.920365444000083 ], [ -18.724489228999971, 65.91434246700004 ], [ -18.755113412999947, 65.911880777000079 ], [ -18.768259171999944, 65.905508475000033 ], [ -18.77863044399993, 65.906102330000067 ], [ -18.814874696999937, 65.894471439000029 ], [ -18.844582, 65.895590499000036 ], [ -18.856752254999947, 65.903703335000046 ], [ -18.845422185999951, 65.915594976000079 ], [ -18.846268148999968, 65.934114697000041 ], [ -18.891496252999957, 65.951156810000043 ], [ -18.901821962999975, 65.969472998000072 ], [ -18.900093635999951, 65.972146036000083 ], [ -18.89000828099995, 65.974131705000048 ], [ -18.893395105999957, 65.98076552100008 ], [ -18.892034758999955, 65.987643723000076 ], [ -18.878008230999967, 66.008358915000031 ], [ -18.886804882999968, 66.023423104000074 ], [ -18.853446692999967, 66.036436609000077 ], [ -18.853383963999931, 66.039521175000061 ], [ -18.857920675999935, 66.043947798000033 ], [ -18.901310106999972, 66.059311317000038 ], [ -18.896370869999942, 66.068883820000053 ], [ -18.912201399999958, 66.077170638000041 ], [ -18.93041470299994, 66.079089379000038 ], [ -18.948051103999944, 66.089540138000075 ], [ -18.973076716999969, 66.093482746000063 ], [ -18.976963533999935, 66.098971548000065 ], [ -18.989680418999967, 66.103390083000079 ], [ -19.002520674999971, 66.113599091000083 ], [ -19.000468499999954, 66.120046931000047 ], [ -19.00377580299994, 66.126934468000059 ], [ -18.994181889999936, 66.134396623000043 ], [ -19.015301740999973, 66.142045004000067 ], [ -19.044023, 66.159376499000075 ], [ -19.021197570999959, 66.164044329000035 ], [ -18.966543755999965, 66.18440712000006 ], [ -18.953662172999941, 66.187021152000057 ], [ -18.924444948999962, 66.186850270000036 ], [ -18.903584406999983, 66.177188819000037 ], [ -18.899915402999966, 66.164949740000054 ], [ -18.905553730999941, 66.155570075000071 ], [ -18.897264520999954, 66.152580324000041 ], [ -18.910502443999974, 66.147090877000039 ], [ -18.907196713999951, 66.144167759000084 ], [ -18.917576736999933, 66.138265455000067 ], [ -18.915415609999968, 66.135839818000079 ], [ -18.892838154999936, 66.14317972300006 ], [ -18.859271423999928, 66.163198965000049 ], [ -18.84241291799998, 66.188055937000058 ], [ -18.844922888999974, 66.194021948000056 ], [ -18.857314807999956, 66.197665941000082 ], [ -18.82442150199995, 66.198418272000083 ], [ -18.785989350999955, 66.193434265000064 ], [ -18.767290301999935, 66.185962196000048 ], [ -18.759003436999933, 66.172969201000058 ], [ -18.777958728999977, 66.156619139000043 ], [ -18.79115163299997, 66.136077994000061 ], [ -18.789285800999949, 66.13164936700008 ], [ -18.769419862999939, 66.131492136000077 ], [ -18.761662387999934, 66.139877431000059 ], [ -18.729803808999975, 66.156965479000064 ], [ -18.702782208999963, 66.162209913000083 ], [ -18.680712373999938, 66.161817460000066 ], [ -18.652314431999969, 66.151178842000036 ], [ -18.628753616999973, 66.136019946000033 ], [ -18.609168746999956, 66.118474134000053 ], [ -18.610084053999969, 66.112359312000081 ], [ -18.616013423999959, 66.105181253000069 ], [ -18.662051074999965, 66.084227598000041 ], [ -18.662798790999943, 66.08045289100005 ], [ -18.658872699999961, 66.076316254000062 ], [ -18.64574502499994, 66.074775375000058 ], [ -18.571382, 66.095059499000058 ] ] ] ] } },
{ "type": "Feature", "properties": { "GISCO_ID": "IS_6400", "CNTR_CODE": "IS", "LAU_ID": "6400", "LAU_NAME": "Dalvíkurbyggð", "cell_coverage": [ [ 0, 0, 0, 0, 0, 0, 0, 0, 0, 0, 0.0876, 0, 0, 0, 0, 0, 0, 0 ], [ 0, 0, 0, 0, 0, 0, 0, 0, 0, 0.0267, 0.8576, 0.3526, 0, 0, 0, 0, 0, 0 ], [ 0, 0, 0, 0, 0, 0, 0, 0.0045, 0.0988, 0.7218, 1, 0.6381, 0, 0, 0, 0, 0, 0 ], [ 0, 0, 0, 0, 0, 0, 0.0464, 0.4827, 1, 1, 1, 0.562, 0.1354, 0.0285, 0, 0, 0, 0 ], [ 0, 0, 0, 0, 0, 0, 0.3711, 1, 1, 1, 1, 1, 1, 0.8981, 0.7601, 0.6963, 0.3507, 0 ], [ 0.0014, 0.1052, 0.0906, 0.4066, 0.5208, 0.7662, 0.9496, 1, 1, 1, 1, 1, 1, 1, 1, 1, 0.965, 0.3212 ], [ 0.4603, 1, 1, 1, 1, 1, 1, 1, 1, 1, 1, 1, 0.9624, 0.7262, 0.5834, 0.336, 0.0082, 0 ], [ 0.0321, 0.3711, 0.6874, 0.9341, 1, 1, 1, 1, 1, 1, 1, 0.5896, 0.1084, 0, 0, 0, 0, 0 ], [ 0, 0, 0, 0.0005, 0.5013, 1, 1, 1, 1, 1, 0.9997, 0.1504, 0, 0, 0, 0, 0, 0 ], [ 0, 0, 0, 0, 0.5038, 1, 1, 0.9998, 0.9854, 0.7352, 0.6703, 0.2307, 0, 0, 0, 0, 0, 0 ], [ 0, 0, 0, 0, 0.0208, 0.3514, 0.2932, 0.0571, 0.095, 0, 0, 0, 0, 0, 0, 0, 0, 0 ] ], "xmin": -19.0, "xmax": -18.25, "ymin": 65.666666666666657, "ymax": 66.125 }, "geometry": { "type": "MultiPolygon", "coordinates": [ [ [ [ -18.844582, 65.895590499000036 ], [ -18.814874696999937, 65.894471439000029 ], [ -18.77863044399993, 65.906102330000067 ], [ -18.768259171999944, 65.905508475000033 ], [ -18.755113412999947, 65.911880777000079 ], [ -18.724489228999971, 65.91434246700004 ], [ -18.719954586999961, 65.920365444000083 ], [ -18.72817360099998, 65.930230729000073 ], [ -18.727293141999951, 65.935811601000069 ], [ -18.720242995999968, 65.943611270000076 ], [ -18.724966932999962, 65.955755229000033 ], [ -18.706258679999962, 65.971926439000072 ], [ -18.684231713999964, 65.976351823000073 ], [ -18.668773686999941, 65.988262834000068 ], [ -18.667101266999964, 65.991948924000042 ], [ -18.67161036899995, 65.998226423000062 ], [ -18.670393081999975, 66.001825520000068 ], [ -18.643374259999973, 66.003287790000059 ], [ -18.629597854999929, 66.006792098000062 ], [ -18.610134056999982, 66.023318604000053 ], [ -18.600122087999978, 66.039128861000052 ], [ -18.588375227999961, 66.04232087400004 ], [ -18.587421808999977, 66.048241891000032 ], [ -18.579620589999934, 66.062525751000067 ], [ -18.570799077999936, 66.071707651000054 ], [ -18.56911783299995, 66.080887023000059 ], [ -18.565097471999934, 66.086133550000056 ], [ -18.565449949999959, 66.09031867300007 ], [ -18.571382, 66.095059499000058 ], [ -18.546355278999954, 66.087428897000052 ], [ -18.529622882999945, 66.070464264000066 ], [ -18.518426505999969, 66.047213402000068 ], [ -18.518823982999947, 66.03281084200006 ], [ -18.508039909999979, 66.024784671000077 ], [ -18.516876071999945, 66.010084242000062 ], [ -18.517338621999954, 65.994106821000059 ], [ -18.527568926999948, 65.981309661000068 ], [ -18.527181606999932, 65.971327433000056 ], [ -18.50091286199995, 65.964338841000028 ], [ -18.45262480599996, 65.963530840000033 ], [ -18.439225590999968, 65.954302086000041 ], [ -18.411093223999956, 65.94610560600006 ], [ -18.384248540999977, 65.950397868000039 ], [ -18.361728232999951, 65.945775708000042 ], [ -18.325405936999971, 65.943789554000034 ], [ -18.302735291999966, 65.924396992000084 ], [ -18.303858582999965, 65.919290554000042 ], [ -18.300674367999932, 65.915385435000076 ], [ -18.276681890999953, 65.905797804000031 ], [ -18.27340368299997, 65.890418830000044 ], [ -18.264509, 65.88313449900005 ], [ -18.280559622999931, 65.878661940000029 ], [ -18.331131674999938, 65.873587824000083 ], [ -18.355821385999946, 65.861681746000045 ], [ -18.359034559999941, 65.853175140000076 ], [ -18.379824306999978, 65.853031162000036 ], [ -18.459627756999964, 65.841560918000027 ], [ -18.487361924999959, 65.824321668000039 ], [ -18.504743288999975, 65.822370918000047 ], [ -18.512528195999948, 65.813635564000037 ], [ -18.532375000999934, 65.805039334000071 ], [ -18.530699814999934, 65.798388285000044 ], [ -18.539405924999983, 65.791043910000042 ], [ -18.542057396999951, 65.783907254000042 ], [ -18.540110570999957, 65.777788804000068 ], [ -18.528857752999954, 65.772001442000033 ], [ -18.535964834999959, 65.766276564000066 ], [ -18.528218312999968, 65.749591921000047 ], [ -18.518342228999927, 65.741442212000038 ], [ -18.519394089999935, 65.739444678000041 ], [ -18.541738, 65.721458401000064 ], [ -18.570075774999964, 65.723728218000076 ], [ -18.582398430999945, 65.71855365600004 ], [ -18.599429534999956, 65.721002444000078 ], [ -18.618864737999957, 65.718729518000032 ], [ -18.643533736999927, 65.701121451000063 ], [ -18.696095613999944, 65.708636138000031 ], [ -18.70710874599996, 65.701320790000068 ], [ -18.726898561999974, 65.697647086000075 ], [ -18.73442302199993, 65.692673309000043 ], [ -18.779571499999975, 65.692820999000048 ], [ -18.789155783999945, 65.697563396000078 ], [ -18.799468024999953, 65.707487880000031 ], [ -18.805119556999955, 65.716510017000076 ], [ -18.805772304999948, 65.727097637000043 ], [ -18.827173306999953, 65.736358383000038 ], [ -18.825799024999981, 65.739444678000041 ], [ -18.816668356999969, 65.746826073000079 ], [ -18.82122361699993, 65.751489679000031 ], [ -18.795845715999974, 65.76151421600008 ], [ -18.798513409999941, 65.766857280000067 ], [ -18.80788950799996, 65.772975187000043 ], [ -18.821819478999942, 65.777726081000083 ], [ -18.819226044999937, 65.782992441000033 ], [ -18.820788799999946, 65.785283206000031 ], [ -18.837636553999971, 65.792719318000081 ], [ -18.860173973999963, 65.794526793000045 ], [ -18.894642820999934, 65.802870123000048 ], [ -18.918814194999982, 65.815096803000074 ], [ -18.948750196999981, 65.818406509000056 ], [ -18.961753378999958, 65.828477246000034 ], [ -18.980937308999955, 65.83500267200003 ], [ -18.984319101999972, 65.839181099000029 ], [ -18.977420405999965, 65.862752198000067 ], [ -18.956172574999982, 65.878521042000045 ], [ -18.937525956999934, 65.881027288000041 ], [ -18.910606817999962, 65.876318345000072 ], [ -18.884947798999974, 65.879558050000071 ], [ -18.867984124999964, 65.888266784000052 ], [ -18.844582, 65.895590499000036 ] ] ] ] } },
{ "type": "Feature", "properties": { "GISCO_ID": "IS_6513", "CNTR_CODE": "IS", "LAU_ID": "6513", "LAU_NAME": "Eyjafjarðarsveit", "cell_coverage": [ [ 0, 0, 0, 0, 0, 0, 0, 0, 0, 0, 0, 0, 0, 0, 0.0185, 0.2823, 0.2474, 0, 0, 0, 0 ], [ 0, 0, 0, 0, 0, 0, 0, 0, 0, 0, 0, 0, 0.0617, 0.2742, 0.5358, 0.9999, 0.9973, 0.5091, 0, 0, 0 ], [ 0, 0, 0, 0, 0, 0, 0, 0, 0, 0, 0.0234, 0.6245, 0.977, 1, 1, 1, 1, 0.9762, 0.2336, 0, 0 ], [ 0, 0, 0, 0, 0, 0.0171, 0.3144, 0.3448, 0.3022, 0.3357, 0.7283, 1, 1, 1, 1, 1, 1, 1, 0.9602, 0.2957, 0 ], [ 0, 0, 0, 0, 0.0134, 0.6111, 1, 1, 1, 1, 1, 1, 1, 1, 1, 1, 1, 1, 1, 0.8672, 0.0322 ], [ 0, 0, 0, 0.2109, 0.8786, 1, 1, 1, 1, 1, 1, 1, 1, 1, 1, 1, 1, 1, 1, 0.6649, 0 ], [ 0, 0, 0.1112, 0.6915, 1, 1, 1, 1, 1, 1, 1, 1, 1, 1, 1, 1, 1, 1, 0.8373, 0.3601, 0 ], [ 0, 0.0422, 0.7612, 1, 1, 1, 1, 1, 1, 1, 1, 1, 1, 1, 1, 1, 1, 0.9529, 0.0099, 0, 0 ], [ 0.0213, 0.4454, 0.6258, 0.9486, 1, 1, 1, 1, 1, 1, 1, 1, 1, 1, 1, 1, 1, 0.8353, 0, 0, 0 ], [ 0, 0, 0, 0.6048, 1, 1, 1, 1, 1, 1, 1, 1, 1, 1, 1, 1, 1, 0.8901, 0, 0, 0 ], [ 0, 0, 0, 0.2558, 0.9975, 1, 1, 1, 1, 1, 1, 1, 1, 1, 1, 1, 1, 0.8811, 0, 0, 0 ], [ 0, 0, 0, 0, 0.1163, 0.3883, 0.6611, 0.9296, 1, 1, 1, 1, 1, 1, 1, 1, 0.998, 0.308, 0, 0, 0 ], [ 0, 0, 0, 0, 0, 0, 0, 0.5919, 1, 1, 1, 1, 1, 1, 1, 1, 0.588, 0, 0, 0, 0 ], [ 0, 0, 0, 0, 0, 0, 0, 0.2095, 0.9954, 1, 1, 1, 1, 1, 1, 0.8335, 0.0365, 0, 0, 0, 0 ], [ 0, 0, 0, 0, 0, 0, 0, 0.0032, 0.8543, 1, 1, 1, 1, 1, 0.9702, 0.1819, 0, 0, 0, 0, 0 ], [ 0, 0, 0, 0, 0, 0, 0, 0.3574, 1, 1, 1, 1, 1, 1, 0.4342, 0, 0, 0, 0, 0, 0 ], [ 0, 0, 0, 0, 0, 0, 0, 0.6811, 1, 1, 1, 1, 1, 0.7123, 0.0039, 0, 0, 0, 0, 0, 0 ], [ 0, 0, 0, 0, 0, 0, 0, 0.123, 0.765, 1, 1, 1, 0.9094, 0.0889, 0, 0, 0, 0, 0, 0, 0 ], [ 0, 0, 0, 0, 0, 0, 0, 0.029, 0.3204, 1, 1, 0.9938, 0.2846, 0, 0, 0, 0, 0, 0, 0, 0 ], [ 0, 0, 0, 0, 0, 0.3137, 0.5936, 0.7545, 1, 1, 0.8716, 0.2002, 0, 0, 0, 0, 0, 0, 0, 0, 0 ], [ 0, 0, 0, 0, 0, 0.4505, 0.636, 0.8512, 0.992, 1, 0.8639, 0, 0, 0, 0, 0, 0, 0, 0, 0, 0 ], [ 0, 0, 0, 0, 0, 0, 0, 0.0463, 0.7347, 0.7658, 0.2755, 0, 0, 0, 0, 0, 0, 0, 0, 0, 0 ], [ 0, 0, 0, 0, 0, 0, 0, 0.173, 0.343, 0.0139, 0, 0, 0, 0, 0, 0, 0, 0, 0, 0, 0 ] ], "xmin": -18.666666666666668, "xmax": -17.791666666666668, "ymin": 64.75, "ymax": 65.708333333333314 }, "geometry": { "type": "MultiPolygon", "coordinates": [ [ [ [ -18.051385499999981, 65.659013999000081 ], [ -18.041069405999963, 65.662546797000061 ], [ -18.047904656999947, 65.669321172000082 ], [ -18.045250499999952, 65.67293199900007 ], [ -18.001082289999943, 65.682876499000031 ], [ -17.986754499999961, 65.683617499000036 ], [ -17.931479452999952, 65.645707805000029 ], [ -17.92297410499998, 65.623046660000057 ], [ -17.908544139999947, 65.602494843000045 ], [ -17.823895943999958, 65.525910544000055 ], [ -17.842594204999955, 65.519335345000059 ], [ -17.843651196999929, 65.493197035000037 ], [ -17.850254759999928, 65.479104601000074 ], [ -17.845006095999963, 65.442539216000057 ], [ -17.914066273999936, 65.416543973000046 ], [ -17.924629663999951, 65.36385819000003 ], [ -17.92179144499994, 65.324185630000045 ], [ -17.918977403999975, 65.266224147000059 ], [ -18.167627442999958, 64.919894867000039 ], [ -18.182456523999974, 64.908863332000067 ], [ -18.214188129999968, 64.898942673000079 ], [ -18.21970293399994, 64.894618137000066 ], [ -18.221411260999957, 64.887886258000037 ], [ -18.213134906999983, 64.880428971000072 ], [ -18.216756373999942, 64.870184880000068 ], [ -18.209660319999955, 64.866507092000063 ], [ -18.214877161999937, 64.855570409000052 ], [ -18.211512908999964, 64.851237132000051 ], [ -18.215925327999969, 64.843956297000034 ], [ -18.215265822999982, 64.835320480000064 ], [ -18.238500624999972, 64.812616802000036 ], [ -18.259446016999959, 64.80614545800006 ], [ -18.274017061999928, 64.80630809400003 ], [ -18.27678156099995, 64.796638123000037 ], [ -18.301826499999947, 64.77827699900007 ], [ -18.329386838999937, 64.773979301000054 ], [ -18.344687238999938, 64.775639641000055 ], [ -18.35775, 64.771871499000042 ], [ -18.358059842999978, 64.775160464000066 ], [ -18.350206389999983, 64.778613240000084 ], [ -18.350577424999926, 64.783844223000074 ], [ -18.344241549999936, 64.795943366000074 ], [ -18.315409922999947, 64.809935525000071 ], [ -18.314557319999949, 64.817242175000047 ], [ -18.321209583999973, 64.833338505000029 ], [ -18.381529041999954, 64.844680183000037 ], [ -18.389888130999964, 64.849013333000073 ], [ -18.405576908999933, 64.85097038300006 ], [ -18.42378843299997, 64.848581667000076 ], [ -18.452841, 64.855834999000081 ], [ -18.453432417999977, 64.861873274000061 ], [ -18.44771243699995, 64.866644361000056 ], [ -18.444779512999958, 64.87458010000006 ], [ -18.435989481999968, 64.881445323000037 ], [ -18.440624683999943, 64.888121153000043 ], [ -18.439547877999928, 64.895065767000062 ], [ -18.435969846999967, 64.898573586000055 ], [ -18.399128178999945, 64.901007120000031 ], [ -18.377347131999954, 64.897731035000049 ], [ -18.356757953999931, 64.901464151000027 ], [ -18.346569322999983, 64.906509249000067 ], [ -18.348574664999944, 64.915912744000082 ], [ -18.336706951999929, 64.922516035000058 ], [ -18.314305248999972, 64.921702847000063 ], [ -18.291575843999965, 64.927405758000077 ], [ -18.303099043999964, 64.939885693000065 ], [ -18.304113642999937, 64.947399590000032 ], [ -18.300120818999972, 64.95872160600004 ], [ -18.311485948999973, 64.963967723000053 ], [ -18.317063770999937, 64.973519795000072 ], [ -18.345564194999952, 64.988294001000042 ], [ -18.354270453999959, 65.00714865100008 ], [ -18.36496085899995, 65.018214587000045 ], [ -18.368488078999974, 65.028298395000036 ], [ -18.321119084999964, 65.108253342000069 ], [ -18.359312871999975, 65.177411693000067 ], [ -18.359500717999936, 65.200438753000071 ], [ -18.351106416999983, 65.21025540800008 ], [ -18.497882088999972, 65.250293228000032 ], [ -18.524758614999939, 65.293846544000075 ], [ -18.525175388999969, 65.325854893000042 ], [ -18.528196643999934, 65.334186387000045 ], [ -18.537398304999954, 65.342624484000055 ], [ -18.560030272999938, 65.349429117000057 ], [ -18.618344492999938, 65.355818971000076 ], [ -18.634156, 65.36411799900003 ], [ -18.583845656999927, 65.382043176000082 ], [ -18.564988099999937, 65.392343847000063 ], [ -18.563666951999949, 65.397513983000067 ], [ -18.575540093999962, 65.409747417000062 ], [ -18.574954427999955, 65.416120052000053 ], [ -18.560554809999928, 65.422762001000081 ], [ -18.515974320999931, 65.432171379000067 ], [ -18.515849414999934, 65.436477825000054 ], [ -18.528123217999962, 65.448591515000032 ], [ -18.531238020999979, 65.455663153000046 ], [ -18.508322846999931, 65.47585104400008 ], [ -18.500502042999926, 65.486310272000082 ], [ -18.448266667999974, 65.508806610000079 ], [ -18.43659886599994, 65.526702565000051 ], [ -18.431844995999938, 65.539813208000055 ], [ -18.410387876999948, 65.54990489000005 ], [ -18.40579169199998, 65.555659718000072 ], [ -18.38807, 65.556709499000078 ], [ -18.345867311999939, 65.555945927000039 ], [ -18.290257114999974, 65.553130272000033 ], [ -18.258847102999937, 65.556663074000028 ], [ -18.222700492999934, 65.573686086000066 ], [ -18.20874403199997, 65.593491524000058 ], [ -18.190265695999926, 65.610355324000068 ], [ -18.145594091999953, 65.62756706600004 ], [ -18.091741829999933, 65.639191570000037 ], [ -18.059713033999969, 65.642952338000043 ], [ -18.051348898999947, 65.65175172000005 ], [ -18.051385499999981, 65.659013999000081 ] ] ] ] } },
{ "type": "Feature", "properties": { "GISCO_ID": "IS_6515", "CNTR_CODE": "IS", "LAU_ID": "6515", "LAU_NAME": "Hörgársveit", "cell_coverage": [ [ 0, 0, 0, 0, 0, 0, 0, 0, 0, 0, 0, 0, 0, 0, 0.0186, 0.0832, 0, 0, 0 ], [ 0, 0, 0, 0, 0, 0, 0, 0, 0, 0, 0.0376, 0.2738, 0.4166, 0.664, 0.9918, 0.957, 0.7662, 0.1922, 0 ], [ 0, 0, 0, 0, 0, 0, 0, 0, 0, 0.4104, 0.8916, 1, 1, 1, 1, 1, 1, 0.4608, 0 ], [ 0, 0, 0, 0, 0, 0, 0, 0, 0.0003, 0.8496, 1, 1, 1, 1, 1, 1, 1, 0.9776, 0.2276 ], [ 0, 0, 0, 0, 0, 0.0002, 0.0146, 0.2648, 0.3297, 0.7693, 1, 1, 1, 1, 1, 1, 1, 1, 0.3981 ], [ 0, 0.1163, 0.3195, 0.589, 0.7068, 0.9429, 0.905, 1, 1, 1, 1, 1, 1, 1, 1, 0.9253, 0.5706, 0.4346, 0.1047 ], [ 0, 0.3713, 1, 1, 1, 1, 1, 1, 1, 1, 1, 1, 1, 0.9903, 0.6899, 0.3596, 0, 0, 0 ], [ 0.1298, 0.7578, 1, 1, 1, 1, 1, 1, 1, 1, 1, 1, 1, 0.687, 0, 0, 0, 0, 0 ], [ 0.116, 0.4431, 0.8541, 0.948, 1, 1, 1, 1, 1, 1, 1, 0.9829, 0.542, 0.0475, 0, 0, 0, 0, 0 ], [ 0, 0, 0, 0.0262, 0.2693, 0.9519, 1, 1, 1, 1, 0.9866, 0.3889, 0, 0, 0, 0, 0, 0, 0 ], [ 0, 0, 0, 0.0014, 0.4603, 0.979, 1, 1, 1, 0.7891, 0.1214, 0, 0, 0, 0, 0, 0, 0, 0 ], [ 0, 0, 0, 0, 0.0363, 0.9259, 1, 1, 0.8888, 0.3085, 0, 0, 0, 0, 0, 0, 0, 0, 0 ], [ 0, 0, 0, 0, 0, 0.42, 0.941, 0.9578, 0.2388, 0, 0, 0, 0, 0, 0, 0, 0, 0, 0 ], [ 0, 0, 0, 0, 0, 0, 0.0972, 0.0469, 0, 0, 0, 0, 0, 0, 0, 0, 0, 0, 0 ] ], "xmin": -18.916666666666668, "xmax": -18.125, "ymin": 65.333333333333329, "ymax": 65.916666666666657 }, "geometry": { "type": "MultiPolygon", "coordinates": [ [ [ [ -18.779571499999975, 65.692820999000048 ], [ -18.73442302199993, 65.692673309000043 ], [ -18.726898561999974, 65.697647086000075 ], [ -18.70710874599996, 65.701320790000068 ], [ -18.696095613999944, 65.708636138000031 ], [ -18.643533736999927, 65.701121451000063 ], [ -18.618864737999957, 65.718729518000032 ], [ -18.599429534999956, 65.721002444000078 ], [ -18.582398430999945, 65.71855365600004 ], [ -18.570075774999964, 65.723728218000076 ], [ -18.541738, 65.721458401000064 ], [ -18.519394089999935, 65.739444678000041 ], [ -18.518342228999927, 65.741442212000038 ], [ -18.528218312999968, 65.749591921000047 ], [ -18.535964834999959, 65.766276564000066 ], [ -18.528857752999954, 65.772001442000033 ], [ -18.540110570999957, 65.777788804000068 ], [ -18.542057396999951, 65.783907254000042 ], [ -18.539405924999983, 65.791043910000042 ], [ -18.530699814999934, 65.798388285000044 ], [ -18.532375000999934, 65.805039334000071 ], [ -18.512528195999948, 65.813635564000037 ], [ -18.504743288999975, 65.822370918000047 ], [ -18.487361924999959, 65.824321668000039 ], [ -18.459627756999964, 65.841560918000027 ], [ -18.379824306999978, 65.853031162000036 ], [ -18.359034559999941, 65.853175140000076 ], [ -18.355821385999946, 65.861681746000045 ], [ -18.331131674999938, 65.873587824000083 ], [ -18.280559622999931, 65.878661940000029 ], [ -18.264509, 65.88313449900005 ], [ -18.257096307999973, 65.867013375000056 ], [ -18.244767449999927, 65.86538996400003 ], [ -18.224859465999941, 65.867495449000046 ], [ -18.192304974999956, 65.852458032000072 ], [ -18.196304285999929, 65.847420043000056 ], [ -18.191035695999972, 65.832109441000057 ], [ -18.188535268999942, 65.807844930000044 ], [ -18.190883311999983, 65.799684766000041 ], [ -18.179575555999975, 65.789904810000053 ], [ -18.169964837999942, 65.78744867000006 ], [ -18.166340773999934, 65.791118742000037 ], [ -18.153376152999954, 65.783109847000048 ], [ -18.158635661999938, 65.78045592400008 ], [ -18.152690908999944, 65.765455559000031 ], [ -18.159337035999954, 65.758727348000036 ], [ -18.154599143999974, 65.743224670000075 ], [ -18.156111209999949, 65.739444678000041 ], [ -18.159761512999978, 65.735282925000035 ], [ -18.158001444999968, 65.73030910600005 ], [ -18.129049499999951, 65.717145499000083 ], [ -18.14314356899996, 65.716408494000063 ], [ -18.151489376999962, 65.701709540000081 ], [ -18.16572595599996, 65.693188220000081 ], [ -18.255471523999972, 65.680982644000039 ], [ -18.259941929999968, 65.673636889000079 ], [ -18.261420490999967, 65.653491749000068 ], [ -18.265200354999934, 65.649317324000037 ], [ -18.282764884999949, 65.643647584000064 ], [ -18.305978410999955, 65.643190169000036 ], [ -18.32148910199993, 65.633289056000081 ], [ -18.347436049999942, 65.623086184000044 ], [ -18.34689756399996, 65.61631587200003 ], [ -18.351514021999947, 65.60920507600008 ], [ -18.341672589999973, 65.592353955000078 ], [ -18.342452327999979, 65.586355641000068 ], [ -18.359155729999941, 65.57955763800004 ], [ -18.384499286999983, 65.578509821000068 ], [ -18.387546286999964, 65.571483889000035 ], [ -18.385062709999943, 65.56163426300003 ], [ -18.38807, 65.556709499000078 ], [ -18.40579169199998, 65.555659718000072 ], [ -18.410387876999948, 65.54990489000005 ], [ -18.431844995999938, 65.539813208000055 ], [ -18.43659886599994, 65.526702565000051 ], [ -18.448266667999974, 65.508806610000079 ], [ -18.500502042999926, 65.486310272000082 ], [ -18.508322846999931, 65.47585104400008 ], [ -18.531238020999979, 65.455663153000046 ], [ -18.528123217999962, 65.448591515000032 ], [ -18.515849414999934, 65.436477825000054 ], [ -18.515974320999931, 65.432171379000067 ], [ -18.560554809999928, 65.422762001000081 ], [ -18.574954427999955, 65.416120052000053 ], [ -18.575540093999962, 65.409747417000062 ], [ -18.563666951999949, 65.397513983000067 ], [ -18.564988099999937, 65.392343847000063 ], [ -18.583845656999927, 65.382043176000082 ], [ -18.634156, 65.36411799900003 ], [ -18.674779959999967, 65.392724458000032 ], [ -18.706752438999956, 65.408063771000059 ], [ -18.701506614999971, 65.430771045000029 ], [ -18.704562474999932, 65.439710224000066 ], [ -18.714260603999946, 65.450588134000043 ], [ -18.713157327999966, 65.463208415000054 ], [ -18.75185223699998, 65.470309102000044 ], [ -18.744732155999941, 65.479284388000053 ], [ -18.70777925799996, 65.493050622000055 ], [ -18.700132234999955, 65.498348388000068 ], [ -18.703206024999929, 65.510650663000035 ], [ -18.714685000999964, 65.523554157000035 ], [ -18.730008971999951, 65.53276756200006 ], [ -18.752489945999969, 65.538953223000078 ], [ -18.769056252999974, 65.540014092000035 ], [ -18.775834496999948, 65.545444961000044 ], [ -18.791131699999937, 65.548070034000034 ], [ -18.821945801999959, 65.545995219000076 ], [ -18.830535048999934, 65.549712140000054 ], [ -18.832327721999945, 65.55783010600004 ], [ -18.839437550999946, 65.561518589000059 ], [ -18.855951665999953, 65.563421692000077 ], [ -18.865021222999928, 65.569972470000039 ], [ -18.892737499999953, 65.571277499000075 ], [ -18.88974030199995, 65.581420358000059 ], [ -18.89331324799997, 65.588006191000034 ], [ -18.882637385999942, 65.592638132000047 ], [ -18.88491236599998, 65.59990550200007 ], [ -18.842664212999978, 65.61871801500007 ], [ -18.847145028999932, 65.624294307000071 ], [ -18.840187455999967, 65.630571288000056 ], [ -18.840063058999931, 65.637276150000048 ], [ -18.850207157999932, 65.647748395000065 ], [ -18.862142380999956, 65.668937036000045 ], [ -18.837133417999951, 65.677369334000048 ], [ -18.804981377999979, 65.679233820000036 ], [ -18.797736701999952, 65.684576120000031 ], [ -18.784382210999979, 65.686405821000051 ], [ -18.779571499999975, 65.692820999000048 ] ] ] ] } },
{ "type": "Feature", "properties": { "GISCO_ID": "IS_6601", "CNTR_CODE": "IS", "LAU_ID": "6601", "LAU_NAME": "Svalbarðsstrandarhreppur", "cell_coverage": [ [ 0, 0.1035, 0.1893, 0.0254 ], [ 0.0756, 0.9177, 1, 0.3001 ], [ 0.0329, 0.9317, 1, 0.335 ], [ 0, 0.3392, 0.7177, 0.1762 ] ], "xmin": -18.125, "xmax": -17.958333333333332, "ymin": 65.666666666666643, "ymax": 65.833333333333314 }, "geometry": { "type": "MultiPolygon", "coordinates": [ [ [ [ -17.996421, 65.798608999000066 ], [ -17.987807389999944, 65.787957316000075 ], [ -17.990762437999933, 65.768054222000046 ], [ -17.979020681999941, 65.749154910000073 ], [ -17.98592191399996, 65.739444678000041 ], [ -17.986805, 65.734618999000077 ], [ -17.98853, 65.702847499000029 ], [ -17.986754499999961, 65.683617499000036 ], [ -18.001082289999943, 65.682876499000031 ], [ -18.045250499999952, 65.67293199900007 ], [ -18.080377677999934, 65.720429953000064 ], [ -18.083275649999962, 65.739444678000041 ], [ -18.090517773999977, 65.744270506000078 ], [ -18.089785439999957, 65.748229507000076 ], [ -18.092545538999957, 65.751260626000033 ], [ -18.089387117999934, 65.762277252000047 ], [ -18.081351110999947, 65.778219716000081 ], [ -18.07417690099993, 65.782762680000076 ], [ -18.071021150999968, 65.788540549000061 ], [ -18.062549137999952, 65.791697008000028 ], [ -18.058902499999931, 65.801486999000076 ], [ -17.999543499999959, 65.798475499000062 ], [ -17.996421, 65.798608999000066 ] ] ] ] } },
{ "type": "Feature", "properties": { "GISCO_ID": "IS_6602", "CNTR_CODE": "IS", "LAU_ID": "6602", "LAU_NAME": "Grýtubakkahreppur", "cell_coverage": [ [ 0, 0.1066, 0.1374, 0.094, 0.0165, 0, 0, 0, 0, 0 ], [ 0.4568, 0.9924, 1, 1, 0.824, 0.8963, 0.4876, 0.128, 0, 0 ], [ 0.4732, 1, 1, 1, 1, 1, 1, 0.7374, 0.0118, 0 ], [ 0.1114, 0.977, 1, 1, 1, 1, 1, 0.9736, 0.6297, 0.0448 ], [ 0, 0.6344, 1, 1, 1, 1, 1, 1, 0.8975, 0.075 ], [ 0, 0.042, 0.6133, 0.9795, 1, 1, 1, 1, 0.8016, 0.0798 ], [ 0, 0, 0, 0.6932, 0.9968, 1, 1, 1, 0.5849, 0.2893 ], [ 0, 0, 0, 0.0841, 0.1723, 0.6092, 1, 1, 1, 0.7746 ], [ 0, 0, 0, 0, 0, 8.2381e-06, 0.6746, 0.9835, 0.6879, 0.2288 ], [ 0, 0, 0, 0, 0, 0, 0.3352, 0.7818, 0.0234, 0 ] ], "xmin": -18.333333333333336, "xmax": -17.916666666666668, "ymin": 65.791666666666643, "ymax": 66.208333333333314 }, "geometry": { "type": "MultiPolygon", "coordinates": [ [ [ [ -17.996421, 65.798608999000066 ], [ -17.999543499999959, 65.798475499000062 ], [ -18.058902499999931, 65.801486999000076 ], [ -18.059690129999979, 65.80777762300005 ], [ -18.055083945999968, 65.817857251000078 ], [ -18.065170825999928, 65.828561264000029 ], [ -18.059911023999973, 65.841207387000054 ], [ -18.085522308999941, 65.877936685000066 ], [ -18.098373701999947, 65.884970870000075 ], [ -18.093171684999959, 65.888925001000075 ], [ -18.116684231999955, 65.898163862000047 ], [ -18.129869554999971, 65.908082644000046 ], [ -18.129281908999928, 65.912360739000064 ], [ -18.138469296999972, 65.918242469000063 ], [ -18.147432802999958, 65.91520706700004 ], [ -18.139206189999982, 65.905807534000076 ], [ -18.167306744999962, 65.906770942000037 ], [ -18.187086844999953, 65.913345651000043 ], [ -18.198758693999935, 65.920582773000035 ], [ -18.203633561999936, 65.936447835000081 ], [ -18.186015684999973, 65.947688162000077 ], [ -18.184497122999971, 65.952803238000058 ], [ -18.242460770999969, 65.980425843000035 ], [ -18.276682634999929, 66.014539480000053 ], [ -18.280047900999932, 66.02056476100006 ], [ -18.278986414999963, 66.02951319500005 ], [ -18.285436214999947, 66.044292388000031 ], [ -18.297794300999954, 66.058314890000077 ], [ -18.299320474999945, 66.083730552000077 ], [ -18.308001737999973, 66.101436513000067 ], [ -18.318548368999927, 66.111752419000084 ], [ -18.322045233999972, 66.121600636000039 ], [ -18.310532877999947, 66.154638610000063 ], [ -18.267771240999934, 66.174070584000049 ], [ -18.159540600999946, 66.169368714000029 ], [ -18.152042322999932, 66.166087650000065 ], [ -18.143212587999926, 66.15431039200007 ], [ -18.137198033999937, 66.152205796000032 ], [ -18.125600603999942, 66.153582047000043 ], [ -18.115642699999967, 66.163632800000073 ], [ -18.096039757999961, 66.164635624000027 ], [ -18.078698050999947, 66.15776280800003 ], [ -18.080749232999949, 66.148708602000056 ], [ -18.074932424999929, 66.143829874000062 ], [ -18.064373523999961, 66.142243422000035 ], [ -18.034166499999969, 66.147239999000078 ], [ -18.041606215999934, 66.13434008400003 ], [ -18.017691344999946, 66.129699670000036 ], [ -18.006401082999957, 66.116726125000071 ], [ -17.994773107999947, 66.109124003000034 ], [ -17.99702435699993, 66.106518282000081 ], [ -18.013444480999965, 66.103160076000052 ], [ -18.01357995199993, 66.096050369000068 ], [ -18.019806344999949, 66.092995837000046 ], [ -18.020489478999934, 66.083911001000047 ], [ -17.998720964999961, 66.078000302000078 ], [ -17.984658228999933, 66.068548427000053 ], [ -17.967537582999967, 66.068882661000032 ], [ -17.948333184999967, 66.06382835900007 ], [ -17.951696425999955, 66.057801231000042 ], [ -17.97273552799993, 66.043915679000065 ], [ -17.970257931999981, 66.030820336000033 ], [ -17.958300554999937, 66.024507222000068 ], [ -17.952128613999946, 66.008484353000028 ], [ -17.946909177999942, 66.002644732000078 ], [ -17.950954593999938, 65.992309611000053 ], [ -17.949137203999953, 65.987511962000042 ], [ -17.983361787999968, 65.962815146000082 ], [ -17.997121268999933, 65.94049364500006 ], [ -17.976649048999946, 65.938276012000074 ], [ -17.962551253999948, 65.932617153000081 ], [ -17.931777607999948, 65.933567574000051 ], [ -17.920766907999962, 65.909134018000032 ], [ -17.925805650999962, 65.898867827000061 ], [ -17.928079459999935, 65.882068116000028 ], [ -17.940423392999946, 65.870405917000028 ], [ -17.930633773999944, 65.867381439000042 ], [ -17.929384806999963, 65.864485126000034 ], [ -18.007423485999936, 65.836034814000072 ], [ -17.998697640999978, 65.814291325000056 ], [ -17.996421, 65.798608999000066 ] ] ] ] } },
{ "type": "Feature", "properties": { "GISCO_ID": "IS_6607", "CNTR_CODE": "IS", "LAU_ID": "6607", "LAU_NAME": "Skútustaðahreppur", "cell_coverage": [ [ 0, 0, 0, 0, 0, 0, 0, 0, 0, 0.0152, 0.0524, 0.0812, 0.11, 0.1653, 0.5293, 0.4945, 0.4083, 0.3132, 0.2733, 0.3237, 0.3754, 0.4259, 0.4747, 0.3791, 0, 0, 0, 0, 0, 0, 0, 0, 0 ], [ 0, 0, 0, 0, 0, 0, 0, 0.767, 0.9479, 0.9971, 1, 1, 1, 1, 1, 1, 1, 1, 1, 1, 1, 1, 1, 0.9439, 0.2229, 0, 0, 0, 0, 0, 0, 0, 0 ], [ 0, 0, 0, 0, 0, 0, 0, 0.7903, 1, 1, 1, 1, 1, 1, 1, 1, 1, 1, 1, 1, 1, 1, 1, 0.9418, 0.0635, 0, 0, 0, 0, 0, 0, 0, 0 ], [ 0, 0, 0, 0, 0, 0, 0, 0.7104, 1, 1, 1, 1, 1, 1, 1, 1, 1, 1, 1, 1, 1, 1, 1, 0.9811, 0.4729, 0.2295, 0.0112, 0, 0, 0, 0, 0, 0 ], [ 0, 0, 0, 0.0016, 0.0346, 0.2677, 0.3516, 0.8672, 1, 1, 1, 1, 1, 1, 1, 1, 1, 1, 1, 1, 1, 1, 1, 1, 1, 1, 0.922, 0.4817, 0.0453, 0, 0, 0, 0 ], [ 0, 0, 0.0187, 0.8197, 1, 1, 1, 1, 1, 1, 1, 1, 1, 1, 1, 1, 1, 1, 1, 1, 1, 1, 1, 1, 1, 1, 1, 1, 0.703, 0.1711, 0, 0, 0 ], [ 0.1113, 0.6097, 0.6102, 0.9835, 1, 1, 1, 1, 1, 1, 1, 1, 1, 1, 1, 1, 1, 1, 1, 1, 1, 1, 1, 1, 1, 1, 1, 1, 1, 0.9089, 0.0728, 0, 0 ], [ 0.0043, 0.4635, 0.4782, 0.8339, 1, 1, 1, 1, 1, 1, 1, 1, 1, 1, 1, 1, 1, 1, 1, 1, 1, 1, 1, 1, 1, 1, 1, 1, 1, 0.5838, 0, 0, 0 ], [ 0, 0, 0, 0.4611, 1, 1, 1, 1, 1, 1, 1, 1, 1, 1, 1, 1, 1, 1, 1, 1, 1, 1, 1, 1, 1, 1, 1, 1, 1, 0.7997, 0.0061, 0, 0 ], [ 0, 0, 0, 0.303, 1, 1, 1, 1, 1, 1, 1, 1, 1, 1, 1, 1, 1, 1, 1, 1, 1, 1, 1, 1, 1, 1, 1, 1, 1, 0.2675, 0, 0, 0 ], [ 0, 0, 0, 0.1579, 1, 1, 1, 1, 1, 1, 1, 1, 1, 1, 1, 1, 1, 1, 1, 1, 1, 1, 1, 1, 1, 1, 1, 1, 1, 0.7914, 0.4052, 0.0903, 0 ], [ 0, 0, 0, 0.0314, 0.9999, 1, 1, 1, 1, 1, 1, 1, 1, 1, 1, 1, 1, 1, 1, 1, 1, 1, 1, 1, 1, 1, 1, 1, 1, 1, 1, 0.9517, 0.3422 ], [ 0, 0, 0, 0.0852, 1, 1, 1, 1, 1, 1, 1, 1, 1, 1, 1, 1, 1, 1, 1, 1, 1, 1, 1, 1, 1, 1, 1, 1, 1, 1, 1, 0.9886, 0.3681 ], [ 0, 0, 0, 0.1846, 1, 1, 1, 1, 1, 1, 1, 1, 1, 1, 1, 1, 1, 1, 1, 1, 1, 1, 1, 1, 1, 1, 1, 1, 1, 0.9849, 0.7546, 0.3754, 0 ], [ 0, 0, 0, 0.2839, 1, 1, 1, 1, 1, 1, 1, 1, 1, 1, 1, 1, 1, 1, 1, 1, 1, 1, 1, 1, 1, 1, 1, 1, 0.8774, 0.138, 0, 0, 0 ], [ 0, 0, 0, 0.3833, 1, 1, 1, 1, 1, 1, 1, 1, 1, 1, 1, 1, 1, 1, 1, 1, 1, 1, 1, 1, 1, 1, 1, 0.9669, 0.1452, 0, 0, 0, 0 ], [ 0, 0, 0, 0.4826, 1, 1, 1, 1, 1, 1, 1, 1, 1, 1, 1, 1, 1, 1, 1, 1, 1, 1, 1, 1, 1, 1, 1, 0.9991, 0.1489, 0, 0, 0, 0 ], [ 0, 0, 0, 0.5828, 1, 1, 1, 1, 1, 1, 1, 1, 1, 1, 1, 1, 1, 1, 1, 1, 1, 1, 1, 1, 1, 1, 1, 0.9867, 0.0973, 0, 0, 0, 0 ], [ 0, 0, 0, 0.6836, 1, 1, 1, 1, 1, 1, 1, 1, 1, 1, 1, 1, 1, 1, 1, 1, 1, 1, 1, 1, 1, 1, 1, 0.8672, 0.1158, 0, 0, 0, 0 ], [ 0, 0, 0, 0.7844, 1, 1, 1, 1, 1, 1, 1, 1, 1, 1, 1, 1, 1, 1, 1, 1, 1, 1, 1, 1, 0.9662, 0.7744, 0.6818, 0.4761, 0.012, 0, 0, 0, 0 ], [ 0, 0, 0, 0.8852, 1, 1, 1, 1, 1, 1, 1, 1, 1, 1, 1, 1, 1, 1, 1, 1, 1, 1, 1, 0.8706, 0.1387, 0, 0, 0, 0, 0, 0, 0, 0 ], [ 0, 0, 0.0066, 0.9795, 1, 1, 1, 1, 1, 1, 1, 1, 1, 1, 1, 1, 1, 1, 0.9955, 0.8206, 0.6591, 0.5422, 0.4238, 0.0396, 0, 0, 0, 0, 0, 0, 0, 0, 0 ], [ 0, 0, 0.0869, 1, 1, 1, 1, 1, 1, 1, 1, 1, 1, 1, 1, 1, 1, 1, 0.2309, 0, 0, 0, 0, 0, 0, 0, 0, 0, 0, 0, 0, 0, 0 ], [ 0, 0, 0.1877, 1, 1, 1, 1, 1, 1, 1, 1, 1, 1, 1, 1, 1, 1, 0.6937, 0.0008, 0, 0, 0, 0, 0, 0, 0, 0, 0, 0, 0, 0, 0, 0 ], [ 0, 0, 0.2885, 1, 1, 1, 1, 1, 1, 1, 1, 1, 1, 1, 1, 1, 0.9364, 0.005, 0, 0, 0, 0, 0, 0, 0, 0, 0, 0, 0, 0, 0, 0, 0 ], [ 0, 0, 0.3894, 1, 1, 1, 1, 1, 1, 1, 1, 1, 1, 1, 1, 1, 0.6451, 0, 0, 0, 0, 0, 0, 0, 0, 0, 0, 0, 0, 0, 0, 0, 0 ], [ 0, 0, 0.4526, 1, 1, 1, 1, 1, 1, 1, 1, 1, 1, 1, 1, 1, 0.3133, 0, 0, 0, 0, 0, 0, 0, 0, 0, 0, 0, 0, 0, 0, 0, 0 ], [ 0, 0, 0.4779, 1, 1, 1, 1, 1, 1, 1, 1, 1, 1, 1, 1, 0.9488, 0.0328, 0, 0, 0, 0, 0, 0, 0, 0, 0, 0, 0, 0, 0, 0, 0, 0 ], [ 0, 0, 0.5033, 1, 1, 1, 1, 1, 1, 1, 1, 1, 1, 1, 1, 0.6498, 0, 0, 0, 0, 0, 0, 0, 0, 0, 0, 0, 0, 0, 0, 0, 0, 0 ], [ 0, 0, 0.5286, 1, 1, 1, 1, 1, 1, 1, 1, 1, 1, 1, 1, 0.318, 0, 0, 0, 0, 0, 0, 0, 0, 0, 0, 0, 0, 0, 0, 0, 0, 0 ], [ 0, 0, 0.5539, 1, 1, 1, 1, 1, 1, 1, 1, 1, 1, 1, 0.9514, 0.0349, 0, 0, 0, 0, 0, 0, 0, 0, 0, 0, 0, 0, 0, 0, 0, 0, 0 ], [ 0, 0, 0.5793, 1, 1, 1, 1, 1, 1, 1, 1, 1, 1, 1, 0.6545, 0, 0, 0, 0, 0, 0, 0, 0, 0, 0, 0, 0, 0, 0, 0, 0, 0, 0 ], [ 0, 0, 0.6046, 1, 1, 1, 1, 1, 1, 1, 1, 1, 1, 1, 0.3227, 0, 0, 0, 0, 0, 0, 0, 0, 0, 0, 0, 0, 0, 0, 0, 0, 0, 0 ], [ 0, 0, 0.6299, 1, 1, 1, 1, 1, 0.9999, 0.9844, 0.9574, 0.9304, 0.9033, 0.8509, 0.0371, 0, 0, 0, 0, 0, 0, 0, 0, 0, 0, 0, 0, 0, 0, 0, 0, 0, 0 ], [ 0, 0, 0.1087, 0.1464, 0.1194, 0.0924, 0.0654, 0.0384, 0.0115, 0, 0, 0, 0, 0, 0, 0, 0, 0, 0, 0, 0, 0, 0, 0, 0, 0, 0, 0, 0, 0, 0, 0, 0 ] ], "xmin": -17.375, "xmax": -16.0, "ymin": 64.375, "ymax": 65.833333333333314 }, "geometry": { "type": "MultiPolygon", "coordinates": [ [ [ [ -16.797109499999976, 64.422234999000068 ], [ -17.27696149999997, 64.409274499000048 ], [ -17.268332000999976, 64.749923945000035 ], [ -17.230300669999963, 65.127118663000033 ], [ -17.208200160999979, 65.34959447600005 ], [ -17.227959839999983, 65.485737810000046 ], [ -17.241659560999949, 65.523062910000078 ], [ -17.320935257999963, 65.519468632000041 ], [ -17.332976071999951, 65.535264700000027 ], [ -17.341418446999967, 65.553275330000076 ], [ -17.342364600999929, 65.563035478000074 ], [ -17.337603084999955, 65.56579744700008 ], [ -17.33838936099994, 65.570668960000035 ], [ -17.331913003999944, 65.573917162000043 ], [ -17.320738026999948, 65.572860845000037 ], [ -17.306581479999977, 65.56260717300006 ], [ -17.298694902999955, 65.560197406000043 ], [ -17.273995677999949, 65.564045623000084 ], [ -17.244087451999974, 65.579759232000072 ], [ -17.244888763999938, 65.582949907000057 ], [ -17.25655070199997, 65.589420213000039 ], [ -17.23850969199998, 65.606679327000052 ], [ -17.237595970999962, 65.622002945000077 ], [ -17.221405446999938, 65.625001351000037 ], [ -17.171791308999957, 65.626589438000053 ], [ -17.162644282999963, 65.637154195000051 ], [ -17.11914692199997, 65.635166908000031 ], [ -17.095295405999934, 65.640324709000083 ], [ -17.085510080999939, 65.649169525000048 ], [ -17.068406228999947, 65.651743155000077 ], [ -17.079116344999932, 65.785697793000054 ], [ -16.967170332999956, 65.792992944000048 ], [ -16.797808220999968, 65.797874009000054 ], [ -16.794981137999969, 65.800123254000027 ], [ -16.793423, 65.814320499000075 ], [ -16.728725499999939, 65.812599499000044 ], [ -16.619483499999944, 65.802208999000072 ], [ -16.495140762999938, 65.808635776000074 ], [ -16.38583368899998, 65.81396124500003 ], [ -16.38826826899998, 65.80768258900008 ], [ -16.38350986599994, 65.796533521000072 ], [ -16.389932098999964, 65.788179133000028 ], [ -16.364271613999961, 65.776666242000033 ], [ -16.360067199999946, 65.769403987000032 ], [ -16.362001279999959, 65.751903269000081 ], [ -16.381428279999966, 65.721133254000051 ], [ -16.378154, 65.701867546000074 ], [ -16.373003737999966, 65.69271172200007 ], [ -16.363388761999943, 65.686902081000028 ], [ -16.334421081999949, 65.682723662000058 ], [ -16.24790907199997, 65.65708950100003 ], [ -16.229456330999938, 65.642646831000036 ], [ -16.203805924999926, 65.635389495000084 ], [ -16.198470594999947, 65.625302887000032 ], [ -16.186280573999966, 65.621844331000034 ], [ -16.190348960999927, 65.608764613000062 ], [ -16.188940149999951, 65.605991671000083 ], [ -16.118919700999982, 65.580757417000029 ], [ -16.117045638999969, 65.573426260000076 ], [ -16.122202452999943, 65.561405764000028 ], [ -16.143308885999943, 65.541776823000077 ], [ -16.141550790999929, 65.525034854000069 ], [ -16.145583037999927, 65.508380936000037 ], [ -16.135008630999948, 65.500857410000037 ], [ -16.133429229999933, 65.491880613000035 ], [ -16.121111499999927, 65.481600499000081 ], [ -16.138764256999934, 65.47144772300004 ], [ -16.141148173999966, 65.448518350000029 ], [ -16.157587219999982, 65.447578061000058 ], [ -16.163393414999973, 65.442131990000064 ], [ -16.163871283999981, 65.436026441000081 ], [ -16.15759100799994, 65.421429767000063 ], [ -16.136745134999956, 65.39927933000007 ], [ -16.080269410999961, 65.386459535000029 ], [ -16.029482607999967, 65.358813267000073 ], [ -16.023553909999976, 65.352442451000059 ], [ -16.023055093999972, 65.344530665000036 ], [ -16.009263174999944, 65.336794878000035 ], [ -16.00701111099994, 65.331411677000062 ], [ -16.013391008999974, 65.318471191000071 ], [ -16.037013986999966, 65.309635304000039 ], [ -16.044816262999973, 65.29479266900006 ], [ -16.045655954999972, 65.286237062000055 ], [ -16.052713178999966, 65.276632613000061 ], [ -16.094323039999949, 65.266183348000084 ], [ -16.110792572999969, 65.254854527000077 ], [ -16.128555090999953, 65.253230702000053 ], [ -16.151891835999947, 65.244644325000081 ], [ -16.174080131999972, 65.219951682000044 ], [ -16.186748467999962, 65.211263452000082 ], [ -16.200694595999948, 65.196147665000069 ], [ -16.204499020999947, 65.180894800000033 ], [ -16.214645702999974, 65.176682950000043 ], [ -16.213161534999927, 65.169627844000047 ], [ -16.193498628999976, 65.150361717000067 ], [ -16.203328184999975, 65.141146211000034 ], [ -16.205788084999938, 65.127118663000033 ], [ -16.201364133999959, 65.116231126000059 ], [ -16.201829950999979, 65.103236451000043 ], [ -16.222140126999932, 65.06870409000004 ], [ -16.219413669999938, 65.063778897000077 ], [ -16.212159680999946, 65.059823760000029 ], [ -16.191568612999959, 65.057674993000035 ], [ -16.200883421999947, 65.045370614000035 ], [ -16.195306437999932, 65.041485314000056 ], [ -16.206741761999979, 65.03913209600006 ], [ -16.216264506999948, 65.028862422000032 ], [ -16.23372913299994, 65.019188076000034 ], [ -16.240603212999929, 65.012047907000067 ], [ -16.254629117999968, 65.014129772000047 ], [ -16.291686054999957, 65.012256496000077 ], [ -16.337866102999953, 65.005922793000082 ], [ -16.366073476999929, 64.989628856000081 ], [ -16.37377386199995, 64.978891740000051 ], [ -16.39686388399997, 64.959258834000082 ], [ -16.409732600999973, 64.954905122000071 ], [ -16.415049558999954, 64.948598375000074 ], [ -16.431965529999957, 64.940002538000044 ], [ -16.504500471999961, 64.933457790000034 ], [ -16.575354747999938, 64.922299674000044 ], [ -16.60091506699996, 64.912227278000046 ], [ -16.623554623999951, 64.893966694000028 ], [ -16.622611000999939, 64.877922858000034 ], [ -16.632240457999956, 64.85560625100004 ], [ -16.64066833399994, 64.845851239000069 ], [ -16.659045866999975, 64.837676976000068 ], [ -16.669395663999978, 64.825740852000081 ], [ -16.666501408999977, 64.815905189000034 ], [ -16.797109499999976, 64.422234999000068 ] ] ] ] } },
{ "type": "Feature", "properties": { "GISCO_ID": "IS_6611", "CNTR_CODE": "IS", "LAU_ID": "6611", "LAU_NAME": "Tjörneshreppur", "cell_coverage": [ [ 0, 0, 0, 0, 0, 0, 0.0116, 0, 0, 0 ], [ 0, 0, 0, 0, 0, 0, 0, 0, 0, 0 ], [ 0, 0, 0, 0, 0, 0, 0, 0, 0, 0 ], [ 0, 0, 0.0488, 0.4345, 0.5568, 0.6942, 0.8513, 0.8996, 0.7246, 0.0073 ], [ 0, 0, 0.3581, 1, 1, 1, 1, 1, 0.3573, 0 ], [ 0.0983, 0.3087, 0.7361, 1, 1, 1, 1, 0.9407, 0.0254, 0 ], [ 0.0169, 0.1581, 0.3807, 0.7192, 0.9855, 1, 1, 0.5718, 0, 0 ], [ 0, 0, 0, 0, 0.0915, 0.4349, 0.7927, 0.545, 0, 0 ], [ 0, 0, 0, 0, 0, 0, 0, 0.0413, 0, 0 ] ], "xmin": -17.375, "xmax": -16.958333333333332, "ymin": 65.958333333333314, "ymax": 66.333333333333314 }, "geometry": { "type": "MultiPolygon", "coordinates": [ [ [ [ -17.342576, 66.079999499000053 ], [ -17.34114320599997, 66.08496526600004 ], [ -17.351479126999948, 66.090580303000081 ], [ -17.351502692999929, 66.09466688200007 ], [ -17.327105635999942, 66.093217959000071 ], [ -17.304559086999973, 66.095859088000054 ], [ -17.292615461999958, 66.104369177000081 ], [ -17.276629206999928, 66.108847079000043 ], [ -17.263712316999943, 66.116237539000053 ], [ -17.259949399999982, 66.121316131000071 ], [ -17.261036700999966, 66.131114334000074 ], [ -17.258094935999964, 66.145877724000059 ], [ -17.272230599999943, 66.153621831000066 ], [ -17.274588647999963, 66.161162995000041 ], [ -17.266794210999933, 66.169427992000067 ], [ -17.243911365999963, 66.17507697800005 ], [ -17.235807828999953, 66.183737051000037 ], [ -17.222676545999946, 66.189447739000059 ], [ -17.197954166999978, 66.193305414000065 ], [ -17.18555883099998, 66.188103131000048 ], [ -17.154022260999966, 66.187339076000058 ], [ -17.14252638399995, 66.194963503000054 ], [ -17.146405842999968, 66.204341041000077 ], [ -17.144909809999945, 66.20627085700005 ], [ -17.127228705999983, 66.20102201800006 ], [ -17.03430990399994, 66.205513616000076 ], [ -16.996240499999942, 66.189971999000079 ], [ -17.030682150999951, 66.142487745000039 ], [ -17.049260394999976, 66.084996283000066 ], [ -17.061683890999973, 66.068585486000075 ], [ -17.059931143999961, 65.992808793000052 ], [ -17.277362208999932, 66.070611408000048 ], [ -17.295665019999944, 66.071169086000054 ], [ -17.300501358999952, 66.074616233000029 ], [ -17.324275002999968, 66.079912361000083 ], [ -17.342576, 66.079999499000053 ] ] ], [ [ [ -17.114171308999971, 66.299820713000031 ], [ -17.113205881999932, 66.297307144000058 ], [ -17.116155522999975, 66.295399393000082 ], [ -17.121816098999943, 66.29845621000004 ], [ -17.114171308999971, 66.299820713000031 ] ] ], [ [ [ -17.368389022999963, 66.117877125000064 ], [ -17.367139255999973, 66.113870427000052 ], [ -17.372475066999982, 66.112666847000071 ], [ -17.373265039999978, 66.115933909000034 ], [ -17.368389022999963, 66.117877125000064 ] ] ] ] } },
{ "type": "Feature", "properties": { "GISCO_ID": "IS_6612", "CNTR_CODE": "IS", "LAU_ID": "6612", "LAU_NAME": "Þingeyjarsveit", "cell_coverage": [ [ 0, 0, 0, 0, 0, 0, 0, 0, 0, 0, 0, 0.0985, 0, 0, 0, 0, 0, 0, 0, 0, 0, 0, 0, 0, 0, 0, 0, 0, 0, 0, 0, 0, 0, 0, 0, 0, 0, 0 ], [ 0, 0, 0, 0, 0, 0, 0, 0.5171, 0.6544, 0.5043, 0.1605, 0.1879, 0, 0, 0, 0, 0, 0, 0, 0, 0, 0, 0, 0, 0, 0, 0, 0, 0, 0, 0, 0, 0, 0, 0, 0, 0, 0 ], [ 0, 0, 0, 0, 0, 0, 0, 0.2626, 0.9882, 1, 0.8933, 0.5723, 0.3483, 0.0142, 0, 0, 0, 0, 0, 0, 0, 0, 0, 0, 0, 0, 0, 0, 0, 0, 0, 0, 0, 0, 0, 0, 0, 0 ], [ 0, 0, 0, 0, 0, 0, 0, 0.0264, 0.3703, 0.9552, 1, 1, 1, 0.9121, 0.5362, 0.0316, 0, 0, 0, 0, 0, 0, 0, 0, 0, 0, 0, 0, 0, 0, 0, 0, 0, 0, 0, 0, 0, 0 ], [ 0, 0, 0, 0, 0, 0, 0, 0, 0.1025, 0.925, 1, 1, 1, 1, 1, 0.7831, 0.0042, 0, 0, 0, 0, 0, 0, 0, 0, 0, 0, 0, 0, 0, 0, 0, 0, 0, 0, 0, 0, 0 ], [ 0, 0, 0, 0, 0, 0, 0, 0, 0.1984, 0.9202, 1, 1, 1, 1, 1, 1, 0.8359, 0.6737, 0.6454, 0.6504, 0.6663, 0.1168, 0, 0, 0, 0, 0, 0, 0, 0, 0, 0.0066, 0, 0, 0.0253, 0.0739, 0.1226, 0.1195 ], [ 0, 0, 0, 0, 0, 0, 0, 0, 0.4151, 0.7107, 1, 1, 1, 1, 1, 1, 1, 1, 1, 1, 1, 0.8639, 0.7177, 0.0673, 0, 0, 0, 0, 0, 0.2994, 0.7724, 0.988, 0.9566, 0.9767, 1, 1, 1, 0.7992 ], [ 0, 0, 0, 0, 0, 0, 0, 0, 0, 0.2254, 1, 1, 1, 1, 1, 1, 1, 1, 1, 1, 1, 1, 1, 0.4974, 0, 0, 0, 0, 0.0104, 0.8596, 1, 1, 1, 1, 1, 1, 1, 0.4987 ], [ 0, 0, 0, 0, 0, 0, 0, 0.0165, 0.3121, 0.7712, 1, 1, 1, 1, 1, 1, 1, 1, 1, 1, 1, 1, 1, 0.9996, 0.8062, 0.8776, 0.9203, 0.9595, 0.9944, 1, 1, 1, 1, 1, 1, 1, 1, 0.1667 ], [ 0, 0, 0, 0, 0, 0, 0, 0.0288, 0.9512, 1, 1, 1, 1, 1, 1, 1, 1, 1, 1, 1, 1, 1, 1, 1, 1, 1, 1, 1, 1, 1, 1, 1, 0.9848, 0.9476, 0.9188, 0.89, 0.8273, 0.0007 ], [ 0, 0, 0, 0, 0, 0, 0, 0, 0.6999, 1, 1, 1, 1, 1, 1, 1, 1, 1, 1, 1, 1, 1, 1, 1, 1, 1, 1, 1, 1, 1, 0.233, 0.0521, 0.0029, 0, 0, 0, 0, 0 ], [ 0, 0, 0, 0, 0, 0, 0, 0, 0.665, 1, 1, 1, 1, 1, 1, 1, 1, 1, 1, 1, 1, 1, 1, 1, 1, 1, 1, 1, 1, 1, 0.2097, 0, 0, 0, 0, 0, 0, 0 ], [ 0, 0, 0, 0, 0, 0, 0, 0, 0.5764, 1, 1, 1, 1, 1, 1, 1, 1, 1, 1, 1, 1, 1, 1, 1, 1, 1, 1, 1, 1, 1, 0.2896, 0, 0, 0, 0, 0, 0, 0 ], [ 0, 0, 0, 0, 0, 0, 0, 0, 0.0027, 0.4909, 1, 1, 1, 1, 1, 1, 1, 1, 1, 1, 1, 1, 1, 1, 1, 1, 0.9984, 0.9654, 0.7323, 0.6484, 0.1328, 0, 0, 0, 0, 0, 0, 0 ], [ 0, 0, 0, 0, 0, 0, 0, 0, 0, 0.0238, 0.7664, 1, 1, 1, 1, 1, 1, 1, 1, 1, 1, 1, 1, 1, 1, 0.9813, 0.1803, 0, 0, 0, 0, 0, 0, 0, 0, 0, 0, 0 ], [ 0, 0, 0, 0, 0, 0, 0, 0, 0, 0, 0.0398, 0.7043, 1, 1, 1, 1, 1, 1, 1, 1, 1, 1, 1, 0.8887, 0.3903, 0.3898, 0.0165, 0, 0, 0, 0, 0, 0, 0, 0, 0, 0, 0 ], [ 0, 0, 0, 0, 0, 0, 0, 0, 0, 0, 0, 0.1328, 0.9678, 1, 1, 1, 1, 1, 1, 1, 1, 1, 1, 0.9957, 0.5365, 0.5218, 0.1661, 0, 0, 0, 0, 0, 0, 0, 0, 0, 0, 0 ], [ 0, 0, 0, 0, 0, 0, 0, 0, 0, 0, 0, 0.3351, 1, 1, 1, 1, 1, 1, 1, 1, 1, 1, 1, 1, 1, 1, 0.5389, 0, 0, 0, 0, 0, 0, 0, 0, 0, 0, 0 ], [ 0, 0, 0, 0, 0, 0, 0, 0, 0, 0, 0.1627, 0.6399, 1, 1, 1, 1, 1, 1, 1, 1, 1, 1, 1, 1, 1, 1, 0.697, 0, 0, 0, 0, 0, 0, 0, 0, 0, 0, 0 ], [ 0, 0, 0, 0, 0, 0, 0, 0, 0, 0.0471, 0.9901, 1, 1, 1, 1, 1, 1, 1, 1, 1, 1, 1, 1, 1, 1, 1, 0.8421, 0, 0, 0, 0, 0, 0, 0, 0, 0, 0, 0 ], [ 0, 0, 0, 0, 0, 0, 0, 0, 0, 0.1647, 1, 1, 1, 1, 1, 1, 1, 1, 1, 1, 1, 1, 1, 1, 1, 1, 0.9686, 0.0001, 0, 0, 0, 0, 0, 0, 0, 0, 0, 0 ], [ 0, 0, 0, 0, 0, 0, 0, 0, 0, 0.1099, 1, 1, 1, 1, 1, 1, 1, 1, 1, 1, 1, 1, 1, 1, 1, 1, 0.9148, 0, 0, 0, 0, 0, 0, 0, 0, 0, 0, 0 ], [ 0, 0, 0, 0, 0, 0, 0, 0, 0, 0.1189, 1, 1, 1, 1, 1, 1, 1, 1, 1, 1, 1, 1, 1, 1, 1, 1, 0.8154, 0, 0, 0, 0, 0, 0, 0, 0, 0, 0, 0 ], [ 0, 0, 0, 0, 0, 0, 0, 0, 0.002, 0.692, 1, 1, 1, 1, 1, 1, 1, 1, 1, 1, 1, 1, 1, 1, 1, 1, 0.7161, 0, 0, 0, 0, 0, 0, 0, 0, 0, 0, 0 ], [ 0, 0, 0, 0, 0, 0, 0, 0, 0.412, 1, 1, 1, 1, 1, 1, 1, 1, 1, 1, 1, 1, 1, 1, 1, 1, 1, 0.6167, 0, 0, 0, 0, 0, 0, 0, 0, 0, 0, 0 ], [ 0, 0, 0, 0, 0, 0, 0, 0.1665, 0.9635, 1, 1, 1, 1, 1, 1, 1, 1, 1, 1, 1, 1, 1, 1, 1, 1, 1, 0.5174, 0, 0, 0, 0, 0, 0, 0, 0, 0, 0, 0 ], [ 0, 0, 0, 0, 0, 0, 0.0298, 0.8181, 1, 1, 1, 1, 1, 1, 1, 1, 1, 1, 1, 1, 1, 1, 1, 1, 1, 1, 0.4172, 0, 0, 0, 0, 0, 0, 0, 0, 0, 0, 0 ], [ 0, 0, 0, 0, 0, 0, 0.5658, 1, 1, 1, 1, 1, 1, 1, 1, 1, 1, 1, 1, 1, 1, 1, 1, 1, 1, 1, 0.3164, 0, 0, 0, 0, 0, 0, 0, 0, 0, 0, 0 ], [ 0, 0, 0, 0, 0, 0.2877, 0.9961, 1, 1, 1, 1, 1, 1, 1, 1, 1, 1, 1, 1, 1, 1, 1, 1, 1, 1, 1, 0.2156, 0, 0, 0, 0, 0, 0, 0, 0, 0, 0, 0 ], [ 0, 0, 0, 0, 0.0906, 0.9111, 1, 1, 1, 1, 1, 1, 1, 1, 1, 1, 1, 1, 1, 1, 1, 1, 1, 1, 1, 1, 0.1148, 0, 0, 0, 0, 0, 0, 0, 0, 0, 0, 0 ], [ 0, 0, 0, 0.0062, 0.7154, 1, 1, 1, 1, 1, 1, 1, 1, 1, 1, 1, 1, 1, 1, 1, 1, 1, 1, 1, 1, 0.9934, 0.0205, 0, 0, 0, 0, 0, 0, 0, 0, 0, 0, 0 ], [ 0, 0, 0.1284, 0.7998, 1, 1, 1, 1, 1, 1, 1, 1, 1, 1, 1, 1, 1, 1, 1, 1, 1, 1, 1, 1, 1, 0.9131, 0, 0, 0, 0, 0, 0, 0, 0, 0, 0, 0, 0 ], [ 0, 0, 0.1361, 1, 1, 1, 1, 1, 1, 1, 1, 1, 1, 1, 1, 1, 1, 1, 1, 1, 1, 1, 1, 1, 1, 0.8123, 0, 0, 0, 0, 0, 0, 0, 0, 0, 0, 0, 0 ], [ 0, 0.2342, 0.7245, 1, 1, 1, 1, 1, 1, 1, 1, 1, 1, 1, 1, 1, 1, 1, 1, 1, 1, 1, 1, 1, 1, 0.7115, 0, 0, 0, 0, 0, 0, 0, 0, 0, 0, 0, 0 ], [ 0.0426, 0.3377, 0.1831, 0.1255, 0.2931, 0.8909, 1, 1, 1, 1, 1, 1, 1, 1, 1, 1, 1, 1, 1, 1, 1, 1, 1, 1, 1, 0.6106, 0, 0, 0, 0, 0, 0, 0, 0, 0, 0, 0, 0 ], [ 0, 0, 0, 0, 0, 0.058, 0.4028, 0.8951, 1, 1, 1, 1, 1, 1, 1, 1, 1, 1, 1, 1, 1, 1, 1, 1, 1, 0.5474, 0, 0, 0, 0, 0, 0, 0, 0, 0, 0, 0, 0 ], [ 0, 0, 0, 0, 0, 0, 0, 0.0537, 0.3208, 0.5284, 0.7149, 0.8626, 0.9591, 1, 1, 1, 1, 1, 1, 1, 1, 1, 1, 1, 1, 0.5221, 0, 0, 0, 0, 0, 0, 0, 0, 0, 0, 0, 0 ], [ 0, 0, 0, 0, 0, 0, 0, 0, 0, 0, 0, 0, 0.0003, 0.0561, 0.1528, 0.2494, 0.3461, 0.4427, 0.5394, 0.7871, 1, 1, 1, 1, 1, 0.4967, 0, 0, 0, 0, 0, 0, 0, 0, 0, 0, 0, 0 ], [ 0, 0, 0, 0, 0, 0, 0, 0, 0, 0, 0, 0, 0, 0, 0, 0, 0, 0, 0, 0.0285, 0.679, 1, 1, 1, 1, 0.4714, 0, 0, 0, 0, 0, 0, 0, 0, 0, 0, 0, 0 ], [ 0, 0, 0, 0, 0, 0, 0, 0, 0, 0, 0, 0, 0, 0, 0, 0, 0, 0, 0, 0, 0.0128, 0.6128, 1, 1, 1, 0.4461, 0, 0, 0, 0, 0, 0, 0, 0, 0, 0, 0, 0 ], [ 0, 0, 0, 0, 0, 0, 0, 0, 0, 0, 0, 0, 0, 0, 0, 0, 0, 0, 0, 0, 0, 0.0033, 0.5404, 1, 1, 0.4207, 0, 0, 0, 0, 0, 0, 0, 0, 0, 0, 0, 0 ], [ 0, 0, 0, 0, 0, 0, 0, 0, 0, 0, 0, 0, 0, 0, 0, 0, 0, 0, 0, 0, 0, 0, 3.5916e-06, 0.4647, 0.9971, 0.3954, 0, 0, 0, 0, 0, 0, 0, 0, 0, 0, 0, 0 ], [ 0, 0, 0, 0, 0, 0, 0, 0, 0, 0, 0, 0, 0, 0, 0, 0, 0, 0, 0, 0, 0, 0, 0, 0, 0.3919, 0.3581, 0, 0, 0, 0, 0, 0, 0, 0, 0, 0, 0, 0 ], [ 0, 0, 0, 0, 0, 0, 0, 0, 0, 0, 0, 0, 0, 0, 0, 0, 0, 0, 0, 0, 0, 0, 0, 0, 0, 0.0174, 0, 0, 0, 0, 0, 0, 0, 0, 0, 0, 0, 0 ] ], "xmin": -18.333333333333336, "xmax": -16.75, "ymin": 64.375, "ymax": 66.208333333333314 }, "geometry": { "type": "MultiPolygon", "coordinates": [ [ [ [ -17.527449499999932, 64.640803499000071 ], [ -17.872062476999929, 64.674113133000048 ], [ -17.96742709199998, 64.691898456000047 ], [ -18.009752790999983, 64.702716404000057 ], [ -18.028717499999971, 64.714069866000045 ], [ -18.04241852399997, 64.727199440000049 ], [ -18.063109097999927, 64.732516686000054 ], [ -18.079973816999939, 64.739505612000073 ], [ -18.084742535999965, 64.744535538000036 ], [ -18.099857177999979, 64.744963926000082 ], [ -18.117035778999934, 64.762163722000082 ], [ -18.124718114999951, 64.765748700000074 ], [ -18.12433337899995, 64.773704267000028 ], [ -18.131921193999972, 64.777542260000075 ], [ -18.157974455999977, 64.780389214000081 ], [ -18.163922051999975, 64.785600893000037 ], [ -18.214198752999948, 64.787388151000073 ], [ -18.235490277999929, 64.783803902000045 ], [ -18.247112781999931, 64.778209099000037 ], [ -18.277575536999962, 64.777182946000039 ], [ -18.297208829999931, 64.773298039000053 ], [ -18.301826499999947, 64.77827699900007 ], [ -18.27678156099995, 64.796638123000037 ], [ -18.274017061999928, 64.80630809400003 ], [ -18.259446016999959, 64.80614545800006 ], [ -18.238500624999972, 64.812616802000036 ], [ -18.215265822999982, 64.835320480000064 ], [ -18.215925327999969, 64.843956297000034 ], [ -18.211512908999964, 64.851237132000051 ], [ -18.214877161999937, 64.855570409000052 ], [ -18.209660319999955, 64.866507092000063 ], [ -18.216756373999942, 64.870184880000068 ], [ -18.213134906999983, 64.880428971000072 ], [ -18.221411260999957, 64.887886258000037 ], [ -18.21970293399994, 64.894618137000066 ], [ -18.214188129999968, 64.898942673000079 ], [ -18.182456523999974, 64.908863332000067 ], [ -18.167627442999958, 64.919894867000039 ], [ -17.918977403999975, 65.266224147000059 ], [ -17.92179144499994, 65.324185630000045 ], [ -17.924629663999951, 65.36385819000003 ], [ -17.914066273999936, 65.416543973000046 ], [ -17.845006095999963, 65.442539216000057 ], [ -17.850254759999928, 65.479104601000074 ], [ -17.843651196999929, 65.493197035000037 ], [ -17.842594204999955, 65.519335345000059 ], [ -17.823895943999958, 65.525910544000055 ], [ -17.908544139999947, 65.602494843000045 ], [ -17.92297410499998, 65.623046660000057 ], [ -17.931479452999952, 65.645707805000029 ], [ -17.986754499999961, 65.683617499000036 ], [ -17.98853, 65.702847499000029 ], [ -17.986805, 65.734618999000077 ], [ -17.98592191399996, 65.739444678000041 ], [ -17.979020681999941, 65.749154910000073 ], [ -17.990762437999933, 65.768054222000046 ], [ -17.987807389999944, 65.787957316000075 ], [ -17.996421, 65.798608999000066 ], [ -17.998697640999978, 65.814291325000056 ], [ -18.007423485999936, 65.836034814000072 ], [ -17.929384806999963, 65.864485126000034 ], [ -17.930633773999944, 65.867381439000042 ], [ -17.940423392999946, 65.870405917000028 ], [ -17.928079459999935, 65.882068116000028 ], [ -17.925805650999962, 65.898867827000061 ], [ -17.920766907999962, 65.909134018000032 ], [ -17.931777607999948, 65.933567574000051 ], [ -17.962551253999948, 65.932617153000081 ], [ -17.976649048999946, 65.938276012000074 ], [ -17.997121268999933, 65.94049364500006 ], [ -17.983361787999968, 65.962815146000082 ], [ -17.949137203999953, 65.987511962000042 ], [ -17.950954593999938, 65.992309611000053 ], [ -17.946909177999942, 66.002644732000078 ], [ -17.952128613999946, 66.008484353000028 ], [ -17.958300554999937, 66.024507222000068 ], [ -17.970257931999981, 66.030820336000033 ], [ -17.97273552799993, 66.043915679000065 ], [ -17.951696425999955, 66.057801231000042 ], [ -17.948333184999967, 66.06382835900007 ], [ -17.967537582999967, 66.068882661000032 ], [ -17.984658228999933, 66.068548427000053 ], [ -17.998720964999961, 66.078000302000078 ], [ -18.020489478999934, 66.083911001000047 ], [ -18.019806344999949, 66.092995837000046 ], [ -18.01357995199993, 66.096050369000068 ], [ -18.013444480999965, 66.103160076000052 ], [ -17.99702435699993, 66.106518282000081 ], [ -17.994773107999947, 66.109124003000034 ], [ -18.006401082999957, 66.116726125000071 ], [ -18.017691344999946, 66.129699670000036 ], [ -18.041606215999934, 66.13434008400003 ], [ -18.034166499999969, 66.147239999000078 ], [ -18.019414773999927, 66.154618994000032 ], [ -17.993168576999949, 66.154655620000028 ], [ -17.950398736999944, 66.147635463000029 ], [ -17.934302129999935, 66.147558730000071 ], [ -17.914330149999955, 66.138464313000043 ], [ -17.897308919999944, 66.135535925000056 ], [ -17.894154102999948, 66.132637454000076 ], [ -17.898274541999967, 66.12845965300005 ], [ -17.89764553699996, 66.124623625000083 ], [ -17.876782664999951, 66.110199249000061 ], [ -17.863084066999932, 66.106202253000049 ], [ -17.837409070999968, 66.107460228000036 ], [ -17.820891238999934, 66.104908857000055 ], [ -17.805666555999949, 66.092311135000045 ], [ -17.727753569999948, 66.065360248000047 ], [ -17.688754426999935, 66.036017142000048 ], [ -17.676094707999937, 66.03240046500008 ], [ -17.675614947999975, 66.021415218000072 ], [ -17.66377276999998, 65.999916368000072 ], [ -17.638452543999961, 65.989445199000045 ], [ -17.590221407999934, 65.985088879000045 ], [ -17.482507324999972, 65.985620636000078 ], [ -17.468727, 65.986604499000066 ], [ -17.462413499999968, 65.986996999000041 ], [ -17.454842, 65.987720499000034 ], [ -17.448167751999961, 65.959174586000074 ], [ -17.448986357999956, 65.952252281000028 ], [ -17.383878236999976, 65.947027407000064 ], [ -17.371414154999968, 65.931304229000034 ], [ -17.379230613999937, 65.921548070000028 ], [ -17.368242175999967, 65.919943611000065 ], [ -17.363865677999968, 65.922316792000061 ], [ -17.349402484999928, 65.919020084000067 ], [ -17.360312894999936, 65.904667422000045 ], [ -17.362999500999933, 65.89289098900008 ], [ -17.334667873999933, 65.875507091000031 ], [ -17.326744409999947, 65.864667291000046 ], [ -17.278012288999946, 65.86976336500004 ], [ -17.128017675999956, 65.875645149000036 ], [ -17.101993706999963, 65.937021408000078 ], [ -17.027141062999931, 65.959438319000071 ], [ -16.970453039999938, 65.955761082000038 ], [ -16.763631097999962, 65.965815491000058 ], [ -16.752043417999971, 65.946506713000076 ], [ -16.76613188999994, 65.918240127000047 ], [ -16.771173155999975, 65.891235054000049 ], [ -16.790477729999964, 65.838751364000075 ], [ -16.793423, 65.814320499000075 ], [ -16.794981137999969, 65.800123254000027 ], [ -16.797808220999968, 65.797874009000054 ], [ -16.967170332999956, 65.792992944000048 ], [ -17.079116344999932, 65.785697793000054 ], [ -17.068406228999947, 65.651743155000077 ], [ -17.085510080999939, 65.649169525000048 ], [ -17.095295405999934, 65.640324709000083 ], [ -17.11914692199997, 65.635166908000031 ], [ -17.162644282999963, 65.637154195000051 ], [ -17.171791308999957, 65.626589438000053 ], [ -17.221405446999938, 65.625001351000037 ], [ -17.237595970999962, 65.622002945000077 ], [ -17.23850969199998, 65.606679327000052 ], [ -17.25655070199997, 65.589420213000039 ], [ -17.244888763999938, 65.582949907000057 ], [ -17.244087451999974, 65.579759232000072 ], [ -17.273995677999949, 65.564045623000084 ], [ -17.298694902999955, 65.560197406000043 ], [ -17.306581479999977, 65.56260717300006 ], [ -17.320738026999948, 65.572860845000037 ], [ -17.331913003999944, 65.573917162000043 ], [ -17.33838936099994, 65.570668960000035 ], [ -17.337603084999955, 65.56579744700008 ], [ -17.342364600999929, 65.563035478000074 ], [ -17.341418446999967, 65.553275330000076 ], [ -17.332976071999951, 65.535264700000027 ], [ -17.320935257999963, 65.519468632000041 ], [ -17.241659560999949, 65.523062910000078 ], [ -17.227959839999983, 65.485737810000046 ], [ -17.208200160999979, 65.34959447600005 ], [ -17.230300669999963, 65.127118663000033 ], [ -17.268332000999976, 64.749923945000035 ], [ -17.27696149999997, 64.409274499000048 ], [ -17.482507324999972, 64.599262919000068 ], [ -17.527449499999932, 64.640803499000071 ] ] ], [ [ [ -17.836948971999959, 66.172685130000048 ], [ -17.834913833999963, 66.168090911000036 ], [ -17.844671974999926, 66.156990777000033 ], [ -17.875936128999967, 66.157558017000042 ], [ -17.882304566999949, 66.163077075000047 ], [ -17.86516678299995, 66.170902956000077 ], [ -17.836948971999959, 66.172685130000048 ] ] ] ] } },
{ "type": "Feature", "properties": { "GISCO_ID": "IS_6706", "CNTR_CODE": "IS", "LAU_ID": "6706", "LAU_NAME": "Svalbarðshreppur", "cell_coverage": [ [ 0, 0, 0, 0, 0, 0.063, 0.0425, 0.0108, 0, 0, 0, 0, 0, 0, 0, 0, 0, 0, 0 ], [ 0, 0, 0, 0, 0.2134, 0.8812, 0.9361, 0.6739, 0.6033, 0.5422, 0.1536, 0, 0, 0, 0, 0, 0, 0, 0 ], [ 0, 0, 0, 0.037, 0.7606, 1, 1, 1, 1, 1, 0.5416, 0, 0, 0, 0, 0, 0, 0, 0 ], [ 0, 0, 0, 0.343, 1, 1, 1, 1, 1, 0.8169, 0.1801, 0, 0, 0, 0, 0, 0, 0, 0 ], [ 0, 0, 0.2494, 0.7003, 0.9989, 1, 1, 1, 0.9357, 0.317, 0.1495, 0, 0, 0, 0, 0, 0, 0, 0 ], [ 0, 0.0031, 0.711, 1, 1, 1, 1, 1, 1, 1, 0.476, 0.3483, 0.4259, 0.2051, 0.0447, 0, 0, 0, 0 ], [ 0, 0.624, 1, 1, 1, 1, 1, 1, 1, 1, 1, 1, 1, 1, 0.8376, 0.5178, 0.1569, 0, 0 ], [ 0.004, 0.6076, 1, 1, 1, 1, 1, 1, 1, 1, 1, 1, 1, 1, 1, 1, 0.9544, 0.5366, 0.0001 ], [ 0, 0.0915, 0.9936, 1, 1, 1, 1, 1, 1, 1, 1, 1, 1, 1, 1, 1, 0.8259, 0.2252, 0 ], [ 0, 0, 0.2616, 0.4913, 0.959, 1, 1, 1, 1, 1, 1, 1, 1, 1, 0.9863, 0.3779, 0.0368, 0, 0 ], [ 0, 0, 0, 0, 0.1927, 0.9626, 1, 1, 1, 1, 1, 1, 1, 0.982, 0.4015, 0, 0, 0, 0 ], [ 0, 0, 0, 0, 0.1277, 0.9678, 1, 1, 1, 1, 1, 1, 1, 0.5612, 0, 0, 0, 0, 0 ], [ 0, 0, 0, 0, 0, 0.7733, 1, 1, 1, 1, 1, 1, 0.8015, 0.0537, 0, 0, 0, 0, 0 ], [ 0, 0, 0, 0, 0, 0.2858, 0.8677, 1, 1, 1, 1, 0.9526, 0.1175, 0, 0, 0, 0, 0, 0 ], [ 0, 0, 0, 0, 0, 0, 0.0171, 0.4236, 0.9412, 1, 1, 1, 0.2868, 0, 0, 0, 0, 0, 0 ], [ 0, 0, 0, 0, 0, 0, 0, 0, 0.3286, 0.9707, 1, 1, 0.4728, 0, 0, 0, 0, 0, 0 ], [ 0, 0, 0, 0, 0, 0, 0, 0, 0, 0.1693, 0.6001, 0.6327, 0.0915, 0, 0, 0, 0, 0, 0 ] ], "xmin": -16.125, "xmax": -15.333333333333334, "ymin": 65.75, "ymax": 66.458333333333314 }, "geometry": { "type": "MultiPolygon", "coordinates": [ [ [ [ -15.655669499999931, 65.758016999000063 ], [ -15.702511085999959, 65.770594206000055 ], [ -15.724884995999957, 65.782009191000043 ], [ -15.764079286999959, 65.810503674000074 ], [ -15.788427640999942, 65.846356786000058 ], [ -15.822905737999974, 65.861410129000035 ], [ -15.833052455999962, 65.869608608000078 ], [ -15.86071144899995, 65.882514438000044 ], [ -15.905160078999927, 65.909463081000069 ], [ -15.906701993999945, 65.922377181000058 ], [ -15.912048157999948, 65.934568305000028 ], [ -15.899851742999942, 65.959864297000081 ], [ -15.929082241999936, 65.966184855000051 ], [ -15.910439416999964, 66.015789833000042 ], [ -15.954440216999956, 66.046338078000076 ], [ -15.95773262199998, 66.062932753000041 ], [ -15.982663675999959, 66.059944716000075 ], [ -15.992194384999948, 66.067088607000073 ], [ -16.008447242999978, 66.06508132700003 ], [ -16.02519707099998, 66.072640807000028 ], [ -16.046520719999933, 66.092330449000031 ], [ -16.045745254999929, 66.131628550000073 ], [ -16.08378799299993, 66.15490324600006 ], [ -16.084159436999983, 66.165082132000066 ], [ -16.077709611999978, 66.17141713500007 ], [ -16.079504061999955, 66.177473361000068 ], [ -16.077192977999971, 66.184570379000036 ], [ -16.061331473999928, 66.187793296000052 ], [ -16.057243340999946, 66.203672141000084 ], [ -16.035278493999954, 66.21329227700005 ], [ -16.029759204999948, 66.222209559000078 ], [ -16.023734623999928, 66.241955076000067 ], [ -16.027604174999965, 66.247490998000046 ], [ -16.036044843999946, 66.251183770000068 ], [ -16.037077142999976, 66.255624497000042 ], [ -16.025381391999929, 66.260822786000062 ], [ -16.008925356999953, 66.26345378700006 ], [ -15.976758928999971, 66.281301101000054 ], [ -15.957546690999948, 66.288233988000059 ], [ -15.957896612999946, 66.291008275000081 ], [ -15.975158052999973, 66.302805084000056 ], [ -15.977400235999937, 66.315911508000056 ], [ -15.97169645799994, 66.324249699000063 ], [ -15.973406001999933, 66.334282908000034 ], [ -15.947283446999961, 66.345778755000083 ], [ -15.939580765999949, 66.352129569000056 ], [ -15.941263717999959, 66.358298120000029 ], [ -15.950323179999941, 66.364671460000068 ], [ -15.946124765999969, 66.37531282100008 ], [ -15.922968210999954, 66.39508644600005 ], [ -15.90555435899995, 66.401861975000031 ], [ -15.904291, 66.41558849900008 ], [ -15.89841209399998, 66.421586588000082 ], [ -15.89112062099997, 66.423748930000045 ], [ -15.883744806999971, 66.422345188000065 ], [ -15.881156793999935, 66.416107844000067 ], [ -15.877010876999975, 66.415198055000076 ], [ -15.857945320999931, 66.416146303000062 ], [ -15.839678223999954, 66.422036068000068 ], [ -15.825509611999962, 66.418484558000046 ], [ -15.845345535999968, 66.407952171000034 ], [ -15.841497660999948, 66.403459497000028 ], [ -15.831316562999973, 66.400190083000041 ], [ -15.80336112699996, 66.405112685000063 ], [ -15.765724789999979, 66.398659660000078 ], [ -15.738376689999939, 66.399511721000067 ], [ -15.730907035999962, 66.39687017600005 ], [ -15.703235799999959, 66.395962458000042 ], [ -15.689881437999929, 66.377980372000081 ], [ -15.691496186999927, 66.364248487000054 ], [ -15.679764171999977, 66.345770956000081 ], [ -15.683967878999965, 66.331232569000065 ], [ -15.707362563999936, 66.310659551000072 ], [ -15.757535590999964, 66.283734252000045 ], [ -15.760029509999981, 66.279283122000038 ], [ -15.754803723999942, 66.272312155000066 ], [ -15.72708898999997, 66.258878990000028 ], [ -15.694556211999952, 66.266112022000073 ], [ -15.687899597999944, 66.26472880700004 ], [ -15.686858638999979, 66.260198760000037 ], [ -15.693122937999931, 66.255291315000079 ], [ -15.705745046999937, 66.234433638000041 ], [ -15.70490874199993, 66.22911089400003 ], [ -15.699326557999939, 66.226172268000028 ], [ -15.668476177999935, 66.222404106000056 ], [ -15.647066539999969, 66.225345268000069 ], [ -15.63854983899995, 66.221307209000031 ], [ -15.624283248999973, 66.220405446000029 ], [ -15.586364893999928, 66.231244971000081 ], [ -15.581696627999975, 66.229288595000071 ], [ -15.578085242999975, 66.220636066000054 ], [ -15.57272697999997, 66.217370027000072 ], [ -15.546893609999927, 66.21299543300006 ], [ -15.533425813999941, 66.215693677000047 ], [ -15.518709565999927, 66.198908095000036 ], [ -15.489663415999928, 66.187849462000031 ], [ -15.461274433999961, 66.187742606000029 ], [ -15.449499640999932, 66.182035921000079 ], [ -15.429468669999949, 66.161952257000053 ], [ -15.398264499999982, 66.159035999000082 ], [ -15.374443090999932, 66.148424858000055 ], [ -15.379178944999978, 66.142973300000051 ], [ -15.392891579999969, 66.137564199000053 ], [ -15.396881449999967, 66.131161014000043 ], [ -15.409990968999978, 66.126628069000049 ], [ -15.406165420999969, 66.12230420700007 ], [ -15.391520685999978, 66.121507622000081 ], [ -15.392828544999929, 66.110319142000037 ], [ -15.42436562599994, 66.101701760000083 ], [ -15.438980842999968, 66.085351298000035 ], [ -15.457446670999957, 66.075559621000082 ], [ -15.484962071999973, 66.069137503000036 ], [ -15.50970340799995, 66.036905725000054 ], [ -15.519134195999982, 66.02901182100004 ], [ -15.519854947999931, 66.021337601000027 ], [ -15.542430602999957, 66.007008618000043 ], [ -15.561424052999939, 65.988857541000073 ], [ -15.56249485799998, 65.98428341500005 ], [ -15.555221981999978, 65.977139661000081 ], [ -15.572279643999934, 65.954981887000031 ], [ -15.585864433999973, 65.943434096000033 ], [ -15.589787543999932, 65.93253850800005 ], [ -15.63526774199994, 65.902481090000038 ], [ -15.634578329999954, 65.89976970500004 ], [ -15.613990713999954, 65.890567926000074 ], [ -15.618351052999969, 65.876133604000074 ], [ -15.613345094999943, 65.870476236000059 ], [ -15.610073300999943, 65.858769854000059 ], [ -15.615892773999974, 65.838201199000082 ], [ -15.605724491999979, 65.821542547000035 ], [ -15.595111434999978, 65.815447275000054 ], [ -15.593300561999968, 65.811242194000044 ], [ -15.613260673999946, 65.799778137000033 ], [ -15.608414883999956, 65.786895586000071 ], [ -15.655669499999931, 65.758016999000063 ] ] ] ] } },
{ "type": "Feature", "properties": { "GISCO_ID": "IS_6709", "CNTR_CODE": "IS", "LAU_ID": "6709", "LAU_NAME": "Langanesbyggð", "cell_coverage": [ [ 0, 0, 0, 0, 0, 0, 0, 0, 0, 0, 0, 0, 0, 0, 0, 0, 0, 0, 0.052, 0.2362, 0.0817, 0, 0, 0, 0, 0.0167, 0.0428, 0.0089 ], [ 0, 0, 0, 0, 0, 0, 0, 0, 0, 0, 0, 0, 0, 0, 0, 0.0378, 0.4446, 0.7907, 0.9899, 1, 0.991, 0.7463, 0.5557, 0.372, 0.4123, 0.4406, 0.2252, 0.0016 ], [ 0, 0, 0, 0, 0, 0, 0, 0, 0, 0, 0, 0, 0, 0, 0.1074, 0.7243, 1, 1, 0.9365, 0.7674, 0.4509, 0.1308, 0.0062, 0, 0, 0, 0, 0 ], [ 0, 0, 0, 0, 0, 0, 0, 0.0206, 0.1999, 0.0816, 0.1394, 0.2842, 0.3836, 0.7065, 0.9985, 1, 0.5558, 0.1087, 0.0016, 0, 0, 0, 0, 0, 0, 0, 0, 0 ], [ 0, 0, 0, 0, 0, 0, 0, 0.2971, 1, 1, 1, 1, 1, 1, 1, 1, 0.948, 0.3837, 0, 0, 0, 0, 0, 0, 0, 0, 0, 0 ], [ 0, 0, 0, 0, 0, 0, 0, 0.1203, 0.9776, 1, 1, 1, 1, 1, 1, 1, 0.8577, 0.3343, 0, 0, 0, 0, 0, 0, 0, 0, 0, 0 ], [ 0, 0, 0, 0, 0, 0, 0.3096, 0.9584, 1, 1, 1, 1, 0.8724, 0.7677, 0.5911, 0.2426, 0.0022, 0, 0, 0, 0, 0, 0, 0, 0, 0, 0, 0 ], [ 0, 0, 0, 0, 0, 0.1741, 0.7748, 1, 1, 1, 1, 0.8658, 0.2263, 0.2217, 0.1382, 0, 0, 0, 0, 0, 0, 0, 0, 0, 0, 0, 0, 0 ], [ 0, 0, 0, 0.0137, 0.6221, 0.9632, 1, 1, 1, 1, 1, 1, 1, 0.9631, 0.265, 0.0323, 0, 0, 0, 0, 0.0005, 0.1426, 0.3319, 0.1358, 0, 0, 0, 0 ], [ 0, 0, 0.018, 0.5985, 1, 1, 1, 1, 1, 1, 1, 1, 1, 0.9935, 0.9687, 0.9901, 0.8056, 0.8298, 0.609, 0.3124, 0.7127, 1, 1, 0.9697, 0.2156, 0, 0, 0 ], [ 0, 0, 0.4388, 1, 1, 1, 1, 1, 1, 1, 1, 1, 1, 1, 1, 1, 1, 1, 1, 1, 1, 1, 1, 0.8784, 0.7848, 0.2356, 0, 0 ], [ 0, 0.1985, 0.9463, 1, 1, 1, 1, 1, 1, 1, 1, 1, 1, 1, 1, 1, 1, 1, 1, 1, 1, 0.6387, 0.2018, 0.0005, 0, 0, 0, 0 ], [ 0.0474, 0.8825, 1, 1, 1, 1, 1, 1, 1, 0.9339, 0.8587, 0.7927, 0.7267, 0.6608, 0.5948, 0.5286, 0.459, 0.3882, 0.3175, 0.2467, 0.1759, 0.0201, 0, 0, 0, 0, 0, 0 ], [ 0, 0.7132, 1, 1, 1, 1, 1, 1, 0.562, 0.0001, 0, 0, 0, 0, 0, 0, 0, 0, 0, 0, 0, 0, 0, 0, 0, 0, 0, 0 ], [ 0, 0.5272, 1, 1, 1, 0.9667, 0.5526, 0.2102, 0.021, 0, 0, 0, 0, 0, 0, 0, 0, 0, 0, 0, 0, 0, 0, 0, 0, 0, 0, 0 ], [ 0.1351, 0.577, 0.5609, 0.4785, 0.3647, 0.2624, 0, 0, 0, 0, 0, 0, 0, 0, 0, 0, 0, 0, 0, 0, 0, 0, 0, 0, 0, 0, 0, 0 ] ], "xmin": -15.666666666666668, "xmax": -14.5, "ymin": 65.75, "ymax": 66.416666666666657 }, "geometry": { "type": "MultiPolygon", "coordinates": [ [ [ [ -15.655669499999931, 65.758016999000063 ], [ -15.608414883999956, 65.786895586000071 ], [ -15.613260673999946, 65.799778137000033 ], [ -15.593300561999968, 65.811242194000044 ], [ -15.595111434999978, 65.815447275000054 ], [ -15.605724491999979, 65.821542547000035 ], [ -15.615892773999974, 65.838201199000082 ], [ -15.610073300999943, 65.858769854000059 ], [ -15.613345094999943, 65.870476236000059 ], [ -15.618351052999969, 65.876133604000074 ], [ -15.613990713999954, 65.890567926000074 ], [ -15.634578329999954, 65.89976970500004 ], [ -15.63526774199994, 65.902481090000038 ], [ -15.589787543999932, 65.93253850800005 ], [ -15.585864433999973, 65.943434096000033 ], [ -15.572279643999934, 65.954981887000031 ], [ -15.555221981999978, 65.977139661000081 ], [ -15.56249485799998, 65.98428341500005 ], [ -15.561424052999939, 65.988857541000073 ], [ -15.542430602999957, 66.007008618000043 ], [ -15.519854947999931, 66.021337601000027 ], [ -15.519134195999982, 66.02901182100004 ], [ -15.50970340799995, 66.036905725000054 ], [ -15.484962071999973, 66.069137503000036 ], [ -15.457446670999957, 66.075559621000082 ], [ -15.438980842999968, 66.085351298000035 ], [ -15.42436562599994, 66.101701760000083 ], [ -15.392828544999929, 66.110319142000037 ], [ -15.391520685999978, 66.121507622000081 ], [ -15.406165420999969, 66.12230420700007 ], [ -15.409990968999978, 66.126628069000049 ], [ -15.396881449999967, 66.131161014000043 ], [ -15.392891579999969, 66.137564199000053 ], [ -15.379178944999978, 66.142973300000051 ], [ -15.374443090999932, 66.148424858000055 ], [ -15.398264499999982, 66.159035999000082 ], [ -15.353203034999979, 66.164896828000053 ], [ -15.340444346999959, 66.172999666000067 ], [ -15.331218176999982, 66.183278659000052 ], [ -15.329294600999958, 66.192994609000039 ], [ -15.33363355299997, 66.196432781000055 ], [ -15.340564473999962, 66.195948263000048 ], [ -15.34171725899995, 66.204490304000046 ], [ -15.347783901999946, 66.210998711000059 ], [ -15.343935722999959, 66.219406516000049 ], [ -15.349361252999927, 66.233274076000043 ], [ -15.335932214999957, 66.257544084000074 ], [ -15.312621129999968, 66.260207151000031 ], [ -15.285558833999971, 66.253575242000068 ], [ -15.249105013999952, 66.252894816000037 ], [ -15.173957120999944, 66.263864311000077 ], [ -15.125193261999982, 66.267541036000068 ], [ -15.099032307999948, 66.278538980000064 ], [ -15.096529980999946, 66.282696675000068 ], [ -15.100937472999931, 66.288515897000082 ], [ -15.099872811999944, 66.290771474000053 ], [ -15.087464119999936, 66.289715041000079 ], [ -15.059417928999949, 66.29574199800004 ], [ -15.043229253999982, 66.303383695000036 ], [ -15.035904554999945, 66.313763878000032 ], [ -15.013354161999928, 66.324453555000048 ], [ -14.999883747999945, 66.349026195000079 ], [ -14.966780114999949, 66.353029699000047 ], [ -14.93762060399996, 66.367739946000029 ], [ -14.849363, 66.38676349900004 ], [ -14.82914736999993, 66.385300947000076 ], [ -14.813703253999961, 66.376511269000048 ], [ -14.795506349999982, 66.373507306000079 ], [ -14.767449948999968, 66.36177144100003 ], [ -14.72631012599993, 66.358558053000081 ], [ -14.680279165999934, 66.360597131000077 ], [ -14.609568054999954, 66.375771931000031 ], [ -14.531939454999929, 66.377440300000046 ], [ -14.569163037999942, 66.362357686000053 ], [ -14.622633435999944, 66.353066288000036 ], [ -14.67621274399994, 66.347860286000071 ], [ -14.758997478999959, 66.329072921000034 ], [ -14.774449750999963, 66.328411155000083 ], [ -14.793429826999954, 66.32300771000007 ], [ -14.834830848999957, 66.30464980000005 ], [ -14.968489873999943, 66.281850137000049 ], [ -14.985949586999936, 66.269470205000061 ], [ -14.990120530999945, 66.259328960000062 ], [ -14.927886364999949, 66.220211869000082 ], [ -14.925492830999929, 66.213345577000041 ], [ -14.940631368999959, 66.186374445000069 ], [ -15.013354161999928, 66.160197617000051 ], [ -15.039395943999978, 66.148221832000047 ], [ -15.085651276999954, 66.135839204000035 ], [ -15.149400259999936, 66.131797994000067 ], [ -15.186399576999975, 66.108590227000036 ], [ -15.183636975999946, 66.104691315000082 ], [ -15.161247057999958, 66.09859193300008 ], [ -15.151818467999931, 66.090987313000028 ], [ -15.144305652999947, 66.089497853000069 ], [ -15.062939650999965, 66.095730714000069 ], [ -15.059436496999979, 66.093435794000072 ], [ -15.067817288999947, 66.081656357000043 ], [ -15.065918180999972, 66.074843960000067 ], [ -15.062952982999946, 66.066027065000071 ], [ -15.092219282999963, 66.045741088000057 ], [ -15.09249895399995, 66.041905512000028 ], [ -15.080821069999956, 66.038168830000075 ], [ -15.034600729999966, 66.044241738000039 ], [ -15.013354161999928, 66.042459075000068 ], [ -15.00646788399996, 66.042354439000064 ], [ -14.999692172999971, 66.035407670000041 ], [ -14.990652916999977, 66.03287080900003 ], [ -14.90541467099996, 66.035605273000044 ], [ -14.891993121999974, 66.023507088000031 ], [ -14.886158522999949, 66.014274253000053 ], [ -14.86140607699997, 66.011280209000063 ], [ -14.830829859999938, 66.016024917000038 ], [ -14.797743065999953, 66.041120232000083 ], [ -14.770613372999946, 66.046042957000054 ], [ -14.753217537999944, 66.054846440000063 ], [ -14.730888254999968, 66.057311973000083 ], [ -14.675517698999954, 66.045244568000044 ], [ -14.674541550999948, 66.038977103000036 ], [ -14.660111241999971, 66.024637667000036 ], [ -14.648005033999937, 66.003762725000058 ], [ -14.614365681999971, 65.99160459400008 ], [ -14.606172499999957, 65.966843499000049 ], [ -14.619620969999971, 65.964662587000078 ], [ -14.633096827999964, 65.966987966000033 ], [ -14.680918607999956, 65.966139883000039 ], [ -14.720350812999982, 65.953894122000065 ], [ -14.744393530999957, 65.943287438000084 ], [ -14.768033953999975, 65.94194107800007 ], [ -14.770997741999963, 65.93292776100003 ], [ -14.78761190299997, 65.911096430000043 ], [ -15.013354161999928, 65.895124705000057 ], [ -15.275683651999941, 65.877820335000081 ], [ -15.313269765999962, 65.870530432000066 ], [ -15.314636718999964, 65.867575032000047 ], [ -15.298677985999973, 65.859973382000078 ], [ -15.310552791999953, 65.849897377000048 ], [ -15.321956495999927, 65.832913072000053 ], [ -15.33778922099998, 65.825194657000054 ], [ -15.354331110999965, 65.825809173000039 ], [ -15.373475096999982, 65.821534889000077 ], [ -15.378474235999931, 65.817266933000042 ], [ -15.424264857999958, 65.798743198000068 ], [ -15.420843864999938, 65.78750498200003 ], [ -15.428809473999934, 65.778197439000053 ], [ -15.440166030999933, 65.777235884000049 ], [ -15.453278674999979, 65.78020103800003 ], [ -15.489663415999928, 65.774861114000032 ], [ -15.499866499999939, 65.773914999000056 ], [ -15.533937, 65.770312999000055 ], [ -15.561951, 65.768625999000051 ], [ -15.569735499999979, 65.767770999000049 ], [ -15.579599, 65.766575499000055 ], [ -15.655669499999931, 65.758016999000063 ] ] ] ] } },
{ "type": "Feature", "properties": { "GISCO_ID": "IS_7300", "CNTR_CODE": "IS", "LAU_ID": "7300", "LAU_NAME": "Fjarðabyggð", "cell_coverage": [ [ 0, 0, 0, 0, 0, 0, 0, 0, 0, 0, 0, 0, 0, 0, 0, 0, 0, 0, 0, 0, 0, 0.0002, 0.1604, 0.7536, 0.5177, 0, 0 ], [ 0, 0, 0, 0, 0, 0, 0, 0, 0, 0, 0, 0, 0.051, 0.1973, 0.2929, 0.3526, 0.2786, 0.3837, 0.5245, 0.5013, 0.6765, 0.8734, 0.8985, 0.6294, 0.0814, 0, 0 ], [ 0, 0, 0, 0, 0, 0, 0, 0, 0.0206, 0.2537, 0.597, 0.7122, 0.9811, 1, 1, 0.8983, 0.8128, 0.7848, 0.7434, 0.6583, 0.5818, 0.5454, 0.5819, 0.4787, 0, 0, 0 ], [ 0, 0, 0, 0, 0, 0, 0, 0, 0.0482, 0.1995, 0.4294, 0.5805, 0.7574, 1, 1, 1, 1, 1, 1, 1, 1, 0.9065, 0.6257, 0.1854, 0, 0.3307, 0.3311 ], [ 0, 0, 0, 0, 0.0341, 0.3772, 0.644, 0.7158, 0.5534, 0.4177, 0.8811, 1, 1, 1, 1, 1, 1, 1, 1, 1, 1, 1, 0.9111, 0.5165, 0.5476, 0.9954, 0.2856 ], [ 0, 0, 0, 0, 0.2713, 1, 1, 1, 1, 1, 1, 1, 1, 1, 0.7631, 0.6199, 0.8234, 0.9775, 1, 1, 1, 1, 1, 1, 1, 0.9625, 0.5119 ], [ 0, 0, 0, 0.0953, 0.7782, 1, 1, 1, 1, 0.9257, 0.6612, 0.6859, 0.6351, 0.478, 0.2843, 0.1646, 0.1166, 0.0431, 0.3105, 0.7925, 1, 1, 1, 1, 0.5427, 0.0346, 0 ], [ 0, 0, 0, 0.0002, 0.3968, 1, 1, 1, 1, 1, 1, 1, 1, 1, 1, 1, 1, 0.8154, 0.3006, 0.0463, 0.2417, 0.2876, 0.3058, 0.2103, 0.0237, 0, 0.0238 ], [ 0.0153, 0.1784, 0.5069, 0.8952, 1, 1, 1, 1, 1, 1, 1, 1, 1, 1, 0.857, 0.8765, 0.9215, 0.9102, 0.9362, 0.9424, 0.6388, 0.4885, 0.1508, 0, 0, 0, 0 ], [ 0.3995, 1, 1, 1, 1, 1, 1, 1, 1, 1, 1, 1, 1, 1, 0.9863, 0.851, 0.7115, 0.6137, 0.5032, 0.3327, 0.1866, 0.1432, 0.0502, 0.0045, 0.0167, 0, 0 ], [ 0.0319, 0.4707, 0.8922, 1, 1, 1, 1, 1, 1, 1, 1, 1, 1, 1, 1, 1, 0.9452, 0.9432, 0.9997, 0.9286, 0.3567, 0, 0, 0, 0, 0, 0 ], [ 0, 0, 0.0072, 0.1204, 0.3253, 0.675, 0.9943, 1, 1, 1, 1, 1, 1, 1, 1, 0.9542, 0.8744, 0.5144, 0.1805, 0.0251, 0, 0, 0, 0, 0, 0, 0 ], [ 0, 0, 0, 0, 0, 0, 0.2136, 0.675, 1, 1, 1, 1, 1, 0.7733, 0.3016, 0.0002, 0, 0, 0, 0, 0, 0, 0, 0, 0, 0, 0 ], [ 0, 0, 0, 0, 0, 0, 0, 0.0007, 0.2251, 0.3089, 0.3259, 0.6101, 0.6871, 0.8172, 0.7037, 0.0214, 0, 0, 0, 0, 0, 0, 0, 0, 0, 0, 0 ], [ 0, 0, 0, 0, 0, 0, 0, 0, 0, 0, 0, 0, 0, 0.0001, 0, 0, 0, 0, 0, 0, 0, 0, 0, 0, 0, 0, 0 ] ], "xmin": -14.625, "xmax": -13.5, "ymin": 64.666666666666657, "ymax": 65.291666666666657 }, "geometry": { "type": "MultiPolygon", "coordinates": [ [ [ [ -14.05451549999998, 64.707983999000078 ], [ -14.067103422999935, 64.721902572000033 ], [ -14.091453679999972, 64.72028849000003 ], [ -14.103567734999956, 64.72288375200003 ], [ -14.13197822799998, 64.719358077000038 ], [ -14.146575893999966, 64.722129366000047 ], [ -14.160382955999978, 64.732327215000055 ], [ -14.182595574999937, 64.737056476000078 ], [ -14.261602186999937, 64.73718259900005 ], [ -14.287854997999943, 64.745271940000066 ], [ -14.309814574999962, 64.764277059000051 ], [ -14.323923498999932, 64.768432991000054 ], [ -14.333214897999937, 64.777299353000046 ], [ -14.357675203999975, 64.781050353000069 ], [ -14.373670133999951, 64.794492254000033 ], [ -14.378692628999943, 64.802320749000046 ], [ -14.413910531999932, 64.808578670000031 ], [ -14.423147769999957, 64.817054766000069 ], [ -14.43838526299993, 64.819094907000078 ], [ -14.448615836999977, 64.82378226000003 ], [ -14.514228444999958, 64.833522987000038 ], [ -14.52511293799995, 64.840536631000077 ], [ -14.537815275999947, 64.842795555000066 ], [ -14.557786025999974, 64.854814883000074 ], [ -14.581183816999953, 64.86200920400006 ], [ -14.593846123999981, 64.875223647000041 ], [ -14.594963498999959, 64.885016804000031 ], [ -14.606355788999963, 64.892986655000072 ], [ -14.606841871999961, 64.898864701000036 ], [ -14.603441074999978, 64.90571906200006 ], [ -14.588609196999926, 64.920159933000036 ], [ -14.554892731999928, 64.924681629000077 ], [ -14.526010890999942, 64.934560830000066 ], [ -14.495785974999933, 64.95031141700008 ], [ -14.421060724999961, 64.967062132000081 ], [ -14.423009665999928, 64.976478295000049 ], [ -14.436585466999929, 64.99232429500006 ], [ -14.474886745999981, 65.008581062000076 ], [ -14.457758699999943, 65.021992506000061 ], [ -14.429224463999958, 65.032656925000083 ], [ -14.441117230999964, 65.04523877400004 ], [ -14.418719110999973, 65.059748144000082 ], [ -14.426810131999957, 65.06754660100006 ], [ -14.425242708999974, 65.086444099000062 ], [ -14.417474584999979, 65.093274148000035 ], [ -14.331370827999933, 65.116251974000079 ], [ -14.226224997999964, 65.099128879000034 ], [ -14.197215356999948, 65.10294949300004 ], [ -14.192280546999939, 65.105349251000064 ], [ -14.202746256999944, 65.113158678000048 ], [ -14.198864465999975, 65.131211581000059 ], [ -14.151540930999943, 65.132980172000032 ], [ -14.088672267999982, 65.143627356000081 ], [ -14.09894563499995, 65.154306100000042 ], [ -14.146016488999976, 65.151037397000039 ], [ -14.216484586999968, 65.156305004000046 ], [ -14.251963961999934, 65.161851872000057 ], [ -14.262973268999929, 65.160213426000041 ], [ -14.267639434999978, 65.162558124000043 ], [ -14.255716049999933, 65.170406849000074 ], [ -14.225447398999961, 65.177517131000059 ], [ -14.182751227999972, 65.19478123600004 ], [ -14.142828659999964, 65.193981369000028 ], [ -14.126431827999966, 65.203575347000083 ], [ -14.095993028999942, 65.212332153000034 ], [ -14.025290473999974, 65.22124357000007 ], [ -13.998414098999945, 65.220186256000034 ], [ -13.969595211999945, 65.225446330000068 ], [ -13.947745183999928, 65.219679842000062 ], [ -13.929230882999946, 65.218915361000029 ], [ -13.849456978999967, 65.231830015000071 ], [ -13.818617787999926, 65.228137054000058 ], [ -13.777506116999973, 65.231789379000077 ], [ -13.761573249999969, 65.242184156000064 ], [ -13.729363818999957, 65.243602655000075 ], [ -13.711997765999968, 65.249875607000035 ], [ -13.691225813999949, 65.252046520000079 ], [ -13.677956221999978, 65.262835448000033 ], [ -13.65194803199995, 65.269012135000082 ], [ -13.656679397999937, 65.282830220000051 ], [ -13.651374499999974, 65.290556499000047 ], [ -13.602618782999969, 65.27830442700008 ], [ -13.586421629999961, 65.265541624000036 ], [ -13.636268755999936, 65.22614619400008 ], [ -13.675523128999941, 65.213488128000051 ], [ -13.784608611999943, 65.203113697000049 ], [ -13.889979119999964, 65.204943461000028 ], [ -13.98225550799998, 65.194930599000031 ], [ -13.988643866999951, 65.19112190900006 ], [ -13.980524178999929, 65.188826421000044 ], [ -13.879598450999936, 65.196239277000075 ], [ -13.783110569999963, 65.18634619900007 ], [ -13.658096273999945, 65.192315352000037 ], [ -13.639717621999978, 65.190243492000036 ], [ -13.630344659999935, 65.184340969000061 ], [ -13.629252789999953, 65.176666358000034 ], [ -13.650144399999931, 65.154839742000036 ], [ -13.672892316999935, 65.147727178000082 ], [ -13.719408561999956, 65.144139211000038 ], [ -13.731169683999951, 65.136875933000056 ], [ -13.66098707499998, 65.127614847000075 ], [ -13.661208426999963, 65.122284963000084 ], [ -13.682299247999936, 65.114174276000028 ], [ -13.686409191999928, 65.11008337800007 ], [ -13.672151374999942, 65.107303118000061 ], [ -13.637016814999981, 65.10765665200006 ], [ -13.633841979999943, 65.104094478000036 ], [ -13.634780146999958, 65.095000825000056 ], [ -13.632345624999971, 65.092315720000045 ], [ -13.600314097999956, 65.106301592000079 ], [ -13.557194159999938, 65.144219489000079 ], [ -13.532490707999955, 65.157660773000032 ], [ -13.522582469999975, 65.159277074000045 ], [ -13.521009212999957, 65.150756888000046 ], [ -13.53441141899998, 65.095767049000074 ], [ -13.525478219999968, 65.086856441000066 ], [ -13.506461741999942, 65.080327626000042 ], [ -13.504629919999957, 65.071598314000028 ], [ -13.515676746999929, 65.061815011000078 ], [ -13.545529123999927, 65.046573021000029 ], [ -13.605224474999943, 65.029588627000066 ], [ -13.609650706999957, 65.02038318700005 ], [ -13.605955957999981, 65.005885927000065 ], [ -13.613360844999931, 64.997839492000082 ], [ -13.667214649999949, 64.986891387000071 ], [ -13.777339800999982, 64.988890346000062 ], [ -13.80200389099997, 65.000907027000039 ], [ -13.823551616999964, 65.016010216000041 ], [ -13.861523665999982, 65.032258872000057 ], [ -13.911448657999927, 65.044864734000043 ], [ -13.968800593999958, 65.054026369000042 ], [ -14.022337293999954, 65.070923036000067 ], [ -14.026348887999973, 65.064832137000053 ], [ -14.002910496999959, 65.044313295000052 ], [ -14.071445380999933, 65.037237662000052 ], [ -14.126276974999939, 65.027569087000074 ], [ -14.198656404999952, 65.030443500000047 ], [ -14.227180347999933, 65.025647259000039 ], [ -14.220741736999969, 65.020030403000078 ], [ -14.18227251899998, 65.014383744000042 ], [ -14.06494608099996, 65.017207149000058 ], [ -13.978805852999926, 65.006321928000034 ], [ -13.924377751999941, 65.004741268000032 ], [ -13.89106469099994, 64.99144842700008 ], [ -13.866719832999934, 64.974179628000059 ], [ -13.81673722499994, 64.959580229000039 ], [ -13.777992173999962, 64.943636090000041 ], [ -13.689258102999929, 64.931611615000065 ], [ -13.696900643999982, 64.913833308000051 ], [ -13.747956388999967, 64.908862355000053 ], [ -13.795815080999944, 64.910837970000046 ], [ -13.861528475999933, 64.920793610000032 ], [ -13.960921106999933, 64.919674523000083 ], [ -14.035036819999959, 64.928313970000033 ], [ -14.031557885999973, 64.922899647000065 ], [ -14.007821423999928, 64.914842700000065 ], [ -13.945073775999958, 64.905244101000051 ], [ -13.850310142999945, 64.89624761400006 ], [ -13.778292419999957, 64.875935727000069 ], [ -13.762778570999956, 64.860905460000083 ], [ -13.77545102199997, 64.849164395000059 ], [ -13.828584453999952, 64.82903682500006 ], [ -13.925621014999933, 64.838648913000043 ], [ -13.940468614999929, 64.835235992000037 ], [ -13.932557114999952, 64.828479842000036 ], [ -13.846359922999966, 64.80596205900008 ], [ -13.850167735999946, 64.802216347000069 ], [ -13.934091222999939, 64.793465421000064 ], [ -13.988561293999965, 64.794081131000041 ], [ -14.03702157999993, 64.781932621000067 ], [ -14.051281772999971, 64.789507440000079 ], [ -14.066427315999931, 64.78851620100005 ], [ -14.069248849999951, 64.784100078000051 ], [ -14.065595749999943, 64.777885144000038 ], [ -14.030037572999959, 64.762308454000049 ], [ -13.993485777999979, 64.735306171000047 ], [ -14.004427014999976, 64.724266804000081 ], [ -14.05451549999998, 64.707983999000078 ] ] ], [ [ [ -13.516355089999934, 64.981401210000058 ], [ -13.515732722999928, 64.974342922000062 ], [ -13.520673887999976, 64.971793744000081 ], [ -13.522793133999926, 64.977742215000035 ], [ -13.516355089999934, 64.981401210000058 ] ] ], [ [ [ -13.617752396999947, 64.902841198000033 ], [ -13.617954594999958, 64.899242211000058 ], [ -13.622412906999955, 64.897094394000078 ], [ -13.630008442999952, 64.900132828000039 ], [ -13.617752396999947, 64.902841198000033 ] ] ], [ [ [ -13.688607605999948, 64.896351100000061 ], [ -13.69652326399995, 64.889712983000038 ], [ -13.694412598999975, 64.900216396000076 ], [ -13.689117315999965, 64.900847533000046 ], [ -13.688607605999948, 64.896351100000061 ] ] ], [ [ [ -14.009932846999959, 64.762862237000036 ], [ -14.007339710999929, 64.758814366000081 ], [ -14.011741806999964, 64.756870481000078 ], [ -14.013855829999954, 64.759536067000056 ], [ -14.009932846999959, 64.762862237000036 ] ] ] ] } },
{ "type": "Feature", "properties": { "GISCO_ID": "IS_7400", "CNTR_CODE": "IS", "LAU_ID": "7400", "LAU_NAME": "Múlaþing", "cell_coverage": [ [ 0, 0, 0, 0, 0, 0, 0, 0, 0, 0, 0, 0, 0, 0, 0, 0, 0, 0, 0, 0, 0, 0, 0, 0, 0, 0, 0, 0, 0, 0, 0, 0, 0, 0, 0, 0, 0, 0, 0, 0, 0, 0, 0, 0, 0, 0, 0, 0, 0, 0, 0, 0, 0, 0, 0, 0, 0, 0.0079, 0.215, 0.2652, 0, 0, 0, 0, 0, 0, 0, 0, 0, 0, 0, 0, 0, 0, 0, 0, 0, 0 ], [ 0, 0, 0, 0, 0, 0, 0, 0, 0, 0, 0, 0, 0, 0, 0, 0, 0, 0, 0, 0, 0, 0, 0, 0, 0, 0, 0, 0, 0, 0, 0, 0, 0, 0, 0, 0, 0, 0, 0, 0, 0, 0, 0, 0, 0, 0, 0, 0, 0, 0, 0, 0, 0, 0, 0, 0, 0.2881, 0.8165, 0.9046, 0.0948, 0, 0, 0, 0, 0, 0, 0, 0, 0, 0, 0, 0, 0, 0, 0, 0, 0, 0 ], [ 0, 0, 0, 0, 0, 0, 0, 0, 0, 0, 0, 0, 0, 0, 0, 0, 0, 0, 0, 0, 0, 0, 0, 0, 0, 0, 0, 0, 0, 0, 0, 0, 0, 0, 0, 0, 0, 0, 0, 0, 0, 0, 0, 0, 0, 0, 0, 0, 0, 0, 0, 0, 0, 0, 0, 0.2356, 0.9178, 1, 1, 0.7877, 0.3852, 0.0561, 0, 0, 0, 0, 0, 0, 0, 0, 0, 0, 0, 0, 0, 0, 0, 0 ], [ 0, 0, 0, 0, 0, 0, 0, 0, 0, 0, 0, 0, 0, 0, 0, 0, 0, 0, 0, 0, 0, 0, 0, 0, 0, 0, 0, 0, 0, 0, 0, 0, 0, 0, 0, 0, 0, 0, 0, 0, 0, 0, 0, 0, 0, 0, 0, 0, 0, 0.0089, 0.0158, 0, 0.0013, 0.3451, 0.5602, 0.9667, 1, 1, 1, 1, 1, 0.9656, 0.6956, 0.384, 0.0885, 0, 0, 0, 0, 0, 0, 0, 0, 0, 0, 0, 0, 0 ], [ 0, 0, 0, 0, 0, 0, 0, 0, 0, 0, 0, 0, 0, 0, 0, 0, 0, 0, 0, 0, 0, 0, 0, 0, 0, 0, 0, 0, 0, 0, 0, 0, 0, 0, 0, 0, 0, 0, 0, 0, 0, 0, 0, 0, 0, 0, 0, 0, 0, 0.376, 0.9975, 0.9517, 0.9239, 1, 1, 1, 1, 1, 1, 1, 1, 1, 1, 1, 0.9976, 0.8592, 0.6658, 0.5339, 0.4463, 0.6909, 0.7512, 0.2668, 0, 0, 0, 0, 0, 0 ], [ 0, 0, 0, 0, 0, 0, 0, 0, 0, 0, 0, 0, 0, 0, 0, 0, 0, 0, 0.0194, 0.5586, 0.5786, 0.5184, 0.4581, 0.3979, 0.3377, 0.2775, 0.2166, 0.167, 0.2286, 0.0676, 0, 0, 0, 0, 0, 0, 0, 0, 0, 0, 0, 0, 0, 0, 0, 0, 0, 0, 0.1414, 0.8936, 1, 1, 1, 1, 1, 1, 1, 1, 1, 1, 1, 1, 1, 1, 1, 1, 1, 1, 1, 1, 0.9618, 0.6929, 0.2517, 0.0001, 0.1935, 0.1638, 0, 0 ], [ 0, 0, 0, 0, 0, 0, 0, 0, 0, 0, 0, 0, 0, 0, 0, 0, 0, 0, 0.5908, 1, 1, 1, 1, 1, 1, 1, 1, 1, 1, 0.9855, 0.7639, 0.4033, 0, 0, 0, 0, 0, 0, 0, 0, 0, 0, 0, 0, 0, 0, 0.1058, 0.7566, 0.9154, 1, 1, 1, 1, 1, 1, 1, 1, 1, 1, 1, 1, 1, 1, 1, 1, 1, 1, 1, 1, 1, 1, 1, 0.7907, 0.6683, 1, 0.87, 0.5742, 0.0931 ], [ 0, 0, 0, 0, 0, 0, 0, 0, 0, 0, 0, 0, 0, 0, 0, 0, 0.1405, 0.7334, 1, 1, 1, 1, 1, 1, 1, 1, 1, 1, 1, 1, 1, 0.5458, 0.0349, 0.1298, 0.297, 0.4641, 0.5644, 0.4517, 0.3232, 0.0558, 0, 0, 0, 0.091, 0.3058, 0.5212, 0.8712, 1, 1, 1, 1, 1, 1, 1, 1, 1, 1, 1, 1, 1, 1, 1, 1, 1, 1, 1, 1, 1, 1, 1, 1, 1, 1, 1, 1, 1, 0.8895, 0.1084 ], [ 0, 0, 0, 0, 0, 0, 0, 0, 0, 0, 0, 0, 0, 0, 0, 0, 0.7325, 1, 1, 1, 1, 1, 1, 1, 1, 1, 1, 1, 1, 1, 1, 1, 0.9918, 1, 1, 1, 1, 1, 1, 0.8871, 0.6275, 0.6603, 0.8749, 0.9993, 1, 1, 1, 1, 1, 1, 1, 1, 1, 1, 1, 1, 1, 1, 1, 1, 1, 1, 1, 1, 1, 1, 1, 1, 1, 1, 1, 1, 1, 1, 1, 1, 0.5054, 0 ], [ 0, 0, 0, 0, 0, 0, 0, 0, 0, 0, 0, 0, 0, 0, 0, 0, 0.2086, 0.5948, 0.9097, 1, 1, 1, 1, 1, 1, 1, 1, 1, 1, 1, 1, 1, 1, 1, 1, 1, 1, 1, 1, 1, 1, 1, 1, 1, 1, 1, 1, 1, 1, 1, 1, 1, 1, 1, 1, 1, 1, 1, 1, 1, 1, 1, 1, 1, 1, 1, 1, 1, 1, 1, 1, 1, 1, 1, 1, 0.9584, 0.1417, 0 ], [ 0, 0, 0, 0, 0, 0, 0, 0, 0, 0, 0, 0, 0, 0, 0, 0, 0, 0, 0.0483, 0.6578, 1, 1, 1, 1, 1, 1, 1, 1, 1, 1, 1, 1, 1, 1, 1, 1, 1, 1, 1, 1, 1, 1, 1, 1, 1, 1, 1, 1, 1, 1, 1, 1, 1, 1, 1, 1, 1, 1, 1, 1, 1, 1, 1, 1, 1, 1, 1, 1, 1, 1, 1, 0.9562, 0.5938, 0.4777, 0.3774, 0.1204, 0, 0 ], [ 0, 0, 0, 0, 0, 0, 0, 0, 0, 0, 0, 0, 0, 0, 0, 0, 0, 0, 0.0114, 0.6319, 1, 1, 1, 1, 1, 1, 1, 1, 1, 1, 1, 1, 1, 1, 1, 1, 1, 1, 1, 1, 1, 1, 1, 1, 1, 1, 1, 1, 1, 1, 1, 1, 1, 1, 1, 1, 1, 1, 1, 1, 1, 1, 1, 1, 1, 1, 1, 1, 1, 0.9992, 0.821, 0.5853, 0.5725, 0.5422, 0.1609, 0.0778, 0.0022, 0 ], [ 0, 0, 0, 0, 0, 0, 0, 0, 0, 0, 0, 0, 0, 0, 0, 0, 0.0151, 0.2454, 0.6246, 1, 1, 1, 1, 1, 1, 1, 1, 1, 1, 1, 1, 1, 1, 1, 1, 1, 1, 1, 1, 1, 1, 1, 1, 1, 1, 1, 1, 1, 1, 1, 1, 1, 1, 1, 1, 1, 1, 1, 1, 1, 1, 1, 1, 1, 1, 1, 1, 0.9561, 0.7274, 0.7396, 0.7966, 0.9761, 0.9901, 0.8718, 0.8817, 0.8396, 0.1766, 0 ], [ 0, 0, 0, 0, 0, 0, 0, 0, 0, 0, 0, 0, 0, 0, 0, 0.1226, 0.862, 1, 1, 1, 1, 1, 1, 1, 1, 1, 1, 1, 1, 1, 1, 1, 1, 1, 1, 1, 1, 1, 1, 1, 1, 1, 1, 1, 1, 1, 1, 1, 1, 1, 1, 1, 1, 1, 1, 1, 1, 1, 1, 1, 1, 1, 1, 1, 1, 0.949, 0.8027, 0.7071, 0.6474, 0.7214, 0.6163, 0.4755, 0.4987, 0.3235, 0.1141, 0, 0, 0 ], [ 0, 0, 0, 0, 0, 0, 0, 0, 0, 0, 0, 0, 0, 0, 0.0331, 0.8548, 1, 1, 1, 1, 1, 1, 1, 1, 1, 1, 1, 1, 1, 1, 1, 1, 1, 1, 1, 1, 1, 1, 1, 1, 1, 1, 1, 0.9558, 0.6875, 0.7574, 0.8307, 0.9041, 0.986, 1, 1, 1, 1, 1, 1, 1, 1, 1, 1, 1, 1, 0.9794, 0.7463, 0.403, 0.2878, 0.0189, 0, 0, 0, 0, 0, 0, 0, 0, 0, 0, 0, 0 ], [ 0, 0, 0, 0, 0, 0, 0, 0, 0, 0, 0, 0, 0, 0, 0.0009, 0.8511, 1, 1, 1, 1, 1, 1, 1, 1, 1, 1, 1, 1, 1, 1, 1, 1, 1, 1, 1, 1, 1, 1, 1, 1, 1, 0.9726, 0.6052, 0.1394, 0, 0, 0, 0, 0.1113, 0.2036, 0.4606, 0.9892, 1, 1, 1, 1, 1, 1, 1, 1, 1, 0.9518, 0.8005, 0.5706, 0.4195, 0.2426, 0, 0, 0, 0, 0, 0, 0, 0, 0, 0, 0, 0 ], [ 0, 0, 0, 0, 0, 0, 0, 0, 0, 0, 0, 0, 0, 0, 0.0133, 0.9027, 1, 1, 1, 1, 1, 1, 1, 1, 1, 1, 1, 1, 1, 1, 1, 1, 1, 1, 1, 1, 1, 1, 1, 1, 0.8668, 0.1042, 0, 0, 0, 0, 0, 0, 0.0603, 0.4522, 0.9202, 1, 1, 1, 1, 1, 1, 0.9659, 0.6228, 0.356, 0.2842, 0.4466, 0.5823, 0.1189, 0, 0, 0, 0, 0, 0, 0, 0, 0, 0, 0, 0, 0, 0 ], [ 0, 0, 0, 0, 0, 0, 0, 0, 0, 0, 0, 0, 0, 0, 0.1328, 0.8842, 1, 1, 1, 1, 1, 1, 1, 1, 1, 1, 1, 1, 1, 1, 1, 1, 1, 1, 1, 1, 1, 1, 0.9621, 0.6098, 0.0971, 0, 0, 0, 0, 0, 0, 0.1091, 0.9508, 1, 1, 1, 1, 1, 1, 1, 1, 0.7287, 0, 0, 0, 0, 0, 0, 0, 0, 0, 0, 0, 0, 0, 0, 0, 0, 0, 0, 0, 0 ], [ 0, 0, 0, 0, 0, 0, 0, 0, 0, 0, 0, 0.0338, 0.2256, 0.3182, 0.5239, 0.988, 1, 1, 1, 1, 1, 1, 1, 1, 1, 1, 1, 1, 1, 1, 1, 1, 1, 1, 1, 1, 0.8694, 0.4538, 0.07, 0, 0, 0, 0, 0, 0, 0, 0, 0.541, 1, 1, 1, 1, 1, 1, 1, 1, 0.9047, 0.2218, 0, 0, 0, 0, 0, 0, 0, 0, 0, 0, 0, 0, 0, 0, 0, 0, 0, 0, 0, 0 ], [ 0, 0, 0, 0, 0, 0, 0, 0, 0, 0, 0.1294, 0.8613, 1, 1, 1, 1, 1, 1, 1, 1, 1, 1, 1, 1, 1, 1, 1, 1, 1, 1, 1, 1, 1, 1, 0.8982, 0.4037, 0.0176, 0, 0, 0, 0, 0, 0, 0, 0, 0.0203, 0.5138, 0.9988, 1, 1, 1, 1, 1, 1, 1, 1, 0.9998, 0.6032, 0, 0, 0, 0, 0, 0, 0, 0, 0, 0, 0, 0, 0, 0, 0, 0, 0, 0, 0, 0 ], [ 0, 0, 0, 0, 0, 0.0045, 0.1794, 0.3409, 0.4578, 0.5762, 0.9604, 1, 1, 1, 1, 1, 1, 1, 1, 1, 1, 1, 1, 1, 1, 1, 1, 1, 1, 1, 1, 1, 0.9966, 0.5368, 0.039, 0, 0, 0, 0, 0, 0, 0, 0, 0, 0.1128, 0.8129, 1, 1, 1, 1, 1, 1, 1, 0.9847, 0.8216, 0.4931, 0.1048, 0, 0, 0, 0, 0, 0, 0, 0, 0, 0, 0, 0, 0, 0, 0, 0, 0, 0, 0, 0, 0 ], [ 0, 0, 0, 0, 0, 0.7691, 1, 1, 1, 1, 1, 1, 1, 1, 1, 1, 1, 1, 1, 1, 1, 1, 1, 1, 1, 1, 1, 1, 1, 1, 1, 0.9574, 0.3299, 0, 0, 0, 0, 0, 0, 0, 0, 0, 0, 0, 0.0812, 0.8994, 1, 1, 1, 1, 1, 1, 1, 0.6005, 0, 0, 0, 0, 0, 0, 0, 0, 0, 0, 0, 0, 0, 0, 0, 0, 0, 0, 0, 0, 0, 0, 0, 0 ], [ 0, 0, 0, 0, 0.3063, 0.9992, 1, 1, 1, 1, 1, 1, 1, 1, 1, 1, 1, 1, 1, 1, 1, 1, 1, 1, 1, 1, 1, 1, 1, 1, 1, 0.6635, 0, 0, 0, 0, 0, 0, 0, 0, 0, 0, 0, 0, 0, 0.7643, 1, 1, 1, 1, 1, 1, 1, 0.9681, 0.5293, 0.1078, 0, 0, 0, 0, 0, 0, 0, 0, 0, 0, 0, 0, 0, 0, 0, 0, 0, 0, 0, 0, 0, 0 ], [ 0, 0, 0, 0.0636, 0.995, 1, 1, 1, 1, 1, 1, 1, 1, 1, 1, 1, 1, 1, 1, 1, 1, 1, 1, 1, 1, 1, 1, 1, 1, 1, 0.563, 0.0396, 0, 0, 0, 0, 0, 0, 0, 0, 0, 0, 0, 0.0135, 0.2629, 0.9749, 1, 1, 1, 1, 1, 1, 1, 1, 1, 0.9928, 0.8645, 0.6747, 0.325, 0.0057, 0, 0, 0, 0, 0, 0, 0, 0, 0, 0, 0, 0, 0, 0, 0, 0, 0, 0 ], [ 0, 0, 0, 0.3549, 1, 1, 1, 1, 1, 1, 1, 1, 1, 1, 1, 1, 1, 1, 1, 1, 1, 1, 1, 1, 1, 1, 1, 1, 0.9949, 0.3407, 0.0039, 0, 0, 0, 0, 0, 0, 0, 0, 0, 0, 0, 0.1208, 0.8845, 1, 1, 1, 1, 1, 1, 1, 1, 1, 1, 1, 0.9991, 0.6722, 0.3312, 0.8547, 0.7864, 0.325, 0, 0, 0, 0, 0, 0, 0, 0, 0, 0, 0, 0, 0, 0, 0, 0, 0 ], [ 0, 0, 0, 0.6867, 1, 1, 1, 1, 1, 1, 1, 1, 1, 1, 1, 1, 1, 1, 1, 1, 1, 1, 1, 1, 1, 1, 1, 0.9877, 0.2647, 0, 0, 0, 0, 0, 0, 0, 0, 0, 0, 0, 0, 0.1665, 0.8882, 1, 1, 1, 1, 1, 1, 1, 1, 1, 1, 1, 1, 1, 1, 0.8835, 0.2564, 0.5018, 0.9987, 0.7749, 0.6911, 0.6741, 0.3899, 0.3129, 0.1698, 0, 0, 0, 0, 0, 0, 0, 0, 0, 0, 0 ], [ 0, 0, 0.0512, 0.9672, 1, 1, 1, 1, 1, 1, 1, 1, 1, 1, 1, 1, 1, 1, 1, 1, 1, 1, 1, 1, 1, 1, 1, 1, 0.2295, 0, 0, 0, 0, 0, 0, 0, 0, 0, 0, 0, 0, 0.7142, 1, 1, 1, 1, 1, 1, 1, 1, 1, 1, 1, 1, 1, 1, 1, 1, 0.9248, 0.4856, 0.1492, 0.315, 0.4168, 0.4069, 0.2341, 0.1582, 0.0663, 0, 0, 0, 0, 0, 0, 0, 0, 0, 0, 0 ], [ 0, 0, 0.3502, 1, 1, 1, 1, 1, 1, 1, 1, 1, 1, 1, 1, 1, 1, 1, 1, 1, 1, 1, 1, 1, 1, 1, 0.9645, 0.5832, 0.043, 0, 0, 0, 0, 0, 0, 0, 0, 0, 0, 0, 0, 0.0037, 0.1687, 0.8318, 1, 1, 1, 1, 1, 1, 1, 1, 1, 1, 1, 1, 0.6509, 0.382, 0.2352, 0.3941, 0.6259, 0.5296, 0.0872, 0, 0, 0, 0, 0, 0, 0, 0, 0, 0, 0, 0, 0, 0, 0 ], [ 0, 0, 0.682, 1, 1, 1, 1, 1, 1, 1, 1, 1, 1, 1, 1, 1, 1, 1, 1, 1, 1, 1, 1, 1, 0.936, 0.5207, 0.0874, 0, 0, 0, 0, 0, 0, 0, 0, 0, 0, 0, 0, 0, 0, 0, 0.1159, 0.8345, 1, 1, 1, 1, 1, 1, 1, 1, 1, 1, 0.8997, 0.8183, 0.8442, 0.8058, 0.1614, 0.0963, 0.0524, 0, 0, 0.1216, 0.0906, 0, 0, 0, 0, 0, 0, 0, 0, 0, 0, 0, 0, 0 ], [ 0, 0.0486, 0.9651, 1, 1, 1, 1, 1, 1, 1, 1, 1, 1, 1, 1, 1, 1, 1, 1, 1, 1, 1, 0.8991, 0.4581, 0.0534, 0, 0, 0, 0, 0, 0, 0, 0, 0, 0, 0, 0, 0, 0, 0, 0, 0, 0, 0.2104, 0.9877, 1, 1, 1, 1, 1, 1, 1, 1, 0.9982, 0.1966, 0.0709, 0.0001, 0.0815, 0.0834, 0, 0, 0, 0, 0, 0, 0, 0, 0, 0, 0, 0, 0, 0, 0, 0, 0, 0, 0 ], [ 0, 0.3455, 1, 1, 1, 1, 1, 1, 1, 1, 1, 1, 1, 1, 1, 1, 1, 1, 1, 1, 0.854, 0.3956, 0.0277, 0, 0, 0, 0, 0, 0, 0, 0, 0, 0, 0, 0, 0, 0, 0, 0, 0, 0, 0, 0, 0, 0.3, 0.6518, 0.6065, 0.5873, 0.5144, 0.729, 1, 1, 1, 1, 0.8767, 0.9302, 0.4927, 0.006, 0, 0, 0, 0, 0, 0, 0, 0, 0, 0, 0, 0, 0, 0, 0, 0, 0, 0, 0, 0 ], [ 0, 0.6773, 1, 1, 1, 1, 1, 1, 1, 1, 1, 1, 1, 1, 1, 1, 1, 1, 0.8004, 0.3331, 0.0104, 0, 0, 0, 0, 0, 0, 0, 0, 0, 0, 0, 0, 0, 0, 0, 0, 0, 0, 0, 0, 0, 0, 0, 0, 0, 0, 0, 0, 0.0383, 0.3687, 0.542, 0.8747, 0.7732, 0.8021, 0.9849, 0.2947, 0, 0, 0, 0, 0, 0, 0, 0, 0, 0, 0, 0, 0, 0, 0, 0, 0, 0, 0, 0, 0 ], [ 0.0255, 0.8138, 0.8263, 0.8018, 0.7772, 0.7527, 0.7281, 0.7035, 0.679, 0.6544, 0.6299, 0.6053, 0.5808, 0.5562, 0.5317, 0.5071, 0.4826, 0.2692, 0.0014, 0, 0, 0, 0, 0, 0, 0, 0, 0, 0, 0, 0, 0, 0, 0, 0, 0, 0, 0, 0, 0, 0, 0, 0, 0, 0, 0, 0, 0, 0, 0, 0, 0, 0, 0, 0.0309, 0.1924, 0, 0, 0, 0, 0, 0, 0, 0, 0, 0, 0, 0, 0, 0, 0, 0, 0, 0, 0, 0, 0, 0 ] ], "xmin": -16.833333333333336, "xmax": -13.583333333333336, "ymin": 64.416666666666657, "ymax": 65.791666666666657 }, "geometry": { "type": "MultiPolygon", "coordinates": [ [ [ [ -16.121111499999927, 65.481600499000081 ], [ -16.118968, 65.480786499000033 ], [ -16.084613, 65.499059499000055 ], [ -16.083057, 65.500473999000064 ], [ -16.026885499999935, 65.568646999000066 ], [ -15.720619499999941, 65.550204999000073 ], [ -15.685994772999948, 65.547605777000058 ], [ -15.65178266199996, 65.551947012000028 ], [ -15.628482175999977, 65.550911322000047 ], [ -15.507176964999928, 65.51583150600004 ], [ -15.505626278999955, 65.513198109000029 ], [ -15.52342729399993, 65.474820841000053 ], [ -15.521502336999959, 65.461487715000032 ], [ -15.510767685999951, 65.458406803000059 ], [ -15.496751892999953, 65.459257967000042 ], [ -15.489663415999928, 65.465053004000083 ], [ -15.482028195999931, 65.456297256000028 ], [ -15.319701230999954, 65.483434206000084 ], [ -15.206282605999945, 65.468856697000035 ], [ -15.179879803999938, 65.449349383000083 ], [ -15.160239769999976, 65.444231820000027 ], [ -15.122155401999976, 65.440272825000079 ], [ -14.910855837999975, 65.485787432000052 ], [ -14.881455286999937, 65.507407330000035 ], [ -14.879661819999967, 65.523059740000065 ], [ -14.874758481999947, 65.52829401300005 ], [ -14.864783691999946, 65.52788703300007 ], [ -14.85681328499993, 65.531691149000039 ], [ -14.849706701999935, 65.530493493000051 ], [ -14.843557526999973, 65.535750067000038 ], [ -14.81132899499994, 65.535077374000082 ], [ -14.805567725999936, 65.553286239000045 ], [ -14.786663016999967, 65.565531857000053 ], [ -14.784128036999959, 65.573157391000052 ], [ -14.776806439999973, 65.579464840000071 ], [ -14.776207414999931, 65.586575664000065 ], [ -14.764316289999954, 65.593533510000043 ], [ -14.765424437999968, 65.611685907000037 ], [ -14.756835759999944, 65.627258544000028 ], [ -14.649837878999961, 65.620668256000044 ], [ -14.629653615999928, 65.622851677000028 ], [ -14.619856846999937, 65.631664987000079 ], [ -14.58701168999994, 65.648249737000071 ], [ -14.547097221999934, 65.647812774000045 ], [ -14.535639913999944, 65.659414364000042 ], [ -14.537393209999948, 65.670222442000068 ], [ -14.518813122999973, 65.675741648000042 ], [ -14.504022224999972, 65.685861867000028 ], [ -14.494731774999934, 65.693312619000039 ], [ -14.479352232999929, 65.726440155000034 ], [ -14.457958547999965, 65.730659054000057 ], [ -14.425181472999952, 65.750346147000073 ], [ -14.375195160999965, 65.765011859000083 ], [ -14.360713, 65.769240999000033 ], [ -14.343910499999936, 65.765112999000053 ], [ -14.353256851999959, 65.750514168000052 ], [ -14.385517939999943, 65.727969631000065 ], [ -14.384284739999941, 65.71794772100003 ], [ -14.351771969999959, 65.697070683000049 ], [ -14.261217839999972, 65.663973785000053 ], [ -14.147441535999974, 65.628515466000067 ], [ -14.071954278999954, 65.612151858000061 ], [ -13.981096581999964, 65.60046840800004 ], [ -13.965111431999958, 65.602422442000034 ], [ -13.93294537099996, 65.615172173000076 ], [ -13.891253296999935, 65.615337005000072 ], [ -13.866090899999961, 65.609997508000049 ], [ -13.847827525999946, 65.589976036000053 ], [ -13.880364722999957, 65.581724613000063 ], [ -13.883944157999963, 65.578338101000043 ], [ -13.883249208999928, 65.574385285000062 ], [ -13.818843251999965, 65.565854847000082 ], [ -13.815148453999939, 65.55954304100004 ], [ -13.815907481999943, 65.544227978000038 ], [ -13.811844347999966, 65.539094012000078 ], [ -13.813628702999949, 65.529317303000028 ], [ -13.794431807999956, 65.520986052000069 ], [ -13.77159736599998, 65.522341448000077 ], [ -13.757539464999979, 65.53781013400004 ], [ -13.732613796999942, 65.55187866600005 ], [ -13.680637508999951, 65.551124745000038 ], [ -13.677420432999952, 65.547896145000038 ], [ -13.683580156999938, 65.533748734000028 ], [ -13.680953098999964, 65.52738624400007 ], [ -13.671170722999932, 65.526384473000064 ], [ -13.653898347999927, 65.531963305000033 ], [ -13.633476217999942, 65.515964133000068 ], [ -13.609008126999981, 65.509373602000039 ], [ -13.619004539999935, 65.489992021000035 ], [ -13.621626955999943, 65.468373037000049 ], [ -13.653409735999958, 65.462097592000077 ], [ -13.658763993999969, 65.454882954000084 ], [ -13.648804679999955, 65.44651686900005 ], [ -13.647493157999975, 65.438595425000074 ], [ -13.637768259999973, 65.432541902000082 ], [ -13.635753946999955, 65.426052985000069 ], [ -13.644433123999931, 65.416101884000057 ], [ -13.672450107999964, 65.408066011000074 ], [ -13.670752980999964, 65.40101902300006 ], [ -13.657698359999927, 65.397303928000042 ], [ -13.653531093999959, 65.386714002000076 ], [ -13.667197535999946, 65.381345475000046 ], [ -13.680479355999978, 65.371376473000055 ], [ -13.729165143999978, 65.358909646000029 ], [ -13.752756021999971, 65.362200399000074 ], [ -13.830466041999955, 65.364373434000072 ], [ -13.844441136999933, 65.355931135000048 ], [ -13.84130782099993, 65.352603799000065 ], [ -13.817373220999968, 65.347289301000046 ], [ -13.729595595999967, 65.335298474000069 ], [ -13.724182370999927, 65.330358587000035 ], [ -13.730070448999982, 65.324821077000081 ], [ -13.770509666999942, 65.308551575000081 ], [ -13.843499977999954, 65.310739671000078 ], [ -13.866124499999955, 65.308584018000033 ], [ -13.918029546999946, 65.292056049000053 ], [ -13.96907394699997, 65.28532709600006 ], [ -13.998207369999932, 65.278487506000033 ], [ -14.008752545999926, 65.270579404000046 ], [ -14.005864619999954, 65.263363177000031 ], [ -13.962166240999977, 65.276642802000083 ], [ -13.902492136999967, 65.281405041000028 ], [ -13.851033240999982, 65.292639406000035 ], [ -13.808541107999929, 65.292025404000071 ], [ -13.761866195999971, 65.284566003000066 ], [ -13.723007394999968, 65.285896697000055 ], [ -13.698153915999967, 65.297148692000064 ], [ -13.651374499999974, 65.290556499000047 ], [ -13.656679397999937, 65.282830220000051 ], [ -13.65194803199995, 65.269012135000082 ], [ -13.677956221999978, 65.262835448000033 ], [ -13.691225813999949, 65.252046520000079 ], [ -13.711997765999968, 65.249875607000035 ], [ -13.729363818999957, 65.243602655000075 ], [ -13.761573249999969, 65.242184156000064 ], [ -13.777506116999973, 65.231789379000077 ], [ -13.818617787999926, 65.228137054000058 ], [ -13.849456978999967, 65.231830015000071 ], [ -13.929230882999946, 65.218915361000029 ], [ -13.947745183999928, 65.219679842000062 ], [ -13.969595211999945, 65.225446330000068 ], [ -13.998414098999945, 65.220186256000034 ], [ -14.025290473999974, 65.22124357000007 ], [ -14.095993028999942, 65.212332153000034 ], [ -14.126431827999966, 65.203575347000083 ], [ -14.142828659999964, 65.193981369000028 ], [ -14.182751227999972, 65.19478123600004 ], [ -14.225447398999961, 65.177517131000059 ], [ -14.255716049999933, 65.170406849000074 ], [ -14.267639434999978, 65.162558124000043 ], [ -14.262973268999929, 65.160213426000041 ], [ -14.251963961999934, 65.161851872000057 ], [ -14.216484586999968, 65.156305004000046 ], [ -14.146016488999976, 65.151037397000039 ], [ -14.09894563499995, 65.154306100000042 ], [ -14.088672267999982, 65.143627356000081 ], [ -14.151540930999943, 65.132980172000032 ], [ -14.198864465999975, 65.131211581000059 ], [ -14.202746256999944, 65.113158678000048 ], [ -14.192280546999939, 65.105349251000064 ], [ -14.197215356999948, 65.10294949300004 ], [ -14.226224997999964, 65.099128879000034 ], [ -14.331370827999933, 65.116251974000079 ], [ -14.417474584999979, 65.093274148000035 ], [ -14.425242708999974, 65.086444099000062 ], [ -14.426810131999957, 65.06754660100006 ], [ -14.418719110999973, 65.059748144000082 ], [ -14.441117230999964, 65.04523877400004 ], [ -14.429224463999958, 65.032656925000083 ], [ -14.457758699999943, 65.021992506000061 ], [ -14.474886745999981, 65.008581062000076 ], [ -14.436585466999929, 64.99232429500006 ], [ -14.423009665999928, 64.976478295000049 ], [ -14.421060724999961, 64.967062132000081 ], [ -14.495785974999933, 64.95031141700008 ], [ -14.526010890999942, 64.934560830000066 ], [ -14.554892731999928, 64.924681629000077 ], [ -14.588609196999926, 64.920159933000036 ], [ -14.603441074999978, 64.90571906200006 ], [ -14.606841871999961, 64.898864701000036 ], [ -14.606355788999963, 64.892986655000072 ], [ -14.594963498999959, 64.885016804000031 ], [ -14.593846123999981, 64.875223647000041 ], [ -14.581183816999953, 64.86200920400006 ], [ -14.557786025999974, 64.854814883000074 ], [ -14.537815275999947, 64.842795555000066 ], [ -14.52511293799995, 64.840536631000077 ], [ -14.514228444999958, 64.833522987000038 ], [ -14.448615836999977, 64.82378226000003 ], [ -14.43838526299993, 64.819094907000078 ], [ -14.423147769999957, 64.817054766000069 ], [ -14.413910531999932, 64.808578670000031 ], [ -14.378692628999943, 64.802320749000046 ], [ -14.373670133999951, 64.794492254000033 ], [ -14.357675203999975, 64.781050353000069 ], [ -14.333214897999937, 64.777299353000046 ], [ -14.323923498999932, 64.768432991000054 ], [ -14.309814574999962, 64.764277059000051 ], [ -14.287854997999943, 64.745271940000066 ], [ -14.261602186999937, 64.73718259900005 ], [ -14.182595574999937, 64.737056476000078 ], [ -14.160382955999978, 64.732327215000055 ], [ -14.146575893999966, 64.722129366000047 ], [ -14.13197822799998, 64.719358077000038 ], [ -14.103567734999956, 64.72288375200003 ], [ -14.091453679999972, 64.72028849000003 ], [ -14.067103422999935, 64.721902572000033 ], [ -14.05451549999998, 64.707983999000078 ], [ -14.081741013999931, 64.701053546000082 ], [ -14.09608048299998, 64.704231719000063 ], [ -14.111648883999976, 64.700350707000041 ], [ -14.15768706199998, 64.698451736000038 ], [ -14.177871082999957, 64.690050510000049 ], [ -14.186179000999971, 64.692218983000032 ], [ -14.197666113999958, 64.689713018000077 ], [ -14.209752576999961, 64.692554262000044 ], [ -14.224533836999967, 64.688510550000046 ], [ -14.237343561999978, 64.69245673000006 ], [ -14.256192087999978, 64.690528559000029 ], [ -14.283246208999969, 64.699308092000081 ], [ -14.297368667999933, 64.699413073000073 ], [ -14.310146147999944, 64.705645792000041 ], [ -14.331155472999967, 64.707259275000069 ], [ -14.351142008999943, 64.732623472000057 ], [ -14.368334699999934, 64.733587707000083 ], [ -14.378081211999927, 64.750841878000074 ], [ -14.38421311899998, 64.752439325000068 ], [ -14.393269701999941, 64.750084892000075 ], [ -14.412136929999974, 64.766269186000045 ], [ -14.436276729999975, 64.77245649300005 ], [ -14.439888970999959, 64.782179119000034 ], [ -14.445812158999956, 64.786849037000081 ], [ -14.472315891999926, 64.788723624000056 ], [ -14.481292659999951, 64.793667847000052 ], [ -14.498295724999934, 64.792306559000053 ], [ -14.501505400999974, 64.788545200000044 ], [ -14.46889379299995, 64.780338556000061 ], [ -14.458639579999954, 64.773638820000031 ], [ -14.460497833999966, 64.768433830000049 ], [ -14.475953284999946, 64.76343870200003 ], [ -14.476529167999956, 64.759431559000063 ], [ -14.473195638999982, 64.755552161000082 ], [ -14.463496083999928, 64.751079778000076 ], [ -14.42652193999993, 64.743839083000069 ], [ -14.414898835999963, 64.73317634700004 ], [ -14.403602709999973, 64.731570513000065 ], [ -14.391607716999943, 64.705054694000069 ], [ -14.367938727999956, 64.692421216000071 ], [ -14.347696520999932, 64.68876275100007 ], [ -14.33952781399995, 64.67424244700004 ], [ -14.31301283099998, 64.667879365000033 ], [ -14.295860008999966, 64.667693717000077 ], [ -14.290903625999931, 64.662100723000037 ], [ -14.280989162999958, 64.65836571300008 ], [ -14.26289053499994, 64.663011375000053 ], [ -14.262625029999981, 64.657593296000073 ], [ -14.256549634999942, 64.652241682000067 ], [ -14.23182225499994, 64.641664111000068 ], [ -14.236046193999982, 64.638201216000027 ], [ -14.255155191999961, 64.633285346000036 ], [ -14.268057760999966, 64.637562229000082 ], [ -14.297866405999969, 64.636243211000078 ], [ -14.320142139999973, 64.641667032000043 ], [ -14.332930610999938, 64.649928951000049 ], [ -14.354306761999965, 64.648913734000075 ], [ -14.396984044999954, 64.65819429000004 ], [ -14.480591724999954, 64.656996978000052 ], [ -14.493595609999943, 64.65339732700005 ], [ -14.496315331999938, 64.647641465000049 ], [ -14.492048841999974, 64.644996604000028 ], [ -14.466144459999953, 64.635755969000058 ], [ -14.433962942999926, 64.634128516000033 ], [ -14.422982813999965, 64.624701959000049 ], [ -14.409771628999977, 64.622374104000073 ], [ -14.406275486999959, 64.616762985000037 ], [ -14.407107382999982, 64.600999895000029 ], [ -14.416850517999933, 64.593500020000079 ], [ -14.434889815999952, 64.589392974000077 ], [ -14.451726381999947, 64.592216827000072 ], [ -14.469647073999965, 64.591328304000058 ], [ -14.487740670999926, 64.585933603000058 ], [ -14.492245916999934, 64.587525629000083 ], [ -14.494013548999931, 64.59217958000005 ], [ -14.510433339999963, 64.59334190900006 ], [ -14.54078822699995, 64.587233377000075 ], [ -14.546286365999947, 64.591377661000081 ], [ -14.558486157999937, 64.592290152000032 ], [ -14.566084710999974, 64.584563305000074 ], [ -14.581434498999954, 64.579985257000033 ], [ -14.585186617999966, 64.576167759000043 ], [ -14.578115434999972, 64.570842471000049 ], [ -14.577099015999977, 64.562317419000067 ], [ -14.56837504799995, 64.555697593000048 ], [ -14.581529081999975, 64.543900213000029 ], [ -14.577684662999957, 64.53868964000003 ], [ -14.560143722999953, 64.533440499000051 ], [ -14.525845696999966, 64.541351819000056 ], [ -14.503409902999977, 64.535860056000047 ], [ -14.471230778999939, 64.542020795000042 ], [ -14.485314699999947, 64.530470308000076 ], [ -14.484813215999964, 64.522585436000043 ], [ -14.45549641599996, 64.543693803000053 ], [ -14.427598671999931, 64.555888116000062 ], [ -14.408272421999982, 64.574035243000083 ], [ -14.359705494999957, 64.595945902000039 ], [ -14.347492557999942, 64.598687402000053 ], [ -14.343250463999937, 64.596978238000077 ], [ -14.346506002999945, 64.593282635000037 ], [ -14.362730684999974, 64.589407204000054 ], [ -14.401946839999937, 64.573023851000073 ], [ -14.415351298999951, 64.564093840000055 ], [ -14.421623108999938, 64.555060644000037 ], [ -14.450859579999928, 64.542934850000051 ], [ -14.475208710999937, 64.526632991000042 ], [ -14.481173609999928, 64.520080689000054 ], [ -14.482609967999963, 64.512802556000054 ], [ -14.468153426999947, 64.498065126000029 ], [ -14.483727702999943, 64.485694562000049 ], [ -14.503616263999959, 64.462532447000058 ], [ -14.508899, 64.448704999000029 ], [ -14.535401709999974, 64.447654871000054 ], [ -14.540804351999952, 64.453153182000051 ], [ -14.556424566999965, 64.456279485000039 ], [ -14.558644045999927, 64.45942218600004 ], [ -14.555833240999959, 64.465043642000069 ], [ -14.569301903999929, 64.469260376000079 ], [ -14.574963929999967, 64.477071249000062 ], [ -14.59832025999998, 64.473425062000047 ], [ -14.606811686999947, 64.468114557000035 ], [ -14.610160274999942, 64.460315059000038 ], [ -14.622367962999931, 64.459730608000029 ], [ -14.657797326999969, 64.465023940000037 ], [ -14.665775516999929, 64.468839025000079 ], [ -14.673012786999948, 64.477388726000072 ], [ -14.709735351999939, 64.478860455000074 ], [ -14.728177466999966, 64.483284346000062 ], [ -14.734131756999943, 64.487654090000035 ], [ -14.75484172299997, 64.491125958000055 ], [ -14.757090329999926, 64.49696072100005 ], [ -14.76446804099993, 64.50112875700006 ], [ -14.763974327999961, 64.510965431000045 ], [ -14.778044908999959, 64.518878182000037 ], [ -14.820864238999945, 64.521258775000035 ], [ -14.843436053999937, 64.515744310000059 ], [ -14.881997697999964, 64.519459952000034 ], [ -14.89545200799995, 64.515087340000036 ], [ -14.962008425999954, 64.514171626000063 ], [ -14.967278616999977, 64.51625533400005 ], [ -14.986253258999966, 64.538424798000051 ], [ -15.004197409999961, 64.549296403000028 ], [ -15.005490865999946, 64.554834898000081 ], [ -15.014573817999974, 64.563586691000069 ], [ -15.014573893999966, 64.571873778000054 ], [ -15.007026226999926, 64.577092245000074 ], [ -15.056050569999968, 64.616236962000073 ], [ -15.055739043999949, 64.62124817800003 ], [ -15.050679547999948, 64.627822914000035 ], [ -15.032241776999967, 64.640820806000079 ], [ -15.022657588999948, 64.659224508000079 ], [ -15.056031854999958, 64.659047716000032 ], [ -15.106154499999946, 64.669965236000053 ], [ -15.12311, 64.683007499000041 ], [ -15.096900725999944, 64.720192714000063 ], [ -15.051401516999931, 64.759074178000049 ], [ -15.037044078999941, 64.78127044200005 ], [ -14.994867213999953, 64.79802615400007 ], [ -14.956932719999941, 64.809206117000031 ], [ -14.957173712999975, 64.823975828000073 ], [ -14.945406546999948, 64.862272984000072 ], [ -14.945552961999965, 64.880169483000032 ], [ -14.971187018999956, 64.914192099000047 ], [ -14.968628501999945, 64.930798871000036 ], [ -14.888091183999961, 64.984047821000047 ], [ -14.86321664299993, 65.010337292000031 ], [ -14.850792982999963, 65.025559409000039 ], [ -14.844457834999957, 65.038380825000047 ], [ -14.843934936999972, 65.047579189000032 ], [ -14.835770932999935, 65.059159521000083 ], [ -14.835040533999972, 65.064765441000077 ], [ -14.839904019999949, 65.071828726000035 ], [ -14.760696908999932, 65.106423412000083 ], [ -14.70187070399993, 65.139707676000057 ], [ -14.729305830999976, 65.148711265000031 ], [ -14.738539768999942, 65.15573725400003 ], [ -14.757718508999972, 65.16030567200005 ], [ -14.790732591999927, 65.155634373000055 ], [ -14.814411935999942, 65.161754223000059 ], [ -14.822338825999964, 65.168325426000081 ], [ -14.996330210999929, 65.181094467000037 ], [ -15.019611291999979, 65.161567317000049 ], [ -15.122032469999965, 65.113526825000065 ], [ -15.139580742999954, 65.087577267000029 ], [ -15.16936643899993, 65.065544976000069 ], [ -15.314462986999956, 65.004359362000059 ], [ -15.429066703999979, 64.943220135000047 ], [ -15.509827639999969, 64.878488248000053 ], [ -15.512851139999952, 64.860645539000075 ], [ -15.52085842799994, 64.84875433600007 ], [ -15.50749215899998, 64.838260138000066 ], [ -15.526661735999937, 64.830760610000027 ], [ -15.559905623999953, 64.824346368000079 ], [ -15.567594824999958, 64.815386036000064 ], [ -15.55898896399998, 64.804017495000039 ], [ -15.560069613999929, 64.798402635000059 ], [ -15.613920512999982, 64.777538986000081 ], [ -15.621096238999939, 64.766209447000051 ], [ -15.61306721099993, 64.762648282000043 ], [ -15.613273958999969, 64.760038215000066 ], [ -15.644694145999949, 64.741713821000076 ], [ -15.65657602999994, 64.730915353000057 ], [ -15.671245861999978, 64.72598283800005 ], [ -15.652666158999978, 64.694283229000064 ], [ -15.65821073799998, 64.68017941100004 ], [ -15.661912035999933, 64.654360908000058 ], [ -16.121748499999967, 64.438817999000037 ], [ -16.797109499999976, 64.422234999000068 ], [ -16.666501408999977, 64.815905189000034 ], [ -16.669395663999978, 64.825740852000081 ], [ -16.659045866999975, 64.837676976000068 ], [ -16.64066833399994, 64.845851239000069 ], [ -16.632240457999956, 64.85560625100004 ], [ -16.622611000999939, 64.877922858000034 ], [ -16.623554623999951, 64.893966694000028 ], [ -16.60091506699996, 64.912227278000046 ], [ -16.575354747999938, 64.922299674000044 ], [ -16.504500471999961, 64.933457790000034 ], [ -16.431965529999957, 64.940002538000044 ], [ -16.415049558999954, 64.948598375000074 ], [ -16.409732600999973, 64.954905122000071 ], [ -16.39686388399997, 64.959258834000082 ], [ -16.37377386199995, 64.978891740000051 ], [ -16.366073476999929, 64.989628856000081 ], [ -16.337866102999953, 65.005922793000082 ], [ -16.291686054999957, 65.012256496000077 ], [ -16.254629117999968, 65.014129772000047 ], [ -16.240603212999929, 65.012047907000067 ], [ -16.23372913299994, 65.019188076000034 ], [ -16.216264506999948, 65.028862422000032 ], [ -16.206741761999979, 65.03913209600006 ], [ -16.195306437999932, 65.041485314000056 ], [ -16.200883421999947, 65.045370614000035 ], [ -16.191568612999959, 65.057674993000035 ], [ -16.212159680999946, 65.059823760000029 ], [ -16.219413669999938, 65.063778897000077 ], [ -16.222140126999932, 65.06870409000004 ], [ -16.201829950999979, 65.103236451000043 ], [ -16.201364133999959, 65.116231126000059 ], [ -16.205788084999938, 65.127118663000033 ], [ -16.203328184999975, 65.141146211000034 ], [ -16.193498628999976, 65.150361717000067 ], [ -16.213161534999927, 65.169627844000047 ], [ -16.214645702999974, 65.176682950000043 ], [ -16.204499020999947, 65.180894800000033 ], [ -16.200694595999948, 65.196147665000069 ], [ -16.186748467999962, 65.211263452000082 ], [ -16.174080131999972, 65.219951682000044 ], [ -16.151891835999947, 65.244644325000081 ], [ -16.128555090999953, 65.253230702000053 ], [ -16.110792572999969, 65.254854527000077 ], [ -16.094323039999949, 65.266183348000084 ], [ -16.052713178999966, 65.276632613000061 ], [ -16.045655954999972, 65.286237062000055 ], [ -16.044816262999973, 65.29479266900006 ], [ -16.037013986999966, 65.309635304000039 ], [ -16.013391008999974, 65.318471191000071 ], [ -16.00701111099994, 65.331411677000062 ], [ -16.009263174999944, 65.336794878000035 ], [ -16.023055093999972, 65.344530665000036 ], [ -16.023553909999976, 65.352442451000059 ], [ -16.029482607999967, 65.358813267000073 ], [ -16.080269410999961, 65.386459535000029 ], [ -16.136745134999956, 65.39927933000007 ], [ -16.15759100799994, 65.421429767000063 ], [ -16.163871283999981, 65.436026441000081 ], [ -16.163393414999973, 65.442131990000064 ], [ -16.157587219999982, 65.447578061000058 ], [ -16.141148173999966, 65.448518350000029 ], [ -16.138764256999934, 65.47144772300004 ], [ -16.121111499999927, 65.481600499000081 ] ] ], [ [ [ -14.157107423999946, 64.598734891000049 ], [ -14.152587088999951, 64.594262575000073 ], [ -14.153306817999976, 64.588757780000037 ], [ -14.166662124999959, 64.584537685000043 ], [ -14.182846414999972, 64.591468363000047 ], [ -14.185905917999946, 64.599407007000082 ], [ -14.164712721999933, 64.601061762000029 ], [ -14.164876616999948, 64.597797053000079 ], [ -14.157107423999946, 64.598734891000049 ] ] ], [ [ [ -14.292267624999965, 64.622134502000051 ], [ -14.299625867999964, 64.617797937000034 ], [ -14.305098399999963, 64.622328133000053 ], [ -14.301544037999975, 64.625168061000068 ], [ -14.292267624999965, 64.622134502000051 ] ] ], [ [ [ -14.320169559999954, 64.623161303000074 ], [ -14.328075608999939, 64.617737532000035 ], [ -14.332274706999954, 64.617764783000041 ], [ -14.328779057999952, 64.620757102000027 ], [ -14.320169559999954, 64.623161303000074 ] ] ], [ [ [ -14.323117572999934, 64.614680355000075 ], [ -14.322081321999974, 64.614084901000069 ], [ -14.323548122999966, 64.612986702000057 ], [ -14.33124599599995, 64.610745683000061 ], [ -14.334276411999952, 64.611246667000046 ], [ -14.325875791999977, 64.614751838000075 ], [ -14.323117572999934, 64.614680355000075 ] ] ], [ [ [ -14.326087203999975, 64.629329160000054 ], [ -14.329853721999939, 64.624730616000079 ], [ -14.336846613999967, 64.621394463000058 ], [ -14.334011388999954, 64.626373139000066 ], [ -14.326087203999975, 64.629329160000054 ] ] ], [ [ [ -14.534695931999977, 64.569414461000065 ], [ -14.51845048399997, 64.560474805000069 ], [ -14.530017510999926, 64.555820276000077 ], [ -14.531328746999975, 64.562266689000069 ], [ -14.54628400799993, 64.567047806000062 ], [ -14.534695931999977, 64.569414461000065 ] ] ], [ [ [ -14.552405822999958, 64.572871673000066 ], [ -14.552427269999953, 64.568958394000049 ], [ -14.55683832099993, 64.565368299000056 ], [ -14.574695814999927, 64.564994527000067 ], [ -14.552405822999958, 64.572871673000066 ] ] ] ] } },
{ "type": "Feature", "properties": { "GISCO_ID": "IS_7502", "CNTR_CODE": "IS", "LAU_ID": "7502", "LAU_NAME": "Vopnafjarðarhreppur", "cell_coverage": [ [ 0, 0, 0, 0, 0, 0, 0, 0, 0, 0, 0, 0, 0, 0, 0, 0, 0, 0, 0, 0, 0, 0, 0, 0, 0, 0.1216, 0.1987, 0.0776, 0, 0, 0, 0, 0, 0, 0 ], [ 0, 0, 0, 0, 0, 0, 0, 0, 0, 0, 0, 0, 0, 0, 0, 0, 0, 0, 0, 0, 0, 0, 0, 0.3613, 0.7982, 0.9995, 1, 0.2749, 0, 0, 0, 0, 0, 0, 0 ], [ 0, 0, 0, 0, 0, 0, 0, 0, 0, 0, 0, 0.0661, 0.1413, 0.2073, 0.2733, 0.3392, 0.4052, 0.4714, 0.541, 0.6118, 0.6825, 0.7533, 0.8241, 0.9799, 1, 0.9599, 0.4133, 7.0305e-07, 0, 0, 0, 0, 0, 0, 0 ], [ 0, 0, 0, 0, 0, 0, 0, 0, 0, 0, 0.438, 0.9999, 1, 1, 1, 1, 1, 1, 1, 1, 1, 1, 0.9976, 0.8511, 0.4785, 0.0253, 0, 0, 0, 0, 0, 0, 0, 0, 0 ], [ 0, 0, 0, 0, 0, 0, 0, 0.0333, 0.4474, 0.7898, 0.979, 1, 1, 1, 1, 1, 1, 1, 1, 1, 1, 1, 0.5641, 0, 0, 0, 0, 0, 0, 0, 0, 0, 0, 0, 0 ], [ 0, 0, 0.1867, 0.3315, 0.4391, 0.5215, 0.6353, 0.7376, 1, 1, 1, 1, 1, 1, 1, 1, 1, 1, 1, 1, 0.8756, 0.7101, 0.5319, 0.1153, 0, 0.0129, 0.0552, 0.1536, 0.1662, 0.2849, 0.5155, 0.7315, 0.601, 0.4482, 0.0344 ], [ 0, 0.2889, 0.992, 1, 1, 1, 1, 1, 1, 1, 1, 1, 1, 1, 1, 1, 1, 1, 1, 1, 0.9955, 0.821, 0.3069, 0.533, 0.7273, 0.9744, 0.9981, 1, 1, 1, 0.7119, 0.1835, 0, 0, 0 ], [ 0, 0.6174, 1, 1, 1, 1, 1, 1, 1, 1, 1, 1, 1, 1, 1, 1, 1, 1, 1, 1, 1, 1, 1, 1, 1, 1, 1, 1, 1, 0.7644, 0.0822, 0, 0, 0, 0 ], [ 0, 0.207, 0.9558, 1, 1, 1, 1, 1, 1, 1, 1, 1, 1, 1, 1, 1, 1, 1, 1, 1, 1, 1, 1, 0.9911, 0.9842, 1, 0.9987, 0.6549, 0.4398, 0.0333, 0, 0, 0, 0, 0 ], [ 0, 0.0996, 0.919, 1, 1, 1, 1, 1, 1, 1, 1, 1, 1, 1, 1, 1, 1, 1, 1, 1, 1, 1, 1, 0.624, 0.0025, 0.0483, 0.0761, 0, 0, 0, 0, 0, 0, 0, 0 ], [ 0.0446, 0.6935, 0.7714, 0.9324, 1, 1, 1, 1, 1, 1, 1, 1, 1, 1, 1, 1, 1, 1, 1, 1, 1, 1, 0.8586, 0.1064, 0, 0, 0, 0, 0, 0, 0, 0, 0, 0, 0 ], [ 0, 0, 0, 0.0145, 0.2361, 0.5967, 1, 1, 1, 1, 1, 1, 1, 1, 1, 1, 1, 1, 1, 1, 0.8942, 0.2434, 0.0846, 0, 0, 0, 0, 0, 0, 0, 0, 0, 0, 0, 0 ], [ 0, 0, 0, 0, 0, 0.4542, 0.9651, 0.8702, 0.703, 0.5359, 0.4356, 0.5483, 0.6768, 0.9442, 1, 1, 1, 0.909, 0.6942, 0.4788, 0.1288, 0, 0, 0, 0, 0, 0, 0, 0, 0, 0, 0, 0, 0, 0 ], [ 0, 0, 0, 0, 0, 0, 0.0082, 0, 0, 0, 0, 0, 0, 0.1129, 0.3725, 0.3397, 0.1251, 0.0007, 0, 0, 0, 0, 0, 0, 0, 0, 0, 0, 0, 0, 0, 0, 0, 0, 0 ] ], "xmin": -15.75, "xmax": -14.291666666666666, "ymin": 65.416666666666657, "ymax": 65.999999999999986 }, "geometry": { "type": "MultiPolygon", "coordinates": [ [ [ [ -14.308459797999944, 65.78871046900008 ], [ -14.304746928999975, 65.786497891000067 ], [ -14.305865271999949, 65.783470387000079 ], [ -14.314263159999939, 65.783156397000027 ], [ -14.308459797999944, 65.78871046900008 ] ] ], [ [ [ -14.606172499999957, 65.966843499000049 ], [ -14.606849039999929, 65.952223500000059 ], [ -14.619426550999947, 65.922882680000043 ], [ -14.633192776999977, 65.907399921000035 ], [ -14.650294359999975, 65.899232144000052 ], [ -14.658247425999946, 65.887805718000038 ], [ -14.669636527999955, 65.880111839000051 ], [ -14.71587844499993, 65.868352922000042 ], [ -14.727704432999928, 65.862693605000061 ], [ -14.732825452999975, 65.852872712000078 ], [ -14.730651992999981, 65.849154528000042 ], [ -14.722870909999926, 65.846761890000039 ], [ -14.724342118999971, 65.84506232800004 ], [ -14.791567436999969, 65.837073966000048 ], [ -14.803420391999964, 65.818730949000042 ], [ -14.821379556999943, 65.808550498000045 ], [ -14.821286803999953, 65.80372651700003 ], [ -14.815015831999972, 65.795087092000074 ], [ -14.797901155999966, 65.783743977000029 ], [ -14.766461443999958, 65.789147324000055 ], [ -14.790667970999948, 65.769708217000073 ], [ -14.807772718999956, 65.765011859000083 ], [ -14.812226186999965, 65.759178688000077 ], [ -14.818609526999978, 65.759227765000048 ], [ -14.853841863999946, 65.736778849000075 ], [ -14.854212594999979, 65.73332399700007 ], [ -14.832020442999976, 65.722604677000049 ], [ -14.803618908999965, 65.719089893000046 ], [ -14.774048122999943, 65.731360529000028 ], [ -14.740905600999952, 65.734828561000029 ], [ -14.682947476999971, 65.752632676000076 ], [ -14.674062419999927, 65.749882530000036 ], [ -14.649238593999939, 65.749776085000065 ], [ -14.632032224999932, 65.756244682000045 ], [ -14.554377231999979, 65.756680940000081 ], [ -14.504022224999972, 65.764477875000068 ], [ -14.500206666999929, 65.765011859000083 ], [ -14.467762820999951, 65.775197288000072 ], [ -14.414702659999932, 65.785036646000037 ], [ -14.39767253499997, 65.782988481000075 ], [ -14.331964934999974, 65.788352951000036 ], [ -14.329912069999978, 65.77784213800004 ], [ -14.343910499999936, 65.765112999000053 ], [ -14.360713, 65.769240999000033 ], [ -14.375195160999965, 65.765011859000083 ], [ -14.425181472999952, 65.750346147000073 ], [ -14.457958547999965, 65.730659054000057 ], [ -14.479352232999929, 65.726440155000034 ], [ -14.494731774999934, 65.693312619000039 ], [ -14.504022224999972, 65.685861867000028 ], [ -14.518813122999973, 65.675741648000042 ], [ -14.537393209999948, 65.670222442000068 ], [ -14.535639913999944, 65.659414364000042 ], [ -14.547097221999934, 65.647812774000045 ], [ -14.58701168999994, 65.648249737000071 ], [ -14.619856846999937, 65.631664987000079 ], [ -14.629653615999928, 65.622851677000028 ], [ -14.649837878999961, 65.620668256000044 ], [ -14.756835759999944, 65.627258544000028 ], [ -14.765424437999968, 65.611685907000037 ], [ -14.764316289999954, 65.593533510000043 ], [ -14.776207414999931, 65.586575664000065 ], [ -14.776806439999973, 65.579464840000071 ], [ -14.784128036999959, 65.573157391000052 ], [ -14.786663016999967, 65.565531857000053 ], [ -14.805567725999936, 65.553286239000045 ], [ -14.81132899499994, 65.535077374000082 ], [ -14.843557526999973, 65.535750067000038 ], [ -14.849706701999935, 65.530493493000051 ], [ -14.85681328499993, 65.531691149000039 ], [ -14.864783691999946, 65.52788703300007 ], [ -14.874758481999947, 65.52829401300005 ], [ -14.879661819999967, 65.523059740000065 ], [ -14.881455286999937, 65.507407330000035 ], [ -14.910855837999975, 65.485787432000052 ], [ -15.122155401999976, 65.440272825000079 ], [ -15.160239769999976, 65.444231820000027 ], [ -15.179879803999938, 65.449349383000083 ], [ -15.206282605999945, 65.468856697000035 ], [ -15.319701230999954, 65.483434206000084 ], [ -15.482028195999931, 65.456297256000028 ], [ -15.489663415999928, 65.465053004000083 ], [ -15.496751892999953, 65.459257967000042 ], [ -15.510767685999951, 65.458406803000059 ], [ -15.521502336999959, 65.461487715000032 ], [ -15.52342729399993, 65.474820841000053 ], [ -15.505626278999955, 65.513198109000029 ], [ -15.507176964999928, 65.51583150600004 ], [ -15.628482175999977, 65.550911322000047 ], [ -15.65178266199996, 65.551947012000028 ], [ -15.685994772999948, 65.547605777000058 ], [ -15.720619499999941, 65.550204999000073 ], [ -15.660091964999935, 65.607707991000041 ], [ -15.659126733999926, 65.630251172000044 ], [ -15.666225794999946, 65.639693761000046 ], [ -15.674686202999965, 65.644615557000066 ], [ -15.689883620999979, 65.667166216000055 ], [ -15.689510348999931, 65.676394783000035 ], [ -15.693385542999977, 65.682914137000068 ], [ -15.691194573999951, 65.689290941000081 ], [ -15.69579592499997, 65.696312036000052 ], [ -15.692533375999972, 65.711291002000053 ], [ -15.655669499999931, 65.758016999000063 ], [ -15.579599, 65.766575499000055 ], [ -15.569735499999979, 65.767770999000049 ], [ -15.561951, 65.768625999000051 ], [ -15.533937, 65.770312999000055 ], [ -15.499866499999939, 65.773914999000056 ], [ -15.489663415999928, 65.774861114000032 ], [ -15.453278674999979, 65.78020103800003 ], [ -15.440166030999933, 65.777235884000049 ], [ -15.428809473999934, 65.778197439000053 ], [ -15.420843864999938, 65.78750498200003 ], [ -15.424264857999958, 65.798743198000068 ], [ -15.378474235999931, 65.817266933000042 ], [ -15.373475096999982, 65.821534889000077 ], [ -15.354331110999965, 65.825809173000039 ], [ -15.33778922099998, 65.825194657000054 ], [ -15.321956495999927, 65.832913072000053 ], [ -15.310552791999953, 65.849897377000048 ], [ -15.298677985999973, 65.859973382000078 ], [ -15.314636718999964, 65.867575032000047 ], [ -15.313269765999962, 65.870530432000066 ], [ -15.275683651999941, 65.877820335000081 ], [ -15.013354161999928, 65.895124705000057 ], [ -14.78761190299997, 65.911096430000043 ], [ -14.770997741999963, 65.93292776100003 ], [ -14.768033953999975, 65.94194107800007 ], [ -14.744393530999957, 65.943287438000084 ], [ -14.720350812999982, 65.953894122000065 ], [ -14.680918607999956, 65.966139883000039 ], [ -14.633096827999964, 65.966987966000033 ], [ -14.619620969999971, 65.964662587000078 ], [ -14.606172499999957, 65.966843499000049 ] ], [ [ -14.870409145999929, 65.764635191000082 ], [ -14.889720513999976, 65.760112243000037 ], [ -14.898878715999956, 65.752753878000078 ], [ -14.879978408999932, 65.748525080000036 ], [ -14.835199995999972, 65.765274752000039 ], [ -14.806786537999926, 65.783738625000069 ], [ -14.82304161899998, 65.789743337000061 ], [ -14.832936040999982, 65.775300580000078 ], [ -14.852323877999936, 65.772008754000069 ], [ -14.870409145999929, 65.764635191000082 ] ] ] ] } },
{ "type": "Feature", "properties": { "GISCO_ID": "IS_7505", "CNTR_CODE": "IS", "LAU_ID": "7505", "LAU_NAME": "Fljótsdalshreppur", "cell_coverage": [ [ 0, 0, 0, 0, 0, 0, 0, 0, 0, 0, 0, 0, 0, 0, 0, 0, 0, 0, 0, 0, 0, 0, 0, 0, 0, 0, 0.0442, 0.3125, 0.2426, 0.1693, 0.0959, 0.014, 0, 0, 0 ], [ 0, 0, 0, 0, 0, 0, 0, 0, 0, 0, 0, 0, 0, 0, 0, 0, 0, 0, 0, 0, 0, 0, 0, 0, 0.0274, 0.3948, 0.8606, 1, 1, 1, 1, 0.8887, 0.7964, 0.5394, 0.0108 ], [ 0, 0, 0, 0, 0, 0, 0, 0, 0, 0, 0, 0, 0, 0, 0, 0, 0, 0, 0, 0, 0, 0, 0, 0.1332, 0.8958, 1, 1, 1, 1, 1, 1, 0.9397, 0.5478, 0.0798, 0 ], [ 0, 0, 0, 0, 0, 0, 0, 0, 0, 0, 0, 0, 0, 0, 0, 0, 0, 0, 0, 0, 0, 0.0379, 0.3902, 0.9029, 1, 1, 1, 1, 1, 1, 0.8909, 0.0492, 0, 0, 0 ], [ 0, 0, 0, 0, 0, 0, 0, 0, 0, 0, 0, 0, 0, 0, 0, 0, 0, 0, 0, 0.1306, 0.5462, 0.93, 1, 1, 1, 1, 1, 1, 1, 1, 0.459, 0, 0, 0, 0 ], [ 0, 0, 0, 0, 0, 0, 0, 0, 0, 0, 0, 0, 0, 0, 0, 0, 0, 0.1018, 0.5963, 0.9824, 1, 1, 1, 1, 1, 1, 1, 1, 0.9797, 0.4862, 0.0012, 0, 0, 0, 0 ], [ 0, 0, 0, 0, 0, 0, 0, 0, 0, 0, 0, 0, 0, 0, 0, 0.0034, 0.4632, 0.961, 1, 1, 1, 1, 1, 1, 1, 1, 1, 0.8872, 0.1871, 0, 0, 0, 0, 0, 0 ], [ 0, 0, 0, 0, 0, 0, 0, 0, 0, 0, 0, 0, 0, 0, 0.0426, 0.6701, 1, 1, 1, 1, 1, 1, 1, 1, 1, 1, 1, 0.9188, 0.1006, 0, 0, 0, 0, 0, 0 ], [ 0, 0, 0, 0, 0, 0, 0, 0, 0, 0, 0, 0, 0, 0, 0.3365, 1, 1, 1, 1, 1, 1, 1, 1, 1, 1, 1, 1, 1, 0.2357, 0, 0, 0, 0, 0, 0 ], [ 0, 0, 0, 0, 0, 0, 0, 0, 0, 0, 0, 0, 0, 0.437, 0.9604, 1, 1, 1, 1, 1, 1, 1, 1, 1, 1, 1, 0.9865, 0.7371, 0.0251, 0, 0, 0, 0, 0, 0 ], [ 0, 0, 0, 0, 0, 0, 0, 0, 0, 0, 0, 0.0051, 0.6593, 0.9961, 1, 1, 1, 1, 1, 1, 1, 1, 1, 1, 1, 0.8792, 0.1155, 0, 0, 0, 0, 0, 0, 0, 0 ], [ 0, 0, 0, 0, 0, 0, 0, 0, 0, 0, 0.0123, 0.7353, 1, 1, 1, 1, 1, 1, 1, 1, 1, 1, 1, 1, 0.8335, 0.1118, 0, 0, 0, 0, 0, 0, 0, 0, 0 ], [ 0, 0, 0, 0, 0, 0, 0, 0, 0, 0, 0, 0.7705, 1, 1, 1, 1, 1, 1, 0.9451, 0.8011, 0.6069, 0.3391, 0.4336, 0.5521, 0.1577, 0, 0, 0, 0, 0, 0, 0, 0, 0, 0 ], [ 0, 0, 0, 0, 0, 0, 0, 0, 0, 0.0355, 0.4168, 0.957, 1, 1, 1, 1, 1, 0.9379, 0.1779, 0, 0, 0, 0, 0, 0, 0, 0, 0, 0, 0, 0, 0, 0, 0, 0 ], [ 0, 0, 0, 0, 0, 0, 0, 0.064, 0.4793, 0.9126, 1, 1, 1, 1, 1, 0.8805, 0.6301, 0.1935, 0, 0, 0, 0, 0, 0, 0, 0, 0, 0, 0, 0, 0, 0, 0, 0, 0 ], [ 0, 0, 0, 0, 0, 0.1009, 0.5419, 0.9466, 1, 1, 0.9898, 0.815, 0.5827, 0.3504, 0.1181, 8.1144e-06, 0, 0, 0, 0, 0, 0, 0, 0, 0, 0, 0, 0, 0, 0, 0, 0, 0, 0, 0 ], [ 0, 0, 0, 0.146, 0.6044, 0.9723, 0.958, 0.7442, 0.5119, 0.2796, 0.0575, 0, 0, 0, 0, 0, 0, 0, 0, 0, 0, 0, 0, 0, 0, 0, 0, 0, 0, 0, 0, 0, 0, 0, 0 ], [ 0, 0.1996, 0.5716, 0.663, 0.4411, 0.2088, 0.0185, 0, 0, 0, 0, 0, 0, 0, 0, 0, 0, 0, 0, 0, 0, 0, 0, 0, 0, 0, 0, 0, 0, 0, 0, 0, 0, 0, 0 ], [ 0.1005, 0.1366, 0.001, 0, 0, 0, 0, 0, 0, 0, 0, 0, 0, 0, 0, 0, 0, 0, 0, 0, 0, 0, 0, 0, 0, 0, 0, 0, 0, 0, 0, 0, 0, 0, 0 ] ], "xmin": -16.125, "xmax": -14.666666666666666, "ymin": 64.416666666666643, "ymax": 65.208333333333314 }, "geometry": { "type": "MultiPolygon", "coordinates": [ [ [ [ -15.12311, 64.683007499000041 ], [ -15.191474762999974, 64.689992501000063 ], [ -15.222763269999973, 64.699414627000067 ], [ -15.254110353999977, 64.683710882000071 ], [ -15.292136908999964, 64.681983882000054 ], [ -15.30429871399997, 64.674977513000044 ], [ -15.326273107999953, 64.67228472100004 ], [ -15.343492947999948, 64.673460211000076 ], [ -15.348446448999937, 64.669965236000053 ], [ -15.394526893999966, 64.618795717000069 ], [ -15.412967285999969, 64.604904800000043 ], [ -15.489663415999928, 64.58565365700008 ], [ -16.121748499999967, 64.438817999000037 ], [ -15.661912035999933, 64.654360908000058 ], [ -15.65821073799998, 64.68017941100004 ], [ -15.652666158999978, 64.694283229000064 ], [ -15.671245861999978, 64.72598283800005 ], [ -15.65657602999994, 64.730915353000057 ], [ -15.644694145999949, 64.741713821000076 ], [ -15.613273958999969, 64.760038215000066 ], [ -15.61306721099993, 64.762648282000043 ], [ -15.621096238999939, 64.766209447000051 ], [ -15.613920512999982, 64.777538986000081 ], [ -15.560069613999929, 64.798402635000059 ], [ -15.55898896399998, 64.804017495000039 ], [ -15.567594824999958, 64.815386036000064 ], [ -15.559905623999953, 64.824346368000079 ], [ -15.526661735999937, 64.830760610000027 ], [ -15.50749215899998, 64.838260138000066 ], [ -15.52085842799994, 64.84875433600007 ], [ -15.512851139999952, 64.860645539000075 ], [ -15.509827639999969, 64.878488248000053 ], [ -15.429066703999979, 64.943220135000047 ], [ -15.314462986999956, 65.004359362000059 ], [ -15.16936643899993, 65.065544976000069 ], [ -15.139580742999954, 65.087577267000029 ], [ -15.122032469999965, 65.113526825000065 ], [ -15.019611291999979, 65.161567317000049 ], [ -14.996330210999929, 65.181094467000037 ], [ -14.822338825999964, 65.168325426000081 ], [ -14.814411935999942, 65.161754223000059 ], [ -14.790732591999927, 65.155634373000055 ], [ -14.757718508999972, 65.16030567200005 ], [ -14.738539768999942, 65.15573725400003 ], [ -14.729305830999976, 65.148711265000031 ], [ -14.70187070399993, 65.139707676000057 ], [ -14.760696908999932, 65.106423412000083 ], [ -14.839904019999949, 65.071828726000035 ], [ -14.835040533999972, 65.064765441000077 ], [ -14.835770932999935, 65.059159521000083 ], [ -14.843934936999972, 65.047579189000032 ], [ -14.844457834999957, 65.038380825000047 ], [ -14.850792982999963, 65.025559409000039 ], [ -14.86321664299993, 65.010337292000031 ], [ -14.888091183999961, 64.984047821000047 ], [ -14.968628501999945, 64.930798871000036 ], [ -14.971187018999956, 64.914192099000047 ], [ -14.945552961999965, 64.880169483000032 ], [ -14.945406546999948, 64.862272984000072 ], [ -14.957173712999975, 64.823975828000073 ], [ -14.956932719999941, 64.809206117000031 ], [ -14.994867213999953, 64.79802615400007 ], [ -15.037044078999941, 64.78127044200005 ], [ -15.051401516999931, 64.759074178000049 ], [ -15.096900725999944, 64.720192714000063 ], [ -15.12311, 64.683007499000041 ] ] ] ] } },
{ "type": "Feature", "properties": { "GISCO_ID": "IS_8000", "CNTR_CODE": "IS", "LAU_ID": "8000", "LAU_NAME": "Vestmannaeyjabær", "cell_coverage": [ [ 0, 0, 0, 0, 0, 0, 0, 0, 0, 0.0116, 0.0464 ], [ 0, 0, 0, 0, 0, 0, 0, 0.2016, 0.804, 0.2072, 0.0298 ], [ 0, 0, 0, 0, 0, 0, 0.0348, 0.0175, 0.1711, 0, 0 ], [ 0, 0, 0, 0, 0, 0, 0.0116, 0, 0, 0, 0 ], [ 0.1447, 0, 0, 0, 0, 0, 0, 0, 0, 0, 0 ] ], "xmin": -20.625, "xmax": -20.166666666666668, "ymin": 63.29166666666665, "ymax": 63.5 }, "geometry": { "type": "MultiPolygon", "coordinates": [ [ [ [ -20.170938884999941, 63.470323525000083 ], [ -20.168342584999948, 63.466172226000083 ], [ -20.172453805999965, 63.461703302000046 ], [ -20.182421549999958, 63.46393342600004 ], [ -20.180554626999935, 63.468741394000062 ], [ -20.170938884999941, 63.470323525000083 ] ] ], [ [ [ -20.18515588799994, 63.451976322000064 ], [ -20.183886210999958, 63.448650107000049 ], [ -20.188871527999936, 63.445052521000036 ], [ -20.195489988999952, 63.446943389000069 ], [ -20.193447129999981, 63.450799179000057 ], [ -20.18515588799994, 63.451976322000064 ] ] ], [ [ [ -20.246743870999978, 63.456854256000042 ], [ -20.246031921999929, 63.452004974000033 ], [ -20.254628086999958, 63.450526454000055 ], [ -20.257001763999938, 63.447138732000042 ], [ -20.233587682999939, 63.442965496000056 ], [ -20.228635655999938, 63.439448412000047 ], [ -20.229313800999932, 63.434234986000035 ], [ -20.240036965999934, 63.425965724000037 ], [ -20.267251303999956, 63.417709749000039 ], [ -20.267909262999979, 63.408298648000027 ], [ -20.279314874999955, 63.400126076000049 ], [ -20.291904915999964, 63.39952726100006 ], [ -20.283920198999965, 63.40785352100005 ], [ -20.297343979999937, 63.418645648000052 ], [ -20.304592055999933, 63.436174767000068 ], [ -20.312028359999942, 63.444525929000065 ], [ -20.246743870999978, 63.456854256000042 ] ] ], [ [ [ -20.235667925999962, 63.46326384300005 ], [ -20.237177599999939, 63.458086237000032 ], [ -20.24222886299998, 63.460411548000081 ], [ -20.240940330999933, 63.462600242000065 ], [ -20.235667925999962, 63.46326384300005 ] ] ], [ [ [ -20.31795879799995, 63.391791698000077 ], [ -20.316235483999947, 63.389802734000057 ], [ -20.318282179999983, 63.387344569000049 ], [ -20.324499671999945, 63.387291342000083 ], [ -20.323049629999957, 63.390816398000084 ], [ -20.31795879799995, 63.391791698000077 ] ] ], [ [ [ -20.361327503999973, 63.363646766000045 ], [ -20.360397556999942, 63.360793492000028 ], [ -20.367772353999953, 63.357291006000082 ], [ -20.366531177999946, 63.361005242000033 ], [ -20.361327503999973, 63.363646766000045 ] ] ], [ [ [ -20.365959221999958, 63.392712436000068 ], [ -20.362546127999963, 63.390859276000072 ], [ -20.362022042999968, 63.388439732000052 ], [ -20.371216753999931, 63.390020732000039 ], [ -20.365959221999958, 63.392712436000068 ] ] ], [ [ [ -20.368190049999953, 63.401363312000058 ], [ -20.362174663999951, 63.396848423000051 ], [ -20.366273299999932, 63.395289606000063 ], [ -20.373825029999978, 63.397167360000083 ], [ -20.372843207999949, 63.399741723000034 ], [ -20.368190049999953, 63.401363312000058 ] ] ], [ [ [ -20.595894008999949, 63.311725204000084 ], [ -20.591438081999968, 63.301731227000062 ], [ -20.597471234999944, 63.296641015000034 ], [ -20.608633057999953, 63.296847619000062 ], [ -20.616855217999955, 63.30297891400005 ], [ -20.614227146999951, 63.306471581000039 ], [ -20.595894008999949, 63.311725204000084 ] ] ] ] } },
{ "type": "Feature", "properties": { "GISCO_ID": "IS_8200", "CNTR_CODE": "IS", "LAU_ID": "8200", "LAU_NAME": "Sveitarfélagið Árborg", "cell_coverage": [ [ 0, 0, 0, 0, 0, 0, 0.1316, 0.0029, 0 ], [ 0, 0.2897, 0.4489, 0.3925, 0.4477, 0.4996, 0.8136, 0.6862, 0.0631 ], [ 0.0094, 0.6843, 0.9887, 1, 1, 1, 1, 1, 0.7611 ], [ 0, 0, 0.0732, 0.3504, 0.6709, 0.9413, 1, 1, 0.6208 ], [ 0, 0, 0, 0, 0, 0.0082, 0.0939, 0.2362, 0.1939 ] ], "xmin": -21.291666666666668, "xmax": -20.916666666666668, "ymin": 63.79166666666665, "ymax": 63.999999999999986 }, "geometry": { "type": "MultiPolygon", "coordinates": [ [ [ [ -21.210137499999973, 63.878857999000047 ], [ -21.240508505999969, 63.893059740000069 ], [ -21.249665634999928, 63.900590607000083 ], [ -21.252308106999976, 63.913525186000072 ], [ -21.243904590999932, 63.924030400000049 ], [ -21.222864051999977, 63.93233517300007 ], [ -21.184178258999964, 63.936483420000059 ], [ -21.13596214599994, 63.931744844000036 ], [ -21.091360069999951, 63.936860683000077 ], [ -21.032173451999938, 63.938134536000064 ], [ -21.023019372999954, 63.947060495000073 ], [ -21.028543735999961, 63.97389449700006 ], [ -20.983393499999977, 63.952740999000071 ], [ -20.983473138999955, 63.946822440000062 ], [ -20.92065509899993, 63.902532130000054 ], [ -20.930835713999954, 63.897279550000064 ], [ -20.920215888999962, 63.880315581000048 ], [ -20.920162387999937, 63.874970720000078 ], [ -20.927085155999976, 63.869704248000062 ], [ -20.928809291999983, 63.85980453500008 ], [ -20.937542067999971, 63.856217934000028 ], [ -20.940852680999967, 63.847323001000063 ], [ -20.938672649999944, 63.841613507000034 ], [ -20.926145711999936, 63.835129582000036 ], [ -20.924320549999948, 63.83047468400008 ], [ -20.947715, 63.819085499000039 ], [ -20.965531754999972, 63.823241685000028 ], [ -20.977380903999972, 63.821714148000069 ], [ -21.001620634999938, 63.827411864000055 ], [ -21.059310732999961, 63.833452998000041 ], [ -21.098333342999979, 63.846836115000031 ], [ -21.114288049999971, 63.847926397000037 ], [ -21.13403397899998, 63.857227732000069 ], [ -21.210137499999973, 63.878857999000047 ] ] ] ] } },
{ "type": "Feature", "properties": { "GISCO_ID": "IS_8401", "CNTR_CODE": "IS", "LAU_ID": "8401", "LAU_NAME": "Sveitarfélagið Hornafjörður", "cell_coverage": [ [ 0, 0, 0, 0, 0, 0, 0, 0, 0, 0, 0, 0, 0, 0, 0, 0, 0, 0, 0, 0, 0, 0, 0, 0, 0, 0, 0, 0, 0, 0, 0, 0, 0, 0, 0, 0, 0, 0, 0, 0, 0, 0, 0, 0, 0, 0, 0, 0, 0, 0.0549, 0.1989, 0.3931, 0.6609, 0.5664, 0.4479, 0.1282, 0, 0, 0, 0, 0, 0, 0, 0, 0, 0, 0, 0, 0, 0 ], [ 0, 0, 0, 0, 0, 0, 0, 0, 0, 0, 0, 0, 0, 0, 0, 0, 0, 0, 0, 0, 0, 0, 0, 0, 0, 0, 0, 0, 0, 0, 0, 0, 0, 0, 0, 0, 0, 0, 0, 0, 0, 0, 0, 0, 0, 0, 0, 0, 0.0621, 0.8221, 1, 1, 1, 1, 1, 0.9963, 0.8313, 0.1682, 0, 0, 0, 0, 0, 0, 0, 0, 0, 0, 0, 0 ], [ 0, 0, 0, 0, 0, 0, 0, 0, 0, 0, 0, 0, 0, 0, 0, 0, 0, 0, 0, 0, 0, 0, 0, 0, 0, 0, 0, 0, 0, 0, 0, 0, 0, 0, 0, 0, 0, 0, 0, 0, 0, 0, 0, 0, 0, 0, 0.1195, 0.3699, 0.8065, 1, 1, 1, 1, 1, 1, 1, 0.8841, 0.1655, 0, 0, 0, 0, 0, 0, 0, 0, 0, 0, 0, 0 ], [ 0, 0, 0, 0, 0, 0, 0, 0, 0, 0, 0, 0, 0, 0, 0, 0, 0, 0, 0, 0, 0, 0, 0, 0, 0, 0, 0, 0, 0, 0, 0, 0, 0, 0, 0, 0, 0, 0, 0, 0, 0, 0.0102, 0.185, 0.4173, 0.6496, 0.8819, 1, 1, 1, 1, 1, 1, 1, 1, 1, 1, 1, 0.7896, 0.0123, 0, 0, 0, 0, 0, 0, 0, 0, 0, 0, 0 ], [ 0, 0, 0, 0, 0, 0, 0, 0, 0, 0, 0, 0, 0, 0, 0, 0, 0, 0, 0, 0, 0, 0, 0, 0, 0, 0, 0, 0, 0, 0, 0, 0, 0, 0, 0, 0, 0, 0.042, 0.2558, 0.4881, 0.7204, 0.9425, 1, 1, 1, 1, 1, 1, 1, 1, 1, 1, 1, 1, 1, 1, 1, 1, 0.7, 0.3482, 0.3935, 0.4127, 0.4856, 0.271, 0, 0, 0, 0, 0, 0 ], [ 0, 0, 0, 0, 0, 0, 0, 0, 0, 0, 0, 0, 0, 0, 0, 0, 0, 0, 0, 0, 0, 0, 0, 0, 0, 0, 0, 0, 0, 0, 0, 0, 0, 0.0953, 0.3266, 0.5589, 0.7912, 0.9815, 1, 1, 1, 1, 1, 1, 1, 1, 1, 1, 1, 1, 1, 1, 1, 1, 1, 1, 1, 1, 1, 1, 1, 1, 1, 0.9617, 0.6313, 0.458, 0.1253, 0.2268, 0.1979, 0 ], [ 0, 0, 0, 0, 0, 0, 0, 0, 0, 0.0001, 0.0156, 0.0426, 0.0696, 0.0967, 0.1236, 0.1491, 0.1737, 0.1982, 0.2228, 0.2473, 0.2719, 0.2965, 0.321, 0.3456, 0.3701, 0.3947, 0.4192, 0.4438, 0.4683, 0.4929, 0.5174, 0.6303, 0.862, 0.999, 1, 1, 1, 1, 1, 1, 1, 1, 1, 1, 1, 1, 1, 1, 1, 1, 1, 1, 1, 1, 1, 1, 1, 1, 1, 1, 1, 1, 1, 1, 1, 0.8458, 0.8139, 0.9757, 0.9691, 0.488 ], [ 0, 0, 0, 0.5908, 0.8536, 0.8806, 0.9076, 0.9346, 0.9616, 0.9885, 1, 1, 1, 1, 1, 1, 1, 1, 1, 1, 1, 1, 1, 1, 1, 1, 1, 1, 1, 1, 1, 1, 1, 1, 1, 1, 1, 1, 1, 1, 1, 1, 1, 1, 1, 1, 1, 1, 1, 1, 1, 1, 1, 1, 1, 1, 1, 1, 1, 1, 1, 1, 1, 0.9167, 0.4888, 0.0841, 0.1278, 0.2817, 0.3164, 0.0375 ], [ 0, 0, 0, 0.8536, 1, 1, 1, 1, 1, 1, 1, 1, 1, 1, 1, 1, 1, 1, 1, 1, 1, 1, 1, 1, 1, 1, 1, 1, 1, 1, 1, 1, 1, 1, 1, 1, 1, 1, 1, 1, 1, 1, 1, 1, 1, 1, 1, 1, 1, 1, 1, 1, 1, 1, 1, 1, 1, 1, 1, 1, 0.994, 0.6984, 0.3496, 0.0581, 0.0079, 0, 0, 0, 0, 0 ], [ 0, 0, 0.0247, 0.985, 1, 1, 1, 1, 1, 1, 1, 1, 1, 1, 1, 1, 1, 1, 1, 1, 1, 1, 1, 1, 1, 1, 1, 1, 1, 1, 1, 1, 1, 1, 1, 1, 1, 1, 1, 1, 1, 1, 1, 1, 1, 1, 1, 1, 1, 1, 1, 1, 1, 1, 1, 1, 1, 1, 1, 1, 0.3102, 0, 0, 0, 0, 0, 0, 0, 0, 0 ], [ 0, 0, 0.1658, 1, 1, 1, 1, 1, 1, 1, 1, 1, 1, 1, 1, 1, 1, 1, 1, 1, 1, 1, 1, 1, 1, 1, 1, 1, 1, 1, 1, 1, 1, 1, 1, 1, 1, 1, 1, 1, 1, 1, 1, 1, 1, 1, 1, 1, 0.6491, 0.0845, 0.0566, 0.1884, 0.2025, 0.6586, 0.3726, 0.1286, 0.2539, 0.8603, 0.9917, 0.5819, 0.0407, 0, 0, 0, 0, 0, 0, 0, 0, 0 ], [ 0, 0, 0.3814, 1, 1, 1, 1, 1, 1, 1, 1, 1, 1, 1, 1, 1, 1, 1, 1, 1, 1, 1, 1, 1, 1, 1, 1, 1, 1, 1, 1, 1, 1, 1, 1, 1, 1, 1, 1, 1, 1, 1, 0.9829, 0.8232, 0.6921, 0.5809, 0.4697, 0.3796, 0.3102, 0.186, 0.1423, 0.1409, 0.1224, 0.0618, 0.0982, 0.1249, 0.1848, 0.2692, 0.1803, 0, 0, 0, 0, 0, 0, 0, 0, 0, 0, 0 ], [ 0, 0.0497, 0.6742, 1, 1, 1, 1, 1, 1, 1, 1, 1, 1, 1, 1, 1, 1, 1, 1, 1, 1, 1, 1, 1, 1, 1, 1, 1, 1, 1, 1, 1, 1, 1, 1, 1, 1, 1, 0.9957, 0.8984, 0.701, 0.2738, 0.0338, 0, 0, 0, 0, 0, 0, 0, 0, 0, 0, 0, 0, 0, 0, 0, 0, 0, 0, 0, 0, 0, 0, 0, 0, 0, 0, 0 ], [ 0, 0.2673, 1, 1, 1, 1, 1, 1, 1, 1, 1, 1, 1, 1, 1, 1, 1, 1, 1, 1, 1, 1, 1, 1, 1, 1, 1, 1, 1, 1, 1, 1, 1, 1, 0.9418, 0.6566, 0.4307, 0.216, 0.0381, 0, 0, 0, 0, 0, 0, 0, 0, 0, 0, 0, 0, 0, 0, 0, 0, 0, 0, 0, 0, 0, 0, 0, 0, 0, 0, 0, 0, 0, 0, 0 ], [ 0, 0.3396, 1, 1, 1, 1, 1, 1, 1, 1, 1, 1, 1, 1, 1, 1, 1, 1, 1, 1, 1, 1, 1, 1, 1, 1, 1, 1, 1, 1, 1, 1, 0.7961, 0.3656, 0.0286, 0, 0, 0, 0, 0, 0, 0, 0, 0, 0, 0, 0, 0, 0, 0, 0, 0, 0, 0, 0, 0, 0, 0, 0, 0, 0, 0, 0, 0, 0, 0, 0, 0, 0, 0 ], [ 0, 0.5659, 1, 1, 1, 1, 1, 1, 1, 1, 1, 1, 1, 1, 1, 1, 1, 1, 1, 1, 1, 1, 1, 1, 1, 1, 1, 1, 1, 0.9642, 0.6447, 0.227, 0.0002, 0, 0, 0, 0, 0, 0, 0, 0, 0, 0, 0, 0, 0, 0, 0, 0, 0, 0, 0, 0, 0, 0, 0, 0, 0, 0, 0, 0, 0, 0, 0, 0, 0, 0, 0, 0, 0 ], [ 0, 0.7525, 1, 1, 1, 1, 1, 1, 1, 1, 1, 1, 1, 1, 1, 1, 1, 1, 1, 1, 1, 1, 1, 1, 1, 1, 1, 0.8155, 0.4017, 0.0601, 0, 0, 0, 0, 0, 0, 0, 0, 0, 0, 0, 0, 0, 0, 0, 0, 0, 0, 0, 0, 0, 0, 0, 0, 0, 0, 0, 0, 0, 0, 0, 0, 0, 0, 0, 0, 0, 0, 0, 0 ], [ 0, 0.7171, 1, 1, 1, 1, 1, 1, 1, 1, 1, 1, 1, 1, 1, 1, 1, 1, 1, 1, 1, 1, 1, 1, 1, 0.8503, 0.3224, 0.0023, 0, 0, 0, 0, 0, 0, 0, 0, 0, 0, 0, 0, 0, 0, 0, 0, 0, 0, 0, 0, 0, 0, 0, 0, 0, 0, 0, 0, 0, 0, 0, 0, 0, 0, 0, 0, 0, 0, 0, 0, 0, 0 ], [ 0, 0.8092, 1, 1, 1, 1, 1, 1, 1, 1, 1, 1, 1, 1, 1, 1, 1, 1, 1, 1, 1, 1, 1, 0.911, 0.415, 0.0184, 0, 0, 0, 0, 0, 0, 0, 0, 0, 0, 0, 0, 0, 0, 0, 0, 0, 0, 0, 0, 0, 0, 0, 0, 0, 0, 0, 0, 0, 0, 0, 0, 0, 0, 0, 0, 0, 0, 0, 0, 0, 0, 0, 0 ], [ 0, 0.9017, 1, 1, 1, 1, 1, 1, 1, 1, 1, 1, 1, 1, 1, 1, 1, 1, 1, 1, 1, 0.8714, 0.426, 0.0417, 0, 0, 0, 0, 0, 0, 0, 0, 0, 0, 0, 0, 0, 0, 0, 0, 0, 0, 0, 0, 0, 0, 0, 0, 0, 0, 0, 0, 0, 0, 0, 0, 0, 0, 0, 0, 0, 0, 0, 0, 0, 0, 0, 0, 0, 0 ], [ 0.0089, 0.9854, 1, 1, 1, 1, 1, 1, 1, 1, 1, 1, 1, 1, 1, 1, 1, 1, 1, 0.9542, 0.4277, 0.0146, 0, 0, 0, 0, 0, 0, 0, 0, 0, 0, 0, 0, 0, 0, 0, 0, 0, 0, 0, 0, 0, 0, 0, 0, 0, 0, 0, 0, 0, 0, 0, 0, 0, 0, 0, 0, 0, 0, 0, 0, 0, 0, 0, 0, 0, 0, 0, 0 ], [ 0.0867, 1, 1, 1, 1, 1, 1, 1, 1, 1, 1, 1, 1, 1, 1, 1, 0.9904, 0.9027, 0.6962, 0.1286, 0, 0, 0, 0, 0, 0, 0, 0, 0, 0, 0, 0, 0, 0, 0, 0, 0, 0, 0, 0, 0, 0, 0, 0, 0, 0, 0, 0, 0, 0, 0, 0, 0, 0, 0, 0, 0, 0, 0, 0, 0, 0, 0, 0, 0, 0, 0, 0, 0, 0 ], [ 0.0873, 0.5027, 0.4209, 0.3392, 0.2863, 0.267, 0.2761, 0.295, 0.314, 0.3194, 0.2792, 0.2353, 0.1914, 0.1475, 0.1036, 0.0598, 0.0131, 0, 0, 0, 0, 0, 0, 0, 0, 0, 0, 0, 0, 0, 0, 0, 0, 0, 0, 0, 0, 0, 0, 0, 0, 0, 0, 0, 0, 0, 0, 0, 0, 0, 0, 0, 0, 0, 0, 0, 0, 0, 0, 0, 0, 0, 0, 0, 0, 0, 0, 0, 0, 0 ] ], "xmin": -17.416666666666668, "xmax": -14.5, "ymin": 63.75, "ymax": 64.708333333333314 }, "geometry": { "type": "MultiPolygon", "coordinates": [ [ [ [ -16.797109499999976, 64.422234999000068 ], [ -16.121748499999967, 64.438817999000037 ], [ -15.489663415999928, 64.58565365700008 ], [ -15.412967285999969, 64.604904800000043 ], [ -15.394526893999966, 64.618795717000069 ], [ -15.348446448999937, 64.669965236000053 ], [ -15.343492947999948, 64.673460211000076 ], [ -15.326273107999953, 64.67228472100004 ], [ -15.30429871399997, 64.674977513000044 ], [ -15.292136908999964, 64.681983882000054 ], [ -15.254110353999977, 64.683710882000071 ], [ -15.222763269999973, 64.699414627000067 ], [ -15.191474762999974, 64.689992501000063 ], [ -15.12311, 64.683007499000041 ], [ -15.106154499999946, 64.669965236000053 ], [ -15.056031854999958, 64.659047716000032 ], [ -15.022657588999948, 64.659224508000079 ], [ -15.032241776999967, 64.640820806000079 ], [ -15.050679547999948, 64.627822914000035 ], [ -15.055739043999949, 64.62124817800003 ], [ -15.056050569999968, 64.616236962000073 ], [ -15.007026226999926, 64.577092245000074 ], [ -15.014573893999966, 64.571873778000054 ], [ -15.014573817999974, 64.563586691000069 ], [ -15.005490865999946, 64.554834898000081 ], [ -15.004197409999961, 64.549296403000028 ], [ -14.986253258999966, 64.538424798000051 ], [ -14.967278616999977, 64.51625533400005 ], [ -14.962008425999954, 64.514171626000063 ], [ -14.89545200799995, 64.515087340000036 ], [ -14.881997697999964, 64.519459952000034 ], [ -14.843436053999937, 64.515744310000059 ], [ -14.820864238999945, 64.521258775000035 ], [ -14.778044908999959, 64.518878182000037 ], [ -14.763974327999961, 64.510965431000045 ], [ -14.76446804099993, 64.50112875700006 ], [ -14.757090329999926, 64.49696072100005 ], [ -14.75484172299997, 64.491125958000055 ], [ -14.734131756999943, 64.487654090000035 ], [ -14.728177466999966, 64.483284346000062 ], [ -14.709735351999939, 64.478860455000074 ], [ -14.673012786999948, 64.477388726000072 ], [ -14.665775516999929, 64.468839025000079 ], [ -14.657797326999969, 64.465023940000037 ], [ -14.622367962999931, 64.459730608000029 ], [ -14.610160274999942, 64.460315059000038 ], [ -14.606811686999947, 64.468114557000035 ], [ -14.59832025999998, 64.473425062000047 ], [ -14.574963929999967, 64.477071249000062 ], [ -14.569301903999929, 64.469260376000079 ], [ -14.555833240999959, 64.465043642000069 ], [ -14.558644045999927, 64.45942218600004 ], [ -14.556424566999965, 64.456279485000039 ], [ -14.540804351999952, 64.453153182000051 ], [ -14.535401709999974, 64.447654871000054 ], [ -14.508899, 64.448704999000029 ], [ -14.505836358999943, 64.442367641000033 ], [ -14.507354072999931, 64.437087516000076 ], [ -14.524258563999979, 64.423869942000067 ], [ -14.535353762999932, 64.410612583000045 ], [ -14.545086108999953, 64.404982817000075 ], [ -14.670289027999956, 64.393700812000077 ], [ -14.751176358999942, 64.377614916000027 ], [ -14.740669016999959, 64.382770590000064 ], [ -14.714444852999975, 64.388938766000081 ], [ -14.595245668999951, 64.410294672000077 ], [ -14.630820306999965, 64.424960875000068 ], [ -14.701843470999961, 64.423254837000059 ], [ -14.724576990999935, 64.39984161700005 ], [ -14.754925515999957, 64.38570799300004 ], [ -14.775357501999963, 64.372156076000067 ], [ -14.847845307999933, 64.349279071000069 ], [ -14.900330271999962, 64.324505916000078 ], [ -14.910530828999981, 64.310892841000054 ], [ -14.906798562999938, 64.294987916000082 ], [ -14.909023528999967, 64.285501511000064 ], [ -14.943278452999948, 64.26303749300007 ], [ -14.958018614999958, 64.256598756000074 ], [ -14.966865705999965, 64.244859315000042 ], [ -14.973556224999982, 64.241281380000032 ], [ -15.01113940099998, 64.238464402000034 ], [ -15.114124235999952, 64.240370343000052 ], [ -15.176301746999968, 64.236812887000042 ], [ -15.164826234999964, 64.240608930000064 ], [ -15.133285753999928, 64.244105555000033 ], [ -15.047735619999969, 64.247569462000058 ], [ -15.021991236999952, 64.25704651500007 ], [ -15.042683111999963, 64.27537016000008 ], [ -15.086915603999955, 64.288148426000078 ], [ -15.10897588499995, 64.287769986000058 ], [ -15.127610506999929, 64.278397839000036 ], [ -15.144261299999982, 64.273716012000079 ], [ -15.167049302999942, 64.278085798000063 ], [ -15.184173184999963, 64.276744797000049 ], [ -15.187285796999959, 64.271991381000078 ], [ -15.184443803999955, 64.262173153000049 ], [ -15.202039347999971, 64.249029779000068 ], [ -15.211303820999944, 64.257967772000029 ], [ -15.211751036999942, 64.274922171000071 ], [ -15.219004494999979, 64.284261283000035 ], [ -15.248088559999928, 64.289256420000072 ], [ -15.263045260999945, 64.28095330900004 ], [ -15.301493517999972, 64.289605081000047 ], [ -15.35835349599995, 64.289441769000064 ], [ -15.376065944999937, 64.28420966300007 ], [ -15.390157114999965, 64.272298938000063 ], [ -15.408658010999943, 64.264290918000029 ], [ -15.407150024999964, 64.250579218000041 ], [ -15.404531616999975, 64.250737344000072 ], [ -15.405489514999942, 64.255969313000037 ], [ -15.400827747999926, 64.258197215000052 ], [ -15.395958674999974, 64.247297830000036 ], [ -15.383468377999975, 64.244227647000059 ], [ -15.231033820999926, 64.240067143000033 ], [ -15.200481185999934, 64.232291040000064 ], [ -15.301928675999932, 64.236605435000058 ], [ -15.444440474999965, 64.234290152000028 ], [ -15.596751800999982, 64.217354858000078 ], [ -15.680739949999975, 64.200725939000051 ], [ -15.733825123999964, 64.17590141800008 ], [ -15.829354771999931, 64.162995737000074 ], [ -15.940009289999978, 64.13923681700004 ], [ -15.99345045299998, 64.121561160000056 ], [ -16.137556073999974, 64.059493519000057 ], [ -16.25017907299997, 64.017002500000046 ], [ -16.289960933999964, 63.998881850000032 ], [ -16.439741435999963, 63.917056210000055 ], [ -16.545280977999937, 63.868501250000065 ], [ -16.65031111299993, 63.799618061000047 ], [ -16.734848646999978, 63.790755869000066 ], [ -17.027417279999952, 63.777917079000076 ], [ -17.178897897999946, 63.780792018000056 ], [ -17.248949935999974, 63.779321963000029 ], [ -17.382695, 63.768390499000077 ], [ -17.361493940999935, 63.997540628000081 ], [ -17.367369390999954, 64.040075549000051 ], [ -17.358679042999938, 64.054200233000074 ], [ -17.351714640999944, 64.076708362000034 ], [ -17.353391190999957, 64.09132235900006 ], [ -17.347414082999933, 64.098781504000044 ], [ -17.349537341999962, 64.105017370000041 ], [ -17.337013314999979, 64.127218053000036 ], [ -17.338400065999963, 64.132019101000083 ], [ -17.34380065299996, 64.13536252800003 ], [ -17.340175262999935, 64.144558990000064 ], [ -17.345827577999955, 64.153438510000058 ], [ -17.354481484999951, 64.158056908000049 ], [ -17.349863413999969, 64.167789911000057 ], [ -17.338173479999966, 64.173729835000074 ], [ -17.330958769999938, 64.176185779000036 ], [ -17.318627769999978, 64.174998429000027 ], [ -17.313712941999938, 64.177689696000073 ], [ -17.31879319199993, 64.18775262500003 ], [ -17.301719934999937, 64.250698747000058 ], [ -17.27696149999997, 64.409274499000048 ], [ -16.797109499999976, 64.422234999000068 ] ] ], [ [ [ -14.749160184999937, 64.352605420000032 ], [ -14.746265062999953, 64.348253969000041 ], [ -14.749422344999971, 64.346267495000063 ], [ -14.752606917999969, 64.348842620000028 ], [ -14.749160184999937, 64.352605420000032 ] ] ], [ [ [ -15.176801010999952, 64.255454221000036 ], [ -15.173277041999938, 64.253160206000075 ], [ -15.17834443299995, 64.252477 ], [ -15.177177408999967, 64.24773323800008 ], [ -15.185332616999972, 64.245859621000079 ], [ -15.185895294999966, 64.250228782000079 ], [ -15.176801010999952, 64.255454221000036 ] ] ], [ [ [ -15.187759311999969, 64.244538780000028 ], [ -15.184874132999937, 64.241494376000048 ], [ -15.193005659999926, 64.237812147000056 ], [ -15.204108107999957, 64.239810648000059 ], [ -15.187759311999969, 64.244538780000028 ] ] ], [ [ [ -15.269436698999982, 64.272465845000056 ], [ -15.269070865999936, 64.26985316300005 ], [ -15.271774489999927, 64.267230614000027 ], [ -15.275735786999974, 64.267494658000032 ], [ -15.272871108999936, 64.271496930000069 ], [ -15.269436698999982, 64.272465845000056 ] ] ], [ [ [ -15.374038512999959, 64.255469736000066 ], [ -15.371531382999933, 64.252116257000068 ], [ -15.373630619999972, 64.248225484000045 ], [ -15.387121982999929, 64.248121317000027 ], [ -15.384719726999947, 64.252754336000066 ], [ -15.388384884999937, 64.257078524000065 ], [ -15.386676361999946, 64.25943994000005 ], [ -15.378560130999972, 64.260009294000042 ], [ -15.374038512999959, 64.255469736000066 ] ] ] ] } },
{ "type": "Feature", "properties": { "GISCO_ID": "IS_8508", "CNTR_CODE": "IS", "LAU_ID": "8508", "LAU_NAME": "Mýrdalshreppur", "cell_coverage": [ [ 0, 0, 0, 0, 0.0391, 0.285, 0.2611, 0.2269, 0.1926, 0.1584, 0.1241, 0.0702, 0, 0, 0, 0, 0, 0, 0, 0 ], [ 0, 0, 0.0067, 0.4057, 0.8989, 1, 1, 1, 1, 1, 1, 0.9965, 0.7684, 0.4065, 0.0703, 0, 0, 0, 0, 0 ], [ 0, 0, 0.4274, 1, 1, 1, 1, 1, 1, 1, 1, 1, 1, 1, 0.9743, 0.6828, 0.3209, 0.0271, 0, 0 ], [ 0, 0.547, 0.9926, 1, 1, 1, 1, 1, 1, 1, 1, 1, 1, 1, 1, 1, 1, 0.9319, 0.4696, 0 ], [ 0.0798, 0.9626, 1, 1, 1, 1, 1, 1, 1, 1, 1, 1, 1, 1, 1, 1, 1, 1, 0.8811, 0 ], [ 0, 0.005, 0.1283, 0.3222, 0.5601, 0.8011, 0.988, 1, 1, 1, 1, 1, 1, 1, 1, 1, 1, 1, 0.9998, 0.1021 ], [ 0, 0, 0, 0, 0, 0, 0.0575, 0.2896, 0.3157, 0.3, 0.1773, 0.0411, 0.1081, 0.1983, 0.2885, 0.3788, 0.469, 0.5076, 0.4472, 0.1045 ] ], "xmin": -19.458333333333336, "xmax": -18.625, "ymin": 63.375, "ymax": 63.666666666666657 }, "geometry": { "type": "MultiPolygon", "coordinates": [ [ [ [ -19.422586, 63.46187549900003 ], [ -19.419943103999969, 63.490365809000082 ], [ -19.406096790999982, 63.50567228500006 ], [ -19.397521972999982, 63.529178244000036 ], [ -19.387915961999965, 63.535022667000078 ], [ -19.36243346699996, 63.542663232000052 ], [ -19.356552448999935, 63.551508950000027 ], [ -19.354748881999967, 63.562993500000061 ], [ -19.343825476999939, 63.570566966000058 ], [ -19.341226287999973, 63.57865509100003 ], [ -19.332877063999945, 63.589394962000028 ], [ -19.242030499999942, 63.637747499000056 ], [ -18.974025, 63.628568999000038 ], [ -18.787542499999972, 63.561083499000063 ], [ -18.679970499999968, 63.522154499000067 ], [ -18.676277, 63.500238499000034 ], [ -18.654162, 63.400128499000061 ], [ -18.742535109999949, 63.394572563000054 ], [ -18.977310259999967, 63.415754086000049 ], [ -19.017834285999982, 63.413073550000036 ], [ -19.034218657999929, 63.402163915000074 ], [ -19.089609845999973, 63.406085576000066 ], [ -19.126484279999943, 63.39985732100007 ], [ -19.242597798999952, 63.428240124000069 ], [ -19.324685860999978, 63.447886158000074 ], [ -19.386050904999934, 63.458507422000082 ], [ -19.422586, 63.46187549900003 ] ] ] ] } },
{ "type": "Feature", "properties": { "GISCO_ID": "IS_8509", "CNTR_CODE": "IS", "LAU_ID": "8509", "LAU_NAME": "Skaftárhreppur", "cell_coverage": [ [ 0, 0, 0, 0, 0, 0, 0, 0, 0, 0, 0, 0, 0, 0, 0, 0, 0, 0, 0, 0, 0, 0, 0, 0, 0, 0, 0, 0, 0, 0, 0, 0, 0, 0, 0, 0, 0, 0, 0, 0, 0.0505, 0.1798, 0, 0, 0, 0, 0, 0 ], [ 0, 0, 0, 0, 0, 0, 0, 0, 0, 0, 0, 0, 0, 0, 0, 0, 0, 0, 0, 0, 0, 0, 0, 0, 0, 0, 0, 0, 0, 0, 0, 0, 0, 0, 0, 0, 0, 0, 0.0798, 0.5104, 0.9318, 0.9715, 0.321, 0, 0, 0, 0, 0 ], [ 0, 0, 0, 0, 0, 0, 0, 0, 0, 0, 0, 0, 0, 0, 0, 0, 0, 0, 0, 0, 0, 0, 0, 0, 0, 0, 0, 0, 0, 0, 0, 0, 0, 0, 0, 0, 0.1158, 0.5666, 0.9587, 1, 1, 1, 0.9872, 0.3872, 0, 0, 0, 0 ], [ 0, 0, 0, 0, 0, 0, 0, 0, 0, 0, 0, 0, 0, 0, 0, 0, 0, 0, 0, 0, 0, 0, 0, 0, 0, 0, 0, 0, 0, 0, 0, 0, 0, 0, 0.1585, 0.6227, 0.9788, 1, 1, 1, 1, 1, 1, 0.9967, 0.4596, 0, 0, 0 ], [ 0, 0, 0, 0, 0, 0, 0, 0, 0, 0, 0, 0, 0, 0, 0, 0, 0, 0, 0, 0, 0, 0, 0, 0, 0, 0, 0, 0, 0, 0, 0, 0, 0.2079, 0.6789, 0.9923, 1, 1, 1, 1, 1, 1, 1, 1, 1, 1, 0.5353, 0.0029, 0 ], [ 0, 0, 0, 0, 0, 0, 0, 0, 0, 0, 0, 0, 0, 0, 0, 0, 0, 0, 0, 0, 0, 0, 0, 0, 0, 0, 0, 0, 0, 0.0006, 0.2631, 0.7351, 0.9991, 1, 1, 1, 1, 1, 1, 1, 1, 1, 1, 1, 1, 1, 0.6081, 0.012 ], [ 0, 0, 0, 0, 0, 0, 0, 0, 0, 0, 0, 0, 0, 0, 0, 0, 0, 0, 0, 0, 0, 0, 0, 0, 0, 0, 0, 0.0001, 0.264, 0.7711, 1, 1, 1, 1, 1, 1, 1, 1, 1, 1, 1, 1, 1, 1, 1, 1, 1, 0.2831 ], [ 0, 0, 0, 0, 0, 0, 0, 0, 0, 0, 0, 0, 0, 0, 0, 0, 0, 0, 0, 0, 0, 0, 0, 0, 0, 0, 0.2485, 0.7561, 1, 1, 1, 1, 1, 1, 1, 1, 1, 1, 1, 1, 1, 1, 1, 1, 1, 1, 1, 0.1464 ], [ 0, 0, 0, 0, 0, 0, 0, 0, 0, 0, 0, 0, 0, 0, 0, 0, 0, 0, 0, 0, 0, 0, 0, 0, 0.2337, 0.7407, 1, 1, 1, 1, 1, 1, 1, 1, 1, 1, 1, 1, 1, 1, 1, 1, 1, 1, 1, 1, 0.9753, 0.015 ], [ 0, 0, 0, 0, 0, 0, 0, 0, 0, 0, 0, 0, 0, 0, 0, 0, 0, 0, 0, 0, 0, 0.0389, 0.4249, 0.8673, 1, 1, 1, 1, 1, 1, 1, 1, 1, 1, 1, 1, 1, 1, 1, 1, 1, 1, 1, 1, 1, 1, 0.8342, 0 ], [ 0, 0, 0, 0, 0, 0, 0, 0, 0, 0, 0, 0, 0, 0, 0, 0, 0, 0, 0, 0.2167, 0.5672, 0.9301, 1, 1, 1, 1, 1, 1, 1, 1, 1, 1, 1, 1, 1, 1, 1, 1, 1, 1, 1, 1, 1, 1, 1, 1, 0.6186, 0 ], [ 0, 0, 0, 0, 0, 0, 0, 0, 0, 0, 0, 0, 0, 0, 0, 9.16e-06, 0.1455, 0.3344, 0.7262, 0.9998, 1, 1, 1, 1, 1, 1, 1, 1, 1, 1, 1, 1, 1, 1, 1, 1, 1, 1, 1, 1, 1, 1, 1, 1, 1, 0.9503, 0.3258, 0 ], [ 0, 0, 0, 0, 0, 0, 0, 0, 0, 0, 0, 0, 0, 0, 0.3186, 0.809, 1, 1, 1, 1, 1, 1, 1, 1, 1, 1, 1, 1, 1, 1, 1, 1, 1, 1, 1, 1, 1, 1, 1, 1, 1, 1, 1, 1, 1, 0.7327, 0, 0 ], [ 0, 0, 0, 0, 0, 0, 0, 0, 0, 0, 0, 0, 0.1329, 0.6148, 1, 1, 1, 1, 1, 1, 1, 1, 1, 1, 1, 1, 1, 1, 1, 1, 1, 1, 1, 1, 1, 1, 1, 1, 1, 1, 1, 1, 1, 1, 1, 0.6604, 0, 0 ], [ 0, 0, 0, 0, 0, 0, 0, 0, 0, 0, 0.0782, 0.5846, 0.9803, 1, 1, 1, 1, 1, 1, 1, 1, 1, 1, 1, 1, 1, 1, 1, 1, 1, 1, 1, 1, 1, 1, 1, 1, 1, 1, 1, 1, 1, 1, 1, 1, 0.4341, 0, 0 ], [ 0, 0, 0, 0, 0, 0, 0, 0, 0.228, 0.6073, 0.9409, 1, 1, 1, 1, 1, 1, 1, 1, 1, 1, 1, 1, 1, 1, 1, 1, 1, 1, 1, 1, 1, 1, 1, 1, 1, 1, 1, 1, 1, 1, 1, 1, 1, 1, 0.2475, 0, 0 ], [ 0, 0, 0, 0, 0, 0, 0, 0.1137, 0.8864, 1, 1, 1, 1, 1, 1, 1, 1, 1, 1, 1, 1, 1, 1, 1, 1, 1, 1, 1, 1, 1, 1, 1, 1, 1, 1, 1, 1, 1, 1, 1, 1, 1, 1, 1, 1, 0.2829, 0, 0 ], [ 0, 0, 0, 0, 0, 0, 0.0698, 0.8171, 1, 1, 1, 1, 1, 1, 1, 1, 1, 1, 1, 1, 1, 1, 1, 1, 1, 1, 1, 1, 1, 1, 1, 1, 1, 1, 1, 1, 1, 1, 1, 1, 1, 1, 1, 1, 1, 0.1908, 0, 0 ], [ 0, 0, 0, 0, 0, 0.0071, 0.6631, 0.9948, 1, 1, 1, 1, 1, 1, 1, 1, 1, 1, 1, 1, 1, 1, 1, 1, 1, 1, 1, 1, 1, 1, 1, 1, 1, 1, 1, 1, 1, 1, 1, 1, 1, 1, 1, 1, 1, 0.0983, 0, 0 ], [ 0, 0, 0, 0, 0, 0, 0, 0.5837, 1, 1, 1, 1, 1, 1, 1, 1, 1, 1, 1, 1, 1, 1, 1, 1, 1, 1, 1, 1, 1, 1, 1, 1, 1, 1, 1, 1, 1, 1, 1, 1, 1, 1, 1, 1, 0.9911, 0.0146, 0, 0 ], [ 0, 0, 0, 0, 0, 0, 0, 0.5482, 1, 1, 1, 1, 1, 1, 1, 1, 1, 1, 1, 1, 1, 1, 1, 1, 1, 1, 1, 1, 1, 1, 1, 1, 1, 1, 1, 1, 1, 1, 1, 1, 1, 1, 1, 1, 0.9133, 0, 0, 0 ], [ 0, 0, 0, 0, 0, 0.1198, 0.6372, 0.9957, 1, 1, 1, 1, 1, 1, 1, 1, 1, 1, 1, 1, 1, 1, 1, 1, 1, 1, 1, 1, 1, 1, 1, 1, 1, 1, 1, 1, 1, 1, 1, 1, 1, 0.9961, 0.8798, 0.7389, 0.5155, 0, 0, 0 ], [ 0, 0, 0, 0.0927, 0.5726, 0.9731, 1, 1, 1, 1, 1, 1, 1, 1, 1, 1, 1, 1, 1, 1, 1, 1, 1, 1, 1, 1, 1, 1, 1, 1, 1, 1, 1, 1, 1, 1, 1, 0.9276, 0.6587, 0.4141, 0.2327, 0.0565, 0, 0, 0, 0, 0, 0 ], [ 0, 0.064, 0.5234, 0.9568, 1, 1, 1, 1, 1, 1, 1, 1, 1, 1, 1, 1, 1, 1, 1, 1, 1, 1, 1, 1, 1, 1, 1, 1, 1, 1, 1, 1, 1, 1, 1, 0.7928, 0.2747, 0.011, 0, 0, 0, 0, 0, 0, 0, 0, 0, 0 ], [ 0.1836, 0.671, 0.7731, 0.8074, 0.8416, 0.8759, 0.9298, 1, 1, 1, 1, 1, 1, 1, 1, 1, 1, 1, 1, 1, 1, 1, 1, 1, 1, 1, 1, 1, 1, 1, 1, 1, 1, 1, 0.5614, 0.0046, 0, 0, 0, 0, 0, 0, 0, 0, 0, 0, 0, 0 ], [ 0, 0, 0, 0, 0, 0, 0.0035, 0.2316, 0.5935, 0.9297, 1, 1, 1, 1, 1, 1, 1, 1, 1, 1, 1, 1, 1, 1, 1, 1, 1, 1, 1, 1, 1, 1, 1, 0.5203, 0.0007, 0, 0, 0, 0, 0, 0, 0, 0, 0, 0, 0, 0, 0 ], [ 0, 0, 0, 0, 0, 0, 0, 0, 0, 0.0257, 0.3172, 0.6791, 0.9729, 1, 1, 1, 1, 1, 1, 1, 1, 1, 1, 1, 1, 1, 1, 1, 1, 1, 1, 0.9989, 0.5938, 0.0021, 0, 0, 0, 0, 0, 0, 0, 0, 0, 0, 0, 0, 0, 0 ], [ 0, 0, 0, 0, 0, 0, 0, 0, 0, 0, 0, 0, 0.0681, 0.5304, 1, 1, 1, 1, 1, 1, 1, 1, 1, 1, 1, 1, 1, 1, 1, 0.9424, 0.6247, 0.215, 0, 0, 0, 0, 0, 0, 0, 0, 0, 0, 0, 0, 0, 0, 0, 0 ], [ 0, 0, 0, 0, 0, 0, 0, 0, 0, 0, 0, 0, 0, 0.1189, 1, 1, 1, 1, 1, 1, 1, 1, 1, 1, 1, 0.986, 0.7778, 0.505, 0.2322, 0.0168, 0, 0, 0, 0, 0, 0, 0, 0, 0, 0, 0, 0, 0, 0, 0, 0, 0, 0 ], [ 0, 0, 0, 0, 0, 0, 0, 0, 0, 0, 0, 0, 0, 0.0002, 0.8979, 1, 0.9986, 0.902, 0.7473, 0.615, 0.514, 0.4133, 0.3126, 0.2118, 0.1111, 0.0183, 0, 0, 0, 0, 0, 0, 0, 0, 0, 0, 0, 0, 0, 0, 0, 0, 0, 0, 0, 0, 0, 0 ], [ 0, 0, 0, 0, 0, 0, 0, 0, 0, 0, 0, 0, 0, 0, 0.2573, 0.2113, 0.058, 0, 0, 0, 0, 0, 0, 0, 0, 0, 0, 0, 0, 0, 0, 0, 0, 0, 0, 0, 0, 0, 0, 0, 0, 0, 0, 0, 0, 0, 0, 0 ] ], "xmin": -19.25, "xmax": -17.25, "ymin": 63.375, "ymax": 64.666666666666657 }, "geometry": { "type": "MultiPolygon", "coordinates": [ [ [ [ -17.527449499999932, 64.640803499000071 ], [ -17.482507324999972, 64.599262919000068 ], [ -17.27696149999997, 64.409274499000048 ], [ -17.301719934999937, 64.250698747000058 ], [ -17.31879319199993, 64.18775262500003 ], [ -17.313712941999938, 64.177689696000073 ], [ -17.318627769999978, 64.174998429000027 ], [ -17.330958769999938, 64.176185779000036 ], [ -17.338173479999966, 64.173729835000074 ], [ -17.349863413999969, 64.167789911000057 ], [ -17.354481484999951, 64.158056908000049 ], [ -17.345827577999955, 64.153438510000058 ], [ -17.340175262999935, 64.144558990000064 ], [ -17.34380065299996, 64.13536252800003 ], [ -17.338400065999963, 64.132019101000083 ], [ -17.337013314999979, 64.127218053000036 ], [ -17.349537341999962, 64.105017370000041 ], [ -17.347414082999933, 64.098781504000044 ], [ -17.353391190999957, 64.09132235900006 ], [ -17.351714640999944, 64.076708362000034 ], [ -17.358679042999938, 64.054200233000074 ], [ -17.367369390999954, 64.040075549000051 ], [ -17.361493940999935, 63.997540628000081 ], [ -17.382695, 63.768390499000077 ], [ -17.482507324999972, 63.754707830000029 ], [ -17.618311689999928, 63.730252994000068 ], [ -17.722414413999957, 63.701124244000027 ], [ -17.789377563999949, 63.665181112000027 ], [ -17.864022776999946, 63.594368900000063 ], [ -17.887875522999934, 63.563738477000072 ], [ -17.90894342799993, 63.546996514000057 ], [ -17.943583592999971, 63.529320097000038 ], [ -18.002251620999971, 63.506763429000046 ], [ -18.177738758999965, 63.45888665700005 ], [ -18.454630071999929, 63.430991431000052 ], [ -18.654162, 63.400128499000061 ], [ -18.676277, 63.500238499000034 ], [ -18.679970499999968, 63.522154499000067 ], [ -18.787542499999972, 63.561083499000063 ], [ -18.974025, 63.628568999000038 ], [ -19.242030499999942, 63.637747499000056 ], [ -19.126867499999946, 63.698473999000043 ], [ -19.079501, 63.723347999000055 ], [ -18.99402035199995, 63.767825339000069 ], [ -18.939017727999953, 63.800027345000046 ], [ -18.936206440999968, 63.839701974000036 ], [ -18.947348793999936, 63.874824371000045 ], [ -19.004519787999982, 63.885092041000064 ], [ -18.944390454999962, 63.94671674500006 ], [ -18.915735708999932, 63.981280543000082 ], [ -18.904052026999977, 63.988021654000079 ], [ -18.905791420999947, 63.992703682000069 ], [ -18.900806781999961, 64.000626985000054 ], [ -18.908082619999959, 64.00731896700006 ], [ -18.827214475999938, 64.034297798000068 ], [ -18.800866619999965, 64.048271405000037 ], [ -18.783249268999953, 64.062391823000041 ], [ -18.759785588999932, 64.068919896000068 ], [ -18.748371964999933, 64.078298760000052 ], [ -18.712153399999977, 64.096727519000069 ], [ -18.677875323999956, 64.112281515000063 ], [ -18.66750654599997, 64.124124516000052 ], [ -18.642931102999967, 64.141197589000058 ], [ -18.597242502999961, 64.162190908000071 ], [ -18.563145224999971, 64.17341371100008 ], [ -18.504761621999933, 64.183189372000072 ], [ -18.480679, 64.196263499000054 ], [ -18.43967510899995, 64.217435634000083 ], [ -18.387327039999946, 64.234570061000056 ], [ -18.327285695999933, 64.260171709000076 ], [ -18.278717851999943, 64.284798864000038 ], [ -18.246844343999953, 64.292397426000036 ], [ -17.998098066999944, 64.418698733000042 ], [ -17.527449499999932, 64.640803499000071 ] ] ] ] } },
{ "type": "Feature", "properties": { "GISCO_ID": "IS_8610", "CNTR_CODE": "IS", "LAU_ID": "8610", "LAU_NAME": "Ásahreppur", "cell_coverage": [ [ 0, 0, 0, 0, 0, 0, 0, 0, 0, 0, 0, 0, 0, 0, 0, 0, 0, 0, 0, 0, 0, 0, 0, 0, 0, 0, 0, 0, 0, 0, 0, 0, 0, 0, 0, 0, 0, 0, 0, 0, 0, 0, 0, 0, 0, 0, 0, 0, 0, 0, 0, 0, 0, 0, 0, 0, 0.0743, 0.5125, 0.6145, 0.6485, 0.8169, 0.8745, 0.7069, 0.1091, 0, 0, 0, 0, 0, 0, 0, 0, 0, 0, 0, 0, 0, 0 ], [ 0, 0, 0, 0, 0, 0, 0, 0, 0, 0, 0, 0, 0, 0, 0, 0, 0, 0, 0, 0, 0, 0, 0, 0, 0, 0, 0, 0, 0, 0, 0, 0, 0, 0, 0, 0, 0, 0, 0, 0, 0, 0, 0, 0, 0, 0, 0, 0, 0, 0, 0, 0, 0, 0, 0, 0, 0.59, 1, 1, 1, 1, 1, 1, 0.942, 0.5972, 0.1049, 0, 0, 0, 0, 0, 0, 0, 0, 0, 0, 0, 0 ], [ 0, 0, 0, 0, 0, 0, 0, 0, 0, 0, 0, 0, 0, 0, 0, 0, 0, 0, 0, 0, 0, 0, 0, 0, 0, 0, 0, 0, 0, 0, 0, 0, 0, 0, 0, 0, 0, 0, 0, 0, 0, 0, 0, 0, 0, 0, 0, 0, 0, 0, 0, 0, 0, 0, 0.1286, 0.6207, 0.9961, 1, 1, 1, 1, 1, 1, 1, 1, 0.9463, 0.6792, 0.4716, 0.2851, 0.1374, 0.0409, 0, 0, 0, 0, 0, 0, 0 ], [ 0, 0, 0, 0, 0, 0, 0, 0, 0, 0, 0, 0, 0, 0, 0, 0, 0, 0, 0, 0, 0, 0, 0, 0, 0, 0, 0, 0, 0, 0, 0, 0, 0, 0, 0, 0, 0, 0, 0, 0, 0, 0, 0, 0, 0, 0, 0, 0, 0, 0, 0, 0.0198, 0.4134, 0.8183, 0.9968, 1, 1, 1, 1, 1, 1, 1, 1, 1, 1, 1, 1, 1, 1, 1, 0.9997, 0.9439, 0.8472, 0.7506, 0.6539, 0.5573, 0.4101, 0.0331 ], [ 0, 0, 0, 0, 0, 0, 0, 0, 0, 0, 0, 0, 0, 0, 0, 0, 0, 0, 0, 0, 0, 0, 0, 0, 0, 0, 0, 0, 0, 0, 0, 0, 0, 0, 0, 0, 0, 0, 0, 0, 0, 0, 0, 0, 0, 0, 0, 0, 0, 0.0628, 0.331, 0.7882, 1, 1, 1, 1, 1, 1, 1, 1, 1, 1, 1, 1, 1, 1, 1, 1, 1, 1, 1, 1, 1, 1, 0.9202, 0.4896, 0.0682, 0 ], [ 0, 0, 0, 0, 0, 0, 0, 0, 0, 0, 0, 0, 0, 0, 0, 0, 0, 0, 0, 0, 0, 0, 0, 0, 0, 0, 0, 0, 0, 0, 0, 0, 0, 0, 0, 0, 0, 0, 0, 0, 0, 0, 0, 0, 0, 0, 0, 0.1673, 0.6079, 0.8656, 1, 1, 1, 1, 1, 1, 1, 1, 1, 1, 1, 1, 1, 1, 1, 1, 1, 1, 1, 1, 1, 1, 0.8842, 0.4334, 0.0413, 0, 0, 0 ], [ 0, 0, 0, 0, 0, 0, 0, 0, 0, 0, 0, 0, 0, 0, 0, 0, 0, 0, 0, 0, 0, 0, 0, 0, 0, 0, 0, 0, 0, 0, 0, 0, 0, 0, 0, 0, 0, 0, 0, 0, 0, 0, 0, 0, 0.0337, 0.5147, 0.6618, 0.9849, 1, 1, 1, 1, 1, 1, 1, 1, 1, 1, 1, 1, 1, 1, 1, 1, 1, 1, 1, 1, 1, 1, 0.8415, 0.3773, 0.0212, 0, 0, 0, 0, 0 ], [ 0, 0, 0, 0, 0, 0, 0, 0, 0, 0, 0, 0, 0, 0, 0, 0, 0, 0, 0, 0, 0, 0, 0, 0, 0, 0, 0, 0, 0, 0, 0, 0, 0, 0, 0, 0, 0, 0, 0, 0, 0, 0, 0, 0.077, 0.3536, 0.9533, 1, 1, 1, 1, 1, 1, 1, 1, 1, 1, 1, 1, 1, 1, 1, 1, 1, 1, 1, 1, 1, 1, 0.7921, 0.3211, 0.0077, 0, 0, 0, 0, 0, 0, 0 ], [ 0, 0, 0, 0, 0, 0, 0, 0, 0, 0, 0, 0, 0, 0, 0, 0, 0, 0, 0, 0, 0, 0, 0, 0, 0, 0, 0, 0, 0, 0, 0, 0, 0, 0, 0, 0, 0, 0, 0, 0, 0.0146, 0.2491, 0.8142, 0.9993, 1, 1, 1, 1, 1, 1, 1, 1, 1, 1, 1, 1, 1, 1, 1, 1, 1, 1, 1, 1, 1, 0.9994, 0.7369, 0.2649, 0.0009, 0, 0, 0, 0, 0, 0, 0, 0, 0 ], [ 0, 0, 0, 0, 0, 0, 0, 0, 0, 0, 0, 0, 0, 0, 0, 0, 0, 0, 0, 0, 0, 0, 0, 0, 0, 0, 0, 0, 0, 0, 0, 0, 0, 0, 0, 0, 0, 0, 0.0006, 0.4868, 0.9694, 1, 1, 1, 1, 1, 1, 1, 1, 1, 1, 1, 1, 1, 1, 1, 1, 1, 1, 1, 1, 1, 1, 0.9999, 0.736, 0.2289, 0, 0, 0, 0, 0, 0, 0, 0, 0, 0, 0, 0 ], [ 0, 0, 0, 0, 0, 0, 0, 0, 0, 0, 0, 0, 0, 0, 0, 0, 0, 0, 0, 0, 0, 0, 0, 0, 0, 0, 0, 0, 0, 0, 0, 0, 0, 0, 0, 0, 0, 0.2089, 0.7027, 1, 1, 1, 1, 1, 1, 1, 1, 1, 1, 1, 1, 1, 1, 1, 1, 1, 1, 1, 1, 1, 1, 1, 0.7515, 0.2439, 0, 0, 0, 0, 0, 0, 0, 0, 0, 0, 0, 0, 0, 0 ], [ 0, 0, 0, 0, 0, 0, 0, 0, 0, 0, 0, 0, 0, 0, 0, 0, 0, 0, 0, 0, 0, 0, 0, 0, 0, 0, 0, 0, 0, 0, 0, 0, 0, 0, 0.1444, 0.6018, 0.883, 0.9998, 1, 1, 1, 1, 1, 1, 1, 1, 1, 1, 1, 1, 1, 1, 1, 1, 1, 1, 1, 1, 1, 1, 0.7663, 0.2593, 0, 0, 0, 0, 0, 0, 0, 0, 0, 0, 0, 0, 0, 0, 0, 0 ], [ 0, 0, 0, 0, 0, 0, 0, 0, 0, 0, 0, 0, 0, 0, 0, 0, 0, 0, 0, 0, 0, 0, 0, 0, 0, 0, 0, 0, 0, 0, 0, 0, 0, 0.1614, 0.8997, 1, 1, 1, 1, 1, 1, 1, 1, 1, 1, 1, 1, 0.975, 0.606, 0.2683, 0.5942, 0.9511, 1, 1, 1, 1, 1, 0.9611, 0.5751, 0.1327, 5.6056e-07, 0, 0, 0, 0, 0, 0, 0, 0, 0, 0, 0, 0, 0, 0, 0, 0, 0 ], [ 0, 0, 0, 0, 0, 0, 0, 0, 0, 0, 0, 0, 0, 0, 0, 0, 0, 0, 0, 0, 0, 0, 0, 0, 0, 0, 0, 0, 0, 0, 0.0482, 0.3398, 0.6849, 0.9869, 0.9321, 0.9594, 1, 1, 1, 1, 1, 1, 1, 1, 1, 0.9594, 0.5635, 0.1097, 0, 0, 0, 0.0632, 0.4885, 0.9152, 1, 0.7833, 0.4328, 0.0699, 0, 0, 0, 0, 0, 0, 0, 0, 0, 0, 0, 0, 0, 0, 0, 0, 0, 0, 0, 0 ], [ 0, 0, 0, 0, 0, 0, 0, 0, 0, 0, 0, 0, 0, 0, 0, 0, 0, 0, 0, 0, 0, 0, 0, 0, 0, 0, 0, 0, 0.1716, 0.1665, 0.3901, 0.5844, 0.4179, 0.1786, 0.0073, 0.1815, 0.4849, 0.6906, 0.8548, 1, 1, 1, 1, 0.975, 0.5213, 0.0828, 0, 0, 0, 0, 0, 0, 0, 0.0198, 0.1762, 0.0002, 0, 0, 0, 0, 0, 0, 0, 0, 0, 0, 0, 0, 0, 0, 0, 0, 0, 0, 0, 0, 0, 0 ], [ 0, 0, 0, 0, 0, 0, 0, 0, 0, 0, 0, 0, 0, 0, 0, 0, 0, 0, 0, 0, 0, 0, 0, 0, 0, 0, 0, 0, 0, 0, 0, 0, 0, 0, 0, 0, 0, 0, 0.0278, 0.2026, 0.3237, 0.4856, 0.4996, 0.2548, 0, 0, 0, 0, 0, 0, 0, 0, 0, 0, 0, 0, 0, 0, 0, 0, 0, 0, 0, 0, 0, 0, 0, 0, 0, 0, 0, 0, 0, 0, 0, 0, 0, 0 ], [ 0, 0, 0, 0, 0, 0, 0, 0, 0, 0, 0, 0, 0, 0, 0, 0, 0, 0, 0, 0, 0, 0, 0, 0, 0, 0, 0, 0, 0, 0, 0, 0, 0, 0, 0, 0, 0, 0, 0, 0, 0, 0, 0, 0, 0, 0, 0, 0, 0, 0, 0, 0, 0, 0, 0, 0, 0, 0, 0, 0, 0, 0, 0, 0, 0, 0, 0, 0, 0, 0, 0, 0, 0, 0, 0, 0, 0, 0 ], [ 0, 0, 0, 0, 0, 0, 0, 0, 0, 0, 0, 0, 0, 0, 0, 0, 0, 0, 0, 0, 0, 0, 0, 0, 0, 0, 0, 0, 0, 0, 0, 0, 0, 0, 0, 0, 0, 0, 0, 0, 0, 0, 0, 0, 0, 0, 0, 0, 0, 0, 0, 0, 0, 0, 0, 0, 0, 0, 0, 0, 0, 0, 0, 0, 0, 0, 0, 0, 0, 0, 0, 0, 0, 0, 0, 0, 0, 0 ], [ 0, 0, 0, 0, 0, 0, 0, 0, 0, 0, 0, 0, 0, 0, 0, 0, 0, 0, 0, 0, 0, 0, 0, 0, 0, 0, 0, 0, 0, 0, 0, 0, 0, 0, 0, 0, 0, 0, 0, 0, 0, 0, 0, 0, 0, 0, 0, 0, 0, 0, 0, 0, 0, 0, 0, 0, 0, 0, 0, 0, 0, 0, 0, 0, 0, 0, 0, 0, 0, 0, 0, 0, 0, 0, 0, 0, 0, 0 ], [ 0, 0, 0, 0, 0, 0, 0, 0, 0, 0, 0, 0, 0, 0, 0, 0, 0, 0, 0, 0, 0, 0, 0, 0, 0, 0, 0, 0, 0, 0, 0, 0, 0, 0, 0, 0, 0, 0, 0, 0, 0, 0, 0, 0, 0, 0, 0, 0, 0, 0, 0, 0, 0, 0, 0, 0, 0, 0, 0, 0, 0, 0, 0, 0, 0, 0, 0, 0, 0, 0, 0, 0, 0, 0, 0, 0, 0, 0 ], [ 0, 0.0503, 0.3797, 0.5805, 0.7053, 0.5147, 0.0442, 0, 0, 0, 0, 0, 0, 0, 0, 0, 0, 0, 0, 0, 0, 0, 0, 0, 0, 0, 0, 0, 0, 0, 0, 0, 0, 0, 0, 0, 0, 0, 0, 0, 0, 0, 0, 0, 0, 0, 0, 0, 0, 0, 0, 0, 0, 0, 0, 0, 0, 0, 0, 0, 0, 0, 0, 0, 0, 0, 0, 0, 0, 0, 0, 0, 0, 0, 0, 0, 0, 0 ], [ 0.0007, 0.8228, 1, 1, 1, 0.6423, 0.0279, 0, 0, 0, 0, 0, 0, 0, 0, 0, 0, 0, 0, 0, 0, 0, 0, 0, 0, 0, 0, 0, 0, 0, 0, 0, 0, 0, 0, 0, 0, 0, 0, 0, 0, 0, 0, 0, 0, 0, 0, 0, 0, 0, 0, 0, 0, 0, 0, 0, 0, 0, 0, 0, 0, 0, 0, 0, 0, 0, 0, 0, 0, 0, 0, 0, 0, 0, 0, 0, 0, 0 ], [ 0.0009, 0.6636, 0.9465, 1, 0.917, 0.4751, 0.1301, 0, 0, 0, 0, 0, 0, 0, 0, 0, 0, 0, 0, 0, 0, 0, 0, 0, 0, 0, 0, 0, 0, 0, 0, 0, 0, 0, 0, 0, 0, 0, 0, 0, 0, 0, 0, 0, 0, 0, 0, 0, 0, 0, 0, 0, 0, 0, 0, 0, 0, 0, 0, 0, 0, 0, 0, 0, 0, 0, 0, 0, 0, 0, 0, 0, 0, 0, 0, 0, 0, 0 ], [ 0, 0, 0.0542, 0.3859, 1, 1, 0.5665, 0, 0, 0, 0, 0, 0, 0, 0, 0, 0, 0, 0, 0, 0, 0, 0, 0, 0, 0, 0, 0, 0, 0, 0, 0, 0, 0, 0, 0, 0, 0, 0, 0, 0, 0, 0, 0, 0, 0, 0, 0, 0, 0, 0, 0, 0, 0, 0, 0, 0, 0, 0, 0, 0, 0, 0, 0, 0, 0, 0, 0, 0, 0, 0, 0, 0, 0, 0, 0, 0, 0 ], [ 0, 0, 0, 0.0091, 0.1308, 0.2825, 0.048, 0, 0, 0, 0, 0, 0, 0, 0, 0, 0, 0, 0, 0, 0, 0, 0, 0, 0, 0, 0, 0, 0, 0, 0, 0, 0, 0, 0, 0, 0, 0, 0, 0, 0, 0, 0, 0, 0, 0, 0, 0, 0, 0, 0, 0, 0, 0, 0, 0, 0, 0, 0, 0, 0, 0, 0, 0, 0, 0, 0, 0, 0, 0, 0, 0, 0, 0, 0, 0, 0, 0 ] ], "xmin": -20.75, "xmax": -17.5, "ymin": 63.75, "ymax": 64.791666666666657 }, "geometry": { "type": "MultiPolygon", "coordinates": [ [ [ [ -18.480679, 64.196263499000054 ], [ -18.532773369999973, 64.215290854000045 ], [ -18.604492393999976, 64.24992747500005 ], [ -18.690127382999947, 64.285104477000061 ], [ -18.915164213999958, 64.177372525000067 ], [ -18.944116572999974, 64.148960704000046 ], [ -18.95704630299997, 64.144961650000027 ], [ -18.98385461099997, 64.14691249200007 ], [ -19.004415859999938, 64.14367184200006 ], [ -19.090689742999928, 64.157794981000052 ], [ -19.125344472999927, 64.159106700000052 ], [ -19.134137315999965, 64.162428291000083 ], [ -19.12940778199993, 64.169359995000036 ], [ -19.139832059999947, 64.173122616000057 ], [ -19.17973743899995, 64.176842476000047 ], [ -19.219305568999971, 64.188563366000039 ], [ -19.260270159999948, 64.188533820000032 ], [ -19.258874453999965, 64.196388757000079 ], [ -19.275586951999969, 64.204779646000077 ], [ -19.281511838999961, 64.213130824000075 ], [ -19.291747502999954, 64.215822348000074 ], [ -19.42604692599997, 64.183694064000065 ], [ -19.450510976999965, 64.183313264000049 ], [ -19.487787277999928, 64.194453973000066 ], [ -19.519488887999955, 64.19514593100007 ], [ -19.529456834999962, 64.193590336000057 ], [ -19.542648245999942, 64.185480004000055 ], [ -19.563086, 64.178678499000057 ], [ -19.564190347999954, 64.191387449000047 ], [ -19.560594532999971, 64.194990523000058 ], [ -19.522079416999929, 64.199379103000069 ], [ -19.466221092999945, 64.212636954000061 ], [ -19.381280165999954, 64.24177660600003 ], [ -19.33539636699993, 64.266047835000052 ], [ -19.32913979999995, 64.277044482000065 ], [ -19.321509846999959, 64.283260076000033 ], [ -19.319174359999977, 64.291995962000044 ], [ -19.312848371999962, 64.297250190000057 ], [ -19.276656528999979, 64.315593867000075 ], [ -19.242597798999952, 64.325653669000076 ], [ -19.204594265999958, 64.333743473000084 ], [ -19.139182860999938, 64.365282368000067 ], [ -19.128380707999952, 64.372731454000075 ], [ -19.113420324999936, 64.389612766000027 ], [ -19.078874127999939, 64.413424165000038 ], [ -19.033176827999966, 64.420959844000038 ], [ -19.000850413999956, 64.436197915000037 ], [ -18.979427882999971, 64.453774151000061 ], [ -18.903770354999949, 64.46773571600005 ], [ -18.889861918999941, 64.473091305000082 ], [ -18.878080954999973, 64.486226887000043 ], [ -18.865084945999968, 64.493790558000057 ], [ -18.868924727999968, 64.501958091000063 ], [ -18.883741636999957, 64.50564263900003 ], [ -18.878769677999969, 64.512790173000042 ], [ -18.866150643999958, 64.520534180000084 ], [ -18.856560090999949, 64.523626423000053 ], [ -18.830340330999945, 64.522917097000061 ], [ -18.798483597999962, 64.530720611000049 ], [ -18.772365896999929, 64.54928310300005 ], [ -18.757025264999982, 64.553793325000072 ], [ -18.726494123999942, 64.569981558000052 ], [ -18.686659609999936, 64.575321698000039 ], [ -18.682371277999948, 64.578916366000044 ], [ -18.680694760999927, 64.589498994000053 ], [ -18.642931319999946, 64.59699609900008 ], [ -18.626343729999974, 64.60329693500006 ], [ -18.588802907999934, 64.625606164000033 ], [ -18.583987227999955, 64.635628195000038 ], [ -18.576725292999981, 64.640622662000055 ], [ -18.548655054999927, 64.643726965000042 ], [ -18.524815744999955, 64.659817118000035 ], [ -18.489759268999933, 64.667314387000033 ], [ -18.473658961999945, 64.675248870000075 ], [ -18.457934465999926, 64.67744602700003 ], [ -18.440519113999983, 64.687593273000061 ], [ -18.43622655799993, 64.699655275000055 ], [ -18.418154370999957, 64.70299846100005 ], [ -18.401308370999971, 64.720602470000074 ], [ -18.403205636999928, 64.725157184000068 ], [ -18.400042443999951, 64.73206362600007 ], [ -18.388295437999943, 64.743764442000042 ], [ -18.392011840999942, 64.748179386000061 ], [ -18.388815972999964, 64.755876297000043 ], [ -18.376966348999929, 64.760781850000058 ], [ -18.37193659299993, 64.765975974000071 ], [ -18.360456921999969, 64.768312654000056 ], [ -18.35775, 64.771871499000042 ], [ -18.344687238999938, 64.775639641000055 ], [ -18.329386838999937, 64.773979301000054 ], [ -18.301826499999947, 64.77827699900007 ], [ -18.297208829999931, 64.773298039000053 ], [ -18.277575536999962, 64.777182946000039 ], [ -18.247112781999931, 64.778209099000037 ], [ -18.235490277999929, 64.783803902000045 ], [ -18.214198752999948, 64.787388151000073 ], [ -18.163922051999975, 64.785600893000037 ], [ -18.157974455999977, 64.780389214000081 ], [ -18.131921193999972, 64.777542260000075 ], [ -18.12433337899995, 64.773704267000028 ], [ -18.124718114999951, 64.765748700000074 ], [ -18.117035778999934, 64.762163722000082 ], [ -18.099857177999979, 64.744963926000082 ], [ -18.084742535999965, 64.744535538000036 ], [ -18.079973816999939, 64.739505612000073 ], [ -18.063109097999927, 64.732516686000054 ], [ -18.04241852399997, 64.727199440000049 ], [ -18.028717499999971, 64.714069866000045 ], [ -18.009752790999983, 64.702716404000057 ], [ -17.96742709199998, 64.691898456000047 ], [ -17.872062476999929, 64.674113133000048 ], [ -17.527449499999932, 64.640803499000071 ], [ -17.998098066999944, 64.418698733000042 ], [ -18.246844343999953, 64.292397426000036 ], [ -18.278717851999943, 64.284798864000038 ], [ -18.327285695999933, 64.260171709000076 ], [ -18.387327039999946, 64.234570061000056 ], [ -18.43967510899995, 64.217435634000083 ], [ -18.480679, 64.196263499000054 ] ] ], [ [ [ -20.595203499999968, 63.941102499000067 ], [ -20.592138499999976, 63.941093999000032 ], [ -20.585833, 63.941528499000071 ], [ -20.579393, 63.94235799900008 ], [ -20.574752, 63.943249499000046 ], [ -20.569459499999937, 63.944646999000042 ], [ -20.563701499999979, 63.947032999000044 ], [ -20.558427, 63.949558499000034 ], [ -20.516211109999972, 63.941260763000059 ], [ -20.511145135999982, 63.927840682000067 ], [ -20.488853694999932, 63.923763549000057 ], [ -20.499678949999975, 63.90390693900008 ], [ -20.532989947999965, 63.896952166000062 ], [ -20.53006438999995, 63.888712509000072 ], [ -20.512926153999956, 63.883709215000067 ], [ -20.517103028999941, 63.878799930000071 ], [ -20.51896288599994, 63.869401124000035 ], [ -20.524182122999946, 63.864066498000057 ], [ -20.532178004999935, 63.858021830000041 ], [ -20.550515258999951, 63.85340003500005 ], [ -20.552365667999936, 63.848662066000031 ], [ -20.551185160999978, 63.839041088000045 ], [ -20.503040609999971, 63.848919712000054 ], [ -20.482391123999946, 63.841090044000055 ], [ -20.466338011999937, 63.82526127400007 ], [ -20.499573192999947, 63.776668828000084 ], [ -20.594286127999965, 63.791040915000053 ], [ -20.587975700999948, 63.807446174000063 ], [ -20.600300902999948, 63.824288773000035 ], [ -20.611315739999952, 63.82386166100008 ], [ -20.64068528599995, 63.829573207000067 ], [ -20.658033786999965, 63.840553972000066 ], [ -20.676069121999944, 63.835415753000063 ], [ -20.690012499999966, 63.836173999000039 ], [ -20.685820389999947, 63.842555125000047 ], [ -20.686213732999931, 63.846952749000081 ], [ -20.706383554999945, 63.866202281000028 ], [ -20.70909497599996, 63.873829959000034 ], [ -20.706650514999978, 63.890822204000074 ], [ -20.695993948999956, 63.907291869000062 ], [ -20.673586730999943, 63.922065428000053 ], [ -20.667783467999982, 63.928982756000039 ], [ -20.62659494899998, 63.935539089000031 ], [ -20.616114882999966, 63.941606721000028 ], [ -20.595203499999968, 63.941102499000067 ] ] ] ] } },
{ "type": "Feature", "properties": { "GISCO_ID": "IS_8613", "CNTR_CODE": "IS", "LAU_ID": "8613", "LAU_NAME": "Rangárþing eystra", "cell_coverage": [ [ 0, 0, 0, 0, 0, 0, 0, 0, 0, 0, 0, 0, 0, 0, 0, 0, 0, 0, 0, 0, 0, 0, 0, 0, 0, 0, 0, 0, 0.0432, 0.2554, 0.0917, 0.0033, 0.0501, 0, 0, 0, 0 ], [ 0, 0, 0, 0, 0, 0, 0, 0, 0, 0.0075, 0.1694, 0.181, 0.2054, 0.0334, 0, 0, 0, 0, 0, 0.0139, 0.0565, 0.0127, 0, 0, 0.113, 0.5878, 0.6542, 0.7473, 0.9614, 1, 0.9436, 0.9984, 0.8698, 0.5469, 0.4673, 0.0942, 0 ], [ 0, 0.0365, 0, 0, 0.0002, 0.3097, 0.6148, 0.6419, 0.7282, 0.9359, 0.9985, 1, 1, 0.8874, 0.8486, 0.9657, 0.9066, 0.8476, 0.9162, 0.9913, 1, 0.9978, 0.9596, 0.9087, 0.9486, 1, 1, 1, 1, 1, 1, 1, 1, 1, 1, 0.4872, 0 ], [ 0.4123, 0.9908, 0.839, 0.5608, 0.2863, 0.4568, 0.821, 1, 1, 1, 1, 1, 1, 1, 1, 1, 1, 1, 1, 1, 1, 1, 1, 1, 1, 1, 1, 1, 1, 1, 1, 1, 1, 1, 1, 0.848, 0.0101 ], [ 0.3465, 0.8342, 1, 1, 1, 1, 1, 1, 1, 1, 1, 1, 1, 1, 1, 1, 1, 1, 1, 1, 1, 1, 1, 1, 1, 1, 1, 1, 1, 1, 1, 1, 1, 0.936, 0.4766, 0.0432, 0 ], [ 0, 0.003, 0.264, 0.6908, 0.9892, 1, 1, 1, 1, 1, 1, 1, 1, 1, 1, 1, 1, 1, 1, 1, 1, 1, 1, 1, 1, 1, 1, 1, 1, 1, 1, 0.9609, 0.5314, 0.0679, 0, 0, 0 ], [ 0, 0, 0, 0, 0.1283, 0.5444, 0.9313, 1, 1, 1, 1, 1, 1, 1, 1, 1, 1, 1, 1, 1, 1, 1, 1, 1, 1, 1, 1, 1, 1, 0.9933, 0.5943, 0.1011, 0, 0, 0, 0, 0 ], [ 0, 0, 0, 0, 0, 0, 0.0399, 0.398, 0.808, 0.9986, 1, 1, 1, 1, 1, 1, 1, 1, 1, 1, 1, 1, 1, 1, 1, 1, 1, 1, 1, 0.5726, 0, 0, 0, 0, 0, 0, 0 ], [ 0, 0, 0, 0, 0, 0, 0, 0, 0, 0.1043, 0.2173, 0.2768, 0.2586, 0.1511, 0.1169, 0.1313, 0.1789, 0.2265, 0.2766, 0.3859, 0.5202, 0.6545, 0.7887, 0.9501, 1, 1, 1, 1, 0.453, 0.0074, 0, 0, 0, 0, 0, 0, 0 ], [ 0, 0, 0, 0, 0, 0, 0, 0, 0, 0, 0, 0, 0, 0, 0, 0, 0, 0, 0, 0, 0, 0, 0, 0.0115, 0.1803, 0.3991, 0.6179, 0.7556, 0.0094, 0, 0, 0, 0, 0, 0, 0, 0 ] ], "xmin": -20.583333333333336, "xmax": -19.041666666666668, "ymin": 63.458333333333321, "ymax": 63.875 }, "geometry": { "type": "MultiPolygon", "coordinates": [ [ [ [ -19.422586, 63.46187549900003 ], [ -19.623163609999949, 63.505759032000071 ], [ -19.801749042999973, 63.529736246000027 ], [ -19.960786110999948, 63.537301500000069 ], [ -20.026026628999944, 63.535525345000053 ], [ -20.078764541999931, 63.52875690500008 ], [ -20.130190004999974, 63.53154408000006 ], [ -20.18153381299993, 63.535040043000038 ], [ -20.229157350999969, 63.548964542000078 ], [ -20.578552499999944, 63.698085999000057 ], [ -20.573879499999975, 63.700817499000038 ], [ -20.571775945999946, 63.702539225000066 ], [ -20.563496482999938, 63.714892637000048 ], [ -20.563434773999973, 63.729494966000061 ], [ -20.559298673999933, 63.737219977000052 ], [ -20.542734676999942, 63.746571073000041 ], [ -20.518976256999963, 63.754369735000068 ], [ -20.382390319999956, 63.716366771000082 ], [ -20.317347914999971, 63.713685965000082 ], [ -20.308643682999957, 63.724687392000078 ], [ -20.323225179999952, 63.729806899000039 ], [ -20.337442529999976, 63.730693973000029 ], [ -20.363010072999941, 63.740024953000045 ], [ -20.37536769899998, 63.751712026000064 ], [ -20.373819641999944, 63.756774370000073 ], [ -20.363212100999931, 63.757057931000077 ], [ -20.349723662999963, 63.761717262000047 ], [ -20.343011502999957, 63.768573895000031 ], [ -20.345674091999967, 63.771441521000042 ], [ -20.332444155999951, 63.77491694500003 ], [ -20.32243176999998, 63.773218354000051 ], [ -20.303083697999966, 63.778769877000059 ], [ -20.29180357599995, 63.774084807000065 ], [ -20.254078918999937, 63.779009023000071 ], [ -20.236044604999961, 63.774333849000072 ], [ -20.23205594999996, 63.781657542000062 ], [ -20.220041574999982, 63.781190620000075 ], [ -20.215529395999965, 63.785697461000041 ], [ -20.183007933999932, 63.788825169000063 ], [ -20.175655168999981, 63.794534526000064 ], [ -20.166078550999941, 63.789479381000035 ], [ -20.160249689999944, 63.799319901000047 ], [ -20.140397087999929, 63.801087152000036 ], [ -20.130190004999974, 63.797444443000074 ], [ -20.108439336999936, 63.797119658000042 ], [ -20.101392698999973, 63.800583323000069 ], [ -20.084719797999981, 63.801643032000072 ], [ -20.057436124999981, 63.800431803000038 ], [ -20.032243921999964, 63.79567109900006 ], [ -20.02592126899998, 63.79142670400006 ], [ -20.022801930999947, 63.783960688000036 ], [ -19.992460243999972, 63.783107754000071 ], [ -19.940523269999971, 63.791400512000052 ], [ -19.854611625999951, 63.784429697000064 ], [ -19.738904885999943, 63.794722380000053 ], [ -19.56968760999996, 63.786106557000039 ], [ -19.542347545999974, 63.809355486000072 ], [ -19.516293954999981, 63.819509492000066 ], [ -19.487489019999941, 63.81644237200004 ], [ -19.474588175999941, 63.820380029000034 ], [ -19.431385761999934, 63.822260691000054 ], [ -19.407768940999972, 63.830642648000037 ], [ -19.391872743999954, 63.83245005200007 ], [ -19.380544158999953, 63.840199405000078 ], [ -19.348002928999961, 63.845491100000061 ], [ -19.320512769999937, 63.844475361000036 ], [ -19.317663130999961, 63.83113435100006 ], [ -19.304867077999972, 63.827370733000066 ], [ -19.289779591999945, 63.833163006000063 ], [ -19.25497618199995, 63.833456118000072 ], [ -19.242597798999952, 63.837752812000076 ], [ -19.235058647999949, 63.838680275000058 ], [ -19.227345568999965, 63.835034113000063 ], [ -19.227870475999964, 63.830841930000076 ], [ -19.234257010999954, 63.827920512000048 ], [ -19.231119563999982, 63.825445775000048 ], [ -19.202687524999931, 63.819850127000052 ], [ -19.174966195999957, 63.809380237000028 ], [ -19.144559098999935, 63.813014021000072 ], [ -19.122587727999928, 63.807377643000052 ], [ -19.113335579999955, 63.802001595000036 ], [ -19.111763120999967, 63.783222599000055 ], [ -19.079501, 63.723347999000055 ], [ -19.126867499999946, 63.698473999000043 ], [ -19.242030499999942, 63.637747499000056 ], [ -19.332877063999945, 63.589394962000028 ], [ -19.341226287999973, 63.57865509100003 ], [ -19.343825476999939, 63.570566966000058 ], [ -19.354748881999967, 63.562993500000061 ], [ -19.356552448999935, 63.551508950000027 ], [ -19.36243346699996, 63.542663232000052 ], [ -19.387915961999965, 63.535022667000078 ], [ -19.397521972999982, 63.529178244000036 ], [ -19.406096790999982, 63.50567228500006 ], [ -19.419943103999969, 63.490365809000082 ], [ -19.422586, 63.46187549900003 ] ] ] ] } },
{ "type": "Feature", "properties": { "GISCO_ID": "IS_8614", "CNTR_CODE": "IS", "LAU_ID": "8614", "LAU_NAME": "Rangárþing ytra", "cell_coverage": [ [ 0, 0, 0, 0, 0, 0, 0, 0, 0, 0, 0, 0, 0, 0, 0, 0, 0, 0, 0, 0, 0, 0, 0, 0, 0, 0, 0, 0, 0, 0, 0, 0, 0, 0, 0, 0, 0, 0, 0, 0, 0, 0, 0, 0, 0, 0, 0, 0, 0, 0.025, 0.394, 0.7317, 0.4058, 0.0489, 0, 0, 0 ], [ 0, 0, 0, 0, 0, 0, 0, 0, 0, 0, 0, 0, 0, 0, 0, 0, 0, 0, 0, 0, 0, 0, 0, 0, 0, 0, 0, 0, 0, 0, 0, 0, 0, 0, 0, 0, 0.0679, 0.0406, 0, 0, 0, 0, 0, 0, 0, 0, 0, 0.0406, 0.4365, 0.8903, 1, 1, 1, 0.9368, 0.5115, 0.0848, 0 ], [ 0, 0, 0, 0, 0, 0, 0, 0, 0, 0, 0, 0, 0, 0, 0, 0, 0, 0, 0, 0, 0, 0, 0, 0, 0, 0, 0, 0, 0, 0.0216, 0.2919, 0.6393, 0.5932, 0.4156, 0.5821, 0.8214, 0.9927, 0.8185, 0.5151, 0.3094, 0.1452, 0, 0, 0, 0, 0.025, 0.4787, 0.9172, 1, 1, 1, 1, 1, 1, 0.8545, 0.6458, 0.0976 ], [ 0, 0, 0, 0, 0, 0, 0, 0, 0, 0, 0, 0, 0, 0, 0, 0, 0, 0, 0, 0, 0, 0, 0, 0, 0, 0, 0.0239, 0.3897, 0.7026, 0.9331, 1, 1, 1, 1, 1, 1, 1, 1, 1, 1, 0.9722, 0.7974, 0.6763, 0.5144, 0.5004, 0.7452, 1, 1, 1, 1, 1, 1, 0.6814, 0.191, 0, 0, 0 ], [ 0, 0, 0, 0, 0, 0, 0, 0, 0, 0, 0, 0, 0, 0, 0, 0, 0, 0, 0, 0.0006, 0.1346, 0.1423, 0.0043, 0, 0, 0.1038, 0.8144, 1, 1, 1, 1, 1, 1, 1, 1, 1, 1, 1, 1, 1, 1, 1, 1, 1, 1, 1, 1, 1, 1, 1, 0.8671, 0.3852, 0, 0, 0, 0, 0 ], [ 0, 0, 0, 0, 0, 0, 0, 0, 0, 0, 0, 0, 0, 0, 0, 0, 0.0876, 0.3495, 0.4538, 0.8029, 1, 1, 0.9922, 0.5029, 0.4766, 0.8155, 1, 1, 1, 1, 1, 1, 1, 1, 1, 1, 1, 1, 1, 1, 1, 1, 1, 1, 1, 1, 1, 1, 0.9218, 0.4154, 0.0197, 0, 0, 0, 0, 0, 0 ], [ 0, 0, 0, 0, 0, 0, 0, 0.0151, 0.3476, 0.4531, 0.461, 0.364, 0.0222, 0.2342, 0.4966, 0.7807, 0.9951, 1, 1, 1, 1, 1, 1, 1, 1, 1, 1, 1, 1, 1, 1, 1, 1, 1, 1, 1, 1, 1, 1, 1, 1, 1, 1, 1, 1, 1, 0.772, 0.3927, 0.0591, 0, 0, 0, 0, 0, 0, 0, 0 ], [ 0, 0, 0, 0, 0, 0, 0.0012, 0.5225, 1, 1, 1, 1, 0.9535, 0.9985, 1, 1, 1, 1, 1, 1, 1, 1, 1, 1, 1, 1, 1, 1, 1, 1, 1, 1, 1, 1, 1, 1, 1, 1, 1, 1, 1, 1, 1, 1, 1, 0.8863, 0.1136, 0, 0, 0, 0, 0, 0, 0, 0, 0, 0 ], [ 0, 0, 0, 0, 0, 0, 0.0648, 0.4853, 0.9558, 1, 1, 1, 1, 1, 1, 1, 1, 1, 1, 1, 1, 1, 1, 1, 1, 1, 1, 1, 1, 1, 1, 1, 1, 1, 1, 1, 1, 1, 1, 1, 1, 1, 1, 1, 0.9302, 0.1829, 0, 0, 0, 0, 0, 0, 0, 0, 0, 0, 0 ], [ 0, 0, 0, 0, 0, 0, 0, 0.3577, 0.9721, 1, 1, 1, 1, 1, 1, 1, 1, 1, 1, 1, 1, 1, 1, 1, 1, 1, 1, 1, 1, 1, 1, 1, 1, 1, 1, 1, 1, 1, 1, 1, 1, 1, 1, 0.9929, 0.3369, 0.0052, 0, 0, 0, 0, 0, 0, 0, 0, 0, 0, 0 ], [ 0, 0, 0, 0.0407, 0.0535, 0, 0.083, 0.5249, 0.8699, 1, 1, 1, 1, 1, 1, 1, 1, 1, 1, 1, 1, 1, 1, 1, 1, 1, 1, 1, 1, 1, 1, 1, 1, 1, 0.9568, 0.7446, 0.9083, 0.9967, 0.9499, 1, 1, 1, 1, 1, 1, 0.4163, 0, 0, 0, 0, 0, 0, 0, 0, 0, 0, 0 ], [ 0, 0, 0.2596, 0.9076, 0.9458, 0.6141, 0, 0, 0.4335, 1, 1, 1, 1, 1, 1, 0.9925, 0.8306, 0.819, 0.7946, 0.9666, 1, 1, 1, 1, 1, 0.9861, 0.9435, 0.9873, 1, 1, 0.887, 0.4122, 0.3458, 0.2527, 0.0386, 0, 0.0564, 0.0016, 0.1302, 0.4531, 0.5327, 0.9058, 1, 1, 1, 0.4518, 0, 0, 0, 0, 0, 0, 0, 0, 0, 0, 0 ], [ 0.0055, 0.3774, 0.9108, 1, 1, 0.9909, 0.8692, 0.681, 0.952, 1, 0.9998, 0.6903, 0.3852, 0.3581, 0.2718, 0.0641, 0.0015, 0, 0, 0.1126, 0.1514, 0.0343, 0.0934, 0.1524, 0.0838, 0.0087, 0, 0.0022, 0.0404, 0.0913, 0.0514, 0, 0, 0, 0, 0, 0, 0, 0, 0, 0, 0.5128, 1, 0.8802, 0.3628, 0.0043, 0, 0, 0, 0, 0, 0, 0, 0, 0, 0, 0 ], [ 0, 0, 0.0149, 0.2851, 0.6473, 0.9593, 0.5877, 0.0092, 0.161, 0.4392, 0.7137, 0.5432, 0.179, 0, 0, 0, 0, 0, 0, 0, 0, 0, 0, 0, 0, 0, 0, 0, 0, 0, 0, 0, 0, 0, 0, 0, 0, 0, 0, 0, 0, 0.0592, 0.4173, 0.0269, 0, 0, 0, 0, 0, 0, 0, 0, 0, 0, 0, 0, 0 ], [ 0, 0, 0, 0, 0, 0.0507, 0.0639, 0, 0, 0, 0, 0, 0, 0, 0, 0, 0, 0, 0, 0, 0, 0, 0, 0, 0, 0, 0, 0, 0, 0, 0, 0, 0, 0, 0, 0, 0, 0, 0, 0, 0, 0, 0, 0, 0, 0, 0, 0, 0, 0, 0, 0, 0, 0, 0, 0, 0 ] ], "xmin": -20.833333333333336, "xmax": -18.458333333333336, "ymin": 63.666666666666657, "ymax": 64.291666666666657 }, "geometry": { "type": "MultiPolygon", "coordinates": [ [ [ [ -20.558427, 63.949558499000034 ], [ -20.526892259999954, 63.969075224000051 ], [ -20.519955487999937, 63.977225325000063 ], [ -20.513686500999938, 63.992679156000065 ], [ -20.502999603999967, 64.004635226000062 ], [ -20.492798022999978, 64.010770286000081 ], [ -20.467077707999977, 64.01864314200003 ], [ -20.357457570999941, 64.019512576000068 ], [ -20.354934949999972, 64.014287773000035 ], [ -20.338776003999953, 64.010523597000031 ], [ -20.32131876699998, 63.999319076000063 ], [ -20.307746025999961, 63.995459402000051 ], [ -20.282732855999939, 64.000889377000078 ], [ -20.258658582999942, 64.018968904000076 ], [ -20.218208046999962, 64.020566313000074 ], [ -20.192840855999975, 64.033639304000076 ], [ -20.173483560999955, 64.033626674000061 ], [ -20.161917617999961, 64.041511515000082 ], [ -20.141495521999957, 64.045141160000071 ], [ -20.130190004999974, 64.050505958000031 ], [ -20.095847482999943, 64.057415406000075 ], [ -20.086161714999946, 64.062174741000035 ], [ -20.052617237999982, 64.058616335000067 ], [ -20.007838887999981, 64.082206295000049 ], [ -19.957467527999938, 64.094041984000057 ], [ -19.944402177999962, 64.093030106000072 ], [ -19.93309962099994, 64.086993810000081 ], [ -19.915662250999958, 64.082978438000055 ], [ -19.889433137999958, 64.084038731000078 ], [ -19.866107899999975, 64.079403552000031 ], [ -19.860612253999932, 64.075193336000041 ], [ -19.869336072999943, 64.069066141000064 ], [ -19.869400137999946, 64.058789237000042 ], [ -19.864694687999929, 64.057085882000081 ], [ -19.797421991999954, 64.06267464900003 ], [ -19.772877026999936, 64.071135267000045 ], [ -19.767531701999928, 64.08428209300007 ], [ -19.756249527999955, 64.096727519000069 ], [ -19.738761225999951, 64.110483262000059 ], [ -19.732182466999973, 64.119565338000029 ], [ -19.720633355999951, 64.12319070500007 ], [ -19.706442655999979, 64.134768244000043 ], [ -19.652667596999947, 64.153187102000061 ], [ -19.614579122999942, 64.161035806000029 ], [ -19.563086, 64.178678499000057 ], [ -19.542648245999942, 64.185480004000055 ], [ -19.529456834999962, 64.193590336000057 ], [ -19.519488887999955, 64.19514593100007 ], [ -19.487787277999928, 64.194453973000066 ], [ -19.450510976999965, 64.183313264000049 ], [ -19.42604692599997, 64.183694064000065 ], [ -19.291747502999954, 64.215822348000074 ], [ -19.281511838999961, 64.213130824000075 ], [ -19.275586951999969, 64.204779646000077 ], [ -19.258874453999965, 64.196388757000079 ], [ -19.260270159999948, 64.188533820000032 ], [ -19.219305568999971, 64.188563366000039 ], [ -19.17973743899995, 64.176842476000047 ], [ -19.139832059999947, 64.173122616000057 ], [ -19.12940778199993, 64.169359995000036 ], [ -19.134137315999965, 64.162428291000083 ], [ -19.125344472999927, 64.159106700000052 ], [ -19.090689742999928, 64.157794981000052 ], [ -19.004415859999938, 64.14367184200006 ], [ -18.98385461099997, 64.14691249200007 ], [ -18.95704630299997, 64.144961650000027 ], [ -18.944116572999974, 64.148960704000046 ], [ -18.915164213999958, 64.177372525000067 ], [ -18.690127382999947, 64.285104477000061 ], [ -18.604492393999976, 64.24992747500005 ], [ -18.532773369999973, 64.215290854000045 ], [ -18.480679, 64.196263499000054 ], [ -18.504761621999933, 64.183189372000072 ], [ -18.563145224999971, 64.17341371100008 ], [ -18.597242502999961, 64.162190908000071 ], [ -18.642931102999967, 64.141197589000058 ], [ -18.66750654599997, 64.124124516000052 ], [ -18.677875323999956, 64.112281515000063 ], [ -18.712153399999977, 64.096727519000069 ], [ -18.748371964999933, 64.078298760000052 ], [ -18.759785588999932, 64.068919896000068 ], [ -18.783249268999953, 64.062391823000041 ], [ -18.800866619999965, 64.048271405000037 ], [ -18.827214475999938, 64.034297798000068 ], [ -18.908082619999959, 64.00731896700006 ], [ -18.900806781999961, 64.000626985000054 ], [ -18.905791420999947, 63.992703682000069 ], [ -18.904052026999977, 63.988021654000079 ], [ -18.915735708999932, 63.981280543000082 ], [ -18.944390454999962, 63.94671674500006 ], [ -19.004519787999982, 63.885092041000064 ], [ -18.947348793999936, 63.874824371000045 ], [ -18.936206440999968, 63.839701974000036 ], [ -18.939017727999953, 63.800027345000046 ], [ -18.99402035199995, 63.767825339000069 ], [ -19.079501, 63.723347999000055 ], [ -19.111763120999967, 63.783222599000055 ], [ -19.113335579999955, 63.802001595000036 ], [ -19.122587727999928, 63.807377643000052 ], [ -19.144559098999935, 63.813014021000072 ], [ -19.174966195999957, 63.809380237000028 ], [ -19.202687524999931, 63.819850127000052 ], [ -19.231119563999982, 63.825445775000048 ], [ -19.234257010999954, 63.827920512000048 ], [ -19.227870475999964, 63.830841930000076 ], [ -19.227345568999965, 63.835034113000063 ], [ -19.235058647999949, 63.838680275000058 ], [ -19.242597798999952, 63.837752812000076 ], [ -19.25497618199995, 63.833456118000072 ], [ -19.289779591999945, 63.833163006000063 ], [ -19.304867077999972, 63.827370733000066 ], [ -19.317663130999961, 63.83113435100006 ], [ -19.320512769999937, 63.844475361000036 ], [ -19.348002928999961, 63.845491100000061 ], [ -19.380544158999953, 63.840199405000078 ], [ -19.391872743999954, 63.83245005200007 ], [ -19.407768940999972, 63.830642648000037 ], [ -19.431385761999934, 63.822260691000054 ], [ -19.474588175999941, 63.820380029000034 ], [ -19.487489019999941, 63.81644237200004 ], [ -19.516293954999981, 63.819509492000066 ], [ -19.542347545999974, 63.809355486000072 ], [ -19.56968760999996, 63.786106557000039 ], [ -19.738904885999943, 63.794722380000053 ], [ -19.854611625999951, 63.784429697000064 ], [ -19.940523269999971, 63.791400512000052 ], [ -19.992460243999972, 63.783107754000071 ], [ -20.022801930999947, 63.783960688000036 ], [ -20.02592126899998, 63.79142670400006 ], [ -20.032243921999964, 63.79567109900006 ], [ -20.057436124999981, 63.800431803000038 ], [ -20.084719797999981, 63.801643032000072 ], [ -20.101392698999973, 63.800583323000069 ], [ -20.108439336999936, 63.797119658000042 ], [ -20.130190004999974, 63.797444443000074 ], [ -20.140397087999929, 63.801087152000036 ], [ -20.160249689999944, 63.799319901000047 ], [ -20.166078550999941, 63.789479381000035 ], [ -20.175655168999981, 63.794534526000064 ], [ -20.183007933999932, 63.788825169000063 ], [ -20.215529395999965, 63.785697461000041 ], [ -20.220041574999982, 63.781190620000075 ], [ -20.23205594999996, 63.781657542000062 ], [ -20.236044604999961, 63.774333849000072 ], [ -20.254078918999937, 63.779009023000071 ], [ -20.29180357599995, 63.774084807000065 ], [ -20.303083697999966, 63.778769877000059 ], [ -20.32243176999998, 63.773218354000051 ], [ -20.332444155999951, 63.77491694500003 ], [ -20.345674091999967, 63.771441521000042 ], [ -20.343011502999957, 63.768573895000031 ], [ -20.349723662999963, 63.761717262000047 ], [ -20.363212100999931, 63.757057931000077 ], [ -20.373819641999944, 63.756774370000073 ], [ -20.37536769899998, 63.751712026000064 ], [ -20.363010072999941, 63.740024953000045 ], [ -20.337442529999976, 63.730693973000029 ], [ -20.323225179999952, 63.729806899000039 ], [ -20.308643682999957, 63.724687392000078 ], [ -20.317347914999971, 63.713685965000082 ], [ -20.382390319999956, 63.716366771000082 ], [ -20.518976256999963, 63.754369735000068 ], [ -20.542734676999942, 63.746571073000041 ], [ -20.559298673999933, 63.737219977000052 ], [ -20.563434773999973, 63.729494966000061 ], [ -20.563496482999938, 63.714892637000048 ], [ -20.571775945999946, 63.702539225000066 ], [ -20.573879499999975, 63.700817499000038 ], [ -20.578552499999944, 63.698085999000057 ], [ -20.589256428999931, 63.702539225000066 ], [ -20.735084021999967, 63.75535427300008 ], [ -20.777905056999941, 63.768893035000076 ], [ -20.797829499999978, 63.772406999000054 ], [ -20.78966749999995, 63.775093499000036 ], [ -20.763965499999927, 63.784368999000037 ], [ -20.758415499999956, 63.786570999000048 ], [ -20.752861, 63.789242999000066 ], [ -20.749544499999956, 63.791354499000079 ], [ -20.747456499999942, 63.792879999000036 ], [ -20.745532499999968, 63.793864499000051 ], [ -20.743077, 63.794753999000079 ], [ -20.739236, 63.795923499000082 ], [ -20.734109499999931, 63.797936999000058 ], [ -20.730257499999936, 63.800140999000064 ], [ -20.721137499999941, 63.807698499000082 ], [ -20.703398499999935, 63.819259999000053 ], [ -20.697746499999937, 63.824964499000032 ], [ -20.696224, 63.827877999000066 ], [ -20.692807, 63.833492999000043 ], [ -20.690012499999966, 63.836173999000039 ], [ -20.676069121999944, 63.835415753000063 ], [ -20.658033786999965, 63.840553972000066 ], [ -20.64068528599995, 63.829573207000067 ], [ -20.611315739999952, 63.82386166100008 ], [ -20.600300902999948, 63.824288773000035 ], [ -20.587975700999948, 63.807446174000063 ], [ -20.594286127999965, 63.791040915000053 ], [ -20.499573192999947, 63.776668828000084 ], [ -20.466338011999937, 63.82526127400007 ], [ -20.482391123999946, 63.841090044000055 ], [ -20.503040609999971, 63.848919712000054 ], [ -20.551185160999978, 63.839041088000045 ], [ -20.552365667999936, 63.848662066000031 ], [ -20.550515258999951, 63.85340003500005 ], [ -20.532178004999935, 63.858021830000041 ], [ -20.524182122999946, 63.864066498000057 ], [ -20.51896288599994, 63.869401124000035 ], [ -20.517103028999941, 63.878799930000071 ], [ -20.512926153999956, 63.883709215000067 ], [ -20.53006438999995, 63.888712509000072 ], [ -20.532989947999965, 63.896952166000062 ], [ -20.499678949999975, 63.90390693900008 ], [ -20.488853694999932, 63.923763549000057 ], [ -20.511145135999982, 63.927840682000067 ], [ -20.516211109999972, 63.941260763000059 ], [ -20.558427, 63.949558499000034 ] ] ] ] } },
{ "type": "Feature", "properties": { "GISCO_ID": "IS_8710", "CNTR_CODE": "IS", "LAU_ID": "8710", "LAU_NAME": "Hrunamannahreppur", "cell_coverage": [ [ 0, 0, 0, 0, 0, 0, 0, 0, 0, 0, 0, 0, 0, 0, 0, 0, 0, 0, 0, 0, 0, 0, 0, 0, 0, 0, 0, 0, 0, 0, 0, 0, 0, 0, 0, 0, 0, 0, 0, 0.1177, 0.305 ], [ 0, 0, 0, 0, 0, 0, 0, 0, 0, 0, 0, 0, 0, 0, 0, 0, 0, 0, 0, 0, 0, 0, 0, 0, 0, 0, 0, 0, 0, 0, 0, 0, 0, 0, 0, 0, 0.1186, 0.4475, 0.7805, 0.7743, 0.2334 ], [ 0, 0, 0, 0, 0, 0, 0, 0, 0, 0, 0, 0, 0, 0, 0, 0, 0, 0, 0, 0, 0, 0, 0, 0, 0, 0.0013, 0, 0, 0, 0, 0, 0, 0.0003, 0.1402, 0.4486, 0.7815, 0.9959, 0.8588, 0.3312, 0.0029, 0 ], [ 0, 0, 0, 0, 0, 0, 0, 0, 0, 0, 0, 0, 0, 0, 0, 0, 0, 0, 0, 0, 0, 0, 0, 0.1494, 0.5904, 0.8762, 0.8033, 0.5616, 0.5832, 0.7248, 0.791, 0.9376, 0.9396, 1, 1, 0.9211, 0.4307, 0.0221, 0, 0, 0 ], [ 0, 0, 0, 0, 0, 0, 0, 0, 0, 0, 0, 0, 0, 0, 0, 0, 0, 0, 0, 0, 0, 0.1457, 0.5126, 0.9081, 1, 1, 1, 1, 1, 1, 1, 1, 1, 0.9654, 0.5302, 0.0593, 0, 0, 0, 0, 0 ], [ 0, 0, 0, 0, 0, 0, 0, 0, 0, 0, 0, 0, 0, 0, 0, 0, 0, 0, 0, 0.1581, 0.643, 0.9904, 1, 1, 1, 1, 1, 1, 1, 1, 1, 0.9917, 0.6297, 0.1145, 0, 0, 0, 0, 0, 0, 0 ], [ 0, 0, 0, 0, 0, 0, 0, 0, 0, 0, 0, 0, 0, 0, 0, 0, 0, 0, 0.468, 0.9697, 1, 1, 1, 1, 1, 1, 1, 1, 1, 1, 0.7292, 0.1877, 0, 0, 0, 0, 0, 0, 0, 0, 0 ], [ 0, 0, 0, 0, 0, 0, 0, 0, 0, 0, 0, 0, 0, 0, 0, 0, 0, 0, 0.6182, 1, 1, 1, 1, 1, 1, 1, 1, 1, 0.8242, 0.2804, 0, 0, 0, 0, 0, 0, 0, 0, 0, 0, 0 ], [ 0, 0, 0, 0, 0, 0, 0, 0, 0, 0, 0, 0, 0, 0, 0, 0, 0.0818, 0.3703, 0.9759, 1, 1, 1, 1, 1, 1, 1, 0.904, 0.3941, 0.0119, 0, 0, 0, 0, 0, 0, 0, 0, 0, 0, 0, 0 ], [ 0, 0, 0, 0, 0, 0, 0, 0, 0, 0, 0, 0, 0.4445, 0.5803, 0.5907, 0.7682, 0.9942, 1, 1, 1, 1, 1, 1, 0.9958, 0.8224, 0.5813, 0.0514, 0, 0, 0, 0, 0, 0, 0, 0, 0, 0, 0, 0, 0, 0 ], [ 0, 0, 0, 0, 0, 0, 0, 0, 0, 0, 0, 0.1977, 0.9896, 1, 1, 1, 1, 1, 1, 1, 1, 1, 0.7134, 0.218, 0, 0, 0, 0, 0, 0, 0, 0, 0, 0, 0, 0, 0, 0, 0, 0, 0 ], [ 0, 0, 0, 0, 0, 0, 0, 0, 0, 0.002, 0.3676, 0.9519, 1, 1, 1, 1, 1, 1, 1, 1, 0.977, 0.389, 0.0195, 0, 0, 0, 0, 0, 0, 0, 0, 0, 0, 0, 0, 0, 0, 0, 0, 0, 0 ], [ 0, 0, 0, 0, 0, 0, 0, 0.0033, 0.4468, 0.9268, 1, 1, 1, 1, 0.9981, 1, 1, 0.8393, 0.425, 0.0711, 0.0209, 0, 0, 0, 0, 0, 0, 0, 0, 0, 0, 0, 0, 0, 0, 0, 0, 0, 0, 0, 0 ], [ 0, 0, 0, 0, 0, 0, 0.2109, 0.7446, 1, 1, 1, 0.9128, 0.4282, 0.1279, 0.381, 0.7882, 0.6186, 0.0904, 0, 0, 0, 0, 0, 0, 0, 0, 0, 0, 0, 0, 0, 0, 0, 0, 0, 0, 0, 0, 0, 0, 0 ], [ 0, 0, 0, 0, 0.0015, 0.3664, 0.9726, 1, 1, 1, 0.8087, 0.1164, 0, 0, 0, 0, 0, 0, 0, 0, 0, 0, 0, 0, 0, 0, 0, 0, 0, 0, 0, 0, 0, 0, 0, 0, 0, 0, 0, 0, 0 ], [ 0, 0, 0, 0.0063, 0.6038, 1, 1, 1, 0.7874, 0.2957, 0.0401, 0, 0, 0, 0, 0, 0, 0, 0, 0, 0, 0, 0, 0, 0, 0, 0, 0, 0, 0, 0, 0, 0, 0, 0, 0, 0, 0, 0, 0, 0 ], [ 0.189, 0.3987, 0.5346, 0.8411, 1, 1, 0.9356, 0.36, 0.0003, 0, 0, 0, 0, 0, 0, 0, 0, 0, 0, 0, 0, 0, 0, 0, 0, 0, 0, 0, 0, 0, 0, 0, 0, 0, 0, 0, 0, 0, 0, 0, 0 ], [ 0.5151, 1, 1, 1, 1, 0.7035, 0.0643, 0, 0, 0, 0, 0, 0, 0, 0, 0, 0, 0, 0, 0, 0, 0, 0, 0, 0, 0, 0, 0, 0, 0, 0, 0, 0, 0, 0, 0, 0, 0, 0, 0, 0 ], [ 0.0536, 0.407, 0.5491, 0.648, 0.4283, 0.0111, 0, 0, 0, 0, 0, 0, 0, 0, 0, 0, 0, 0, 0, 0, 0, 0, 0, 0, 0, 0, 0, 0, 0, 0, 0, 0, 0, 0, 0, 0, 0, 0, 0, 0, 0 ] ], "xmin": -20.5, "xmax": -18.791666666666668, "ymin": 64.041666666666643, "ymax": 64.833333333333314 }, "geometry": { "type": "MultiPolygon", "coordinates": [ [ [ [ -18.811802, 64.81049899900006 ], [ -18.791921625999976, 64.793327404000081 ], [ -19.242597798999952, 64.545566003000033 ], [ -19.290115499999956, 64.51933899900007 ], [ -19.325278454999932, 64.499687565000045 ], [ -19.408400211999947, 64.453340301000082 ], [ -19.439265019999937, 64.430157555000051 ], [ -19.493132475999971, 64.422149991000083 ], [ -19.52062826699995, 64.410292937000065 ], [ -19.523711825999953, 64.40314851200003 ], [ -19.568606195999962, 64.386987999000041 ], [ -19.579284221999956, 64.369561155000042 ], [ -19.597631483999976, 64.363262940000084 ], [ -19.620818425999971, 64.350154301000032 ], [ -19.629111577999936, 64.336243245000048 ], [ -19.643317022999952, 64.331879882000067 ], [ -19.689185420999934, 64.332052093000073 ], [ -19.702346535999936, 64.328148784000064 ], [ -19.708842394999976, 64.320869831000039 ], [ -19.719090108999978, 64.316103112000064 ], [ -19.742827145999968, 64.314099507000037 ], [ -19.757725326999946, 64.309026517000063 ], [ -19.761564771999929, 64.302867402000061 ], [ -19.772004802999959, 64.295395695000082 ], [ -19.773886587999982, 64.288994355000057 ], [ -19.80999709699995, 64.264244388000066 ], [ -19.822786377999932, 64.26147939100008 ], [ -19.847290371999975, 64.261640293000028 ], [ -19.864330152999969, 64.255232722000073 ], [ -19.879684042999941, 64.25693700100004 ], [ -19.892351475999931, 64.270856504000051 ], [ -19.901659990999974, 64.274077831000056 ], [ -19.898094423999964, 64.278258998000069 ], [ -19.898166476999961, 64.287713892000056 ], [ -19.911584800999947, 64.29255418200006 ], [ -19.934867304999955, 64.288465705000078 ], [ -19.955989621999947, 64.279342123000049 ], [ -19.971890435999967, 64.279198646000054 ], [ -20.019823134999967, 64.251931745000036 ], [ -20.025756770999976, 64.243498059000046 ], [ -20.057188708999945, 64.222687784000072 ], [ -20.056703299999981, 64.217722217000073 ], [ -20.066680385999973, 64.205251302000079 ], [ -20.08461757799995, 64.203372595000076 ], [ -20.106141548999972, 64.196684988000072 ], [ -20.133896972999935, 64.179732612000066 ], [ -20.151346095999941, 64.173998796000035 ], [ -20.17422346099994, 64.161863615000073 ], [ -20.210604873999955, 64.134347116000072 ], [ -20.242604705999952, 64.118566211000029 ], [ -20.252277747999983, 64.110766604000048 ], [ -20.253488459999971, 64.10566908100003 ], [ -20.27383688499998, 64.096727519000069 ], [ -20.281133611999962, 64.084779027000081 ], [ -20.290776218999952, 64.080444405000037 ], [ -20.290673536999975, 64.07287610000003 ], [ -20.312066027999947, 64.063893783000083 ], [ -20.327982304999978, 64.062823878000074 ], [ -20.345997470999976, 64.054410734000044 ], [ -20.389199557999973, 64.058798687000035 ], [ -20.421560553999939, 64.065594731000033 ], [ -20.430350765999947, 64.06366421000007 ], [ -20.445200344999932, 64.065297050000083 ], [ -20.451320013999975, 64.068356248000043 ], [ -20.453490590999934, 64.07373149700004 ], [ -20.463130499999977, 64.074851499000033 ], [ -20.472987960999944, 64.081519825000044 ], [ -20.475696505999963, 64.096727519000069 ], [ -20.478029045999961, 64.103672847000041 ], [ -20.486962370999947, 64.109041902000058 ], [ -20.483580522999944, 64.115335998000035 ], [ -20.48558733699997, 64.13187802300007 ], [ -20.482174443999952, 64.137695114000053 ], [ -20.454084814999931, 64.137198308000052 ], [ -20.439755035999951, 64.142279960000053 ], [ -20.378620669999975, 64.149157414000058 ], [ -20.334402625999928, 64.169312801000046 ], [ -20.325658099999941, 64.176388425000027 ], [ -20.307817503999956, 64.199745472000075 ], [ -20.251209617999962, 64.236232722000068 ], [ -20.239953685999978, 64.253141906000053 ], [ -20.217344769999954, 64.265581208000071 ], [ -20.201905138999962, 64.269712585000036 ], [ -20.197498160999942, 64.275575591000063 ], [ -20.159039545999974, 64.298964955000031 ], [ -20.150239432999967, 64.310126655000033 ], [ -20.133896972999935, 64.318110487000069 ], [ -20.113687512999945, 64.329402684000058 ], [ -20.082036150999954, 64.334622171000035 ], [ -20.058249453999963, 64.347657983000033 ], [ -20.056270458999961, 64.355890042000055 ], [ -20.051835341999947, 64.36046108000005 ], [ -20.033365875999948, 64.370596316000046 ], [ -20.010994933999939, 64.378323532000081 ], [ -20.00941348899994, 64.403105494000044 ], [ -19.991542625999955, 64.41833514700005 ], [ -19.996347753999942, 64.428478210000037 ], [ -19.966241147999938, 64.443648024000083 ], [ -19.955875412999944, 64.445327527000074 ], [ -19.938995365999972, 64.438811220000048 ], [ -19.871784604999959, 64.442654474000051 ], [ -19.825320203999979, 64.458435129000065 ], [ -19.766433574999951, 64.472849585000063 ], [ -19.75739280199997, 64.479506485000059 ], [ -19.742344310999954, 64.499687565000045 ], [ -19.734678304999932, 64.505169316000035 ], [ -19.733118945999934, 64.51177363100004 ], [ -19.724669268999946, 64.518573146000051 ], [ -19.726760654999964, 64.52668015900008 ], [ -19.743544863999944, 64.533425054000077 ], [ -19.742452940999954, 64.550003168000046 ], [ -19.732323703999953, 64.563476715000036 ], [ -19.722770302999947, 64.56594457500006 ], [ -19.718113199999948, 64.571647733000077 ], [ -19.705362144999981, 64.57639918600006 ], [ -19.683550801999957, 64.593708088000028 ], [ -19.659346747999962, 64.599043903000052 ], [ -19.646564609999928, 64.613197392000075 ], [ -19.631350546999954, 64.616452141000082 ], [ -19.628994570999964, 64.621314297000083 ], [ -19.619004379999978, 64.62292672500007 ], [ -19.616433337999979, 64.626984439000069 ], [ -19.593957055999965, 64.63526764900007 ], [ -19.58399407099995, 64.636088835000066 ], [ -19.572324608999963, 64.648954064000066 ], [ -19.553428401999952, 64.646406986000045 ], [ -19.53838125599998, 64.649152965000042 ], [ -19.531763970999975, 64.660395359000063 ], [ -19.505315611999947, 64.68370969700004 ], [ -19.46372951799998, 64.695510650000074 ], [ -19.444468066999946, 64.708503894000046 ], [ -19.436192292999976, 64.708680819000051 ], [ -19.42319506299998, 64.696266299000058 ], [ -19.416274273999932, 64.697084871000072 ], [ -19.408791132999966, 64.702696118000063 ], [ -19.397075500999961, 64.703279862000045 ], [ -19.372037231999968, 64.693033695000054 ], [ -19.370861289999937, 64.688819500000079 ], [ -19.366124513999978, 64.687501886000064 ], [ -19.330886346999932, 64.692851486000052 ], [ -19.304784873999949, 64.689023133000035 ], [ -19.263863173999937, 64.699537368000051 ], [ -19.242597798999952, 64.696883741000079 ], [ -19.18979927099997, 64.706843499000058 ], [ -19.179505533999929, 64.70476349300003 ], [ -19.168380787999979, 64.708048026000029 ], [ -19.153042065999955, 64.703921783000055 ], [ -19.138302296999939, 64.705479120000064 ], [ -19.092466205999926, 64.717046052000057 ], [ -18.811802, 64.81049899900006 ] ] ] ] } },
{ "type": "Feature", "properties": { "GISCO_ID": "IS_8716", "CNTR_CODE": "IS", "LAU_ID": "8716", "LAU_NAME": "Hveragerðisbær", "cell_coverage": [ [ 0.2161, 0.2335, 0 ], [ 0.1206, 0.303, 0.0808 ] ], "xmin": -21.25, "xmax": -21.125, "ymin": 63.958333333333321, "ymax": 64.041666666666657 }, "geometry": { "type": "MultiPolygon", "coordinates": [ [ [ [ -21.23326211899996, 64.015793210000083 ], [ -21.209066517999929, 64.021873381000034 ], [ -21.188654668999959, 64.013561180000067 ], [ -21.182705442999975, 64.00376629200008 ], [ -21.168856794999954, 63.99171401600006 ], [ -21.153317010999956, 63.992872354000042 ], [ -21.148781844999974, 63.991050918000042 ], [ -21.148842085999945, 63.988240332000032 ], [ -21.152483632999974, 63.981436751000047 ], [ -21.170291049999946, 63.988611331000072 ], [ -21.180320867999967, 63.985546515000067 ], [ -21.184748058999958, 63.980249778000029 ], [ -21.199836989999937, 63.98911712000006 ], [ -21.213510462999977, 63.985066043000074 ], [ -21.23177693599996, 64.000044054000057 ], [ -21.221543315999952, 64.005599854000081 ], [ -21.23326211899996, 64.015793210000083 ] ] ] ] } },
{ "type": "Feature", "properties": { "GISCO_ID": "IS_8717", "CNTR_CODE": "IS", "LAU_ID": "8717", "LAU_NAME": "Sveitarfélagið Ölfus", "cell_coverage": [ [ 0, 0, 0, 0, 0, 0, 0, 0, 0, 0, 0, 0.2837, 0.0634, 0, 0, 0, 0, 0, 0, 0, 0, 0, 0 ], [ 0, 0, 0, 0, 0, 0, 0, 0, 0, 0, 0.3118, 0.9933, 0.9494, 0.5585, 0.1535, 0.0002, 0, 0, 0, 0, 0, 0, 0 ], [ 0, 0, 0, 0, 0, 0, 0, 0, 0.0228, 0.542, 0.993, 1, 1, 1, 1, 0.6167, 0.4118, 0.3421, 0.0806, 0, 0, 0, 0 ], [ 0, 0, 0, 0, 0, 0, 0, 0.0032, 0.72, 1, 1, 1, 1, 1, 1, 1, 0.7839, 0.7665, 0.9503, 0.6292, 0.257, 0.1468, 0.1164 ], [ 0, 0, 0, 0, 0.118, 0.2143, 0.3347, 0.7714, 1, 1, 1, 1, 1, 1, 1, 1, 0.8794, 0.697, 0.9192, 1, 1, 0.8527, 0.7422 ], [ 0, 0, 0.1009, 0.6226, 0.9927, 1, 1, 1, 1, 1, 1, 1, 1, 1, 1, 1, 0.7103, 0.5511, 0.6075, 0.5523, 0.5004, 0.1864, 0.0443 ], [ 0.0381, 0.4902, 0.9543, 1, 1, 1, 1, 1, 1, 1, 1, 1, 1, 0.9769, 0.8646, 0.8277, 0.2259, 0, 0, 0, 0, 0, 0 ], [ 0.6598, 0.6561, 0.3288, 0.2559, 0.5491, 0.9936, 1, 1, 0.9859, 0.9081, 0.7747, 0.7159, 0.7502, 0.1321, 0, 0, 0, 0, 0, 0, 0, 0, 0 ], [ 0, 0, 0, 0, 0, 0.1186, 0.2607, 0.1345, 0.0078, 0, 0, 0, 0, 0, 0, 0, 0, 0, 0, 0, 0, 0, 0 ] ], "xmin": -21.916666666666668, "xmax": -20.958333333333336, "ymin": 63.791666666666657, "ymax": 64.166666666666657 }, "geometry": { "type": "MultiPolygon", "coordinates": [ [ [ [ -20.983393499999977, 63.952740999000071 ], [ -21.028543735999961, 63.97389449700006 ], [ -21.023019372999954, 63.947060495000073 ], [ -21.032173451999938, 63.938134536000064 ], [ -21.091360069999951, 63.936860683000077 ], [ -21.13596214599994, 63.931744844000036 ], [ -21.184178258999964, 63.936483420000059 ], [ -21.222864051999977, 63.93233517300007 ], [ -21.243904590999932, 63.924030400000049 ], [ -21.252308106999976, 63.913525186000072 ], [ -21.249665634999928, 63.900590607000083 ], [ -21.240508505999969, 63.893059740000069 ], [ -21.210137499999973, 63.878857999000047 ], [ -21.215174041999944, 63.876589673000069 ], [ -21.250154007999981, 63.881216462000054 ], [ -21.286062282999978, 63.882266517000062 ], [ -21.327886771999943, 63.879761419000033 ], [ -21.357924969999942, 63.874389822000069 ], [ -21.373258680999982, 63.867954646000044 ], [ -21.375023638999949, 63.864961856000036 ], [ -21.365966922999974, 63.861417292000056 ], [ -21.367884169999968, 63.855796240000075 ], [ -21.361956348999968, 63.851076443000068 ], [ -21.372122961999935, 63.845350217000032 ], [ -21.406067060999931, 63.842753437000056 ], [ -21.459120267999936, 63.846830412000031 ], [ -21.49543026799995, 63.839339111000072 ], [ -21.588433865999946, 63.831373677000045 ], [ -21.60921579799998, 63.826109278000047 ], [ -21.650145969999983, 63.821150235000061 ], [ -21.677245831999983, 63.824461753000037 ], [ -21.706350019999945, 63.83535459400008 ], [ -21.734401455999944, 63.858023889000037 ], [ -21.760190633999969, 63.864091588000065 ], [ -21.813122497999927, 63.866494356000032 ], [ -21.820505390999983, 63.856336164000083 ], [ -21.828941992999944, 63.852110455000059 ], [ -21.867228395999973, 63.845243805000052 ], [ -21.89943556299994, 63.842863745000045 ], [ -21.914782499999944, 63.837742499000058 ], [ -21.916402, 63.860256499000059 ], [ -21.785147499999937, 63.934423499000047 ], [ -21.760190633999969, 63.948689164000029 ], [ -21.732042499999977, 63.964778999000032 ], [ -21.647999499999969, 63.969467499000075 ], [ -21.570639508999932, 64.006551756000079 ], [ -21.58485173899993, 64.017320258000041 ], [ -21.584738502999983, 64.020001925000031 ], [ -21.568578712999965, 64.030009331000031 ], [ -21.551332589999959, 64.034978059000082 ], [ -21.554455308999934, 64.04000112500006 ], [ -21.503449499999931, 64.076792999000077 ], [ -21.500636996999958, 64.078765191000059 ], [ -21.475157499999966, 64.096631999000067 ], [ -21.439225499999964, 64.145245499000055 ], [ -21.317175499999962, 64.089796499000045 ], [ -21.292762499999981, 64.085165499000027 ], [ -21.286063873999979, 64.078765191000059 ], [ -21.264464370999974, 64.059436092000055 ], [ -21.219637036999927, 64.05881017400003 ], [ -21.163670571999944, 64.053780553000081 ], [ -21.147737620999976, 64.04241713600004 ], [ -21.109562469999958, 64.027256176000037 ], [ -21.086993347999964, 64.021385877000057 ], [ -21.030088473999967, 63.996579964000034 ], [ -21.024638560999961, 63.998651154000072 ], [ -21.007318005999934, 64.01596065800004 ], [ -21.001620634999938, 64.017864736000035 ], [ -20.977729373999978, 64.001329087000045 ], [ -20.963606, 63.98567599900008 ], [ -20.970266369999933, 63.97535341300005 ], [ -20.967912180999974, 63.962276316000043 ], [ -20.974266352999962, 63.955291793000072 ], [ -20.983393499999977, 63.952740999000071 ] ], [ [ -21.23326211899996, 64.015793210000083 ], [ -21.221543315999952, 64.005599854000081 ], [ -21.23177693599996, 64.000044054000057 ], [ -21.213510462999977, 63.985066043000074 ], [ -21.199836989999937, 63.98911712000006 ], [ -21.184748058999958, 63.980249778000029 ], [ -21.180320867999967, 63.985546515000067 ], [ -21.170291049999946, 63.988611331000072 ], [ -21.152483632999974, 63.981436751000047 ], [ -21.148842085999945, 63.988240332000032 ], [ -21.148781844999974, 63.991050918000042 ], [ -21.153317010999956, 63.992872354000042 ], [ -21.168856794999954, 63.99171401600006 ], [ -21.182705442999975, 64.00376629200008 ], [ -21.188654668999959, 64.013561180000067 ], [ -21.209066517999929, 64.021873381000034 ], [ -21.23326211899996, 64.015793210000083 ] ] ] ] } },
{ "type": "Feature", "properties": { "GISCO_ID": "IS_8719", "CNTR_CODE": "IS", "LAU_ID": "8719", "LAU_NAME": "Grímsnes- og Grafningshreppur", "cell_coverage": [ [ 0, 0, 0, 0, 0, 0, 0, 0, 0, 0, 0, 0, 0, 0, 0, 0, 0, 0, 0, 0, 0, 0, 0, 0, 0.0079, 0.1217, 0.0705 ], [ 0, 0, 0, 0, 0, 0, 0, 0, 0, 0, 0, 0, 0, 0, 0, 0, 0, 0, 0, 0, 0.1628, 0.5242, 0.6811, 0.828, 0.7512, 0.2822, 0.0009 ], [ 0, 0, 0, 0, 0, 0, 0, 0, 0, 0, 0, 0, 0, 0, 0, 0, 0, 0, 0.1505, 0.6652, 0.995, 1, 0.9031, 0.3004, 0.0014, 0, 0 ], [ 0, 0, 0, 0, 0, 0, 0, 0, 0, 0, 0, 0, 0, 0, 0.1614, 0.6141, 0.7905, 0.9139, 0.9976, 1, 1, 0.7428, 0.0928, 0, 0, 0, 0 ], [ 0, 0, 0, 0, 0, 0, 0, 0, 0, 0, 0, 0, 0.0488, 0.5145, 0.9153, 0.9828, 1, 1, 1, 1, 0.7457, 0.0117, 0, 0, 0, 0, 0 ], [ 0, 0, 0, 0, 0, 0, 0, 0, 0, 0, 0, 0, 0, 0, 0, 0.0017, 0.0435, 0.1081, 0.3763, 0.5996, 0.0419, 0, 0, 0, 0, 0, 0 ], [ 0, 0, 0, 0, 0, 0, 0, 0, 0, 0, 0, 0, 0, 0, 0, 0, 0, 0, 0, 0, 0, 0, 0, 0, 0, 0, 0 ], [ 0, 0, 0, 0, 0, 0, 0, 0, 0, 0, 0, 0, 0, 0, 0, 0.1408, 0.662, 0.242, 0, 0, 0, 0, 0, 0, 0, 0, 0 ], [ 0, 0, 0, 0, 0, 0, 0, 0, 0, 0, 0, 0, 0, 0.0058, 0.4489, 0.8437, 0.2178, 0, 0, 0, 0, 0, 0, 0, 0, 0, 0 ], [ 0, 0, 0, 0, 0, 0, 0, 0, 0, 0, 0, 0, 0.0225, 0.7485, 0.5002, 0.0381, 0, 0, 0, 0, 0, 0, 0, 0, 0, 0, 0 ], [ 0, 0, 0, 0, 0, 0, 0, 0, 0, 0, 0, 0, 0.5805, 0.3733, 0, 0, 0, 0, 0, 0, 0, 0, 0, 0, 0, 0, 0 ], [ 0, 0.259, 0.5681, 0.3344, 0.1286, 0.1508, 0.296, 0.4049, 0.0897, 0, 0, 0, 0.7732, 0.522, 0, 0, 0, 0, 0.0072, 0.3164, 0.5054, 0.0337, 0, 0, 0, 0, 0 ], [ 0.1741, 0.9273, 1, 1, 1, 1, 1, 1, 0.9868, 0.7376, 0.7351, 0.9065, 0.8931, 0.9522, 0.6577, 0.6575, 0.6582, 0.6858, 0.868, 1, 1, 0.4789, 0, 0, 0, 0, 0 ], [ 0, 0.0506, 0.4415, 0.8465, 0.9998, 1, 1, 1, 1, 1, 1, 1, 1, 1, 1, 1, 1, 1, 1, 1, 0.8222, 0.145, 0, 0, 0, 0, 0 ], [ 0, 0, 0, 0, 0.3833, 0.5882, 0.6579, 0.9194, 1, 1, 1, 1, 1, 1, 1, 1, 1, 1, 1, 1, 0.6025, 0, 0, 0, 0, 0, 0 ], [ 0, 0, 0, 0, 0, 0, 0, 0.0497, 0.3708, 0.743, 0.8532, 0.8836, 1, 0.9999, 0.9993, 1, 1, 1, 1, 0.6891, 0.0013, 0, 0, 0, 0, 0, 0 ], [ 0, 0, 0, 0, 0, 0, 0, 0, 0, 0, 0.0157, 0.0923, 0.0672, 0.0006, 0.0199, 0.0822, 0.2386, 0.4897, 0.6986, 0.2614, 0, 0, 0, 0, 0, 0, 0 ] ], "xmin": -21.458333333333332, "xmax": -20.333333333333332, "ymin": 63.958333333333321, "ymax": 64.666666666666657 }, "geometry": { "type": "MultiPolygon", "coordinates": [ [ [ [ -20.348635499999943, 64.637004999000055 ], [ -20.487658923999959, 64.567008943000076 ], [ -20.57638544799994, 64.499687565000045 ], [ -20.586856351999927, 64.491868122000028 ], [ -20.593474954999976, 64.476282448000063 ], [ -20.603534595999974, 64.464753262000045 ], [ -20.654936497999927, 64.423520834000044 ], [ -20.676532116999965, 64.439222397000037 ], [ -20.716488722999941, 64.453314696000064 ], [ -20.934053499999948, 64.466155499000081 ], [ -20.867237644999932, 64.499687565000045 ], [ -20.811404521999975, 64.527931053000032 ], [ -20.697376721999944, 64.542002643000046 ], [ -20.623894527999937, 64.581037716000083 ], [ -20.572585832999948, 64.604111508000074 ], [ -20.348635499999943, 64.637004999000055 ] ] ], [ [ [ -21.371884, 64.19463599900007 ], [ -21.268611231999955, 64.170228904000055 ], [ -21.191579014999945, 64.175541372000055 ], [ -21.17145117299998, 64.185798563000048 ], [ -21.156161681999947, 64.187703354000064 ], [ -21.046988713999951, 64.15022325700005 ], [ -20.978500452999981, 64.164380425000047 ], [ -20.923976296999967, 64.159211534000065 ], [ -20.924179594999941, 64.161973471000067 ], [ -20.958106009999938, 64.189847556000075 ], [ -20.946264848999931, 64.229124674000047 ], [ -20.909870854999951, 64.256407300000035 ], [ -20.923406099999966, 64.277383066000027 ], [ -20.907050929999969, 64.279403405000039 ], [ -20.888388439999972, 64.285699581000074 ], [ -20.851675277999959, 64.312557962000028 ], [ -20.770539907999932, 64.364587570000083 ], [ -20.726779008999927, 64.368496761000074 ], [ -20.725405318999947, 64.361816972000042 ], [ -20.74575380999994, 64.34251682200005 ], [ -20.779303096999968, 64.31951852900005 ], [ -20.796283005999953, 64.304401582000082 ], [ -20.888416774999939, 64.250956229000053 ], [ -20.895750828999951, 64.24160398500004 ], [ -20.901089596999952, 64.224607110000079 ], [ -20.913487471999929, 64.21098822700003 ], [ -20.91864289199998, 64.197833915000047 ], [ -20.875929817999975, 64.181932414000073 ], [ -20.882536721999941, 64.156556925000075 ], [ -20.879299548999938, 64.153307779000045 ], [ -20.869245079999928, 64.152353852000033 ], [ -20.744081306999931, 64.152443773000073 ], [ -20.70109982799994, 64.155610307000074 ], [ -20.646957021999981, 64.178074379000066 ], [ -20.624362539999936, 64.192570674000081 ], [ -20.605065732999947, 64.194088202000046 ], [ -20.595912842999951, 64.182226243000059 ], [ -20.567003889999967, 64.165428353000038 ], [ -20.559191326999951, 64.152374560000055 ], [ -20.560815060999971, 64.140696538000043 ], [ -20.571210837999956, 64.124180867000064 ], [ -20.567681292999964, 64.109048820000055 ], [ -20.588387132999969, 64.103745092000054 ], [ -20.603259789999981, 64.090314633000048 ], [ -20.602621461999945, 64.080155674000082 ], [ -20.592659499999968, 64.073001499000043 ], [ -20.596794609999961, 64.069242288000055 ], [ -20.593645957999968, 64.057616008000082 ], [ -20.595058133999942, 64.053708660000041 ], [ -20.625439823999955, 64.040021498000044 ], [ -20.63481614799997, 64.027314729000068 ], [ -20.64212906399996, 64.02314190900006 ], [ -20.641420744999948, 64.010147453000059 ], [ -20.647838956999976, 64.000347410000074 ], [ -20.642465320999975, 63.990534164000053 ], [ -20.657779499999947, 63.976523999000051 ], [ -20.673036095999976, 63.969752650000032 ], [ -20.707008195999947, 63.971833945000071 ], [ -20.764246105999973, 63.991887466000037 ], [ -20.788603113999955, 63.988950506000037 ], [ -20.799746624999955, 63.998691552000082 ], [ -20.827376815999969, 63.995522425000047 ], [ -20.853789017999929, 64.000079742000082 ], [ -20.938380035999955, 63.999878006000074 ], [ -20.963606, 63.98567599900008 ], [ -20.977729373999978, 64.001329087000045 ], [ -21.001620634999938, 64.017864736000035 ], [ -21.007318005999934, 64.01596065800004 ], [ -21.024638560999961, 63.998651154000072 ], [ -21.030088473999967, 63.996579964000034 ], [ -21.086993347999964, 64.021385877000057 ], [ -21.109562469999958, 64.027256176000037 ], [ -21.147737620999976, 64.04241713600004 ], [ -21.163670571999944, 64.053780553000081 ], [ -21.219637036999927, 64.05881017400003 ], [ -21.264464370999974, 64.059436092000055 ], [ -21.286063873999979, 64.078765191000059 ], [ -21.292762499999981, 64.085165499000027 ], [ -21.317175499999962, 64.089796499000045 ], [ -21.439225499999964, 64.145245499000055 ], [ -21.371884, 64.19463599900007 ] ] ] ] } },
{ "type": "Feature", "properties": { "GISCO_ID": "IS_8720", "CNTR_CODE": "IS", "LAU_ID": "8720", "LAU_NAME": "Skeiða- og Gnúpverjahreppur", "cell_coverage": [ [ 0, 0, 0, 0, 0, 0, 0, 0, 0, 0, 0, 0, 0, 0, 0, 0, 0, 0, 0, 0, 0, 0, 0, 0, 0, 0, 0, 0, 0, 0, 0, 0, 0, 0, 0, 0, 0, 0, 0, 0, 0, 0, 0, 0, 0, 0, 0, 0, 0.0107, 0.1208, 0.255, 0.3892, 0.495, 0.4509, 0.364, 0.1488, 0.008 ], [ 0, 0, 0, 0, 0, 0, 0, 0, 0, 0, 0, 0, 0, 0, 0, 0, 0, 0, 0, 0, 0, 0, 0, 0, 0, 0, 0, 0, 0, 0, 0, 0, 0, 0, 0, 0, 0, 0, 0, 0, 0, 0, 0, 0, 0.1182, 0.5839, 0.7181, 0.8523, 0.9758, 1, 1, 1, 1, 1, 1, 0.9537, 0.2653 ], [ 0, 0, 0, 0, 0, 0, 0, 0, 0, 0, 0, 0, 0, 0, 0, 0, 0, 0, 0, 0, 0, 0, 0, 0, 0, 0, 0, 0, 0, 0, 0, 0, 0, 0, 0, 0, 0, 0, 0, 0, 0, 0, 0, 0.2215, 0.7666, 1, 1, 1, 1, 1, 1, 1, 1, 1, 0.9257, 0.3145, 0 ], [ 0, 0, 0, 0, 0, 0, 0, 0, 0, 0, 0, 0, 0, 0, 0, 0, 0, 0, 0, 0, 0, 0, 0, 0, 0, 0, 0, 0, 0, 0, 0, 0, 0, 0, 0, 0, 0, 0, 0, 0, 0, 0.1412, 0.6688, 0.9971, 1, 1, 1, 1, 1, 1, 1, 1, 1, 1, 0.41, 0, 0 ], [ 0, 0, 0, 0, 0, 0, 0, 0, 0, 0, 0, 0, 0, 0, 0, 0, 0, 0, 0, 0, 0, 0, 0, 0, 0, 0, 0, 0, 0, 0, 0, 0, 0, 0, 0, 0, 0, 0, 0, 0.0789, 0.5693, 0.9779, 1, 1, 1, 1, 1, 1, 1, 1, 1, 1, 0.8714, 0.3793, 0.0039, 0, 0 ], [ 0, 0, 0, 0, 0, 0, 0, 0, 0, 0, 0, 0, 0, 0, 0, 0, 0, 0, 0, 0, 0, 0, 0, 0, 0, 0, 0, 0, 0, 0, 0, 0, 0, 0, 0, 0, 0, 0.0346, 0.4698, 0.9407, 1, 1, 1, 1, 1, 1, 1, 1, 1, 0.9802, 0.5866, 0.1817, 0.0032, 0, 0, 0, 0 ], [ 0, 0, 0, 0, 0, 0, 0, 0, 0, 0, 0, 0, 0, 0, 0, 0, 0, 0, 0, 0, 0, 0, 0, 0, 0, 0, 0, 0, 0, 0, 0, 0, 0, 0, 0, 0.0083, 0.3703, 0.8855, 1, 1, 1, 1, 1, 1, 1, 1, 1, 0.9372, 0.669, 0.2118, 0, 0, 0, 0, 0, 0, 0 ], [ 0, 0, 0, 0, 0, 0, 0, 0, 0, 0, 0, 0, 0, 0, 0, 0, 0, 0, 0, 0, 0, 0, 0, 0, 0, 0, 0, 0, 0, 0, 0, 0, 0, 0, 0.2708, 0.8123, 1, 1, 1, 1, 1, 1, 1, 1, 1, 0.8327, 0.3921, 0.1344, 0, 0, 0, 0, 0, 0, 0, 0, 0 ], [ 0, 0, 0, 0, 0, 0, 0, 0, 0, 0, 0, 0, 0, 0, 0, 0, 0, 0, 0, 0, 0, 0, 0, 0, 0, 0, 0, 0, 0, 0, 0, 0, 0.1758, 0.7196, 1, 1, 1, 1, 1, 1, 1, 1, 0.9663, 0.4853, 0.3382, 0.0151, 0, 0, 0, 0, 0, 0, 0, 0, 0, 0, 0 ], [ 0, 0, 0, 0, 0, 0, 0, 0, 0, 0, 0, 0, 0, 0, 0, 0, 0, 0, 0, 0, 0, 0, 0, 0, 0, 0, 0, 0, 0, 0, 0.096, 0.6059, 0.9881, 1, 1, 1, 1, 1, 1, 1, 1, 0.923, 0.6464, 0.0467, 0, 0, 0, 0, 0, 0, 0, 0, 0, 0, 0, 0, 0 ], [ 0, 0, 0, 0, 0, 0, 0, 0, 0, 0, 0, 0, 0, 0, 0, 0, 0, 0, 0, 0, 0, 0, 0, 0, 0, 0, 0, 0.0042, 0.1776, 0.4187, 0.9486, 1, 1, 1, 1, 1, 1, 1, 0.9854, 0.7509, 0.1858, 0.0007, 0, 0, 0, 0, 0, 0, 0, 0, 0, 0, 0, 0, 0, 0, 0 ], [ 0, 0, 0, 0, 0, 0, 0, 0, 0, 0, 0, 0, 0, 0, 0, 0, 0, 0, 0, 0, 0, 0, 0, 0, 0, 0, 0.2866, 0.782, 1, 1, 1, 1, 1, 1, 1, 1, 0.9994, 0.5132, 0.0306, 0, 0, 0, 0, 0, 0, 0, 0, 0, 0, 0, 0, 0, 0, 0, 0, 0, 0 ], [ 0, 0, 0, 0, 0, 0, 0, 0, 0, 0, 0, 0, 0, 0, 0, 0, 0, 0, 0, 0, 0, 0, 0, 0, 0.023, 0.611, 0.9805, 1, 1, 1, 1, 1, 1, 1, 1, 0.7911, 0.2973, 0, 0, 0, 0, 0, 0, 0, 0, 0, 0, 0, 0, 0, 0, 0, 0, 0, 0, 0, 0 ], [ 0, 0, 0, 0, 0, 0, 0, 0, 0, 0, 0, 0, 0, 0, 0, 0, 0, 0, 0.0019, 0, 0, 0.1607, 0.575, 0.9289, 0.9791, 1, 1, 1, 1, 1, 1, 1, 0.8556, 0.3982, 0.117, 0.0002, 0, 0, 0, 0, 0, 0, 0, 0, 0, 0, 0, 0, 0, 0, 0, 0, 0, 0, 0, 0, 0 ], [ 0, 0, 0, 0, 0, 0, 0, 0, 0, 0, 0, 0, 0, 0, 0, 0.0872, 0.5718, 0.8721, 0.619, 0.2118, 0.3814, 0.9096, 1, 1, 1, 1, 1, 1, 1, 1, 1, 0.8386, 0.1003, 0, 0, 0, 0, 0, 0, 0, 0, 0, 0, 0, 0, 0, 0, 0, 0, 0, 0, 0, 0, 0, 0, 0, 0 ], [ 0, 0, 0, 0, 0, 0, 0, 0, 0, 0, 0, 0, 0, 0, 0.1913, 0.8836, 1, 1, 1, 1, 1, 1, 1, 1, 1, 1, 1, 1, 0.9518, 0.6602, 0.3151, 0.0131, 0, 0, 0, 0, 0, 0, 0, 0, 0, 0, 0, 0, 0, 0, 0, 0, 0, 0, 0, 0, 0, 0, 0, 0, 0 ], [ 0, 0, 0, 0, 0, 0, 0, 0, 0, 0, 0, 0, 0.2126, 0.7043, 0.9599, 1, 1, 1, 1, 1, 1, 1, 1, 1, 1, 0.9784, 0.5366, 0.1942, 0.0167, 0, 0, 0, 0, 0, 0, 0, 0, 0, 0, 0, 0, 0, 0, 0, 0, 0, 0, 0, 0, 0, 0, 0, 0, 0, 0, 0, 0 ], [ 0, 0, 0, 0, 0, 0, 0, 0, 0, 0, 0.0644, 0.64, 0.9997, 1, 1, 1, 1, 1, 1, 1, 1, 1, 0.9761, 0.6103, 0.2974, 0.0669, 0, 0, 0, 0, 0, 0, 0, 0, 0, 0, 0, 0, 0, 0, 0, 0, 0, 0, 0, 0, 0, 0, 0, 0, 0, 0, 0, 0, 0, 0, 0 ], [ 0, 0, 0, 0, 0, 0, 0, 0, 0, 0.2965, 0.9357, 1, 1, 1, 1, 0.9994, 0.8654, 0.8577, 0.9957, 1, 1, 0.8962, 0.1856, 0, 0, 0, 0, 0, 0, 0, 0, 0, 0, 0, 0, 0, 0, 0, 0, 0, 0, 0, 0, 0, 0, 0, 0, 0, 0, 0, 0, 0, 0, 0, 0, 0, 0 ], [ 0, 0.3156, 0.8713, 0.6971, 0.7587, 0.593, 0.4509, 0.352, 0.5717, 0.9889, 1, 1, 0.9124, 0.6505, 0.5462, 0.1971, 0, 0, 0.0078, 0.4971, 0.5234, 0.1845, 0, 0, 0, 0, 0, 0, 0, 0, 0, 0, 0, 0, 0, 0, 0, 0, 0, 0, 0, 0, 0, 0, 0, 0, 0, 0, 0, 0, 0, 0, 0, 0, 0, 0, 0 ], [ 0.3109, 0.9987, 1, 0.9849, 0.6524, 0.5469, 0.539, 0.636, 0.9778, 0.7658, 0.5034, 0.2193, 0.0049, 0, 0, 0, 0, 0, 0, 0, 0, 0, 0, 0, 0, 0, 0, 0, 0, 0, 0, 0, 0, 0, 0, 0, 0, 0, 0, 0, 0, 0, 0, 0, 0, 0, 0, 0, 0, 0, 0, 0, 0, 0, 0, 0, 0 ], [ 0.4535, 0.9935, 0.9988, 0.4775, 0, 0, 0, 0, 0.0465, 0.0015, 0, 0, 0, 0, 0, 0, 0, 0, 0, 0, 0, 0, 0, 0, 0, 0, 0, 0, 0, 0, 0, 0, 0, 0, 0, 0, 0, 0, 0, 0, 0, 0, 0, 0, 0, 0, 0, 0, 0, 0, 0, 0, 0, 0, 0, 0, 0 ], [ 0, 0.2241, 0.23, 0, 0, 0, 0, 0, 0, 0, 0, 0, 0, 0, 0, 0, 0, 0, 0, 0, 0, 0, 0, 0, 0, 0, 0, 0, 0, 0, 0, 0, 0, 0, 0, 0, 0, 0, 0, 0, 0, 0, 0, 0, 0, 0, 0, 0, 0, 0, 0, 0, 0, 0, 0, 0, 0 ] ], "xmin": -20.666666666666668, "xmax": -18.291666666666668, "ymin": 63.91666666666665, "ymax": 64.875 }, "geometry": { "type": "MultiPolygon", "coordinates": [ [ [ [ -20.463130499999977, 64.074851499000033 ], [ -20.453490590999934, 64.07373149700004 ], [ -20.451320013999975, 64.068356248000043 ], [ -20.445200344999932, 64.065297050000083 ], [ -20.430350765999947, 64.06366421000007 ], [ -20.421560553999939, 64.065594731000033 ], [ -20.389199557999973, 64.058798687000035 ], [ -20.345997470999976, 64.054410734000044 ], [ -20.327982304999978, 64.062823878000074 ], [ -20.312066027999947, 64.063893783000083 ], [ -20.290673536999975, 64.07287610000003 ], [ -20.290776218999952, 64.080444405000037 ], [ -20.281133611999962, 64.084779027000081 ], [ -20.27383688499998, 64.096727519000069 ], [ -20.253488459999971, 64.10566908100003 ], [ -20.252277747999983, 64.110766604000048 ], [ -20.242604705999952, 64.118566211000029 ], [ -20.210604873999955, 64.134347116000072 ], [ -20.17422346099994, 64.161863615000073 ], [ -20.151346095999941, 64.173998796000035 ], [ -20.133896972999935, 64.179732612000066 ], [ -20.106141548999972, 64.196684988000072 ], [ -20.08461757799995, 64.203372595000076 ], [ -20.066680385999973, 64.205251302000079 ], [ -20.056703299999981, 64.217722217000073 ], [ -20.057188708999945, 64.222687784000072 ], [ -20.025756770999976, 64.243498059000046 ], [ -20.019823134999967, 64.251931745000036 ], [ -19.971890435999967, 64.279198646000054 ], [ -19.955989621999947, 64.279342123000049 ], [ -19.934867304999955, 64.288465705000078 ], [ -19.911584800999947, 64.29255418200006 ], [ -19.898166476999961, 64.287713892000056 ], [ -19.898094423999964, 64.278258998000069 ], [ -19.901659990999974, 64.274077831000056 ], [ -19.892351475999931, 64.270856504000051 ], [ -19.879684042999941, 64.25693700100004 ], [ -19.864330152999969, 64.255232722000073 ], [ -19.847290371999975, 64.261640293000028 ], [ -19.822786377999932, 64.26147939100008 ], [ -19.80999709699995, 64.264244388000066 ], [ -19.773886587999982, 64.288994355000057 ], [ -19.772004802999959, 64.295395695000082 ], [ -19.761564771999929, 64.302867402000061 ], [ -19.757725326999946, 64.309026517000063 ], [ -19.742827145999968, 64.314099507000037 ], [ -19.719090108999978, 64.316103112000064 ], [ -19.708842394999976, 64.320869831000039 ], [ -19.702346535999936, 64.328148784000064 ], [ -19.689185420999934, 64.332052093000073 ], [ -19.643317022999952, 64.331879882000067 ], [ -19.629111577999936, 64.336243245000048 ], [ -19.620818425999971, 64.350154301000032 ], [ -19.597631483999976, 64.363262940000084 ], [ -19.579284221999956, 64.369561155000042 ], [ -19.568606195999962, 64.386987999000041 ], [ -19.523711825999953, 64.40314851200003 ], [ -19.52062826699995, 64.410292937000065 ], [ -19.493132475999971, 64.422149991000083 ], [ -19.439265019999937, 64.430157555000051 ], [ -19.408400211999947, 64.453340301000082 ], [ -19.325278454999932, 64.499687565000045 ], [ -19.290115499999956, 64.51933899900007 ], [ -19.242597798999952, 64.545566003000033 ], [ -18.791921625999976, 64.793327404000081 ], [ -18.811802, 64.81049899900006 ], [ -18.497873499999969, 64.852629999000044 ], [ -18.452841, 64.855834999000081 ], [ -18.42378843299997, 64.848581667000076 ], [ -18.405576908999933, 64.85097038300006 ], [ -18.389888130999964, 64.849013333000073 ], [ -18.381529041999954, 64.844680183000037 ], [ -18.321209583999973, 64.833338505000029 ], [ -18.314557319999949, 64.817242175000047 ], [ -18.315409922999947, 64.809935525000071 ], [ -18.344241549999936, 64.795943366000074 ], [ -18.350577424999926, 64.783844223000074 ], [ -18.350206389999983, 64.778613240000084 ], [ -18.358059842999978, 64.775160464000066 ], [ -18.35775, 64.771871499000042 ], [ -18.360456921999969, 64.768312654000056 ], [ -18.37193659299993, 64.765975974000071 ], [ -18.376966348999929, 64.760781850000058 ], [ -18.388815972999964, 64.755876297000043 ], [ -18.392011840999942, 64.748179386000061 ], [ -18.388295437999943, 64.743764442000042 ], [ -18.400042443999951, 64.73206362600007 ], [ -18.403205636999928, 64.725157184000068 ], [ -18.401308370999971, 64.720602470000074 ], [ -18.418154370999957, 64.70299846100005 ], [ -18.43622655799993, 64.699655275000055 ], [ -18.440519113999983, 64.687593273000061 ], [ -18.457934465999926, 64.67744602700003 ], [ -18.473658961999945, 64.675248870000075 ], [ -18.489759268999933, 64.667314387000033 ], [ -18.524815744999955, 64.659817118000035 ], [ -18.548655054999927, 64.643726965000042 ], [ -18.576725292999981, 64.640622662000055 ], [ -18.583987227999955, 64.635628195000038 ], [ -18.588802907999934, 64.625606164000033 ], [ -18.626343729999974, 64.60329693500006 ], [ -18.642931319999946, 64.59699609900008 ], [ -18.680694760999927, 64.589498994000053 ], [ -18.682371277999948, 64.578916366000044 ], [ -18.686659609999936, 64.575321698000039 ], [ -18.726494123999942, 64.569981558000052 ], [ -18.757025264999982, 64.553793325000072 ], [ -18.772365896999929, 64.54928310300005 ], [ -18.798483597999962, 64.530720611000049 ], [ -18.830340330999945, 64.522917097000061 ], [ -18.856560090999949, 64.523626423000053 ], [ -18.866150643999958, 64.520534180000084 ], [ -18.878769677999969, 64.512790173000042 ], [ -18.883741636999957, 64.50564263900003 ], [ -18.868924727999968, 64.501958091000063 ], [ -18.865084945999968, 64.493790558000057 ], [ -18.878080954999973, 64.486226887000043 ], [ -18.889861918999941, 64.473091305000082 ], [ -18.903770354999949, 64.46773571600005 ], [ -18.979427882999971, 64.453774151000061 ], [ -19.000850413999956, 64.436197915000037 ], [ -19.033176827999966, 64.420959844000038 ], [ -19.078874127999939, 64.413424165000038 ], [ -19.113420324999936, 64.389612766000027 ], [ -19.128380707999952, 64.372731454000075 ], [ -19.139182860999938, 64.365282368000067 ], [ -19.204594265999958, 64.333743473000084 ], [ -19.242597798999952, 64.325653669000076 ], [ -19.276656528999979, 64.315593867000075 ], [ -19.312848371999962, 64.297250190000057 ], [ -19.319174359999977, 64.291995962000044 ], [ -19.321509846999959, 64.283260076000033 ], [ -19.32913979999995, 64.277044482000065 ], [ -19.33539636699993, 64.266047835000052 ], [ -19.381280165999954, 64.24177660600003 ], [ -19.466221092999945, 64.212636954000061 ], [ -19.522079416999929, 64.199379103000069 ], [ -19.560594532999971, 64.194990523000058 ], [ -19.564190347999954, 64.191387449000047 ], [ -19.563086, 64.178678499000057 ], [ -19.614579122999942, 64.161035806000029 ], [ -19.652667596999947, 64.153187102000061 ], [ -19.706442655999979, 64.134768244000043 ], [ -19.720633355999951, 64.12319070500007 ], [ -19.732182466999973, 64.119565338000029 ], [ -19.738761225999951, 64.110483262000059 ], [ -19.756249527999955, 64.096727519000069 ], [ -19.767531701999928, 64.08428209300007 ], [ -19.772877026999936, 64.071135267000045 ], [ -19.797421991999954, 64.06267464900003 ], [ -19.864694687999929, 64.057085882000081 ], [ -19.869400137999946, 64.058789237000042 ], [ -19.869336072999943, 64.069066141000064 ], [ -19.860612253999932, 64.075193336000041 ], [ -19.866107899999975, 64.079403552000031 ], [ -19.889433137999958, 64.084038731000078 ], [ -19.915662250999958, 64.082978438000055 ], [ -19.93309962099994, 64.086993810000081 ], [ -19.944402177999962, 64.093030106000072 ], [ -19.957467527999938, 64.094041984000057 ], [ -20.007838887999981, 64.082206295000049 ], [ -20.052617237999982, 64.058616335000067 ], [ -20.086161714999946, 64.062174741000035 ], [ -20.095847482999943, 64.057415406000075 ], [ -20.130190004999974, 64.050505958000031 ], [ -20.141495521999957, 64.045141160000071 ], [ -20.161917617999961, 64.041511515000082 ], [ -20.173483560999955, 64.033626674000061 ], [ -20.192840855999975, 64.033639304000076 ], [ -20.218208046999962, 64.020566313000074 ], [ -20.258658582999942, 64.018968904000076 ], [ -20.282732855999939, 64.000889377000078 ], [ -20.307746025999961, 63.995459402000051 ], [ -20.32131876699998, 63.999319076000063 ], [ -20.338776003999953, 64.010523597000031 ], [ -20.354934949999972, 64.014287773000035 ], [ -20.357457570999941, 64.019512576000068 ], [ -20.467077707999977, 64.01864314200003 ], [ -20.492798022999978, 64.010770286000081 ], [ -20.502999603999967, 64.004635226000062 ], [ -20.513686500999938, 63.992679156000065 ], [ -20.519955487999937, 63.977225325000063 ], [ -20.526892259999954, 63.969075224000051 ], [ -20.558427, 63.949558499000034 ], [ -20.563701499999979, 63.947032999000044 ], [ -20.569459499999937, 63.944646999000042 ], [ -20.574752, 63.943249499000046 ], [ -20.579393, 63.94235799900008 ], [ -20.585833, 63.941528499000071 ], [ -20.592138499999976, 63.941093999000032 ], [ -20.595203499999968, 63.941102499000067 ], [ -20.615376341999934, 63.957151143000033 ], [ -20.657779499999947, 63.976523999000051 ], [ -20.642465320999975, 63.990534164000053 ], [ -20.647838956999976, 64.000347410000074 ], [ -20.641420744999948, 64.010147453000059 ], [ -20.64212906399996, 64.02314190900006 ], [ -20.63481614799997, 64.027314729000068 ], [ -20.625439823999955, 64.040021498000044 ], [ -20.595058133999942, 64.053708660000041 ], [ -20.593645957999968, 64.057616008000082 ], [ -20.596794609999961, 64.069242288000055 ], [ -20.592659499999968, 64.073001499000043 ], [ -20.575309969999978, 64.081653075000077 ], [ -20.52371545799997, 64.069136075000074 ], [ -20.463130499999977, 64.074851499000033 ] ] ] ] } },
{ "type": "Feature", "properties": { "GISCO_ID": "IS_8721", "CNTR_CODE": "IS", "LAU_ID": "8721", "LAU_NAME": "Bláskógabyggð", "cell_coverage": [ [ 0, 0, 0, 0, 0, 0, 0, 0, 0, 0, 0, 0, 0, 0, 0, 0, 0, 0, 0, 0, 0, 0, 0, 0, 0, 0, 0, 0, 0, 0, 0, 0, 0, 0, 0, 0, 3.9954e-07, 0.3147, 0.7903, 0.813, 0.7482, 0.0888, 0, 0, 0, 0, 0, 0, 0, 0, 0, 0, 0, 0, 0, 0, 0, 0, 0, 0, 0, 0.0015, 0 ], [ 0, 0, 0, 0, 0, 0, 0, 0, 0, 0, 0, 0, 0, 0, 0, 0, 0, 0, 0, 0, 0, 0, 0, 0, 0, 0, 0, 0, 0, 0, 0, 0, 0, 0, 0, 0.1106, 0.6867, 1, 1, 1, 1, 0.9945, 0.8693, 0.6951, 0.5605, 0.5665, 0.5317, 0.3715, 0.2056, 0.0492, 0, 0, 0, 0, 0, 0, 0, 0.0816, 0.3373, 0.5987, 0.8601, 0.7423, 0.0988 ], [ 0, 0, 0, 0, 0, 0, 0, 0, 0, 0, 0, 0, 0, 0, 0, 0, 0, 0, 0, 0, 0, 0, 0, 0, 0, 0, 0, 0, 0, 0, 0, 0, 0, 0.0087, 0.4306, 0.9481, 1, 1, 1, 1, 1, 1, 1, 1, 1, 1, 1, 1, 1, 0.9997, 0.9428, 0.8444, 0.746, 0.6326, 0.4423, 0.553, 0.8144, 0.9942, 0.8814, 0.5525, 0.2195, 0.0042, 0 ], [ 0, 0, 0, 0, 0, 0, 0, 0, 0, 0, 0, 0, 0, 0, 0, 0, 0, 0, 0, 0, 0, 0, 0, 0, 0, 0, 0, 0, 0, 0, 0, 0, 0.0802, 0.7241, 1, 1, 1, 1, 1, 1, 1, 1, 1, 1, 1, 1, 1, 0.9987, 1, 1, 1, 1, 1, 1, 0.9997, 0.8598, 0.5514, 0.2185, 0.0041, 0, 0, 0, 0 ], [ 0, 0, 0, 0, 0, 0, 0, 0, 0, 0, 0, 0, 0, 0, 0, 0, 0, 0, 0, 0, 0, 0, 0, 0, 0, 0, 0, 0, 0, 0, 0.0134, 0.2499, 0.8876, 1, 1, 1, 1, 1, 1, 1, 1, 1, 1, 1, 1, 0.8506, 0.4096, 0.1238, 0.1967, 0.4384, 0.4168, 0.2752, 0.209, 0.0624, 0.0604, 0, 0, 0, 0, 0, 0, 0, 0 ], [ 0, 0, 0, 0, 0, 0, 0, 0, 0, 0, 0, 0, 0, 0, 0, 0, 0, 0, 0, 0, 0, 0, 0, 0, 0, 0.198, 0.4132, 0.5574, 0.7017, 0.8459, 0.9767, 1, 1, 1, 1, 1, 1, 1, 1, 1, 1, 1, 1, 0.8543, 0.4874, 0.0919, 0, 0, 0, 0, 0, 0, 0, 0, 0, 0, 0, 0, 0, 0, 0, 0, 0 ], [ 0, 0, 0, 0, 0, 0, 0, 0, 0, 0, 0, 0, 0, 0, 0, 0, 0, 0, 0, 0, 0, 0, 0, 0.2157, 0.7178, 0.9991, 1, 1, 1, 1, 1, 1, 1, 1, 1, 1, 1, 1, 1, 1, 1, 0.8419, 0.357, 0.0096, 0, 0, 0, 0, 0, 0, 0, 0, 0, 0, 0, 0, 0, 0, 0, 0, 0, 0, 0 ], [ 0, 0, 0, 0, 0, 0, 0, 0, 0, 0, 0, 0, 0, 0, 0, 0, 0, 0, 0, 0, 0, 0.0969, 0.6996, 0.9986, 1, 1, 1, 1, 1, 1, 1, 1, 1, 1, 1, 1, 1, 1, 1, 1, 0.532, 0.0303, 0, 0, 0, 0, 0, 0, 0, 0, 0, 0, 0, 0, 0, 0, 0, 0, 0, 0, 0, 0, 0 ], [ 0, 0, 0, 0, 0, 0, 0, 0, 0, 0, 0, 0, 0, 0, 0, 0, 0, 0, 0, 0, 0.2572, 0.9072, 1, 1, 1, 1, 1, 1, 1, 1, 1, 1, 1, 1, 1, 1, 1, 1, 1, 1, 0.3818, 0, 0, 0, 0, 0, 0, 0, 0, 0, 0, 0, 0, 0, 0, 0, 0, 0, 0, 0, 0, 0, 0 ], [ 0, 0, 0, 0, 0, 0, 0, 0, 0, 0, 0, 0.1082, 0.1336, 0.0746, 0.0172, 0, 0, 0, 0, 0.2543, 0.9883, 1, 1, 1, 1, 1, 1, 1, 1, 1, 1, 1, 1, 1, 1, 1, 1, 1, 0.9182, 0.6297, 0.0241, 0, 0, 0, 0, 0, 0, 0, 0, 0, 0, 0, 0, 0, 0, 0, 0, 0, 0, 0, 0, 0, 0 ], [ 0, 0, 0, 0, 0, 0, 0, 0, 0.0001, 0.2106, 0.6468, 0.9889, 1, 1, 0.9983, 0.9565, 0.8919, 0.6237, 0.4004, 0.9581, 1, 1, 1, 1, 1, 1, 1, 1, 1, 1, 1, 1, 1, 1, 0.5555, 0.4197, 0.4093, 0.2318, 0.0058, 0, 0, 0, 0, 0, 0, 0, 0, 0, 0, 0, 0, 0, 0, 0, 0, 0, 0, 0, 0, 0, 0, 0, 0 ], [ 0, 0, 0, 0, 0, 0, 0, 0.2175, 0.7846, 1, 1, 1, 1, 1, 1, 1, 1, 1, 1, 1, 1, 1, 1, 1, 1, 1, 1, 1, 1, 1, 1, 1, 1, 0.8023, 0.0104, 0, 0, 0, 0, 0, 0, 0, 0, 0, 0, 0, 0, 0, 0, 0, 0, 0, 0, 0, 0, 0, 0, 0, 0, 0, 0, 0, 0 ], [ 0, 0, 0, 0, 0, 0.1704, 0.6275, 0.9933, 1, 1, 1, 1, 1, 1, 0.8592, 0.338, 0.758, 1, 1, 1, 1, 1, 1, 1, 1, 1, 1, 1, 1, 1, 1, 0.998, 0.6324, 0.0481, 0, 0, 0, 0, 0, 0, 0, 0, 0, 0, 0, 0, 0, 0, 0, 0, 0, 0, 0, 0, 0, 0, 0, 0, 0, 0, 0, 0, 0 ], [ 0, 0, 0.0978, 0.5215, 0.758, 0.9971, 1, 1, 1, 1, 1, 1, 0.9942, 0.5511, 0.1563, 0.7822, 1, 1, 1, 1, 1, 1, 1, 1, 1, 1, 1, 1, 1, 0.9967, 0.5532, 0.0732, 0, 0, 0, 0, 0, 0, 0, 0, 0, 0, 0, 0, 0, 0, 0, 0, 0, 0, 0, 0, 0, 0, 0, 0, 0, 0, 0, 0, 0, 0, 0 ], [ 0.0002, 0.2817, 0.8962, 1, 1, 1, 1, 1, 1, 1, 1, 0.9775, 0.2515, 0.4998, 0.9619, 1, 1, 1, 1, 1, 1, 1, 1, 1, 1, 1, 1, 1, 0.7891, 0.2554, 0, 0, 0, 0, 0, 0, 0, 0, 0, 0, 0, 0, 0, 0, 0, 0, 0, 0, 0, 0, 0, 0, 0, 0, 0, 0, 0, 0, 0, 0, 0, 0, 0 ], [ 0.5454, 1, 1, 1, 1, 1, 1, 1, 1, 1, 1, 0.4195, 0.6267, 1, 1, 1, 1, 1, 1, 1, 1, 1, 1, 1, 1, 1, 0.9985, 0.6336, 0.0274, 0, 0, 0, 0, 0, 0, 0, 0, 0, 0, 0, 0, 0, 0, 0, 0, 0, 0, 0, 0, 0, 0, 0, 0, 0, 0, 0, 0, 0, 0, 0, 0, 0, 0 ], [ 0.0418, 0.4275, 0.6656, 0.8714, 0.8492, 0.704, 0.5951, 0.9103, 1, 1, 1, 0.2268, 0.478, 1, 1, 1, 1, 0.9928, 0.6836, 0.4946, 0.9663, 1, 1, 1, 1, 0.9937, 0.3962, 0, 0, 0, 0, 0, 0, 0, 0, 0, 0, 0, 0, 0, 0, 0, 0, 0, 0, 0, 0, 0, 0, 0, 0, 0, 0, 0, 0, 0, 0, 0, 0, 0, 0, 0, 0 ], [ 0, 0, 0, 0, 0, 0, 0, 0.0132, 0.2624, 0.2649, 0.0935, 0.1069, 0.0478, 0.3423, 0.3425, 0.3418, 0.3142, 0.132, 0, 0, 0.5211, 1, 0.811, 0.6013, 0.4654, 0.1589, 0, 0, 0, 0, 0, 0, 0, 0, 0, 0, 0, 0, 0, 0, 0, 0, 0, 0, 0, 0, 0, 0, 0, 0, 0, 0, 0, 0, 0, 0, 0, 0, 0, 0, 0, 0, 0 ], [ 0, 0, 0, 0, 0, 0, 0, 0, 0, 0, 0, 0, 0, 0, 0, 0, 0, 0, 0, 0.1778, 0.855, 1, 0.4849, 0, 0, 0, 0, 0, 0, 0, 0, 0, 0, 0, 0, 0, 0, 0, 0, 0, 0, 0, 0, 0, 0, 0, 0, 0, 0, 0, 0, 0, 0, 0, 0, 0, 0, 0, 0, 0, 0, 0, 0 ], [ 0, 0, 0, 0, 0, 0, 0, 0, 0, 0, 0, 0, 0, 0, 0, 0, 0, 0, 0, 0.082, 0.1287, 0.3029, 0.1877, 0, 0, 0, 0, 0, 0, 0, 0, 0, 0, 0, 0, 0, 0, 0, 0, 0, 0, 0, 0, 0, 0, 0, 0, 0, 0, 0, 0, 0, 0, 0, 0, 0, 0, 0, 0, 0, 0, 0, 0 ] ], "xmin": -21.416666666666668, "xmax": -18.791666666666668, "ymin": 64.041666666666657, "ymax": 64.875 }, "geometry": { "type": "MultiPolygon", "coordinates": [ [ [ [ -21.407789499999978, 64.234454499000037 ], [ -21.3775, 64.249323999000069 ], [ -21.356703, 64.259381499000028 ], [ -21.332765, 64.275076999000078 ], [ -21.290114499999959, 64.309462499000063 ], [ -21.229948, 64.321791499000028 ], [ -21.17157287699996, 64.347261589000027 ], [ -21.162504, 64.351218499000083 ], [ -21.146707499999934, 64.358184999000059 ], [ -21.063740499999938, 64.408102499000051 ], [ -21.001620634999938, 64.433207922000065 ], [ -20.998068499999931, 64.43464349900006 ], [ -20.982734499999935, 64.44165349900004 ], [ -20.934053499999948, 64.466155499000081 ], [ -20.716488722999941, 64.453314696000064 ], [ -20.676532116999965, 64.439222397000037 ], [ -20.654936497999927, 64.423520834000044 ], [ -20.603534595999974, 64.464753262000045 ], [ -20.593474954999976, 64.476282448000063 ], [ -20.586856351999927, 64.491868122000028 ], [ -20.57638544799994, 64.499687565000045 ], [ -20.487658923999959, 64.567008943000076 ], [ -20.348635499999943, 64.637004999000055 ], [ -20.133896972999935, 64.667976837000083 ], [ -20.108759, 64.671602499000073 ], [ -19.999616499999945, 64.755098499000042 ], [ -19.82054, 64.867565999000078 ], [ -19.758899499999927, 64.86712299900006 ], [ -19.721009, 64.866850999000064 ], [ -19.697006, 64.836800999000047 ], [ -19.56837, 64.814392999000063 ], [ -19.499649, 64.815661499000043 ], [ -19.48958, 64.815781499000082 ], [ -19.355028, 64.793466499000033 ], [ -19.242597798999952, 64.782403799000065 ], [ -19.207258, 64.778926499000079 ], [ -19.188846, 64.777228999000044 ], [ -19.17444, 64.774061999000082 ], [ -19.14552, 64.767999499000041 ], [ -19.133592, 64.76534699900003 ], [ -18.87009, 64.834235999000043 ], [ -18.811802, 64.81049899900006 ], [ -19.092466205999926, 64.717046052000057 ], [ -19.138302296999939, 64.705479120000064 ], [ -19.153042065999955, 64.703921783000055 ], [ -19.168380787999979, 64.708048026000029 ], [ -19.179505533999929, 64.70476349300003 ], [ -19.18979927099997, 64.706843499000058 ], [ -19.242597798999952, 64.696883741000079 ], [ -19.263863173999937, 64.699537368000051 ], [ -19.304784873999949, 64.689023133000035 ], [ -19.330886346999932, 64.692851486000052 ], [ -19.366124513999978, 64.687501886000064 ], [ -19.370861289999937, 64.688819500000079 ], [ -19.372037231999968, 64.693033695000054 ], [ -19.397075500999961, 64.703279862000045 ], [ -19.408791132999966, 64.702696118000063 ], [ -19.416274273999932, 64.697084871000072 ], [ -19.42319506299998, 64.696266299000058 ], [ -19.436192292999976, 64.708680819000051 ], [ -19.444468066999946, 64.708503894000046 ], [ -19.46372951799998, 64.695510650000074 ], [ -19.505315611999947, 64.68370969700004 ], [ -19.531763970999975, 64.660395359000063 ], [ -19.53838125599998, 64.649152965000042 ], [ -19.553428401999952, 64.646406986000045 ], [ -19.572324608999963, 64.648954064000066 ], [ -19.58399407099995, 64.636088835000066 ], [ -19.593957055999965, 64.63526764900007 ], [ -19.616433337999979, 64.626984439000069 ], [ -19.619004379999978, 64.62292672500007 ], [ -19.628994570999964, 64.621314297000083 ], [ -19.631350546999954, 64.616452141000082 ], [ -19.646564609999928, 64.613197392000075 ], [ -19.659346747999962, 64.599043903000052 ], [ -19.683550801999957, 64.593708088000028 ], [ -19.705362144999981, 64.57639918600006 ], [ -19.718113199999948, 64.571647733000077 ], [ -19.722770302999947, 64.56594457500006 ], [ -19.732323703999953, 64.563476715000036 ], [ -19.742452940999954, 64.550003168000046 ], [ -19.743544863999944, 64.533425054000077 ], [ -19.726760654999964, 64.52668015900008 ], [ -19.724669268999946, 64.518573146000051 ], [ -19.733118945999934, 64.51177363100004 ], [ -19.734678304999932, 64.505169316000035 ], [ -19.742344310999954, 64.499687565000045 ], [ -19.75739280199997, 64.479506485000059 ], [ -19.766433574999951, 64.472849585000063 ], [ -19.825320203999979, 64.458435129000065 ], [ -19.871784604999959, 64.442654474000051 ], [ -19.938995365999972, 64.438811220000048 ], [ -19.955875412999944, 64.445327527000074 ], [ -19.966241147999938, 64.443648024000083 ], [ -19.996347753999942, 64.428478210000037 ], [ -19.991542625999955, 64.41833514700005 ], [ -20.00941348899994, 64.403105494000044 ], [ -20.010994933999939, 64.378323532000081 ], [ -20.033365875999948, 64.370596316000046 ], [ -20.051835341999947, 64.36046108000005 ], [ -20.056270458999961, 64.355890042000055 ], [ -20.058249453999963, 64.347657983000033 ], [ -20.082036150999954, 64.334622171000035 ], [ -20.113687512999945, 64.329402684000058 ], [ -20.133896972999935, 64.318110487000069 ], [ -20.150239432999967, 64.310126655000033 ], [ -20.159039545999974, 64.298964955000031 ], [ -20.197498160999942, 64.275575591000063 ], [ -20.201905138999962, 64.269712585000036 ], [ -20.217344769999954, 64.265581208000071 ], [ -20.239953685999978, 64.253141906000053 ], [ -20.251209617999962, 64.236232722000068 ], [ -20.307817503999956, 64.199745472000075 ], [ -20.325658099999941, 64.176388425000027 ], [ -20.334402625999928, 64.169312801000046 ], [ -20.378620669999975, 64.149157414000058 ], [ -20.439755035999951, 64.142279960000053 ], [ -20.454084814999931, 64.137198308000052 ], [ -20.482174443999952, 64.137695114000053 ], [ -20.48558733699997, 64.13187802300007 ], [ -20.483580522999944, 64.115335998000035 ], [ -20.486962370999947, 64.109041902000058 ], [ -20.478029045999961, 64.103672847000041 ], [ -20.475696505999963, 64.096727519000069 ], [ -20.472987960999944, 64.081519825000044 ], [ -20.463130499999977, 64.074851499000033 ], [ -20.52371545799997, 64.069136075000074 ], [ -20.575309969999978, 64.081653075000077 ], [ -20.592659499999968, 64.073001499000043 ], [ -20.602621461999945, 64.080155674000082 ], [ -20.603259789999981, 64.090314633000048 ], [ -20.588387132999969, 64.103745092000054 ], [ -20.567681292999964, 64.109048820000055 ], [ -20.571210837999956, 64.124180867000064 ], [ -20.560815060999971, 64.140696538000043 ], [ -20.559191326999951, 64.152374560000055 ], [ -20.567003889999967, 64.165428353000038 ], [ -20.595912842999951, 64.182226243000059 ], [ -20.605065732999947, 64.194088202000046 ], [ -20.624362539999936, 64.192570674000081 ], [ -20.646957021999981, 64.178074379000066 ], [ -20.70109982799994, 64.155610307000074 ], [ -20.744081306999931, 64.152443773000073 ], [ -20.869245079999928, 64.152353852000033 ], [ -20.879299548999938, 64.153307779000045 ], [ -20.882536721999941, 64.156556925000075 ], [ -20.875929817999975, 64.181932414000073 ], [ -20.91864289199998, 64.197833915000047 ], [ -20.913487471999929, 64.21098822700003 ], [ -20.901089596999952, 64.224607110000079 ], [ -20.895750828999951, 64.24160398500004 ], [ -20.888416774999939, 64.250956229000053 ], [ -20.796283005999953, 64.304401582000082 ], [ -20.779303096999968, 64.31951852900005 ], [ -20.74575380999994, 64.34251682200005 ], [ -20.725405318999947, 64.361816972000042 ], [ -20.726779008999927, 64.368496761000074 ], [ -20.770539907999932, 64.364587570000083 ], [ -20.851675277999959, 64.312557962000028 ], [ -20.888388439999972, 64.285699581000074 ], [ -20.907050929999969, 64.279403405000039 ], [ -20.923406099999966, 64.277383066000027 ], [ -20.909870854999951, 64.256407300000035 ], [ -20.946264848999931, 64.229124674000047 ], [ -20.958106009999938, 64.189847556000075 ], [ -20.924179594999941, 64.161973471000067 ], [ -20.923976296999967, 64.159211534000065 ], [ -20.978500452999981, 64.164380425000047 ], [ -21.046988713999951, 64.15022325700005 ], [ -21.156161681999947, 64.187703354000064 ], [ -21.17145117299998, 64.185798563000048 ], [ -21.191579014999945, 64.175541372000055 ], [ -21.268611231999955, 64.170228904000055 ], [ -21.371884, 64.19463599900007 ], [ -21.398352, 64.216969499000072 ], [ -21.40194, 64.220114999000032 ], [ -21.408615560999976, 64.226428776000034 ], [ -21.405423438999946, 64.231031218000055 ], [ -21.407789499999978, 64.234454499000037 ] ] ] ] } },
{ "type": "Feature", "properties": { "GISCO_ID": "IS_8722", "CNTR_CODE": "IS", "LAU_ID": "8722", "LAU_NAME": "Flóahreppur", "cell_coverage": [ [ 0, 0, 0.0001, 0.0007, 0, 0, 0, 0, 0, 0 ], [ 0.1625, 0.9328, 0.9994, 0.9801, 0.9178, 0.7614, 0.5103, 0.3014, 0.2851, 0.0065 ], [ 0.2695, 0.9369, 1, 1, 1, 1, 1, 0.9497, 0.6203, 0.1954 ], [ 0, 0.2389, 1, 1, 1, 1, 0.9993, 0.1772, 0, 0 ], [ 0, 0.3792, 1, 1, 1, 1, 0.9991, 0.2956, 0, 0 ], [ 0, 0.2386, 0.7768, 0.992, 1, 1, 0.7404, 0.0924, 0, 0 ], [ 0, 0, 0, 0.0833, 0.3547, 0.2305, 0.0002, 0, 0, 0 ] ], "xmin": -21.0, "xmax": -20.583333333333332, "ymin": 63.75, "ymax": 64.041666666666657 }, "geometry": { "type": "MultiPolygon", "coordinates": [ [ [ [ -20.963606, 63.98567599900008 ], [ -20.938380035999955, 63.999878006000074 ], [ -20.853789017999929, 64.000079742000082 ], [ -20.827376815999969, 63.995522425000047 ], [ -20.799746624999955, 63.998691552000082 ], [ -20.788603113999955, 63.988950506000037 ], [ -20.764246105999973, 63.991887466000037 ], [ -20.707008195999947, 63.971833945000071 ], [ -20.673036095999976, 63.969752650000032 ], [ -20.657779499999947, 63.976523999000051 ], [ -20.615376341999934, 63.957151143000033 ], [ -20.595203499999968, 63.941102499000067 ], [ -20.616114882999966, 63.941606721000028 ], [ -20.62659494899998, 63.935539089000031 ], [ -20.667783467999982, 63.928982756000039 ], [ -20.673586730999943, 63.922065428000053 ], [ -20.695993948999956, 63.907291869000062 ], [ -20.706650514999978, 63.890822204000074 ], [ -20.70909497599996, 63.873829959000034 ], [ -20.706383554999945, 63.866202281000028 ], [ -20.686213732999931, 63.846952749000081 ], [ -20.685820389999947, 63.842555125000047 ], [ -20.690012499999966, 63.836173999000039 ], [ -20.692807, 63.833492999000043 ], [ -20.696224, 63.827877999000066 ], [ -20.697746499999937, 63.824964499000032 ], [ -20.703398499999935, 63.819259999000053 ], [ -20.721137499999941, 63.807698499000082 ], [ -20.730257499999936, 63.800140999000064 ], [ -20.734109499999931, 63.797936999000058 ], [ -20.739236, 63.795923499000082 ], [ -20.743077, 63.794753999000079 ], [ -20.745532499999968, 63.793864499000051 ], [ -20.747456499999942, 63.792879999000036 ], [ -20.749544499999956, 63.791354499000079 ], [ -20.752861, 63.789242999000066 ], [ -20.758415499999956, 63.786570999000048 ], [ -20.763965499999927, 63.784368999000037 ], [ -20.78966749999995, 63.775093499000036 ], [ -20.797829499999978, 63.772406999000054 ], [ -20.891407808999929, 63.799187102000076 ], [ -20.947715, 63.819085499000039 ], [ -20.924320549999948, 63.83047468400008 ], [ -20.926145711999936, 63.835129582000036 ], [ -20.938672649999944, 63.841613507000034 ], [ -20.940852680999967, 63.847323001000063 ], [ -20.937542067999971, 63.856217934000028 ], [ -20.928809291999983, 63.85980453500008 ], [ -20.927085155999976, 63.869704248000062 ], [ -20.920162387999937, 63.874970720000078 ], [ -20.920215888999962, 63.880315581000048 ], [ -20.930835713999954, 63.897279550000064 ], [ -20.92065509899993, 63.902532130000054 ], [ -20.983473138999955, 63.946822440000062 ], [ -20.983393499999977, 63.952740999000071 ], [ -20.974266352999962, 63.955291793000072 ], [ -20.967912180999974, 63.962276316000043 ], [ -20.970266369999933, 63.97535341300005 ], [ -20.963606, 63.98567599900008 ] ] ] ] } }
]
}
