{
"type": "FeatureCollection",
"name": "LU",
"crs": { "type": "name", "properties": { "name": "urn:ogc:def:crs:OGC:1.3:CRS84" } },
"features": [
{ "type": "Feature", "properties": { "GISCO_ID": "LU_0503", "CNTR_CODE": "LU", "LAU_ID": "0503", "LAU_NAME": "Parc Hosingen", "cell_coverage": [ [ 0, 0.0184, 0.2186, 0.0234, 0 ], [ 0.0189, 0.8162, 1, 0.3161, 0 ], [ 0.1488, 0.9055, 0.6726, 0.4403, 0.0055 ], [ 0.0095, 0.3499, 0.1213, 0, 0 ] ], "xmin": 6.0, "xmax": 6.208333333333333, "ymin": 49.916666666666657, "ymax": 50.083333333333321 }, "geometry": { "type": "MultiPolygon", "coordinates": [ [ [ [ 6.137515500000063, 50.011723999000026 ], [ 6.147202824000033, 50.008546806000027 ], [ 6.142978653000057, 49.996952277000048 ], [ 6.153522500000065, 49.989421499000059 ], [ 6.167516896000052, 49.98581628200003 ], [ 6.168425500000069, 49.980691499000045 ], [ 6.166236, 49.976818999000045 ], [ 6.154583072000037, 49.978895033000072 ], [ 6.124469081000029, 49.971760504000031 ], [ 6.115407988000072, 49.981836209000051 ], [ 6.098450840000055, 49.984190325000043 ], [ 6.097209863000046, 49.981176399000049 ], [ 6.102401088000022, 49.977325030000031 ], [ 6.099050456000043, 49.968945860000076 ], [ 6.100320726000064, 49.964442774000076 ], [ 6.093175788000053, 49.955471393000039 ], [ 6.091874694000069, 49.94053146400006 ], [ 6.087576, 49.93421599900006 ], [ 6.078811782000059, 49.93271203200004 ], [ 6.065869579000037, 49.935700822000058 ], [ 6.064539723000053, 49.950532876000068 ], [ 6.061280193000073, 49.954601478000029 ], [ 6.040396500000043, 49.947128999000029 ], [ 6.041102845000069, 49.953747746000033 ], [ 6.037801042000069, 49.957931681000048 ], [ 6.041438262000042, 49.961741431000064 ], [ 6.027672900000027, 49.964871498000036 ], [ 6.024579562000042, 49.968150386000048 ], [ 6.036643924000032, 49.984036966000076 ], [ 6.052055282000026, 49.988006571000028 ], [ 6.05265619000005, 49.992333959000064 ], [ 6.060245070000065, 50.000653318000047 ], [ 6.05873172500003, 50.002748045000033 ], [ 6.045506467000052, 49.997976240000071 ], [ 6.040102, 50.005537999000069 ], [ 6.038447204000022, 50.00842625000007 ], [ 6.041130732000056, 50.011353737000036 ], [ 6.037023884000064, 50.016039421000073 ], [ 6.04748144000007, 50.022434195000073 ], [ 6.05413397600006, 50.033499120000045 ], [ 6.059673277000059, 50.030727207000041 ], [ 6.071586258000025, 50.043416895000064 ], [ 6.098069294000027, 50.047246751000046 ], [ 6.116835500000036, 50.056710999000074 ], [ 6.122698162000063, 50.059255738000047 ], [ 6.12248158500006, 50.053741408000064 ], [ 6.133468500000049, 50.041917999000077 ], [ 6.130621574000031, 50.029947269000047 ], [ 6.145436500000073, 50.023096499000076 ], [ 6.135895294000022, 50.014806830000055 ], [ 6.137515500000063, 50.011723999000026 ] ], [ [ 6.128354921000039, 50.018603235000057 ], [ 6.13284046800004, 50.014954510000052 ], [ 6.136114306000024, 50.015160442000081 ], [ 6.132742009000026, 50.020198159000074 ], [ 6.128354921000039, 50.018603235000057 ] ] ], [ [ [ 6.056003215000032, 50.03762370000004 ], [ 6.060552235000046, 50.040157149000038 ], [ 6.064238616000068, 50.038367909000044 ], [ 6.059830403000035, 50.035192520000066 ], [ 6.056003215000032, 50.03762370000004 ] ] ] ] } },
{ "type": "Feature", "properties": { "GISCO_ID": "LU_0504", "CNTR_CODE": "LU", "LAU_ID": "0504", "LAU_NAME": "Troisvierges", "cell_coverage": [ [ 0, 0.1696, 0.2049, 0 ], [ 0.0131, 0.9295, 0.8976, 0.0643 ], [ 0.0132, 0.3213, 0.1439, 0 ] ], "xmin": 5.9166666666666643, "xmax": 6.0833333333333313, "ymin": 50.083333333333321, "ymax": 50.208333333333321 }, "geometry": { "type": "MultiPolygon", "coordinates": [ [ [ [ 5.95415550000007, 50.130198499000073 ], [ 5.960350050000045, 50.132475853000074 ], [ 5.960044938000067, 50.150430547000042 ], [ 5.966171840000072, 50.155319716000065 ], [ 5.962888332000034, 50.161067532000061 ], [ 5.965454530000045, 50.172059428000068 ], [ 5.973337919000073, 50.174969513000065 ], [ 6.002007957000046, 50.176229824000075 ], [ 6.010352524000041, 50.17861735200006 ], [ 6.02489950000006, 50.182779499000048 ], [ 6.030776207000031, 50.164927311000042 ], [ 6.045673, 50.157883999000035 ], [ 6.050156132000041, 50.144773143000066 ], [ 6.015094135000027, 50.119608336000056 ], [ 6.009853, 50.10654899900004 ], [ 5.984619015000021, 50.114151203000063 ], [ 5.963370441000052, 50.108628427000042 ], [ 5.956060270000023, 50.118065405000038 ], [ 5.95415550000007, 50.130198499000073 ] ] ] ] } },
{ "type": "Feature", "properties": { "GISCO_ID": "LU_0505", "CNTR_CODE": "LU", "LAU_ID": "0505", "LAU_NAME": "Weiswampach", "cell_coverage": [ [ 0, 0.0057, 0.0513 ], [ 0.0751, 0.7078, 0.7108 ], [ 0.4951, 0.49, 0.0154 ] ], "xmin": 6.0, "xmax": 6.125, "ymin": 50.083333333333321, "ymax": 50.208333333333321 }, "geometry": { "type": "MultiPolygon", "coordinates": [ [ [ [ 6.026932, 50.094337999000061 ], [ 6.010352524000041, 50.097737512000037 ], [ 6.008176334000041, 50.098183726000059 ], [ 6.006820137000034, 50.102211198000077 ], [ 6.009853, 50.10654899900004 ], [ 6.015094135000027, 50.119608336000056 ], [ 6.050156132000041, 50.144773143000066 ], [ 6.045673, 50.157883999000035 ], [ 6.064005568000027, 50.154034400000057 ], [ 6.078650949000064, 50.15759728300003 ], [ 6.081643175000067, 50.171204121000073 ], [ 6.10424503400003, 50.169799888000057 ], [ 6.119183071000066, 50.162483369000029 ], [ 6.116075778000038, 50.15630552600004 ], [ 6.121781189000046, 50.149625394000054 ], [ 6.115843810000058, 50.144939117000035 ], [ 6.112317500000074, 50.136119999000073 ], [ 6.08275334700005, 50.119115683000075 ], [ 6.074727236000058, 50.109810856000081 ], [ 6.055959638000047, 50.099583833000054 ], [ 6.026932, 50.094337999000061 ] ] ] ] } },
{ "type": "Feature", "properties": { "GISCO_ID": "LU_0601", "CNTR_CODE": "LU", "LAU_ID": "0601", "LAU_NAME": "Bettendorf", "cell_coverage": [ [ 0, 0.1213, 0.3529, 0.0014 ], [ 0.0847, 0.5683, 0.5439, 0.0006 ] ], "xmin": 6.125, "xmax": 6.291666666666667, "ymin": 49.833333333333321, "ymax": 49.916666666666657 }, "geometry": { "type": "MultiPolygon", "coordinates": [ [ [ [ 6.228663500000039, 49.892734499000028 ], [ 6.248832807000042, 49.883216750000031 ], [ 6.25115951600003, 49.874996886000076 ], [ 6.246305530000029, 49.867543408000074 ], [ 6.249533727000028, 49.859279142000048 ], [ 6.243524, 49.854567999000039 ], [ 6.23412259600002, 49.849564307000037 ], [ 6.218689159000064, 49.849651520000066 ], [ 6.20175974700004, 49.854068762000054 ], [ 6.187719697000034, 49.846572005000041 ], [ 6.171010774000024, 49.843766803000051 ], [ 6.163489, 49.84250399900003 ], [ 6.156050932000028, 49.844680525000058 ], [ 6.158703463000052, 49.855999437000037 ], [ 6.165753549000044, 49.862208602000067 ], [ 6.171010774000024, 49.863635785000042 ], [ 6.174960853000073, 49.864708116000031 ], [ 6.177336770000068, 49.871511429000066 ], [ 6.180697500000065, 49.872442499000044 ], [ 6.188997007000069, 49.87330825500004 ], [ 6.188861209000038, 49.879726189000053 ], [ 6.192999652000026, 49.885971728000072 ], [ 6.19836140700005, 49.885253481000063 ], [ 6.217742875000056, 49.892755269000077 ], [ 6.228663500000039, 49.892734499000028 ] ] ] ] } },
{ "type": "Feature", "properties": { "GISCO_ID": "LU_0602", "CNTR_CODE": "LU", "LAU_ID": "0602", "LAU_NAME": "Bourscheid", "cell_coverage": [ [ 0.0444, 0.6348, 0.1778, 0 ], [ 0.4513, 0.8383, 0.4598, 0.0125 ], [ 0, 0.0848, 0, 0 ] ], "xmin": 6.0, "xmax": 6.166666666666667, "ymin": 49.833333333333321, "ymax": 49.958333333333321 }, "geometry": { "type": "MultiPolygon", "coordinates": [ [ [ [ 6.117089272000044, 49.91919826700007 ], [ 6.113706831000059, 49.909227322000049 ], [ 6.120910341000069, 49.903672598000071 ], [ 6.130174435000072, 49.90211765600003 ], [ 6.125507, 49.895241499000065 ], [ 6.108530550000069, 49.89652411600008 ], [ 6.097250996000071, 49.88759334000008 ], [ 6.08454285800002, 49.901741229000038 ], [ 6.079394114000024, 49.902576853000028 ], [ 6.073041179000029, 49.897267871000054 ], [ 6.077391037000041, 49.891261249000081 ], [ 6.075800500000071, 49.87627549900003 ], [ 6.078365028000064, 49.868813999000054 ], [ 6.062881, 49.865151999000034 ], [ 6.054150562000075, 49.879461435000053 ], [ 6.047878888000071, 49.882376539000063 ], [ 6.041681632000063, 49.881136389000062 ], [ 6.023062580000044, 49.890105292000044 ], [ 6.019908620000024, 49.884027905000039 ], [ 6.012271500000054, 49.88004999900005 ], [ 6.012068875000068, 49.892595184000072 ], [ 6.019011939000052, 49.900006489000077 ], [ 6.017542646000038, 49.903537836000055 ], [ 6.021291407000035, 49.914062270000045 ], [ 6.03733, 49.920167999000057 ], [ 6.03997318100005, 49.925263916000063 ], [ 6.047597487000075, 49.926208667000026 ], [ 6.037640500000066, 49.940097999000045 ], [ 6.040396500000043, 49.947128999000029 ], [ 6.061280193000073, 49.954601478000029 ], [ 6.064539723000053, 49.950532876000068 ], [ 6.065869579000037, 49.935700822000058 ], [ 6.078811782000059, 49.93271203200004 ], [ 6.087576, 49.93421599900006 ], [ 6.093340024000042, 49.931237658000043 ], [ 6.097457186000042, 49.924202325000067 ], [ 6.117089272000044, 49.91919826700007 ] ] ] ] } },
{ "type": "Feature", "properties": { "GISCO_ID": "LU_0603", "CNTR_CODE": "LU", "LAU_ID": "0603", "LAU_NAME": "Diekirch", "cell_coverage": [ [ 0.0354, 0.3482, 0.0105 ], [ 0, 0.4293, 0.0659 ] ], "xmin": 6.0833333333333321, "xmax": 6.2083333333333321, "ymin": 49.833333333333321, "ymax": 49.916666666666657 }, "geometry": { "type": "MultiPolygon", "coordinates": [ [ [ [ 6.143240500000047, 49.836248499000078 ], [ 6.151810320000038, 49.842875413000058 ], [ 6.152501569000037, 49.847320525000043 ], [ 6.145787218000066, 49.857835339000076 ], [ 6.131199803000072, 49.864234943000042 ], [ 6.130166590000044, 49.875926893000042 ], [ 6.118347218000054, 49.87801629300003 ], [ 6.121102060000055, 49.887641881000036 ], [ 6.127553, 49.89338649900003 ], [ 6.13559594700007, 49.897867826000038 ], [ 6.143651646000023, 49.89582217800006 ], [ 6.14531375200005, 49.894073897000055 ], [ 6.142368244000068, 49.890901008000071 ], [ 6.171010774000024, 49.877107409000075 ], [ 6.180697500000065, 49.872442499000044 ], [ 6.177336770000068, 49.871511429000066 ], [ 6.174960853000073, 49.864708116000031 ], [ 6.171010774000024, 49.863635785000042 ], [ 6.165753549000044, 49.862208602000067 ], [ 6.158703463000052, 49.855999437000037 ], [ 6.156050932000028, 49.844680525000058 ], [ 6.163489, 49.84250399900003 ], [ 6.15125088800005, 49.835415084000033 ], [ 6.143240500000047, 49.836248499000078 ] ] ] ] } },
{ "type": "Feature", "properties": { "GISCO_ID": "LU_0604", "CNTR_CODE": "LU", "LAU_ID": "0604", "LAU_NAME": "Erpeldange-sur-Sûre", "cell_coverage": [ [ 0.111, 0.4364, 0.0075 ], [ 0.0006, 0.3861, 0.3494 ] ], "xmin": 6.0416666666666643, "xmax": 6.1666666666666643, "ymin": 49.833333333333321, "ymax": 49.916666666666657 }, "geometry": { "type": "MultiPolygon", "coordinates": [ [ [ [ 6.143240500000047, 49.836248499000078 ], [ 6.14275, 49.835044999000047 ], [ 6.131136019000053, 49.842194843000073 ], [ 6.116403500000047, 49.843394999000054 ], [ 6.116086322000058, 49.847071081000081 ], [ 6.103508432000069, 49.858854543000064 ], [ 6.095434021000074, 49.87109007600003 ], [ 6.075800500000071, 49.87627549900003 ], [ 6.077391037000041, 49.891261249000081 ], [ 6.073041179000029, 49.897267871000054 ], [ 6.079394114000024, 49.902576853000028 ], [ 6.08454285800002, 49.901741229000038 ], [ 6.097250996000071, 49.88759334000008 ], [ 6.108530550000069, 49.89652411600008 ], [ 6.125507, 49.895241499000065 ], [ 6.127553, 49.89338649900003 ], [ 6.121102060000055, 49.887641881000036 ], [ 6.118347218000054, 49.87801629300003 ], [ 6.130166590000044, 49.875926893000042 ], [ 6.131199803000072, 49.864234943000042 ], [ 6.145787218000066, 49.857835339000076 ], [ 6.152501569000037, 49.847320525000043 ], [ 6.151810320000038, 49.842875413000058 ], [ 6.143240500000047, 49.836248499000078 ] ] ] ] } },
{ "type": "Feature", "properties": { "GISCO_ID": "LU_0605", "CNTR_CODE": "LU", "LAU_ID": "0605", "LAU_NAME": "Ettelbruck", "cell_coverage": [ [ 0, 0.0016, 0 ], [ 0.0002, 0.4574, 0.5072 ], [ 0.0089, 0.1076, 0.0152 ] ], "xmin": 6.0, "xmax": 6.125, "ymin": 49.791666666666657, "ymax": 49.916666666666657 }, "geometry": { "type": "MultiPolygon", "coordinates": [ [ [ [ 6.072496500000057, 49.830002999000044 ], [ 6.062057073000062, 49.83090921400003 ], [ 6.048960202000046, 49.825416023000059 ], [ 6.04155350000002, 49.826474999000027 ], [ 6.039262500000063, 49.829191999000045 ], [ 6.038106, 49.832629499000063 ], [ 6.051931029000059, 49.837474479000036 ], [ 6.057342955000024, 49.835998653000047 ], [ 6.056925011000033, 49.841187360000049 ], [ 6.06785179700006, 49.852282271000036 ], [ 6.062881, 49.865151999000034 ], [ 6.078365028000064, 49.868813999000054 ], [ 6.075800500000071, 49.87627549900003 ], [ 6.095434021000074, 49.87109007600003 ], [ 6.103508432000069, 49.858854543000064 ], [ 6.116086322000058, 49.847071081000081 ], [ 6.116403500000047, 49.843394999000054 ], [ 6.112766563000037, 49.837677648000067 ], [ 6.09416879500003, 49.836821185000076 ], [ 6.091297060000045, 49.830333650000057 ], [ 6.072496500000057, 49.830002999000044 ] ] ] ] } },
{ "type": "Feature", "properties": { "GISCO_ID": "LU_0606", "CNTR_CODE": "LU", "LAU_ID": "0606", "LAU_NAME": "Feulen", "cell_coverage": [ [ 0.0062, 0.1944, 0.0491 ], [ 0.1174, 0.8069, 0.4572 ], [ 0, 0.0006, 0 ] ], "xmin": 5.9583333333333321, "xmax": 6.0833333333333321, "ymin": 49.791666666666657, "ymax": 49.916666666666657 }, "geometry": { "type": "MultiPolygon", "coordinates": [ [ [ [ 6.062881, 49.865151999000034 ], [ 6.06785179700006, 49.852282271000036 ], [ 6.056925011000033, 49.841187360000049 ], [ 6.057342955000024, 49.835998653000047 ], [ 6.051931029000059, 49.837474479000036 ], [ 6.038106, 49.832629499000063 ], [ 6.031277930000044, 49.838008607000063 ], [ 6.010352524000041, 49.845483132000027 ], [ 5.992254305000074, 49.851947790000054 ], [ 5.986767500000042, 49.857371499000067 ], [ 5.986357403000056, 49.862008463000052 ], [ 5.996639341000048, 49.865220467000029 ], [ 5.994066088000068, 49.873748457000033 ], [ 5.996131117000061, 49.877072435000059 ], [ 6.010352524000041, 49.879695988000037 ], [ 6.012271500000054, 49.88004999900005 ], [ 6.019908620000024, 49.884027905000039 ], [ 6.023062580000044, 49.890105292000044 ], [ 6.041681632000063, 49.881136389000062 ], [ 6.047878888000071, 49.882376539000063 ], [ 6.054150562000075, 49.879461435000053 ], [ 6.062881, 49.865151999000034 ] ] ] ] } },
{ "type": "Feature", "properties": { "GISCO_ID": "LU_0607", "CNTR_CODE": "LU", "LAU_ID": "0607", "LAU_NAME": "Mertzig", "cell_coverage": [ [ 0.2598, 0.1929 ], [ 0.1672, 0.1841 ] ], "xmin": 5.9583333333333321, "xmax": 6.0416666666666652, "ymin": 49.79166666666665, "ymax": 49.875 }, "geometry": { "type": "MultiPolygon", "coordinates": [ [ [ [ 5.985951, 49.816940999000053 ], [ 5.980626702000052, 49.819025249000049 ], [ 5.983418485000072, 49.824694765000061 ], [ 5.971248932000037, 49.842951182000036 ], [ 5.974451728000076, 49.846517110000036 ], [ 5.985875696000051, 49.846729400000072 ], [ 5.982693, 49.852959999000063 ], [ 5.982604009000056, 49.85611248400005 ], [ 5.986767500000042, 49.857371499000067 ], [ 5.992254305000074, 49.851947790000054 ], [ 6.010352524000041, 49.845483132000027 ], [ 6.031277930000044, 49.838008607000063 ], [ 6.038106, 49.832629499000063 ], [ 6.039262500000063, 49.829191999000045 ], [ 6.04155350000002, 49.826474999000027 ], [ 6.04034850000005, 49.826087999000038 ], [ 6.035587623000026, 49.825724067000067 ], [ 6.031140662000041, 49.830915870000069 ], [ 6.027900905000024, 49.82976319900007 ], [ 6.027732768000021, 49.826069725000082 ], [ 6.018153506000033, 49.826574042000061 ], [ 6.010352524000041, 49.823321484000076 ], [ 6.000003939000067, 49.819006724000076 ], [ 5.985951, 49.816940999000053 ] ] ] ] } },
{ "type": "Feature", "properties": { "GISCO_ID": "LU_0608", "CNTR_CODE": "LU", "LAU_ID": "0608", "LAU_NAME": "Reisdorf", "cell_coverage": [ [ 0.1038, 0.1306, 0 ], [ 0.0229, 0.5831, 0.2373 ] ], "xmin": 6.2083333333333321, "xmax": 6.3333333333333321, "ymin": 49.833333333333321, "ymax": 49.916666666666657 }, "geometry": { "type": "MultiPolygon", "coordinates": [ [ [ [ 6.235510500000032, 49.899188499000047 ], [ 6.245091, 49.895630999000048 ], [ 6.259113500000069, 49.883592499000031 ], [ 6.273767777000046, 49.877557090000039 ], [ 6.282603809000022, 49.877991989000066 ], [ 6.291104085000029, 49.873760451000066 ], [ 6.296986982000021, 49.866961380000077 ], [ 6.310889551000059, 49.869261410000036 ], [ 6.314417, 49.859890499000073 ], [ 6.308627125000044, 49.857134667000025 ], [ 6.310031898000034, 49.849530859000026 ], [ 6.307312760000059, 49.846997581000039 ], [ 6.268674, 49.848534999000037 ], [ 6.255196622000028, 49.856929325000067 ], [ 6.243524, 49.854567999000039 ], [ 6.249533727000028, 49.859279142000048 ], [ 6.246305530000029, 49.867543408000074 ], [ 6.25115951600003, 49.874996886000076 ], [ 6.248832807000042, 49.883216750000031 ], [ 6.228663500000039, 49.892734499000028 ], [ 6.235510500000032, 49.899188499000047 ] ] ] ] } },
{ "type": "Feature", "properties": { "GISCO_ID": "LU_0609", "CNTR_CODE": "LU", "LAU_ID": "0609", "LAU_NAME": "Schieren", "cell_coverage": [ [ 0, 0.1067, 0.0684 ], [ 0.0315, 0.3918, 0.1349 ] ], "xmin": 6.0416666666666643, "xmax": 6.1666666666666643, "ymin": 49.79166666666665, "ymax": 49.875 }, "geometry": { "type": "MultiPolygon", "coordinates": [ [ [ [ 6.145716, 49.826737999000045 ], [ 6.10933650000004, 49.810379999000077 ], [ 6.10532986000004, 49.81406602800007 ], [ 6.096440636000068, 49.815715008000041 ], [ 6.092104514000027, 49.822144567000066 ], [ 6.074409975000037, 49.825286969000047 ], [ 6.072496500000057, 49.830002999000044 ], [ 6.091297060000045, 49.830333650000057 ], [ 6.09416879500003, 49.836821185000076 ], [ 6.112766563000037, 49.837677648000067 ], [ 6.116403500000047, 49.843394999000054 ], [ 6.131136019000053, 49.842194843000073 ], [ 6.14275, 49.835044999000047 ], [ 6.146333918000039, 49.831603696000059 ], [ 6.145716, 49.826737999000045 ] ] ] ] } },
{ "type": "Feature", "properties": { "GISCO_ID": "LU_0610", "CNTR_CODE": "LU", "LAU_ID": "0610", "LAU_NAME": "Vallée de l'Ernz", "cell_coverage": [ [ 0.0682, 0.3517, 0.4332, 0.1916 ], [ 0.1403, 0.4976, 0.9597, 0.1903 ], [ 0, 0, 0.0341, 0.0004 ] ], "xmin": 6.125, "xmax": 6.291666666666667, "ymin": 49.75, "ymax": 49.875 }, "geometry": { "type": "MultiPolygon", "coordinates": [ [ [ [ 6.196732, 49.801795499000036 ], [ 6.189667491000023, 49.806527370000026 ], [ 6.190859350000039, 49.812509549000026 ], [ 6.187407266000037, 49.822385616000076 ], [ 6.171010774000024, 49.822351027000082 ], [ 6.162956586000064, 49.822334037000076 ], [ 6.152554316000021, 49.818950937000068 ], [ 6.145716, 49.826737999000045 ], [ 6.146333918000039, 49.831603696000059 ], [ 6.14275, 49.835044999000047 ], [ 6.143240500000047, 49.836248499000078 ], [ 6.15125088800005, 49.835415084000033 ], [ 6.163489, 49.84250399900003 ], [ 6.171010774000024, 49.843766803000051 ], [ 6.187719697000034, 49.846572005000041 ], [ 6.20175974700004, 49.854068762000054 ], [ 6.218689159000064, 49.849651520000066 ], [ 6.23412259600002, 49.849564307000037 ], [ 6.243524, 49.854567999000039 ], [ 6.255196622000028, 49.856929325000067 ], [ 6.268674, 49.848534999000037 ], [ 6.263930880000032, 49.844893399000057 ], [ 6.267664289000038, 49.838900201000058 ], [ 6.255129595000028, 49.827565797000034 ], [ 6.257593494000048, 49.823173088000033 ], [ 6.270428500000037, 49.821273499000029 ], [ 6.263450753000029, 49.812441074000049 ], [ 6.254039873000067, 49.80995646000008 ], [ 6.256928467000023, 49.801978073000043 ], [ 6.245363422000025, 49.79585581200007 ], [ 6.250714794000032, 49.787800254000047 ], [ 6.248574, 49.785378499000046 ], [ 6.244957683000052, 49.788053285000046 ], [ 6.238525605000063, 49.786658747000047 ], [ 6.235577500000034, 49.791840999000044 ], [ 6.229873499000064, 49.796051811000041 ], [ 6.215961686000071, 49.790959393000037 ], [ 6.196732, 49.801795499000036 ] ] ] ] } },
{ "type": "Feature", "properties": { "GISCO_ID": "LU_0701", "CNTR_CODE": "LU", "LAU_ID": "0701", "LAU_NAME": "Beckerich", "cell_coverage": [ [ 0, 0.0026, 0, 0.025 ], [ 0.0711, 0.5754, 0.8172, 0.5303 ], [ 0, 0, 0.0122, 0.0285 ] ], "xmin": 5.7916666666666643, "xmax": 5.9583333333333313, "ymin": 49.666666666666657, "ymax": 49.791666666666657 }, "geometry": { "type": "MultiPolygon", "coordinates": [ [ [ [ 5.886318500000073, 49.70938299900007 ], [ 5.869031957000061, 49.724482081000076 ], [ 5.861282671000026, 49.726961184000061 ], [ 5.843751921000035, 49.721547005000048 ], [ 5.826179, 49.723608499000079 ], [ 5.827640100000053, 49.73818192400006 ], [ 5.831383, 49.745250499000065 ], [ 5.839566303000026, 49.744649542000047 ], [ 5.869031957000061, 49.75109887800005 ], [ 5.888591557000041, 49.744572768000069 ], [ 5.907637631000057, 49.743118229000061 ], [ 5.931813500000032, 49.755951999000047 ], [ 5.933496578000074, 49.752973720000057 ], [ 5.935789212000032, 49.748916803000043 ], [ 5.944446525000046, 49.744011469000043 ], [ 5.943602549000047, 49.738529897000035 ], [ 5.938421092000056, 49.732654762000038 ], [ 5.941932, 49.731525999000041 ], [ 5.945114305000061, 49.726119182000048 ], [ 5.943009959000051, 49.720387631000051 ], [ 5.933496578000074, 49.71628395700003 ], [ 5.922551517000045, 49.71156271600006 ], [ 5.927342857000042, 49.707596194000075 ], [ 5.927788500000077, 49.70357049900008 ], [ 5.913613765000036, 49.704021289000082 ], [ 5.907228198000041, 49.711540262000028 ], [ 5.886318500000073, 49.70938299900007 ] ] ] ] } },
{ "type": "Feature", "properties": { "GISCO_ID": "LU_0702", "CNTR_CODE": "LU", "LAU_ID": "0702", "LAU_NAME": "Preizerdaul", "cell_coverage": [ [ 0.2182, 0.6241, 0.064 ], [ 0.0057, 0.1871, 0.0058 ] ], "xmin": 5.875, "xmax": 6.0, "ymin": 49.75, "ymax": 49.833333333333321 }, "geometry": { "type": "MultiPolygon", "coordinates": [ [ [ [ 5.969144, 49.811777999000071 ], [ 5.966116, 49.809356999000045 ], [ 5.960814477000042, 49.788535121000052 ], [ 5.932752, 49.778733999000053 ], [ 5.92944533800005, 49.783346269000049 ], [ 5.913239348000047, 49.789929769000025 ], [ 5.903740895000055, 49.798926445000063 ], [ 5.900981500000057, 49.807584999000028 ], [ 5.907514, 49.81944149900005 ], [ 5.910109421000072, 49.824650621000046 ], [ 5.919788813000025, 49.82499092900008 ], [ 5.933496578000074, 49.818459024000049 ], [ 5.93717106500003, 49.816708090000077 ], [ 5.946722500000021, 49.815533499000026 ], [ 5.947741255000039, 49.813081731000068 ], [ 5.96163124900005, 49.81032039300004 ], [ 5.969144, 49.811777999000071 ] ] ] ] } },
{ "type": "Feature", "properties": { "GISCO_ID": "LU_0703", "CNTR_CODE": "LU", "LAU_ID": "0703", "LAU_NAME": "Ell", "cell_coverage": [ [ 0.3567, 0.0037 ], [ 0.6204, 0.5204 ], [ 0.009, 0.0561 ] ], "xmin": 5.7916666666666643, "xmax": 5.875, "ymin": 49.708333333333321, "ymax": 49.833333333333321 }, "geometry": { "type": "MultiPolygon", "coordinates": [ [ [ [ 5.831383, 49.745250499000065 ], [ 5.829541777000031, 49.749051725000072 ], [ 5.818637562000049, 49.753812216000028 ], [ 5.81544434400007, 49.761793427000043 ], [ 5.793362800000068, 49.786201624000057 ], [ 5.79344750000007, 49.790546499000072 ], [ 5.803613053000049, 49.794034527000065 ], [ 5.811027912000043, 49.815236969000068 ], [ 5.820732127000042, 49.818835942000078 ], [ 5.834435, 49.813798499000029 ], [ 5.833811553000032, 49.806215878000046 ], [ 5.82851002700005, 49.798189085000047 ], [ 5.83089510800005, 49.787353161000055 ], [ 5.839332819000049, 49.781165112000053 ], [ 5.855690845000026, 49.775652996000076 ], [ 5.867531156000041, 49.766635509000025 ], [ 5.868503104000069, 49.763011615000039 ], [ 5.864114306000033, 49.75888369200004 ], [ 5.869031957000061, 49.75109887800005 ], [ 5.839566303000026, 49.744649542000047 ], [ 5.831383, 49.745250499000065 ] ] ] ] } },
{ "type": "Feature", "properties": { "GISCO_ID": "LU_0704", "CNTR_CODE": "LU", "LAU_ID": "0704", "LAU_NAME": "Rambrouch", "cell_coverage": [ [ 0, 0.0034, 0.0055, 0.1615, 0.0015 ], [ 0.0327, 0.8653, 0.8543, 0.9635, 0.0419 ], [ 0.0462, 0.9402, 0.6176, 0.7446, 0.4562 ], [ 0, 0.0003, 0.0014, 0, 0 ] ], "xmin": 5.7083333333333321, "xmax": 5.9166666666666652, "ymin": 49.75, "ymax": 49.916666666666657 }, "geometry": { "type": "MultiPolygon", "coordinates": [ [ [ [ 5.745805220000022, 49.819095602000061 ], [ 5.745417044000021, 49.819635847000029 ], [ 5.745805220000022, 49.821752612000068 ], [ 5.746642598000051, 49.826318926000056 ], [ 5.745805220000022, 49.827651644000071 ], [ 5.741242769000053, 49.834912947000078 ], [ 5.745805220000022, 49.839426514000081 ], [ 5.75478434200005, 49.848309430000029 ], [ 5.746319, 49.853594999000052 ], [ 5.758767656000032, 49.85656313700008 ], [ 5.753796050000062, 49.868784237000057 ], [ 5.755521791000035, 49.872104533000027 ], [ 5.769686734000061, 49.871381288000066 ], [ 5.77480209600003, 49.868405147000033 ], [ 5.780340270000067, 49.872298663000038 ], [ 5.780268609000075, 49.875950499000055 ], [ 5.782788, 49.875775499000042 ], [ 5.788996902000065, 49.874857746000032 ], [ 5.794896677000054, 49.878154989000052 ], [ 5.797407763000024, 49.872613591000061 ], [ 5.806099214000028, 49.866555855000058 ], [ 5.825683158000061, 49.867378607000035 ], [ 5.842883896000046, 49.873828230000072 ], [ 5.841645576000076, 49.883255158000054 ], [ 5.851447897000071, 49.883513457000049 ], [ 5.856799, 49.888690999000062 ], [ 5.876754376000065, 49.87592231800005 ], [ 5.877939500000025, 49.869810999000038 ], [ 5.874205212000049, 49.866065064000054 ], [ 5.873059109000053, 49.853399160000038 ], [ 5.869204333000027, 49.849797747000082 ], [ 5.879266080000036, 49.84772984500006 ], [ 5.874706523000043, 49.84164005100007 ], [ 5.880061643000033, 49.838656914000069 ], [ 5.883854528000029, 49.831700839000064 ], [ 5.907514, 49.81944149900005 ], [ 5.900981500000057, 49.807584999000028 ], [ 5.88706095200007, 49.798471535000033 ], [ 5.874388560000057, 49.797663689000046 ], [ 5.869031957000061, 49.794175304000078 ], [ 5.852946532000033, 49.799292696000066 ], [ 5.849755338000023, 49.805609094000033 ], [ 5.834435, 49.813798499000029 ], [ 5.820732127000042, 49.818835942000078 ], [ 5.811027912000043, 49.815236969000068 ], [ 5.803613053000049, 49.794034527000065 ], [ 5.79344750000007, 49.790546499000072 ], [ 5.787720187000048, 49.795989778000035 ], [ 5.781006507000029, 49.793039023000063 ], [ 5.755377500000066, 49.79143349900005 ], [ 5.750352783000039, 49.81276650600006 ], [ 5.745805220000022, 49.819095602000061 ] ] ] ] } },
{ "type": "Feature", "properties": { "GISCO_ID": "LU_0705", "CNTR_CODE": "LU", "LAU_ID": "0705", "LAU_NAME": "Grosbous", "cell_coverage": [ [ 0.0001, 0.6657, 0.329 ], [ 0, 0.1577, 0.2945 ] ], "xmin": 5.875, "xmax": 6.0, "ymin": 49.79166666666665, "ymax": 49.875 }, "geometry": { "type": "MultiPolygon", "coordinates": [ [ [ [ 5.985951, 49.816940999000053 ], [ 5.983130645000074, 49.813125956000079 ], [ 5.969144, 49.811777999000071 ], [ 5.96163124900005, 49.81032039300004 ], [ 5.947741255000039, 49.813081731000068 ], [ 5.946722500000021, 49.815533499000026 ], [ 5.948253674000057, 49.822440712000059 ], [ 5.935462, 49.837384645000043 ], [ 5.933496578000074, 49.838226633000033 ], [ 5.922047368000051, 49.843131477000043 ], [ 5.91630146500006, 49.848718929000029 ], [ 5.925011500000039, 49.859153999000057 ], [ 5.933496578000074, 49.867657709000071 ], [ 5.935019758000067, 49.869184235000034 ], [ 5.946028493000028, 49.87046276600006 ], [ 5.963401626000064, 49.866201144000058 ], [ 5.982693, 49.852959999000063 ], [ 5.985875696000051, 49.846729400000072 ], [ 5.974451728000076, 49.846517110000036 ], [ 5.971248932000037, 49.842951182000036 ], [ 5.983418485000072, 49.824694765000061 ], [ 5.980626702000052, 49.819025249000049 ], [ 5.985951, 49.816940999000053 ] ] ] ] } },
{ "type": "Feature", "properties": { "GISCO_ID": "LU_0706", "CNTR_CODE": "LU", "LAU_ID": "0706", "LAU_NAME": "Redange-sur-Attert", "cell_coverage": [ [ 0.0256, 0.2517, 0.1701, 0 ], [ 0.0085, 0.477, 0.9943, 0.2669 ], [ 0, 0.0007, 0.1156, 0.0024 ] ], "xmin": 5.7916666666666643, "xmax": 5.9583333333333313, "ymin": 49.708333333333321, "ymax": 49.833333333333321 }, "geometry": { "type": "MultiPolygon", "coordinates": [ [ [ [ 5.900981500000057, 49.807584999000028 ], [ 5.903740895000055, 49.798926445000063 ], [ 5.913239348000047, 49.789929769000025 ], [ 5.92944533800005, 49.783346269000049 ], [ 5.932752, 49.778733999000053 ], [ 5.931592247000026, 49.773299056000042 ], [ 5.924608263000039, 49.766688472000055 ], [ 5.930022585000074, 49.765010220000079 ], [ 5.931813500000032, 49.755951999000047 ], [ 5.907637631000057, 49.743118229000061 ], [ 5.888591557000041, 49.744572768000069 ], [ 5.869031957000061, 49.75109887800005 ], [ 5.864114306000033, 49.75888369200004 ], [ 5.868503104000069, 49.763011615000039 ], [ 5.867531156000041, 49.766635509000025 ], [ 5.855690845000026, 49.775652996000076 ], [ 5.839332819000049, 49.781165112000053 ], [ 5.83089510800005, 49.787353161000055 ], [ 5.82851002700005, 49.798189085000047 ], [ 5.833811553000032, 49.806215878000046 ], [ 5.834435, 49.813798499000029 ], [ 5.849755338000023, 49.805609094000033 ], [ 5.852946532000033, 49.799292696000066 ], [ 5.869031957000061, 49.794175304000078 ], [ 5.874388560000057, 49.797663689000046 ], [ 5.88706095200007, 49.798471535000033 ], [ 5.900981500000057, 49.807584999000028 ] ] ] ] } },
{ "type": "Feature", "properties": { "GISCO_ID": "LU_0707", "CNTR_CODE": "LU", "LAU_ID": "0707", "LAU_NAME": "Saeul", "cell_coverage": [ [ 0, 0.0253, 0 ], [ 0.3122, 0.6377, 0.037 ], [ 0.0352, 0, 0 ] ], "xmin": 5.9166666666666643, "xmax": 6.0416666666666643, "ymin": 49.666666666666657, "ymax": 49.791666666666657 }, "geometry": { "type": "MultiPolygon", "coordinates": [ [ [ [ 5.927788500000077, 49.70357049900008 ], [ 5.927342857000042, 49.707596194000075 ], [ 5.922551517000045, 49.71156271600006 ], [ 5.933496578000074, 49.71628395700003 ], [ 5.943009959000051, 49.720387631000051 ], [ 5.945114305000061, 49.726119182000048 ], [ 5.941932, 49.731525999000041 ], [ 5.950194789000022, 49.738294514000074 ], [ 5.956264855000029, 49.737086258000033 ], [ 5.955966475000025, 49.740379607000079 ], [ 5.96884994800007, 49.75208611100004 ], [ 5.98837450000002, 49.752174999000033 ], [ 5.988430624000046, 49.742217882000034 ], [ 5.997487561000071, 49.74196190400005 ], [ 6.004465737000032, 49.736506521000081 ], [ 6.004288311000039, 49.725760499000046 ], [ 5.999495500000023, 49.720873999000048 ], [ 5.985262224000053, 49.722771396000041 ], [ 5.971133843000075, 49.720492815000057 ], [ 5.933496578000074, 49.702989909000053 ], [ 5.927788500000077, 49.70357049900008 ] ] ] ] } },
{ "type": "Feature", "properties": { "GISCO_ID": "LU_0708", "CNTR_CODE": "LU", "LAU_ID": "0708", "LAU_NAME": "Useldange", "cell_coverage": [ [ 0, 0.177, 0 ], [ 0.521, 0.903, 0.0109 ], [ 0.1314, 0.0177, 0 ] ], "xmin": 5.9166666666666643, "xmax": 6.0416666666666643, "ymin": 49.708333333333321, "ymax": 49.833333333333321 }, "geometry": { "type": "MultiPolygon", "coordinates": [ [ [ [ 5.931813500000032, 49.755951999000047 ], [ 5.930022585000074, 49.765010220000079 ], [ 5.924608263000039, 49.766688472000055 ], [ 5.931592247000026, 49.773299056000042 ], [ 5.932752, 49.778733999000053 ], [ 5.960814477000042, 49.788535121000052 ], [ 5.966116, 49.809356999000045 ], [ 5.973408329000051, 49.808550509000042 ], [ 5.975744691000045, 49.802233171000069 ], [ 6.005355500000064, 49.787122999000076 ], [ 5.998629874000073, 49.782288036000068 ], [ 6.000729905000071, 49.775156113000037 ], [ 5.997417148000068, 49.769246348000081 ], [ 5.998841450000043, 49.761913557000071 ], [ 5.98837450000002, 49.752174999000033 ], [ 5.96884994800007, 49.75208611100004 ], [ 5.955966475000025, 49.740379607000079 ], [ 5.956264855000029, 49.737086258000033 ], [ 5.950194789000022, 49.738294514000074 ], [ 5.941932, 49.731525999000041 ], [ 5.938421092000056, 49.732654762000038 ], [ 5.943602549000047, 49.738529897000035 ], [ 5.944446525000046, 49.744011469000043 ], [ 5.935789212000032, 49.748916803000043 ], [ 5.933496578000074, 49.752973720000057 ], [ 5.931813500000032, 49.755951999000047 ] ] ] ] } },
{ "type": "Feature", "properties": { "GISCO_ID": "LU_0709", "CNTR_CODE": "LU", "LAU_ID": "0709", "LAU_NAME": "Vichten", "cell_coverage": [ [ 0.2972, 0.567 ], [ 0.0019, 0.0338 ] ], "xmin": 5.9583333333333321, "xmax": 6.0416666666666652, "ymin": 49.75, "ymax": 49.833333333333321 }, "geometry": { "type": "MultiPolygon", "coordinates": [ [ [ [ 6.01360950000003, 49.786968999000067 ], [ 6.010352524000041, 49.787029766000046 ], [ 6.005355500000064, 49.787122999000076 ], [ 5.975744691000045, 49.802233171000069 ], [ 5.973408329000051, 49.808550509000042 ], [ 5.966116, 49.809356999000045 ], [ 5.969144, 49.811777999000071 ], [ 5.983130645000074, 49.813125956000079 ], [ 5.985951, 49.816940999000053 ], [ 6.000003939000067, 49.819006724000076 ], [ 6.010352524000041, 49.823321484000076 ], [ 6.018153506000033, 49.826574042000061 ], [ 6.027732768000021, 49.826069725000082 ], [ 6.027900905000024, 49.82976319900007 ], [ 6.031140662000041, 49.830915870000069 ], [ 6.035587623000026, 49.825724067000067 ], [ 6.04034850000005, 49.826087999000038 ], [ 6.04076550000002, 49.822820999000044 ], [ 6.03310790300003, 49.819942496000067 ], [ 6.028982848000055, 49.812935468000035 ], [ 6.034527637000053, 49.803855690000034 ], [ 6.016315861000066, 49.795349043000044 ], [ 6.01360950000003, 49.786968999000067 ] ] ] ] } },
{ "type": "Feature", "properties": { "GISCO_ID": "LU_0710", "CNTR_CODE": "LU", "LAU_ID": "0710", "LAU_NAME": "Wahl", "cell_coverage": [ [ 0, 0.0751, 0 ], [ 0.0202, 0.8678, 0.1263 ], [ 0, 0.1554, 0.2182 ] ], "xmin": 5.8333333333333321, "xmax": 5.9583333333333321, "ymin": 49.791666666666657, "ymax": 49.916666666666657 }, "geometry": { "type": "MultiPolygon", "coordinates": [ [ [ [ 5.907514, 49.81944149900005 ], [ 5.883854528000029, 49.831700839000064 ], [ 5.880061643000033, 49.838656914000069 ], [ 5.874706523000043, 49.84164005100007 ], [ 5.879266080000036, 49.84772984500006 ], [ 5.869204333000027, 49.849797747000082 ], [ 5.873059109000053, 49.853399160000038 ], [ 5.874205212000049, 49.866065064000054 ], [ 5.877939500000025, 49.869810999000038 ], [ 5.882358211000053, 49.864578488000063 ], [ 5.895576856000048, 49.872165558000063 ], [ 5.893233941000062, 49.880975370000044 ], [ 5.900081939000074, 49.88759745200008 ], [ 5.919581269000048, 49.86595529300007 ], [ 5.912205976000052, 49.863647638000032 ], [ 5.911508816000037, 49.861006416000066 ], [ 5.925011500000039, 49.859153999000057 ], [ 5.91630146500006, 49.848718929000029 ], [ 5.922047368000051, 49.843131477000043 ], [ 5.933496578000074, 49.838226633000033 ], [ 5.935462, 49.837384645000043 ], [ 5.948253674000057, 49.822440712000059 ], [ 5.946722500000021, 49.815533499000026 ], [ 5.93717106500003, 49.816708090000077 ], [ 5.933496578000074, 49.818459024000049 ], [ 5.919788813000025, 49.82499092900008 ], [ 5.910109421000072, 49.824650621000046 ], [ 5.907514, 49.81944149900005 ] ] ] ] } },
{ "type": "Feature", "properties": { "GISCO_ID": "LU_0801", "CNTR_CODE": "LU", "LAU_ID": "0801", "LAU_NAME": "Boulaide", "cell_coverage": [ [ 0, 0.0277, 0.0292, 0 ], [ 0.0807, 0.7419, 0.9685, 0.3264 ], [ 0, 0, 0.1457, 0.0162 ] ], "xmin": 5.7083333333333321, "xmax": 5.875, "ymin": 49.833333333333321, "ymax": 49.958333333333321 }, "geometry": { "type": "MultiPolygon", "coordinates": [ [ [ [ 5.782788, 49.875775499000042 ], [ 5.77751372900002, 49.88385338900008 ], [ 5.745805220000022, 49.894035700000074 ], [ 5.737065789000042, 49.89684212700007 ], [ 5.739292830000068, 49.902884088000064 ], [ 5.745805220000022, 49.907708357000047 ], [ 5.748186, 49.909471999000061 ], [ 5.763349500000061, 49.915419499000052 ], [ 5.773781872000029, 49.918909371000041 ], [ 5.810670789000028, 49.91899808800008 ], [ 5.826134730000035, 49.912801874000081 ], [ 5.833849116000067, 49.913211449000073 ], [ 5.838693307000028, 49.909705760000065 ], [ 5.853526500000044, 49.907590499000037 ], [ 5.854559234000021, 49.900910471000032 ], [ 5.846454934000064, 49.899706624000032 ], [ 5.850767242000074, 49.892133431000047 ], [ 5.856799, 49.888690999000062 ], [ 5.851447897000071, 49.883513457000049 ], [ 5.841645576000076, 49.883255158000054 ], [ 5.842883896000046, 49.873828230000072 ], [ 5.825683158000061, 49.867378607000035 ], [ 5.806099214000028, 49.866555855000058 ], [ 5.797407763000024, 49.872613591000061 ], [ 5.794896677000054, 49.878154989000052 ], [ 5.788996902000065, 49.874857746000032 ], [ 5.782788, 49.875775499000042 ] ] ] ] } },
{ "type": "Feature", "properties": { "GISCO_ID": "LU_0802", "CNTR_CODE": "LU", "LAU_ID": "0802", "LAU_NAME": "Esch-sur-Sûre", "cell_coverage": [ [ 0, 0, 0, 0, 0.0909 ], [ 0.2564, 0.7224, 0.865, 0.8063, 0.3515 ], [ 0, 0.0901, 0.208, 0.2939, 0 ] ], "xmin": 5.8333333333333321, "xmax": 6.0416666666666652, "ymin": 49.833333333333321, "ymax": 49.958333333333321 }, "geometry": { "type": "MultiPolygon", "coordinates": [ [ [ [ 5.94989, 49.910701999000025 ], [ 5.954930193000052, 49.905885022000064 ], [ 5.962790211000026, 49.905256510000072 ], [ 5.977865191000035, 49.910080427000025 ], [ 5.983385267000074, 49.904462675000048 ], [ 5.986862858000052, 49.906874838000078 ], [ 5.988044708000075, 49.91252954600003 ], [ 6.001410045000057, 49.914018121000026 ], [ 6.003126770000051, 49.921300487000053 ], [ 6.008402283000066, 49.925536617000034 ], [ 6.010352524000041, 49.924867511000059 ], [ 6.027342031000046, 49.919038601000068 ], [ 6.03733, 49.920167999000057 ], [ 6.021291407000035, 49.914062270000045 ], [ 6.017542646000038, 49.903537836000055 ], [ 6.019011939000052, 49.900006489000077 ], [ 6.012068875000068, 49.892595184000072 ], [ 6.012271500000054, 49.88004999900005 ], [ 6.010352524000041, 49.879695988000037 ], [ 5.996131117000061, 49.877072435000059 ], [ 5.994066088000068, 49.873748457000033 ], [ 5.996639341000048, 49.865220467000029 ], [ 5.986357403000056, 49.862008463000052 ], [ 5.986767500000042, 49.857371499000067 ], [ 5.982604009000056, 49.85611248400005 ], [ 5.982693, 49.852959999000063 ], [ 5.963401626000064, 49.866201144000058 ], [ 5.946028493000028, 49.87046276600006 ], [ 5.935019758000067, 49.869184235000034 ], [ 5.933496578000074, 49.867657709000071 ], [ 5.925011500000039, 49.859153999000057 ], [ 5.911508816000037, 49.861006416000066 ], [ 5.912205976000052, 49.863647638000032 ], [ 5.919581269000048, 49.86595529300007 ], [ 5.900081939000074, 49.88759745200008 ], [ 5.893233941000062, 49.880975370000044 ], [ 5.895576856000048, 49.872165558000063 ], [ 5.882358211000053, 49.864578488000063 ], [ 5.877939500000025, 49.869810999000038 ], [ 5.876754376000065, 49.87592231800005 ], [ 5.856799, 49.888690999000062 ], [ 5.850767242000074, 49.892133431000047 ], [ 5.846454934000064, 49.899706624000032 ], [ 5.854559234000021, 49.900910471000032 ], [ 5.853526500000044, 49.907590499000037 ], [ 5.859897724000064, 49.904104902000029 ], [ 5.861176304000026, 49.89860133600007 ], [ 5.869031957000061, 49.902708223000047 ], [ 5.877205672000059, 49.902468204000058 ], [ 5.898132700000076, 49.913298232000045 ], [ 5.90478996500002, 49.908296857000039 ], [ 5.911461840000072, 49.910441185000082 ], [ 5.917216671000062, 49.90458561500003 ], [ 5.918997620000027, 49.910967459000062 ], [ 5.926164741000036, 49.914394614000059 ], [ 5.930959703000042, 49.912757835000036 ], [ 5.933496578000074, 49.914092612000047 ], [ 5.93568596700004, 49.915244560000076 ], [ 5.941279645000066, 49.910034635000045 ], [ 5.94989, 49.910701999000025 ] ] ] ] } },
{ "type": "Feature", "properties": { "GISCO_ID": "LU_0804", "CNTR_CODE": "LU", "LAU_ID": "0804", "LAU_NAME": "Goesdorf", "cell_coverage": [ [ 0, 0.0097, 0.032, 0, 0 ], [ 7.3748e-06, 0.4005, 0.9393, 0.4945, 0.0154 ], [ 0, 0.0515, 0.1875, 0.0027, 0 ] ], "xmin": 5.875, "xmax": 6.083333333333333, "ymin": 49.875, "ymax": 49.999999999999986 }, "geometry": { "type": "MultiPolygon", "coordinates": [ [ [ [ 5.94989, 49.910701999000025 ], [ 5.939921220000031, 49.928354992000038 ], [ 5.933496578000074, 49.930050301000051 ], [ 5.916503, 49.934534499000051 ], [ 5.926407888000028, 49.941389511000068 ], [ 5.933496578000074, 49.941230676000032 ], [ 5.953701916000057, 49.940777940000032 ], [ 5.954499647000034, 49.948081343000069 ], [ 5.951274224000031, 49.954204082000047 ], [ 5.95349584500002, 49.961731947000033 ], [ 5.962439486000051, 49.960747974000071 ], [ 5.969465500000069, 49.963227999000026 ], [ 5.979980455000032, 49.956607536000035 ], [ 5.985650872000065, 49.956710690000079 ], [ 5.98845482400003, 49.952399812000067 ], [ 6.010352524000041, 49.947667545000058 ], [ 6.012529424000036, 49.94719709900005 ], [ 6.014058538000029, 49.941088291000028 ], [ 6.033980953000025, 49.938075690000062 ], [ 6.037640500000066, 49.940097999000045 ], [ 6.047597487000075, 49.926208667000026 ], [ 6.03997318100005, 49.925263916000063 ], [ 6.03733, 49.920167999000057 ], [ 6.027342031000046, 49.919038601000068 ], [ 6.010352524000041, 49.924867511000059 ], [ 6.008402283000066, 49.925536617000034 ], [ 6.003126770000051, 49.921300487000053 ], [ 6.001410045000057, 49.914018121000026 ], [ 5.988044708000075, 49.91252954600003 ], [ 5.986862858000052, 49.906874838000078 ], [ 5.983385267000074, 49.904462675000048 ], [ 5.977865191000035, 49.910080427000025 ], [ 5.962790211000026, 49.905256510000072 ], [ 5.954930193000052, 49.905885022000064 ], [ 5.94989, 49.910701999000025 ] ] ] ] } },
{ "type": "Feature", "properties": { "GISCO_ID": "LU_0805", "CNTR_CODE": "LU", "LAU_ID": "0805", "LAU_NAME": "Kiischpelt", "cell_coverage": [ [ 0.2305, 0.0852, 0.0097 ], [ 0.7585, 0.8512, 0.0945 ], [ 0.0607, 0.3607, 0 ] ], "xmin": 5.9583333333333321, "xmax": 6.0833333333333321, "ymin": 49.916666666666657, "ymax": 50.041666666666657 }, "geometry": { "type": "MultiPolygon", "coordinates": [ [ [ [ 5.976588, 50.017940499000076 ], [ 5.983588775000044, 50.018544429000031 ], [ 6.003937245000031, 50.011163974000056 ], [ 6.010571552000044, 50.003604948000032 ], [ 6.021218499000042, 49.999988590000044 ], [ 6.03243180000004, 50.00051067000004 ], [ 6.040102, 50.005537999000069 ], [ 6.045506467000052, 49.997976240000071 ], [ 6.05873172500003, 50.002748045000033 ], [ 6.060245070000065, 50.000653318000047 ], [ 6.05265619000005, 49.992333959000064 ], [ 6.052055282000026, 49.988006571000028 ], [ 6.036643924000032, 49.984036966000076 ], [ 6.024579562000042, 49.968150386000048 ], [ 6.027672900000027, 49.964871498000036 ], [ 6.041438262000042, 49.961741431000064 ], [ 6.037801042000069, 49.957931681000048 ], [ 6.041102845000069, 49.953747746000033 ], [ 6.040396500000043, 49.947128999000029 ], [ 6.037640500000066, 49.940097999000045 ], [ 6.033980953000025, 49.938075690000062 ], [ 6.014058538000029, 49.941088291000028 ], [ 6.012529424000036, 49.94719709900005 ], [ 6.010352524000041, 49.947667545000058 ], [ 5.98845482400003, 49.952399812000067 ], [ 5.985650872000065, 49.956710690000079 ], [ 5.979980455000032, 49.956607536000035 ], [ 5.969465500000069, 49.963227999000026 ], [ 5.965024681000045, 49.970167844000059 ], [ 5.972123710000062, 49.985292607000076 ], [ 5.965976787000045, 49.988348318000078 ], [ 5.967077932000052, 49.999171610000076 ], [ 5.979310702000021, 50.009688620000077 ], [ 5.976588, 50.017940499000076 ] ] ] ] } },
{ "type": "Feature", "properties": { "GISCO_ID": "LU_0806", "CNTR_CODE": "LU", "LAU_ID": "0806", "LAU_NAME": "Lac de la Haute-Sûre", "cell_coverage": [ [ 0.0278, 0.0612, 0, 0, 0 ], [ 0.5081, 0.8885, 0.5876, 0.6597, 0.2199 ], [ 0.0015, 0.026, 0.2558, 0.201, 0.0835 ] ], "xmin": 5.75, "xmax": 5.958333333333333, "ymin": 49.875, "ymax": 49.999999999999986 }, "geometry": { "type": "MultiPolygon", "coordinates": [ [ [ [ 5.810069, 49.963869499000054 ], [ 5.808250658000077, 49.96047601600003 ], [ 5.812516724000034, 49.952249966000068 ], [ 5.83691310100005, 49.951486963000036 ], [ 5.838678999000024, 49.94919370000008 ], [ 5.833351777000075, 49.942102186000056 ], [ 5.845210131000044, 49.93642290300005 ], [ 5.866597572000046, 49.939673594000055 ], [ 5.869031957000061, 49.949608865000073 ], [ 5.878277500000024, 49.949750999000059 ], [ 5.88124093600004, 49.946036270000036 ], [ 5.890040083000031, 49.947089164000033 ], [ 5.905766199000027, 49.942617265000081 ], [ 5.916503, 49.934534499000051 ], [ 5.933496578000074, 49.930050301000051 ], [ 5.939921220000031, 49.928354992000038 ], [ 5.94989, 49.910701999000025 ], [ 5.941279645000066, 49.910034635000045 ], [ 5.93568596700004, 49.915244560000076 ], [ 5.933496578000074, 49.914092612000047 ], [ 5.930959703000042, 49.912757835000036 ], [ 5.926164741000036, 49.914394614000059 ], [ 5.918997620000027, 49.910967459000062 ], [ 5.917216671000062, 49.90458561500003 ], [ 5.911461840000072, 49.910441185000082 ], [ 5.90478996500002, 49.908296857000039 ], [ 5.898132700000076, 49.913298232000045 ], [ 5.877205672000059, 49.902468204000058 ], [ 5.869031957000061, 49.902708223000047 ], [ 5.861176304000026, 49.89860133600007 ], [ 5.859897724000064, 49.904104902000029 ], [ 5.853526500000044, 49.907590499000037 ], [ 5.838693307000028, 49.909705760000065 ], [ 5.833849116000067, 49.913211449000073 ], [ 5.826134730000035, 49.912801874000081 ], [ 5.810670789000028, 49.91899808800008 ], [ 5.773781872000029, 49.918909371000041 ], [ 5.763349500000061, 49.915419499000052 ], [ 5.761634901000036, 49.919375499000068 ], [ 5.764102301000037, 49.929926136000063 ], [ 5.770048092000025, 49.932112318000065 ], [ 5.77435593000007, 49.938455468000029 ], [ 5.771318764000057, 49.948497100000054 ], [ 5.77643809500006, 49.960903577000067 ], [ 5.788909609000029, 49.961531165000054 ], [ 5.795256064000057, 49.965133482000056 ], [ 5.810069, 49.963869499000054 ] ] ] ] } },
{ "type": "Feature", "properties": { "GISCO_ID": "LU_0807", "CNTR_CODE": "LU", "LAU_ID": "0807", "LAU_NAME": "Wiltz", "cell_coverage": [ [ 0.0039, 0.4925, 0.2939 ], [ 0.1738, 0.9798, 0.2095 ], [ 0.2917, 0.3797, 0 ] ], "xmin": 5.875, "xmax": 6.0, "ymin": 49.916666666666657, "ymax": 50.041666666666657 }, "geometry": { "type": "MultiPolygon", "coordinates": [ [ [ [ 5.966191500000036, 50.031972499000062 ], [ 5.971510289000037, 50.031588554000052 ], [ 5.970802737000042, 50.02663777600003 ], [ 5.977037983000059, 50.022425404000046 ], [ 5.976588, 50.017940499000076 ], [ 5.979310702000021, 50.009688620000077 ], [ 5.967077932000052, 49.999171610000076 ], [ 5.965976787000045, 49.988348318000078 ], [ 5.972123710000062, 49.985292607000076 ], [ 5.965024681000045, 49.970167844000059 ], [ 5.969465500000069, 49.963227999000026 ], [ 5.962439486000051, 49.960747974000071 ], [ 5.95349584500002, 49.961731947000033 ], [ 5.951274224000031, 49.954204082000047 ], [ 5.954499647000034, 49.948081343000069 ], [ 5.953701916000057, 49.940777940000032 ], [ 5.933496578000074, 49.941230676000032 ], [ 5.926407888000028, 49.941389511000068 ], [ 5.916503, 49.934534499000051 ], [ 5.905766199000027, 49.942617265000081 ], [ 5.890040083000031, 49.947089164000033 ], [ 5.88124093600004, 49.946036270000036 ], [ 5.878277500000024, 49.949750999000059 ], [ 5.896845710000036, 49.961949410000045 ], [ 5.902379559000053, 49.968698485000061 ], [ 5.918091021000066, 49.976257223000061 ], [ 5.91947556100007, 49.983218410000063 ], [ 5.913156797000056, 49.987968106000039 ], [ 5.916456983000046, 49.991301099000054 ], [ 5.908279500000049, 49.995667499000035 ], [ 5.921574834000069, 50.008182482000052 ], [ 5.927272522000067, 50.009324227000036 ], [ 5.924534032000054, 50.014852636000057 ], [ 5.92860526100003, 50.024440171000037 ], [ 5.933496578000074, 50.021494399000062 ], [ 5.935998496000025, 50.019987631000049 ], [ 5.945183564000047, 50.025994363000052 ], [ 5.958466723000072, 50.027880957000036 ], [ 5.966191500000036, 50.031972499000062 ] ] ] ] } },
{ "type": "Feature", "properties": { "GISCO_ID": "LU_0808", "CNTR_CODE": "LU", "LAU_ID": "0808", "LAU_NAME": "Winseler", "cell_coverage": [ [ 0.2122, 0.7495, 0.7152, 0.0105 ], [ 0.0824, 0.4124, 0.0485, 0 ] ], "xmin": 5.7916666666666643, "xmax": 5.9583333333333313, "ymin": 49.91666666666665, "ymax": 49.999999999999986 }, "geometry": { "type": "MultiPolygon", "coordinates": [ [ [ [ 5.810069, 49.963869499000054 ], [ 5.81198786300007, 49.971431185000029 ], [ 5.832253417000061, 49.977191865000066 ], [ 5.838476280000066, 49.982588010000029 ], [ 5.84023250000007, 49.989372499000069 ], [ 5.869031957000061, 49.99019054300004 ], [ 5.870957446000034, 49.99953067000007 ], [ 5.889700105000031, 49.992336913000031 ], [ 5.908279500000049, 49.995667499000035 ], [ 5.916456983000046, 49.991301099000054 ], [ 5.913156797000056, 49.987968106000039 ], [ 5.91947556100007, 49.983218410000063 ], [ 5.918091021000066, 49.976257223000061 ], [ 5.902379559000053, 49.968698485000061 ], [ 5.896845710000036, 49.961949410000045 ], [ 5.878277500000024, 49.949750999000059 ], [ 5.869031957000061, 49.949608865000073 ], [ 5.866597572000046, 49.939673594000055 ], [ 5.845210131000044, 49.93642290300005 ], [ 5.833351777000075, 49.942102186000056 ], [ 5.838678999000024, 49.94919370000008 ], [ 5.83691310100005, 49.951486963000036 ], [ 5.812516724000034, 49.952249966000068 ], [ 5.808250658000077, 49.96047601600003 ], [ 5.810069, 49.963869499000054 ] ] ] ] } },
{ "type": "Feature", "properties": { "GISCO_ID": "LU_0901", "CNTR_CODE": "LU", "LAU_ID": "0901", "LAU_NAME": "Tandel", "cell_coverage": [ [ 0.0765, 0.6063, 0.3446, 0.083 ], [ 0.0684, 0.6318, 0.8681, 0.3391 ], [ 0, 0, 0.0141, 0 ] ], "xmin": 6.0833333333333321, "xmax": 6.25, "ymin": 49.833333333333321, "ymax": 49.958333333333321 }, "geometry": { "type": "MultiPolygon", "coordinates": [ [ [ [ 6.233824, 49.914188499000034 ], [ 6.229376591000062, 49.909572314000059 ], [ 6.235510500000032, 49.899188499000047 ], [ 6.228663500000039, 49.892734499000028 ], [ 6.217742875000056, 49.892755269000077 ], [ 6.19836140700005, 49.885253481000063 ], [ 6.192999652000026, 49.885971728000072 ], [ 6.188861209000038, 49.879726189000053 ], [ 6.188997007000069, 49.87330825500004 ], [ 6.180697500000065, 49.872442499000044 ], [ 6.171010774000024, 49.877107409000075 ], [ 6.142368244000068, 49.890901008000071 ], [ 6.14531375200005, 49.894073897000055 ], [ 6.143651646000023, 49.89582217800006 ], [ 6.13559594700007, 49.897867826000038 ], [ 6.127553, 49.89338649900003 ], [ 6.125507, 49.895241499000065 ], [ 6.130174435000072, 49.90211765600003 ], [ 6.120910341000069, 49.903672598000071 ], [ 6.113706831000059, 49.909227322000049 ], [ 6.117089272000044, 49.91919826700007 ], [ 6.117341506000059, 49.930908664000071 ], [ 6.133786959000076, 49.942389399000035 ], [ 6.14487581800006, 49.945007954000062 ], [ 6.153454070000066, 49.940702976000068 ], [ 6.161597, 49.94173949900005 ], [ 6.171010774000024, 49.943218666000064 ], [ 6.173043113000062, 49.943538003000072 ], [ 6.177524045000041, 49.934763420000081 ], [ 6.19215484700004, 49.924939860000052 ], [ 6.215988290000041, 49.925410459000034 ], [ 6.218166, 49.922971999000026 ], [ 6.228916606000041, 49.920647821000045 ], [ 6.233824, 49.914188499000034 ] ] ] ] } },
{ "type": "Feature", "properties": { "GISCO_ID": "LU_0902", "CNTR_CODE": "LU", "LAU_ID": "0902", "LAU_NAME": "Putscheid", "cell_coverage": [ [ 0.3274, 0.4247, 0.0786 ], [ 0.6244, 0.381, 0.1669 ] ], "xmin": 6.0833333333333321, "xmax": 6.2083333333333321, "ymin": 49.91666666666665, "ymax": 49.999999999999986 }, "geometry": { "type": "MultiPolygon", "coordinates": [ [ [ [ 6.161597, 49.94173949900005 ], [ 6.153454070000066, 49.940702976000068 ], [ 6.14487581800006, 49.945007954000062 ], [ 6.133786959000076, 49.942389399000035 ], [ 6.117341506000059, 49.930908664000071 ], [ 6.117089272000044, 49.91919826700007 ], [ 6.097457186000042, 49.924202325000067 ], [ 6.093340024000042, 49.931237658000043 ], [ 6.087576, 49.93421599900006 ], [ 6.091874694000069, 49.94053146400006 ], [ 6.093175788000053, 49.955471393000039 ], [ 6.100320726000064, 49.964442774000076 ], [ 6.099050456000043, 49.968945860000076 ], [ 6.102401088000022, 49.977325030000031 ], [ 6.097209863000046, 49.981176399000049 ], [ 6.098450840000055, 49.984190325000043 ], [ 6.115407988000072, 49.981836209000051 ], [ 6.124469081000029, 49.971760504000031 ], [ 6.154583072000037, 49.978895033000072 ], [ 6.166236, 49.976818999000045 ], [ 6.166463553000028, 49.968449208000038 ], [ 6.171010774000024, 49.965019888000029 ], [ 6.175964500000021, 49.961283999000045 ], [ 6.178364335000026, 49.954453521000062 ], [ 6.184057193000058, 49.954253573000074 ], [ 6.186208953000062, 49.956290043000081 ], [ 6.182866314000023, 49.964995628000054 ], [ 6.191223403000038, 49.967917398000054 ], [ 6.197809500000062, 49.948413999000081 ], [ 6.171010774000024, 49.946835859000032 ], [ 6.161487505000025, 49.946275047000029 ], [ 6.161597, 49.94173949900005 ] ] ] ] } },
{ "type": "Feature", "properties": { "GISCO_ID": "LU_0903", "CNTR_CODE": "LU", "LAU_ID": "0903", "LAU_NAME": "Vianden", "cell_coverage": [ [ 0.0127, 0.4258, 0.2256 ] ], "xmin": 6.125, "xmax": 6.25, "ymin": 49.916666666666657, "ymax": 49.958333333333321 }, "geometry": { "type": "MultiPolygon", "coordinates": [ [ [ [ 6.223907500000053, 49.949939499000038 ], [ 6.218845849000047, 49.94451310900007 ], [ 6.226060454000049, 49.937197775000072 ], [ 6.226167500000031, 49.929388999000025 ], [ 6.218166, 49.922971999000026 ], [ 6.215988290000041, 49.925410459000034 ], [ 6.19215484700004, 49.924939860000052 ], [ 6.177524045000041, 49.934763420000081 ], [ 6.173043113000062, 49.943538003000072 ], [ 6.171010774000024, 49.943218666000064 ], [ 6.161597, 49.94173949900005 ], [ 6.161487505000025, 49.946275047000029 ], [ 6.171010774000024, 49.946835859000032 ], [ 6.197809500000062, 49.948413999000081 ], [ 6.204656, 49.955028999000035 ], [ 6.212675269000044, 49.950488438000036 ], [ 6.223907500000053, 49.949939499000038 ] ] ] ] } },
{ "type": "Feature", "properties": { "GISCO_ID": "LU_1001", "CNTR_CODE": "LU", "LAU_ID": "1001", "LAU_NAME": "Beaufort", "cell_coverage": [ [ 0.2233, 0.3306 ], [ 0.2061, 0.2185 ] ], "xmin": 6.25, "xmax": 6.333333333333333, "ymin": 49.79166666666665, "ymax": 49.875 }, "geometry": { "type": "MultiPolygon", "coordinates": [ [ [ [ 6.314417, 49.859890499000073 ], [ 6.321324, 49.853286499000035 ], [ 6.320597947000067, 49.840668338000057 ], [ 6.329659500000048, 49.836218999000039 ], [ 6.329667771000061, 49.828590790000078 ], [ 6.324810500000069, 49.822105499000031 ], [ 6.285067910000066, 49.824392473000046 ], [ 6.270428500000037, 49.821273499000029 ], [ 6.257593494000048, 49.823173088000033 ], [ 6.255129595000028, 49.827565797000034 ], [ 6.267664289000038, 49.838900201000058 ], [ 6.263930880000032, 49.844893399000057 ], [ 6.268674, 49.848534999000037 ], [ 6.307312760000059, 49.846997581000039 ], [ 6.310031898000034, 49.849530859000026 ], [ 6.308627125000044, 49.857134667000025 ], [ 6.314417, 49.859890499000073 ] ] ] ] } },
{ "type": "Feature", "properties": { "GISCO_ID": "LU_1002", "CNTR_CODE": "LU", "LAU_ID": "1002", "LAU_NAME": "Bech", "cell_coverage": [ [ 0.0141, 0.2374, 0.3416, 0.2296 ], [ 0.1013, 0.345, 0.3713, 0.0185 ] ], "xmin": 6.25, "xmax": 6.416666666666667, "ymin": 49.708333333333321, "ymax": 49.791666666666657 }, "geometry": { "type": "MultiPolygon", "coordinates": [ [ [ [ 6.374923, 49.770313499000054 ], [ 6.378742115000023, 49.770228972000041 ], [ 6.397164500000031, 49.773769499000082 ], [ 6.400250378000067, 49.763762753000037 ], [ 6.391445, 49.754656499000077 ], [ 6.378260966000028, 49.750624061000053 ], [ 6.376139845000068, 49.746309001000043 ], [ 6.378555393000056, 49.736353980000047 ], [ 6.368121, 49.734259499000075 ], [ 6.350458868000032, 49.737439923000068 ], [ 6.346268917000032, 49.735527629000046 ], [ 6.346016950000035, 49.731293419000053 ], [ 6.342722835000075, 49.731579013000044 ], [ 6.332717, 49.732446499000048 ], [ 6.325558552000075, 49.735068416000047 ], [ 6.309682028000054, 49.734638314000051 ], [ 6.276849236000032, 49.743824308000057 ], [ 6.264930500000048, 49.744322499000077 ], [ 6.265658500000029, 49.746672999000054 ], [ 6.279498535000073, 49.752251415000046 ], [ 6.28554566300005, 49.750357987000029 ], [ 6.300066935000075, 49.75668862200007 ], [ 6.312333146000071, 49.758362027000032 ], [ 6.322053320000066, 49.765472849000048 ], [ 6.342722835000075, 49.761808552000048 ], [ 6.348826115000065, 49.76072656100007 ], [ 6.374923, 49.770313499000054 ] ], [ [ 6.378742115000023, 49.770228972000041 ], [ 6.373870895000039, 49.765818080000031 ], [ 6.379457783000021, 49.762633240000071 ], [ 6.380681910000021, 49.764415343000053 ], [ 6.378742115000023, 49.770228972000041 ] ] ] ] } },
{ "type": "Feature", "properties": { "GISCO_ID": "LU_1003", "CNTR_CODE": "LU", "LAU_ID": "1003", "LAU_NAME": "Berdorf", "cell_coverage": [ [ 0.0082, 0.3238, 0.0186 ], [ 0.24, 0.8186, 0.149 ], [ 0, 0, 0 ] ], "xmin": 6.2916666666666643, "xmax": 6.4166666666666643, "ymin": 49.75, "ymax": 49.875 }, "geometry": { "type": "MultiPolygon", "coordinates": [ [ [ [ 6.313364500000034, 49.79141499900004 ], [ 6.312377947000073, 49.796498633000056 ], [ 6.323447088000023, 49.812213771000074 ], [ 6.324810500000069, 49.822105499000031 ], [ 6.329667771000061, 49.828590790000078 ], [ 6.329659500000048, 49.836218999000039 ], [ 6.336270201000048, 49.839790330000028 ], [ 6.342722835000075, 49.84862997700003 ], [ 6.362438736000058, 49.850640393000049 ], [ 6.38468, 49.832745999000053 ], [ 6.381573047000074, 49.829886181000063 ], [ 6.387426910000045, 49.822423697000033 ], [ 6.388628630000028, 49.813823920000061 ], [ 6.375015993000034, 49.806927312000028 ], [ 6.366476, 49.795577999000045 ], [ 6.353423894000059, 49.800335155000027 ], [ 6.342722835000075, 49.79912227300008 ], [ 6.328186770000059, 49.797474722000061 ], [ 6.313364500000034, 49.79141499900004 ] ] ] ] } },
{ "type": "Feature", "properties": { "GISCO_ID": "LU_1004", "CNTR_CODE": "LU", "LAU_ID": "1004", "LAU_NAME": "Consdorf", "cell_coverage": [ [ 0, 0.0418, 0.1574, 0.0298 ], [ 0.1794, 0.686, 0.6584, 0.1259 ], [ 0.0052, 0, 0, 0 ] ], "xmin": 6.25, "xmax": 6.416666666666667, "ymin": 49.708333333333321, "ymax": 49.833333333333321 }, "geometry": { "type": "MultiPolygon", "coordinates": [ [ [ [ 6.374923, 49.770313499000054 ], [ 6.348826115000065, 49.76072656100007 ], [ 6.342722835000075, 49.761808552000048 ], [ 6.322053320000066, 49.765472849000048 ], [ 6.312333146000071, 49.758362027000032 ], [ 6.300066935000075, 49.75668862200007 ], [ 6.28554566300005, 49.750357987000029 ], [ 6.279498535000073, 49.752251415000046 ], [ 6.265658500000029, 49.746672999000054 ], [ 6.279024, 49.762537999000074 ], [ 6.285332734000065, 49.772882216000028 ], [ 6.296424438000031, 49.780095286000062 ], [ 6.301056209000024, 49.786696488000075 ], [ 6.313364500000034, 49.79141499900004 ], [ 6.328186770000059, 49.797474722000061 ], [ 6.342722835000075, 49.79912227300008 ], [ 6.353423894000059, 49.800335155000027 ], [ 6.366476, 49.795577999000045 ], [ 6.377024820000031, 49.797486844000048 ], [ 6.385420059000069, 49.795547612000064 ], [ 6.384444934000044, 49.779663736000032 ], [ 6.388267977000055, 49.776594310000064 ], [ 6.374923, 49.770313499000054 ] ] ], [ [ [ 6.378742115000023, 49.770228972000041 ], [ 6.380681910000021, 49.764415343000053 ], [ 6.379457783000021, 49.762633240000071 ], [ 6.373870895000039, 49.765818080000031 ], [ 6.378742115000023, 49.770228972000041 ] ] ] ] } },
{ "type": "Feature", "properties": { "GISCO_ID": "LU_1005", "CNTR_CODE": "LU", "LAU_ID": "1005", "LAU_NAME": "Echternach", "cell_coverage": [ [ 0.024, 0.6289, 0.469, 0.0588 ], [ 8.4145e-07, 0.2629, 0.027, 0 ] ], "xmin": 6.3333333333333321, "xmax": 6.5, "ymin": 49.75, "ymax": 49.833333333333321 }, "geometry": { "type": "MultiPolygon", "coordinates": [ [ [ [ 6.366476, 49.795577999000045 ], [ 6.375015993000034, 49.806927312000028 ], [ 6.388628630000028, 49.813823920000061 ], [ 6.387426910000045, 49.822423697000033 ], [ 6.381573047000074, 49.829886181000063 ], [ 6.38468, 49.832745999000053 ], [ 6.391356, 49.828171999000062 ], [ 6.40162274100004, 49.820149689000061 ], [ 6.423804582000059, 49.815832306000061 ], [ 6.430115221000051, 49.81131698400003 ], [ 6.440003511000043, 49.813665208000032 ], [ 6.451925, 49.811423999000056 ], [ 6.45466200900006, 49.806687232000058 ], [ 6.468550325000024, 49.802536215000032 ], [ 6.46850091500005, 49.79587063300005 ], [ 6.457938528000057, 49.792092369000045 ], [ 6.434954867000044, 49.79529126500006 ], [ 6.420412970000029, 49.786010095000051 ], [ 6.411672490000058, 49.785170907000065 ], [ 6.397164500000031, 49.773769499000082 ], [ 6.378742115000023, 49.770228972000041 ], [ 6.374923, 49.770313499000054 ], [ 6.388267977000055, 49.776594310000064 ], [ 6.384444934000044, 49.779663736000032 ], [ 6.385420059000069, 49.795547612000064 ], [ 6.377024820000031, 49.797486844000048 ], [ 6.366476, 49.795577999000045 ] ] ] ] } },
{ "type": "Feature", "properties": { "GISCO_ID": "LU_1006", "CNTR_CODE": "LU", "LAU_ID": "1006", "LAU_NAME": "Rosport - Mompach", "cell_coverage": [ [ 0, 0.0521, 0.5322, 0.2169 ], [ 0.3558, 0.973, 1, 0.287 ], [ 0.085, 0.3252, 0.2903, 0.0166 ] ], "xmin": 6.375, "xmax": 6.541666666666667, "ymin": 49.708333333333321, "ymax": 49.833333333333321 }, "geometry": { "type": "MultiPolygon", "coordinates": [ [ [ [ 6.461388, 49.739569499000027 ], [ 6.447765852000032, 49.741809912000065 ], [ 6.437447418000033, 49.733691137000051 ], [ 6.427048342000035, 49.732102996000037 ], [ 6.408523221000053, 49.739369393000061 ], [ 6.405872984000041, 49.745267898000066 ], [ 6.39674941800007, 49.748813300000052 ], [ 6.391445, 49.754656499000077 ], [ 6.400250378000067, 49.763762753000037 ], [ 6.397164500000031, 49.773769499000082 ], [ 6.411672490000058, 49.785170907000065 ], [ 6.420412970000029, 49.786010095000051 ], [ 6.434954867000044, 49.79529126500006 ], [ 6.457938528000057, 49.792092369000045 ], [ 6.46850091500005, 49.79587063300005 ], [ 6.468550325000024, 49.802536215000032 ], [ 6.45466200900006, 49.806687232000058 ], [ 6.451925, 49.811423999000056 ], [ 6.45364150000006, 49.811353499000063 ], [ 6.467010253000069, 49.82092956200006 ], [ 6.474962500000061, 49.821274999000082 ], [ 6.487482147000037, 49.81265496900005 ], [ 6.504141015000073, 49.80956199600007 ], [ 6.51098207800004, 49.802934163000032 ], [ 6.520773678000069, 49.812365534000037 ], [ 6.528877980000061, 49.809298864000027 ], [ 6.529994112000054, 49.80583886200003 ], [ 6.527237969000055, 49.802472200000068 ], [ 6.506818039000052, 49.789789122000059 ], [ 6.515744042000051, 49.782844823000062 ], [ 6.510570511000026, 49.774788433000026 ], [ 6.517165058000046, 49.768299416000048 ], [ 6.51862, 49.76244949900007 ], [ 6.501384585000039, 49.75242941700003 ], [ 6.501991, 49.733136499000068 ], [ 6.481735402000027, 49.736608638000064 ], [ 6.474931986000058, 49.741781230000072 ], [ 6.461388, 49.739569499000027 ] ] ] ] } },
{ "type": "Feature", "properties": { "GISCO_ID": "LU_1008", "CNTR_CODE": "LU", "LAU_ID": "1008", "LAU_NAME": "Waldbillig", "cell_coverage": [ [ 0.0111, 0.6036, 0.4997 ], [ 0.0119, 0.4558, 0.0765 ] ], "xmin": 6.2083333333333321, "xmax": 6.3333333333333321, "ymin": 49.75, "ymax": 49.833333333333321 }, "geometry": { "type": "MultiPolygon", "coordinates": [ [ [ [ 6.324810500000069, 49.822105499000031 ], [ 6.323447088000023, 49.812213771000074 ], [ 6.312377947000073, 49.796498633000056 ], [ 6.313364500000034, 49.79141499900004 ], [ 6.301056209000024, 49.786696488000075 ], [ 6.296424438000031, 49.780095286000062 ], [ 6.285332734000065, 49.772882216000028 ], [ 6.279024, 49.762537999000074 ], [ 6.275967432000073, 49.768002694000074 ], [ 6.266555654000058, 49.77067702100004 ], [ 6.260296370000049, 49.777331978000063 ], [ 6.244682637000039, 49.781453461000069 ], [ 6.248574, 49.785378499000046 ], [ 6.250714794000032, 49.787800254000047 ], [ 6.245363422000025, 49.79585581200007 ], [ 6.256928467000023, 49.801978073000043 ], [ 6.254039873000067, 49.80995646000008 ], [ 6.263450753000029, 49.812441074000049 ], [ 6.270428500000037, 49.821273499000029 ], [ 6.285067910000066, 49.824392473000046 ], [ 6.324810500000069, 49.822105499000031 ] ] ] ] } },
{ "type": "Feature", "properties": { "GISCO_ID": "LU_1101", "CNTR_CODE": "LU", "LAU_ID": "1101", "LAU_NAME": "Betzdorf", "cell_coverage": [ [ 0.1041, 0.6692, 0.569, 0.0057 ], [ 0.0841, 0.445, 0, 0 ] ], "xmin": 6.25, "xmax": 6.416666666666667, "ymin": 49.625, "ymax": 49.708333333333321 }, "geometry": { "type": "MultiPolygon", "coordinates": [ [ [ [ 6.377626500000076, 49.676877499000057 ], [ 6.372986636000064, 49.668927586000052 ], [ 6.364720500000033, 49.666708499000038 ], [ 6.356141462000039, 49.668695564000075 ], [ 6.355415514000072, 49.677053 ], [ 6.342722835000075, 49.674229085000036 ], [ 6.321039324000026, 49.669404856000028 ], [ 6.314989898000022, 49.664699618000043 ], [ 6.32335157600005, 49.658694429000036 ], [ 6.323640069000021, 49.649414371000034 ], [ 6.303172500000073, 49.636636499000076 ], [ 6.293021666000072, 49.638458376000074 ], [ 6.28955250000007, 49.647279999000034 ], [ 6.282322457000021, 49.653766814000051 ], [ 6.285874138000054, 49.663378023000064 ], [ 6.278691189000028, 49.666804219000028 ], [ 6.277930500000025, 49.677899499000034 ], [ 6.297508083000025, 49.684281762000069 ], [ 6.302126103000035, 49.694339317000072 ], [ 6.299691958000039, 49.702850906000037 ], [ 6.307570500000054, 49.703098499000077 ], [ 6.311756930000058, 49.695418396000036 ], [ 6.316993007000065, 49.694086195000068 ], [ 6.332725551000067, 49.702974450000056 ], [ 6.342722835000075, 49.703424977000054 ], [ 6.347403507000024, 49.703635912000038 ], [ 6.361467173000051, 49.686370151000062 ], [ 6.37439033000004, 49.688958765000052 ], [ 6.374401392000038, 49.680580939000038 ], [ 6.377626500000076, 49.676877499000057 ] ] ] ] } },
{ "type": "Feature", "properties": { "GISCO_ID": "LU_1102", "CNTR_CODE": "LU", "LAU_ID": "1102", "LAU_NAME": "Biwer", "cell_coverage": [ [ 0.1836, 0.5306, 0.0631 ], [ 0.1286, 0.3123, 0.4442 ] ], "xmin": 6.2916666666666643, "xmax": 6.4166666666666643, "ymin": 49.66666666666665, "ymax": 49.75 }, "geometry": { "type": "MultiPolygon", "coordinates": [ [ [ [ 6.377626500000076, 49.676877499000057 ], [ 6.374401392000038, 49.680580939000038 ], [ 6.37439033000004, 49.688958765000052 ], [ 6.361467173000051, 49.686370151000062 ], [ 6.347403507000024, 49.703635912000038 ], [ 6.342722835000075, 49.703424977000054 ], [ 6.332725551000067, 49.702974450000056 ], [ 6.316993007000065, 49.694086195000068 ], [ 6.311756930000058, 49.695418396000036 ], [ 6.307570500000054, 49.703098499000077 ], [ 6.322923184000047, 49.707921338000062 ], [ 6.316693174000022, 49.722353344000055 ], [ 6.322253385000067, 49.730943389000061 ], [ 6.332717, 49.732446499000048 ], [ 6.342722835000075, 49.731579013000044 ], [ 6.346016950000035, 49.731293419000053 ], [ 6.346268917000032, 49.735527629000046 ], [ 6.350458868000032, 49.737439923000068 ], [ 6.368121, 49.734259499000075 ], [ 6.363885141000026, 49.727438860000063 ], [ 6.365145253000037, 49.720182918000035 ], [ 6.370555055000068, 49.716115309000031 ], [ 6.385154994000061, 49.71749400300007 ], [ 6.389402263000022, 49.709025630000042 ], [ 6.407875208000064, 49.698479994000081 ], [ 6.405912, 49.690866499000037 ], [ 6.396918195000069, 49.68226356100007 ], [ 6.377626500000076, 49.676877499000057 ] ] ] ] } },
{ "type": "Feature", "properties": { "GISCO_ID": "LU_1103", "CNTR_CODE": "LU", "LAU_ID": "1103", "LAU_NAME": "Flaxweiler", "cell_coverage": [ [ 0.0319, 0.1086, 0, 0 ], [ 0.4142, 0.8002, 0.556, 0.0332 ], [ 0.0012, 0.2027, 0.0026, 0 ] ], "xmin": 6.2916666666666643, "xmax": 6.4583333333333313, "ymin": 49.583333333333321, "ymax": 49.708333333333321 }, "geometry": { "type": "MultiPolygon", "coordinates": [ [ [ [ 6.365544500000055, 49.615552499000046 ], [ 6.352954383000053, 49.615555414000028 ], [ 6.345875317000036, 49.608164776000081 ], [ 6.343968160000031, 49.615354062000051 ], [ 6.342722835000075, 49.616683501000068 ], [ 6.338093094000044, 49.621625952000045 ], [ 6.325640964000058, 49.626994437000064 ], [ 6.309686500000055, 49.628383499000051 ], [ 6.303172500000073, 49.636636499000076 ], [ 6.323640069000021, 49.649414371000034 ], [ 6.32335157600005, 49.658694429000036 ], [ 6.314989898000022, 49.664699618000043 ], [ 6.321039324000026, 49.669404856000028 ], [ 6.342722835000075, 49.674229085000036 ], [ 6.355415514000072, 49.677053 ], [ 6.356141462000039, 49.668695564000075 ], [ 6.364720500000033, 49.666708499000038 ], [ 6.374565229000041, 49.666209736000042 ], [ 6.387523839000039, 49.656140657000037 ], [ 6.421887, 49.654326499000035 ], [ 6.419160329000022, 49.648617672000057 ], [ 6.420528479000041, 49.639385584000081 ], [ 6.402840613000023, 49.626035932000036 ], [ 6.384687803000077, 49.63641636400007 ], [ 6.381587155000034, 49.642303419000029 ], [ 6.375616598000022, 49.645861051000054 ], [ 6.365254119000042, 49.648472247000029 ], [ 6.356229347000067, 49.646735027000034 ], [ 6.356217315000038, 49.634599587000082 ], [ 6.377909418000058, 49.621516134000046 ], [ 6.365544500000055, 49.615552499000046 ] ] ] ] } },
{ "type": "Feature", "properties": { "GISCO_ID": "LU_1104", "CNTR_CODE": "LU", "LAU_ID": "1104", "LAU_NAME": "Grevenmacher", "cell_coverage": [ [ 0.0101, 0.4011, 0.5042, 0.0033 ], [ 0.0013, 0.2304, 0.0472, 0 ] ], "xmin": 6.3333333333333321, "xmax": 6.5, "ymin": 49.625, "ymax": 49.708333333333321 }, "geometry": { "type": "MultiPolygon", "coordinates": [ [ [ [ 6.377626500000076, 49.676877499000057 ], [ 6.396918195000069, 49.68226356100007 ], [ 6.405912, 49.690866499000037 ], [ 6.414075988000036, 49.688671012000043 ], [ 6.431827719000069, 49.698675678000029 ], [ 6.444871738000074, 49.693719374000068 ], [ 6.454236, 49.693631499000048 ], [ 6.461425, 49.691918499000053 ], [ 6.449795, 49.680667999000036 ], [ 6.426077500000076, 49.663688999000044 ], [ 6.421307564000074, 49.662609533000079 ], [ 6.421887, 49.654326499000035 ], [ 6.387523839000039, 49.656140657000037 ], [ 6.374565229000041, 49.666209736000042 ], [ 6.364720500000033, 49.666708499000038 ], [ 6.372986636000064, 49.668927586000052 ], [ 6.377626500000076, 49.676877499000057 ] ] ] ] } },
{ "type": "Feature", "properties": { "GISCO_ID": "LU_1105", "CNTR_CODE": "LU", "LAU_ID": "1105", "LAU_NAME": "Junglinster", "cell_coverage": [ [ 0.1527, 0.8133, 0.8494, 0.4714 ], [ 0.3588, 0.5449, 0.6462, 0.1703 ] ], "xmin": 6.1666666666666643, "xmax": 6.3333333333333313, "ymin": 49.66666666666665, "ymax": 49.75 }, "geometry": { "type": "MultiPolygon", "coordinates": [ [ [ [ 6.307570500000054, 49.703098499000077 ], [ 6.299691958000039, 49.702850906000037 ], [ 6.302126103000035, 49.694339317000072 ], [ 6.297508083000025, 49.684281762000069 ], [ 6.277930500000025, 49.677899499000034 ], [ 6.269027418000064, 49.677191747000052 ], [ 6.264627993000033, 49.683475224000063 ], [ 6.258088863000069, 49.685858642000028 ], [ 6.214805500000068, 49.684957499000063 ], [ 6.209757073000048, 49.688815036000051 ], [ 6.198152291000042, 49.68788573300003 ], [ 6.194290254000066, 49.683312440000066 ], [ 6.171010774000024, 49.685744654000075 ], [ 6.169031, 49.685951499000055 ], [ 6.171010774000024, 49.686949470000059 ], [ 6.181700693000039, 49.692338079000081 ], [ 6.180340676000071, 49.696382464000067 ], [ 6.186953015000029, 49.70706380300004 ], [ 6.184893, 49.714582999000072 ], [ 6.201338728000053, 49.720906787000047 ], [ 6.204907439000067, 49.725659637000035 ], [ 6.218018099000062, 49.732258211000044 ], [ 6.227583500000037, 49.74972199900003 ], [ 6.264930500000048, 49.744322499000077 ], [ 6.276849236000032, 49.743824308000057 ], [ 6.309682028000054, 49.734638314000051 ], [ 6.325558552000075, 49.735068416000047 ], [ 6.332717, 49.732446499000048 ], [ 6.322253385000067, 49.730943389000061 ], [ 6.316693174000022, 49.722353344000055 ], [ 6.322923184000047, 49.707921338000062 ], [ 6.307570500000054, 49.703098499000077 ] ] ] ] } },
{ "type": "Feature", "properties": { "GISCO_ID": "LU_1106", "CNTR_CODE": "LU", "LAU_ID": "1106", "LAU_NAME": "Manternach", "cell_coverage": [ [ 0, 0.0258, 0, 0 ], [ 0.0981, 0.8334, 0.6013, 0.005 ], [ 0, 0.1491, 0.2795, 0 ] ], "xmin": 6.3333333333333321, "xmax": 6.5, "ymin": 49.666666666666657, "ymax": 49.791666666666657 }, "geometry": { "type": "MultiPolygon", "coordinates": [ [ [ [ 6.368121, 49.734259499000075 ], [ 6.378555393000056, 49.736353980000047 ], [ 6.376139845000068, 49.746309001000043 ], [ 6.378260966000028, 49.750624061000053 ], [ 6.391445, 49.754656499000077 ], [ 6.39674941800007, 49.748813300000052 ], [ 6.405872984000041, 49.745267898000066 ], [ 6.408523221000053, 49.739369393000061 ], [ 6.427048342000035, 49.732102996000037 ], [ 6.437447418000033, 49.733691137000051 ], [ 6.447765852000032, 49.741809912000065 ], [ 6.461388, 49.739569499000027 ], [ 6.454130120000059, 49.727237782000032 ], [ 6.453208080000024, 49.715152184000033 ], [ 6.448184464000065, 49.711714971000049 ], [ 6.451501252000071, 49.707468603000052 ], [ 6.454236, 49.693631499000048 ], [ 6.444871738000074, 49.693719374000068 ], [ 6.431827719000069, 49.698675678000029 ], [ 6.414075988000036, 49.688671012000043 ], [ 6.405912, 49.690866499000037 ], [ 6.407875208000064, 49.698479994000081 ], [ 6.389402263000022, 49.709025630000042 ], [ 6.385154994000061, 49.71749400300007 ], [ 6.370555055000068, 49.716115309000031 ], [ 6.365145253000037, 49.720182918000035 ], [ 6.363885141000026, 49.727438860000063 ], [ 6.368121, 49.734259499000075 ] ] ] ] } },
{ "type": "Feature", "properties": { "GISCO_ID": "LU_1107", "CNTR_CODE": "LU", "LAU_ID": "1107", "LAU_NAME": "Mertert", "cell_coverage": [ [ 0.0734, 0.6969, 0.069 ], [ 0.0483, 0.2278, 0 ] ], "xmin": 6.4166666666666643, "xmax": 6.5416666666666643, "ymin": 49.66666666666665, "ymax": 49.75 }, "geometry": { "type": "MultiPolygon", "coordinates": [ [ [ [ 6.461388, 49.739569499000027 ], [ 6.474931986000058, 49.741781230000072 ], [ 6.481735402000027, 49.736608638000064 ], [ 6.501991, 49.733136499000068 ], [ 6.515835371000037, 49.724045017000037 ], [ 6.511466976000065, 49.721839662000036 ], [ 6.50216385300007, 49.726358841000035 ], [ 6.497266438000054, 49.725283286000035 ], [ 6.507018500000072, 49.712640499000031 ], [ 6.496882227000071, 49.709909735000053 ], [ 6.47933050000006, 49.696424999000044 ], [ 6.461425, 49.691918499000053 ], [ 6.454236, 49.693631499000048 ], [ 6.451501252000071, 49.707468603000052 ], [ 6.448184464000065, 49.711714971000049 ], [ 6.453208080000024, 49.715152184000033 ], [ 6.454130120000059, 49.727237782000032 ], [ 6.461388, 49.739569499000027 ] ] ] ] } },
{ "type": "Feature", "properties": { "GISCO_ID": "LU_1108", "CNTR_CODE": "LU", "LAU_ID": "1108", "LAU_NAME": "Wormeldange", "cell_coverage": [ [ 0.1985, 0.2136, 0.2996 ], [ 0.0297, 0.4921, 0.0198 ] ], "xmin": 6.3333333333333321, "xmax": 6.4583333333333321, "ymin": 49.583333333333321, "ymax": 49.666666666666657 }, "geometry": { "type": "MultiPolygon", "coordinates": [ [ [ [ 6.371909, 49.590539999000043 ], [ 6.381507375000069, 49.602814545000058 ], [ 6.377620793000062, 49.604404380000062 ], [ 6.378629303000025, 49.609478826000043 ], [ 6.365544500000055, 49.615552499000046 ], [ 6.377909418000058, 49.621516134000046 ], [ 6.356217315000038, 49.634599587000082 ], [ 6.356229347000067, 49.646735027000034 ], [ 6.365254119000042, 49.648472247000029 ], [ 6.375616598000022, 49.645861051000054 ], [ 6.381587155000034, 49.642303419000029 ], [ 6.384687803000077, 49.63641636400007 ], [ 6.402840613000023, 49.626035932000036 ], [ 6.420528479000041, 49.639385584000081 ], [ 6.419160329000022, 49.648617672000057 ], [ 6.421887, 49.654326499000035 ], [ 6.421307564000074, 49.662609533000079 ], [ 6.426077500000076, 49.663688999000044 ], [ 6.431822500000067, 49.660463499000059 ], [ 6.438557389000039, 49.65909380100004 ], [ 6.440155895000032, 49.654762819000041 ], [ 6.422795500000063, 49.622294999000076 ], [ 6.401288412000042, 49.604073519000053 ], [ 6.392384500000048, 49.600335499000039 ], [ 6.382325492000064, 49.59756279800007 ], [ 6.374119, 49.590036999000063 ], [ 6.371909, 49.590539999000043 ] ] ] ] } },
{ "type": "Feature", "properties": { "GISCO_ID": "LU_1201", "CNTR_CODE": "LU", "LAU_ID": "1201", "LAU_NAME": "Bous", "cell_coverage": [ [ 0.6505, 0.3139 ], [ 0.1081, 0.0258 ] ], "xmin": 6.2916666666666643, "xmax": 6.375, "ymin": 49.5, "ymax": 49.583333333333321 }, "geometry": { "type": "MultiPolygon", "coordinates": [ [ [ [ 6.324960500000032, 49.530876999000043 ], [ 6.315021923000074, 49.53887928100005 ], [ 6.298844588000065, 49.539867935000075 ], [ 6.291894, 49.548244999000076 ], [ 6.309204843000032, 49.55970360200007 ], [ 6.30828606700004, 49.574571574000061 ], [ 6.312274, 49.581621999000049 ], [ 6.315722500000049, 49.582826499000078 ], [ 6.321844552000073, 49.57855881200004 ], [ 6.342722835000075, 49.581624389000069 ], [ 6.345137156000021, 49.571786903000032 ], [ 6.355382500000076, 49.55562149900004 ], [ 6.344242047000023, 49.549363902000039 ], [ 6.342722835000075, 49.546032841000056 ], [ 6.339171, 49.538244999000028 ], [ 6.33674200400003, 49.533744947000059 ], [ 6.324960500000032, 49.530876999000043 ] ] ] ] } },
{ "type": "Feature", "properties": { "GISCO_ID": "LU_1202", "CNTR_CODE": "LU", "LAU_ID": "1202", "LAU_NAME": "Dalheim", "cell_coverage": [ [ 0.3442, 0.3361, 0.0112 ], [ 0.1925, 0.3428, 0.1487 ] ], "xmin": 6.2083333333333321, "xmax": 6.3333333333333321, "ymin": 49.5, "ymax": 49.583333333333321 }, "geometry": { "type": "MultiPolygon", "coordinates": [ [ [ [ 6.228780500000028, 49.538539999000079 ], [ 6.228458466000063, 49.543198284000027 ], [ 6.220342455000036, 49.554557685000077 ], [ 6.232291254000074, 49.555007692000061 ], [ 6.231235, 49.570043499000064 ], [ 6.253775, 49.568644999000071 ], [ 6.268522171000029, 49.563890389000051 ], [ 6.269743043000062, 49.547276379000039 ], [ 6.272082960000034, 49.544483257000081 ], [ 6.291894, 49.548244999000076 ], [ 6.298844588000065, 49.539867935000075 ], [ 6.315021923000074, 49.53887928100005 ], [ 6.324960500000032, 49.530876999000043 ], [ 6.316957, 49.527768499000047 ], [ 6.298836792000031, 49.53406147000004 ], [ 6.284008238000069, 49.524837894000029 ], [ 6.267057110000053, 49.533114100000034 ], [ 6.258959441000059, 49.523727696000037 ], [ 6.247280574000058, 49.523315598000067 ], [ 6.240621, 49.51501999900006 ], [ 6.236676785000043, 49.518592634000072 ], [ 6.238473115000033, 49.531097527000043 ], [ 6.228780500000028, 49.538539999000079 ] ] ] ] } },
{ "type": "Feature", "properties": { "GISCO_ID": "LU_1203", "CNTR_CODE": "LU", "LAU_ID": "1203", "LAU_NAME": "Lenningen", "cell_coverage": [ [ 0, 0.0345, 0, 0 ], [ 0.0795, 0.8053, 0.5153, 0.0307 ], [ 0, 0.0102, 0, 0 ] ], "xmin": 6.25, "xmax": 6.416666666666667, "ymin": 49.541666666666657, "ymax": 49.666666666666657 }, "geometry": { "type": "MultiPolygon", "coordinates": [ [ [ [ 6.365544500000055, 49.615552499000046 ], [ 6.378629303000025, 49.609478826000043 ], [ 6.377620793000062, 49.604404380000062 ], [ 6.381507375000069, 49.602814545000058 ], [ 6.371909, 49.590539999000043 ], [ 6.361147393000067, 49.594970820000071 ], [ 6.342722835000075, 49.59455521600006 ], [ 6.327727373000073, 49.594216963000065 ], [ 6.313287451000065, 49.587797163000062 ], [ 6.315722500000049, 49.582826499000078 ], [ 6.312274, 49.581621999000049 ], [ 6.300762, 49.582629999000062 ], [ 6.301793930000031, 49.589464324000062 ], [ 6.295677167000065, 49.597330658000033 ], [ 6.286194232000071, 49.602090382000029 ], [ 6.275114734000056, 49.601837280000041 ], [ 6.276063500000021, 49.604339999000047 ], [ 6.304466, 49.626051499000027 ], [ 6.309686500000055, 49.628383499000051 ], [ 6.325640964000058, 49.626994437000064 ], [ 6.338093094000044, 49.621625952000045 ], [ 6.342722835000075, 49.616683501000068 ], [ 6.343968160000031, 49.615354062000051 ], [ 6.345875317000036, 49.608164776000081 ], [ 6.352954383000053, 49.615555414000028 ], [ 6.365544500000055, 49.615552499000046 ] ] ] ] } },
{ "type": "Feature", "properties": { "GISCO_ID": "LU_1204", "CNTR_CODE": "LU", "LAU_ID": "1204", "LAU_NAME": "Mondorf-les-Bains", "cell_coverage": [ [ 0.0514, 0.5598, 0.326 ], [ 0, 0.0363, 0.015 ] ], "xmin": 6.2083333333333321, "xmax": 6.3333333333333321, "ymin": 49.458333333333321, "ymax": 49.541666666666657 }, "geometry": { "type": "MultiPolygon", "coordinates": [ [ [ [ 6.240621, 49.51501999900006 ], [ 6.247280574000058, 49.523315598000067 ], [ 6.258959441000059, 49.523727696000037 ], [ 6.267057110000053, 49.533114100000034 ], [ 6.284008238000069, 49.524837894000029 ], [ 6.298836792000031, 49.53406147000004 ], [ 6.316957, 49.527768499000047 ], [ 6.322910441000033, 49.523258791000046 ], [ 6.298420112000031, 49.50752284500004 ], [ 6.299417471000027, 49.496323993000033 ], [ 6.289243602000056, 49.496941860000049 ], [ 6.286296500000049, 49.493795499000043 ], [ 6.283828500000027, 49.493064999000069 ], [ 6.280561, 49.494189999000071 ], [ 6.278055628000061, 49.503121340000064 ], [ 6.247095073000025, 49.509426547000032 ], [ 6.240108, 49.514320499000064 ], [ 6.240621, 49.51501999900006 ] ] ] ] } },
{ "type": "Feature", "properties": { "GISCO_ID": "LU_1205", "CNTR_CODE": "LU", "LAU_ID": "1205", "LAU_NAME": "Remich", "cell_coverage": [ [ 0.2579, 0.0356 ], [ 0.0827, 0 ] ], "xmin": 6.3333333333333321, "xmax": 6.4166666666666652, "ymin": 49.5, "ymax": 49.583333333333321 }, "geometry": { "type": "MultiPolygon", "coordinates": [ [ [ [ 6.355382500000076, 49.55562149900004 ], [ 6.375674500000059, 49.561905999000032 ], [ 6.38152685700004, 49.557065757000032 ], [ 6.380052500000033, 49.551104999000074 ], [ 6.361044, 49.536367999000049 ], [ 6.346539103000055, 49.534615138000049 ], [ 6.342722835000075, 49.536495204000062 ], [ 6.339171, 49.538244999000028 ], [ 6.342722835000075, 49.546032841000056 ], [ 6.344242047000023, 49.549363902000039 ], [ 6.355382500000076, 49.55562149900004 ] ] ] ] } },
{ "type": "Feature", "properties": { "GISCO_ID": "LU_1206", "CNTR_CODE": "LU", "LAU_ID": "1206", "LAU_NAME": "Schengen", "cell_coverage": [ [ 0, 0.4172, 0.5889 ], [ 0.0263, 0.5122, 0.6823 ] ], "xmin": 6.25, "xmax": 6.375, "ymin": 49.458333333333321, "ymax": 49.541666666666657 }, "geometry": { "type": "MultiPolygon", "coordinates": [ [ [ [ 6.286296500000049, 49.493795499000043 ], [ 6.289243602000056, 49.496941860000049 ], [ 6.299417471000027, 49.496323993000033 ], [ 6.298420112000031, 49.50752284500004 ], [ 6.322910441000033, 49.523258791000046 ], [ 6.316957, 49.527768499000047 ], [ 6.324960500000032, 49.530876999000043 ], [ 6.33674200400003, 49.533744947000059 ], [ 6.339171, 49.538244999000028 ], [ 6.342722835000075, 49.536495204000062 ], [ 6.346539103000055, 49.534615138000049 ], [ 6.361044, 49.536367999000049 ], [ 6.357441685000026, 49.529530131000058 ], [ 6.367342907000022, 49.502134886000078 ], [ 6.367107500000031, 49.469506999000032 ], [ 6.3668, 49.465995999000029 ], [ 6.368847, 49.459853999000075 ], [ 6.364389, 49.45952199900006 ], [ 6.353987846000052, 49.466234013000076 ], [ 6.347103, 49.466056999000045 ], [ 6.342722835000075, 49.468282049000038 ], [ 6.333769, 49.466922999000076 ], [ 6.320531874000039, 49.476950814000077 ], [ 6.297434624000061, 49.480971873000044 ], [ 6.298483946000033, 49.487498518000052 ], [ 6.289189957000076, 49.486090826000066 ], [ 6.285635469000056, 49.489459581000062 ], [ 6.288466474000074, 49.492830452000078 ], [ 6.286296500000049, 49.493795499000043 ] ] ] ] } },
{ "type": "Feature", "properties": { "GISCO_ID": "LU_1207", "CNTR_CODE": "LU", "LAU_ID": "1207", "LAU_NAME": "Stadtbredimus", "cell_coverage": [ [ 0.0964, 0.2517, 0.0043 ], [ 0.0354, 0.3268, 0.0131 ] ], "xmin": 6.2916666666666643, "xmax": 6.4166666666666643, "ymin": 49.54166666666665, "ymax": 49.625 }, "geometry": { "type": "MultiPolygon", "coordinates": [ [ [ [ 6.375674500000059, 49.561905999000032 ], [ 6.355382500000076, 49.55562149900004 ], [ 6.345137156000021, 49.571786903000032 ], [ 6.342722835000075, 49.581624389000069 ], [ 6.321844552000073, 49.57855881200004 ], [ 6.315722500000049, 49.582826499000078 ], [ 6.313287451000065, 49.587797163000062 ], [ 6.327727373000073, 49.594216963000065 ], [ 6.342722835000075, 49.59455521600006 ], [ 6.361147393000067, 49.594970820000071 ], [ 6.371909, 49.590539999000043 ], [ 6.374119, 49.590036999000063 ], [ 6.38083679500005, 49.57815921200006 ], [ 6.367112196000051, 49.578268854000044 ], [ 6.358386020000069, 49.572175388000062 ], [ 6.375674500000059, 49.561905999000032 ] ] ] ] } },
{ "type": "Feature", "properties": { "GISCO_ID": "LU_1208", "CNTR_CODE": "LU", "LAU_ID": "1208", "LAU_NAME": "Waldbredimus", "cell_coverage": [ [ 0.0259, 0.0056 ], [ 0.5777, 0.2924 ] ], "xmin": 6.25, "xmax": 6.333333333333333, "ymin": 49.54166666666665, "ymax": 49.625 }, "geometry": { "type": "MultiPolygon", "coordinates": [ [ [ [ 6.253775, 49.568644999000071 ], [ 6.258033657000055, 49.577123986000061 ], [ 6.265837417000057, 49.579103084000053 ], [ 6.271455925000055, 49.584443562000047 ], [ 6.290376661000039, 49.586504888000036 ], [ 6.300762, 49.582629999000062 ], [ 6.312274, 49.581621999000049 ], [ 6.30828606700004, 49.574571574000061 ], [ 6.309204843000032, 49.55970360200007 ], [ 6.291894, 49.548244999000076 ], [ 6.272082960000034, 49.544483257000081 ], [ 6.269743043000062, 49.547276379000039 ], [ 6.268522171000029, 49.563890389000051 ], [ 6.253775, 49.568644999000071 ] ] ] ] } },
{ "type": "Feature", "properties": { "GISCO_ID": "LU_0101", "CNTR_CODE": "LU", "LAU_ID": "0101", "LAU_NAME": "Dippach", "cell_coverage": [ [ 0.154, 0.4064, 0.081 ], [ 0.1765, 0.3905, 0.0549 ] ], "xmin": 5.9166666666666643, "xmax": 6.0416666666666643, "ymin": 49.54166666666665, "ymax": 49.625 }, "geometry": { "type": "MultiPolygon", "coordinates": [ [ [ [ 5.957888, 49.568822999000076 ], [ 5.94417478400004, 49.567207781000036 ], [ 5.933496578000074, 49.582654929000057 ], [ 5.931150195000043, 49.586049218000028 ], [ 5.933263500000066, 49.591244999000025 ], [ 5.940730447000021, 49.59542392700007 ], [ 5.957501681000053, 49.592269823000038 ], [ 5.968769500000064, 49.598912499000051 ], [ 5.987922566000066, 49.601082887000075 ], [ 6.003309474000048, 49.609948915000075 ], [ 6.007983500000023, 49.604267999000058 ], [ 5.999192846000028, 49.595395051000025 ], [ 6.009522582000045, 49.591620959000068 ], [ 6.005147344000022, 49.586209140000051 ], [ 6.010352524000041, 49.583656941000072 ], [ 6.014437500000042, 49.581653999000082 ], [ 6.010352524000041, 49.578758159000074 ], [ 5.991431322000039, 49.565344914000036 ], [ 5.981406138000068, 49.563225265000028 ], [ 5.969530116000044, 49.570130579000079 ], [ 5.961127500000032, 49.568102499000076 ], [ 5.957888, 49.568822999000076 ] ] ] ] } },
{ "type": "Feature", "properties": { "GISCO_ID": "LU_0102", "CNTR_CODE": "LU", "LAU_ID": "0102", "LAU_NAME": "Garnich", "cell_coverage": [ [ 0.1246, 0.2479, 0.0554 ], [ 0.1371, 0.7365, 0.1779 ] ], "xmin": 5.875, "xmax": 6.0, "ymin": 49.583333333333321, "ymax": 49.666666666666657 }, "geometry": { "type": "MultiPolygon", "coordinates": [ [ [ [ 5.903163500000062, 49.636239499000055 ], [ 5.907128500000056, 49.638647499000058 ], [ 5.921853777000024, 49.635875637000026 ], [ 5.93123330700007, 49.637773105000065 ], [ 5.933496578000074, 49.635421628000074 ], [ 5.939310160000048, 49.62938147300008 ], [ 5.959873500000072, 49.64164899900004 ], [ 5.965730828000062, 49.632798575000038 ], [ 5.96562093700004, 49.62451373500005 ], [ 5.971637276000024, 49.617663527000047 ], [ 5.971747349000054, 49.610845927000071 ], [ 5.965356624000037, 49.605911891000062 ], [ 5.968769500000064, 49.598912499000051 ], [ 5.957501681000053, 49.592269823000038 ], [ 5.940730447000021, 49.59542392700007 ], [ 5.933263500000066, 49.591244999000025 ], [ 5.928459244000067, 49.592199191000077 ], [ 5.909295813000028, 49.607060069000056 ], [ 5.89987222000002, 49.624953301000062 ], [ 5.892829, 49.628559499000062 ], [ 5.90270442000002, 49.632274701000028 ], [ 5.903163500000062, 49.636239499000055 ] ] ] ] } },
{ "type": "Feature", "properties": { "GISCO_ID": "LU_0103", "CNTR_CODE": "LU", "LAU_ID": "0103", "LAU_NAME": "Habscht", "cell_coverage": [ [ 0, 0.0285, 0.0239, 0.2844, 0.0002 ], [ 0.1319, 0.8255, 0.5711, 0.4264, 0.0924 ] ], "xmin": 5.8333333333333321, "xmax": 6.0416666666666652, "ymin": 49.66666666666665, "ymax": 49.75 }, "geometry": { "type": "MultiPolygon", "coordinates": [ [ [ [ 5.917686, 49.672528499000066 ], [ 5.899724664000075, 49.675679547000072 ], [ 5.894971061000035, 49.670040343000039 ], [ 5.890221, 49.670108999000036 ], [ 5.886635945000023, 49.668977706000078 ], [ 5.869031957000061, 49.675285788000053 ], [ 5.865133658000047, 49.676641819000054 ], [ 5.862375993000057, 49.681719270000031 ], [ 5.866466389000038, 49.693754043000069 ], [ 5.869031957000061, 49.69543800100007 ], [ 5.871974, 49.698544499000036 ], [ 5.874404500000026, 49.699153999000032 ], [ 5.87811350000004, 49.701419499000053 ], [ 5.88168150000007, 49.705391499000029 ], [ 5.886318500000073, 49.70938299900007 ], [ 5.907228198000041, 49.711540262000028 ], [ 5.913613765000036, 49.704021289000082 ], [ 5.927788500000077, 49.70357049900008 ], [ 5.933496578000074, 49.702989909000053 ], [ 5.971133843000075, 49.720492815000057 ], [ 5.985262224000053, 49.722771396000041 ], [ 5.999495500000023, 49.720873999000048 ], [ 5.998616406000053, 49.712059905000046 ], [ 6.002289286000064, 49.705282216000057 ], [ 6.000067430000058, 49.698232191000045 ], [ 6.01033198500005, 49.69502800600003 ], [ 6.022536, 49.695870999000078 ], [ 6.021168965000072, 49.691736543000047 ], [ 6.016594043000055, 49.689508584000066 ], [ 6.010352524000041, 49.688946583000074 ], [ 5.995275851000031, 49.687589045000038 ], [ 5.991027981000059, 49.693296371000031 ], [ 5.98092, 49.688646999000071 ], [ 5.974568887000032, 49.692304869000054 ], [ 5.949908792000031, 49.68889309900004 ], [ 5.94223048300006, 49.684374430000048 ], [ 5.943165014000044, 49.678620193000029 ], [ 5.933496578000074, 49.679690356000037 ], [ 5.927574545000027, 49.680345843000055 ], [ 5.917686, 49.672528499000066 ] ] ] ] } },
{ "type": "Feature", "properties": { "GISCO_ID": "LU_0104", "CNTR_CODE": "LU", "LAU_ID": "0104", "LAU_NAME": "Käerjeng", "cell_coverage": [ [ 0, 0.0199, 0 ], [ 0.2266, 0.8432, 0.1095 ], [ 0.0655, 0.7399, 0.3925 ] ], "xmin": 5.8333333333333321, "xmax": 5.9583333333333321, "ymin": 49.541666666666657, "ymax": 49.666666666666657 }, "geometry": { "type": "MultiPolygon", "coordinates": [ [ [ [ 5.898536, 49.547081499000058 ], [ 5.885290500000053, 49.547000499000035 ], [ 5.885037950000026, 49.561197814000082 ], [ 5.875490638000031, 49.560832589000029 ], [ 5.869031957000061, 49.569032345000039 ], [ 5.865348500000039, 49.571714999000051 ], [ 5.871059527000057, 49.574540414000069 ], [ 5.867777604000025, 49.580970079000053 ], [ 5.871345946000076, 49.585891574000073 ], [ 5.868300619000024, 49.588500658000044 ], [ 5.852571243000057, 49.587446420000049 ], [ 5.848778500000037, 49.597373999000069 ], [ 5.869031957000061, 49.605666643000063 ], [ 5.875531959000057, 49.608779794000043 ], [ 5.87633239400003, 49.619029406000038 ], [ 5.880083, 49.623359999000058 ], [ 5.88646, 49.627166499000055 ], [ 5.892829, 49.628559499000062 ], [ 5.89987222000002, 49.624953301000062 ], [ 5.909295813000028, 49.607060069000056 ], [ 5.928459244000067, 49.592199191000077 ], [ 5.933263500000066, 49.591244999000025 ], [ 5.931150195000043, 49.586049218000028 ], [ 5.933496578000074, 49.582654929000057 ], [ 5.94417478400004, 49.567207781000036 ], [ 5.957888, 49.568822999000076 ], [ 5.949829651000073, 49.560580353000034 ], [ 5.939260851000029, 49.561670068000069 ], [ 5.933496578000074, 49.558283280000069 ], [ 5.931632101000048, 49.557187810000073 ], [ 5.904365108000036, 49.55164114300004 ], [ 5.898536, 49.547081499000058 ] ] ] ] } },
{ "type": "Feature", "properties": { "GISCO_ID": "LU_0105", "CNTR_CODE": "LU", "LAU_ID": "0105", "LAU_NAME": "Kehlen", "cell_coverage": [ [ 0.1526, 0.5989, 0.5905, 0.0667 ], [ 0.1527, 0.3241, 0.1305, 0 ] ], "xmin": 5.9583333333333321, "xmax": 6.125, "ymin": 49.625, "ymax": 49.708333333333321 }, "geometry": { "type": "MultiPolygon", "coordinates": [ [ [ [ 5.977579500000047, 49.648570499000073 ], [ 5.986444607000067, 49.653758139000047 ], [ 5.993638428000054, 49.666399875000081 ], [ 5.988952977000054, 49.672982259000037 ], [ 5.994176175000064, 49.680215761000056 ], [ 5.988684518000071, 49.681258110000044 ], [ 5.98092, 49.688646999000071 ], [ 5.991027981000059, 49.693296371000031 ], [ 5.995275851000031, 49.687589045000038 ], [ 6.010352524000041, 49.688946583000074 ], [ 6.016594043000055, 49.689508584000066 ], [ 6.021168965000072, 49.691736543000047 ], [ 6.022536, 49.695870999000078 ], [ 6.039662858000042, 49.692789625000046 ], [ 6.047634623000022, 49.694073235000076 ], [ 6.057348107000053, 49.697627788000034 ], [ 6.062733542000046, 49.703099231000067 ], [ 6.067861191000077, 49.702791748000038 ], [ 6.07202, 49.69882749900006 ], [ 6.076086715000031, 49.694782448000069 ], [ 6.089148640000076, 49.698326870000074 ], [ 6.090855, 49.693061999000065 ], [ 6.090145500000062, 49.685332499000026 ], [ 6.082692, 49.675710499000047 ], [ 6.065889889000061, 49.680314414000065 ], [ 6.067234791000033, 49.677122138000072 ], [ 6.055378505000022, 49.669566430000032 ], [ 6.053178306000063, 49.665396695000027 ], [ 6.056797628000027, 49.660138601000028 ], [ 6.067921500000068, 49.657598499000073 ], [ 6.06062, 49.653136499000027 ], [ 6.037521469000069, 49.65468112800005 ], [ 6.027444377000052, 49.65138483700008 ], [ 6.020915774000059, 49.655021579000049 ], [ 6.010352524000041, 49.65295926500005 ], [ 6.001301903000069, 49.651192269000035 ], [ 5.99597023900003, 49.64445902500006 ], [ 5.977579500000047, 49.648570499000073 ] ] ] ] } },
{ "type": "Feature", "properties": { "GISCO_ID": "LU_0106", "CNTR_CODE": "LU", "LAU_ID": "0106", "LAU_NAME": "Koerich", "cell_coverage": [ [ 0.3531, 0.4209 ], [ 0.2734, 0.3288 ] ], "xmin": 5.9166666666666643, "xmax": 5.9999999999999973, "ymin": 49.625, "ymax": 49.708333333333321 }, "geometry": { "type": "MultiPolygon", "coordinates": [ [ [ [ 5.977579500000047, 49.648570499000073 ], [ 5.966943030000039, 49.647334844000056 ], [ 5.958738, 49.642773999000042 ], [ 5.933496578000074, 49.656930472000056 ], [ 5.929289607000044, 49.659289922000028 ], [ 5.917686, 49.672528499000066 ], [ 5.927574545000027, 49.680345843000055 ], [ 5.933496578000074, 49.679690356000037 ], [ 5.943165014000044, 49.678620193000029 ], [ 5.94223048300006, 49.684374430000048 ], [ 5.949908792000031, 49.68889309900004 ], [ 5.974568887000032, 49.692304869000054 ], [ 5.98092, 49.688646999000071 ], [ 5.988684518000071, 49.681258110000044 ], [ 5.994176175000064, 49.680215761000056 ], [ 5.988952977000054, 49.672982259000037 ], [ 5.993638428000054, 49.666399875000081 ], [ 5.986444607000067, 49.653758139000047 ], [ 5.977579500000047, 49.648570499000073 ] ] ] ] } },
{ "type": "Feature", "properties": { "GISCO_ID": "LU_0107", "CNTR_CODE": "LU", "LAU_ID": "0107", "LAU_NAME": "Kopstal", "cell_coverage": [ [ 0.1506, 0.0416 ], [ 0.187, 0.2022 ] ], "xmin": 6.0416666666666643, "xmax": 6.125, "ymin": 49.625, "ymax": 49.708333333333321 }, "geometry": { "type": "MultiPolygon", "coordinates": [ [ [ [ 6.078370500000062, 49.646839999000065 ], [ 6.074777804000064, 49.655393808000042 ], [ 6.067921500000068, 49.657598499000073 ], [ 6.056797628000027, 49.660138601000028 ], [ 6.053178306000063, 49.665396695000027 ], [ 6.055378505000022, 49.669566430000032 ], [ 6.067234791000033, 49.677122138000072 ], [ 6.065889889000061, 49.680314414000065 ], [ 6.082692, 49.675710499000047 ], [ 6.094198829000049, 49.67033294600003 ], [ 6.104185, 49.656551499000045 ], [ 6.099141043000031, 49.651107456000034 ], [ 6.101164500000039, 49.64627099900008 ], [ 6.078370500000062, 49.646839999000065 ] ] ] ] } },
{ "type": "Feature", "properties": { "GISCO_ID": "LU_0108", "CNTR_CODE": "LU", "LAU_ID": "0108", "LAU_NAME": "Mamer", "cell_coverage": [ [ 0.4621, 0.6757, 0.1347 ], [ 0.4155, 0.3079, 0 ] ], "xmin": 5.9583333333333321, "xmax": 6.0833333333333321, "ymin": 49.583333333333321, "ymax": 49.666666666666657 }, "geometry": { "type": "MultiPolygon", "coordinates": [ [ [ [ 6.06062, 49.653136499000027 ], [ 6.047689840000032, 49.640949714000044 ], [ 6.045891500000039, 49.628531999000074 ], [ 6.03638370300007, 49.622084051000058 ], [ 6.030717809000066, 49.610880132000034 ], [ 6.01365710400006, 49.610551489000045 ], [ 6.010352524000041, 49.606891683000072 ], [ 6.007983500000023, 49.604267999000058 ], [ 6.003309474000048, 49.609948915000075 ], [ 5.987922566000066, 49.601082887000075 ], [ 5.968769500000064, 49.598912499000051 ], [ 5.965356624000037, 49.605911891000062 ], [ 5.971747349000054, 49.610845927000071 ], [ 5.971637276000024, 49.617663527000047 ], [ 5.96562093700004, 49.62451373500005 ], [ 5.965730828000062, 49.632798575000038 ], [ 5.959873500000072, 49.64164899900004 ], [ 5.958738, 49.642773999000042 ], [ 5.966943030000039, 49.647334844000056 ], [ 5.977579500000047, 49.648570499000073 ], [ 5.99597023900003, 49.64445902500006 ], [ 6.001301903000069, 49.651192269000035 ], [ 6.010352524000041, 49.65295926500005 ], [ 6.020915774000059, 49.655021579000049 ], [ 6.027444377000052, 49.65138483700008 ], [ 6.037521469000069, 49.65468112800005 ], [ 6.06062, 49.653136499000027 ] ] ] ] } },
{ "type": "Feature", "properties": { "GISCO_ID": "LU_0110", "CNTR_CODE": "LU", "LAU_ID": "0110", "LAU_NAME": "Steinfort", "cell_coverage": [ [ 0.0894, 0.0122, 0 ], [ 0.2603, 0.4787, 0.0011 ] ], "xmin": 5.875, "xmax": 6.0, "ymin": 49.625, "ymax": 49.708333333333321 }, "geometry": { "type": "MultiPolygon", "coordinates": [ [ [ [ 5.890221, 49.670108999000036 ], [ 5.894971061000035, 49.670040343000039 ], [ 5.899724664000075, 49.675679547000072 ], [ 5.917686, 49.672528499000066 ], [ 5.929289607000044, 49.659289922000028 ], [ 5.933496578000074, 49.656930472000056 ], [ 5.958738, 49.642773999000042 ], [ 5.959873500000072, 49.64164899900004 ], [ 5.939310160000048, 49.62938147300008 ], [ 5.933496578000074, 49.635421628000074 ], [ 5.93123330700007, 49.637773105000065 ], [ 5.921853777000024, 49.635875637000026 ], [ 5.907128500000056, 49.638647499000058 ], [ 5.902652551000074, 49.648855586000082 ], [ 5.903956556000026, 49.658885203000068 ], [ 5.909319465000067, 49.663798316000054 ], [ 5.890221, 49.670108999000036 ] ] ], [ [ [ 5.892829, 49.628559499000062 ], [ 5.88646, 49.627166499000055 ], [ 5.883717970000021, 49.631240909000041 ], [ 5.887103492000051, 49.634567875000073 ], [ 5.903163500000062, 49.636239499000055 ], [ 5.90270442000002, 49.632274701000028 ], [ 5.892829, 49.628559499000062 ] ] ] ] } },
{ "type": "Feature", "properties": { "GISCO_ID": "LU_0201", "CNTR_CODE": "LU", "LAU_ID": "0201", "LAU_NAME": "Bettembourg", "cell_coverage": [ [ 0, 0.1053, 0.0488, 0 ], [ 0.0058, 0.6716, 0.6945, 0.0154 ], [ 0, 0.0019, 0.0108, 0.0084 ] ], "xmin": 6.0, "xmax": 6.166666666666667, "ymin": 49.458333333333321, "ymax": 49.583333333333321 }, "geometry": { "type": "MultiPolygon", "coordinates": [ [ [ [ 6.127827500000024, 49.493694499000071 ], [ 6.10551618300002, 49.506669497000075 ], [ 6.093200670000044, 49.500637439000059 ], [ 6.074952920000044, 49.505188669000063 ], [ 6.070633143000066, 49.499139084000035 ], [ 6.061589500000025, 49.500214999000036 ], [ 6.053410376000045, 49.505883943000072 ], [ 6.039392, 49.504682499000069 ], [ 6.041162, 49.512039999000081 ], [ 6.047847580000052, 49.512134467000067 ], [ 6.052482827000063, 49.516645166000046 ], [ 6.053369990000022, 49.523633843000027 ], [ 6.061661830000048, 49.529613643000062 ], [ 6.059439562000023, 49.539175094000029 ], [ 6.061157500000036, 49.547704999000075 ], [ 6.084634, 49.552029499000071 ], [ 6.097743666000042, 49.542195565000043 ], [ 6.098387186000025, 49.536684592000029 ], [ 6.105501214000071, 49.527692614000046 ], [ 6.11308389200002, 49.527091662000032 ], [ 6.123589873000071, 49.51563511300003 ], [ 6.127146755000069, 49.509770569000068 ], [ 6.127827500000024, 49.493694499000071 ] ] ] ] } },
{ "type": "Feature", "properties": { "GISCO_ID": "LU_0202", "CNTR_CODE": "LU", "LAU_ID": "0202", "LAU_NAME": "Differdange", "cell_coverage": [ [ 0.0014, 0.0916 ], [ 0.5744, 0.8691 ], [ 0.0047, 0.0345 ] ], "xmin": 5.8333333333333321, "xmax": 5.9166666666666652, "ymin": 49.458333333333321, "ymax": 49.583333333333321 }, "geometry": { "type": "MultiPolygon", "coordinates": [ [ [ [ 5.893386, 49.496944499000051 ], [ 5.869031957000061, 49.499006564000069 ], [ 5.836017, 49.519981499000039 ], [ 5.835646723000025, 49.526250284000071 ], [ 5.846244, 49.529533499000081 ], [ 5.869031957000061, 49.538961303000065 ], [ 5.87723083000003, 49.545336377000069 ], [ 5.885290500000053, 49.547000499000035 ], [ 5.898536, 49.547081499000058 ], [ 5.907497836000061, 49.546590751000053 ], [ 5.906816086000049, 49.54310078900005 ], [ 5.914674289000061, 49.535779079000065 ], [ 5.906912102000035, 49.526819379000074 ], [ 5.908470919000024, 49.523666210000044 ], [ 5.914167159000044, 49.522242512000048 ], [ 5.915485985000032, 49.513976470000046 ], [ 5.913299571000039, 49.508802373000037 ], [ 5.903328169000076, 49.502384524000036 ], [ 5.906454, 49.500341999000057 ], [ 5.893386, 49.496944499000051 ] ] ] ] } },
{ "type": "Feature", "properties": { "GISCO_ID": "LU_0203", "CNTR_CODE": "LU", "LAU_ID": "0203", "LAU_NAME": "Dudelange", "cell_coverage": [ [ 0.0257, 0.0586, 0 ], [ 0.5808, 0.7918, 0.0168 ], [ 0, 0.0347, 0 ] ], "xmin": 6.0416666666666643, "xmax": 6.1666666666666643, "ymin": 49.416666666666657, "ymax": 49.541666666666657 }, "geometry": { "type": "MultiPolygon", "coordinates": [ [ [ [ 6.061589500000025, 49.500214999000036 ], [ 6.070633143000066, 49.499139084000035 ], [ 6.074952920000044, 49.505188669000063 ], [ 6.093200670000044, 49.500637439000059 ], [ 6.10551618300002, 49.506669497000075 ], [ 6.127827500000024, 49.493694499000071 ], [ 6.126544848000037, 49.482554088000029 ], [ 6.122091582000053, 49.473415854000052 ], [ 6.104445307000049, 49.470767874000046 ], [ 6.09946319900007, 49.466128901000047 ], [ 6.100806, 49.452911499000038 ], [ 6.086491855000077, 49.455666872000052 ], [ 6.078439722000041, 49.463276374000031 ], [ 6.071055220000062, 49.465085073000068 ], [ 6.057008090000068, 49.465525175000039 ], [ 6.04981, 49.459731499000043 ], [ 6.048647235000033, 49.462599988000079 ], [ 6.057134292000057, 49.47825554700006 ], [ 6.053655801000048, 49.481193009000037 ], [ 6.05917426000002, 49.488470972000073 ], [ 6.055484235000051, 49.497432409000055 ], [ 6.061589500000025, 49.500214999000036 ] ] ] ] } },
{ "type": "Feature", "properties": { "GISCO_ID": "LU_0204", "CNTR_CODE": "LU", "LAU_ID": "0204", "LAU_NAME": "Esch-sur-Alzette", "cell_coverage": [ [ 0.0784, 0.3329, 0.0007 ], [ 0.037, 0.5816, 0.0133 ] ], "xmin": 5.9166666666666643, "xmax": 6.0416666666666643, "ymin": 49.458333333333321, "ymax": 49.541666666666657 }, "geometry": { "type": "MultiPolygon", "coordinates": [ [ [ [ 5.99306450000006, 49.468862499000068 ], [ 5.986803, 49.462638999000035 ], [ 5.978518536000024, 49.462060509000025 ], [ 5.973138893000055, 49.467070172000035 ], [ 5.971473528000047, 49.474924140000041 ], [ 5.974232194000024, 49.480156794000038 ], [ 5.969813812000041, 49.48614124900007 ], [ 5.972371179000049, 49.490233923000062 ], [ 5.955325, 49.493354999000076 ], [ 5.941056, 49.500598999000033 ], [ 5.950246117000063, 49.507044755000038 ], [ 5.947853673000054, 49.509131007000065 ], [ 5.949306258000036, 49.510839895000061 ], [ 5.966875, 49.514430499000071 ], [ 5.980829415000073, 49.51200532200005 ], [ 5.999664500000051, 49.51861849900007 ], [ 6.000398572000051, 49.509066178000069 ], [ 5.994581237000034, 49.496946220000041 ], [ 6.00375450000007, 49.486218999000073 ], [ 6.000483821000046, 49.476953027000036 ], [ 5.99306450000006, 49.468862499000068 ] ], [ [ 5.99493831500007, 49.48625024200004 ], [ 5.999782348000053, 49.482525692000081 ], [ 6.002137085000072, 49.484241577000034 ], [ 5.99938579600007, 49.488241260000052 ], [ 5.99493831500007, 49.48625024200004 ] ] ] ] } },
{ "type": "Feature", "properties": { "GISCO_ID": "LU_0205", "CNTR_CODE": "LU", "LAU_ID": "0205", "LAU_NAME": "Frisange", "cell_coverage": [ [ 0.297, 0.4282, 0.4696 ], [ 0.1174, 0, 0 ] ], "xmin": 6.125, "xmax": 6.25, "ymin": 49.458333333333321, "ymax": 49.541666666666657 }, "geometry": { "type": "MultiPolygon", "coordinates": [ [ [ [ 6.228780500000028, 49.538539999000079 ], [ 6.238473115000033, 49.531097527000043 ], [ 6.236676785000043, 49.518592634000072 ], [ 6.240621, 49.51501999900006 ], [ 6.240108, 49.514320499000064 ], [ 6.235631, 49.508098499000027 ], [ 6.225423878000072, 49.509747628000071 ], [ 6.217807535000077, 49.509165916000029 ], [ 6.216725, 49.50684349900007 ], [ 6.179625, 49.507095499000059 ], [ 6.174487340000042, 49.509198369000046 ], [ 6.171010774000024, 49.50812026300008 ], [ 6.156240808000064, 49.50354 ], [ 6.15507008000003, 49.500185272000067 ], [ 6.160951228000044, 49.493370055000071 ], [ 6.1446, 49.487773999000069 ], [ 6.141085, 49.486461499000029 ], [ 6.14185, 49.491630499000053 ], [ 6.13158269500002, 49.502952793000077 ], [ 6.132322690000024, 49.509006876000058 ], [ 6.155483500000059, 49.521108999000035 ], [ 6.169694179000032, 49.517968895000081 ], [ 6.178206924000051, 49.525043301000039 ], [ 6.19877741800002, 49.526823316000048 ], [ 6.212921048000055, 49.533116254000049 ], [ 6.217944745000068, 49.538343631000032 ], [ 6.228780500000028, 49.538539999000079 ] ] ] ] } },
{ "type": "Feature", "properties": { "GISCO_ID": "LU_0206", "CNTR_CODE": "LU", "LAU_ID": "0206", "LAU_NAME": "Kayl", "cell_coverage": [ [ 0, 0.022, 0.0507 ], [ 0.0153, 0.6189, 0.3104 ], [ 0, 0.033, 0.0233 ] ], "xmin": 5.9583333333333321, "xmax": 6.0833333333333321, "ymin": 49.416666666666657, "ymax": 49.541666666666657 }, "geometry": { "type": "MultiPolygon", "coordinates": [ [ [ [ 5.99306450000006, 49.468862499000068 ], [ 6.000483821000046, 49.476953027000036 ], [ 6.00375450000007, 49.486218999000073 ], [ 6.010352524000041, 49.490786108000066 ], [ 6.018111142000066, 49.496156572000075 ], [ 6.039392, 49.504682499000069 ], [ 6.053410376000045, 49.505883943000072 ], [ 6.061589500000025, 49.500214999000036 ], [ 6.055484235000051, 49.497432409000055 ], [ 6.05917426000002, 49.488470972000073 ], [ 6.053655801000048, 49.481193009000037 ], [ 6.057134292000057, 49.47825554700006 ], [ 6.048647235000033, 49.462599988000079 ], [ 6.04981, 49.459731499000043 ], [ 6.042142, 49.447837999000058 ], [ 6.032897, 49.449367499000061 ], [ 6.032884090000039, 49.452390782000066 ], [ 6.039038419000065, 49.45524821500004 ], [ 6.039146439000035, 49.461399356000072 ], [ 6.035293840000065, 49.466714651000075 ], [ 6.015961615000037, 49.469861970000068 ], [ 6.010352524000041, 49.473026821000076 ], [ 6.005704734000062, 49.475649271000066 ], [ 5.998429048000048, 49.46851950100006 ], [ 5.99306450000006, 49.468862499000068 ] ] ] ] } },
{ "type": "Feature", "properties": { "GISCO_ID": "LU_0207", "CNTR_CODE": "LU", "LAU_ID": "0207", "LAU_NAME": "Leudelange", "cell_coverage": [ [ 0, 0.0809, 0 ], [ 0.0112, 0.7206, 0.1768 ] ], "xmin": 6.0, "xmax": 6.125, "ymin": 49.54166666666665, "ymax": 49.625 }, "geometry": { "type": "MultiPolygon", "coordinates": [ [ [ [ 6.047258500000055, 49.552532499000051 ], [ 6.037880693000034, 49.56716840200005 ], [ 6.039483030000042, 49.569801329000029 ], [ 6.048754651000024, 49.571368412000027 ], [ 6.046608500000048, 49.584842999000045 ], [ 6.051853, 49.586554999000043 ], [ 6.057423500000027, 49.58755099900003 ], [ 6.059852, 49.587661999000034 ], [ 6.069355, 49.589824999000029 ], [ 6.077341224000065, 49.587620872000059 ], [ 6.080298595000045, 49.577587681000068 ], [ 6.09246790800006, 49.577872266000043 ], [ 6.102765561000069, 49.570214875000033 ], [ 6.101753, 49.564717499000039 ], [ 6.093925209000076, 49.562508763000039 ], [ 6.084634, 49.552029499000071 ], [ 6.061157500000036, 49.547704999000075 ], [ 6.059888963000049, 49.55079876800005 ], [ 6.05197617400006, 49.549498043000028 ], [ 6.047258500000055, 49.552532499000051 ] ] ] ] } },
{ "type": "Feature", "properties": { "GISCO_ID": "LU_0208", "CNTR_CODE": "LU", "LAU_ID": "0208", "LAU_NAME": "Mondercange", "cell_coverage": [ [ 0, 0.1295, 0.0188, 0.0957 ], [ 0.0121, 0.5089, 0.4993, 0.252 ] ], "xmin": 5.9166666666666643, "xmax": 6.0833333333333313, "ymin": 49.5, "ymax": 49.583333333333321 }, "geometry": { "type": "MultiPolygon", "coordinates": [ [ [ [ 6.061157500000036, 49.547704999000075 ], [ 6.059439562000023, 49.539175094000029 ], [ 6.061661830000048, 49.529613643000062 ], [ 6.053369990000022, 49.523633843000027 ], [ 6.052482827000063, 49.516645166000046 ], [ 6.047847580000052, 49.512134467000067 ], [ 6.041162, 49.512039999000081 ], [ 6.019352157000071, 49.5229 ], [ 6.010352524000041, 49.520942838000053 ], [ 5.999664500000051, 49.51861849900007 ], [ 5.980829415000073, 49.51200532200005 ], [ 5.966875, 49.514430499000071 ], [ 5.975047967000023, 49.517460735000043 ], [ 5.975207487000034, 49.526229344000058 ], [ 5.971014241000034, 49.529635535000068 ], [ 5.955255775000069, 49.530604007000079 ], [ 5.953604289000054, 49.533374151000032 ], [ 5.969521, 49.547469999000043 ], [ 5.971025775000044, 49.551676265000026 ], [ 5.979082872000049, 49.551414178000073 ], [ 6.010352524000041, 49.538602184000069 ], [ 6.016714191000062, 49.535995643000035 ], [ 6.034844862000057, 49.54320184200003 ], [ 6.047258500000055, 49.552532499000051 ], [ 6.05197617400006, 49.549498043000028 ], [ 6.059888963000049, 49.55079876800005 ], [ 6.061157500000036, 49.547704999000075 ] ] ] ] } },
{ "type": "Feature", "properties": { "GISCO_ID": "LU_0209", "CNTR_CODE": "LU", "LAU_ID": "0209", "LAU_NAME": "Pétange", "cell_coverage": [ [ 0.0904, 0.509, 0.0892 ], [ 0.0306, 0.1375, 0 ] ], "xmin": 5.7916666666666643, "xmax": 5.9166666666666643, "ymin": 49.5, "ymax": 49.583333333333321 }, "geometry": { "type": "MultiPolygon", "coordinates": [ [ [ [ 5.885290500000053, 49.547000499000035 ], [ 5.87723083000003, 49.545336377000069 ], [ 5.869031957000061, 49.538961303000065 ], [ 5.846244, 49.529533499000081 ], [ 5.835627747000046, 49.541676138000071 ], [ 5.817181, 49.537029499000027 ], [ 5.810563, 49.543433499000059 ], [ 5.815228, 49.544967499000052 ], [ 5.818117, 49.546310499000072 ], [ 5.824633135000056, 49.551305192000029 ], [ 5.842545212000061, 49.553650342000026 ], [ 5.845670651000034, 49.56099486800008 ], [ 5.865348500000039, 49.571714999000051 ], [ 5.869031957000061, 49.569032345000039 ], [ 5.875490638000031, 49.560832589000029 ], [ 5.885037950000026, 49.561197814000082 ], [ 5.885290500000053, 49.547000499000035 ] ] ] ] } },
{ "type": "Feature", "properties": { "GISCO_ID": "LU_0210", "CNTR_CODE": "LU", "LAU_ID": "0210", "LAU_NAME": "Reckange-sur-Mess", "cell_coverage": [ [ 0, 0.0107, 0.0049 ], [ 0.3957, 0.9084, 0.0656 ], [ 0, 0.0459, 0 ] ], "xmin": 5.9583333333333321, "xmax": 6.0833333333333321, "ymin": 49.5, "ymax": 49.625 }, "geometry": { "type": "MultiPolygon", "coordinates": [ [ [ [ 5.961127500000032, 49.568102499000076 ], [ 5.969530116000044, 49.570130579000079 ], [ 5.981406138000068, 49.563225265000028 ], [ 5.991431322000039, 49.565344914000036 ], [ 6.010352524000041, 49.578758159000074 ], [ 6.014437500000042, 49.581653999000082 ], [ 6.025372333000064, 49.58408015100008 ], [ 6.03131772200004, 49.582299047000049 ], [ 6.035080844000049, 49.585604227000033 ], [ 6.046608500000048, 49.584842999000045 ], [ 6.048754651000024, 49.571368412000027 ], [ 6.039483030000042, 49.569801329000029 ], [ 6.037880693000034, 49.56716840200005 ], [ 6.047258500000055, 49.552532499000051 ], [ 6.034844862000057, 49.54320184200003 ], [ 6.016714191000062, 49.535995643000035 ], [ 6.010352524000041, 49.538602184000069 ], [ 5.979082872000049, 49.551414178000073 ], [ 5.971025775000044, 49.551676265000026 ], [ 5.969521, 49.547469999000043 ], [ 5.961368052000068, 49.548106249000057 ], [ 5.964894637000043, 49.560474986000031 ], [ 5.961127500000032, 49.568102499000076 ] ] ] ] } },
{ "type": "Feature", "properties": { "GISCO_ID": "LU_0211", "CNTR_CODE": "LU", "LAU_ID": "0211", "LAU_NAME": "Roeser", "cell_coverage": [ [ 0.4124, 0.3267, 0.0337 ], [ 0.247, 0.6108, 0.0241 ], [ 0, 0.051, 0 ] ], "xmin": 6.0833333333333321, "xmax": 6.2083333333333321, "ymin": 49.458333333333321, "ymax": 49.583333333333321 }, "geometry": { "type": "MultiPolygon", "coordinates": [ [ [ [ 6.14185, 49.491630499000053 ], [ 6.133348364000028, 49.490510631000063 ], [ 6.127827500000024, 49.493694499000071 ], [ 6.127146755000069, 49.509770569000068 ], [ 6.123589873000071, 49.51563511300003 ], [ 6.11308389200002, 49.527091662000032 ], [ 6.105501214000071, 49.527692614000046 ], [ 6.098387186000025, 49.536684592000029 ], [ 6.097743666000042, 49.542195565000043 ], [ 6.084634, 49.552029499000071 ], [ 6.093925209000076, 49.562508763000039 ], [ 6.101753, 49.564717499000039 ], [ 6.107605553000042, 49.566305140000054 ], [ 6.109499662000076, 49.562237352000068 ], [ 6.113714500000071, 49.560987499000078 ], [ 6.143491449000066, 49.554538617000048 ], [ 6.159513769000057, 49.554739866000034 ], [ 6.171010774000024, 49.550618608000036 ], [ 6.173141, 49.549854999000047 ], [ 6.172323729000027, 49.536788802000046 ], [ 6.171010774000024, 49.535136084000044 ], [ 6.160240664000071, 49.529196689000059 ], [ 6.161869934000038, 49.524011950000045 ], [ 6.155483500000059, 49.521108999000035 ], [ 6.132322690000024, 49.509006876000058 ], [ 6.13158269500002, 49.502952793000077 ], [ 6.14185, 49.491630499000053 ] ] ] ] } },
{ "type": "Feature", "properties": { "GISCO_ID": "LU_0212", "CNTR_CODE": "LU", "LAU_ID": "0212", "LAU_NAME": "Rumelange", "cell_coverage": [ [ 0.0693, 0.2564 ], [ 0.0454, 0.1156 ] ], "xmin": 5.9583333333333321, "xmax": 6.0416666666666652, "ymin": 49.41666666666665, "ymax": 49.5 }, "geometry": { "type": "MultiPolygon", "coordinates": [ [ [ [ 5.986803, 49.462638999000035 ], [ 5.99306450000006, 49.468862499000068 ], [ 5.998429048000048, 49.46851950100006 ], [ 6.005704734000062, 49.475649271000066 ], [ 6.010352524000041, 49.473026821000076 ], [ 6.015961615000037, 49.469861970000068 ], [ 6.035293840000065, 49.466714651000075 ], [ 6.039146439000035, 49.461399356000072 ], [ 6.039038419000065, 49.45524821500004 ], [ 6.032884090000039, 49.452390782000066 ], [ 6.032897, 49.449367499000061 ], [ 6.027489169000035, 49.449631202000035 ], [ 6.02640598000005, 49.455026360000033 ], [ 6.010352524000041, 49.452632377000043 ], [ 6.008504441000071, 49.452356780000059 ], [ 5.999055275000046, 49.45632923800008 ], [ 5.982033, 49.451099499000065 ], [ 5.980049563000023, 49.45499759300003 ], [ 5.986200901000075, 49.457683644000042 ], [ 5.986803, 49.462638999000035 ] ] ] ] } },
{ "type": "Feature", "properties": { "GISCO_ID": "LU_0213", "CNTR_CODE": "LU", "LAU_ID": "0213", "LAU_NAME": "Sanem", "cell_coverage": [ [ 0.0793, 0.4311, 0.0843 ], [ 0.1291, 0.9073, 0.1485 ], [ 0, 6.3038e-06, 0 ] ], "xmin": 5.875, "xmax": 6.0, "ymin": 49.458333333333321, "ymax": 49.583333333333321 }, "geometry": { "type": "MultiPolygon", "coordinates": [ [ [ [ 5.906454, 49.500341999000057 ], [ 5.903328169000076, 49.502384524000036 ], [ 5.913299571000039, 49.508802373000037 ], [ 5.915485985000032, 49.513976470000046 ], [ 5.914167159000044, 49.522242512000048 ], [ 5.908470919000024, 49.523666210000044 ], [ 5.906912102000035, 49.526819379000074 ], [ 5.914674289000061, 49.535779079000065 ], [ 5.906816086000049, 49.54310078900005 ], [ 5.907497836000061, 49.546590751000053 ], [ 5.898536, 49.547081499000058 ], [ 5.904365108000036, 49.55164114300004 ], [ 5.931632101000048, 49.557187810000073 ], [ 5.933496578000074, 49.558283280000069 ], [ 5.939260851000029, 49.561670068000069 ], [ 5.949829651000073, 49.560580353000034 ], [ 5.957888, 49.568822999000076 ], [ 5.961127500000032, 49.568102499000076 ], [ 5.964894637000043, 49.560474986000031 ], [ 5.961368052000068, 49.548106249000057 ], [ 5.969521, 49.547469999000043 ], [ 5.953604289000054, 49.533374151000032 ], [ 5.955255775000069, 49.530604007000079 ], [ 5.971014241000034, 49.529635535000068 ], [ 5.975207487000034, 49.526229344000058 ], [ 5.975047967000023, 49.517460735000043 ], [ 5.966875, 49.514430499000071 ], [ 5.949306258000036, 49.510839895000061 ], [ 5.947853673000054, 49.509131007000065 ], [ 5.950246117000063, 49.507044755000038 ], [ 5.941056, 49.500598999000033 ], [ 5.936189, 49.49998449900005 ], [ 5.933496578000074, 49.500016870000081 ], [ 5.906454, 49.500341999000057 ] ] ] ] } },
{ "type": "Feature", "properties": { "GISCO_ID": "LU_0214", "CNTR_CODE": "LU", "LAU_ID": "0214", "LAU_NAME": "Schifflange", "cell_coverage": [ [ 0.0098, 0.4263 ], [ 0.0269, 0.1114 ] ], "xmin": 5.9583333333333321, "xmax": 6.0416666666666652, "ymin": 49.458333333333321, "ymax": 49.541666666666657 }, "geometry": { "type": "MultiPolygon", "coordinates": [ [ [ [ 6.00375450000007, 49.486218999000073 ], [ 5.994581237000034, 49.496946220000041 ], [ 6.000398572000051, 49.509066178000069 ], [ 5.999664500000051, 49.51861849900007 ], [ 6.010352524000041, 49.520942838000053 ], [ 6.019352157000071, 49.5229 ], [ 6.041162, 49.512039999000081 ], [ 6.039392, 49.504682499000069 ], [ 6.018111142000066, 49.496156572000075 ], [ 6.010352524000041, 49.490786108000066 ], [ 6.00375450000007, 49.486218999000073 ] ] ], [ [ [ 5.99493831500007, 49.48625024200004 ], [ 5.99938579600007, 49.488241260000052 ], [ 6.002137085000072, 49.484241577000034 ], [ 5.999782348000053, 49.482525692000081 ], [ 5.99493831500007, 49.48625024200004 ] ] ] ] } },
{ "type": "Feature", "properties": { "GISCO_ID": "LU_0301", "CNTR_CODE": "LU", "LAU_ID": "0301", "LAU_NAME": "Bertrange", "cell_coverage": [ [ 0, 0.0002, 0.0084 ], [ 0.0003, 0.6003, 0.6124 ], [ 0, 0.0067, 0 ] ], "xmin": 5.9583333333333321, "xmax": 6.0833333333333321, "ymin": 49.541666666666657, "ymax": 49.666666666666657 }, "geometry": { "type": "MultiPolygon", "coordinates": [ [ [ [ 6.007983500000023, 49.604267999000058 ], [ 6.010352524000041, 49.606891683000072 ], [ 6.01365710400006, 49.610551489000045 ], [ 6.030717809000066, 49.610880132000034 ], [ 6.03638370300007, 49.622084051000058 ], [ 6.045891500000039, 49.628531999000074 ], [ 6.055213137000067, 49.618351489000077 ], [ 6.061883837000039, 49.618023944000072 ], [ 6.062933348000058, 49.613799805000042 ], [ 6.07731855000003, 49.610699930000067 ], [ 6.082353, 49.605604499000037 ], [ 6.075436579000041, 49.600288541000054 ], [ 6.076389636000044, 49.594828546000031 ], [ 6.069355, 49.589824999000029 ], [ 6.059852, 49.587661999000034 ], [ 6.057423500000027, 49.58755099900003 ], [ 6.051853, 49.586554999000043 ], [ 6.046608500000048, 49.584842999000045 ], [ 6.035080844000049, 49.585604227000033 ], [ 6.03131772200004, 49.582299047000049 ], [ 6.025372333000064, 49.58408015100008 ], [ 6.014437500000042, 49.581653999000082 ], [ 6.010352524000041, 49.583656941000072 ], [ 6.005147344000022, 49.586209140000051 ], [ 6.009522582000045, 49.591620959000068 ], [ 5.999192846000028, 49.595395051000025 ], [ 6.007983500000023, 49.604267999000058 ] ] ] ] } },
{ "type": "Feature", "properties": { "GISCO_ID": "LU_0302", "CNTR_CODE": "LU", "LAU_ID": "0302", "LAU_NAME": "Contern", "cell_coverage": [ [ 0.0508, 0.5099, 0.4588, 0.0629 ], [ 0.0351, 0.2873, 0.0862, 0.0004 ] ], "xmin": 6.1666666666666643, "xmax": 6.3333333333333313, "ymin": 49.54166666666665, "ymax": 49.625 }, "geometry": { "type": "MultiPolygon", "coordinates": [ [ [ [ 6.202856500000053, 49.575453999000047 ], [ 6.197959301000026, 49.581642745000067 ], [ 6.201060746000053, 49.584712731000081 ], [ 6.199793380000074, 49.590141083000049 ], [ 6.209874, 49.59960649900006 ], [ 6.216152362000059, 49.602767517000075 ], [ 6.233043828000064, 49.603946552000082 ], [ 6.238775, 49.609657499000036 ], [ 6.254620343000056, 49.604857195000079 ], [ 6.276063500000021, 49.604339999000047 ], [ 6.275114734000056, 49.601837280000041 ], [ 6.286194232000071, 49.602090382000029 ], [ 6.295677167000065, 49.597330658000033 ], [ 6.301793930000031, 49.589464324000062 ], [ 6.300762, 49.582629999000062 ], [ 6.290376661000039, 49.586504888000036 ], [ 6.271455925000055, 49.584443562000047 ], [ 6.265837417000057, 49.579103084000053 ], [ 6.258033657000055, 49.577123986000061 ], [ 6.253775, 49.568644999000071 ], [ 6.231235, 49.570043499000064 ], [ 6.222170082000048, 49.573744297000076 ], [ 6.212383053000053, 49.572830011000065 ], [ 6.206969799000035, 49.576896753000028 ], [ 6.202856500000053, 49.575453999000047 ] ] ] ] } },
{ "type": "Feature", "properties": { "GISCO_ID": "LU_0303", "CNTR_CODE": "LU", "LAU_ID": "0303", "LAU_NAME": "Hesperange", "cell_coverage": [ [ 0, 0.1886, 0.4834, 0.0015 ], [ 0.0639, 0.6613, 0.5403, 0 ] ], "xmin": 6.0833333333333321, "xmax": 6.25, "ymin": 49.54166666666665, "ymax": 49.625 }, "geometry": { "type": "MultiPolygon", "coordinates": [ [ [ [ 6.202856500000053, 49.575453999000047 ], [ 6.201874773000043, 49.568328640000061 ], [ 6.194664829000033, 49.559962025000061 ], [ 6.182473154000036, 49.559533454000075 ], [ 6.183382367000036, 49.550536313000066 ], [ 6.173141, 49.549854999000047 ], [ 6.171010774000024, 49.550618608000036 ], [ 6.159513769000057, 49.554739866000034 ], [ 6.143491449000066, 49.554538617000048 ], [ 6.113714500000071, 49.560987499000078 ], [ 6.116700843000046, 49.567749797000033 ], [ 6.124346391000074, 49.570637571000077 ], [ 6.121804076000046, 49.575881844000037 ], [ 6.124713026000052, 49.580435683000076 ], [ 6.130621871000073, 49.580538852000075 ], [ 6.139596794000056, 49.587928571000077 ], [ 6.14858752400005, 49.590288284000053 ], [ 6.162639485000057, 49.602388487000042 ], [ 6.171010774000024, 49.605729040000028 ], [ 6.175261935000037, 49.607425460000059 ], [ 6.192044, 49.604877499000054 ], [ 6.205324476000044, 49.605619822000051 ], [ 6.209874, 49.59960649900006 ], [ 6.199793380000074, 49.590141083000049 ], [ 6.201060746000053, 49.584712731000081 ], [ 6.197959301000026, 49.581642745000067 ], [ 6.202856500000053, 49.575453999000047 ] ] ] ] } },
{ "type": "Feature", "properties": { "GISCO_ID": "LU_0304", "CNTR_CODE": "LU", "LAU_ID": "0304", "LAU_NAME": "Luxembourg", "cell_coverage": [ [ 0.1073, 0.5427, 0.5698, 0.1136 ], [ 0.0932, 0.8929, 0.8114, 0.3109 ], [ 0.0128, 0.298, 0.0119, 0 ] ], "xmin": 6.0416666666666643, "xmax": 6.2083333333333313, "ymin": 49.541666666666657, "ymax": 49.666666666666657 }, "geometry": { "type": "MultiPolygon", "coordinates": [ [ [ [ 6.189203500000076, 49.625689999000031 ], [ 6.19201935500007, 49.618567381000048 ], [ 6.201729679000039, 49.612288589000059 ], [ 6.192044, 49.604877499000054 ], [ 6.175261935000037, 49.607425460000059 ], [ 6.171010774000024, 49.605729040000028 ], [ 6.162639485000057, 49.602388487000042 ], [ 6.14858752400005, 49.590288284000053 ], [ 6.139596794000056, 49.587928571000077 ], [ 6.130621871000073, 49.580538852000075 ], [ 6.124713026000052, 49.580435683000076 ], [ 6.121804076000046, 49.575881844000037 ], [ 6.124346391000074, 49.570637571000077 ], [ 6.116700843000046, 49.567749797000033 ], [ 6.113714500000071, 49.560987499000078 ], [ 6.109499662000076, 49.562237352000068 ], [ 6.107605553000042, 49.566305140000054 ], [ 6.101753, 49.564717499000039 ], [ 6.102765561000069, 49.570214875000033 ], [ 6.09246790800006, 49.577872266000043 ], [ 6.080298595000045, 49.577587681000068 ], [ 6.077341224000065, 49.587620872000059 ], [ 6.069355, 49.589824999000029 ], [ 6.076389636000044, 49.594828546000031 ], [ 6.075436579000041, 49.600288541000054 ], [ 6.082353, 49.605604499000037 ], [ 6.095512918000054, 49.616122482000037 ], [ 6.100248667000074, 49.623374245000036 ], [ 6.07086268300003, 49.629569038000056 ], [ 6.070302291000075, 49.633523475000061 ], [ 6.078370500000062, 49.646839999000065 ], [ 6.101164500000039, 49.64627099900008 ], [ 6.114582194000036, 49.649781637000046 ], [ 6.150953772000037, 49.650226024000062 ], [ 6.159718, 49.654867999000032 ], [ 6.156187084000067, 49.644019034000053 ], [ 6.165210500000057, 49.644734499000037 ], [ 6.161826494000024, 49.63891379100005 ], [ 6.171010774000024, 49.637569430000042 ], [ 6.180005713000071, 49.636252784000078 ], [ 6.184910082000044, 49.632398987000045 ], [ 6.181050248000076, 49.624735699000041 ], [ 6.189203500000076, 49.625689999000031 ] ] ] ] } },
{ "type": "Feature", "properties": { "GISCO_ID": "LU_0305", "CNTR_CODE": "LU", "LAU_ID": "0305", "LAU_NAME": "Niederanven", "cell_coverage": [ [ 0, 0.0595, 0.4364, 0.2497 ], [ 0.0144, 0.7523, 0.9558, 0.5027 ], [ 0, 0.0002, 0.0028, 0 ] ], "xmin": 6.125, "xmax": 6.291666666666667, "ymin": 49.583333333333321, "ymax": 49.708333333333321 }, "geometry": { "type": "MultiPolygon", "coordinates": [ [ [ [ 6.214805500000068, 49.684957499000063 ], [ 6.258088863000069, 49.685858642000028 ], [ 6.264627993000033, 49.683475224000063 ], [ 6.269027418000064, 49.677191747000052 ], [ 6.277930500000025, 49.677899499000034 ], [ 6.278691189000028, 49.666804219000028 ], [ 6.285874138000054, 49.663378023000064 ], [ 6.282322457000021, 49.653766814000051 ], [ 6.28955250000007, 49.647279999000034 ], [ 6.252461467000046, 49.637637607000045 ], [ 6.240985263000027, 49.627555670000049 ], [ 6.231572, 49.624284999000054 ], [ 6.211633949000031, 49.625532153000051 ], [ 6.204671351000059, 49.631444370000054 ], [ 6.189203500000076, 49.625689999000031 ], [ 6.181050248000076, 49.624735699000041 ], [ 6.184910082000044, 49.632398987000045 ], [ 6.180005713000071, 49.636252784000078 ], [ 6.171010774000024, 49.637569430000042 ], [ 6.161826494000024, 49.63891379100005 ], [ 6.165210500000057, 49.644734499000037 ], [ 6.166217354000025, 49.649785569000073 ], [ 6.171010774000024, 49.654913075000081 ], [ 6.174623513000029, 49.658777611000062 ], [ 6.19587060200007, 49.669246861000033 ], [ 6.214805500000068, 49.684957499000063 ] ] ] ] } },
{ "type": "Feature", "properties": { "GISCO_ID": "LU_0306", "CNTR_CODE": "LU", "LAU_ID": "0306", "LAU_NAME": "Sandweiler", "cell_coverage": [ [ 0.042, 0.005 ], [ 0.1548, 0.3657 ] ], "xmin": 6.1666666666666643, "xmax": 6.25, "ymin": 49.583333333333321, "ymax": 49.666666666666657 }, "geometry": { "type": "MultiPolygon", "coordinates": [ [ [ [ 6.209874, 49.59960649900006 ], [ 6.205324476000044, 49.605619822000051 ], [ 6.192044, 49.604877499000054 ], [ 6.201729679000039, 49.612288589000059 ], [ 6.19201935500007, 49.618567381000048 ], [ 6.189203500000076, 49.625689999000031 ], [ 6.204671351000059, 49.631444370000054 ], [ 6.211633949000031, 49.625532153000051 ], [ 6.231572, 49.624284999000054 ], [ 6.239145393000058, 49.619993312000076 ], [ 6.238775, 49.609657499000036 ], [ 6.233043828000064, 49.603946552000082 ], [ 6.216152362000059, 49.602767517000075 ], [ 6.209874, 49.59960649900006 ] ] ] ] } },
{ "type": "Feature", "properties": { "GISCO_ID": "LU_0307", "CNTR_CODE": "LU", "LAU_ID": "0307", "LAU_NAME": "Schuttrange", "cell_coverage": [ [ 0.0392, 0.4132, 0.1063 ], [ 0.1201, 0.4358, 0.0287 ] ], "xmin": 6.2083333333333321, "xmax": 6.3333333333333321, "ymin": 49.583333333333321, "ymax": 49.666666666666657 }, "geometry": { "type": "MultiPolygon", "coordinates": [ [ [ [ 6.303172500000073, 49.636636499000076 ], [ 6.309686500000055, 49.628383499000051 ], [ 6.304466, 49.626051499000027 ], [ 6.276063500000021, 49.604339999000047 ], [ 6.254620343000056, 49.604857195000079 ], [ 6.238775, 49.609657499000036 ], [ 6.239145393000058, 49.619993312000076 ], [ 6.231572, 49.624284999000054 ], [ 6.240985263000027, 49.627555670000049 ], [ 6.252461467000046, 49.637637607000045 ], [ 6.28955250000007, 49.647279999000034 ], [ 6.293021666000072, 49.638458376000074 ], [ 6.303172500000073, 49.636636499000076 ] ] ] ] } },
{ "type": "Feature", "properties": { "GISCO_ID": "LU_0308", "CNTR_CODE": "LU", "LAU_ID": "0308", "LAU_NAME": "Steinsel", "cell_coverage": [ [ 0.0002, 0.454, 0.4158, 0.3967, 0.0187 ], [ 0, 0.1099, 0.092, 0.092, 0 ] ], "xmin": 6.0416666666666643, "xmax": 6.25, "ymin": 49.625, "ymax": 49.708333333333321 }, "geometry": { "type": "MultiPolygon", "coordinates": [ [ [ [ 6.104185, 49.656551499000045 ], [ 6.094198829000049, 49.67033294600003 ], [ 6.082692, 49.675710499000047 ], [ 6.090145500000062, 49.685332499000026 ], [ 6.12465820500006, 49.691735842000071 ], [ 6.132022953000046, 49.689515416000063 ], [ 6.135215980000055, 49.683372513000052 ], [ 6.14669845800006, 49.681656374000056 ], [ 6.169031, 49.685951499000055 ], [ 6.171010774000024, 49.685744654000075 ], [ 6.194290254000066, 49.683312440000066 ], [ 6.198152291000042, 49.68788573300003 ], [ 6.209757073000048, 49.688815036000051 ], [ 6.214805500000068, 49.684957499000063 ], [ 6.19587060200007, 49.669246861000033 ], [ 6.174623513000029, 49.658777611000062 ], [ 6.171010774000024, 49.654913075000081 ], [ 6.166217354000025, 49.649785569000073 ], [ 6.165210500000057, 49.644734499000037 ], [ 6.156187084000067, 49.644019034000053 ], [ 6.159718, 49.654867999000032 ], [ 6.162916333000055, 49.659295720000046 ], [ 6.156801382000026, 49.668886679000082 ], [ 6.144280719000051, 49.666293950000068 ], [ 6.130134863000023, 49.668844319000073 ], [ 6.123138742000037, 49.661396016000026 ], [ 6.104185, 49.656551499000045 ] ] ] ] } },
{ "type": "Feature", "properties": { "GISCO_ID": "LU_0309", "CNTR_CODE": "LU", "LAU_ID": "0309", "LAU_NAME": "Strassen", "cell_coverage": [ [ 0.4321, 0.0051 ], [ 0.2086, 0.1071 ] ], "xmin": 6.0416666666666643, "xmax": 6.125, "ymin": 49.583333333333321, "ymax": 49.666666666666657 }, "geometry": { "type": "MultiPolygon", "coordinates": [ [ [ [ 6.045891500000039, 49.628531999000074 ], [ 6.047689840000032, 49.640949714000044 ], [ 6.06062, 49.653136499000027 ], [ 6.067921500000068, 49.657598499000073 ], [ 6.074777804000064, 49.655393808000042 ], [ 6.078370500000062, 49.646839999000065 ], [ 6.070302291000075, 49.633523475000061 ], [ 6.07086268300003, 49.629569038000056 ], [ 6.100248667000074, 49.623374245000036 ], [ 6.095512918000054, 49.616122482000037 ], [ 6.082353, 49.605604499000037 ], [ 6.07731855000003, 49.610699930000067 ], [ 6.062933348000058, 49.613799805000042 ], [ 6.061883837000039, 49.618023944000072 ], [ 6.055213137000067, 49.618351489000077 ], [ 6.045891500000039, 49.628531999000074 ] ] ] ] } },
{ "type": "Feature", "properties": { "GISCO_ID": "LU_0310", "CNTR_CODE": "LU", "LAU_ID": "0310", "LAU_NAME": "Walferdange", "cell_coverage": [ [ 0, 0.0166 ], [ 0.1401, 0.3238 ] ], "xmin": 6.0833333333333321, "xmax": 6.1666666666666652, "ymin": 49.625, "ymax": 49.708333333333321 }, "geometry": { "type": "MultiPolygon", "coordinates": [ [ [ [ 6.101164500000039, 49.64627099900008 ], [ 6.099141043000031, 49.651107456000034 ], [ 6.104185, 49.656551499000045 ], [ 6.123138742000037, 49.661396016000026 ], [ 6.130134863000023, 49.668844319000073 ], [ 6.144280719000051, 49.666293950000068 ], [ 6.156801382000026, 49.668886679000082 ], [ 6.162916333000055, 49.659295720000046 ], [ 6.159718, 49.654867999000032 ], [ 6.150953772000037, 49.650226024000062 ], [ 6.114582194000036, 49.649781637000046 ], [ 6.101164500000039, 49.64627099900008 ] ] ] ] } },
{ "type": "Feature", "properties": { "GISCO_ID": "LU_0311", "CNTR_CODE": "LU", "LAU_ID": "0311", "LAU_NAME": "Weiler-la-Tour", "cell_coverage": [ [ 0, 0.391, 0.3685 ], [ 0.0446, 0.3719, 0.0624 ] ], "xmin": 6.125, "xmax": 6.25, "ymin": 49.5, "ymax": 49.583333333333321 }, "geometry": { "type": "MultiPolygon", "coordinates": [ [ [ [ 6.231235, 49.570043499000064 ], [ 6.232291254000074, 49.555007692000061 ], [ 6.220342455000036, 49.554557685000077 ], [ 6.228458466000063, 49.543198284000027 ], [ 6.228780500000028, 49.538539999000079 ], [ 6.217944745000068, 49.538343631000032 ], [ 6.212921048000055, 49.533116254000049 ], [ 6.19877741800002, 49.526823316000048 ], [ 6.178206924000051, 49.525043301000039 ], [ 6.169694179000032, 49.517968895000081 ], [ 6.155483500000059, 49.521108999000035 ], [ 6.161869934000038, 49.524011950000045 ], [ 6.160240664000071, 49.529196689000059 ], [ 6.171010774000024, 49.535136084000044 ], [ 6.172323729000027, 49.536788802000046 ], [ 6.173141, 49.549854999000047 ], [ 6.183382367000036, 49.550536313000066 ], [ 6.182473154000036, 49.559533454000075 ], [ 6.194664829000033, 49.559962025000061 ], [ 6.201874773000043, 49.568328640000061 ], [ 6.202856500000053, 49.575453999000047 ], [ 6.206969799000035, 49.576896753000028 ], [ 6.212383053000053, 49.572830011000065 ], [ 6.222170082000048, 49.573744297000076 ], [ 6.231235, 49.570043499000064 ] ] ] ] } },
{ "type": "Feature", "properties": { "GISCO_ID": "LU_0401", "CNTR_CODE": "LU", "LAU_ID": "0401", "LAU_NAME": "Colmar-Berg", "cell_coverage": [ [ 0.0025, 0.4808, 0.3896 ], [ 0, 0, 0.0094 ] ], "xmin": 6.0, "xmax": 6.125, "ymin": 49.75, "ymax": 49.833333333333321 }, "geometry": { "type": "MultiPolygon", "coordinates": [ [ [ [ 6.04034850000005, 49.826087999000038 ], [ 6.04155350000002, 49.826474999000027 ], [ 6.048960202000046, 49.825416023000059 ], [ 6.062057073000062, 49.83090921400003 ], [ 6.072496500000057, 49.830002999000044 ], [ 6.074409975000037, 49.825286969000047 ], [ 6.092104514000027, 49.822144567000066 ], [ 6.096440636000068, 49.815715008000041 ], [ 6.10532986000004, 49.81406602800007 ], [ 6.10933650000004, 49.810379999000077 ], [ 6.115094275000047, 49.801114555000026 ], [ 6.106082314000048, 49.792789780000078 ], [ 6.10747, 49.791271499000061 ], [ 6.101682500000038, 49.788982999000041 ], [ 6.084209801000043, 49.79734849700003 ], [ 6.063626236000061, 49.801369442000066 ], [ 6.062136648000035, 49.81090748400004 ], [ 6.047455925000065, 49.816679429000033 ], [ 6.04076550000002, 49.822820999000044 ], [ 6.04034850000005, 49.826087999000038 ] ] ] ] } },
{ "type": "Feature", "properties": { "GISCO_ID": "LU_0402", "CNTR_CODE": "LU", "LAU_ID": "0402", "LAU_NAME": "Bissen", "cell_coverage": [ [ 0.237, 0.3801, 0.0223 ], [ 0.1834, 0.5495, 0.1233 ] ], "xmin": 6.0, "xmax": 6.125, "ymin": 49.75, "ymax": 49.833333333333321 }, "geometry": { "type": "MultiPolygon", "coordinates": [ [ [ [ 6.044323500000075, 49.763960499000063 ], [ 6.038172164000059, 49.766729076000047 ], [ 6.03921301400004, 49.77400864100008 ], [ 6.034753443000056, 49.780677457000081 ], [ 6.024163603000034, 49.781501411000079 ], [ 6.01360950000003, 49.786968999000067 ], [ 6.016315861000066, 49.795349043000044 ], [ 6.034527637000053, 49.803855690000034 ], [ 6.028982848000055, 49.812935468000035 ], [ 6.03310790300003, 49.819942496000067 ], [ 6.04076550000002, 49.822820999000044 ], [ 6.047455925000065, 49.816679429000033 ], [ 6.062136648000035, 49.81090748400004 ], [ 6.063626236000061, 49.801369442000066 ], [ 6.084209801000043, 49.79734849700003 ], [ 6.101682500000038, 49.788982999000041 ], [ 6.097211499000025, 49.785129719000054 ], [ 6.096223854000073, 49.778946033000068 ], [ 6.08231956000003, 49.774346880000053 ], [ 6.076671523000073, 49.768360887000028 ], [ 6.060791821000066, 49.770855629000039 ], [ 6.044323500000075, 49.763960499000063 ] ] ] ] } },
{ "type": "Feature", "properties": { "GISCO_ID": "LU_0403", "CNTR_CODE": "LU", "LAU_ID": "0403", "LAU_NAME": "Helperknapp", "cell_coverage": [ [ 0.064, 0.7716, 0.0086 ], [ 0.0603, 0.9478, 0.3641 ], [ 0, 0.3087, 0.1936 ] ], "xmin": 5.9583333333333321, "xmax": 6.0833333333333321, "ymin": 49.666666666666657, "ymax": 49.791666666666657 }, "geometry": { "type": "MultiPolygon", "coordinates": [ [ [ [ 6.005355500000064, 49.787122999000076 ], [ 6.010352524000041, 49.787029766000046 ], [ 6.01360950000003, 49.786968999000067 ], [ 6.024163603000034, 49.781501411000079 ], [ 6.034753443000056, 49.780677457000081 ], [ 6.03921301400004, 49.77400864100008 ], [ 6.038172164000059, 49.766729076000047 ], [ 6.044323500000075, 49.763960499000063 ], [ 6.041312667000057, 49.760877479000044 ], [ 6.043597479000027, 49.752003706000039 ], [ 6.038005553000062, 49.743677043000048 ], [ 6.041528904000074, 49.735234393000042 ], [ 6.054531465000025, 49.727691572000026 ], [ 6.05881120600003, 49.722078724000028 ], [ 6.067327976000058, 49.723979271000076 ], [ 6.080917692000071, 49.71485483500004 ], [ 6.07202, 49.69882749900006 ], [ 6.067861191000077, 49.702791748000038 ], [ 6.062733542000046, 49.703099231000067 ], [ 6.057348107000053, 49.697627788000034 ], [ 6.047634623000022, 49.694073235000076 ], [ 6.039662858000042, 49.692789625000046 ], [ 6.022536, 49.695870999000078 ], [ 6.01033198500005, 49.69502800600003 ], [ 6.000067430000058, 49.698232191000045 ], [ 6.002289286000064, 49.705282216000057 ], [ 5.998616406000053, 49.712059905000046 ], [ 5.999495500000023, 49.720873999000048 ], [ 6.004288311000039, 49.725760499000046 ], [ 6.004465737000032, 49.736506521000081 ], [ 5.997487561000071, 49.74196190400005 ], [ 5.988430624000046, 49.742217882000034 ], [ 5.98837450000002, 49.752174999000033 ], [ 5.998841450000043, 49.761913557000071 ], [ 5.997417148000068, 49.769246348000081 ], [ 6.000729905000071, 49.775156113000037 ], [ 5.998629874000073, 49.782288036000068 ], [ 6.005355500000064, 49.787122999000076 ] ] ] ] } },
{ "type": "Feature", "properties": { "GISCO_ID": "LU_0404", "CNTR_CODE": "LU", "LAU_ID": "0404", "LAU_NAME": "Fischbach", "cell_coverage": [ [ 0.2316, 0.292, 0.0843 ], [ 0.0315, 0.579, 0.1622 ] ], "xmin": 6.125, "xmax": 6.25, "ymin": 49.708333333333321, "ymax": 49.791666666666657 }, "geometry": { "type": "MultiPolygon", "coordinates": [ [ [ [ 6.227583500000037, 49.74972199900003 ], [ 6.218018099000062, 49.732258211000044 ], [ 6.204907439000067, 49.725659637000035 ], [ 6.201338728000053, 49.720906787000047 ], [ 6.184893, 49.714582999000072 ], [ 6.176045, 49.72243749900008 ], [ 6.183216731000073, 49.730300283000076 ], [ 6.171010774000024, 49.743255943000065 ], [ 6.157051, 49.744584499000041 ], [ 6.158073241000068, 49.752610133000076 ], [ 6.14733958000005, 49.749795808000044 ], [ 6.142885644000046, 49.753462192000029 ], [ 6.153394761000072, 49.768513144000053 ], [ 6.152276500000028, 49.771077999000056 ], [ 6.156861500000048, 49.77210799900007 ], [ 6.159223, 49.773397999000053 ], [ 6.166637359000049, 49.773851082000078 ], [ 6.171010774000024, 49.768444632000069 ], [ 6.175781818000075, 49.762546629000042 ], [ 6.182519318000061, 49.760088831000076 ], [ 6.199549755000021, 49.761017903000038 ], [ 6.211739428000044, 49.757373111000049 ], [ 6.221932, 49.759733499000049 ], [ 6.226854457000059, 49.757889430000034 ], [ 6.223725542000068, 49.754862651000053 ], [ 6.227583500000037, 49.74972199900003 ] ] ] ] } },
{ "type": "Feature", "properties": { "GISCO_ID": "LU_0405", "CNTR_CODE": "LU", "LAU_ID": "0405", "LAU_NAME": "Heffingen", "cell_coverage": [ [ 0, 0 ], [ 0.5437, 0.3503 ], [ 0.0245, 0.0441 ] ], "xmin": 6.2083333333333321, "xmax": 6.2916666666666652, "ymin": 49.708333333333321, "ymax": 49.833333333333321 }, "geometry": { "type": "MultiPolygon", "coordinates": [ [ [ [ 6.227583500000037, 49.74972199900003 ], [ 6.223725542000068, 49.754862651000053 ], [ 6.226854457000059, 49.757889430000034 ], [ 6.221932, 49.759733499000049 ], [ 6.228625107000028, 49.767156359000069 ], [ 6.221464089000051, 49.77722213800007 ], [ 6.224613559000034, 49.785512088000075 ], [ 6.235577500000034, 49.791840999000044 ], [ 6.238525605000063, 49.786658747000047 ], [ 6.244957683000052, 49.788053285000046 ], [ 6.248574, 49.785378499000046 ], [ 6.244682637000039, 49.781453461000069 ], [ 6.260296370000049, 49.777331978000063 ], [ 6.266555654000058, 49.77067702100004 ], [ 6.275967432000073, 49.768002694000074 ], [ 6.279024, 49.762537999000074 ], [ 6.265658500000029, 49.746672999000054 ], [ 6.264930500000048, 49.744322499000077 ], [ 6.227583500000037, 49.74972199900003 ] ] ] ] } },
{ "type": "Feature", "properties": { "GISCO_ID": "LU_0406", "CNTR_CODE": "LU", "LAU_ID": "0406", "LAU_NAME": "Larochette", "cell_coverage": [ [ 0, 0.0904, 0.0292 ], [ 0.026, 0.628, 0.3261 ] ], "xmin": 6.125, "xmax": 6.25, "ymin": 49.75, "ymax": 49.833333333333321 }, "geometry": { "type": "MultiPolygon", "coordinates": [ [ [ [ 6.235577500000034, 49.791840999000044 ], [ 6.224613559000034, 49.785512088000075 ], [ 6.221464089000051, 49.77722213800007 ], [ 6.228625107000028, 49.767156359000069 ], [ 6.221932, 49.759733499000049 ], [ 6.211739428000044, 49.757373111000049 ], [ 6.199549755000021, 49.761017903000038 ], [ 6.182519318000061, 49.760088831000076 ], [ 6.175781818000075, 49.762546629000042 ], [ 6.171010774000024, 49.768444632000069 ], [ 6.166637359000049, 49.773851082000078 ], [ 6.159223, 49.773397999000053 ], [ 6.161903935000055, 49.780600563000064 ], [ 6.171010774000024, 49.782890572000042 ], [ 6.184000645000026, 49.786157010000068 ], [ 6.188503082000068, 49.798342534000028 ], [ 6.196732, 49.801795499000036 ], [ 6.215961686000071, 49.790959393000037 ], [ 6.229873499000064, 49.796051811000041 ], [ 6.235577500000034, 49.791840999000044 ] ] ] ] } },
{ "type": "Feature", "properties": { "GISCO_ID": "LU_0407", "CNTR_CODE": "LU", "LAU_ID": "0407", "LAU_NAME": "Lintgen", "cell_coverage": [ [ 0.3055, 0.5904, 0.1425 ], [ 0.0352, 0.0019, 0 ] ], "xmin": 6.0833333333333321, "xmax": 6.2083333333333321, "ymin": 49.66666666666665, "ymax": 49.75 }, "geometry": { "type": "MultiPolygon", "coordinates": [ [ [ [ 6.176045, 49.72243749900008 ], [ 6.171010774000024, 49.721445440000082 ], [ 6.167955311000071, 49.720843322000064 ], [ 6.160588792000055, 49.714914025000041 ], [ 6.139483324000025, 49.712677960000065 ], [ 6.120266361000063, 49.704692597000076 ], [ 6.104972, 49.705620999000075 ], [ 6.104869360000066, 49.71703261600004 ], [ 6.100245556000061, 49.722428395000065 ], [ 6.105404766000049, 49.731814937000081 ], [ 6.103977612000051, 49.738589922000074 ], [ 6.11136381700004, 49.737787727000068 ], [ 6.12058329000007, 49.726721873000031 ], [ 6.129674630000068, 49.72904145900003 ], [ 6.157051, 49.744584499000041 ], [ 6.171010774000024, 49.743255943000065 ], [ 6.183216731000073, 49.730300283000076 ], [ 6.176045, 49.72243749900008 ] ] ] ] } },
{ "type": "Feature", "properties": { "GISCO_ID": "LU_0408", "CNTR_CODE": "LU", "LAU_ID": "0408", "LAU_NAME": "Lorentzweiler", "cell_coverage": [ [ 0, 0.1111, 0.1259 ], [ 0.2956, 0.5657, 0.1849 ] ], "xmin": 6.0833333333333321, "xmax": 6.2083333333333321, "ymin": 49.66666666666665, "ymax": 49.75 }, "geometry": { "type": "MultiPolygon", "coordinates": [ [ [ [ 6.090145500000062, 49.685332499000026 ], [ 6.090855, 49.693061999000065 ], [ 6.094784442000048, 49.700217415000054 ], [ 6.104972, 49.705620999000075 ], [ 6.120266361000063, 49.704692597000076 ], [ 6.139483324000025, 49.712677960000065 ], [ 6.160588792000055, 49.714914025000041 ], [ 6.167955311000071, 49.720843322000064 ], [ 6.171010774000024, 49.721445440000082 ], [ 6.176045, 49.72243749900008 ], [ 6.184893, 49.714582999000072 ], [ 6.186953015000029, 49.70706380300004 ], [ 6.180340676000071, 49.696382464000067 ], [ 6.181700693000039, 49.692338079000081 ], [ 6.171010774000024, 49.686949470000059 ], [ 6.169031, 49.685951499000055 ], [ 6.14669845800006, 49.681656374000056 ], [ 6.135215980000055, 49.683372513000052 ], [ 6.132022953000046, 49.689515416000063 ], [ 6.12465820500006, 49.691735842000071 ], [ 6.090145500000062, 49.685332499000026 ] ] ] ] } },
{ "type": "Feature", "properties": { "GISCO_ID": "LU_0409", "CNTR_CODE": "LU", "LAU_ID": "0409", "LAU_NAME": "Mersch", "cell_coverage": [ [ 0.0002, 0.4419, 0.8483, 0.4778 ], [ 0.015, 0.6359, 0.6945, 0.267 ], [ 0, 0.065, 0.1068, 0 ] ], "xmin": 6.0, "xmax": 6.166666666666667, "ymin": 49.666666666666657, "ymax": 49.791666666666657 }, "geometry": { "type": "MultiPolygon", "coordinates": [ [ [ [ 6.101682500000038, 49.788982999000041 ], [ 6.10747, 49.791271499000061 ], [ 6.123994977000052, 49.78846322000004 ], [ 6.133404213000063, 49.789735374000031 ], [ 6.152276500000028, 49.771077999000056 ], [ 6.153394761000072, 49.768513144000053 ], [ 6.142885644000046, 49.753462192000029 ], [ 6.14733958000005, 49.749795808000044 ], [ 6.158073241000068, 49.752610133000076 ], [ 6.157051, 49.744584499000041 ], [ 6.129674630000068, 49.72904145900003 ], [ 6.12058329000007, 49.726721873000031 ], [ 6.11136381700004, 49.737787727000068 ], [ 6.103977612000051, 49.738589922000074 ], [ 6.105404766000049, 49.731814937000081 ], [ 6.100245556000061, 49.722428395000065 ], [ 6.104869360000066, 49.71703261600004 ], [ 6.104972, 49.705620999000075 ], [ 6.094784442000048, 49.700217415000054 ], [ 6.090855, 49.693061999000065 ], [ 6.089148640000076, 49.698326870000074 ], [ 6.076086715000031, 49.694782448000069 ], [ 6.07202, 49.69882749900006 ], [ 6.080917692000071, 49.71485483500004 ], [ 6.067327976000058, 49.723979271000076 ], [ 6.05881120600003, 49.722078724000028 ], [ 6.054531465000025, 49.727691572000026 ], [ 6.041528904000074, 49.735234393000042 ], [ 6.038005553000062, 49.743677043000048 ], [ 6.043597479000027, 49.752003706000039 ], [ 6.041312667000057, 49.760877479000044 ], [ 6.044323500000075, 49.763960499000063 ], [ 6.060791821000066, 49.770855629000039 ], [ 6.076671523000073, 49.768360887000028 ], [ 6.08231956000003, 49.774346880000053 ], [ 6.096223854000073, 49.778946033000068 ], [ 6.097211499000025, 49.785129719000054 ], [ 6.101682500000038, 49.788982999000041 ] ] ] ] } },
{ "type": "Feature", "properties": { "GISCO_ID": "LU_0410", "CNTR_CODE": "LU", "LAU_ID": "0410", "LAU_NAME": "Nommern", "cell_coverage": [ [ 0.181, 0.7249, 0.412 ], [ 0.019, 0.2646, 0.08 ] ], "xmin": 6.0833333333333321, "xmax": 6.2083333333333321, "ymin": 49.75, "ymax": 49.833333333333321 }, "geometry": { "type": "MultiPolygon", "coordinates": [ [ [ [ 6.10747, 49.791271499000061 ], [ 6.106082314000048, 49.792789780000078 ], [ 6.115094275000047, 49.801114555000026 ], [ 6.10933650000004, 49.810379999000077 ], [ 6.145716, 49.826737999000045 ], [ 6.152554316000021, 49.818950937000068 ], [ 6.162956586000064, 49.822334037000076 ], [ 6.171010774000024, 49.822351027000082 ], [ 6.187407266000037, 49.822385616000076 ], [ 6.190859350000039, 49.812509549000026 ], [ 6.189667491000023, 49.806527370000026 ], [ 6.196732, 49.801795499000036 ], [ 6.188503082000068, 49.798342534000028 ], [ 6.184000645000026, 49.786157010000068 ], [ 6.171010774000024, 49.782890572000042 ], [ 6.161903935000055, 49.780600563000064 ], [ 6.159223, 49.773397999000053 ], [ 6.156861500000048, 49.77210799900007 ], [ 6.152276500000028, 49.771077999000056 ], [ 6.133404213000063, 49.789735374000031 ], [ 6.123994977000052, 49.78846322000004 ], [ 6.10747, 49.791271499000061 ] ] ] ] } },
{ "type": "Feature", "properties": { "GISCO_ID": "LU_0501", "CNTR_CODE": "LU", "LAU_ID": "0501", "LAU_NAME": "Clervaux", "cell_coverage": [ [ 0, 0, 0, 0, 0.1319, 0.0422 ], [ 0, 0, 0.0934, 0.51, 0.9608, 0.1075 ], [ 0, 0.3342, 0.8152, 0.9816, 0.6901, 0.0061 ], [ 4.6187e-06, 0.4524, 0.8959, 0.1741, 0, 0 ], [ 0, 0, 9.1569e-07, 0, 0, 0 ] ], "xmin": 5.9166666666666643, "xmax": 6.1666666666666643, "ymin": 49.958333333333321, "ymax": 50.166666666666657 }, "geometry": { "type": "MultiPolygon", "coordinates": [ [ [ [ 6.128407, 50.117184999000074 ], [ 6.129801503000067, 50.114536045000079 ], [ 6.134326282000075, 50.112931890000027 ], [ 6.131332061000023, 50.108025661000056 ], [ 6.134661680000022, 50.10354191700003 ], [ 6.127445428000044, 50.102166864000026 ], [ 6.12582872400003, 50.100360631000058 ], [ 6.132035174000066, 50.093239973000038 ], [ 6.121198648000075, 50.092309804000081 ], [ 6.119697193000036, 50.088197379000064 ], [ 6.121802631000037, 50.081642907000059 ], [ 6.11697627500007, 50.07480342000008 ], [ 6.120290684000054, 50.072733557000049 ], [ 6.125226536000071, 50.076485224000066 ], [ 6.128591413000038, 50.073155725000049 ], [ 6.122014505000038, 50.068788838000046 ], [ 6.120096035000074, 50.06508960900004 ], [ 6.113851500000067, 50.064161499000079 ], [ 6.113301209000042, 50.05934424600008 ], [ 6.116835500000036, 50.056710999000074 ], [ 6.098069294000027, 50.047246751000046 ], [ 6.071586258000025, 50.043416895000064 ], [ 6.059673277000059, 50.030727207000041 ], [ 6.05413397600006, 50.033499120000045 ], [ 6.04748144000007, 50.022434195000073 ], [ 6.037023884000064, 50.016039421000073 ], [ 6.041130732000056, 50.011353737000036 ], [ 6.038447204000022, 50.00842625000007 ], [ 6.040102, 50.005537999000069 ], [ 6.03243180000004, 50.00051067000004 ], [ 6.021218499000042, 49.999988590000044 ], [ 6.010571552000044, 50.003604948000032 ], [ 6.003937245000031, 50.011163974000056 ], [ 5.983588775000044, 50.018544429000031 ], [ 5.976588, 50.017940499000076 ], [ 5.977037983000059, 50.022425404000046 ], [ 5.970802737000042, 50.02663777600003 ], [ 5.971510289000037, 50.031588554000052 ], [ 5.966191500000036, 50.031972499000062 ], [ 5.961723212000038, 50.03399255100004 ], [ 5.958248593000064, 50.040984308000077 ], [ 5.968609512000057, 50.043274716000042 ], [ 5.977162632000045, 50.054722258000027 ], [ 5.981747380000058, 50.054764919000036 ], [ 5.986614393000025, 50.066719460000058 ], [ 6.006964083000071, 50.072073239000076 ], [ 6.010352524000041, 50.071337770000071 ], [ 6.020866322000074, 50.069055726000045 ], [ 6.025398090000067, 50.078419340000039 ], [ 6.030740471000058, 50.082593545000066 ], [ 6.026932, 50.094337999000061 ], [ 6.055959638000047, 50.099583833000054 ], [ 6.074727236000058, 50.109810856000081 ], [ 6.08275334700005, 50.119115683000075 ], [ 6.112317500000074, 50.136119999000073 ], [ 6.137662500000033, 50.129951499000072 ], [ 6.128407, 50.117184999000074 ] ], [ [ 6.056003215000032, 50.03762370000004 ], [ 6.059830403000035, 50.035192520000066 ], [ 6.064238616000068, 50.038367909000044 ], [ 6.060552235000046, 50.040157149000038 ], [ 6.056003215000032, 50.03762370000004 ] ] ] ] } },
{ "type": "Feature", "properties": { "GISCO_ID": "LU_0502", "CNTR_CODE": "LU", "LAU_ID": "0502", "LAU_NAME": "Wincrange", "cell_coverage": [ [ 0, 0, 0, 0.0367, 0, 0 ], [ 0, 0, 0.4908, 0.9748, 0.6787, 0.2676 ], [ 0, 0.2473, 0.9642, 1, 0.6658, 0.1848 ], [ 0.0931, 0.7033, 0.9961, 0.5075, 0.0232, 0 ], [ 0.0244, 0.213, 0.1109, 0, 0, 0 ] ], "xmin": 5.7916666666666643, "xmax": 6.0416666666666643, "ymin": 49.958333333333321, "ymax": 50.166666666666657 }, "geometry": { "type": "MultiPolygon", "coordinates": [ [ [ [ 5.95415550000007, 50.130198499000073 ], [ 5.956060270000023, 50.118065405000038 ], [ 5.963370441000052, 50.108628427000042 ], [ 5.984619015000021, 50.114151203000063 ], [ 6.009853, 50.10654899900004 ], [ 6.006820137000034, 50.102211198000077 ], [ 6.008176334000041, 50.098183726000059 ], [ 6.010352524000041, 50.097737512000037 ], [ 6.026932, 50.094337999000061 ], [ 6.030740471000058, 50.082593545000066 ], [ 6.025398090000067, 50.078419340000039 ], [ 6.020866322000074, 50.069055726000045 ], [ 6.010352524000041, 50.071337770000071 ], [ 6.006964083000071, 50.072073239000076 ], [ 5.986614393000025, 50.066719460000058 ], [ 5.981747380000058, 50.054764919000036 ], [ 5.977162632000045, 50.054722258000027 ], [ 5.968609512000057, 50.043274716000042 ], [ 5.958248593000064, 50.040984308000077 ], [ 5.961723212000038, 50.03399255100004 ], [ 5.966191500000036, 50.031972499000062 ], [ 5.958466723000072, 50.027880957000036 ], [ 5.945183564000047, 50.025994363000052 ], [ 5.935998496000025, 50.019987631000049 ], [ 5.933496578000074, 50.021494399000062 ], [ 5.92860526100003, 50.024440171000037 ], [ 5.924534032000054, 50.014852636000057 ], [ 5.927272522000067, 50.009324227000036 ], [ 5.921574834000069, 50.008182482000052 ], [ 5.908279500000049, 49.995667499000035 ], [ 5.889700105000031, 49.992336913000031 ], [ 5.870957446000034, 49.99953067000007 ], [ 5.869031957000061, 49.99019054300004 ], [ 5.84023250000007, 49.989372499000069 ], [ 5.823606536000057, 49.998276569000041 ], [ 5.820668645000069, 50.011612936000063 ], [ 5.849532909000061, 50.02218111500008 ], [ 5.858145690000072, 50.029858343000058 ], [ 5.858927811000058, 50.037151793000078 ], [ 5.868489252000074, 50.046642998000038 ], [ 5.857112919000031, 50.05678234700008 ], [ 5.856644, 50.061632999000039 ], [ 5.859712406000028, 50.067786468000065 ], [ 5.869031957000061, 50.073696208000058 ], [ 5.886553319000029, 50.080063 ], [ 5.88681755600004, 50.090737929000056 ], [ 5.89428056600002, 50.10173410200008 ], [ 5.895269, 50.112216499000056 ], [ 5.913025878000042, 50.121181423000053 ], [ 5.933496578000074, 50.125669328000072 ], [ 5.95415550000007, 50.130198499000073 ] ] ] ] } }
]
}
