{
"type": "FeatureCollection",
"name": "LV",
"crs": { "type": "name", "properties": { "name": "urn:ogc:def:crs:OGC:1.3:CRS84" } },
"features": [
{ "type": "Feature", "properties": { "GISCO_ID": "LV_0010000", "CNTR_CODE": "LV", "LAU_ID": "0010000", "LAU_NAME": "Rīga", "cell_coverage": [ [ 0, 0, 0, 0, 0.0085, 0, 0, 0, 0, 0 ], [ 0, 0, 0.4089, 0.7144, 0.9271, 0.5515, 0.1649, 0, 0, 0 ], [ 0.193, 0.6861, 0.9996, 1, 1, 1, 0.8757, 0.3554, 0.1578, 0 ], [ 0.062, 0.3481, 0.9506, 1, 1, 1, 1, 1, 0.9623, 0.352 ], [ 0.0316, 0.5853, 0.7571, 0.9972, 1, 1, 1, 0.765, 0.0999, 0.0021 ], [ 0, 0, 0, 0.2889, 0.7016, 0.3441, 0.4874, 0.703, 0.0225, 0 ], [ 0, 0, 0, 0, 0, 0, 0, 0.0723, 0.1795, 0 ] ], "xmin": 23.916666666666664, "xmax": 24.333333333333332, "ymin": 56.833333333333321, "ymax": 57.125 }, "geometry": { "type": "MultiPolygon", "coordinates": [ [ [ [ 24.119202500000029, 57.08628999900003 ], [ 24.11914807200003, 57.07998979000007 ], [ 24.128015012000049, 57.075956485000063 ], [ 24.136089753000078, 57.076100996000037 ], [ 24.143079914000054, 57.063503344000083 ], [ 24.149855389000038, 57.061573515000077 ], [ 24.15305550000005, 57.05561749900005 ], [ 24.186825096000064, 57.052859516000069 ], [ 24.190243047000024, 57.045499121000034 ], [ 24.197912361000078, 57.042670485000031 ], [ 24.195040212000038, 57.032728182000028 ], [ 24.197643825000057, 57.026543436000054 ], [ 24.213269601000036, 57.017165138000053 ], [ 24.263905858000044, 57.009242044000075 ], [ 24.274879616000078, 57.008426057000065 ], [ 24.279572803000065, 57.004588728000044 ], [ 24.282169041000031, 56.995137458000045 ], [ 24.304772789000026, 56.987112685000056 ], [ 24.306392943000048, 56.979659844000082 ], [ 24.313660933000051, 56.977426341000069 ], [ 24.324504, 56.968374499000049 ], [ 24.289054609000061, 56.955786622000062 ], [ 24.271334177000028, 56.957194936000064 ], [ 24.268819353000026, 56.950925661000042 ], [ 24.263905858000044, 56.949058726000032 ], [ 24.254270077000058, 56.954924302000052 ], [ 24.234852491000026, 56.938036856000053 ], [ 24.236548920000075, 56.913050368000029 ], [ 24.229214588000048, 56.896685030000071 ], [ 24.247264729000051, 56.886496831000045 ], [ 24.246982495000054, 56.882019610000043 ], [ 24.263905858000044, 56.874859960000038 ], [ 24.274851500000068, 56.870241999000029 ], [ 24.280019337000056, 56.862473178000073 ], [ 24.260215187000028, 56.861110273000065 ], [ 24.207272, 56.88177599900007 ], [ 24.183450665000066, 56.901125666000041 ], [ 24.170186168000043, 56.906341550000036 ], [ 24.154014333000077, 56.905186926000056 ], [ 24.14883879000007, 56.909576304000041 ], [ 24.146233477000067, 56.908029463000048 ], [ 24.145048627000051, 56.896131384000057 ], [ 24.135244700000044, 56.899041502000046 ], [ 24.124312714000041, 56.898128537000048 ], [ 24.102050913000028, 56.891991972000028 ], [ 24.104883, 56.880475499000056 ], [ 24.069077500000049, 56.875766999000064 ], [ 24.07071650000006, 56.879036499000051 ], [ 24.075242865000064, 56.895038898000053 ], [ 24.081001139000023, 56.904199946000062 ], [ 24.075591810000049, 56.908852811000031 ], [ 24.046552242000075, 56.912835616000052 ], [ 24.037953566000056, 56.926518348000059 ], [ 23.996435254000062, 56.927794471000027 ], [ 23.978242485000067, 56.935174859000028 ], [ 23.96664574600004, 56.933986792000042 ], [ 23.956202500000074, 56.938107499000068 ], [ 23.949313063000034, 56.943895166000061 ], [ 23.963138983000078, 56.951258323000047 ], [ 23.964525901000059, 56.958045178000077 ], [ 23.994212675000028, 56.96342951400004 ], [ 24.007921128000078, 56.971235401000058 ], [ 23.998744738000028, 56.978881663000038 ], [ 24.007721160000074, 56.983594315000062 ], [ 24.006782725000051, 56.986884209000038 ], [ 23.989108405000025, 56.98858352700006 ], [ 23.970957, 56.986471999000059 ], [ 23.948168918000079, 56.996354936000046 ], [ 23.935053105000065, 56.996354988000064 ], [ 23.934532500000046, 57.00637049900007 ], [ 23.940695882000057, 57.012396334000073 ], [ 23.978660541000067, 57.026960084000052 ], [ 24.003778509000028, 57.043185878000031 ], [ 24.019667893000076, 57.05738672800004 ], [ 24.019126123000035, 57.060591165000062 ], [ 24.011493816000041, 57.065074984000034 ], [ 24.013431706000063, 57.067444742000077 ], [ 24.031098601000053, 57.065148395000051 ], [ 24.082726681000054, 57.07548108900005 ], [ 24.119202500000029, 57.08628999900003 ] ] ] ] } },
{ "type": "Feature", "properties": { "GISCO_ID": "LV_0050000", "CNTR_CODE": "LV", "LAU_ID": "0050000", "LAU_NAME": "Daugavpils", "cell_coverage": [ [ 0.0472, 0.0882, 0, 0.3068, 0.3963, 0 ], [ 0.1146, 0.7859, 0.8128, 0.9873, 0.66, 0 ], [ 0, 0.3203, 0.6785, 0.455, 0.2904, 0.0066 ] ], "xmin": 26.416666666666664, "xmax": 26.666666666666664, "ymin": 55.833333333333321, "ymax": 55.958333333333321 }, "geometry": { "type": "MultiPolygon", "coordinates": [ [ [ [ 26.438860102000035, 55.913508917000058 ], [ 26.451319099000045, 55.923743187000071 ], [ 26.464855269000054, 55.92470460800007 ], [ 26.518474543000025, 55.907760895000081 ], [ 26.537370133000024, 55.906592322000051 ], [ 26.590944229000058, 55.954191211000079 ], [ 26.60966185500007, 55.92556488300005 ], [ 26.606683115000067, 55.906963931000064 ], [ 26.612797455000077, 55.891336717000058 ], [ 26.611199209000063, 55.882156493000082 ], [ 26.629697412000041, 55.869182419000026 ], [ 26.608383037000067, 55.861935702000039 ], [ 26.565995405000024, 55.860400858000048 ], [ 26.559547404000057, 55.854921533000038 ], [ 26.549009116000036, 55.851468299000032 ], [ 26.542110928000056, 55.844302189000075 ], [ 26.503154705000043, 55.84901035200005 ], [ 26.492306443000075, 55.837051150000036 ], [ 26.490050703000065, 55.839836480000031 ], [ 26.492664625000032, 55.847041558000058 ], [ 26.482204749000061, 55.855358670000044 ], [ 26.477345086000071, 55.863303765000069 ], [ 26.48399846600006, 55.879340041000034 ], [ 26.438860102000035, 55.913508917000058 ] ] ] ] } },
{ "type": "Feature", "properties": { "GISCO_ID": "LV_0090000", "CNTR_CODE": "LV", "LAU_ID": "0090000", "LAU_NAME": "Jelgava", "cell_coverage": [ [ 0.2483, 0.3013, 0.5128, 0.3941, 0 ], [ 0.3277, 0.8803, 0.9976, 0.7558, 0.0166 ], [ 0, 0.4107, 0.2459, 0.0112, 0 ] ], "xmin": 23.625, "xmax": 23.833333333333332, "ymin": 56.583333333333321, "ymax": 56.708333333333321 }, "geometry": { "type": "MultiPolygon", "coordinates": [ [ [ [ 23.78579, 56.646315499000082 ], [ 23.775272074000043, 56.647028945000045 ], [ 23.766431857000043, 56.64379080100008 ], [ 23.780475145000025, 56.632929886000056 ], [ 23.774984763000077, 56.625342 ], [ 23.768982102000052, 56.62337231500004 ], [ 23.740443349000032, 56.625812427000028 ], [ 23.734974314000056, 56.620299053000053 ], [ 23.724821164000048, 56.616203563000056 ], [ 23.714622332000033, 56.598459333000051 ], [ 23.68869578400006, 56.598023408000074 ], [ 23.678547862000073, 56.602446203000056 ], [ 23.68064696600004, 56.61482575000008 ], [ 23.685701459000029, 56.621815087000073 ], [ 23.671824903000072, 56.64345621700005 ], [ 23.641796985000042, 56.651256383000032 ], [ 23.632089450000024, 56.661665620000065 ], [ 23.625704309000071, 56.674512786000037 ], [ 23.63267937300003, 56.680314291000059 ], [ 23.641027712000039, 56.677110596000034 ], [ 23.647411704000035, 56.678732060000073 ], [ 23.66561938600006, 56.675456803000031 ], [ 23.684138205000068, 56.67576391800003 ], [ 23.698320204000026, 56.681789029000072 ], [ 23.701664652000034, 56.686505066000052 ], [ 23.729306500000064, 56.691696499000045 ], [ 23.733136896000076, 56.685306007000065 ], [ 23.762794574000054, 56.687113778000082 ], [ 23.787131204000048, 56.681450386000051 ], [ 23.788282478000042, 56.672214580000059 ], [ 23.782062908000057, 56.664765721000038 ], [ 23.798290273000077, 56.656021579000083 ], [ 23.78579, 56.646315499000082 ] ] ] ] } },
{ "type": "Feature", "properties": { "GISCO_ID": "LV_0110000", "CNTR_CODE": "LV", "LAU_ID": "0110000", "LAU_NAME": "Jēkabpils", "cell_coverage": [ [ 0.0067, 0.5748, 0.4744, 0.0668 ], [ 0.0437, 0.6573, 0.3281, 0 ] ], "xmin": 25.791666666666664, "xmax": 25.958333333333332, "ymin": 56.458333333333321, "ymax": 56.541666666666657 }, "geometry": { "type": "MultiPolygon", "coordinates": [ [ [ [ 25.828583500000036, 56.520823499000073 ], [ 25.840537641000026, 56.51889376400004 ], [ 25.849290865000057, 56.525959495000052 ], [ 25.849052494000034, 56.530545661000076 ], [ 25.857393316000071, 56.525628701000073 ], [ 25.867057726000041, 56.527381008000077 ], [ 25.873392808000062, 56.525519598000074 ], [ 25.887852491000046, 56.530815254000061 ], [ 25.89570033800004, 56.526534150000032 ], [ 25.889558286000067, 56.520963960000074 ], [ 25.898513541000057, 56.517384881000055 ], [ 25.914436304000048, 56.517458296000029 ], [ 25.920715575000031, 56.521231535000027 ], [ 25.927635681000027, 56.518601422000074 ], [ 25.928038384000047, 56.512621270000068 ], [ 25.923923045000038, 56.509247093000056 ], [ 25.906221592000065, 56.507239239000057 ], [ 25.899978265000072, 56.502047369000081 ], [ 25.899845840000069, 56.49841914600006 ], [ 25.910867770000038, 56.493343828000036 ], [ 25.911577, 56.489929999000083 ], [ 25.900093045000062, 56.493851063000079 ], [ 25.88467707600006, 56.472510428000078 ], [ 25.84361651200004, 56.470282446000056 ], [ 25.839917247000074, 56.477470090000054 ], [ 25.830157, 56.481354999000075 ], [ 25.830040461000067, 56.485567998000079 ], [ 25.824987301000078, 56.489518976000056 ], [ 25.835251821000043, 56.500501022000037 ], [ 25.834383703000071, 56.506455454000047 ], [ 25.837907563000044, 56.509737143000052 ], [ 25.828583500000036, 56.520823499000073 ] ] ] ] } },
{ "type": "Feature", "properties": { "GISCO_ID": "LV_0130000", "CNTR_CODE": "LV", "LAU_ID": "0130000", "LAU_NAME": "Jūrmala", "cell_coverage": [ [ 0, 0, 0, 0, 0, 0, 0, 0, 0, 0, 0.0073, 0.0457, 0 ], [ 0.074, 0.318, 0.4369, 0.2679, 0.1291, 0.1427, 0.2232, 0.258, 0.4207, 0.6715, 0.7571, 0.618, 0.0407 ], [ 0.3089, 0.6956, 0.7877, 0.69, 0.5362, 0.5468, 0.3876, 0.1823, 0.0537, 0.0096, 0, 0, 0 ] ], "xmin": 23.458333333333329, "xmax": 23.999999999999996, "ymin": 56.916666666666657, "ymax": 57.041666666666657 }, "geometry": { "type": "MultiPolygon", "coordinates": [ [ [ [ 23.552945500000078, 56.979896999000061 ], [ 23.563541053000051, 56.975896871000032 ], [ 23.598557570000025, 56.971753639000042 ], [ 23.617254514000024, 56.965560296000035 ], [ 23.665002937000054, 56.962465573000031 ], [ 23.750929202000066, 56.969388414000036 ], [ 23.819867116000069, 56.980793542000072 ], [ 23.934532500000046, 57.00637049900007 ], [ 23.935053105000065, 56.996354988000064 ], [ 23.948168918000079, 56.996354936000046 ], [ 23.970957, 56.986471999000059 ], [ 23.929792212000052, 56.967835312000034 ], [ 23.912776640000061, 56.962953714000037 ], [ 23.894536136000056, 56.968540328000074 ], [ 23.819867116000069, 56.952862816000049 ], [ 23.811193322000065, 56.955258427000047 ], [ 23.808343032000039, 56.963568764000058 ], [ 23.803475703000061, 56.967634238000073 ], [ 23.784160478000047, 56.970385110000052 ], [ 23.776580137000053, 56.966423382000073 ], [ 23.777330626000037, 56.962234488000036 ], [ 23.785126154000068, 56.955070620000072 ], [ 23.778959546000067, 56.949407314000041 ], [ 23.749258268000062, 56.947555338000029 ], [ 23.730102905000024, 56.940326893000076 ], [ 23.699131049000073, 56.940688760000057 ], [ 23.683995166000045, 56.932244127000047 ], [ 23.650549991000048, 56.931482109000058 ], [ 23.639462006000031, 56.940064316000075 ], [ 23.628367464000064, 56.941762818000029 ], [ 23.620113341000035, 56.938888088000056 ], [ 23.601958438000054, 56.92467709500005 ], [ 23.55353838800005, 56.925176581000073 ], [ 23.537181608000026, 56.929487093000034 ], [ 23.531720619000055, 56.927399502000071 ], [ 23.494416500000057, 56.932502999000064 ], [ 23.479267, 56.932704999000066 ], [ 23.480038515000047, 56.936749581000072 ], [ 23.474300966000044, 56.945751404000077 ], [ 23.482747255000049, 56.951649032000034 ], [ 23.481734197000037, 56.964421816000026 ], [ 23.502000423000027, 56.966699259000052 ], [ 23.552945500000078, 56.979896999000061 ] ] ] ] } },
{ "type": "Feature", "properties": { "GISCO_ID": "LV_0170000", "CNTR_CODE": "LV", "LAU_ID": "0170000", "LAU_NAME": "Liepāja", "cell_coverage": [ [ 0, 0.3508, 0.2728, 0 ], [ 0.0313, 0.9327, 0.7746, 0.2772 ], [ 0.2029, 1, 0.5312, 0.0624 ], [ 0.0875, 0.5925, 0.0808, 0 ] ], "xmin": 20.958333333333329, "xmax": 21.125, "ymin": 56.458333333333321, "ymax": 56.625 }, "geometry": { "type": "MultiPolygon", "coordinates": [ [ [ [ 21.051999500000022, 56.482882999000083 ], [ 21.032663636000052, 56.479567825000061 ], [ 21.02930228300005, 56.476329855000074 ], [ 21.011488917000065, 56.478200008000044 ], [ 21.008458956000027, 56.46640003300007 ], [ 20.999753, 56.465328499000066 ], [ 20.989231379000046, 56.50942456000007 ], [ 20.98437288100007, 56.518945922000057 ], [ 20.977473473000032, 56.523552091000056 ], [ 20.988703702000066, 56.522168942000064 ], [ 20.995221577000052, 56.524816117000057 ], [ 20.99864162800003, 56.538754249000078 ], [ 20.993112595000071, 56.546185985000079 ], [ 20.997927167000057, 56.548282811000036 ], [ 20.998058628000024, 56.557007089000081 ], [ 21.016208059000064, 56.595377699000039 ], [ 21.025833, 56.609080499000072 ], [ 21.066581054000039, 56.604286047000073 ], [ 21.05938390700004, 56.587643351000054 ], [ 21.065251802000034, 56.578540788000055 ], [ 21.06617807300006, 56.566404634000037 ], [ 21.07725909100003, 56.558665523000059 ], [ 21.080188744000054, 56.558208379000064 ], [ 21.085824297000045, 56.567962111000043 ], [ 21.094796061000068, 56.57085440600008 ], [ 21.101283802000069, 56.569325233000029 ], [ 21.104666909000059, 56.561986784000055 ], [ 21.09702474900007, 56.54693056800005 ], [ 21.100778690000027, 56.535198467000043 ], [ 21.077238489000024, 56.534863217000066 ], [ 21.075516508000078, 56.530514197000059 ], [ 21.051348913000027, 56.512575295000033 ], [ 21.047049181000034, 56.498479444000054 ], [ 21.051999500000022, 56.482882999000083 ] ] ] ] } },
{ "type": "Feature", "properties": { "GISCO_ID": "LV_0210000", "CNTR_CODE": "LV", "LAU_ID": "0210000", "LAU_NAME": "Rēzekne", "cell_coverage": [ [ 0.4104, 0.712 ], [ 0.1396, 0.2027 ] ], "xmin": 27.291666666666664, "xmax": 27.375, "ymin": 56.458333333333321, "ymax": 56.541666666666657 }, "geometry": { "type": "MultiPolygon", "coordinates": [ [ [ [ 27.304769763000024, 56.494180541000048 ], [ 27.314292263000027, 56.50865020100008 ], [ 27.309064189000026, 56.51698175000007 ], [ 27.311120061000054, 56.531015633000038 ], [ 27.319619783000064, 56.532916359000069 ], [ 27.329765734000034, 56.530485780000049 ], [ 27.34356611000004, 56.537857189000079 ], [ 27.347184296000023, 56.536912930000028 ], [ 27.350630704000025, 56.530636875000027 ], [ 27.360643541000059, 56.529010396000047 ], [ 27.369238772000074, 56.531733118000034 ], [ 27.374268039000071, 56.52907777300004 ], [ 27.374704140000063, 56.524091596000062 ], [ 27.366216296000061, 56.518385245000047 ], [ 27.374474602000078, 56.514648886000032 ], [ 27.36811027400006, 56.509627675000047 ], [ 27.372958342000061, 56.502614066000035 ], [ 27.354198127000075, 56.494225884000059 ], [ 27.343679604000044, 56.479813104000073 ], [ 27.324979184000028, 56.490533922000054 ], [ 27.304769763000024, 56.494180541000048 ] ] ] ] } },
{ "type": "Feature", "properties": { "GISCO_ID": "LV_0250000", "CNTR_CODE": "LV", "LAU_ID": "0250000", "LAU_NAME": "Valmiera", "cell_coverage": [ [ 0.1567, 0.2221, 0.0001 ], [ 0.5368, 0.7047, 0.0399 ], [ 0, 0.004, 0 ] ], "xmin": 25.375, "xmax": 25.5, "ymin": 57.458333333333321, "ymax": 57.583333333333321 }, "geometry": { "type": "MultiPolygon", "coordinates": [ [ [ [ 25.38643, 57.514663499000051 ], [ 25.37623078200005, 57.526900087000058 ], [ 25.382342084000072, 57.530538138000054 ], [ 25.378130130000045, 57.542661843000076 ], [ 25.386660500000062, 57.546852999000066 ], [ 25.39856044000004, 57.550388616000077 ], [ 25.422155323000027, 57.551127637000036 ], [ 25.427775978000057, 57.548598201000061 ], [ 25.432673031000036, 57.551489354000068 ], [ 25.436373803000038, 57.549319284000035 ], [ 25.447035136000068, 57.554227023000067 ], [ 25.457888590000039, 57.550185617000068 ], [ 25.458548670000027, 57.546960409000064 ], [ 25.454220411000051, 57.543335211000056 ], [ 25.460056500000064, 57.540826999000046 ], [ 25.458386908000023, 57.537427814000068 ], [ 25.464867359000039, 57.534100348000038 ], [ 25.465657315000044, 57.530295653000053 ], [ 25.453941369000063, 57.517914876000077 ], [ 25.442540052000027, 57.515406544000029 ], [ 25.444946448000053, 57.504798115000028 ], [ 25.442812483000068, 57.498481293000054 ], [ 25.436841380000033, 57.499396344000047 ], [ 25.428285005000077, 57.506631626000058 ], [ 25.428103589000045, 57.509500990000049 ], [ 25.433924729000069, 57.51263103000008 ], [ 25.42729455500006, 57.518238436000047 ], [ 25.38643, 57.514663499000051 ] ] ] ] } },
{ "type": "Feature", "properties": { "GISCO_ID": "LV_0270000", "CNTR_CODE": "LV", "LAU_ID": "0270000", "LAU_NAME": "Ventspils", "cell_coverage": [ [ 0, 0, 0.0337, 0.0936, 0 ], [ 0, 0.0178, 0.6398, 0.836, 0.0016 ], [ 0.3122, 0.8685, 0.9199, 0.4363, 0.0224 ], [ 0.042, 0.469, 0.2554, 0, 0 ] ], "xmin": 21.5, "xmax": 21.708333333333332, "ymin": 57.333333333333321, "ymax": 57.5 }, "geometry": { "type": "MultiPolygon", "coordinates": [ [ [ [ 21.624751500000059, 57.469715999000073 ], [ 21.632325209000044, 57.469600294000031 ], [ 21.638258423000025, 57.462273445000051 ], [ 21.654676691000077, 57.458584403000032 ], [ 21.659262530000035, 57.443357177000053 ], [ 21.655003605000047, 57.433477826000058 ], [ 21.663895318000073, 57.428643779000026 ], [ 21.671794325000064, 57.405899625000075 ], [ 21.618467790000068, 57.390670190000037 ], [ 21.614408749000063, 57.374412101000075 ], [ 21.619553715000052, 57.361981052000033 ], [ 21.618278647000068, 57.357013036000069 ], [ 21.611641903000077, 57.356303238000066 ], [ 21.600159703000031, 57.361230482000053 ], [ 21.592777213000033, 57.36963116000004 ], [ 21.575149362000047, 57.35813046800007 ], [ 21.570435703000044, 57.349126378000051 ], [ 21.561636539000062, 57.354117389000066 ], [ 21.549343606000036, 57.356458595000049 ], [ 21.539377817000059, 57.353705977000061 ], [ 21.542440639000063, 57.362018912000053 ], [ 21.537397365000061, 57.369779710000046 ], [ 21.517420500000071, 57.378781999000068 ], [ 21.529516535000027, 57.39409605700007 ], [ 21.526187970000024, 57.40680479100007 ], [ 21.532751958000063, 57.408297814000036 ], [ 21.55196836500005, 57.405264315000068 ], [ 21.579749694000043, 57.420406433000039 ], [ 21.593685692000065, 57.430664335000074 ], [ 21.621953087000065, 57.466791206000039 ], [ 21.624751500000059, 57.469715999000073 ] ] ] ] } },
{ "type": "Feature", "properties": { "GISCO_ID": "LV_0320200", "CNTR_CODE": "LV", "LAU_ID": "0320200", "LAU_NAME": "Aizkraukles novads", "cell_coverage": [ [ 0, 0.0078, 0.0041, 0, 0 ], [ 0.001, 0.588, 0.8613, 0.64, 0.0479 ], [ 0.1868, 0.751, 1, 1, 0.1331 ], [ 0.2442, 0.7147, 0.9862, 0.9051, 0.3078 ], [ 0, 0, 0.1453, 0.0625, 0 ] ], "xmin": 25.125, "xmax": 25.333333333333332, "ymin": 56.54166666666665, "ymax": 56.75 }, "geometry": { "type": "MultiPolygon", "coordinates": [ [ [ [ 25.312812500000064, 56.589912499000036 ], [ 25.298198606000028, 56.587706237000077 ], [ 25.275113616000056, 56.59198007100008 ], [ 25.257518825000034, 56.577998230000048 ], [ 25.255558237000059, 56.570412597000029 ], [ 25.249642881000057, 56.57004882800004 ], [ 25.231117241000049, 56.578344664000042 ], [ 25.216911588000073, 56.577942817000064 ], [ 25.214952600000061, 56.584112252000068 ], [ 25.206645062000064, 56.591221057000041 ], [ 25.187392841000076, 56.592985436000049 ], [ 25.144326547000048, 56.615911528000026 ], [ 25.13045, 56.619167999000069 ], [ 25.134251873000039, 56.62206758700006 ], [ 25.13325681200007, 56.625388021000049 ], [ 25.144326547000048, 56.636312124000028 ], [ 25.154641626000057, 56.635542212000075 ], [ 25.184874373000071, 56.64396236500005 ], [ 25.181240780000053, 56.657255540000051 ], [ 25.190050314000075, 56.669836240000052 ], [ 25.168941680000046, 56.674814792000063 ], [ 25.165854123000031, 56.690262630000063 ], [ 25.182707914000048, 56.694403093000062 ], [ 25.200905503000058, 56.693348036000032 ], [ 25.204187, 56.698698999000044 ], [ 25.206042655000033, 56.705305507000048 ], [ 25.203091031000042, 56.710667153000031 ], [ 25.205721894000078, 56.711703967000062 ], [ 25.243316575000051, 56.697008161000042 ], [ 25.2823, 56.695317999000054 ], [ 25.286331056000051, 56.681958447000056 ], [ 25.299921782000069, 56.675187428000072 ], [ 25.295350957000039, 56.635825177000072 ], [ 25.312812500000064, 56.589912499000036 ] ] ] ] } },
{ "type": "Feature", "properties": { "GISCO_ID": "LV_0321000", "CNTR_CODE": "LV", "LAU_ID": "0321000", "LAU_NAME": "Jaunjelgavas novads", "cell_coverage": [ [ 0, 0, 0, 0, 0, 0, 0, 0, 0, 0.0003, 0.1267, 0.1268, 0, 0, 0, 0 ], [ 0.0253, 0.1376, 0.6776, 0.9041, 0.7292, 0.2853, 0.0138, 0.0949, 0.2142, 0.7429, 1, 0.9874, 0.5712, 0, 0, 0 ], [ 0.4376, 0.9167, 1, 1, 1, 1, 0.8547, 0.9375, 1, 1, 1, 1, 0.9682, 0.7956, 0.6796, 0.3486 ], [ 0, 0.314, 1, 1, 1, 1, 1, 1, 1, 1, 1, 1, 1, 1, 0.4392, 0.0074 ], [ 0, 0.0189, 0.832, 1, 1, 1, 1, 1, 1, 1, 1, 1, 1, 1, 0.9171, 0.1512 ], [ 0, 0, 0.1005, 0.9801, 0.9975, 1, 1, 1, 0.8935, 0.9768, 1, 1, 0.9252, 0.2863, 0.1811, 0 ], [ 0, 0, 0, 0.0833, 0.0253, 0.072, 0.1577, 0.2462, 0.0241, 0.036, 0.1919, 0.0814, 0.0326, 0, 0, 0 ] ], "xmin": 24.958333333333329, "xmax": 25.625, "ymin": 56.375, "ymax": 56.666666666666657 }, "geometry": { "type": "MultiPolygon", "coordinates": [ [ [ [ 25.035677500000077, 56.502288499000031 ], [ 25.018200501000024, 56.54796418400008 ], [ 24.981923140000049, 56.552866230000063 ], [ 24.969762, 56.582957499000031 ], [ 25.047096561000046, 56.592205460000059 ], [ 25.052979921000031, 56.598608366000065 ], [ 25.048501500000043, 56.610969999000076 ], [ 25.084504424000045, 56.62238708600006 ], [ 25.13045, 56.619167999000069 ], [ 25.144326547000048, 56.615911528000026 ], [ 25.187392841000076, 56.592985436000049 ], [ 25.206645062000064, 56.591221057000041 ], [ 25.214952600000061, 56.584112252000068 ], [ 25.216911588000073, 56.577942817000064 ], [ 25.231117241000049, 56.578344664000042 ], [ 25.249642881000057, 56.57004882800004 ], [ 25.255558237000059, 56.570412597000029 ], [ 25.257518825000034, 56.577998230000048 ], [ 25.275113616000056, 56.59198007100008 ], [ 25.298198606000028, 56.587706237000077 ], [ 25.312812500000064, 56.589912499000036 ], [ 25.371764455000061, 56.624739968000029 ], [ 25.418343217000029, 56.635461643000042 ], [ 25.434693302000028, 56.632605905000048 ], [ 25.461662841000077, 56.61847756700007 ], [ 25.494984, 56.60659799900003 ], [ 25.494643759000041, 56.599969457000043 ], [ 25.485122017000037, 56.587458479000077 ], [ 25.488599194000074, 56.58058955000007 ], [ 25.500411384000074, 56.576582783000049 ], [ 25.556967, 56.571686999000065 ], [ 25.563814304000061, 56.566757616000075 ], [ 25.592110892000051, 56.571504706000042 ], [ 25.603930219000063, 56.57092644100004 ], [ 25.606699086000049, 56.568246467000051 ], [ 25.608069255000032, 56.558038034000049 ], [ 25.597330470000031, 56.543985898000074 ], [ 25.588941873000067, 56.540091318000066 ], [ 25.563681215000031, 56.538016199000026 ], [ 25.561513060000038, 56.523735256000066 ], [ 25.552665888000035, 56.512799401000052 ], [ 25.553205257000059, 56.503649777000078 ], [ 25.593616877000045, 56.483614498000065 ], [ 25.596122573000059, 56.472968245000061 ], [ 25.591941, 56.466836499000067 ], [ 25.589505668000072, 56.460437444000036 ], [ 25.575261226000066, 56.459942566000052 ], [ 25.564361068000039, 56.449804799000049 ], [ 25.554320799000038, 56.444925570000066 ], [ 25.546129206000046, 56.444965152000066 ], [ 25.531602366000072, 56.450972825000065 ], [ 25.519282442000076, 56.451417637000077 ], [ 25.510098821000042, 56.441081706000034 ], [ 25.498917504000076, 56.434740611000052 ], [ 25.492760690000068, 56.422109873000068 ], [ 25.468872515000044, 56.412708 ], [ 25.437820007000028, 56.415505530000075 ], [ 25.423535170000036, 56.410417989000052 ], [ 25.393198409000036, 56.406996916000082 ], [ 25.32950799300005, 56.421901759000036 ], [ 25.296652167000047, 56.420978037000054 ], [ 25.293331502000058, 56.418412688000046 ], [ 25.296387, 56.403971999000078 ], [ 25.273421, 56.40621599900004 ], [ 25.253062, 56.40802749900007 ], [ 25.249879, 56.408256999000059 ], [ 25.244924, 56.408750999000063 ], [ 25.176015500000062, 56.414643999000077 ], [ 25.155573, 56.416467999000076 ], [ 25.150325500000065, 56.417016499000056 ], [ 25.144326547000048, 56.417461776000039 ], [ 25.142014648000043, 56.415277212000035 ], [ 25.090979017000052, 56.411256584000057 ], [ 25.068416642000045, 56.465064299000062 ], [ 25.050055171000054, 56.465793589000043 ], [ 25.035677500000077, 56.502288499000031 ] ] ] ] } },
{ "type": "Feature", "properties": { "GISCO_ID": "LV_0321400", "CNTR_CODE": "LV", "LAU_ID": "0321400", "LAU_NAME": "Pļaviņu novads", "cell_coverage": [ [ 0, 0, 0, 0, 0, 0, 0.1142, 0.7092, 0.2099, 0.0048, 0, 0 ], [ 0, 0, 0, 0.0598, 0.0745, 0.2418, 0.7197, 1, 0.9885, 0.2116, 0, 0 ], [ 0, 0, 0, 0.0629, 0.8653, 0.9957, 1, 1, 0.8824, 0.0073, 0, 0 ], [ 0, 0, 0.0226, 0.9146, 1, 1, 1, 1, 1, 0.8648, 0.7096, 0.3129 ], [ 0, 0.0483, 0.7815, 1, 1, 1, 1, 1, 1, 1, 0.8813, 0.1646 ], [ 0.1262, 0.7007, 1, 0.9963, 0.8259, 0.5419, 0.2784, 0.336, 0.373, 0.1691, 0.002, 0 ], [ 0.0318, 0.2044, 0.2519, 0.0839, 0, 0, 0, 0, 0, 0, 0, 0 ] ], "xmin": 25.458333333333329, "xmax": 25.958333333333329, "ymin": 56.541666666666657, "ymax": 56.833333333333321 }, "geometry": { "type": "MultiPolygon", "coordinates": [ [ [ [ 25.69398, 56.769340499000066 ], [ 25.704911830000071, 56.769596248000028 ], [ 25.737362087000065, 56.777780748000055 ], [ 25.733924866000052, 56.792328776000033 ], [ 25.75221941500007, 56.808413661000031 ], [ 25.740071440000065, 56.819745610000041 ], [ 25.74852, 56.824627999000029 ], [ 25.765337009000064, 56.828726485000061 ], [ 25.768951964000053, 56.822676759000046 ], [ 25.799882230000037, 56.80692605400003 ], [ 25.805796419000046, 56.797732266000082 ], [ 25.821994078000046, 56.79852390800005 ], [ 25.837420741000074, 56.792861820000041 ], [ 25.850196620000077, 56.766261850000035 ], [ 25.818826928000078, 56.745544843000062 ], [ 25.821234569000069, 56.740329576000079 ], [ 25.83230869700003, 56.732203682000033 ], [ 25.830952152000066, 56.714861341000073 ], [ 25.840475197000046, 56.707043294000073 ], [ 25.857571197000027, 56.700238054000067 ], [ 25.874048683000069, 56.698902759000077 ], [ 25.887302201000068, 56.694185254000047 ], [ 25.912934461000077, 56.697877532000064 ], [ 25.923475664000023, 56.693766909000033 ], [ 25.925748866000049, 56.689082775000031 ], [ 25.935203579000074, 56.688649206000036 ], [ 25.946882870000024, 56.681762923000065 ], [ 25.930000809000035, 56.667181422000056 ], [ 25.911310458000059, 56.665215722000028 ], [ 25.913245747000076, 56.655924946000027 ], [ 25.932654201000048, 56.652029147000064 ], [ 25.933459500000026, 56.64078949900005 ], [ 25.927525826000078, 56.636621755000078 ], [ 25.846868373000063, 56.61676320600003 ], [ 25.83734124700004, 56.611385415000029 ], [ 25.78769131100006, 56.607531634000054 ], [ 25.756825500000048, 56.613981999000032 ], [ 25.727808816000049, 56.614362496000069 ], [ 25.70552178500003, 56.610022340000057 ], [ 25.688707349000026, 56.600418273000059 ], [ 25.660857913000029, 56.597534232000044 ], [ 25.63464424700004, 56.584854300000075 ], [ 25.616953267000042, 56.583841150000069 ], [ 25.589505668000072, 56.575896969000041 ], [ 25.584401, 56.574749999000062 ], [ 25.577397500000075, 56.57340399900005 ], [ 25.570396500000072, 56.573194999000066 ], [ 25.563173500000062, 56.572809499000073 ], [ 25.556967, 56.571686999000065 ], [ 25.500411384000074, 56.576582783000049 ], [ 25.488599194000074, 56.58058955000007 ], [ 25.485122017000037, 56.587458479000077 ], [ 25.494643759000041, 56.599969457000043 ], [ 25.494984, 56.60659799900003 ], [ 25.50565640700006, 56.607516985000075 ], [ 25.526514029000055, 56.602947524000058 ], [ 25.523913981000078, 56.614303168000049 ], [ 25.530493590000049, 56.621560802000033 ], [ 25.542713640000045, 56.644892130000073 ], [ 25.593984563000049, 56.679083179000031 ], [ 25.579042750000042, 56.707890184000064 ], [ 25.623109120000038, 56.709596543000032 ], [ 25.629736997000066, 56.713870099000076 ], [ 25.628474023000024, 56.723393517000034 ], [ 25.634741048000024, 56.735367659000076 ], [ 25.635112053000057, 56.747022713000035 ], [ 25.630773713000053, 56.746490366000046 ], [ 25.626528762000078, 56.741389679000065 ], [ 25.616198281000038, 56.741868235000027 ], [ 25.610935188000042, 56.756765654000048 ], [ 25.626947281000071, 56.759479455000076 ], [ 25.636265755000068, 56.754708726000047 ], [ 25.666303373000062, 56.747321935000059 ], [ 25.685955822000039, 56.755687736000027 ], [ 25.69398, 56.769340499000066 ] ] ] ] } },
{ "type": "Feature", "properties": { "GISCO_ID": "LV_0326100", "CNTR_CODE": "LV", "LAU_ID": "0326100", "LAU_NAME": "Kokneses novads", "cell_coverage": [ [ 0, 0, 0, 0, 0, 0.1569, 0.4417, 0.3133, 0.3571, 0.0701, 0 ], [ 0.0059, 0.1723, 0.1851, 0.3387, 0.6069, 0.9639, 1, 1, 0.9402, 0.8845, 0.3178 ], [ 0.3235, 0.9876, 1, 1, 1, 1, 1, 1, 0.9371, 0.1347, 0.0043 ], [ 0.0999, 0.9521, 1, 1, 1, 1, 1, 0.9774, 0.0854, 0, 0 ], [ 0, 0.8669, 0.9997, 0.8733, 0.8732, 1, 0.9517, 0.2185, 0, 0, 0 ], [ 0, 0.4779, 0.2571, 0, 0.0126, 0.3026, 0.2993, 0, 0, 0, 0 ] ], "xmin": 25.25, "xmax": 25.708333333333332, "ymin": 56.583333333333321, "ymax": 56.833333333333321 }, "geometry": { "type": "MultiPolygon", "coordinates": [ [ [ [ 25.494984, 56.60659799900003 ], [ 25.461662841000077, 56.61847756700007 ], [ 25.434693302000028, 56.632605905000048 ], [ 25.418343217000029, 56.635461643000042 ], [ 25.371764455000061, 56.624739968000029 ], [ 25.312812500000064, 56.589912499000036 ], [ 25.295350957000039, 56.635825177000072 ], [ 25.299921782000069, 56.675187428000072 ], [ 25.286331056000051, 56.681958447000056 ], [ 25.2823, 56.695317999000054 ], [ 25.294124875000023, 56.713955531000067 ], [ 25.292674834000024, 56.723434052000073 ], [ 25.279669153000043, 56.729855692000058 ], [ 25.254724883000051, 56.731172153000045 ], [ 25.252978101000053, 56.735494967000079 ], [ 25.305578207000053, 56.759375039000076 ], [ 25.354750230000036, 56.753309021000064 ], [ 25.359095704000026, 56.75568473800007 ], [ 25.354398882000055, 56.76108008600005 ], [ 25.356550565000077, 56.762706818000026 ], [ 25.390591851000067, 56.75909953300004 ], [ 25.412648993000062, 56.772101933000044 ], [ 25.433413589000054, 56.772878654000067 ], [ 25.454950601000064, 56.780059551000079 ], [ 25.50603250000006, 56.815155999000069 ], [ 25.516021114000068, 56.814042879000056 ], [ 25.521376060000023, 56.80945095800007 ], [ 25.55111289000007, 56.800819829000034 ], [ 25.573975133000033, 56.807877015000031 ], [ 25.589505668000072, 56.80889776600003 ], [ 25.619841165000025, 56.804432045000055 ], [ 25.645875964000027, 56.792804861000036 ], [ 25.649987250000038, 56.787968318000082 ], [ 25.672738765000076, 56.787353316000065 ], [ 25.675036298000066, 56.78491045800007 ], [ 25.672117745000037, 56.778449610000052 ], [ 25.673452174000033, 56.77530319400006 ], [ 25.682158389000051, 56.770647190000034 ], [ 25.69398, 56.769340499000066 ], [ 25.685955822000039, 56.755687736000027 ], [ 25.666303373000062, 56.747321935000059 ], [ 25.636265755000068, 56.754708726000047 ], [ 25.626947281000071, 56.759479455000076 ], [ 25.610935188000042, 56.756765654000048 ], [ 25.616198281000038, 56.741868235000027 ], [ 25.626528762000078, 56.741389679000065 ], [ 25.630773713000053, 56.746490366000046 ], [ 25.635112053000057, 56.747022713000035 ], [ 25.634741048000024, 56.735367659000076 ], [ 25.628474023000024, 56.723393517000034 ], [ 25.629736997000066, 56.713870099000076 ], [ 25.623109120000038, 56.709596543000032 ], [ 25.579042750000042, 56.707890184000064 ], [ 25.593984563000049, 56.679083179000031 ], [ 25.542713640000045, 56.644892130000073 ], [ 25.530493590000049, 56.621560802000033 ], [ 25.523913981000078, 56.614303168000049 ], [ 25.526514029000055, 56.602947524000058 ], [ 25.50565640700006, 56.607516985000075 ], [ 25.494984, 56.60659799900003 ] ] ] ] } },
{ "type": "Feature", "properties": { "GISCO_ID": "LV_0327100", "CNTR_CODE": "LV", "LAU_ID": "0327100", "LAU_NAME": "Neretas novads", "cell_coverage": [ [ 0, 0, 0, 0.0135, 0, 0, 0, 0, 0, 0, 0, 0, 0 ], [ 0.0551, 0.6119, 0.8964, 0.9724, 0.168, 0, 0, 0, 0, 0, 0, 0, 0 ], [ 0.2318, 0.9963, 1, 1, 0.8995, 0.0199, 0.0025, 0, 0, 0, 0, 0, 0 ], [ 0.0569, 0.7136, 1, 1, 1, 0.9167, 0.9747, 0.928, 0.8423, 0.7538, 0.1688, 0, 0 ], [ 0, 0.0128, 0.7841, 1, 1, 1, 1, 1, 1, 1, 0.1881, 0.016, 0 ], [ 0, 0, 0.4801, 0.98, 1, 1, 1, 1, 1, 1, 0.73, 0.2833, 0 ], [ 0, 0, 0, 0.2478, 0.843, 1, 1, 1, 1, 1, 0.8852, 0.3337, 0.0418 ], [ 0, 0, 0, 0, 0.3865, 1, 1, 1, 1, 1, 1, 1, 0.4964 ], [ 0, 0, 0, 0, 0.0633, 0.5184, 0.724, 0.7713, 0.4891, 0.9218, 1, 1, 0.6395 ], [ 0, 0, 0, 0, 0, 0, 0, 0, 0, 0.0844, 0.4098, 0.2789, 0.0898 ] ], "xmin": 24.875, "xmax": 25.416666666666668, "ymin": 56.125, "ymax": 56.541666666666657 }, "geometry": { "type": "MultiPolygon", "coordinates": [ [ [ [ 25.296387, 56.403971999000078 ], [ 25.307231481000031, 56.39054016700004 ], [ 25.298068723000029, 56.378213211000059 ], [ 25.296970315000067, 56.359213816000079 ], [ 25.304172536000067, 56.343250418000082 ], [ 25.297577439000065, 56.332641609000063 ], [ 25.344617756000048, 56.332341831000065 ], [ 25.355758326000057, 56.33667687500008 ], [ 25.364875710000035, 56.332863312000029 ], [ 25.368189403000031, 56.325655268000048 ], [ 25.363229356000033, 56.319879688000071 ], [ 25.320182681000063, 56.313808846000029 ], [ 25.307486666000045, 56.291052109000077 ], [ 25.315158145000055, 56.28493786000007 ], [ 25.336646019000057, 56.278574794000065 ], [ 25.338317257000028, 56.272142356000074 ], [ 25.357229382000071, 56.258692798000027 ], [ 25.379967759000067, 56.257916428000044 ], [ 25.402186691000054, 56.236730841000053 ], [ 25.402749773000039, 56.227681917000041 ], [ 25.393607753000026, 56.222030828000072 ], [ 25.388666299000079, 56.213134720000028 ], [ 25.399252435000051, 56.187131844000078 ], [ 25.413793657000042, 56.172397084000067 ], [ 25.414129016000061, 56.164642447000062 ], [ 25.370584354000073, 56.160276023000051 ], [ 25.365837, 56.15435099900003 ], [ 25.337852288000079, 56.153880480000055 ], [ 25.314113018000057, 56.145781181000075 ], [ 25.279990351000038, 56.158743187000027 ], [ 25.269834932000037, 56.170104674000072 ], [ 25.25502827300005, 56.173539795000067 ], [ 25.248013686000036, 56.18443884800007 ], [ 25.232507708000071, 56.19189179500006 ], [ 25.215983526000059, 56.187562852000042 ], [ 25.199702909000052, 56.176699940000049 ], [ 25.171266500000058, 56.174246999000047 ], [ 25.151287323000076, 56.174781157000041 ], [ 25.144326547000048, 56.178989983000065 ], [ 25.125000442000044, 56.183976671000039 ], [ 25.093818321000072, 56.18591367700003 ], [ 25.085359421000078, 56.196216150000055 ], [ 25.077312455000026, 56.195868159000042 ], [ 25.070875632000025, 56.209918654000035 ], [ 25.073674287000074, 56.219263631000047 ], [ 25.063954845000069, 56.227586471000052 ], [ 25.068276277000052, 56.238956937000069 ], [ 25.059986522000031, 56.243266058000074 ], [ 25.062226107000072, 56.249345190000042 ], [ 25.057152170000052, 56.253507488000082 ], [ 25.058168085000034, 56.257983445000036 ], [ 25.054855511000028, 56.265528199000073 ], [ 25.043227620000039, 56.268859597000073 ], [ 25.040991478000024, 56.273783655000045 ], [ 25.033149459000072, 56.27316096900006 ], [ 25.020371590000025, 56.277066991000027 ], [ 25.014374389000068, 56.284976046000054 ], [ 25.014489853000043, 56.291904909000039 ], [ 24.994357126000068, 56.297909633000074 ], [ 24.986556504000077, 56.30565113800003 ], [ 24.974234826000043, 56.310898794000082 ], [ 24.968847493000055, 56.324785250000048 ], [ 24.970909902000074, 56.332662109000069 ], [ 24.966939219000039, 56.344453170000065 ], [ 24.971308921000059, 56.35146582200008 ], [ 24.969548749000069, 56.364394110000035 ], [ 24.956452554000066, 56.369873650000045 ], [ 24.950847900000042, 56.376094054000077 ], [ 24.942287007000061, 56.37744169900003 ], [ 24.925938608000024, 56.400962873000083 ], [ 24.915881282000043, 56.403003673000057 ], [ 24.906715984000073, 56.412040925000042 ], [ 24.903401970000061, 56.420472751000034 ], [ 24.916127217000053, 56.431775217000052 ], [ 24.918669685000054, 56.438562871000045 ], [ 24.901042500000074, 56.447802999000032 ], [ 24.897370751000039, 56.450222245000077 ], [ 24.893138553000028, 56.460465867000039 ], [ 24.924627371000042, 56.465748210000072 ], [ 24.924318965000055, 56.480719325000052 ], [ 24.937237077000077, 56.482444138000062 ], [ 24.936667304000025, 56.490717042000028 ], [ 25.035677500000077, 56.502288499000031 ], [ 25.050055171000054, 56.465793589000043 ], [ 25.068416642000045, 56.465064299000062 ], [ 25.090979017000052, 56.411256584000057 ], [ 25.142014648000043, 56.415277212000035 ], [ 25.144326547000048, 56.417461776000039 ], [ 25.150325500000065, 56.417016499000056 ], [ 25.155573, 56.416467999000076 ], [ 25.176015500000062, 56.414643999000077 ], [ 25.244924, 56.408750999000063 ], [ 25.249879, 56.408256999000059 ], [ 25.253062, 56.40802749900007 ], [ 25.273421, 56.40621599900004 ], [ 25.296387, 56.403971999000078 ] ] ] ] } },
{ "type": "Feature", "properties": { "GISCO_ID": "LV_0328200", "CNTR_CODE": "LV", "LAU_ID": "0328200", "LAU_NAME": "Skrīveru novads", "cell_coverage": [ [ 0.03, 0.563, 0.5878, 0.2074, 0 ], [ 0.3024, 0.8688, 1, 0.982, 0.2972 ], [ 0.5438, 1, 1, 0.8132, 0.249 ], [ 0.1045, 0.2313, 0.0959, 0.0266, 0 ] ], "xmin": 25.0, "xmax": 25.208333333333332, "ymin": 56.583333333333321, "ymax": 56.75 }, "geometry": { "type": "MultiPolygon", "coordinates": [ [ [ [ 25.048501500000043, 56.610969999000076 ], [ 25.043913, 56.609105999000064 ], [ 25.040124500000047, 56.60774899900008 ], [ 25.036409500000048, 56.606561499000065 ], [ 25.033964, 56.605683999000064 ], [ 25.031302500000038, 56.60506299900004 ], [ 25.026278295000054, 56.610236804000067 ], [ 25.03484885000006, 56.615944392000074 ], [ 25.034847262000028, 56.621151883000039 ], [ 25.027158009000061, 56.631598448000034 ], [ 25.015878272000066, 56.63427400300003 ], [ 25.013322792000054, 56.637636409000038 ], [ 25.013844820000031, 56.646952094000028 ], [ 25.020272885000054, 56.653847853000059 ], [ 25.018350557000076, 56.661186813000029 ], [ 25.021695793000049, 56.674982321000073 ], [ 25.015894953000043, 56.685743036000076 ], [ 25.028229140000064, 56.69123223400004 ], [ 25.043385483000066, 56.690709134000031 ], [ 25.059537700000078, 56.701646654000058 ], [ 25.061940158000027, 56.706395556000075 ], [ 25.047737564000045, 56.709286671000029 ], [ 25.047234495000055, 56.714173411000047 ], [ 25.039903696000067, 56.716727673000037 ], [ 25.034582993000072, 56.725220573000058 ], [ 25.044029735000038, 56.730489069000043 ], [ 25.067010802000027, 56.734523430000081 ], [ 25.081020892000026, 56.73292800400003 ], [ 25.096399, 56.735161499000071 ], [ 25.105665428000066, 56.737760239000067 ], [ 25.106625189000056, 56.733310593000056 ], [ 25.119905309000046, 56.728884083000082 ], [ 25.125578273000031, 56.723922218000041 ], [ 25.133959153000035, 56.724437757000032 ], [ 25.139152082000066, 56.719964150000067 ], [ 25.144326547000048, 56.719798861000072 ], [ 25.155472648000057, 56.714391431000081 ], [ 25.151597535000064, 56.708098533000054 ], [ 25.15383444400004, 56.705931300000032 ], [ 25.171369666000032, 56.706851544000074 ], [ 25.204187, 56.698698999000044 ], [ 25.200905503000058, 56.693348036000032 ], [ 25.182707914000048, 56.694403093000062 ], [ 25.165854123000031, 56.690262630000063 ], [ 25.168941680000046, 56.674814792000063 ], [ 25.190050314000075, 56.669836240000052 ], [ 25.181240780000053, 56.657255540000051 ], [ 25.184874373000071, 56.64396236500005 ], [ 25.154641626000057, 56.635542212000075 ], [ 25.144326547000048, 56.636312124000028 ], [ 25.13325681200007, 56.625388021000049 ], [ 25.134251873000039, 56.62206758700006 ], [ 25.13045, 56.619167999000069 ], [ 25.084504424000045, 56.62238708600006 ], [ 25.048501500000043, 56.610969999000076 ] ] ] ] } },
{ "type": "Feature", "properties": { "GISCO_ID": "LV_0360200", "CNTR_CODE": "LV", "LAU_ID": "0360200", "LAU_NAME": "Alūksnes novads", "cell_coverage": [ [ 0, 0, 0, 0, 0, 0, 0, 0.0781, 0.0505, 0, 0, 0, 0, 0, 0, 0, 0, 0, 0, 0, 0, 0, 0, 0, 0, 0, 0 ], [ 0, 0, 0, 0, 0, 0, 0.3366, 0.9634, 0.8169, 0.595, 0.4789, 0.0038, 0, 0, 0, 0, 0, 0, 0, 0, 0, 0, 0, 0, 0, 0, 0 ], [ 0, 0, 0, 0, 0, 0.0665, 0.9125, 1, 1, 1, 1, 0.9289, 0.6294, 0.4609, 0.2911, 0.252, 0.0839, 0, 0, 0, 0, 0, 0, 0, 0, 0, 0 ], [ 0, 0, 0, 0, 0.0023, 0.0659, 0.9563, 1, 1, 1, 1, 1, 1, 1, 1, 1, 0.9739, 0.7476, 0.5812, 0.6705, 0.6849, 0.8464, 0.9401, 0.3395, 0, 0, 0 ], [ 0, 0, 0, 0.1343, 0.828, 0.9622, 1, 1, 1, 1, 1, 1, 1, 1, 1, 1, 1, 1, 1, 1, 1, 1, 0.9964, 0.2639, 0, 0, 0 ], [ 0, 0.0087, 0.015, 0.5013, 1, 1, 1, 1, 1, 1, 1, 1, 1, 1, 1, 1, 1, 1, 1, 1, 1, 1, 0.6905, 0.0138, 0, 0, 0 ], [ 0.4723, 0.9665, 0.994, 0.9844, 1, 1, 1, 1, 1, 1, 1, 1, 1, 1, 1, 1, 1, 1, 1, 1, 1, 1, 1, 0.9537, 0.8891, 0.563, 0.1294 ], [ 0.1159, 0.6857, 0.9876, 1, 1, 1, 1, 1, 1, 1, 1, 1, 1, 1, 1, 1, 1, 1, 1, 1, 1, 1, 1, 1, 1, 1, 0.5696 ], [ 0, 0, 0.3324, 0.6164, 0.2303, 0.4415, 0.6143, 0.7579, 0.7152, 0.7117, 0.9893, 1, 1, 1, 1, 1, 1, 1, 1, 1, 1, 1, 1, 1, 0.7017, 0.4387, 0.1135 ], [ 0, 0, 0, 0, 0, 0, 0, 0, 0, 0, 0.1267, 0.6937, 1, 1, 1, 0.9955, 0.992, 0.4992, 0.2418, 0.7371, 0.7043, 0.2901, 0.7221, 0.4741, 0.056, 0, 0 ], [ 0, 0, 0, 0, 0, 0, 0, 0, 0, 0, 0, 0.0578, 0.2263, 0.4418, 0.4621, 0.2286, 0.0128, 0, 0, 0, 0, 0, 0, 0, 0, 0, 0 ] ], "xmin": 26.583333333333329, "xmax": 27.708333333333329, "ymin": 57.208333333333321, "ymax": 57.666666666666657 }, "geometry": { "type": "MultiPolygon", "coordinates": [ [ [ [ 26.835451500000033, 57.583406499000034 ], [ 26.861913787000049, 57.592844455000034 ], [ 26.858387960000073, 57.59987060900005 ], [ 26.863205015000062, 57.607958136000036 ], [ 26.858964332000028, 57.610097077000034 ], [ 26.86525236500006, 57.615518338000072 ], [ 26.886539911000057, 57.621931030000042 ], [ 26.903416716000038, 57.63188847400005 ], [ 26.925831906000042, 57.632943669000042 ], [ 26.930321784000057, 57.624532448000082 ], [ 26.939701599000045, 57.620184118000054 ], [ 26.950473054000042, 57.61886753400006 ], [ 26.949906542000065, 57.615049915000043 ], [ 26.941094855000074, 57.609164338000028 ], [ 26.945873396000025, 57.603400659000044 ], [ 26.96973323800006, 57.60532472500006 ], [ 26.977835046000052, 57.61243044400004 ], [ 26.992166442000041, 57.609987058000058 ], [ 26.997362511000063, 57.604689103000055 ], [ 27.030768442000067, 57.604293859000052 ], [ 27.043644343000039, 57.596676535000029 ], [ 27.038589404000049, 57.584267271000044 ], [ 27.085995895000053, 57.576566548000073 ], [ 27.097938233000036, 57.569177582000066 ], [ 27.118888881000032, 57.562115102000064 ], [ 27.161916648000044, 57.560237302000075 ], [ 27.19405656400005, 57.550902060000055 ], [ 27.224893125000051, 57.554403176000051 ], [ 27.245673135000061, 57.549097536000033 ], [ 27.26113116700003, 57.549936648000028 ], [ 27.280879712000058, 57.538096875000065 ], [ 27.297688189000041, 57.539219269000057 ], [ 27.325341518000073, 57.524020704000066 ], [ 27.346011396000051, 57.521836161000067 ], [ 27.351579, 57.518236999000067 ], [ 27.366166866000071, 57.526103567000064 ], [ 27.368676566000033, 57.532850650000057 ], [ 27.375827225000023, 57.535374348000062 ], [ 27.39731646000007, 57.525695261000067 ], [ 27.419705414000077, 57.523478175000037 ], [ 27.445178863000024, 57.531800737000083 ], [ 27.469489190000047, 57.530348377000053 ], [ 27.470934108000051, 57.534686061000059 ], [ 27.502245903000073, 57.540020974000072 ], [ 27.554556077000029, 57.537665090000075 ], [ 27.547928055000057, 57.519905189000042 ], [ 27.553388939000058, 57.520534828000052 ], [ 27.563644280000062, 57.515894348000074 ], [ 27.566731513000036, 57.511285924000049 ], [ 27.556583328000045, 57.49790011500005 ], [ 27.555316370000071, 57.491408799000055 ], [ 27.556394846000046, 57.485593324000035 ], [ 27.550310585000034, 57.473033015000055 ], [ 27.550070606000077, 57.464725816000055 ], [ 27.546349961000033, 57.459904251000069 ], [ 27.535801412000069, 57.459162212000081 ], [ 27.518382474000077, 57.427660640000056 ], [ 27.55435691100007, 57.41660298000005 ], [ 27.560946417000025, 57.411677068000074 ], [ 27.585361645000035, 57.41634741300004 ], [ 27.603147241000045, 57.41543591900006 ], [ 27.625223939000023, 57.401497712000037 ], [ 27.670723636000048, 57.394787872000052 ], [ 27.680338161000066, 57.383067324000081 ], [ 27.683110111000076, 57.373326328000076 ], [ 27.690777, 57.370560999000077 ], [ 27.69123449500006, 57.331772962000059 ], [ 27.67775565900007, 57.322950886000058 ], [ 27.658602715000029, 57.322513556000047 ], [ 27.63683824900005, 57.308911681000041 ], [ 27.593976487000077, 57.307363204000069 ], [ 27.591074985000034, 57.280861857000048 ], [ 27.585361645000035, 57.27939930000008 ], [ 27.56243541200007, 57.279253476000065 ], [ 27.560360783000078, 57.266690363000066 ], [ 27.55558, 57.260634499000048 ], [ 27.546453753000037, 57.264838416000032 ], [ 27.528536005000035, 57.26484743900005 ], [ 27.516944867000063, 57.257452771000032 ], [ 27.504815977000078, 57.259622455000056 ], [ 27.496338736000041, 57.265738369000076 ], [ 27.494548758000064, 57.281723528000043 ], [ 27.463344978000066, 57.282930086000079 ], [ 27.460803406000025, 57.281373719000044 ], [ 27.459495804000028, 57.264418509000052 ], [ 27.427599241000053, 57.263595707000036 ], [ 27.420174210000027, 57.254571850000048 ], [ 27.404849198000079, 57.253981429000078 ], [ 27.355808426000067, 57.285663052000075 ], [ 27.326426729000048, 57.27977541100006 ], [ 27.295442491000074, 57.261493772000051 ], [ 27.292689666000058, 57.251637181000035 ], [ 27.276471676000028, 57.248209446000033 ], [ 27.26832237800005, 57.25170991400006 ], [ 27.254804489000037, 57.248218505000068 ], [ 27.243124281000064, 57.252008458000034 ], [ 27.227052206000053, 57.232744870000033 ], [ 27.203351635000047, 57.239555543000051 ], [ 27.192729181000061, 57.230239674000075 ], [ 27.171771315000058, 57.225512310000056 ], [ 27.163065, 57.227108499000053 ], [ 27.114957122000078, 57.239590529000054 ], [ 27.09174256600005, 57.24141344700007 ], [ 27.085194923000074, 57.24478713700006 ], [ 27.067960360000029, 57.24593567200003 ], [ 27.047316766000051, 57.251607542000045 ], [ 27.051138525000056, 57.260356304000027 ], [ 27.076112072000058, 57.265254693000031 ], [ 27.078748225000027, 57.271290992000047 ], [ 27.075220439000077, 57.273579869000059 ], [ 27.057989217000056, 57.273849464000079 ], [ 27.034371536000037, 57.281077666000044 ], [ 27.003713993000076, 57.293850457000076 ], [ 26.989921694000031, 57.303208663000078 ], [ 26.980099367000037, 57.305681766000077 ], [ 26.913205676000075, 57.302309796000031 ], [ 26.900255650000076, 57.303903976000072 ], [ 26.868388810000056, 57.296514731000059 ], [ 26.858752671000047, 57.301924841000073 ], [ 26.854903123000042, 57.311480325000048 ], [ 26.847274901000048, 57.316677992000052 ], [ 26.835341353000047, 57.314414948000035 ], [ 26.816422738000028, 57.316659973000071 ], [ 26.797989811000036, 57.312268524000046 ], [ 26.779958037000029, 57.324357102000079 ], [ 26.765308146000052, 57.326739302000078 ], [ 26.750606711000046, 57.322686693000037 ], [ 26.749582229000055, 57.314057578000074 ], [ 26.741595614000062, 57.308339143000069 ], [ 26.712094092000029, 57.305227122000076 ], [ 26.680877318000057, 57.318239084000027 ], [ 26.680139351000037, 57.333541117000038 ], [ 26.636252877000061, 57.342634403000034 ], [ 26.645531184000049, 57.353351524000061 ], [ 26.603888052000059, 57.369860248000066 ], [ 26.59757, 57.389349499000048 ], [ 26.596148567000057, 57.397622482000031 ], [ 26.613953458000026, 57.405350838000061 ], [ 26.61803184300004, 57.411712546000047 ], [ 26.629618224000069, 57.419064635000041 ], [ 26.650307498000075, 57.413403304000042 ], [ 26.697899949000032, 57.418679710000049 ], [ 26.720362781000063, 57.41287888100004 ], [ 26.720606867000072, 57.425234743000033 ], [ 26.736640718000046, 57.444853762000037 ], [ 26.733682956000052, 57.459601275000068 ], [ 26.739041746000055, 57.468902823000064 ], [ 26.749885536000079, 57.474164019000057 ], [ 26.742014957000038, 57.483640299000058 ], [ 26.748756626000045, 57.487624882000034 ], [ 26.755868286000066, 57.486604056000033 ], [ 26.770051748000071, 57.491408799000055 ], [ 26.78765985800004, 57.501176681000061 ], [ 26.803978165000046, 57.497130444000049 ], [ 26.82098269100004, 57.497919762000038 ], [ 26.834317575000057, 57.502088248000064 ], [ 26.833839690000048, 57.506774758000063 ], [ 26.826534748000029, 57.508572793000042 ], [ 26.824381218000042, 57.513028838000082 ], [ 26.826773268000068, 57.520001086000036 ], [ 26.84138052000003, 57.529761178000058 ], [ 26.834319391000065, 57.539954219000037 ], [ 26.841750999000055, 57.54378481100008 ], [ 26.840246127000057, 57.555111890000035 ], [ 26.837311662000047, 57.558705660000044 ], [ 26.818091284000047, 57.564975825000033 ], [ 26.822152731000074, 57.569818136000038 ], [ 26.832248712000023, 57.571949936000067 ], [ 26.837643512000056, 57.57678954000005 ], [ 26.835451500000033, 57.583406499000034 ] ] ] ] } },
{ "type": "Feature", "properties": { "GISCO_ID": "LV_0360800", "CNTR_CODE": "LV", "LAU_ID": "0360800", "LAU_NAME": "Apes novads", "cell_coverage": [ [ 0, 0, 0.0002, 0, 0, 0, 0, 0, 0, 0, 0, 0.0064, 0, 2.1287e-06, 0.0001 ], [ 0, 0, 0.7081, 0.7832, 0.7768, 0.4169, 0, 0, 0, 0.1786, 0.5766, 0.7888, 0.733, 0.8929, 0.0875 ], [ 0, 0.0106, 0.6382, 1, 1, 0.9701, 0.4569, 0.5769, 0.5186, 0.9882, 1, 1, 0.9977, 0.9341, 0.0437 ], [ 0, 0.5345, 1, 1, 1, 1, 1, 1, 1, 1, 1, 0.8657, 0.172, 0.0378, 0 ], [ 0.0205, 0.7266, 1, 1, 1, 1, 1, 1, 1, 0.9913, 0.985, 0.4987, 0, 0, 0 ], [ 0.0009, 0.8123, 1, 1, 1, 0.5791, 0.3908, 0.4907, 0.3604, 0.0335, 0.006, 0.0156, 0, 0, 0 ], [ 0.2561, 0.9861, 1, 0.7953, 0.3745, 0.0395, 0, 0, 0, 0, 0, 0, 0, 0, 0 ], [ 0.0492, 0.2421, 0.3653, 0.2475, 0.0572, 0, 0, 0, 0, 0, 0, 0, 0, 0, 0 ] ], "xmin": 26.25, "xmax": 26.875, "ymin": 57.29166666666665, "ymax": 57.625 }, "geometry": { "type": "MultiPolygon", "coordinates": [ [ [ [ 26.275009500000067, 57.329387499000063 ], [ 26.278386299000033, 57.338249497000049 ], [ 26.278705402000071, 57.363616113000035 ], [ 26.302177810000046, 57.375330745000042 ], [ 26.293690458000071, 57.38085188000008 ], [ 26.290815111000029, 57.391043387000082 ], [ 26.303780352000047, 57.399807757000076 ], [ 26.303237122000041, 57.405978043000061 ], [ 26.310315432000039, 57.417756037000061 ], [ 26.320765599000026, 57.425237304000063 ], [ 26.308119413000043, 57.434806324000078 ], [ 26.290343011000061, 57.435238262000041 ], [ 26.285432904000061, 57.437972656000056 ], [ 26.291078968000079, 57.444578402000047 ], [ 26.291652637000027, 57.453521220000027 ], [ 26.313957723000044, 57.458224753000081 ], [ 26.317944209000075, 57.465478301000076 ], [ 26.309214422000025, 57.470009149000077 ], [ 26.309538, 57.498958999000081 ], [ 26.357628725000041, 57.505621946000076 ], [ 26.368007841000065, 57.512499325000078 ], [ 26.365604258000076, 57.515488858000083 ], [ 26.349935559000073, 57.516809110000054 ], [ 26.345038312000042, 57.529332800000077 ], [ 26.335908430000075, 57.534661442000072 ], [ 26.340496623000035, 57.540198935000035 ], [ 26.336127151000028, 57.546798483000032 ], [ 26.337634709000042, 57.552801063000061 ], [ 26.358959355000025, 57.569688671000051 ], [ 26.339249796000047, 57.575717869000073 ], [ 26.335059, 57.579631499000072 ], [ 26.34667008100007, 57.583608888000072 ], [ 26.402372983000078, 57.572372122000047 ], [ 26.468086, 57.575481999000033 ], [ 26.504303286000038, 57.523219999000048 ], [ 26.525942852000071, 57.516421645000037 ], [ 26.556937737000055, 57.514642589000061 ], [ 26.563953939000044, 57.518893854000055 ], [ 26.561947675000056, 57.524572459000069 ], [ 26.563764168000034, 57.529021890000081 ], [ 26.584793389000026, 57.537877848000051 ], [ 26.588047742000072, 57.534678292000081 ], [ 26.59125537500006, 57.517027403000043 ], [ 26.614324757000077, 57.510929788000055 ], [ 26.616841733000058, 57.530117673000063 ], [ 26.64719616900004, 57.552577009000061 ], [ 26.668682379000074, 57.554518424000037 ], [ 26.672411413000077, 57.56293673600004 ], [ 26.677081948000023, 57.566073069000026 ], [ 26.691917017000037, 57.566592150000076 ], [ 26.699632224000027, 57.569904586000064 ], [ 26.708884119000061, 57.567072135000046 ], [ 26.731726244000072, 57.571232480000049 ], [ 26.735615415000041, 57.575358107000056 ], [ 26.731478275000029, 57.58115599100006 ], [ 26.737294378000058, 57.585941408000053 ], [ 26.75377512700004, 57.577958311000032 ], [ 26.770272203000047, 57.574997534000033 ], [ 26.769603167000071, 57.571645319000027 ], [ 26.760310286000049, 57.564566498000033 ], [ 26.770041273000061, 57.560973974000035 ], [ 26.782874754000034, 57.572300273000053 ], [ 26.793579545000057, 57.574887420000039 ], [ 26.802399581000032, 57.582488407000028 ], [ 26.835451500000033, 57.583406499000034 ], [ 26.837643512000056, 57.57678954000005 ], [ 26.832248712000023, 57.571949936000067 ], [ 26.822152731000074, 57.569818136000038 ], [ 26.818091284000047, 57.564975825000033 ], [ 26.837311662000047, 57.558705660000044 ], [ 26.840246127000057, 57.555111890000035 ], [ 26.841750999000055, 57.54378481100008 ], [ 26.834319391000065, 57.539954219000037 ], [ 26.84138052000003, 57.529761178000058 ], [ 26.826773268000068, 57.520001086000036 ], [ 26.824381218000042, 57.513028838000082 ], [ 26.826534748000029, 57.508572793000042 ], [ 26.833839690000048, 57.506774758000063 ], [ 26.834317575000057, 57.502088248000064 ], [ 26.82098269100004, 57.497919762000038 ], [ 26.803978165000046, 57.497130444000049 ], [ 26.78765985800004, 57.501176681000061 ], [ 26.770051748000071, 57.491408799000055 ], [ 26.755868286000066, 57.486604056000033 ], [ 26.748756626000045, 57.487624882000034 ], [ 26.742014957000038, 57.483640299000058 ], [ 26.749885536000079, 57.474164019000057 ], [ 26.739041746000055, 57.468902823000064 ], [ 26.733682956000052, 57.459601275000068 ], [ 26.736640718000046, 57.444853762000037 ], [ 26.720606867000072, 57.425234743000033 ], [ 26.720362781000063, 57.41287888100004 ], [ 26.697899949000032, 57.418679710000049 ], [ 26.650307498000075, 57.413403304000042 ], [ 26.629618224000069, 57.419064635000041 ], [ 26.61803184300004, 57.411712546000047 ], [ 26.613953458000026, 57.405350838000061 ], [ 26.596148567000057, 57.397622482000031 ], [ 26.59757, 57.389349499000048 ], [ 26.574407912000026, 57.401431411000033 ], [ 26.549971850000077, 57.39173020700008 ], [ 26.531556343000034, 57.393200570000033 ], [ 26.525821934000078, 57.399631359000068 ], [ 26.525475048000033, 57.407273549000081 ], [ 26.496005202000049, 57.400263525000071 ], [ 26.477277259000061, 57.405798658000037 ], [ 26.47101972300004, 57.403958420000038 ], [ 26.469111462000058, 57.395510865000062 ], [ 26.47052125700003, 57.389794193000057 ], [ 26.48254625800007, 57.377739370000029 ], [ 26.483630251000079, 57.373495011000045 ], [ 26.432473745000038, 57.368558630000052 ], [ 26.42918762100004, 57.361764544000039 ], [ 26.429811323000024, 57.352088292000076 ], [ 26.41014476600003, 57.355695333000028 ], [ 26.393415071000049, 57.355808866000075 ], [ 26.388301600000034, 57.352963130000035 ], [ 26.389454052000076, 57.347188063000033 ], [ 26.398460366000052, 57.340023877000078 ], [ 26.407260543000064, 57.340585156000031 ], [ 26.418726322000055, 57.347830892000047 ], [ 26.426011560000063, 57.348349334000034 ], [ 26.430986812000071, 57.342812857000069 ], [ 26.434814536000033, 57.329160340000044 ], [ 26.354055782000046, 57.316438829000049 ], [ 26.275009500000067, 57.329387499000063 ] ] ], [ [ [ 26.777580360000059, 57.580381033000037 ], [ 26.782155105000072, 57.580846934000078 ], [ 26.784811348000062, 57.575595761000045 ], [ 26.78062832300003, 57.57627737100006 ], [ 26.777580360000059, 57.580381033000037 ] ] ] ] } },
{ "type": "Feature", "properties": { "GISCO_ID": "LV_0380200", "CNTR_CODE": "LV", "LAU_ID": "0380200", "LAU_NAME": "Balvu novads", "cell_coverage": [ [ 0, 0, 0, 0, 0, 0, 0, 0.0045, 0.008, 0.5008, 0.7582, 0.2629, 0.2957, 0.7099, 0.2779, 0.0826, 0, 0 ], [ 0, 0, 0, 0, 0, 0.1644, 0.5379, 0.7714, 0.9872, 1, 1, 1, 0.9788, 0.454, 0.06, 0.0009, 0, 0 ], [ 0, 0, 0, 4.1766e-06, 0.3288, 0.919, 1, 1, 1, 1, 1, 1, 0.6276, 0, 0, 0, 0, 0 ], [ 0, 0, 0.0318, 0.7697, 1, 1, 1, 1, 1, 1, 1, 1, 0.2445, 0, 0, 0, 0, 0 ], [ 0, 0.0035, 0.3428, 0.4704, 0.727, 1, 1, 1, 1, 1, 1, 1, 0.8102, 0.2326, 0, 0, 0, 0 ], [ 0, 0, 0, 0, 0.0568, 0.1031, 0.3358, 0.5875, 0.7823, 0.8711, 1, 1, 1, 0.9996, 0.7399, 0.151, 0, 0 ], [ 0, 0, 0, 0, 0, 0, 0, 0, 0, 0.417, 0.9965, 1, 1, 1, 1, 0.6348, 0.5952, 0.1945 ], [ 0, 0, 0, 0, 0, 0, 0, 0.0068, 0.5964, 0.8684, 1, 1, 1, 1, 1, 1, 0.9665, 0.6177 ], [ 0, 0, 0, 0, 0, 0, 0, 0, 0.0458, 0.4573, 1, 1, 1, 1, 0.6588, 0.1559, 0.048, 0 ], [ 0, 0.0127, 0.0913, 0.0332, 0, 0, 0.0502, 0.4845, 0.9259, 0.9964, 1, 0.9444, 0.4411, 0.5178, 0.1321, 0, 0, 0 ], [ 0.1184, 0.6637, 1, 0.9886, 0.8502, 0.5862, 0.7894, 1, 1, 1, 1, 0.8999, 0.1716, 0, 0, 0, 0, 0 ], [ 0.1674, 0.4544, 0.5727, 0.7293, 0.5318, 0.6119, 0.9278, 1, 1, 1, 0.5191, 0.2194, 0, 0, 0, 0, 0, 0 ], [ 0, 0, 0, 0, 0, 0, 0, 0.0042, 0.02, 0.1866, 0.0821, 0, 0, 0, 0, 0, 0, 0 ] ], "xmin": 26.916666666666664, "xmax": 27.666666666666664, "ymin": 56.75, "ymax": 57.291666666666657 }, "geometry": { "type": "MultiPolygon", "coordinates": [ [ [ [ 27.42636, 56.852928499000029 ], [ 27.421841126000061, 56.847630061000075 ], [ 27.402187031000039, 56.840599723000082 ], [ 27.394652700000051, 56.835111806000043 ], [ 27.404767306000053, 56.829728602000046 ], [ 27.402614376000031, 56.822493569000073 ], [ 27.398432533000062, 56.819528805000061 ], [ 27.376111496000078, 56.818483595000032 ], [ 27.377056969000023, 56.82454337300004 ], [ 27.370500477000064, 56.826392339000051 ], [ 27.349143151000078, 56.817800329000079 ], [ 27.347287781000034, 56.811579774000052 ], [ 27.350978874000077, 56.805694276000054 ], [ 27.346890313000074, 56.800805807000074 ], [ 27.345959400000027, 56.793887928000061 ], [ 27.351063, 56.783235999000055 ], [ 27.318915350000054, 56.781183841000029 ], [ 27.286463304000051, 56.790460135000046 ], [ 27.26832237800005, 56.791109334000055 ], [ 27.18246914100007, 56.79195326200005 ], [ 27.176978102000078, 56.799737654000069 ], [ 27.168438701000071, 56.801934134000078 ], [ 27.159265783000023, 56.812060533000079 ], [ 27.129466609000076, 56.804084839000041 ], [ 27.119594982000024, 56.812689707000061 ], [ 27.082376234000037, 56.809842192000076 ], [ 27.069708430000048, 56.812183164000032 ], [ 27.067007047000061, 56.809639837000077 ], [ 27.06979381900004, 56.802682596000068 ], [ 27.067681477000065, 56.797965907000048 ], [ 27.023641682000061, 56.799742897000044 ], [ 27.021671335000065, 56.801091507000081 ], [ 27.027792838000039, 56.813685452000072 ], [ 26.992470292000064, 56.820068518000028 ], [ 26.985283265000078, 56.818906972000036 ], [ 26.964791415000036, 56.803448212000035 ], [ 26.962259367000058, 56.804883607000079 ], [ 26.963818099000036, 56.815304771000058 ], [ 26.939701599000045, 56.825049523000075 ], [ 26.936183500000027, 56.826413499000068 ], [ 26.932119, 56.828183999000032 ], [ 26.925484, 56.830816499000036 ], [ 26.93594809700005, 56.833959273000062 ], [ 26.943583, 56.841453999000066 ], [ 26.985125767000056, 56.861210894000067 ], [ 26.990371245000063, 56.867822362000027 ], [ 26.987224500000025, 56.874974499000075 ], [ 27.002187477000064, 56.879061861000082 ], [ 27.048266668000053, 56.878462069000079 ], [ 27.124063072000069, 56.865318357000035 ], [ 27.129458122000074, 56.859573841000042 ], [ 27.14293157000003, 56.858979978000036 ], [ 27.150628066000024, 56.85518503000003 ], [ 27.177822012000036, 56.856744803000026 ], [ 27.205169929000078, 56.885507542000028 ], [ 27.227484853000078, 56.891639137000027 ], [ 27.237231431000055, 56.901515240000037 ], [ 27.259626187000038, 56.908108180000056 ], [ 27.269267781000053, 56.918938077000064 ], [ 27.280763882000031, 56.92113799100008 ], [ 27.297920976000057, 56.915087547000041 ], [ 27.323489545000029, 56.926715696000031 ], [ 27.316363661000025, 56.934103353000069 ], [ 27.310872165000035, 56.951035237000042 ], [ 27.314433410000049, 56.958161027000074 ], [ 27.312872409000079, 56.964712496000061 ], [ 27.307033626000077, 56.969986938000034 ], [ 27.300853892000077, 56.97095687500007 ], [ 27.297654370000032, 56.964447582000048 ], [ 27.287320670000042, 56.95514448800003 ], [ 27.281006129000048, 56.961639543000047 ], [ 27.257884875000059, 56.961795979000044 ], [ 27.246886496000059, 56.979960693000066 ], [ 27.255634761000067, 56.986789421000083 ], [ 27.269584989000066, 56.985521319000043 ], [ 27.29382548600006, 56.991633226000033 ], [ 27.315411855000036, 57.01971818800007 ], [ 27.315803401000039, 57.027244421000034 ], [ 27.336690678000025, 57.039057317000072 ], [ 27.314499631000047, 57.050142906000076 ], [ 27.287560373000076, 57.045840555000041 ], [ 27.279575947000069, 57.050018373000057 ], [ 27.227443162000043, 57.057454369000027 ], [ 27.211241345000076, 57.065997851000077 ], [ 27.169811293000066, 57.071691729000065 ], [ 27.159256752000033, 57.080302208000035 ], [ 27.133033210000065, 57.079416791000028 ], [ 27.12084092200007, 57.075038793000033 ], [ 27.102132065000035, 57.084603610000045 ], [ 27.105972458000053, 57.094389052000054 ], [ 27.101918897000076, 57.106561138000075 ], [ 26.995568, 57.103432499000064 ], [ 27.038355158000059, 57.130932162000079 ], [ 27.050609469000051, 57.149238963000073 ], [ 27.06776631200006, 57.164523225000039 ], [ 27.087855619000038, 57.167347617000075 ], [ 27.099618927000051, 57.173009707000062 ], [ 27.102012947000048, 57.182095426000046 ], [ 27.138700034000067, 57.202540811000063 ], [ 27.14365097600006, 57.211790768000071 ], [ 27.163065, 57.227108499000053 ], [ 27.171771315000058, 57.225512310000056 ], [ 27.192729181000061, 57.230239674000075 ], [ 27.203351635000047, 57.239555543000051 ], [ 27.227052206000053, 57.232744870000033 ], [ 27.243124281000064, 57.252008458000034 ], [ 27.254804489000037, 57.248218505000068 ], [ 27.26832237800005, 57.25170991400006 ], [ 27.276471676000028, 57.248209446000033 ], [ 27.292689666000058, 57.251637181000035 ], [ 27.295442491000074, 57.261493772000051 ], [ 27.326426729000048, 57.27977541100006 ], [ 27.355808426000067, 57.285663052000075 ], [ 27.404849198000079, 57.253981429000078 ], [ 27.420174210000027, 57.254571850000048 ], [ 27.427599241000053, 57.263595707000036 ], [ 27.459495804000028, 57.264418509000052 ], [ 27.460803406000025, 57.281373719000044 ], [ 27.463344978000066, 57.282930086000079 ], [ 27.494548758000064, 57.281723528000043 ], [ 27.496338736000041, 57.265738369000076 ], [ 27.504815977000078, 57.259622455000056 ], [ 27.516944867000063, 57.257452771000032 ], [ 27.528536005000035, 57.26484743900005 ], [ 27.546453753000037, 57.264838416000032 ], [ 27.55558, 57.260634499000048 ], [ 27.547112326000047, 57.249723723000045 ], [ 27.528739477000045, 57.249647400000072 ], [ 27.493251541000063, 57.241922843000054 ], [ 27.446508865000055, 57.206910005000054 ], [ 27.444976128000064, 57.196076738000045 ], [ 27.448652260000074, 57.194084416000067 ], [ 27.447926348000067, 57.188849676000075 ], [ 27.442609162000053, 57.179631992000054 ], [ 27.435902456000065, 57.176033773000029 ], [ 27.431621116000031, 57.16663201800003 ], [ 27.439951629000063, 57.161849790000076 ], [ 27.423523536000062, 57.148745035000047 ], [ 27.417997901000035, 57.135936817000072 ], [ 27.450131551000027, 57.107683204000068 ], [ 27.526525287000027, 57.069076159000076 ], [ 27.528314549000072, 57.064637921000042 ], [ 27.546553175000042, 57.070367661000034 ], [ 27.555581005000079, 57.070215337000036 ], [ 27.557628847000046, 57.066823147000036 ], [ 27.548561673000052, 57.055289282000047 ], [ 27.546640558000036, 57.04911317400007 ], [ 27.554800506000049, 57.022031732000073 ], [ 27.57002641400004, 57.019441157000074 ], [ 27.585361645000035, 57.026097413000059 ], [ 27.595158775000073, 57.027999527000077 ], [ 27.606395981000048, 57.023604380000052 ], [ 27.639540518000047, 57.021148173000029 ], [ 27.642529913000033, 57.014359144000082 ], [ 27.638956, 57.003729499000031 ], [ 27.639905980000037, 56.99960046700005 ], [ 27.664453349000041, 56.976594893000026 ], [ 27.666116486000078, 56.967149713000026 ], [ 27.65734741700004, 56.964949080000054 ], [ 27.626360580000039, 56.966173456000035 ], [ 27.603685434000056, 56.955979679000052 ], [ 27.585361645000035, 56.953354018000027 ], [ 27.566934976000027, 56.95399655500006 ], [ 27.518724062000047, 56.941128866000042 ], [ 27.513933887000064, 56.935720976000027 ], [ 27.515138648000061, 56.931154971000069 ], [ 27.519962392000025, 56.928386900000078 ], [ 27.527787230000058, 56.928858822000052 ], [ 27.530435479000062, 56.925850611000044 ], [ 27.505484074000037, 56.908864120000032 ], [ 27.516311530000053, 56.901440063000052 ], [ 27.502001380000024, 56.894824406000055 ], [ 27.484484814000041, 56.891971089000037 ], [ 27.464689096000029, 56.898602216000029 ], [ 27.437021379000043, 56.902195364000079 ], [ 27.40594640300003, 56.886144946000059 ], [ 27.406714048000026, 56.88063274700005 ], [ 27.426455229000055, 56.876680371000077 ], [ 27.427164, 56.873433792000071 ], [ 27.421667400000047, 56.869260677000057 ], [ 27.435469764000061, 56.857552106000071 ], [ 27.42636, 56.852928499000029 ] ] ] ] } },
{ "type": "Feature", "properties": { "GISCO_ID": "LV_0381600", "CNTR_CODE": "LV", "LAU_ID": "0381600", "LAU_NAME": "Viļakas novads", "cell_coverage": [ [ 0, 0, 0, 0, 0, 0, 0.3501, 0.6687, 0.2803, 0, 0 ], [ 0, 0, 0, 0, 0.2983, 0.5613, 0.8865, 1, 0.8996, 0.7154, 0.2645 ], [ 0, 0, 0, 0.4433, 0.944, 1, 1, 1, 1, 1, 0.7725 ], [ 0.0212, 0.546, 0.94, 0.9991, 1, 1, 1, 1, 1, 0.9996, 0.3467 ], [ 0.3724, 1, 1, 1, 1, 1, 1, 1, 1, 0.9168, 0.0009 ], [ 0.7555, 1, 1, 1, 1, 1, 1, 1, 0.8315, 0.483, 0 ], [ 0.1898, 0.7674, 1, 1, 1, 1, 1, 0.7118, 0.028, 0, 0 ], [ 0, 0.0004, 0.2601, 0.849, 1, 1, 1, 0.8724, 0.0473, 0, 0 ], [ 0, 0, 0, 0.3652, 0.4048, 0.7407, 0.9058, 0.307, 0, 0, 0 ] ], "xmin": 27.416666666666664, "xmax": 27.875, "ymin": 56.999999999999986, "ymax": 57.375 }, "geometry": { "type": "MultiPolygon", "coordinates": [ [ [ [ 27.71825750000005, 57.012571499000046 ], [ 27.683177390000026, 57.000880859000063 ], [ 27.659718485000042, 57.004569987000082 ], [ 27.638956, 57.003729499000031 ], [ 27.642529913000033, 57.014359144000082 ], [ 27.639540518000047, 57.021148173000029 ], [ 27.606395981000048, 57.023604380000052 ], [ 27.595158775000073, 57.027999527000077 ], [ 27.585361645000035, 57.026097413000059 ], [ 27.57002641400004, 57.019441157000074 ], [ 27.554800506000049, 57.022031732000073 ], [ 27.546640558000036, 57.04911317400007 ], [ 27.548561673000052, 57.055289282000047 ], [ 27.557628847000046, 57.066823147000036 ], [ 27.555581005000079, 57.070215337000036 ], [ 27.546553175000042, 57.070367661000034 ], [ 27.528314549000072, 57.064637921000042 ], [ 27.526525287000027, 57.069076159000076 ], [ 27.450131551000027, 57.107683204000068 ], [ 27.417997901000035, 57.135936817000072 ], [ 27.423523536000062, 57.148745035000047 ], [ 27.439951629000063, 57.161849790000076 ], [ 27.431621116000031, 57.16663201800003 ], [ 27.435902456000065, 57.176033773000029 ], [ 27.442609162000053, 57.179631992000054 ], [ 27.447926348000067, 57.188849676000075 ], [ 27.448652260000074, 57.194084416000067 ], [ 27.444976128000064, 57.196076738000045 ], [ 27.446508865000055, 57.206910005000054 ], [ 27.493251541000063, 57.241922843000054 ], [ 27.528739477000045, 57.249647400000072 ], [ 27.547112326000047, 57.249723723000045 ], [ 27.55558, 57.260634499000048 ], [ 27.560360783000078, 57.266690363000066 ], [ 27.56243541200007, 57.279253476000065 ], [ 27.585361645000035, 57.27939930000008 ], [ 27.591074985000034, 57.280861857000048 ], [ 27.593976487000077, 57.307363204000069 ], [ 27.63683824900005, 57.308911681000041 ], [ 27.658602715000029, 57.322513556000047 ], [ 27.67775565900007, 57.322950886000058 ], [ 27.69123449500006, 57.331772962000059 ], [ 27.690777, 57.370560999000077 ], [ 27.75686010000004, 57.354442974000051 ], [ 27.778795665000075, 57.342882279000037 ], [ 27.779544558000055, 57.337019821000069 ], [ 27.773941796000031, 57.329661012000031 ], [ 27.781676317000063, 57.32128477100008 ], [ 27.823488485000041, 57.322767893000048 ], [ 27.848804345000076, 57.303965576000053 ], [ 27.860354806000032, 57.302508420000038 ], [ 27.869367322000073, 57.29110477100005 ], [ 27.861055047000036, 57.265206629000033 ], [ 27.865490906000048, 57.26087863500004 ], [ 27.869163852000042, 57.24738736200004 ], [ 27.859022432000074, 57.243930885000054 ], [ 27.844243663000043, 57.229860688000031 ], [ 27.839146343000039, 57.22036694600007 ], [ 27.840062753000041, 57.210840218000044 ], [ 27.829794226000047, 57.20800678300003 ], [ 27.826959060000036, 57.20079178900005 ], [ 27.829886176000059, 57.198383928000055 ], [ 27.826521279000076, 57.191988546000061 ], [ 27.834389008000073, 57.181806378000033 ], [ 27.828986161000046, 57.173980225000037 ], [ 27.832293745000072, 57.166913238000063 ], [ 27.823554069000068, 57.159299776000069 ], [ 27.817525138000065, 57.143500978000077 ], [ 27.78714599500006, 57.132937755000057 ], [ 27.78029555300003, 57.134883162000051 ], [ 27.758208697000043, 57.130848752000077 ], [ 27.753837593000071, 57.127646043000027 ], [ 27.754078500000048, 57.122960128000045 ], [ 27.737501002000045, 57.118561704000058 ], [ 27.735437131000026, 57.11210482000007 ], [ 27.752659777000076, 57.10662762700008 ], [ 27.751278068000033, 57.098849045000065 ], [ 27.739047707000054, 57.102645066000036 ], [ 27.724358776000031, 57.10073026200007 ], [ 27.719639032000032, 57.102704297000059 ], [ 27.716577517000076, 57.099393293000048 ], [ 27.716967736000072, 57.095675769000081 ], [ 27.72166463800005, 57.092567073000055 ], [ 27.741648802000043, 57.089552343000037 ], [ 27.751848530000075, 57.084433334000039 ], [ 27.767795607000039, 57.084831447000056 ], [ 27.744152420000034, 57.068831190000083 ], [ 27.743304782000052, 57.062276366000049 ], [ 27.747880178000059, 57.053249289000064 ], [ 27.736107513000036, 57.046339782000075 ], [ 27.729443700000047, 57.038159105000034 ], [ 27.727572541000029, 57.026638251000065 ], [ 27.71825750000005, 57.012571499000046 ] ] ] ] } },
{ "type": "Feature", "properties": { "GISCO_ID": "LV_0384400", "CNTR_CODE": "LV", "LAU_ID": "0384400", "LAU_NAME": "Baltinavas novads", "cell_coverage": [ [ 0, 0, 0, 0, 0, 0, 0.0648, 0.0942, 0.0979, 0.0379 ], [ 0, 0, 0, 0, 0, 0.0335, 0.3823, 1, 0.982, 0.1501 ], [ 0, 0, 0, 0.3412, 0.8441, 0.952, 1, 1, 0.743, 0 ], [ 0.0556, 0.5589, 0.4822, 0.8653, 0.9858, 1, 1, 0.2539, 0.0215, 0 ], [ 0, 0.3854, 0.5374, 0.4444, 0.1527, 0.5603, 0.8399, 0.0144, 0, 0 ], [ 0, 0, 0, 0, 0, 0, 0.001, 0, 0, 0 ] ], "xmin": 27.375, "xmax": 27.791666666666668, "ymin": 56.791666666666657, "ymax": 57.041666666666657 }, "geometry": { "type": "MultiPolygon", "coordinates": [ [ [ [ 27.42636, 56.852928499000029 ], [ 27.435469764000061, 56.857552106000071 ], [ 27.421667400000047, 56.869260677000057 ], [ 27.427164, 56.873433792000071 ], [ 27.426455229000055, 56.876680371000077 ], [ 27.406714048000026, 56.88063274700005 ], [ 27.40594640300003, 56.886144946000059 ], [ 27.437021379000043, 56.902195364000079 ], [ 27.464689096000029, 56.898602216000029 ], [ 27.484484814000041, 56.891971089000037 ], [ 27.502001380000024, 56.894824406000055 ], [ 27.516311530000053, 56.901440063000052 ], [ 27.505484074000037, 56.908864120000032 ], [ 27.530435479000062, 56.925850611000044 ], [ 27.527787230000058, 56.928858822000052 ], [ 27.519962392000025, 56.928386900000078 ], [ 27.515138648000061, 56.931154971000069 ], [ 27.513933887000064, 56.935720976000027 ], [ 27.518724062000047, 56.941128866000042 ], [ 27.566934976000027, 56.95399655500006 ], [ 27.585361645000035, 56.953354018000027 ], [ 27.603685434000056, 56.955979679000052 ], [ 27.626360580000039, 56.966173456000035 ], [ 27.65734741700004, 56.964949080000054 ], [ 27.666116486000078, 56.967149713000026 ], [ 27.664453349000041, 56.976594893000026 ], [ 27.639905980000037, 56.99960046700005 ], [ 27.638956, 57.003729499000031 ], [ 27.659718485000042, 57.004569987000082 ], [ 27.683177390000026, 57.000880859000063 ], [ 27.71825750000005, 57.012571499000046 ], [ 27.715554743000041, 57.007104398000081 ], [ 27.718514237000079, 57.003127787000039 ], [ 27.73290303400006, 57.001495883000075 ], [ 27.765022573000067, 57.004602975000068 ], [ 27.767706038000028, 57.001590684000064 ], [ 27.742888704000052, 56.955993727000077 ], [ 27.737163125000052, 56.921098630000074 ], [ 27.717361951000044, 56.913637042000062 ], [ 27.687418163000075, 56.915210567000031 ], [ 27.672838097000067, 56.895743401000061 ], [ 27.670327081000039, 56.870594423000057 ], [ 27.656154668000056, 56.853724914000054 ], [ 27.659444500000063, 56.834365499000057 ], [ 27.637997934000055, 56.832889672000078 ], [ 27.622318710000059, 56.838600494000048 ], [ 27.602205772000048, 56.857420235000063 ], [ 27.573213721000059, 56.857560685000067 ], [ 27.565383915000041, 56.866686791000063 ], [ 27.568835197000055, 56.871174507000035 ], [ 27.565515054000059, 56.876231039000061 ], [ 27.535554972000057, 56.875686176000045 ], [ 27.535789432000058, 56.872604312000078 ], [ 27.541225858000075, 56.870363916000031 ], [ 27.537361517000079, 56.867334510000035 ], [ 27.543707045000076, 56.860021929000027 ], [ 27.541376218000039, 56.858549880000055 ], [ 27.49993005400006, 56.852479774000074 ], [ 27.42636, 56.852928499000029 ] ] ] ] } },
{ "type": "Feature", "properties": { "GISCO_ID": "LV_0387500", "CNTR_CODE": "LV", "LAU_ID": "0387500", "LAU_NAME": "Rugāju novads", "cell_coverage": [ [ 0, 0, 0, 0.2038, 0.5002, 0.5296, 0.273, 0, 0, 0, 0, 0, 0 ], [ 0, 0, 0.1532, 0.8846, 1, 1, 0.9432, 0.8969, 0.6642, 0.4125, 0.2177, 0.1289, 0 ], [ 0.1197, 0.8601, 0.997, 1, 1, 1, 1, 1, 1, 1, 1, 0.583, 0.0035 ], [ 0.1226, 0.5268, 0.9902, 1, 1, 1, 1, 1, 1, 0.9932, 0.4036, 0.1316, 0 ], [ 0, 0.1059, 0.7609, 0.9882, 1, 1, 1, 1, 1, 1, 0.9542, 0.5427, 0 ], [ 0, 0, 0, 0.7245, 0.9087, 0.9668, 1, 1, 0.9498, 0.5155, 0.0741, 0.0036, 0 ], [ 0, 0, 0, 1.1733e-06, 0, 0.0114, 0.1498, 0.4138, 0.2106, 0, 0, 0, 0 ] ], "xmin": 26.833333333333329, "xmax": 27.375, "ymin": 56.833333333333321, "ymax": 57.125 }, "geometry": { "type": "MultiPolygon", "coordinates": [ [ [ [ 26.987224500000025, 56.874974499000075 ], [ 26.977137930000026, 56.878847700000051 ], [ 26.969934459000058, 56.886596104000034 ], [ 26.96226381300005, 56.920630444000039 ], [ 26.952444281000055, 56.924680357000057 ], [ 26.932277180000028, 56.926228755000068 ], [ 26.902861617000042, 56.937960487000055 ], [ 26.917191574000071, 56.959917335000057 ], [ 26.918435870000053, 56.974217220000071 ], [ 26.89692470500006, 56.98036918400004 ], [ 26.867389873000036, 56.975361098000064 ], [ 26.863541102000056, 56.97907176700005 ], [ 26.863333500000067, 56.983567999000059 ], [ 26.869392099000038, 56.997439342000064 ], [ 26.874669512000025, 57.001916364000067 ], [ 26.872616245000074, 57.005842958000073 ], [ 26.860344111000074, 57.008415554000067 ], [ 26.858503295000048, 57.014271066000049 ], [ 26.866259604000049, 57.015160261000062 ], [ 26.862767718000043, 57.020077176000029 ], [ 26.87200114500007, 57.022335804000079 ], [ 26.875826471000039, 57.027963825000029 ], [ 26.881366084000035, 57.028454819000046 ], [ 26.888994313000069, 57.037971108000079 ], [ 26.912012366000056, 57.038391796000042 ], [ 26.940466471000036, 57.047326319000035 ], [ 26.964236516000028, 57.064285296000037 ], [ 26.973795944000074, 57.087238128000081 ], [ 26.995568, 57.103432499000064 ], [ 27.101918897000076, 57.106561138000075 ], [ 27.105972458000053, 57.094389052000054 ], [ 27.102132065000035, 57.084603610000045 ], [ 27.12084092200007, 57.075038793000033 ], [ 27.133033210000065, 57.079416791000028 ], [ 27.159256752000033, 57.080302208000035 ], [ 27.169811293000066, 57.071691729000065 ], [ 27.211241345000076, 57.065997851000077 ], [ 27.227443162000043, 57.057454369000027 ], [ 27.279575947000069, 57.050018373000057 ], [ 27.287560373000076, 57.045840555000041 ], [ 27.314499631000047, 57.050142906000076 ], [ 27.336690678000025, 57.039057317000072 ], [ 27.315803401000039, 57.027244421000034 ], [ 27.315411855000036, 57.01971818800007 ], [ 27.29382548600006, 56.991633226000033 ], [ 27.269584989000066, 56.985521319000043 ], [ 27.255634761000067, 56.986789421000083 ], [ 27.246886496000059, 56.979960693000066 ], [ 27.257884875000059, 56.961795979000044 ], [ 27.281006129000048, 56.961639543000047 ], [ 27.287320670000042, 56.95514448800003 ], [ 27.297654370000032, 56.964447582000048 ], [ 27.300853892000077, 56.97095687500007 ], [ 27.307033626000077, 56.969986938000034 ], [ 27.312872409000079, 56.964712496000061 ], [ 27.314433410000049, 56.958161027000074 ], [ 27.310872165000035, 56.951035237000042 ], [ 27.316363661000025, 56.934103353000069 ], [ 27.323489545000029, 56.926715696000031 ], [ 27.297920976000057, 56.915087547000041 ], [ 27.280763882000031, 56.92113799100008 ], [ 27.269267781000053, 56.918938077000064 ], [ 27.259626187000038, 56.908108180000056 ], [ 27.237231431000055, 56.901515240000037 ], [ 27.227484853000078, 56.891639137000027 ], [ 27.205169929000078, 56.885507542000028 ], [ 27.177822012000036, 56.856744803000026 ], [ 27.150628066000024, 56.85518503000003 ], [ 27.14293157000003, 56.858979978000036 ], [ 27.129458122000074, 56.859573841000042 ], [ 27.124063072000069, 56.865318357000035 ], [ 27.048266668000053, 56.878462069000079 ], [ 27.002187477000064, 56.879061861000082 ], [ 26.987224500000025, 56.874974499000075 ] ] ] ] } },
{ "type": "Feature", "properties": { "GISCO_ID": "LV_0400200", "CNTR_CODE": "LV", "LAU_ID": "0400200", "LAU_NAME": "Bauskas novads", "cell_coverage": [ [ 0, 0, 0, 0, 0, 0, 0, 0.001, 0.0512, 0.0063, 0, 0, 0, 0 ], [ 0.0213, 0.4587, 0.8789, 0.7708, 0.5856, 0.2771, 0.6901, 0.9244, 0.9688, 0.7686, 0.185, 0, 0, 0 ], [ 0.0024, 0.7719, 1, 1, 1, 1, 1, 1, 1, 1, 0.9041, 0.6956, 0.3141, 0.0013 ], [ 0, 0.6123, 0.9908, 1, 1, 1, 1, 1, 1, 1, 1, 1, 0.7919, 0.0189 ], [ 0, 0.0278, 0.4033, 0.5114, 0.9854, 1, 1, 1, 1, 1, 0.9934, 0.4929, 0.2495, 0 ], [ 0.0856, 0.6204, 0.9809, 1, 1, 1, 1, 1, 1, 1, 1, 0.7148, 0.1941, 0 ], [ 0.3162, 0.9664, 1, 1, 1, 1, 0.9777, 0.8076, 0.9781, 1, 1, 0.8974, 0.6985, 0.7045 ], [ 0, 0.2625, 0.5979, 0.9489, 0.7898, 0.4145, 0.2316, 0, 0.2308, 0.4135, 0.7484, 0.5204, 0.2857, 0.0896 ], [ 0, 0, 0.0006, 0, 0, 0, 0, 0, 0, 0, 0, 0, 0, 0 ] ], "xmin": 24.0, "xmax": 24.583333333333332, "ymin": 56.208333333333321, "ymax": 56.583333333333321 }, "geometry": { "type": "MultiPolygon", "coordinates": [ [ [ [ 24.032502500000078, 56.505042999000068 ], [ 24.054080356000043, 56.508027637000055 ], [ 24.058992150000051, 56.520268242000043 ], [ 24.081243500000028, 56.531060499000034 ], [ 24.086551135000036, 56.535792915000059 ], [ 24.09799021200007, 56.539447541000072 ], [ 24.133209971000042, 56.531679454000027 ], [ 24.173820457000033, 56.532459549000066 ], [ 24.186838613000077, 56.527262029000042 ], [ 24.186932618000071, 56.518756224000072 ], [ 24.211114386000077, 56.51798136900004 ], [ 24.229263141000047, 56.509396271000071 ], [ 24.249654897000028, 56.508132567000075 ], [ 24.253898388000039, 56.509987969000065 ], [ 24.249508687000059, 56.513350726000056 ], [ 24.250197935000074, 56.517793590000053 ], [ 24.263905858000044, 56.525758506000045 ], [ 24.267752109000071, 56.530523321000032 ], [ 24.27903099100007, 56.531575280000027 ], [ 24.286795945000051, 56.537012477000076 ], [ 24.319001711000055, 56.537864317000071 ], [ 24.329973540000026, 56.54251516100004 ], [ 24.339170458000069, 56.538742858000035 ], [ 24.356317756000067, 56.53956486900006 ], [ 24.360772154000074, 56.54926880000005 ], [ 24.379091019000043, 56.543380028000058 ], [ 24.382925427000032, 56.538728786000036 ], [ 24.399200500000063, 56.536103499000035 ], [ 24.402368466000041, 56.521002528000054 ], [ 24.421524902000044, 56.522509042000081 ], [ 24.431467388000044, 56.517767982000066 ], [ 24.430951050000033, 56.504341956000076 ], [ 24.451714567000067, 56.493585670000073 ], [ 24.451142220000065, 56.48108759400003 ], [ 24.46025744800005, 56.481791783000062 ], [ 24.499847793000072, 56.495565819000035 ], [ 24.501888181000027, 56.493802604000052 ], [ 24.493141508000065, 56.48919752300003 ], [ 24.493616417000055, 56.487054834000048 ], [ 24.500124379000056, 56.481371246000037 ], [ 24.518861615000048, 56.474712624000063 ], [ 24.517350518000057, 56.468552945000056 ], [ 24.530627139000046, 56.466046300000073 ], [ 24.536728842000059, 56.472056845000054 ], [ 24.543342500000051, 56.468333766000057 ], [ 24.536024400000031, 56.461066086000073 ], [ 24.522860765000075, 56.459178343000076 ], [ 24.525795634000076, 56.45138399700005 ], [ 24.524454952000042, 56.441593264000062 ], [ 24.536543511000048, 56.436791690000064 ], [ 24.548200105000035, 56.437226897000073 ], [ 24.544474497000067, 56.430498428000078 ], [ 24.539504525000041, 56.427745694000066 ], [ 24.540114888000062, 56.422258612000064 ], [ 24.534685683000077, 56.409365294000054 ], [ 24.521946522000064, 56.403768930000069 ], [ 24.495657921000031, 56.402649041000075 ], [ 24.477788166000039, 56.395072948000063 ], [ 24.458037429000058, 56.39290159400008 ], [ 24.456113185000049, 56.389651610000044 ], [ 24.460198404000039, 56.37744169900003 ], [ 24.478572674000077, 56.375415529000065 ], [ 24.493968555000038, 56.370139832000064 ], [ 24.515995489000034, 56.371874251000065 ], [ 24.522422483000071, 56.367499581000061 ], [ 24.511895839000033, 56.352947002000064 ], [ 24.468244866000077, 56.344719421000036 ], [ 24.473037851000072, 56.331650932000059 ], [ 24.485818078000023, 56.329265950000035 ], [ 24.489839204000077, 56.32359159300006 ], [ 24.518938449000075, 56.315613356000028 ], [ 24.526619293000067, 56.317130832000032 ], [ 24.529421538000065, 56.326274279000074 ], [ 24.533126225000046, 56.32808883000007 ], [ 24.560604175000037, 56.323151650000057 ], [ 24.576748, 56.323153999000056 ], [ 24.576276134000068, 56.315351336000049 ], [ 24.582842767000045, 56.304567011000074 ], [ 24.578950107000026, 56.289023585000052 ], [ 24.563380103000043, 56.288823360000038 ], [ 24.503869500000064, 56.276158499000076 ], [ 24.463218643000062, 56.266319968000062 ], [ 24.454871358000048, 56.258568230000037 ], [ 24.425717529000053, 56.260827228000039 ], [ 24.391283099000077, 56.278301113000055 ], [ 24.37941911300004, 56.278783105000059 ], [ 24.357963592000033, 56.273168289000068 ], [ 24.342707164000046, 56.294299061000061 ], [ 24.316245725000044, 56.300845945000049 ], [ 24.286067051000032, 56.299610057000052 ], [ 24.288852625000061, 56.285848676000057 ], [ 24.263905858000044, 56.280197443000077 ], [ 24.256510365000054, 56.277162343000043 ], [ 24.239263262000065, 56.277615093000065 ], [ 24.202925410000034, 56.267540698000062 ], [ 24.176626953000039, 56.251361088000067 ], [ 24.1518, 56.253348499000026 ], [ 24.119375259000037, 56.249558510000043 ], [ 24.115601071000071, 56.251556107000056 ], [ 24.117955023000036, 56.261564926000062 ], [ 24.098576839000032, 56.269588688000056 ], [ 24.096450530000027, 56.277018475000034 ], [ 24.047125117000064, 56.280055774000061 ], [ 24.048527156000034, 56.29878646800006 ], [ 24.023374067000077, 56.310897981000039 ], [ 24.018936, 56.329753999000047 ], [ 24.018608227000072, 56.336117462000061 ], [ 24.030200054000034, 56.341431708000073 ], [ 24.043400615000053, 56.339985352000042 ], [ 24.051123092000068, 56.343847984000035 ], [ 24.053661632000058, 56.36214439400004 ], [ 24.070070286000032, 56.366511057000082 ], [ 24.086664326000061, 56.366605358000072 ], [ 24.088197506000029, 56.37692376900003 ], [ 24.077383682000061, 56.385342861000026 ], [ 24.077703542000052, 56.391114652000056 ], [ 24.097708504000025, 56.39256378400006 ], [ 24.112281543000051, 56.38560433400005 ], [ 24.140367783000045, 56.379698215000076 ], [ 24.163256, 56.383724037000036 ], [ 24.173220689000061, 56.393087125000079 ], [ 24.160491121000064, 56.396196119000081 ], [ 24.155729914000062, 56.402297747000034 ], [ 24.119551581000053, 56.406405593000045 ], [ 24.106071775000032, 56.414665283000033 ], [ 24.064642590000062, 56.422919241000045 ], [ 24.048068406000027, 56.442826254000067 ], [ 24.05681005100007, 56.461703118000059 ], [ 24.050908982000067, 56.475481373000036 ], [ 24.05283816900004, 56.487942893000081 ], [ 24.032502500000078, 56.505042999000068 ] ] ] ] } },
{ "type": "Feature", "properties": { "GISCO_ID": "LV_0406400", "CNTR_CODE": "LV", "LAU_ID": "0406400", "LAU_NAME": "Iecavas novads", "cell_coverage": [ [ 0, 0, 0, 0, 0, 0.002, 0.0033, 0, 0, 0 ], [ 0.0078, 0.5951, 0.4005, 0.0732, 0.4633, 0.6235, 0.5965, 0.2422, 0.0072, 0 ], [ 0.286, 0.8433, 1, 0.9985, 1, 1, 1, 1, 0.8971, 0.0755 ], [ 0.1973, 0.7167, 0.9989, 1, 1, 1, 1, 0.9302, 0.0163, 0 ], [ 0, 0.0382, 0.4994, 1, 1, 1, 1, 0.9988, 0.589, 0.3037 ], [ 0, 0.0173, 0.1211, 0.2292, 0.4144, 0.7229, 0.3099, 0.0756, 0.0312, 0.0429 ] ], "xmin": 24.0, "xmax": 24.416666666666668, "ymin": 56.5, "ymax": 56.75 }, "geometry": { "type": "MultiPolygon", "coordinates": [ [ [ [ 24.247912500000041, 56.71266349900003 ], [ 24.262315241000067, 56.702389353000058 ], [ 24.261279466000076, 56.695471226000052 ], [ 24.272081643000035, 56.684459478000065 ], [ 24.291538712000033, 56.683968843000059 ], [ 24.359061728000029, 56.66073870200006 ], [ 24.369598500000052, 56.66104049900008 ], [ 24.376166621000039, 56.656038085000034 ], [ 24.382970184000044, 56.628227327000047 ], [ 24.325842480000063, 56.62194889400007 ], [ 24.334780306000027, 56.58430928000007 ], [ 24.332924496000032, 56.57801971300006 ], [ 24.348734946000036, 56.564398907000054 ], [ 24.353775651000035, 56.564062167000031 ], [ 24.356568809000066, 56.568089713000063 ], [ 24.36151854700006, 56.568372740000029 ], [ 24.38801597500003, 56.563543922000065 ], [ 24.399313554000059, 56.558264625000049 ], [ 24.401374600000054, 56.554877798000064 ], [ 24.399200500000063, 56.536103499000035 ], [ 24.382925427000032, 56.538728786000036 ], [ 24.379091019000043, 56.543380028000058 ], [ 24.360772154000074, 56.54926880000005 ], [ 24.356317756000067, 56.53956486900006 ], [ 24.339170458000069, 56.538742858000035 ], [ 24.329973540000026, 56.54251516100004 ], [ 24.319001711000055, 56.537864317000071 ], [ 24.286795945000051, 56.537012477000076 ], [ 24.27903099100007, 56.531575280000027 ], [ 24.267752109000071, 56.530523321000032 ], [ 24.263905858000044, 56.525758506000045 ], [ 24.250197935000074, 56.517793590000053 ], [ 24.249508687000059, 56.513350726000056 ], [ 24.253898388000039, 56.509987969000065 ], [ 24.249654897000028, 56.508132567000075 ], [ 24.229263141000047, 56.509396271000071 ], [ 24.211114386000077, 56.51798136900004 ], [ 24.186932618000071, 56.518756224000072 ], [ 24.186838613000077, 56.527262029000042 ], [ 24.173820457000033, 56.532459549000066 ], [ 24.133209971000042, 56.531679454000027 ], [ 24.09799021200007, 56.539447541000072 ], [ 24.086551135000036, 56.535792915000059 ], [ 24.081243500000028, 56.531060499000034 ], [ 24.079155122000031, 56.543094974000041 ], [ 24.099256575000027, 56.550596929000051 ], [ 24.103254702000072, 56.561948491000066 ], [ 24.119913818000043, 56.578063500000042 ], [ 24.111184913000045, 56.583746847000043 ], [ 24.050355554000078, 56.580910387000074 ], [ 24.040291855000078, 56.591753434000054 ], [ 24.018950989000075, 56.596825696000053 ], [ 24.013279917000034, 56.608292864000077 ], [ 24.017493499000068, 56.612778080000055 ], [ 24.030103045000033, 56.612491245000058 ], [ 24.030200684000079, 56.603132514000038 ], [ 24.039149322000071, 56.600440095000067 ], [ 24.045421572000066, 56.603011566000077 ], [ 24.046950927000069, 56.607874375000051 ], [ 24.056380447000038, 56.607189465000033 ], [ 24.070360976000075, 56.613458384000069 ], [ 24.067291156000067, 56.626398061000032 ], [ 24.048345401000063, 56.630941889000042 ], [ 24.057271120000053, 56.64035149700004 ], [ 24.03936819200004, 56.641859803000045 ], [ 24.031114073000026, 56.647653840000032 ], [ 24.010927558000049, 56.649200550000046 ], [ 24.003809327000056, 56.654708786000072 ], [ 24.002760129000023, 56.664583849000053 ], [ 24.006535681000059, 56.668853357000046 ], [ 24.015434466000045, 56.667027604000054 ], [ 24.017087366000055, 56.660190890000081 ], [ 24.022911842000042, 56.656876027000067 ], [ 24.048459279000042, 56.65922271900007 ], [ 24.042561, 56.690372499000034 ], [ 24.046915032000072, 56.695615829000076 ], [ 24.059846236000055, 56.69678796200003 ], [ 24.068989735000059, 56.693687256000032 ], [ 24.071161129000075, 56.687436095000066 ], [ 24.075663290000023, 56.690517011000054 ], [ 24.09230941900006, 56.686696639000047 ], [ 24.105029671000068, 56.691598499000065 ], [ 24.116397549000055, 56.672538756000051 ], [ 24.143398084000069, 56.668643852000059 ], [ 24.150644478000061, 56.672791614000062 ], [ 24.159349299000041, 56.665108004000047 ], [ 24.165998703000071, 56.671555727000055 ], [ 24.182329754000023, 56.675115219000077 ], [ 24.174410254000065, 56.68238722600006 ], [ 24.183558070000061, 56.695649874000082 ], [ 24.187305365000043, 56.695039840000049 ], [ 24.19146852700004, 56.688186791000078 ], [ 24.243429738000032, 56.693935159000034 ], [ 24.253102218000038, 56.700364370000045 ], [ 24.247912500000041, 56.71266349900003 ] ] ] ] } },
{ "type": "Feature", "properties": { "GISCO_ID": "LV_0409500", "CNTR_CODE": "LV", "LAU_ID": "0409500", "LAU_NAME": "Vecumnieku novads", "cell_coverage": [ [ 0, 0, 0, 0, 0.0512, 0.1619, 0.0604, 0.0952, 0.0257, 0, 0, 0, 0, 0, 0, 0, 0, 0 ], [ 0, 0.0001, 0.2286, 0.4341, 0.9111, 1, 0.9894, 0.8297, 0.2206, 0, 0, 0, 0, 0, 0, 0, 0, 0 ], [ 0, 0.0241, 0.9156, 1, 1, 1, 0.982, 0.0694, 0, 0, 0, 0, 0, 0, 0, 0, 0, 0 ], [ 0.0698, 0.9837, 1, 1, 1, 1, 1, 0.7328, 0.4104, 0.1074, 0, 0, 0, 0, 0, 0, 0, 0 ], [ 0.0002, 0.3598, 0.69, 1, 1, 1, 1, 1, 0.8694, 0.2484, 0.067, 0.2596, 0.5524, 0.6739, 0.7937, 0.8996, 0.5551, 0.0833 ], [ 0, 0, 0.1885, 0.815, 1, 1, 1, 1, 1, 0.9946, 1, 1, 1, 1, 1, 1, 1, 0.6725 ], [ 0, 0, 0, 0.0959, 0.3044, 0.6859, 0.9987, 1, 1, 1, 1, 1, 1, 1, 0.9449, 0.3881, 0.1036, 0.0087 ], [ 0, 0, 0, 0, 0, 0.2081, 0.9811, 1, 1, 1, 1, 1, 0.9686, 0.7135, 0.1196, 0, 0, 0 ], [ 0, 0, 0, 0.0066, 0.5071, 0.7505, 1, 1, 0.9607, 0.8115, 0.3642, 0.323, 0.0676, 0.0414, 0, 0, 0, 0 ], [ 0, 0, 0, 0, 0.2852, 0.8059, 1, 0.8879, 0.0312, 0, 0, 0, 0, 0, 0, 0, 0, 0 ], [ 0, 0, 0, 0, 0.1026, 0.3015, 0.2166, 0.0119, 0, 0, 0, 0, 0, 0, 0, 0, 0, 0 ] ], "xmin": 24.291666666666664, "xmax": 25.041666666666664, "ymin": 56.29166666666665, "ymax": 56.75 }, "geometry": { "type": "MultiPolygon", "coordinates": [ [ [ [ 25.035677500000077, 56.502288499000031 ], [ 24.936667304000025, 56.490717042000028 ], [ 24.937237077000077, 56.482444138000062 ], [ 24.924318965000055, 56.480719325000052 ], [ 24.924627371000042, 56.465748210000072 ], [ 24.893138553000028, 56.460465867000039 ], [ 24.897370751000039, 56.450222245000077 ], [ 24.901042500000074, 56.447802999000032 ], [ 24.87487797600005, 56.449248379000039 ], [ 24.85609198800006, 56.437789042000077 ], [ 24.853917331000048, 56.427202485000066 ], [ 24.861478691000059, 56.418952760000082 ], [ 24.856759613000065, 56.414928358000054 ], [ 24.828918013000077, 56.411950310000066 ], [ 24.819457586000055, 56.418355763000079 ], [ 24.806680340000071, 56.420903210000063 ], [ 24.801870541000028, 56.418881763000059 ], [ 24.80362249500007, 56.414637482000046 ], [ 24.800837434000073, 56.41076251000004 ], [ 24.776506675000064, 56.401002385000027 ], [ 24.759631236000075, 56.403906207000034 ], [ 24.74013859400003, 56.401119771000026 ], [ 24.701673749000065, 56.401765154000032 ], [ 24.699986714000033, 56.397667855000066 ], [ 24.702344013000072, 56.387628506000055 ], [ 24.687678126000037, 56.376821477000078 ], [ 24.645805467000059, 56.377794910000034 ], [ 24.629891278000059, 56.373645445000079 ], [ 24.625275585000054, 56.36142510500008 ], [ 24.626880732000075, 56.353226771000038 ], [ 24.624097552000023, 56.347662649000029 ], [ 24.605881471000032, 56.336592942000038 ], [ 24.589196454000046, 56.332304029000056 ], [ 24.576748, 56.323153999000056 ], [ 24.560604175000037, 56.323151650000057 ], [ 24.533126225000046, 56.32808883000007 ], [ 24.529421538000065, 56.326274279000074 ], [ 24.526619293000067, 56.317130832000032 ], [ 24.518938449000075, 56.315613356000028 ], [ 24.489839204000077, 56.32359159300006 ], [ 24.485818078000023, 56.329265950000035 ], [ 24.473037851000072, 56.331650932000059 ], [ 24.468244866000077, 56.344719421000036 ], [ 24.511895839000033, 56.352947002000064 ], [ 24.522422483000071, 56.367499581000061 ], [ 24.515995489000034, 56.371874251000065 ], [ 24.493968555000038, 56.370139832000064 ], [ 24.478572674000077, 56.375415529000065 ], [ 24.460198404000039, 56.37744169900003 ], [ 24.456113185000049, 56.389651610000044 ], [ 24.458037429000058, 56.39290159400008 ], [ 24.477788166000039, 56.395072948000063 ], [ 24.495657921000031, 56.402649041000075 ], [ 24.521946522000064, 56.403768930000069 ], [ 24.534685683000077, 56.409365294000054 ], [ 24.540114888000062, 56.422258612000064 ], [ 24.539504525000041, 56.427745694000066 ], [ 24.544474497000067, 56.430498428000078 ], [ 24.548200105000035, 56.437226897000073 ], [ 24.536543511000048, 56.436791690000064 ], [ 24.524454952000042, 56.441593264000062 ], [ 24.525795634000076, 56.45138399700005 ], [ 24.522860765000075, 56.459178343000076 ], [ 24.536024400000031, 56.461066086000073 ], [ 24.543342500000051, 56.468333766000057 ], [ 24.536728842000059, 56.472056845000054 ], [ 24.530627139000046, 56.466046300000073 ], [ 24.517350518000057, 56.468552945000056 ], [ 24.518861615000048, 56.474712624000063 ], [ 24.500124379000056, 56.481371246000037 ], [ 24.493616417000055, 56.487054834000048 ], [ 24.493141508000065, 56.48919752300003 ], [ 24.501888181000027, 56.493802604000052 ], [ 24.499847793000072, 56.495565819000035 ], [ 24.46025744800005, 56.481791783000062 ], [ 24.451142220000065, 56.48108759400003 ], [ 24.451714567000067, 56.493585670000073 ], [ 24.430951050000033, 56.504341956000076 ], [ 24.431467388000044, 56.517767982000066 ], [ 24.421524902000044, 56.522509042000081 ], [ 24.402368466000041, 56.521002528000054 ], [ 24.399200500000063, 56.536103499000035 ], [ 24.401374600000054, 56.554877798000064 ], [ 24.399313554000059, 56.558264625000049 ], [ 24.38801597500003, 56.563543922000065 ], [ 24.36151854700006, 56.568372740000029 ], [ 24.356568809000066, 56.568089713000063 ], [ 24.353775651000035, 56.564062167000031 ], [ 24.348734946000036, 56.564398907000054 ], [ 24.332924496000032, 56.57801971300006 ], [ 24.334780306000027, 56.58430928000007 ], [ 24.325842480000063, 56.62194889400007 ], [ 24.382970184000044, 56.628227327000047 ], [ 24.376166621000039, 56.656038085000034 ], [ 24.369598500000052, 56.66104049900008 ], [ 24.382076859000051, 56.665815007000049 ], [ 24.381582584000057, 56.668319967000059 ], [ 24.37435196000007, 56.670034849000047 ], [ 24.380895340000052, 56.675117861000047 ], [ 24.434906424000076, 56.681404364000059 ], [ 24.493363802000033, 56.715247932000068 ], [ 24.528587500000071, 56.718041499000037 ], [ 24.532270980000078, 56.70980288800007 ], [ 24.633862744000055, 56.713328503000071 ], [ 24.638762856000028, 56.675943639000081 ], [ 24.579769659000078, 56.672225578000052 ], [ 24.582074766000062, 56.652679084000056 ], [ 24.588054883000041, 56.636409923000031 ], [ 24.599527825000052, 56.615788181000028 ], [ 24.617770387000064, 56.60341737400006 ], [ 24.645337267000059, 56.599924557000065 ], [ 24.664944499000057, 56.602499032000082 ], [ 24.667566955000041, 56.597714207000081 ], [ 24.660713717000078, 56.591226491000043 ], [ 24.660989962000031, 56.588491422000061 ], [ 24.667383180000058, 56.588788932000057 ], [ 24.669935934000023, 56.592460211000059 ], [ 24.677519227000062, 56.592190714000083 ], [ 24.691519309000057, 56.587363659000061 ], [ 24.694071758000064, 56.582629070000053 ], [ 24.69981497200007, 56.580187053000031 ], [ 24.697870633000036, 56.575787742000045 ], [ 24.686959635000051, 56.572922865000066 ], [ 24.664580312000055, 56.574478277000082 ], [ 24.64873110700006, 56.560947700000042 ], [ 24.661190059000035, 56.556659112000034 ], [ 24.666783165000027, 56.541283939000039 ], [ 24.681709718000036, 56.540864309000028 ], [ 24.695544114000029, 56.54933254000008 ], [ 24.710183075000032, 56.54774760600003 ], [ 24.72324565100007, 56.543683075000047 ], [ 24.746982751000075, 56.543476208000072 ], [ 24.760836226000038, 56.547097356000052 ], [ 24.773133120000068, 56.555118030000074 ], [ 24.832834209000055, 56.569624197000053 ], [ 24.873750168000072, 56.569846458000029 ], [ 24.899291191000032, 56.57726533400006 ], [ 24.905553860000055, 56.57538184100008 ], [ 24.969762, 56.582957499000031 ], [ 24.981923140000049, 56.552866230000063 ], [ 25.018200501000024, 56.54796418400008 ], [ 25.035677500000077, 56.502288499000031 ] ] ] ] } },
{ "type": "Feature", "properties": { "GISCO_ID": "LV_0420200", "CNTR_CODE": "LV", "LAU_ID": "0420200", "LAU_NAME": "Cēsu novads", "cell_coverage": [ [ 0.0325, 0, 0, 0, 0, 0, 0, 0, 0 ], [ 0.6025, 0.7333, 0.4271, 0.2928, 0.2961, 0.057, 0, 0, 0 ], [ 0, 0.0285, 0.7472, 1, 1, 0.9681, 0.5186, 0, 0 ], [ 0, 0, 0.0895, 0.6052, 1, 1, 0.8851, 0.2161, 0.1485 ], [ 0, 0, 0, 0.0991, 0.3765, 0.817, 0.9705, 0.9999, 0.5601 ], [ 0, 0, 0, 0, 0, 0.0317, 0.0983, 0.1235, 0.1075 ] ], "xmin": 25.208333333333329, "xmax": 25.583333333333329, "ymin": 57.125, "ymax": 57.375 }, "geometry": { "type": "MultiPolygon", "coordinates": [ [ [ [ 25.2268, 57.338303999000061 ], [ 25.255092809000075, 57.329482202000065 ], [ 25.258894649000069, 57.324131366000074 ], [ 25.308088615000031, 57.322455796000042 ], [ 25.318843369000035, 57.314928451000071 ], [ 25.310360445000072, 57.306805352000026 ], [ 25.298480821000055, 57.306227743000079 ], [ 25.298312887000066, 57.303145674000064 ], [ 25.304366611000034, 57.298596642000064 ], [ 25.33921325600005, 57.300732125000081 ], [ 25.340304906000028, 57.305389927000078 ], [ 25.345123637000029, 57.306668677000062 ], [ 25.362961919000043, 57.302326053000058 ], [ 25.387657898000043, 57.308204920000037 ], [ 25.408614811000064, 57.299986128000057 ], [ 25.430125720000035, 57.297528122000074 ], [ 25.433446921000041, 57.291621358000043 ], [ 25.465192397000067, 57.286054141000079 ], [ 25.471886698000048, 57.271077468000044 ], [ 25.490983418000042, 57.267983497000046 ], [ 25.497070491000045, 57.258718452000039 ], [ 25.49789897200003, 57.249833164000052 ], [ 25.487589370000023, 57.224320319000071 ], [ 25.508806291000042, 57.220454471000039 ], [ 25.508639015000028, 57.216385015000071 ], [ 25.51362838700004, 57.21284354800008 ], [ 25.536375375000034, 57.219285916000047 ], [ 25.554883299000039, 57.216504230000055 ], [ 25.560768, 57.219963999000072 ], [ 25.569814485000052, 57.219656864000058 ], [ 25.566317588000061, 57.212536915000044 ], [ 25.571235963000049, 57.186877868000067 ], [ 25.55694532800004, 57.176289143000076 ], [ 25.556401023000035, 57.165910432000032 ], [ 25.559986954000067, 57.158714607000036 ], [ 25.555439500000034, 57.153892499000051 ], [ 25.50258192900003, 57.165504945000066 ], [ 25.492763806000028, 57.171384886000055 ], [ 25.483779984000023, 57.169522501000074 ], [ 25.486115208000058, 57.161482312000032 ], [ 25.484374178000053, 57.160104003000072 ], [ 25.468982418000053, 57.159267435000061 ], [ 25.456383694000067, 57.164133728000081 ], [ 25.444137057000034, 57.16275130300005 ], [ 25.435485133000043, 57.169417374000034 ], [ 25.434080210000047, 57.179539353000052 ], [ 25.430203587000051, 57.18230654000007 ], [ 25.405638671000077, 57.191650917000061 ], [ 25.378153514000076, 57.195539268000061 ], [ 25.368489315000033, 57.19340397600007 ], [ 25.35386918100005, 57.21389599500003 ], [ 25.344515202000025, 57.221329506000075 ], [ 25.361674711000035, 57.234537144000058 ], [ 25.349398285000063, 57.242381889000058 ], [ 25.306983753000054, 57.244719950000047 ], [ 25.310873626000046, 57.264035921000072 ], [ 25.288056880000056, 57.287433143000044 ], [ 25.250066700000048, 57.299841359000027 ], [ 25.235173583000062, 57.296288419000064 ], [ 25.219466250000039, 57.299195746000066 ], [ 25.213546, 57.297005499000079 ], [ 25.224287890000028, 57.312387062000028 ], [ 25.217015642000035, 57.317666104000068 ], [ 25.221576685000059, 57.322243811000078 ], [ 25.221752822000042, 57.335010949000036 ], [ 25.2268, 57.338303999000061 ] ] ] ] } },
{ "type": "Feature", "properties": { "GISCO_ID": "LV_0421200", "CNTR_CODE": "LV", "LAU_ID": "0421200", "LAU_NAME": "Līgatnes novads", "cell_coverage": [ [ 0, 0, 0, 0.0333, 0.1231, 0, 0, 0 ], [ 0.0813, 0.7308, 0.9291, 0.9918, 0.9876, 0.7924, 0.4963, 0 ], [ 0, 0.0209, 0.6547, 1, 1, 1, 0.8615, 0.0372 ], [ 0, 0, 0.4441, 0.9552, 0.9598, 0.9921, 0.8885, 0.2782 ], [ 0, 0, 0, 0, 0.0052, 0.0729, 0.0053, 0 ] ], "xmin": 24.875, "xmax": 25.208333333333332, "ymin": 57.083333333333321, "ymax": 57.291666666666657 }, "geometry": { "type": "MultiPolygon", "coordinates": [ [ [ [ 25.078460500000062, 57.258156499000052 ], [ 25.078177657000026, 57.247779189000028 ], [ 25.081684326000072, 57.244894012000032 ], [ 25.09827834500004, 57.23982862500003 ], [ 25.126580882000042, 57.242145217000029 ], [ 25.132295219000071, 57.235882752000066 ], [ 25.144326547000048, 57.233954205000032 ], [ 25.150796577000051, 57.232289182000045 ], [ 25.151402701000052, 57.228334829000062 ], [ 25.162093924000033, 57.220421196000075 ], [ 25.161358222000047, 57.215748040000051 ], [ 25.154974766000066, 57.208734113000048 ], [ 25.152267589000076, 57.202643999000031 ], [ 25.166517158000033, 57.185358974000053 ], [ 25.161459614000023, 57.180044486000043 ], [ 25.16282637200004, 57.174967689000027 ], [ 25.187325927000074, 57.165962420000028 ], [ 25.195860712000069, 57.154451839000046 ], [ 25.172649580000041, 57.144876092000061 ], [ 25.166603298000041, 57.14021120600006 ], [ 25.165711964000025, 57.134512355000027 ], [ 25.160411968000062, 57.129397520000055 ], [ 25.144326547000048, 57.131374392000055 ], [ 25.13574671300006, 57.130050030000064 ], [ 25.131650824000076, 57.124349738000035 ], [ 25.11914407200004, 57.121635745000049 ], [ 25.106224047000069, 57.12191802500007 ], [ 25.100524064000069, 57.118988254000044 ], [ 25.092448, 57.121617499000081 ], [ 25.08679470800007, 57.128078164000044 ], [ 25.060708476000059, 57.123491254000044 ], [ 25.045484111000064, 57.130387523000081 ], [ 25.03561036800005, 57.130266246000076 ], [ 25.027487, 57.125233198000046 ], [ 24.992970348000028, 57.126785713000061 ], [ 24.97200575200003, 57.142972937000081 ], [ 24.974013023000055, 57.14591693400007 ], [ 24.980680687000074, 57.143849455000066 ], [ 24.98494125700006, 57.150094621000051 ], [ 24.975456044000055, 57.161784444000034 ], [ 24.982112576000077, 57.177954585000066 ], [ 24.972875214000055, 57.193401553000058 ], [ 24.930183440000064, 57.218173948000072 ], [ 24.903511, 57.218871499000045 ], [ 24.902374734000034, 57.225611449000041 ], [ 24.921724056000073, 57.23439430600007 ], [ 24.924647427000025, 57.237164521000068 ], [ 24.922501101000023, 57.242432754000049 ], [ 24.930901, 57.245455499000059 ], [ 24.938351797000053, 57.248572238000065 ], [ 24.954418888000077, 57.244838994000077 ], [ 24.972041900000079, 57.249664235000068 ], [ 24.994349107000062, 57.244316364000042 ], [ 25.014949068000078, 57.252674655000078 ], [ 25.025896758000044, 57.249858267000036 ], [ 25.042625159000067, 57.254874287000064 ], [ 25.058996550000074, 57.25320774000005 ], [ 25.072574282000062, 57.260082390000036 ], [ 25.078460500000062, 57.258156499000052 ] ] ] ] } },
{ "type": "Feature", "properties": { "GISCO_ID": "LV_0424701", "CNTR_CODE": "LV", "LAU_ID": "0424701", "LAU_NAME": "Amatas novads", "cell_coverage": [ [ 0, 0, 0, 0, 0.1375, 0.0592, 0, 0, 0, 0, 0, 0, 0, 0 ], [ 0.026, 0.4906, 0.6309, 0.6921, 0.9994, 0.9715, 0.2528, 0, 0, 0, 0, 0, 0, 0 ], [ 0.0124, 0.2076, 0.5037, 1, 1, 1, 0.9105, 0.3948, 0, 0, 0, 0, 0, 0 ], [ 0, 0, 0.1385, 0.9628, 1, 1, 1, 0.9009, 0.6235, 0.183, 0.0295, 0.0001, 0, 0 ], [ 0, 0, 0.1115, 0.7218, 1, 1, 1, 1, 1, 0.9683, 0.9017, 0.8139, 0.0787, 0 ], [ 0, 0.2832, 0.9191, 1, 1, 1, 1, 1, 1, 1, 1, 0.9995, 0.9564, 0.2385 ], [ 0, 0.128, 0.8806, 1, 1, 1, 1, 1, 1, 1, 1, 1, 0.8489, 0.2794 ], [ 0, 0, 0.7198, 1, 1, 1, 1, 1, 1, 0.9789, 0.6592, 0.3309, 0.0309, 0 ], [ 0, 0, 0.6313, 1, 1, 0.9423, 0.542, 0.6794, 1, 0.8223, 0.0153, 0, 0, 0 ], [ 0, 0, 0.1682, 0.4574, 0.5781, 0.1422, 0, 0.0247, 0.5074, 0.1299, 0, 0, 0, 0 ] ], "xmin": 25.041666666666664, "xmax": 25.625, "ymin": 56.916666666666657, "ymax": 57.333333333333321 }, "geometry": { "type": "MultiPolygon", "coordinates": [ [ [ [ 25.555439500000034, 57.153892499000051 ], [ 25.543825016000028, 57.139473703000078 ], [ 25.531423381000025, 57.134329750000063 ], [ 25.529416959000059, 57.12935483900003 ], [ 25.543113371000061, 57.12354963100006 ], [ 25.584482858000058, 57.122754051000072 ], [ 25.588706506000051, 57.111852440000064 ], [ 25.582743307000044, 57.107173618000047 ], [ 25.597743603000026, 57.101277995000032 ], [ 25.609462839000059, 57.073432156000081 ], [ 25.589511696000045, 57.058556835000047 ], [ 25.561912841000037, 57.048951690000081 ], [ 25.55234125000004, 57.039330784000072 ], [ 25.536338993000072, 57.032026462000033 ], [ 25.536215556000059, 57.027373388000058 ], [ 25.533160781000049, 57.025308906000078 ], [ 25.513031299000033, 57.024995409000041 ], [ 25.499347106000073, 57.036009725000042 ], [ 25.486573260000057, 57.038591302000043 ], [ 25.481554978000077, 57.034707285000081 ], [ 25.479847002000042, 57.028825062000067 ], [ 25.495927855000048, 57.017767217000028 ], [ 25.489827433000073, 57.007996210000044 ], [ 25.479577516000063, 57.000310134000074 ], [ 25.46832747600007, 57.006404530000054 ], [ 25.456267339000078, 57.007682299000066 ], [ 25.452153534000047, 57.002362542000071 ], [ 25.450518500000044, 56.99083149900008 ], [ 25.442324304000067, 56.985102141000027 ], [ 25.460026993000042, 56.977471512000079 ], [ 25.462328230000026, 56.973861914000054 ], [ 25.460640719000025, 56.969255460000056 ], [ 25.437824592000027, 56.959927382000046 ], [ 25.432242550000069, 56.950050370000042 ], [ 25.412556281000036, 56.93753464200006 ], [ 25.399938509000037, 56.934018408000043 ], [ 25.375694571000054, 56.941001450000044 ], [ 25.370047141000043, 56.956791700000053 ], [ 25.353703364000069, 56.975741366000079 ], [ 25.342445917000077, 56.980624062000061 ], [ 25.308473048000053, 56.980067272000042 ], [ 25.299915500000054, 56.971683811000048 ], [ 25.283051004000072, 56.966499533000047 ], [ 25.278243815000053, 56.957763384000032 ], [ 25.258318630000076, 56.952879689000042 ], [ 25.258684196000047, 56.947048984000048 ], [ 25.251314476000061, 56.939950686000032 ], [ 25.256874646000028, 56.932434431000047 ], [ 25.254756326000063, 56.927515683000081 ], [ 25.216903829000046, 56.937860030000081 ], [ 25.197831035000036, 56.937420317000033 ], [ 25.158200386000033, 56.943623052000078 ], [ 25.14623, 56.949692999000035 ], [ 25.140453277000063, 56.959453342000074 ], [ 25.148259378000034, 56.971127694000074 ], [ 25.132060336000052, 56.98352095100006 ], [ 25.141193479000037, 56.99103154900007 ], [ 25.137533920000067, 56.997916973000031 ], [ 25.131423500000039, 57.001374999000063 ], [ 25.142222314000037, 57.010026438000068 ], [ 25.137768430000051, 57.016349468000044 ], [ 25.140897208000069, 57.027770405000069 ], [ 25.13038767300003, 57.034176964000039 ], [ 25.132739249000053, 57.044003410000073 ], [ 25.120933285000035, 57.050363144000073 ], [ 25.109069231000035, 57.062659622000069 ], [ 25.116605278000065, 57.07010646100008 ], [ 25.128194864000022, 57.071526541000082 ], [ 25.149723334000043, 57.082492498000079 ], [ 25.119335436000028, 57.097532554000054 ], [ 25.099383941000042, 57.112810293000052 ], [ 25.092448, 57.121617499000081 ], [ 25.100524064000069, 57.118988254000044 ], [ 25.106224047000069, 57.12191802500007 ], [ 25.11914407200004, 57.121635745000049 ], [ 25.131650824000076, 57.124349738000035 ], [ 25.13574671300006, 57.130050030000064 ], [ 25.144326547000048, 57.131374392000055 ], [ 25.160411968000062, 57.129397520000055 ], [ 25.165711964000025, 57.134512355000027 ], [ 25.166603298000041, 57.14021120600006 ], [ 25.172649580000041, 57.144876092000061 ], [ 25.195860712000069, 57.154451839000046 ], [ 25.187325927000074, 57.165962420000028 ], [ 25.16282637200004, 57.174967689000027 ], [ 25.161459614000023, 57.180044486000043 ], [ 25.166517158000033, 57.185358974000053 ], [ 25.152267589000076, 57.202643999000031 ], [ 25.154974766000066, 57.208734113000048 ], [ 25.161358222000047, 57.215748040000051 ], [ 25.162093924000033, 57.220421196000075 ], [ 25.151402701000052, 57.228334829000062 ], [ 25.150796577000051, 57.232289182000045 ], [ 25.144326547000048, 57.233954205000032 ], [ 25.132295219000071, 57.235882752000066 ], [ 25.126580882000042, 57.242145217000029 ], [ 25.09827834500004, 57.23982862500003 ], [ 25.081684326000072, 57.244894012000032 ], [ 25.078177657000026, 57.247779189000028 ], [ 25.078460500000062, 57.258156499000052 ], [ 25.09371456100007, 57.263947944000051 ], [ 25.110362508000037, 57.276122620000081 ], [ 25.139255068000068, 57.279210739000064 ], [ 25.144326547000048, 57.276960214000042 ], [ 25.153426314000058, 57.272804151000059 ], [ 25.164541632000066, 57.275375828000051 ], [ 25.17729184600006, 57.270950405000065 ], [ 25.191759162000039, 57.278943766000054 ], [ 25.193246596000051, 57.284438806000082 ], [ 25.207052173000022, 57.288190888000031 ], [ 25.213546, 57.297005499000079 ], [ 25.219466250000039, 57.299195746000066 ], [ 25.235173583000062, 57.296288419000064 ], [ 25.250066700000048, 57.299841359000027 ], [ 25.288056880000056, 57.287433143000044 ], [ 25.310873626000046, 57.264035921000072 ], [ 25.306983753000054, 57.244719950000047 ], [ 25.349398285000063, 57.242381889000058 ], [ 25.361674711000035, 57.234537144000058 ], [ 25.344515202000025, 57.221329506000075 ], [ 25.35386918100005, 57.21389599500003 ], [ 25.368489315000033, 57.19340397600007 ], [ 25.378153514000076, 57.195539268000061 ], [ 25.405638671000077, 57.191650917000061 ], [ 25.430203587000051, 57.18230654000007 ], [ 25.434080210000047, 57.179539353000052 ], [ 25.435485133000043, 57.169417374000034 ], [ 25.444137057000034, 57.16275130300005 ], [ 25.456383694000067, 57.164133728000081 ], [ 25.468982418000053, 57.159267435000061 ], [ 25.484374178000053, 57.160104003000072 ], [ 25.486115208000058, 57.161482312000032 ], [ 25.483779984000023, 57.169522501000074 ], [ 25.492763806000028, 57.171384886000055 ], [ 25.50258192900003, 57.165504945000066 ], [ 25.555439500000034, 57.153892499000051 ] ] ] ] } },
{ "type": "Feature", "properties": { "GISCO_ID": "LV_0425700", "CNTR_CODE": "LV", "LAU_ID": "0425700", "LAU_NAME": "Jaunpiebalgas novads", "cell_coverage": [ [ 0.0105, 0.082, 0, 0, 0, 0.0202, 0.1896, 0.16, 0.0052, 0 ], [ 0.5945, 0.9829, 0.6309, 0.4635, 0.6136, 0.9015, 1, 1, 0.6511, 0.0054 ], [ 0.2394, 0.8596, 0.9922, 1, 1, 1, 1, 1, 1, 0.7023 ], [ 0, 0, 0.1247, 0.6697, 0.61, 0.7897, 1, 0.8411, 0.9654, 0.223 ], [ 0, 0, 0, 0, 0, 0.0005, 0.0773, 0.0163, 0.025, 0 ] ], "xmin": 25.75, "xmax": 26.166666666666668, "ymin": 57.04166666666665, "ymax": 57.25 }, "geometry": { "type": "MultiPolygon", "coordinates": [ [ [ [ 26.109235, 57.078849999000056 ], [ 26.064597942000034, 57.094281070000079 ], [ 26.046722236000051, 57.08728125600004 ], [ 26.048532164000051, 57.079127937000067 ], [ 26.028033089000076, 57.077899337000076 ], [ 26.017643770000063, 57.081655918000081 ], [ 26.001034909000055, 57.081709738000029 ], [ 25.984489508000024, 57.091090156000064 ], [ 25.952899156000058, 57.101169187000039 ], [ 25.921547, 57.098238999000046 ], [ 25.886939056000074, 57.095147471000075 ], [ 25.871160472000042, 57.104393205000065 ], [ 25.86587442900003, 57.11596733600004 ], [ 25.852546707000045, 57.125912313000072 ], [ 25.821968739000056, 57.125150173000065 ], [ 25.817782115000057, 57.13065677700007 ], [ 25.80224522900005, 57.133523869000044 ], [ 25.771173689000022, 57.149021023000046 ], [ 25.771991266000043, 57.155255953000051 ], [ 25.779370075000031, 57.160354640000037 ], [ 25.775484285000061, 57.164938095000082 ], [ 25.765862749000064, 57.16613906200007 ], [ 25.761776557000076, 57.171196151000061 ], [ 25.767620079000039, 57.173817476000067 ], [ 25.759099629000048, 57.17844285700005 ], [ 25.764241520000041, 57.186932508000041 ], [ 25.770086949000074, 57.190236691000052 ], [ 25.767336901000078, 57.194918132000055 ], [ 25.773800204000054, 57.202303465000057 ], [ 25.772586, 57.205792999000039 ], [ 25.780508976000078, 57.208834330000059 ], [ 25.802780485000028, 57.213270484000077 ], [ 25.821968739000056, 57.213222323000082 ], [ 25.823428987000057, 57.210712128000068 ], [ 25.82345173300007, 57.208834330000059 ], [ 25.834379242000068, 57.201122170000076 ], [ 25.851012915000069, 57.195019751000075 ], [ 25.860390986000027, 57.186843939000028 ], [ 25.871133774000043, 57.188587366000036 ], [ 25.887160738000034, 57.184446222000076 ], [ 25.902506887000072, 57.188325074000034 ], [ 25.914302715000076, 57.18319450100006 ], [ 25.922600849000048, 57.190373306000026 ], [ 25.948965656000041, 57.193781422000029 ], [ 25.990403725000078, 57.208834330000059 ], [ 26.000442453000062, 57.215359361000083 ], [ 26.010475, 57.216397999000037 ], [ 26.046682539000074, 57.216312662000064 ], [ 26.066874693000045, 57.215840914000069 ], [ 26.102664001000051, 57.204681538000045 ], [ 26.100178343000039, 57.196449976000054 ], [ 26.108808239000041, 57.192970253000055 ], [ 26.119697469000073, 57.171386756000061 ], [ 26.144225703000075, 57.161987418000081 ], [ 26.152844375000029, 57.152722590000053 ], [ 26.150437686000032, 57.14932261000007 ], [ 26.15211640800004, 57.145534047000069 ], [ 26.164765530000068, 57.140369177000082 ], [ 26.163522115000035, 57.128954984000075 ], [ 26.148109549000026, 57.123505399000067 ], [ 26.143264230000057, 57.117453587000057 ], [ 26.137282109000068, 57.115534340000067 ], [ 26.133976477000033, 57.110904421000043 ], [ 26.132075474000033, 57.094934110000054 ], [ 26.109235, 57.078849999000056 ] ] ] ] } },
{ "type": "Feature", "properties": { "GISCO_ID": "LV_0427300", "CNTR_CODE": "LV", "LAU_ID": "0427300", "LAU_NAME": "Priekuļu novads", "cell_coverage": [ [ 0, 0, 0, 0, 0, 0, 0, 0, 0.0064, 0.1873, 0.2083, 0 ], [ 0, 0, 0, 0, 0.3427, 0.6398, 0.6908, 0.5898, 0.7732, 1, 0.6366, 1.3513e-06 ], [ 0, 0, 0, 0.0018, 0.6844, 1, 1, 0.9855, 0.8458, 0.6892, 0.044, 0 ], [ 0.2615, 0.7261, 0.6766, 0.7362, 1, 1, 1, 0.5502, 0.0119, 0, 0, 0 ], [ 0.0047, 0.2075, 0.5729, 0.7072, 0.7039, 0.943, 1, 1, 0.4217, 0.0172, 0, 0 ], [ 0, 0, 0, 0, 0, 0.0319, 0.4814, 1, 1, 0.3105, 0, 0 ], [ 0, 0, 0, 0, 0, 0, 0.1149, 0.7839, 0.3997, 0.0016, 0, 0 ] ], "xmin": 25.208333333333329, "xmax": 25.708333333333329, "ymin": 57.208333333333321, "ymax": 57.5 }, "geometry": { "type": "MultiPolygon", "coordinates": [ [ [ [ 25.598109500000078, 57.266311499000039 ], [ 25.597508534000042, 57.259880664000036 ], [ 25.605765738000059, 57.25233094400005 ], [ 25.601358750000031, 57.250703308000027 ], [ 25.589505668000072, 57.253488556000036 ], [ 25.576979524000024, 57.241737121000028 ], [ 25.550618659000065, 57.235428686000034 ], [ 25.55254248600005, 57.226423992000036 ], [ 25.560768, 57.219963999000072 ], [ 25.554883299000039, 57.216504230000055 ], [ 25.536375375000034, 57.219285916000047 ], [ 25.51362838700004, 57.21284354800008 ], [ 25.508639015000028, 57.216385015000071 ], [ 25.508806291000042, 57.220454471000039 ], [ 25.487589370000023, 57.224320319000071 ], [ 25.49789897200003, 57.249833164000052 ], [ 25.497070491000045, 57.258718452000039 ], [ 25.490983418000042, 57.267983497000046 ], [ 25.471886698000048, 57.271077468000044 ], [ 25.465192397000067, 57.286054141000079 ], [ 25.433446921000041, 57.291621358000043 ], [ 25.430125720000035, 57.297528122000074 ], [ 25.408614811000064, 57.299986128000057 ], [ 25.387657898000043, 57.308204920000037 ], [ 25.362961919000043, 57.302326053000058 ], [ 25.345123637000029, 57.306668677000062 ], [ 25.340304906000028, 57.305389927000078 ], [ 25.33921325600005, 57.300732125000081 ], [ 25.304366611000034, 57.298596642000064 ], [ 25.298312887000066, 57.303145674000064 ], [ 25.298480821000055, 57.306227743000079 ], [ 25.310360445000072, 57.306805352000026 ], [ 25.318843369000035, 57.314928451000071 ], [ 25.308088615000031, 57.322455796000042 ], [ 25.258894649000069, 57.324131366000074 ], [ 25.255092809000075, 57.329482202000065 ], [ 25.2268, 57.338303999000061 ], [ 25.226702231000047, 57.342326768000078 ], [ 25.233728942000027, 57.34919835200003 ], [ 25.237760621000064, 57.35925592500007 ], [ 25.25781283300006, 57.360718897000027 ], [ 25.26022484300006, 57.364724699000078 ], [ 25.267972816000054, 57.36350329000004 ], [ 25.277099375000034, 57.366534707000028 ], [ 25.303839027000038, 57.358129966000035 ], [ 25.312495140000067, 57.364496307000081 ], [ 25.321465505000049, 57.358027353000068 ], [ 25.324325487000067, 57.363716517000057 ], [ 25.333448068000052, 57.364707968000062 ], [ 25.340244434000056, 57.359198997000078 ], [ 25.352077322000071, 57.358231175000071 ], [ 25.356283160000032, 57.359397113000057 ], [ 25.362961919000043, 57.368021501000044 ], [ 25.38882, 57.38773549900003 ], [ 25.383841868000047, 57.39953863900007 ], [ 25.391322952000053, 57.401905666000062 ], [ 25.399316401000078, 57.410876777000055 ], [ 25.388016926000034, 57.427406709000081 ], [ 25.399988452000059, 57.430199776000052 ], [ 25.406343719000063, 57.437266476000048 ], [ 25.397112762000063, 57.439679443000045 ], [ 25.397739500000057, 57.443960999000069 ], [ 25.415600285000039, 57.448933963000059 ], [ 25.427317094000045, 57.443982076000054 ], [ 25.433351112000025, 57.44579294600004 ], [ 25.456377916000065, 57.438186512000073 ], [ 25.469718152000041, 57.440595845000075 ], [ 25.49088929900006, 57.451134110000055 ], [ 25.506569983000077, 57.453529608000053 ], [ 25.514535500000079, 57.450387675000059 ], [ 25.519905202000075, 57.438618376000079 ], [ 25.526723804000028, 57.432047987000033 ], [ 25.535097072000042, 57.431144543000073 ], [ 25.552929045000042, 57.436970330000065 ], [ 25.556250501000079, 57.441707071000053 ], [ 25.55722030000004, 57.451931192000075 ], [ 25.589505668000072, 57.463300627000081 ], [ 25.597248313000023, 57.466581618000077 ], [ 25.645915944000024, 57.469264271000043 ], [ 25.665387, 57.466311499000028 ], [ 25.658059652000077, 57.463280718000078 ], [ 25.666701563000061, 57.45058946100005 ], [ 25.663586, 57.443160999000042 ], [ 25.650872961000061, 57.44073370600006 ], [ 25.640979677000075, 57.427336423000042 ], [ 25.639927202000024, 57.421944173000043 ], [ 25.629256497000029, 57.412787760000072 ], [ 25.631560132000061, 57.407842294000034 ], [ 25.627901881000071, 57.402927674000068 ], [ 25.611854486000027, 57.398861061000048 ], [ 25.605423785000028, 57.379621932000077 ], [ 25.589505668000072, 57.379218536000053 ], [ 25.585272389000068, 57.380899014000079 ], [ 25.58535061200007, 57.385314328000049 ], [ 25.581106660000046, 57.38621949800006 ], [ 25.569379003000051, 57.384437754000032 ], [ 25.561847838000062, 57.378750401000048 ], [ 25.536793314000079, 57.378345661000083 ], [ 25.518004396000038, 57.366256282000052 ], [ 25.509796548000054, 57.36498146200006 ], [ 25.508539840000026, 57.35916277900003 ], [ 25.513357104000079, 57.35080608100003 ], [ 25.536737434000031, 57.342148178000059 ], [ 25.548012060000076, 57.33437960200007 ], [ 25.55087560100003, 57.312923087000058 ], [ 25.563818301000026, 57.309054590000073 ], [ 25.559394267000073, 57.303111991000037 ], [ 25.574809748000064, 57.297833961000038 ], [ 25.583919077000076, 57.298210626000071 ], [ 25.589505668000072, 57.29337010900008 ], [ 25.59926215400003, 57.288780662000079 ], [ 25.590856019000057, 57.278722859000027 ], [ 25.598109500000078, 57.266311499000039 ] ] ] ] } },
{ "type": "Feature", "properties": { "GISCO_ID": "LV_0427500", "CNTR_CODE": "LV", "LAU_ID": "0427500", "LAU_NAME": "Pārgaujas novads", "cell_coverage": [ [ 0, 0, 0, 0, 0, 0, 0, 0.0316, 0, 0, 0, 0, 0, 0, 0, 0 ], [ 0, 0, 0, 0, 0, 0.0654, 0.4502, 0.8095, 0.8, 0.2419, 0, 0, 0, 0, 0, 0 ], [ 0.0184, 0.1995, 0.0279, 0.2737, 0.5867, 0.9349, 1, 1, 1, 0.8381, 0.235, 0.04, 0, 0, 0, 0 ], [ 0, 0.1372, 0.719, 1, 1, 1, 1, 1, 1, 1, 0.9661, 0.964, 0.696, 0.6876, 0.3921, 0.0431 ], [ 0, 0, 0.1365, 0.8919, 1, 1, 1, 1, 1, 1, 1, 0.706, 0.2739, 0.3234, 0.2638, 0 ], [ 0, 0, 0, 0.298, 0.9842, 1, 1, 1, 1, 1, 1, 0.2552, 0, 0, 0, 0 ], [ 0, 0, 0, 0, 0.4066, 1, 0.9667, 0.8509, 0.5094, 0.3691, 0.3079, 0.0006, 0, 0, 0, 0 ], [ 0, 0, 0, 0, 0.0458, 0.0709, 0.0082, 0, 0, 0, 0, 0, 0, 0, 0, 0 ] ], "xmin": 24.75, "xmax": 25.416666666666668, "ymin": 57.208333333333321, "ymax": 57.541666666666657 }, "geometry": { "type": "MultiPolygon", "coordinates": [ [ [ [ 25.38882, 57.38773549900003 ], [ 25.362961919000043, 57.368021501000044 ], [ 25.356283160000032, 57.359397113000057 ], [ 25.352077322000071, 57.358231175000071 ], [ 25.340244434000056, 57.359198997000078 ], [ 25.333448068000052, 57.364707968000062 ], [ 25.324325487000067, 57.363716517000057 ], [ 25.321465505000049, 57.358027353000068 ], [ 25.312495140000067, 57.364496307000081 ], [ 25.303839027000038, 57.358129966000035 ], [ 25.277099375000034, 57.366534707000028 ], [ 25.267972816000054, 57.36350329000004 ], [ 25.26022484300006, 57.364724699000078 ], [ 25.25781283300006, 57.360718897000027 ], [ 25.237760621000064, 57.35925592500007 ], [ 25.233728942000027, 57.34919835200003 ], [ 25.226702231000047, 57.342326768000078 ], [ 25.2268, 57.338303999000061 ], [ 25.221752822000042, 57.335010949000036 ], [ 25.221576685000059, 57.322243811000078 ], [ 25.217015642000035, 57.317666104000068 ], [ 25.224287890000028, 57.312387062000028 ], [ 25.213546, 57.297005499000079 ], [ 25.207052173000022, 57.288190888000031 ], [ 25.193246596000051, 57.284438806000082 ], [ 25.191759162000039, 57.278943766000054 ], [ 25.17729184600006, 57.270950405000065 ], [ 25.164541632000066, 57.275375828000051 ], [ 25.153426314000058, 57.272804151000059 ], [ 25.144326547000048, 57.276960214000042 ], [ 25.139255068000068, 57.279210739000064 ], [ 25.110362508000037, 57.276122620000081 ], [ 25.09371456100007, 57.263947944000051 ], [ 25.078460500000062, 57.258156499000052 ], [ 25.072574282000062, 57.260082390000036 ], [ 25.058996550000074, 57.25320774000005 ], [ 25.042625159000067, 57.254874287000064 ], [ 25.025896758000044, 57.249858267000036 ], [ 25.014949068000078, 57.252674655000078 ], [ 24.994349107000062, 57.244316364000042 ], [ 24.972041900000079, 57.249664235000068 ], [ 24.954418888000077, 57.244838994000077 ], [ 24.938351797000053, 57.248572238000065 ], [ 24.930901, 57.245455499000059 ], [ 24.941195493000066, 57.253191976000039 ], [ 24.941349273000071, 57.263312823000035 ], [ 24.949181061000047, 57.270681488000037 ], [ 24.950292341000079, 57.277713470000037 ], [ 24.931202121000069, 57.286161776000029 ], [ 24.919728303000056, 57.296366894000073 ], [ 24.907372304000035, 57.297809911000058 ], [ 24.906292449000034, 57.302929855000059 ], [ 24.899873514000035, 57.309358 ], [ 24.891118363000032, 57.313116643000058 ], [ 24.902317332000052, 57.320745392000049 ], [ 24.908166185000027, 57.332655308000028 ], [ 24.881940128000053, 57.338561595000044 ], [ 24.88591271100006, 57.345914076000042 ], [ 24.87413286900005, 57.350867310000069 ], [ 24.861102233000054, 57.367339045000051 ], [ 24.858851738000055, 57.374873621000063 ], [ 24.848879881000073, 57.37983709000008 ], [ 24.851263, 57.384244999000032 ], [ 24.853685530000064, 57.388822874000027 ], [ 24.841337052000029, 57.398689331000071 ], [ 24.837938897000072, 57.404963260000045 ], [ 24.806999003000044, 57.413373240000055 ], [ 24.792386517000068, 57.412030734000041 ], [ 24.79274196700004, 57.417561409000029 ], [ 24.787180569000043, 57.422590515000081 ], [ 24.787532309000028, 57.426629285000047 ], [ 24.792571671000076, 57.429797418000078 ], [ 24.804383900000062, 57.426281671000027 ], [ 24.813557509000077, 57.427261010000052 ], [ 24.830233836000048, 57.41845064000006 ], [ 24.842108676000066, 57.419630856000026 ], [ 24.864192102000061, 57.411859865000054 ], [ 24.873072898000032, 57.42006169900003 ], [ 24.891257542000062, 57.429122002000042 ], [ 24.913163636000036, 57.430460910000079 ], [ 24.964413715000035, 57.452889717000062 ], [ 24.989354611000067, 57.458021901000052 ], [ 24.985816373000034, 57.466994981000028 ], [ 25.008688973000062, 57.468244517000073 ], [ 25.010342129000037, 57.476190951000035 ], [ 25.021139141000049, 57.480710990000034 ], [ 25.032270302000029, 57.481689254000059 ], [ 25.041451548000055, 57.478220732000068 ], [ 25.05181381500006, 57.480473909000068 ], [ 25.063915260000044, 57.48941362100004 ], [ 25.052159607000078, 57.496275209000032 ], [ 25.063146108000069, 57.504399859000046 ], [ 25.076145500000052, 57.50176699900004 ], [ 25.086873742000023, 57.491408799000055 ], [ 25.08846985200006, 57.489588721000075 ], [ 25.091156779000073, 57.48884961400006 ], [ 25.111021018000031, 57.491408799000055 ], [ 25.114915067000027, 57.494273129000078 ], [ 25.120015458000069, 57.496136574000047 ], [ 25.125353761000042, 57.491408799000055 ], [ 25.142510707000042, 57.483322606000058 ], [ 25.143336047000048, 57.478419258000031 ], [ 25.136504482000078, 57.468054036000069 ], [ 25.134505258000047, 57.453802809000081 ], [ 25.144326547000048, 57.451089836000051 ], [ 25.160074653000038, 57.447622438000053 ], [ 25.17108668000003, 57.441194076000045 ], [ 25.183677374000069, 57.430850399000064 ], [ 25.190708707000056, 57.41673213100006 ], [ 25.200528465000048, 57.411908394000079 ], [ 25.219835936000038, 57.412697508000065 ], [ 25.226034578000053, 57.423558769000067 ], [ 25.246465521000061, 57.41486498900008 ], [ 25.25440158300006, 57.415616339000053 ], [ 25.272534713000027, 57.398801061000029 ], [ 25.285176714000045, 57.39917756300008 ], [ 25.290540389000057, 57.395513090000065 ], [ 25.308500784000046, 57.400188729000035 ], [ 25.312246562000041, 57.409189798000057 ], [ 25.326129328000036, 57.410493531000043 ], [ 25.330207951000034, 57.407971644000042 ], [ 25.327429869000071, 57.401380764000066 ], [ 25.339839246000054, 57.400545535000049 ], [ 25.35316780200003, 57.392759726000065 ], [ 25.347338139000044, 57.384817037000062 ], [ 25.354474494000044, 57.383895922000079 ], [ 25.362961919000043, 57.389113273000078 ], [ 25.375169184000072, 57.384680960000082 ], [ 25.38056348300006, 57.389311393000071 ], [ 25.38882, 57.38773549900003 ] ] ] ] } },
{ "type": "Feature", "properties": { "GISCO_ID": "LV_0427700", "CNTR_CODE": "LV", "LAU_ID": "0427700", "LAU_NAME": "Raunas novads", "cell_coverage": [ [ 0, 0, 0, 0.3427, 0.1675, 0, 0, 0, 0, 0, 0, 0, 0, 0 ], [ 0.0145, 0.1542, 0.3108, 0.956, 0.7313, 0.0008, 0, 0, 0, 0, 0, 0, 0, 0 ], [ 0.4498, 0.9881, 1, 1, 1, 0.3212, 0, 0, 0, 0, 0, 0, 0, 0 ], [ 0, 0.5783, 0.9828, 1, 1, 0.6042, 0.0181, 0, 0, 0, 0, 0, 0.0021, 0 ], [ 0, 0, 0.3897, 0.4047, 0.3456, 0.3752, 0.687, 0.8201, 0.7149, 0.8722, 0.8732, 0.9409, 0.807, 0.1849 ], [ 0, 0, 0, 0, 0, 0.0628, 0.9704, 0.918, 1, 1, 1, 0.9711, 0.0552, 0.0211 ], [ 0, 0, 0, 0, 0, 0, 0.0436, 0.0171, 0.3691, 0.5365, 0.3864, 0.0985, 0, 0 ] ], "xmin": 25.5, "xmax": 26.083333333333332, "ymin": 57.166666666666657, "ymax": 57.458333333333321 }, "geometry": { "type": "MultiPolygon", "coordinates": [ [ [ [ 26.050519, 57.26650599900006 ], [ 26.060040110000045, 57.250710058000038 ], [ 26.046682539000074, 57.246628623000049 ], [ 26.043331462000026, 57.246028101000036 ], [ 26.033490172000029, 57.251968202000057 ], [ 26.006031593000046, 57.250060608000069 ], [ 25.997875456000031, 57.244977268000071 ], [ 26.001189230000023, 57.22485873200003 ], [ 26.009913536000056, 57.22084033200008 ], [ 26.010475, 57.216397999000037 ], [ 26.000442453000062, 57.215359361000083 ], [ 25.990403725000078, 57.208834330000059 ], [ 25.948965656000041, 57.193781422000029 ], [ 25.922600849000048, 57.190373306000026 ], [ 25.914302715000076, 57.18319450100006 ], [ 25.902506887000072, 57.188325074000034 ], [ 25.887160738000034, 57.184446222000076 ], [ 25.871133774000043, 57.188587366000036 ], [ 25.860390986000027, 57.186843939000028 ], [ 25.851012915000069, 57.195019751000075 ], [ 25.834379242000068, 57.201122170000076 ], [ 25.82345173300007, 57.208834330000059 ], [ 25.823428987000057, 57.210712128000068 ], [ 25.821968739000056, 57.213222323000082 ], [ 25.802780485000028, 57.213270484000077 ], [ 25.780508976000078, 57.208834330000059 ], [ 25.772586, 57.205792999000039 ], [ 25.758841162000067, 57.203726750000044 ], [ 25.75009844300007, 57.208834330000059 ], [ 25.745068509000077, 57.210930737000069 ], [ 25.74323643200006, 57.220682533000058 ], [ 25.754610906000039, 57.243493320000027 ], [ 25.747136597000065, 57.251586198000041 ], [ 25.759903334000057, 57.271330517000081 ], [ 25.756809500000031, 57.274586499000065 ], [ 25.765557390000026, 57.28262133100003 ], [ 25.808520141000031, 57.285939320000068 ], [ 25.821968739000056, 57.283276374000081 ], [ 25.844866821000039, 57.278107892000037 ], [ 25.888450968000029, 57.283382163000056 ], [ 25.889482121000071, 57.289003299000058 ], [ 25.892519482000068, 57.29017262900004 ], [ 25.903020327000036, 57.290637784000069 ], [ 25.907708748000061, 57.284781226000064 ], [ 25.933653765000031, 57.288626871000076 ], [ 25.948862907000034, 57.283351191000065 ], [ 25.958476438000048, 57.287205392000033 ], [ 26.013164152000058, 57.292491362000078 ], [ 26.019397156000025, 57.27939193900005 ], [ 26.046682539000074, 57.280076354000073 ], [ 26.050519, 57.26650599900006 ] ] ], [ [ [ 25.598109500000078, 57.266311499000039 ], [ 25.590856019000057, 57.278722859000027 ], [ 25.59926215400003, 57.288780662000079 ], [ 25.589505668000072, 57.29337010900008 ], [ 25.583919077000076, 57.298210626000071 ], [ 25.574809748000064, 57.297833961000038 ], [ 25.559394267000073, 57.303111991000037 ], [ 25.563818301000026, 57.309054590000073 ], [ 25.55087560100003, 57.312923087000058 ], [ 25.548012060000076, 57.33437960200007 ], [ 25.536737434000031, 57.342148178000059 ], [ 25.513357104000079, 57.35080608100003 ], [ 25.508539840000026, 57.35916277900003 ], [ 25.509796548000054, 57.36498146200006 ], [ 25.518004396000038, 57.366256282000052 ], [ 25.536793314000079, 57.378345661000083 ], [ 25.561847838000062, 57.378750401000048 ], [ 25.569379003000051, 57.384437754000032 ], [ 25.581106660000046, 57.38621949800006 ], [ 25.58535061200007, 57.385314328000049 ], [ 25.585272389000068, 57.380899014000079 ], [ 25.589505668000072, 57.379218536000053 ], [ 25.605423785000028, 57.379621932000077 ], [ 25.611854486000027, 57.398861061000048 ], [ 25.627901881000071, 57.402927674000068 ], [ 25.631560132000061, 57.407842294000034 ], [ 25.629256497000029, 57.412787760000072 ], [ 25.639927202000024, 57.421944173000043 ], [ 25.640979677000075, 57.427336423000042 ], [ 25.650872961000061, 57.44073370600006 ], [ 25.663586, 57.443160999000042 ], [ 25.705214197000032, 57.403442211000026 ], [ 25.703764570000033, 57.400100984000062 ], [ 25.687090900000044, 57.396695399000066 ], [ 25.685049305000064, 57.392063559000064 ], [ 25.689650542000038, 57.38725443900006 ], [ 25.703012510000065, 57.382449978000068 ], [ 25.715212645000065, 57.369404861000078 ], [ 25.716075329000034, 57.350889799000072 ], [ 25.745846993000043, 57.333414877000052 ], [ 25.75921720100007, 57.330096041000047 ], [ 25.757837881000057, 57.327728898000032 ], [ 25.735980105000067, 57.327251029000081 ], [ 25.723883366000052, 57.320533193000074 ], [ 25.725011337000069, 57.316574359000072 ], [ 25.735963755000057, 57.313945279000052 ], [ 25.731217488000027, 57.297610585000029 ], [ 25.723769437000044, 57.289499761000059 ], [ 25.736973500000033, 57.27759499900003 ], [ 25.738079438000057, 57.270000667000033 ], [ 25.720770440000024, 57.262506561000066 ], [ 25.708342286000061, 57.268314406000059 ], [ 25.706846304000067, 57.275890740000079 ], [ 25.686744927000063, 57.275153715000044 ], [ 25.682220041000051, 57.279475102000049 ], [ 25.665149743000029, 57.28061875700007 ], [ 25.62652819300007, 57.268998886000077 ], [ 25.617126492000068, 57.268119502000047 ], [ 25.605897860000027, 57.272544939000056 ], [ 25.598109500000078, 57.266311499000039 ] ] ] ] } },
{ "type": "Feature", "properties": { "GISCO_ID": "LV_0429300", "CNTR_CODE": "LV", "LAU_ID": "0429300", "LAU_NAME": "Vecpiebalgas novads", "cell_coverage": [ [ 0, 0, 0, 0, 0.2999, 0.5953, 0.6544, 0.4513, 0.0614, 0, 0, 0, 0 ], [ 0, 0, 0, 0.4519, 0.9984, 1, 1, 0.9372, 0.0191, 0, 0, 0, 0 ], [ 0, 0, 0, 0.4399, 1, 1, 1, 1, 0.3619, 0, 0, 0, 0 ], [ 0, 0, 0.0626, 0.8138, 1, 1, 1, 1, 0.7606, 0.1404, 0.0078, 0, 0 ], [ 0, 0, 0.0005, 0.0436, 0.7615, 1, 1, 1, 1, 1, 0.8753, 0.3294, 0.023 ], [ 0, 0, 0, 0.1511, 0.7206, 1, 1, 1, 1, 1, 1, 0.6926, 0 ], [ 0.0211, 0.3408, 0.6691, 0.9691, 1, 1, 1, 1, 1, 1, 1, 0.4674, 0.015 ], [ 0.0416, 0.1235, 0.1554, 0.462, 0.3878, 0.6912, 0.5217, 0.0649, 0.4454, 0.4046, 0.9069, 0.8546, 0.1138 ] ], "xmin": 25.416666666666664, "xmax": 25.958333333333332, "ymin": 56.958333333333321, "ymax": 57.291666666666657 }, "geometry": { "type": "MultiPolygon", "coordinates": [ [ [ [ 25.490848, 56.997521499000072 ], [ 25.474858515000051, 56.997292856000058 ], [ 25.470159534000061, 56.995997403000047 ], [ 25.469090013000027, 56.986899391000065 ], [ 25.450518500000044, 56.99083149900008 ], [ 25.452153534000047, 57.002362542000071 ], [ 25.456267339000078, 57.007682299000066 ], [ 25.46832747600007, 57.006404530000054 ], [ 25.479577516000063, 57.000310134000074 ], [ 25.489827433000073, 57.007996210000044 ], [ 25.495927855000048, 57.017767217000028 ], [ 25.479847002000042, 57.028825062000067 ], [ 25.481554978000077, 57.034707285000081 ], [ 25.486573260000057, 57.038591302000043 ], [ 25.499347106000073, 57.036009725000042 ], [ 25.513031299000033, 57.024995409000041 ], [ 25.533160781000049, 57.025308906000078 ], [ 25.536215556000059, 57.027373388000058 ], [ 25.536338993000072, 57.032026462000033 ], [ 25.55234125000004, 57.039330784000072 ], [ 25.561912841000037, 57.048951690000081 ], [ 25.589511696000045, 57.058556835000047 ], [ 25.609462839000059, 57.073432156000081 ], [ 25.597743603000026, 57.101277995000032 ], [ 25.582743307000044, 57.107173618000047 ], [ 25.588706506000051, 57.111852440000064 ], [ 25.584482858000058, 57.122754051000072 ], [ 25.543113371000061, 57.12354963100006 ], [ 25.529416959000059, 57.12935483900003 ], [ 25.531423381000025, 57.134329750000063 ], [ 25.543825016000028, 57.139473703000078 ], [ 25.555439500000034, 57.153892499000051 ], [ 25.559986954000067, 57.158714607000036 ], [ 25.556401023000035, 57.165910432000032 ], [ 25.55694532800004, 57.176289143000076 ], [ 25.571235963000049, 57.186877868000067 ], [ 25.566317588000061, 57.212536915000044 ], [ 25.569814485000052, 57.219656864000058 ], [ 25.560768, 57.219963999000072 ], [ 25.55254248600005, 57.226423992000036 ], [ 25.550618659000065, 57.235428686000034 ], [ 25.576979524000024, 57.241737121000028 ], [ 25.589505668000072, 57.253488556000036 ], [ 25.601358750000031, 57.250703308000027 ], [ 25.605765738000059, 57.25233094400005 ], [ 25.597508534000042, 57.259880664000036 ], [ 25.598109500000078, 57.266311499000039 ], [ 25.605897860000027, 57.272544939000056 ], [ 25.617126492000068, 57.268119502000047 ], [ 25.62652819300007, 57.268998886000077 ], [ 25.665149743000029, 57.28061875700007 ], [ 25.682220041000051, 57.279475102000049 ], [ 25.686744927000063, 57.275153715000044 ], [ 25.706846304000067, 57.275890740000079 ], [ 25.708342286000061, 57.268314406000059 ], [ 25.720770440000024, 57.262506561000066 ], [ 25.738079438000057, 57.270000667000033 ], [ 25.736973500000033, 57.27759499900003 ], [ 25.756809500000031, 57.274586499000065 ], [ 25.759903334000057, 57.271330517000081 ], [ 25.747136597000065, 57.251586198000041 ], [ 25.754610906000039, 57.243493320000027 ], [ 25.74323643200006, 57.220682533000058 ], [ 25.745068509000077, 57.210930737000069 ], [ 25.75009844300007, 57.208834330000059 ], [ 25.758841162000067, 57.203726750000044 ], [ 25.772586, 57.205792999000039 ], [ 25.773800204000054, 57.202303465000057 ], [ 25.767336901000078, 57.194918132000055 ], [ 25.770086949000074, 57.190236691000052 ], [ 25.764241520000041, 57.186932508000041 ], [ 25.759099629000048, 57.17844285700005 ], [ 25.767620079000039, 57.173817476000067 ], [ 25.761776557000076, 57.171196151000061 ], [ 25.765862749000064, 57.16613906200007 ], [ 25.775484285000061, 57.164938095000082 ], [ 25.779370075000031, 57.160354640000037 ], [ 25.771991266000043, 57.155255953000051 ], [ 25.771173689000022, 57.149021023000046 ], [ 25.80224522900005, 57.133523869000044 ], [ 25.817782115000057, 57.13065677700007 ], [ 25.821968739000056, 57.125150173000065 ], [ 25.852546707000045, 57.125912313000072 ], [ 25.86587442900003, 57.11596733600004 ], [ 25.871160472000042, 57.104393205000065 ], [ 25.886939056000074, 57.095147471000075 ], [ 25.921547, 57.098238999000046 ], [ 25.91996217600007, 57.090091604000065 ], [ 25.910254040000041, 57.076403792000065 ], [ 25.904482202000054, 57.060667177000028 ], [ 25.895844726000064, 57.050930467000057 ], [ 25.89369840300003, 57.03628754500005 ], [ 25.887921732000052, 57.029695245000028 ], [ 25.889851295000028, 57.018975029000046 ], [ 25.885602980000044, 57.010042411000029 ], [ 25.88980235300005, 57.00702984600008 ], [ 25.903104069000051, 57.00913754100003 ], [ 25.925844397000049, 57.001285092000046 ], [ 25.923874157000057, 56.995805553000082 ], [ 25.919640168000058, 56.993829131000041 ], [ 25.924751379000043, 56.984159215000034 ], [ 25.92519874900006, 56.97342756900008 ], [ 25.888821, 56.961981999000045 ], [ 25.879045413000028, 56.959564638000074 ], [ 25.848045848000027, 56.959660663000079 ], [ 25.840979018000041, 56.968328609000082 ], [ 25.828279936000058, 56.97293998400005 ], [ 25.820174173000055, 56.98232818200006 ], [ 25.808107645000064, 56.988694287000044 ], [ 25.790050109000049, 56.98614092400004 ], [ 25.776102894000076, 56.976738527000066 ], [ 25.756670357000075, 56.982252179000056 ], [ 25.743793562000064, 56.996548433000044 ], [ 25.716505839000035, 56.999996712000041 ], [ 25.712080541000034, 56.997944275000066 ], [ 25.701999744000034, 56.982942158000071 ], [ 25.662595758000066, 56.968746724000027 ], [ 25.633596631000046, 56.961986124000077 ], [ 25.628302465000047, 56.971743832000072 ], [ 25.635433124000031, 56.980801202000066 ], [ 25.631019237000032, 56.987437667000052 ], [ 25.639144414000043, 56.991923106000058 ], [ 25.638691333000054, 56.997472375000029 ], [ 25.603718909000065, 56.98184989400005 ], [ 25.560824658000058, 56.978100881000046 ], [ 25.534673921000035, 56.990681402000064 ], [ 25.524229266000077, 56.991105916000038 ], [ 25.506808274000036, 56.998811598000032 ], [ 25.490848, 56.997521499000072 ] ] ] ] } },
{ "type": "Feature", "properties": { "GISCO_ID": "LV_0440200", "CNTR_CODE": "LV", "LAU_ID": "0440200", "LAU_NAME": "Daugavpils novads", "cell_coverage": [ [ 0, 0, 0.3944, 0.8104, 0.6226, 0.4058, 0.2864, 0, 0.0004, 0, 0, 0, 0, 0, 0, 0, 0, 0, 0 ], [ 0, 0, 0.1082, 0.9845, 1, 1, 0.9938, 0.1694, 0.7019, 0.1953, 0.2349, 0.1298, 0, 0, 0.0953, 0.0493, 0.066, 0, 0 ], [ 0, 0, 0.0143, 0.9866, 1, 1, 1, 1, 1, 1, 0.9995, 0.9336, 0.6165, 0.6563, 0.9758, 0.9746, 0.5523, 0, 0 ], [ 0, 0, 0, 0.7573, 1, 1, 1, 1, 1, 1, 1, 1, 1, 1, 1, 1, 0.989, 0.5223, 0.0534 ], [ 0, 0, 0, 0.4306, 1, 1, 1, 1, 1, 1, 1, 1, 1, 1, 1, 1, 1, 0.8698, 0.0738 ], [ 0, 0.0047, 0.2925, 0.5455, 1, 1, 1, 1, 1, 1, 1, 1, 1, 1, 1, 1, 1, 0.6082, 0.0017 ], [ 0, 0.2861, 0.9846, 1, 1, 0.9528, 0.9118, 1, 0.6932, 0.6037, 1, 1, 1, 1, 1, 1, 1, 0.7562, 0.0257 ], [ 0, 0.6618, 1, 1, 1, 0.8854, 0.2141, 0.1872, 0.0127, 0.34, 1, 1, 1, 1, 1, 1, 1, 0.4263, 0 ], [ 0, 0.0132, 0.5504, 1, 1, 1, 0.6797, 0.3215, 0.545, 0.7096, 0.9934, 1, 1, 1, 1, 1, 1, 0.9397, 0.4706 ], [ 0.1695, 0.8218, 0.8375, 1, 1, 1, 1, 1, 1, 1, 1, 1, 1, 1, 1, 1, 1, 0.97, 0.3084 ], [ 0.0003, 0.5314, 0.9876, 1, 1, 1, 1, 1, 1, 1, 1, 1, 1, 1, 1, 1, 0.8067, 0.0599, 0 ], [ 0, 0, 0.1101, 0.3579, 0.9741, 0.9784, 1, 1, 1, 1, 1, 1, 1, 1, 1, 0.945, 0.126, 0, 0 ], [ 0, 0, 0, 0, 0.019, 0.0185, 0.2683, 0.6499, 0.7253, 0.7394, 0.2939, 0.0825, 0.3584, 0.6573, 0.2099, 0.0142, 0, 0, 0 ] ], "xmin": 26.208333333333329, "xmax": 26.999999999999996, "ymin": 55.666666666666657, "ymax": 56.208333333333321 }, "geometry": { "type": "MultiPolygon", "coordinates": [ [ [ [ 26.630365, 55.680666999000039 ], [ 26.618436666000036, 55.680840193000051 ], [ 26.597805680000079, 55.675148466000053 ], [ 26.578003742000078, 55.675766292000048 ], [ 26.570414155000037, 55.679821220000065 ], [ 26.534072478000041, 55.676847169000041 ], [ 26.518540439000049, 55.679808989000037 ], [ 26.51118417400005, 55.686760744000082 ], [ 26.497146688000043, 55.686774438000043 ], [ 26.492597186000069, 55.689065794000044 ], [ 26.489492092000035, 55.695696490000046 ], [ 26.439137237000068, 55.709368384000072 ], [ 26.404422434000026, 55.711053022000044 ], [ 26.387895474000061, 55.70517325600008 ], [ 26.382308403000025, 55.706099929000061 ], [ 26.375536199000067, 55.710456056000055 ], [ 26.365476532000059, 55.731176606000076 ], [ 26.351272619000042, 55.741001063000056 ], [ 26.311816960000044, 55.743519631000026 ], [ 26.26926418100004, 55.767661345000079 ], [ 26.231163, 55.812847499000043 ], [ 26.264656156000058, 55.828792813000064 ], [ 26.303947344000051, 55.821357710000029 ], [ 26.322246140000061, 55.824121835000028 ], [ 26.312016590000042, 55.833867668000039 ], [ 26.322572108000031, 55.84262646600007 ], [ 26.320996704000038, 55.85722747300008 ], [ 26.303371711000068, 55.858989831000031 ], [ 26.290567365000072, 55.871916973000054 ], [ 26.272900320000076, 55.876363669000057 ], [ 26.257128285000078, 55.897367197000051 ], [ 26.266150321000055, 55.914988993000065 ], [ 26.299397592000048, 55.925057089000063 ], [ 26.295429193000075, 55.92809212800006 ], [ 26.281248656000059, 55.92862337400004 ], [ 26.273104321000062, 55.933661476000054 ], [ 26.27325047000005, 55.942751025000064 ], [ 26.285300923000023, 55.958338028000071 ], [ 26.31458839000004, 55.970118470000045 ], [ 26.325762775000044, 55.979522170000052 ], [ 26.362573171000065, 55.977830291000032 ], [ 26.374692867000078, 55.987380255000062 ], [ 26.356313491000037, 56.016411109000046 ], [ 26.351917241000024, 56.042286494000052 ], [ 26.341234649000057, 56.065670428000033 ], [ 26.333445, 56.096426499000074 ], [ 26.331391647000032, 56.126526084000034 ], [ 26.336045220000074, 56.137883979000037 ], [ 26.335546801000078, 56.144017413000029 ], [ 26.311072053000032, 56.171579724000082 ], [ 26.291271, 56.181150499000069 ], [ 26.306410091000032, 56.188487872000053 ], [ 26.318742737000036, 56.190505896000047 ], [ 26.326775754000039, 56.188012004000029 ], [ 26.332604500000059, 56.19062849900007 ], [ 26.367105442000025, 56.207500247000041 ], [ 26.403006043000062, 56.189510291000033 ], [ 26.421503806000032, 56.17613844300007 ], [ 26.456527902000062, 56.191791747000082 ], [ 26.497146688000043, 56.168196352000052 ], [ 26.50765989100006, 56.129949425000063 ], [ 26.532454905000066, 56.128840350000075 ], [ 26.553300210000032, 56.131378920000031 ], [ 26.551370119000069, 56.139967121000041 ], [ 26.544604099000026, 56.147753950000038 ], [ 26.544565016000035, 56.157741700000031 ], [ 26.558147270000063, 56.167321567000045 ], [ 26.57713665700004, 56.157572498000036 ], [ 26.576668331000064, 56.150360139000043 ], [ 26.571517105000055, 56.14526649700008 ], [ 26.579602272000045, 56.142625659000032 ], [ 26.588148319000027, 56.135200301000054 ], [ 26.600632868000048, 56.136776270000041 ], [ 26.626397786000041, 56.12425216500003 ], [ 26.643567500000074, 56.139395999000044 ], [ 26.689361656000074, 56.132146359000046 ], [ 26.701569612000071, 56.118188376000035 ], [ 26.705310628000063, 56.108116047000067 ], [ 26.716543646000048, 56.109231986000054 ], [ 26.732056242000056, 56.110162787000036 ], [ 26.753400456000065, 56.10627499900005 ], [ 26.765627639000058, 56.108574614000077 ], [ 26.77979487500005, 56.112400765000075 ], [ 26.822818679000079, 56.134328593000077 ], [ 26.837320294000051, 56.129588174000048 ], [ 26.84602316400003, 56.119211861000053 ], [ 26.862667386000055, 56.128475627000057 ], [ 26.880579361000059, 56.128968744000076 ], [ 26.885723, 56.13346849900006 ], [ 26.89011043000005, 56.133555772000079 ], [ 26.893574500000057, 56.129078999000058 ], [ 26.894749882000042, 56.122895338000035 ], [ 26.88963697500003, 56.105403258000081 ], [ 26.904931976000057, 56.09467666200004 ], [ 26.914999968000075, 56.077833832000067 ], [ 26.930013377000023, 56.067308818000072 ], [ 26.933060986000044, 56.059819795000067 ], [ 26.970069698000032, 56.060203797000042 ], [ 26.967729557000041, 56.052615396000078 ], [ 26.956747150000069, 56.049373166000066 ], [ 26.958829850000029, 56.045024435000073 ], [ 26.95319042400007, 56.045635330000039 ], [ 26.948896120000029, 56.038588021000066 ], [ 26.95134020100005, 56.033000246000029 ], [ 26.963523379000037, 56.024726158000078 ], [ 26.96582614600004, 56.015926413000045 ], [ 26.970418500000051, 56.011187499000073 ], [ 26.932240796000031, 56.00239829700007 ], [ 26.941192580000063, 55.995293308000043 ], [ 26.936356893000038, 55.986331025000027 ], [ 26.943471256000066, 55.965982421000035 ], [ 26.958034325000028, 55.96129849700003 ], [ 26.964937683000073, 55.953165725000076 ], [ 26.961852192000038, 55.949041238000063 ], [ 26.948493821000056, 55.947149556000056 ], [ 26.935767268000063, 55.938810229000069 ], [ 26.936687187000075, 55.933486542000082 ], [ 26.954937567000059, 55.924135848000049 ], [ 26.946405991000063, 55.912847812000052 ], [ 26.933870443000046, 55.906794155000057 ], [ 26.929206436000072, 55.891068314000051 ], [ 26.933051004000049, 55.882815236000056 ], [ 26.932439694000038, 55.874540161000027 ], [ 26.937503233000029, 55.871345030000043 ], [ 26.983418743000072, 55.867515130000072 ], [ 26.983875982000029, 55.855397605000064 ], [ 26.979523314000062, 55.847753380000029 ], [ 26.982024911000053, 55.842396691000033 ], [ 26.976195159000042, 55.834590791000039 ], [ 26.982187181000029, 55.826439999000058 ], [ 26.978542, 55.814583999000035 ], [ 26.973033690000022, 55.813594873000056 ], [ 26.965954131000046, 55.805197384000053 ], [ 26.953556025000069, 55.798224168000047 ], [ 26.947198550000053, 55.788638442000035 ], [ 26.939701599000045, 55.788769731000059 ], [ 26.927249569000026, 55.789782123000066 ], [ 26.919868696000037, 55.786641325000062 ], [ 26.90009565500003, 55.758360279000044 ], [ 26.900082128000065, 55.750915792000058 ], [ 26.876603239000076, 55.734751050000057 ], [ 26.877959670000052, 55.72722643000003 ], [ 26.870538409000062, 55.713258421000035 ], [ 26.800581170000044, 55.697786585000074 ], [ 26.783224205000067, 55.678729932000067 ], [ 26.743690169000047, 55.682541259000061 ], [ 26.717524347000051, 55.702811367000038 ], [ 26.653763059000028, 55.707234604000064 ], [ 26.645542793000061, 55.704469130000064 ], [ 26.649909339000033, 55.699890829000083 ], [ 26.641887148000023, 55.695197416000042 ], [ 26.635383299000068, 55.682330833000037 ], [ 26.630365, 55.680666999000039 ] ], [ [ 26.438860102000035, 55.913508917000058 ], [ 26.48399846600006, 55.879340041000034 ], [ 26.477345086000071, 55.863303765000069 ], [ 26.482204749000061, 55.855358670000044 ], [ 26.492664625000032, 55.847041558000058 ], [ 26.490050703000065, 55.839836480000031 ], [ 26.492306443000075, 55.837051150000036 ], [ 26.503154705000043, 55.84901035200005 ], [ 26.542110928000056, 55.844302189000075 ], [ 26.549009116000036, 55.851468299000032 ], [ 26.559547404000057, 55.854921533000038 ], [ 26.565995405000024, 55.860400858000048 ], [ 26.608383037000067, 55.861935702000039 ], [ 26.629697412000041, 55.869182419000026 ], [ 26.611199209000063, 55.882156493000082 ], [ 26.612797455000077, 55.891336717000058 ], [ 26.606683115000067, 55.906963931000064 ], [ 26.60966185500007, 55.92556488300005 ], [ 26.590944229000058, 55.954191211000079 ], [ 26.537370133000024, 55.906592322000051 ], [ 26.518474543000025, 55.907760895000081 ], [ 26.464855269000054, 55.92470460800007 ], [ 26.451319099000045, 55.923743187000071 ], [ 26.438860102000035, 55.913508917000058 ] ] ] ] } },
{ "type": "Feature", "properties": { "GISCO_ID": "LV_0440801", "CNTR_CODE": "LV", "LAU_ID": "0440801", "LAU_NAME": "Ilūkstes novads", "cell_coverage": [ [ 0, 0, 0, 0, 0, 0, 0, 0, 0, 0.0011, 0.1181, 0.0001, 0, 0 ], [ 0, 0, 0, 0, 0, 0, 0, 0, 0.2124, 0.7677, 1, 0.7342, 0.4696, 0 ], [ 0, 0.3377, 0.3011, 0.0001, 0.0186, 0.0553, 0, 0.4534, 0.6514, 1, 1, 1, 0.7779, 0.0133 ], [ 0.0664, 0.796, 1, 0.6602, 0.8628, 0.9056, 0.772, 0.9996, 1, 1, 1, 1, 1, 0.2427 ], [ 0.011, 0.5925, 0.9944, 1, 1, 1, 1, 1, 1, 1, 1, 1, 1, 0.5694 ], [ 0, 0, 0.0374, 0.2853, 0.5591, 0.9007, 1, 1, 1, 1, 1, 0.9953, 0.7075, 0.4545 ], [ 0, 0, 0, 0, 0, 0.0058, 0.6552, 1, 1, 1, 1, 0.7139, 0.0154, 0 ], [ 0, 0, 0, 0, 0, 0, 0.0159, 0.595, 0.9505, 1, 1, 0.3382, 0, 0 ], [ 0, 0, 0, 0, 0, 0, 0, 0, 0.0223, 0.2623, 0.8483, 0.9868, 0.4496, 0 ], [ 0, 0, 0, 0, 0, 0, 0, 0, 0, 0, 0.1564, 0.1782, 0.1625, 0 ] ], "xmin": 25.791666666666664, "xmax": 26.375, "ymin": 55.791666666666657, "ymax": 56.208333333333321 }, "geometry": { "type": "MultiPolygon", "coordinates": [ [ [ [ 26.005234, 56.090861999000026 ], [ 26.027179215000046, 56.080919312000049 ], [ 26.035855625000067, 56.069219474000079 ], [ 26.046682539000074, 56.066843238000047 ], [ 26.062816381000061, 56.070460020000041 ], [ 26.068180247000043, 56.08078542800007 ], [ 26.077345872000024, 56.080204302000027 ], [ 26.089064603000054, 56.084848175000047 ], [ 26.091428872000051, 56.099086083000032 ], [ 26.10795011600004, 56.111601492000034 ], [ 26.115623803000062, 56.10868083400004 ], [ 26.128310510000063, 56.096237565000081 ], [ 26.135689097000068, 56.097209522000071 ], [ 26.145821374000036, 56.103145442000027 ], [ 26.150326388000053, 56.112710371000048 ], [ 26.14867698300003, 56.121229457000027 ], [ 26.137532026000031, 56.13058410800005 ], [ 26.21583886600007, 56.172029203000079 ], [ 26.247248575000071, 56.172189643000081 ], [ 26.255350264000072, 56.158300530000076 ], [ 26.25119582700006, 56.150772448000055 ], [ 26.26088191100007, 56.147980396000037 ], [ 26.266082642000072, 56.155431158000056 ], [ 26.273753476000024, 56.158155767000039 ], [ 26.282208570000023, 56.155677984000079 ], [ 26.292398523000031, 56.159329729000035 ], [ 26.300485084000059, 56.155331449000073 ], [ 26.316091979000078, 56.153735628000049 ], [ 26.318555874000026, 56.150485661000062 ], [ 26.316953461000026, 56.145618942000056 ], [ 26.324571521000053, 56.141677632000039 ], [ 26.320320750000064, 56.131177024000067 ], [ 26.316140737000069, 56.133281182000076 ], [ 26.310409411000023, 56.125812898000049 ], [ 26.319299863000026, 56.121869312000058 ], [ 26.32147186900005, 56.106959920000065 ], [ 26.317176374000042, 56.101462216000073 ], [ 26.333445, 56.096426499000074 ], [ 26.341234649000057, 56.065670428000033 ], [ 26.351917241000024, 56.042286494000052 ], [ 26.356313491000037, 56.016411109000046 ], [ 26.374692867000078, 55.987380255000062 ], [ 26.362573171000065, 55.977830291000032 ], [ 26.325762775000044, 55.979522170000052 ], [ 26.31458839000004, 55.970118470000045 ], [ 26.285300923000023, 55.958338028000071 ], [ 26.27325047000005, 55.942751025000064 ], [ 26.273104321000062, 55.933661476000054 ], [ 26.281248656000059, 55.92862337400004 ], [ 26.295429193000075, 55.92809212800006 ], [ 26.299397592000048, 55.925057089000063 ], [ 26.266150321000055, 55.914988993000065 ], [ 26.257128285000078, 55.897367197000051 ], [ 26.272900320000076, 55.876363669000057 ], [ 26.290567365000072, 55.871916973000054 ], [ 26.303371711000068, 55.858989831000031 ], [ 26.320996704000038, 55.85722747300008 ], [ 26.322572108000031, 55.84262646600007 ], [ 26.312016590000042, 55.833867668000039 ], [ 26.322246140000061, 55.824121835000028 ], [ 26.303947344000051, 55.821357710000029 ], [ 26.264656156000058, 55.828792813000064 ], [ 26.231163, 55.812847499000043 ], [ 26.234444378000035, 55.821571652000046 ], [ 26.229391397000029, 55.836718752000081 ], [ 26.204953059000047, 55.857669976000068 ], [ 26.185724402000062, 55.86718766000007 ], [ 26.17227697800007, 55.866494265000028 ], [ 26.150600746000066, 55.876399904000039 ], [ 26.118826077000051, 55.881050826000035 ], [ 26.090934302000051, 55.900656149000042 ], [ 26.066219792000027, 55.927527573000077 ], [ 26.046154500000057, 55.944105999000044 ], [ 26.043882880000069, 55.954860220000057 ], [ 26.011873104000074, 55.966344553000056 ], [ 25.998016244000041, 55.963967978000028 ], [ 25.988055864000046, 55.973776031000057 ], [ 25.975098933000027, 55.981079542000032 ], [ 25.947258720000036, 55.985098005000054 ], [ 25.89360696600005, 56.000520637000079 ], [ 25.859755194000059, 56.000451681000072 ], [ 25.850113111000041, 56.008043087000033 ], [ 25.858855753000057, 56.014944580000076 ], [ 25.857815849000076, 56.023057781000034 ], [ 25.850519008000049, 56.029821338000033 ], [ 25.835985808000032, 56.032965488000059 ], [ 25.825740908000057, 56.042968839000082 ], [ 25.821386500000074, 56.052178999000034 ], [ 25.835145079000029, 56.055325782000068 ], [ 25.846533, 56.075152631000037 ], [ 25.870528215000036, 56.083429241000033 ], [ 25.844718538000052, 56.10145628500004 ], [ 25.840330103000042, 56.115934870000046 ], [ 25.895495098000026, 56.097801014000026 ], [ 25.927200457000026, 56.076707181000074 ], [ 25.933867743000064, 56.066306062000081 ], [ 25.940487463000068, 56.061847987000078 ], [ 25.956135438000047, 56.06498188900008 ], [ 25.982145937000041, 56.080907969000066 ], [ 26.005234, 56.090861999000026 ] ], [ [ 26.320898777000025, 56.09180596200008 ], [ 26.326723580000078, 56.092041452000046 ], [ 26.327019295000071, 56.095888850000051 ], [ 26.323876548000044, 56.096734584000046 ], [ 26.320898777000025, 56.09180596200008 ] ] ] ] } },
{ "type": "Feature", "properties": { "GISCO_ID": "LV_0460200", "CNTR_CODE": "LV", "LAU_ID": "0460200", "LAU_NAME": "Dobeles novads", "cell_coverage": [ [ 0, 0, 0, 0, 0, 0, 0, 0, 0, 0, 0, 0, 0, 0, 0.1174, 0.1345, 0.1286, 0.3972, 0.1626 ], [ 0, 0, 0, 0, 0, 0, 0, 0, 0, 0, 0, 0, 0, 0.1593, 0.9108, 1, 1, 1, 0.5475 ], [ 0, 0, 0.0049, 0.0653, 0.0606, 0.122, 0.0854, 0, 0, 0, 0.1345, 0.2688, 0.1081, 0.4218, 0.9799, 1, 0.6191, 0.153, 0.0208 ], [ 0, 0.248, 0.7554, 1, 1, 1, 0.8862, 0.6579, 0.6192, 0.7285, 0.7975, 1, 0.9998, 1, 1, 1, 0.8279, 0.3427, 0 ], [ 0, 0, 0.5734, 1, 1, 1, 1, 1, 1, 1, 1, 1, 1, 1, 1, 1, 0.735, 0.1688, 0 ], [ 0.1425, 0.584, 0.9035, 1, 0.7852, 0.856, 0.9048, 1, 1, 1, 1, 1, 1, 1, 1, 0.9039, 0.4097, 0.1809, 0 ], [ 0.0588, 0.4605, 0.8276, 0.4447, 0.1609, 0.0018, 0.0056, 0.3722, 0.8955, 1, 1, 1, 1, 1, 0.8832, 0.9545, 0.6774, 0.0754, 0 ], [ 0, 0, 0.0075, 0, 0, 0, 0, 0, 0.7372, 1, 1, 1, 0.9601, 0.6811, 0.1384, 0.4318, 0.9196, 0.0137, 0 ], [ 0, 0, 0, 0, 0, 0, 0, 0, 0.3749, 0.8942, 0.991, 0.8217, 0.8471, 0.2269, 0, 0.0223, 0.0499, 0, 0 ], [ 0, 0, 0, 0, 0, 0, 0, 0, 0, 0.2016, 0.0363, 0, 0.0079, 0, 0, 0, 0, 0, 0 ] ], "xmin": 22.75, "xmax": 23.541666666666668, "ymin": 56.416666666666657, "ymax": 56.833333333333321 }, "geometry": { "type": "MultiPolygon", "coordinates": [ [ [ [ 23.164320500000031, 56.445998999000039 ], [ 23.145427802000029, 56.446711650000054 ], [ 23.134806977000039, 56.451591615000041 ], [ 23.135695640000051, 56.475460294000072 ], [ 23.121102455000027, 56.476992469000038 ], [ 23.107489835000024, 56.473797705000038 ], [ 23.096040784000024, 56.484488170000077 ], [ 23.09401256700005, 56.49249033600006 ], [ 23.102129552000065, 56.497442506000027 ], [ 23.095034989000055, 56.502956464000079 ], [ 23.097957871000062, 56.507072853000068 ], [ 23.09153290200004, 56.525157303000071 ], [ 23.096285522000073, 56.530134485000076 ], [ 23.083674386000041, 56.548171907000039 ], [ 23.08797732000005, 56.550013483000043 ], [ 23.099773360000029, 56.546503280000081 ], [ 23.102655683000023, 56.548620515000039 ], [ 23.101845614000069, 56.551853261000076 ], [ 23.083900938000056, 56.562113826000029 ], [ 23.067953350000039, 56.558637480000073 ], [ 23.058725279000043, 56.574034704000042 ], [ 23.043899413000076, 56.576172128000053 ], [ 23.031220054000073, 56.590380841000069 ], [ 22.980730901000072, 56.582406846000026 ], [ 22.96326558800007, 56.601344668000081 ], [ 22.931954992000044, 56.594762923000076 ], [ 22.929658006000068, 56.592651745000069 ], [ 22.933790728000076, 56.585028058000034 ], [ 22.943838783000047, 56.579774100000066 ], [ 22.944758413000045, 56.575869065000063 ], [ 22.924729257000024, 56.571135115000061 ], [ 22.897455188000038, 56.57011619900004 ], [ 22.888373805000072, 56.557821121000075 ], [ 22.857241832000057, 56.555043025000032 ], [ 22.851752015000045, 56.541955803000064 ], [ 22.844911190000062, 56.539332444000081 ], [ 22.829333416000054, 56.546586249000029 ], [ 22.825325798000051, 56.556276368000056 ], [ 22.831372651000038, 56.563911889000053 ], [ 22.829575632000058, 56.566895370000054 ], [ 22.774708500000031, 56.56120499900004 ], [ 22.782278526000027, 56.569999929000062 ], [ 22.798003764000043, 56.568733481000038 ], [ 22.803325505000032, 56.571374770000034 ], [ 22.792907769000067, 56.578411770000059 ], [ 22.783061074000045, 56.590415200000052 ], [ 22.778059076000034, 56.602488156000049 ], [ 22.779268426000044, 56.608187437000026 ], [ 22.836913216000028, 56.607287644000053 ], [ 22.843066160000035, 56.614121768000075 ], [ 22.84838508100006, 56.633491825000078 ], [ 22.86167329400007, 56.641910514000074 ], [ 22.855757554000036, 56.650647168000035 ], [ 22.845342106000032, 56.658436480000034 ], [ 22.839491570000064, 56.672035444000073 ], [ 22.834065072000044, 56.677350273000059 ], [ 22.798398268000028, 56.680679486000031 ], [ 22.807527027000049, 56.692487311000036 ], [ 22.820532, 56.693411499000035 ], [ 22.845466696000074, 56.692534927000054 ], [ 22.850972693000074, 56.703692534000027 ], [ 22.859910513000045, 56.70210505600005 ], [ 22.869136688000026, 56.700298159000056 ], [ 22.871205775000078, 56.709375051000052 ], [ 22.874705807000055, 56.711523129000057 ], [ 22.889766333000068, 56.709121850000031 ], [ 22.900702256000045, 56.712442284000076 ], [ 22.934082104000026, 56.710341672000027 ], [ 22.983595024000067, 56.712348999000028 ], [ 22.994866811000065, 56.717859174000068 ], [ 23.017553373000055, 56.71466213900004 ], [ 23.033852913000032, 56.693563182000048 ], [ 23.063490811000065, 56.695570888000077 ], [ 23.090581774000043, 56.68923068600003 ], [ 23.101621763000026, 56.693179841000074 ], [ 23.114301173000058, 56.689475924000078 ], [ 23.114911234000033, 56.695544398000038 ], [ 23.130647500000066, 56.700059499000076 ], [ 23.17521283800005, 56.691678253000077 ], [ 23.187314057000037, 56.694451896000032 ], [ 23.192814171000066, 56.699858290000066 ], [ 23.185267130000057, 56.708845944000075 ], [ 23.193711763000067, 56.718420532000039 ], [ 23.20376783200004, 56.723076287000026 ], [ 23.220499114000063, 56.71778054300006 ], [ 23.227350216000048, 56.720648509000057 ], [ 23.245754344000034, 56.718940502000066 ], [ 23.267194293000045, 56.713638811000067 ], [ 23.275696993000054, 56.707963474000053 ], [ 23.295731748000037, 56.714968409000051 ], [ 23.30992515500003, 56.726475039000036 ], [ 23.327810674000034, 56.732274456000027 ], [ 23.336316889000045, 56.745523632000072 ], [ 23.344541354000057, 56.751164740000036 ], [ 23.335399, 56.759486981000066 ], [ 23.308920398000055, 56.774862254000027 ], [ 23.319052211000042, 56.780225452000082 ], [ 23.331724646000055, 56.780093459000057 ], [ 23.372308929000042, 56.806195734000028 ], [ 23.382188608000035, 56.807906160000073 ], [ 23.388734432000035, 56.794202917000064 ], [ 23.395132669000077, 56.792826550000029 ], [ 23.460056927000039, 56.799257385000033 ], [ 23.489361, 56.813796499000034 ], [ 23.507289038000067, 56.815595010000038 ], [ 23.528329957000039, 56.761144913000066 ], [ 23.518874643000061, 56.749365078000039 ], [ 23.472127718000024, 56.743067433000078 ], [ 23.456115488000023, 56.738166011000033 ], [ 23.428332493000028, 56.718722995000064 ], [ 23.42162920100003, 56.708572049000054 ], [ 23.434417833000055, 56.699626293000051 ], [ 23.470976164000035, 56.694970867000052 ], [ 23.49272850400007, 56.682324856000037 ], [ 23.483976211000027, 56.678223469000045 ], [ 23.46764646400004, 56.677647312000033 ], [ 23.469503178000025, 56.673522555000034 ], [ 23.480837936000057, 56.665987050000069 ], [ 23.484430437000071, 56.658070187000078 ], [ 23.445875370000067, 56.648371025000074 ], [ 23.43961338500003, 56.643647401000067 ], [ 23.439849489000039, 56.63514561900007 ], [ 23.435205746000065, 56.623913996000056 ], [ 23.408439716000032, 56.619473969000069 ], [ 23.405429950000041, 56.615489141000069 ], [ 23.408599388000027, 56.603284436000081 ], [ 23.462402663000034, 56.595739931000082 ], [ 23.482009613000059, 56.596362014000078 ], [ 23.487400599000068, 56.587033107000082 ], [ 23.465603877000035, 56.582384490000038 ], [ 23.435713179000061, 56.581595915000037 ], [ 23.430738518000055, 56.579065723000042 ], [ 23.43284426300005, 56.56331920000008 ], [ 23.455352915000049, 56.558426735000069 ], [ 23.471138400000029, 56.550349935000042 ], [ 23.460296453000069, 56.537550900000042 ], [ 23.456803953000076, 56.522077591000027 ], [ 23.449534766000056, 56.516028814000038 ], [ 23.454788808000046, 56.507866321000051 ], [ 23.453320252000026, 56.504265445000044 ], [ 23.445658938000065, 56.49989762000007 ], [ 23.412782, 56.493354499000077 ], [ 23.400354002000029, 56.512500248000038 ], [ 23.405311273000052, 56.519848739000054 ], [ 23.396501466000075, 56.523967707000054 ], [ 23.394497442000045, 56.53294543700008 ], [ 23.387909936000028, 56.537650122000059 ], [ 23.380017400000042, 56.551763523000034 ], [ 23.372308929000042, 56.551660634000029 ], [ 23.355826257000047, 56.550127902000042 ], [ 23.351131587000054, 56.543905192000068 ], [ 23.355830446000027, 56.535543338000082 ], [ 23.329319281000039, 56.523705414000062 ], [ 23.330042416000026, 56.519117214000062 ], [ 23.32006767200005, 56.516930021000064 ], [ 23.308535432000042, 56.508233922000045 ], [ 23.298396725000032, 56.509347717000082 ], [ 23.27842791300003, 56.50363079400006 ], [ 23.291886071000079, 56.480342582000048 ], [ 23.32332727000005, 56.472460714000078 ], [ 23.315704073000063, 56.466094829000042 ], [ 23.284777146000067, 56.456352055000082 ], [ 23.279997694000031, 56.45715046600003 ], [ 23.27991727400007, 56.463088665000043 ], [ 23.262046498000075, 56.462144015000035 ], [ 23.252619764000031, 56.467066740000064 ], [ 23.240615366000043, 56.464886282000066 ], [ 23.225978316000067, 56.468281923000063 ], [ 23.214061696000044, 56.46460754900005 ], [ 23.205667928000025, 56.457801717000052 ], [ 23.176366612000038, 56.459640066000077 ], [ 23.172484010000062, 56.451810272000046 ], [ 23.164320500000031, 56.445998999000039 ] ] ] ] } },
{ "type": "Feature", "properties": { "GISCO_ID": "LV_0460800", "CNTR_CODE": "LV", "LAU_ID": "0460800", "LAU_NAME": "Auces novads", "cell_coverage": [ [ 0, 0, 0, 0, 0, 0.2148, 0.144, 0.0952, 0, 0, 0, 0 ], [ 0.1287, 0.4422, 0.5001, 0.1724, 0.5553, 0.8391, 0.9982, 0.9944, 0.6278, 0.1045, 0, 0 ], [ 0.4013, 1, 1, 0.9925, 1, 1, 1, 1, 1, 0.2628, 0, 0 ], [ 0.3562, 0.9875, 1, 1, 1, 1, 1, 1, 1, 0.6251, 0.1058, 0 ], [ 0.267, 0.878, 0.9953, 1, 1, 1, 1, 1, 1, 1, 0.5899, 0.0004 ], [ 0, 0, 0.1475, 0.4037, 0.4581, 0.2165, 0.1912, 0.8335, 1, 1, 0.6999, 0.1064 ], [ 0, 0, 0, 0, 0, 0, 0, 0.6339, 1, 1, 1, 0.3203 ], [ 0, 0, 0, 0, 0, 0, 0, 0.0487, 0.2821, 0.5611, 0.2072, 0.0024 ] ], "xmin": 22.708333333333329, "xmax": 23.208333333333329, "ymin": 56.29166666666665, "ymax": 56.625 }, "geometry": { "type": "MultiPolygon", "coordinates": [ [ [ [ 23.19659450000006, 56.36898349900008 ], [ 23.17425115900005, 56.365835125000046 ], [ 23.178982089000044, 56.358704403000047 ], [ 23.174039845000038, 56.351771299000063 ], [ 23.182711963000031, 56.341341229000079 ], [ 23.180668165000043, 56.336335400000053 ], [ 23.120699893000051, 56.316305115000034 ], [ 23.111592734000055, 56.307846608000034 ], [ 23.09325, 56.304641999000069 ], [ 23.084555373000057, 56.317326691000062 ], [ 23.072328276000064, 56.32339286000007 ], [ 23.046027380000055, 56.320477121000067 ], [ 23.029370776000064, 56.330299332000038 ], [ 23.023836274000075, 56.339961650000077 ], [ 23.015232882000078, 56.346947868000029 ], [ 23.006107796000038, 56.366815256000052 ], [ 23.017964486000039, 56.371502909000071 ], [ 23.011371609000037, 56.386667360000047 ], [ 23.001974090000033, 56.405658105000043 ], [ 22.978608833000067, 56.405979195000043 ], [ 22.967415463000066, 56.413838034000037 ], [ 22.942502396000066, 56.414509630000055 ], [ 22.936052965000044, 56.40987442800008 ], [ 22.934769469000059, 56.40207931100008 ], [ 22.920517, 56.399142999000048 ], [ 22.897595663000061, 56.400679152000066 ], [ 22.881592713000032, 56.391688978000047 ], [ 22.874355183000034, 56.396416778000059 ], [ 22.859910513000045, 56.399776918000043 ], [ 22.828479266000045, 56.402402472000063 ], [ 22.805299368000078, 56.415238673000033 ], [ 22.780962702000068, 56.421419268000079 ], [ 22.730531369000062, 56.424105071000042 ], [ 22.734558150000055, 56.43701513600007 ], [ 22.732403603000023, 56.440536381000072 ], [ 22.735172674000069, 56.445727764000083 ], [ 22.73333490300007, 56.449832191000041 ], [ 22.752193114000022, 56.451525961000073 ], [ 22.743182860000047, 56.461481931000037 ], [ 22.754876500000023, 56.472175266000079 ], [ 22.742904593000048, 56.48308787600007 ], [ 22.730168735000063, 56.480744155000082 ], [ 22.725671746000046, 56.485423016000027 ], [ 22.715574964000041, 56.483475120000037 ], [ 22.711960547000047, 56.487666686000068 ], [ 22.712546793000058, 56.493544803000077 ], [ 22.723872569000036, 56.495188076000034 ], [ 22.732214517000045, 56.505913562000046 ], [ 22.732917115000078, 56.508956374000036 ], [ 22.727459967000073, 56.512177919000067 ], [ 22.723843991000024, 56.521399402000043 ], [ 22.736572969000065, 56.525502706000054 ], [ 22.745490207000046, 56.544353099000034 ], [ 22.737350221000042, 56.548836375000064 ], [ 22.740090998000028, 56.555336314000044 ], [ 22.736828, 56.566719999000043 ], [ 22.746483724000029, 56.563940370000068 ], [ 22.749352693000048, 56.559031569000069 ], [ 22.756519020000042, 56.556869837000079 ], [ 22.774708500000031, 56.56120499900004 ], [ 22.829575632000058, 56.566895370000054 ], [ 22.831372651000038, 56.563911889000053 ], [ 22.825325798000051, 56.556276368000056 ], [ 22.829333416000054, 56.546586249000029 ], [ 22.844911190000062, 56.539332444000081 ], [ 22.851752015000045, 56.541955803000064 ], [ 22.857241832000057, 56.555043025000032 ], [ 22.888373805000072, 56.557821121000075 ], [ 22.897455188000038, 56.57011619900004 ], [ 22.924729257000024, 56.571135115000061 ], [ 22.944758413000045, 56.575869065000063 ], [ 22.943838783000047, 56.579774100000066 ], [ 22.933790728000076, 56.585028058000034 ], [ 22.929658006000068, 56.592651745000069 ], [ 22.931954992000044, 56.594762923000076 ], [ 22.96326558800007, 56.601344668000081 ], [ 22.980730901000072, 56.582406846000026 ], [ 23.031220054000073, 56.590380841000069 ], [ 23.043899413000076, 56.576172128000053 ], [ 23.058725279000043, 56.574034704000042 ], [ 23.067953350000039, 56.558637480000073 ], [ 23.083900938000056, 56.562113826000029 ], [ 23.101845614000069, 56.551853261000076 ], [ 23.102655683000023, 56.548620515000039 ], [ 23.099773360000029, 56.546503280000081 ], [ 23.08797732000005, 56.550013483000043 ], [ 23.083674386000041, 56.548171907000039 ], [ 23.096285522000073, 56.530134485000076 ], [ 23.09153290200004, 56.525157303000071 ], [ 23.097957871000062, 56.507072853000068 ], [ 23.095034989000055, 56.502956464000079 ], [ 23.102129552000065, 56.497442506000027 ], [ 23.09401256700005, 56.49249033600006 ], [ 23.096040784000024, 56.484488170000077 ], [ 23.107489835000024, 56.473797705000038 ], [ 23.121102455000027, 56.476992469000038 ], [ 23.135695640000051, 56.475460294000072 ], [ 23.134806977000039, 56.451591615000041 ], [ 23.145427802000029, 56.446711650000054 ], [ 23.164320500000031, 56.445998999000039 ], [ 23.158304357000077, 56.442184190000035 ], [ 23.167751439000028, 56.433387671000048 ], [ 23.149464808000062, 56.428564796000046 ], [ 23.149261644000035, 56.423486521000029 ], [ 23.136772761000032, 56.419234045000053 ], [ 23.130577492000043, 56.412062315000071 ], [ 23.17601458200005, 56.386667360000047 ], [ 23.180276064000054, 56.383467317000054 ], [ 23.182436277000022, 56.374238652000031 ], [ 23.19659450000006, 56.36898349900008 ] ] ] ] } },
{ "type": "Feature", "properties": { "GISCO_ID": "LV_0468900", "CNTR_CODE": "LV", "LAU_ID": "0468900", "LAU_NAME": "Tērvetes novads", "cell_coverage": [ [ 0, 0, 0, 0, 0, 0.1168, 0.0455, 0, 0 ], [ 0, 0, 0, 0.0399, 0.3189, 0.8616, 0.5682, 0, 0 ], [ 0, 0.009, 0.1783, 0.1529, 0.7731, 1, 0.9723, 0.1476, 0 ], [ 0.2085, 0.9633, 1, 0.9921, 1, 1, 1, 0.6022, 0.0002 ], [ 0.3001, 0.8936, 1, 0.9996, 0.872, 0.8849, 0.8902, 0.7243, 0.0721 ], [ 0, 0.0669, 0.1152, 0.0676, 0, 0, 0, 0, 0 ] ], "xmin": 23.125, "xmax": 23.5, "ymin": 56.333333333333321, "ymax": 56.583333333333321 }, "geometry": { "type": "MultiPolygon", "coordinates": [ [ [ [ 23.19659450000006, 56.36898349900008 ], [ 23.182436277000022, 56.374238652000031 ], [ 23.180276064000054, 56.383467317000054 ], [ 23.17601458200005, 56.386667360000047 ], [ 23.130577492000043, 56.412062315000071 ], [ 23.136772761000032, 56.419234045000053 ], [ 23.149261644000035, 56.423486521000029 ], [ 23.149464808000062, 56.428564796000046 ], [ 23.167751439000028, 56.433387671000048 ], [ 23.158304357000077, 56.442184190000035 ], [ 23.164320500000031, 56.445998999000039 ], [ 23.172484010000062, 56.451810272000046 ], [ 23.176366612000038, 56.459640066000077 ], [ 23.205667928000025, 56.457801717000052 ], [ 23.214061696000044, 56.46460754900005 ], [ 23.225978316000067, 56.468281923000063 ], [ 23.240615366000043, 56.464886282000066 ], [ 23.252619764000031, 56.467066740000064 ], [ 23.262046498000075, 56.462144015000035 ], [ 23.27991727400007, 56.463088665000043 ], [ 23.279997694000031, 56.45715046600003 ], [ 23.284777146000067, 56.456352055000082 ], [ 23.315704073000063, 56.466094829000042 ], [ 23.32332727000005, 56.472460714000078 ], [ 23.291886071000079, 56.480342582000048 ], [ 23.27842791300003, 56.50363079400006 ], [ 23.298396725000032, 56.509347717000082 ], [ 23.308535432000042, 56.508233922000045 ], [ 23.32006767200005, 56.516930021000064 ], [ 23.330042416000026, 56.519117214000062 ], [ 23.329319281000039, 56.523705414000062 ], [ 23.355830446000027, 56.535543338000082 ], [ 23.351131587000054, 56.543905192000068 ], [ 23.355826257000047, 56.550127902000042 ], [ 23.372308929000042, 56.551660634000029 ], [ 23.380017400000042, 56.551763523000034 ], [ 23.387909936000028, 56.537650122000059 ], [ 23.394497442000045, 56.53294543700008 ], [ 23.396501466000075, 56.523967707000054 ], [ 23.405311273000052, 56.519848739000054 ], [ 23.400354002000029, 56.512500248000038 ], [ 23.412782, 56.493354499000077 ], [ 23.420929712000031, 56.484793148000051 ], [ 23.436237721000055, 56.480781097000033 ], [ 23.421110899000041, 56.467840680000052 ], [ 23.420958351000024, 56.459553898000081 ], [ 23.441049181000039, 56.452568066000026 ], [ 23.437834301000066, 56.44307966000008 ], [ 23.442642146000026, 56.427255969000043 ], [ 23.460595682000076, 56.415937713000062 ], [ 23.469861666000043, 56.404617033000079 ], [ 23.440210799000056, 56.384119038000051 ], [ 23.408105871000032, 56.382393246000049 ], [ 23.392469500000061, 56.37727699900006 ], [ 23.314007870000069, 56.382440709000036 ], [ 23.279770754000026, 56.372086779000028 ], [ 23.19659450000006, 56.36898349900008 ] ] ] ] } },
{ "type": "Feature", "properties": { "GISCO_ID": "LV_0500200", "CNTR_CODE": "LV", "LAU_ID": "0500200", "LAU_NAME": "Gulbenes novads", "cell_coverage": [ [ 0, 0, 0, 0, 0, 0, 0, 0, 0, 0, 0, 0, 0.4209, 0.6092, 0.5093, 0.1673, 0, 0, 0, 0, 0, 0, 0, 0, 0, 0, 0, 0, 0 ], [ 0, 0, 0, 0, 0, 0, 0, 0, 0, 0, 0.2047, 0.6255, 0.9605, 1, 1, 0.8841, 0.3143, 0.0124, 0, 0, 0, 0, 0, 0, 0, 0, 0, 0, 0 ], [ 0, 0, 0, 0, 0, 0, 0, 0.4521, 0.7579, 0.6347, 0.7525, 0.9428, 1, 1, 1, 1, 1, 0.6676, 0.3836, 0.7697, 0.5585, 0.3857, 0.2421, 0.2848, 0.2883, 0.0107, 0, 0, 0 ], [ 0, 0.0179, 0.4297, 0.6732, 0.6314, 0.6723, 0.7089, 0.9204, 1, 1, 1, 1, 1, 1, 1, 1, 1, 1, 1, 1, 1, 1, 1, 1, 1, 0.8733, 0.3063, 0, 0 ], [ 0.0087, 0.7552, 0.8189, 0.9948, 1, 1, 1, 1, 1, 1, 1, 1, 1, 1, 1, 1, 1, 1, 1, 1, 1, 1, 1, 1, 1, 1, 0.9422, 0.7737, 0.3938 ], [ 0, 0, 0, 0.3489, 0.9946, 1, 1, 1, 1, 1, 1, 1, 1, 1, 1, 1, 1, 1, 1, 1, 1, 1, 1, 1, 1, 1, 1, 0.6712, 0.081 ], [ 0, 0, 0, 0, 0.2977, 1, 1, 1, 1, 1, 1, 1, 1, 1, 1, 1, 1, 1, 1, 1, 1, 1, 1, 1, 1, 0.9682, 0.2303, 0, 0 ], [ 0, 0, 0, 0.0179, 0.7724, 0.9171, 0.8881, 0.9851, 0.935, 1, 1, 1, 1, 1, 1, 1, 1, 1, 1, 1, 1, 1, 1, 1, 0.7927, 0.157, 0, 0, 0 ], [ 0, 0, 0, 0.0522, 0.0416, 0.0126, 0, 0.0152, 0.0563, 0.6583, 0.8581, 0.5711, 0.6431, 0.9657, 1, 1, 1, 1, 1, 1, 1, 1, 1, 0.8468, 0.1154, 0, 0, 0, 0 ], [ 0, 0, 0, 0, 0, 0, 0, 0, 0, 0, 0, 0, 0, 0.1268, 0.9387, 1, 1, 1, 1, 1, 1, 0.8803, 0.1399, 0.003, 0, 0, 0, 0, 0 ], [ 0, 0, 0, 0, 0, 0, 0, 0, 0, 0, 0, 0, 0, 0, 0.6096, 0.9798, 0.7746, 0.6593, 0.4106, 0.1599, 0.3631, 0.3164, 0, 0, 0, 0, 0, 0, 0 ], [ 0, 0, 0, 0, 0, 0, 0, 0, 0, 0, 0, 0, 0, 0, 0.1043, 0.0969, 0, 0, 0, 0, 0, 0, 0, 0, 0, 0, 0, 0, 0 ] ], "xmin": 25.958333333333329, "xmax": 27.166666666666661, "ymin": 56.916666666666657, "ymax": 57.416666666666657 }, "geometry": { "type": "MultiPolygon", "coordinates": [ [ [ [ 26.189168500000051, 57.079838499000061 ], [ 26.171562719000065, 57.085124619000055 ], [ 26.13953630900005, 57.081794827000067 ], [ 26.125363973000049, 57.07662749900004 ], [ 26.114874111000063, 57.075947707000068 ], [ 26.109235, 57.078849999000056 ], [ 26.132075474000033, 57.094934110000054 ], [ 26.133976477000033, 57.110904421000043 ], [ 26.137282109000068, 57.115534340000067 ], [ 26.143264230000057, 57.117453587000057 ], [ 26.148109549000026, 57.123505399000067 ], [ 26.163522115000035, 57.128954984000075 ], [ 26.164765530000068, 57.140369177000082 ], [ 26.15211640800004, 57.145534047000069 ], [ 26.150437686000032, 57.14932261000007 ], [ 26.152844375000029, 57.152722590000053 ], [ 26.144225703000075, 57.161987418000081 ], [ 26.119697469000073, 57.171386756000061 ], [ 26.108808239000041, 57.192970253000055 ], [ 26.100178343000039, 57.196449976000054 ], [ 26.102664001000051, 57.204681538000045 ], [ 26.066874693000045, 57.215840914000069 ], [ 26.046682539000074, 57.216312662000064 ], [ 26.010475, 57.216397999000037 ], [ 26.009913536000056, 57.22084033200008 ], [ 26.001189230000023, 57.22485873200003 ], [ 25.997875456000031, 57.244977268000071 ], [ 26.006031593000046, 57.250060608000069 ], [ 26.033490172000029, 57.251968202000057 ], [ 26.043331462000026, 57.246028101000036 ], [ 26.046682539000074, 57.246628623000049 ], [ 26.060040110000045, 57.250710058000038 ], [ 26.050519, 57.26650599900006 ], [ 26.069894336000061, 57.277846926000052 ], [ 26.086511888000075, 57.282120210000073 ], [ 26.108035792000067, 57.27847637800005 ], [ 26.121647920000044, 57.271704022000051 ], [ 26.141317051000044, 57.277186730000039 ], [ 26.15402062000004, 57.275345001000062 ], [ 26.161113669000031, 57.279400870000075 ], [ 26.184885916000042, 57.277340720000041 ], [ 26.26430201200003, 57.281284010000036 ], [ 26.265642897000077, 57.283651297000063 ], [ 26.252269603000059, 57.299188417000039 ], [ 26.251188168000056, 57.304005216000064 ], [ 26.257078658000069, 57.308769823000034 ], [ 26.269499106000069, 57.308029031000046 ], [ 26.279232614000023, 57.304971498000043 ], [ 26.290079208000066, 57.314840506000053 ], [ 26.285660562000032, 57.320543870000051 ], [ 26.275490603000037, 57.321772969000051 ], [ 26.272884998000052, 57.325904119000029 ], [ 26.275009500000067, 57.329387499000063 ], [ 26.354055782000046, 57.316438829000049 ], [ 26.434814536000033, 57.329160340000044 ], [ 26.430986812000071, 57.342812857000069 ], [ 26.426011560000063, 57.348349334000034 ], [ 26.418726322000055, 57.347830892000047 ], [ 26.407260543000064, 57.340585156000031 ], [ 26.398460366000052, 57.340023877000078 ], [ 26.389454052000076, 57.347188063000033 ], [ 26.388301600000034, 57.352963130000035 ], [ 26.393415071000049, 57.355808866000075 ], [ 26.41014476600003, 57.355695333000028 ], [ 26.429811323000024, 57.352088292000076 ], [ 26.42918762100004, 57.361764544000039 ], [ 26.432473745000038, 57.368558630000052 ], [ 26.483630251000079, 57.373495011000045 ], [ 26.48254625800007, 57.377739370000029 ], [ 26.47052125700003, 57.389794193000057 ], [ 26.469111462000058, 57.395510865000062 ], [ 26.47101972300004, 57.403958420000038 ], [ 26.477277259000061, 57.405798658000037 ], [ 26.496005202000049, 57.400263525000071 ], [ 26.525475048000033, 57.407273549000081 ], [ 26.525821934000078, 57.399631359000068 ], [ 26.531556343000034, 57.393200570000033 ], [ 26.549971850000077, 57.39173020700008 ], [ 26.574407912000026, 57.401431411000033 ], [ 26.59757, 57.389349499000048 ], [ 26.603888052000059, 57.369860248000066 ], [ 26.645531184000049, 57.353351524000061 ], [ 26.636252877000061, 57.342634403000034 ], [ 26.680139351000037, 57.333541117000038 ], [ 26.680877318000057, 57.318239084000027 ], [ 26.712094092000029, 57.305227122000076 ], [ 26.741595614000062, 57.308339143000069 ], [ 26.749582229000055, 57.314057578000074 ], [ 26.750606711000046, 57.322686693000037 ], [ 26.765308146000052, 57.326739302000078 ], [ 26.779958037000029, 57.324357102000079 ], [ 26.797989811000036, 57.312268524000046 ], [ 26.816422738000028, 57.316659973000071 ], [ 26.835341353000047, 57.314414948000035 ], [ 26.847274901000048, 57.316677992000052 ], [ 26.854903123000042, 57.311480325000048 ], [ 26.858752671000047, 57.301924841000073 ], [ 26.868388810000056, 57.296514731000059 ], [ 26.900255650000076, 57.303903976000072 ], [ 26.913205676000075, 57.302309796000031 ], [ 26.980099367000037, 57.305681766000077 ], [ 26.989921694000031, 57.303208663000078 ], [ 27.003713993000076, 57.293850457000076 ], [ 27.034371536000037, 57.281077666000044 ], [ 27.057989217000056, 57.273849464000079 ], [ 27.075220439000077, 57.273579869000059 ], [ 27.078748225000027, 57.271290992000047 ], [ 27.076112072000058, 57.265254693000031 ], [ 27.051138525000056, 57.260356304000027 ], [ 27.047316766000051, 57.251607542000045 ], [ 27.067960360000029, 57.24593567200003 ], [ 27.085194923000074, 57.24478713700006 ], [ 27.09174256600005, 57.24141344700007 ], [ 27.114957122000078, 57.239590529000054 ], [ 27.163065, 57.227108499000053 ], [ 27.14365097600006, 57.211790768000071 ], [ 27.138700034000067, 57.202540811000063 ], [ 27.102012947000048, 57.182095426000046 ], [ 27.099618927000051, 57.173009707000062 ], [ 27.087855619000038, 57.167347617000075 ], [ 27.06776631200006, 57.164523225000039 ], [ 27.050609469000051, 57.149238963000073 ], [ 27.038355158000059, 57.130932162000079 ], [ 26.995568, 57.103432499000064 ], [ 26.973795944000074, 57.087238128000081 ], [ 26.964236516000028, 57.064285296000037 ], [ 26.940466471000036, 57.047326319000035 ], [ 26.912012366000056, 57.038391796000042 ], [ 26.888994313000069, 57.037971108000079 ], [ 26.881366084000035, 57.028454819000046 ], [ 26.875826471000039, 57.027963825000029 ], [ 26.87200114500007, 57.022335804000079 ], [ 26.862767718000043, 57.020077176000029 ], [ 26.866259604000049, 57.015160261000062 ], [ 26.858503295000048, 57.014271066000049 ], [ 26.860344111000074, 57.008415554000067 ], [ 26.872616245000074, 57.005842958000073 ], [ 26.874669512000025, 57.001916364000067 ], [ 26.869392099000038, 56.997439342000064 ], [ 26.863333500000067, 56.983567999000059 ], [ 26.813516614000036, 56.984120085000029 ], [ 26.792772390000039, 56.98699722200007 ], [ 26.780194461000065, 56.996292684000082 ], [ 26.770260609000047, 56.992816202000029 ], [ 26.755530184000065, 56.99411225700004 ], [ 26.737216956000054, 56.989828129000045 ], [ 26.728017355000077, 56.981067564000057 ], [ 26.708966512000075, 56.971667632000049 ], [ 26.699094698000067, 56.972561645000042 ], [ 26.691996866000068, 56.97693457500003 ], [ 26.683553282000048, 56.971620406000056 ], [ 26.642745991000027, 56.968311765000067 ], [ 26.608939935000024, 56.958079436000048 ], [ 26.581314863000046, 56.944460339000045 ], [ 26.568863887000077, 56.947078765000072 ], [ 26.569316, 56.959598499000037 ], [ 26.564057570000045, 56.964784803000043 ], [ 26.560079811000037, 56.973154796000074 ], [ 26.561780332000069, 56.977863514000035 ], [ 26.555116119000047, 56.983224274000065 ], [ 26.545737917000054, 57.003840697000044 ], [ 26.547419241000057, 57.010246478000056 ], [ 26.545069485000056, 57.021569979000049 ], [ 26.513597517000051, 57.043912754000075 ], [ 26.500633005000054, 57.047433445000081 ], [ 26.497239147000073, 57.054883472000029 ], [ 26.490715160000036, 57.054860381000083 ], [ 26.478885643000069, 57.053599114000065 ], [ 26.462911642000051, 57.062438494000048 ], [ 26.442885641000032, 57.063251741000045 ], [ 26.410103141000036, 57.048958820000053 ], [ 26.380465627000035, 57.04592530900004 ], [ 26.370922500000063, 57.04253249900006 ], [ 26.350080388000038, 57.057583229000045 ], [ 26.346423080000079, 57.064715806000038 ], [ 26.328749850000065, 57.072751480000079 ], [ 26.319376218000059, 57.085716751000064 ], [ 26.318858907000049, 57.093174024000064 ], [ 26.295360717000051, 57.082605023000042 ], [ 26.28291917100006, 57.081252777000032 ], [ 26.269499106000069, 57.083588916000053 ], [ 26.196104916000024, 57.091604853000035 ], [ 26.19180745400007, 57.090073098000062 ], [ 26.189168500000051, 57.079838499000061 ] ] ] ] } },
{ "type": "Feature", "properties": { "GISCO_ID": "LV_0540200", "CNTR_CODE": "LV", "LAU_ID": "0540200", "LAU_NAME": "Jelgavas novads", "cell_coverage": [ [ 0, 0, 0.2512, 0.4502, 0.4309, 0.3377, 0.1585, 0, 0, 0, 0, 0, 0, 0, 0, 0 ], [ 0, 0, 0.5475, 1, 1, 1, 0.9982, 0.7688, 0.0882, 0, 0, 0, 0, 0, 0, 0 ], [ 0, 0, 0.1496, 0.8374, 1, 1, 1, 1, 0.8295, 0.2062, 0, 0, 0, 0, 0, 0 ], [ 0, 0, 0, 0.4525, 1, 1, 1, 1, 1, 0.2576, 0, 0, 0, 0, 0, 0 ], [ 0, 0.3809, 0.847, 0.9792, 1, 1, 1, 0.8467, 0.2671, 0.0165, 0, 0, 0, 0, 0, 0 ], [ 0, 0.1721, 0.6573, 1, 1, 1, 0.7517, 0.6987, 0.2401, 0, 0, 0, 0, 0, 0, 0 ], [ 0, 0.265, 0.8312, 1, 1, 1, 0.6723, 0.1197, 0.0024, 0.2054, 0.3305, 0.1141, 0, 0, 0, 0 ], [ 0.0961, 0.5903, 0.8191, 1, 1, 1, 1, 0.5893, 0.7541, 0.9888, 1, 0.9821, 0.8984, 0.5336, 0.0142, 0 ], [ 0, 0.3226, 0.9246, 1, 1, 1, 1, 1, 1, 1, 1, 1, 1, 1, 0.3732, 0 ], [ 0, 0.0804, 0.9863, 1, 1, 1, 1, 1, 1, 1, 1, 1, 1, 0.9994, 0.7478, 0.2394 ], [ 0.0054, 0.8025, 1, 1, 1, 1, 1, 1, 1, 1, 1, 0.9765, 0.7395, 0.3588, 0.0047, 0.0154 ], [ 0, 0.3978, 0.9998, 1, 1, 1, 1, 1, 1, 1, 1, 0.4138, 0, 0, 0, 0 ], [ 0.0759, 0.2757, 0.9279, 1, 1, 1, 1, 1, 1, 1, 0.9904, 0.4198, 0.0072, 0, 0, 0 ], [ 0.0214, 0.4325, 0.6798, 0.9498, 0.9077, 0.5878, 0.3278, 0.229, 0.134, 0.5149, 0.8485, 0.7598, 0, 0, 0, 0 ], [ 0, 0, 0, 0.001, 0.0025, 0, 0, 0, 0, 0.1178, 0, 0, 0, 0, 0, 0 ] ], "xmin": 23.375, "xmax": 24.041666666666668, "ymin": 56.291666666666657, "ymax": 56.916666666666657 }, "geometry": { "type": "MultiPolygon", "coordinates": [ [ [ [ 23.412782, 56.493354499000077 ], [ 23.445658938000065, 56.49989762000007 ], [ 23.453320252000026, 56.504265445000044 ], [ 23.454788808000046, 56.507866321000051 ], [ 23.449534766000056, 56.516028814000038 ], [ 23.456803953000076, 56.522077591000027 ], [ 23.460296453000069, 56.537550900000042 ], [ 23.471138400000029, 56.550349935000042 ], [ 23.455352915000049, 56.558426735000069 ], [ 23.43284426300005, 56.56331920000008 ], [ 23.430738518000055, 56.579065723000042 ], [ 23.435713179000061, 56.581595915000037 ], [ 23.465603877000035, 56.582384490000038 ], [ 23.487400599000068, 56.587033107000082 ], [ 23.482009613000059, 56.596362014000078 ], [ 23.462402663000034, 56.595739931000082 ], [ 23.408599388000027, 56.603284436000081 ], [ 23.405429950000041, 56.615489141000069 ], [ 23.408439716000032, 56.619473969000069 ], [ 23.435205746000065, 56.623913996000056 ], [ 23.439849489000039, 56.63514561900007 ], [ 23.43961338500003, 56.643647401000067 ], [ 23.445875370000067, 56.648371025000074 ], [ 23.484430437000071, 56.658070187000078 ], [ 23.480837936000057, 56.665987050000069 ], [ 23.469503178000025, 56.673522555000034 ], [ 23.46764646400004, 56.677647312000033 ], [ 23.483976211000027, 56.678223469000045 ], [ 23.49272850400007, 56.682324856000037 ], [ 23.470976164000035, 56.694970867000052 ], [ 23.434417833000055, 56.699626293000051 ], [ 23.42162920100003, 56.708572049000054 ], [ 23.428332493000028, 56.718722995000064 ], [ 23.456115488000023, 56.738166011000033 ], [ 23.472127718000024, 56.743067433000078 ], [ 23.518874643000061, 56.749365078000039 ], [ 23.528329957000039, 56.761144913000066 ], [ 23.507289038000067, 56.815595010000038 ], [ 23.489361, 56.813796499000034 ], [ 23.467962643000078, 56.884750444000076 ], [ 23.487197708000053, 56.89052468400007 ], [ 23.506191500000057, 56.892519999000058 ], [ 23.536948103000043, 56.895373333000066 ], [ 23.54543607100004, 56.892464896000035 ], [ 23.593893367000078, 56.893680472000028 ], [ 23.597740973000043, 56.89232983900007 ], [ 23.598262083000066, 56.886461869000073 ], [ 23.607190643000024, 56.883996122000042 ], [ 23.628299682000033, 56.89226596900005 ], [ 23.645660169000053, 56.87836449200006 ], [ 23.654870824000056, 56.878030409000075 ], [ 23.710599759000047, 56.856401351000045 ], [ 23.718943763000027, 56.834001964000038 ], [ 23.727081229000078, 56.831640597000046 ], [ 23.731480266000062, 56.821938757000055 ], [ 23.74198735300007, 56.820928395000067 ], [ 23.744268500000032, 56.815361960000075 ], [ 23.754367900000034, 56.815639628000042 ], [ 23.758826518000035, 56.807878895000044 ], [ 23.767359161000059, 56.807612390000031 ], [ 23.76581943900004, 56.801447411000026 ], [ 23.773385, 56.801663499000028 ], [ 23.758625152000036, 56.775491798000076 ], [ 23.757169457000032, 56.771610556000041 ], [ 23.764967280000064, 56.769340843000066 ], [ 23.754620506000037, 56.752228554000055 ], [ 23.755098635000024, 56.746066332000055 ], [ 23.747771, 56.740853499000082 ], [ 23.710369883000055, 56.738066863000029 ], [ 23.707997477000049, 56.724351154000033 ], [ 23.683359309000025, 56.717126809000035 ], [ 23.687718479000068, 56.710526129000073 ], [ 23.701240145000043, 56.708514578000063 ], [ 23.713969671000029, 56.710519805000047 ], [ 23.739238043000057, 56.69805664200004 ], [ 23.729306500000064, 56.691696499000045 ], [ 23.701664652000034, 56.686505066000052 ], [ 23.698320204000026, 56.681789029000072 ], [ 23.684138205000068, 56.67576391800003 ], [ 23.66561938600006, 56.675456803000031 ], [ 23.647411704000035, 56.678732060000073 ], [ 23.641027712000039, 56.677110596000034 ], [ 23.63267937300003, 56.680314291000059 ], [ 23.625704309000071, 56.674512786000037 ], [ 23.632089450000024, 56.661665620000065 ], [ 23.641796985000042, 56.651256383000032 ], [ 23.671824903000072, 56.64345621700005 ], [ 23.685701459000029, 56.621815087000073 ], [ 23.68064696600004, 56.61482575000008 ], [ 23.678547862000073, 56.602446203000056 ], [ 23.68869578400006, 56.598023408000074 ], [ 23.714622332000033, 56.598459333000051 ], [ 23.724821164000048, 56.616203563000056 ], [ 23.734974314000056, 56.620299053000053 ], [ 23.740443349000032, 56.625812427000028 ], [ 23.768982102000052, 56.62337231500004 ], [ 23.774984763000077, 56.625342 ], [ 23.780475145000025, 56.632929886000056 ], [ 23.766431857000043, 56.64379080100008 ], [ 23.775272074000043, 56.647028945000045 ], [ 23.78579, 56.646315499000082 ], [ 23.795046444000036, 56.639734174000068 ], [ 23.819867116000069, 56.638568206000059 ], [ 23.843297067000037, 56.634958306000044 ], [ 23.866597144000025, 56.622282145000042 ], [ 23.904078006000077, 56.620746989000054 ], [ 23.930441022000025, 56.615271861000053 ], [ 23.940164092000032, 56.606757885000036 ], [ 23.940730895000058, 56.597352889000035 ], [ 23.958510446000048, 56.590482589000032 ], [ 23.964135443000032, 56.584404921000043 ], [ 23.967984904000048, 56.574168212000075 ], [ 23.978527038000038, 56.566098642000043 ], [ 23.975495803000058, 56.545893395000064 ], [ 23.986538605000078, 56.525751882000066 ], [ 24.013826492000078, 56.514239045000068 ], [ 24.029667687000028, 56.512215820000051 ], [ 24.032502500000078, 56.505042999000068 ], [ 24.020756415000051, 56.503124065000065 ], [ 24.012414939000053, 56.497722330000045 ], [ 23.993437457000027, 56.499082644000055 ], [ 23.986577493000027, 56.504269703000034 ], [ 23.959308122000039, 56.503171852000037 ], [ 23.948513633000061, 56.487560125000073 ], [ 23.927392319000035, 56.483751403000042 ], [ 23.92394654800006, 56.473881492000032 ], [ 23.903412785000057, 56.471253721000039 ], [ 23.887173932000053, 56.464263104000054 ], [ 23.879571201000033, 56.469609842000068 ], [ 23.874737611000057, 56.469505516000027 ], [ 23.86164655500005, 56.447917292000056 ], [ 23.841270405000046, 56.440916196000046 ], [ 23.839183687000059, 56.427176344000031 ], [ 23.854680812000026, 56.422052656000062 ], [ 23.849060569000073, 56.416853099000036 ], [ 23.845413656000062, 56.407787581000036 ], [ 23.846783688000073, 56.401755005000041 ], [ 23.834480320000068, 56.399490426000057 ], [ 23.829400877000069, 56.388837969000065 ], [ 23.879585201000054, 56.386473179000063 ], [ 23.869771447000062, 56.375318660000062 ], [ 23.869936606000067, 56.348135098000057 ], [ 23.865579, 56.338438999000061 ], [ 23.830255009000041, 56.338156880000042 ], [ 23.803898115000038, 56.342002287000071 ], [ 23.794767075000038, 56.338118738000048 ], [ 23.781177898000067, 56.321326015000068 ], [ 23.768800203000069, 56.32342148400005 ], [ 23.767163956000047, 56.331885969000041 ], [ 23.76260340500005, 56.335991611000054 ], [ 23.780354435000049, 56.365332103000071 ], [ 23.778124090000063, 56.368487703000028 ], [ 23.764674037000077, 56.372792879000031 ], [ 23.631734134000055, 56.360159065000062 ], [ 23.604963700000042, 56.349798185000054 ], [ 23.583314180000059, 56.345345510000072 ], [ 23.572106889000054, 56.338711612000054 ], [ 23.544763799000066, 56.332385720000048 ], [ 23.511005073000035, 56.336014370000044 ], [ 23.482356584000058, 56.347441964000041 ], [ 23.440132478000066, 56.351845187000038 ], [ 23.418892412000048, 56.369783043000041 ], [ 23.392469500000061, 56.37727699900006 ], [ 23.408105871000032, 56.382393246000049 ], [ 23.440210799000056, 56.384119038000051 ], [ 23.469861666000043, 56.404617033000079 ], [ 23.460595682000076, 56.415937713000062 ], [ 23.442642146000026, 56.427255969000043 ], [ 23.437834301000066, 56.44307966000008 ], [ 23.441049181000039, 56.452568066000026 ], [ 23.420958351000024, 56.459553898000081 ], [ 23.421110899000041, 56.467840680000052 ], [ 23.436237721000055, 56.480781097000033 ], [ 23.420929712000031, 56.484793148000051 ], [ 23.412782, 56.493354499000077 ] ] ] ] } },
{ "type": "Feature", "properties": { "GISCO_ID": "LV_0546701", "CNTR_CODE": "LV", "LAU_ID": "0546701", "LAU_NAME": "Ozolnieku novads", "cell_coverage": [ [ 0.1533, 0.7317, 0.681, 0.5355, 0.7501, 0.8634, 0.5962, 0.5135, 0.0593, 0, 0 ], [ 0, 0.2471, 0.6059, 1, 1, 1, 1, 1, 0.7284, 0.0429, 0 ], [ 0, 0, 0.0388, 0.6528, 0.8859, 1, 1, 1, 0.714, 0.1567, 0 ], [ 0, 0, 0, 0, 0.0179, 0.1016, 0.4664, 0.9858, 0.8027, 0.2833, 0.0011 ], [ 0, 0, 0, 0, 0, 0, 0, 0.6268, 1, 0.9618, 0.5006 ], [ 0, 0, 0, 0, 0, 0, 0, 0.1854, 0.6986, 0.524, 0 ] ], "xmin": 23.666666666666664, "xmax": 24.125, "ymin": 56.5, "ymax": 56.75 }, "geometry": { "type": "MultiPolygon", "coordinates": [ [ [ [ 23.747771, 56.740853499000082 ], [ 23.766519254000059, 56.739348834000054 ], [ 23.803046562000077, 56.72536410500004 ], [ 23.812459095000065, 56.728639084000065 ], [ 23.823355994000053, 56.738248491000036 ], [ 23.83736514900005, 56.727891971000076 ], [ 23.845826909000039, 56.73919150200004 ], [ 23.861671361000049, 56.744162892000077 ], [ 23.902850622000074, 56.743316206000031 ], [ 23.920543210000062, 56.749487091000049 ], [ 23.930063424000025, 56.730915927000069 ], [ 23.934121049000055, 56.727944344000036 ], [ 23.999694, 56.731160499000055 ], [ 23.996632474000023, 56.725917474000028 ], [ 24.000383500000055, 56.720537499000045 ], [ 24.01331170900005, 56.712119695000069 ], [ 24.007929116000071, 56.704593985000031 ], [ 24.01281717300003, 56.698753036000028 ], [ 24.019656153000028, 56.694345998000074 ], [ 24.042561, 56.690372499000034 ], [ 24.048459279000042, 56.65922271900007 ], [ 24.022911842000042, 56.656876027000067 ], [ 24.017087366000055, 56.660190890000081 ], [ 24.015434466000045, 56.667027604000054 ], [ 24.006535681000059, 56.668853357000046 ], [ 24.002760129000023, 56.664583849000053 ], [ 24.003809327000056, 56.654708786000072 ], [ 24.010927558000049, 56.649200550000046 ], [ 24.031114073000026, 56.647653840000032 ], [ 24.03936819200004, 56.641859803000045 ], [ 24.057271120000053, 56.64035149700004 ], [ 24.048345401000063, 56.630941889000042 ], [ 24.067291156000067, 56.626398061000032 ], [ 24.070360976000075, 56.613458384000069 ], [ 24.056380447000038, 56.607189465000033 ], [ 24.046950927000069, 56.607874375000051 ], [ 24.045421572000066, 56.603011566000077 ], [ 24.039149322000071, 56.600440095000067 ], [ 24.030200684000079, 56.603132514000038 ], [ 24.030103045000033, 56.612491245000058 ], [ 24.017493499000068, 56.612778080000055 ], [ 24.013279917000034, 56.608292864000077 ], [ 24.018950989000075, 56.596825696000053 ], [ 24.040291855000078, 56.591753434000054 ], [ 24.050355554000078, 56.580910387000074 ], [ 24.111184913000045, 56.583746847000043 ], [ 24.119913818000043, 56.578063500000042 ], [ 24.103254702000072, 56.561948491000066 ], [ 24.099256575000027, 56.550596929000051 ], [ 24.079155122000031, 56.543094974000041 ], [ 24.081243500000028, 56.531060499000034 ], [ 24.058992150000051, 56.520268242000043 ], [ 24.054080356000043, 56.508027637000055 ], [ 24.032502500000078, 56.505042999000068 ], [ 24.029667687000028, 56.512215820000051 ], [ 24.013826492000078, 56.514239045000068 ], [ 23.986538605000078, 56.525751882000066 ], [ 23.975495803000058, 56.545893395000064 ], [ 23.978527038000038, 56.566098642000043 ], [ 23.967984904000048, 56.574168212000075 ], [ 23.964135443000032, 56.584404921000043 ], [ 23.958510446000048, 56.590482589000032 ], [ 23.940730895000058, 56.597352889000035 ], [ 23.940164092000032, 56.606757885000036 ], [ 23.930441022000025, 56.615271861000053 ], [ 23.904078006000077, 56.620746989000054 ], [ 23.866597144000025, 56.622282145000042 ], [ 23.843297067000037, 56.634958306000044 ], [ 23.819867116000069, 56.638568206000059 ], [ 23.795046444000036, 56.639734174000068 ], [ 23.78579, 56.646315499000082 ], [ 23.798290273000077, 56.656021579000083 ], [ 23.782062908000057, 56.664765721000038 ], [ 23.788282478000042, 56.672214580000059 ], [ 23.787131204000048, 56.681450386000051 ], [ 23.762794574000054, 56.687113778000082 ], [ 23.733136896000076, 56.685306007000065 ], [ 23.729306500000064, 56.691696499000045 ], [ 23.739238043000057, 56.69805664200004 ], [ 23.713969671000029, 56.710519805000047 ], [ 23.701240145000043, 56.708514578000063 ], [ 23.687718479000068, 56.710526129000073 ], [ 23.683359309000025, 56.717126809000035 ], [ 23.707997477000049, 56.724351154000033 ], [ 23.710369883000055, 56.738066863000029 ], [ 23.747771, 56.740853499000082 ] ] ] ] } },
{ "type": "Feature", "properties": { "GISCO_ID": "LV_0560200", "CNTR_CODE": "LV", "LAU_ID": "0560200", "LAU_NAME": "Jēkabpils novads", "cell_coverage": [ [ 0, 0, 0, 0.134, 0.3421, 0.6066, 0.374, 0.2452, 0.0843, 0, 0, 0, 0, 0, 0, 0, 0 ], [ 0, 0, 0, 0.3156, 0.973, 1, 1, 1, 0.9829, 0.4565, 0, 0, 0, 0, 0, 0, 0 ], [ 0, 0, 0, 0.1581, 0.93, 1, 1, 1, 1, 0.9745, 0.6428, 0.2097, 0, 0, 0, 0, 0 ], [ 0, 0.2206, 0.6077, 0.9311, 1, 1, 1, 1, 1, 1, 1, 0.8753, 0.0032, 0, 0, 0, 0 ], [ 0.0885, 0.6811, 1, 1, 1, 1, 1, 1, 1, 1, 1, 1, 0.2003, 0, 0, 0, 0 ], [ 0.7362, 1, 1, 1, 1, 1, 1, 1, 1, 1, 1, 1, 0.6399, 0, 0, 0, 0 ], [ 0.2092, 0.3112, 0.2888, 0.3808, 0.5572, 0.9437, 1, 1, 1, 1, 1, 1, 0.6055, 0.1856, 0.0032, 0, 0 ], [ 0, 0, 0, 0, 0, 0.642, 0.9984, 1, 1, 1, 1, 1, 0.9989, 0.8819, 0.7485, 0.1135, 0 ], [ 0, 0, 0, 0, 0, 0, 0.1828, 0.9579, 1, 1, 1, 0.7876, 0.2323, 0, 0.2658, 0.4222, 0.0155 ], [ 0, 0, 0, 0, 0, 0, 0, 0.2494, 0.8646, 1, 0.5466, 0.3486, 0, 0, 0, 0.2079, 0.0001 ], [ 0, 0, 0, 0, 0, 0, 0, 0, 0.0944, 0.228, 0.0004, 0, 0, 0, 0, 0, 0 ] ], "xmin": 25.666666666666664, "xmax": 26.375, "ymin": 56.04166666666665, "ymax": 56.5 }, "geometry": { "type": "MultiPolygon", "coordinates": [ [ [ [ 25.830157, 56.481354999000075 ], [ 25.839917247000074, 56.477470090000054 ], [ 25.84361651200004, 56.470282446000056 ], [ 25.88467707600006, 56.472510428000078 ], [ 25.900093045000062, 56.493851063000079 ], [ 25.911577, 56.489929999000083 ], [ 25.933707605000052, 56.471478551000075 ], [ 26.005259944000045, 56.466866849000041 ], [ 26.046682539000074, 56.451883332000079 ], [ 26.063969186000065, 56.441118110000048 ], [ 26.070994736000046, 56.418748042000061 ], [ 26.082442, 56.408561499000029 ], [ 26.128447551000079, 56.394205618000058 ], [ 26.148346942000046, 56.383606861000032 ], [ 26.159657576000029, 56.361810254000034 ], [ 26.181345057000044, 56.292160443000057 ], [ 26.188692451000065, 56.279910795000035 ], [ 26.201856897000027, 56.271097889000032 ], [ 26.201166148000027, 56.265469893000045 ], [ 26.193576495000059, 56.254441346000078 ], [ 26.179056941000056, 56.243388198000048 ], [ 26.17821895000003, 56.235692057000051 ], [ 26.197941318000062, 56.22175173100004 ], [ 26.237399641000025, 56.215050739000048 ], [ 26.267101973000024, 56.204023780000057 ], [ 26.274537017000057, 56.199419743000078 ], [ 26.277833885000064, 56.189905749000047 ], [ 26.291271, 56.181150499000069 ], [ 26.311072053000032, 56.171579724000082 ], [ 26.335546801000078, 56.144017413000029 ], [ 26.336045220000074, 56.137883979000037 ], [ 26.331391647000032, 56.126526084000034 ], [ 26.333445, 56.096426499000074 ], [ 26.317176374000042, 56.101462216000073 ], [ 26.32147186900005, 56.106959920000065 ], [ 26.319299863000026, 56.121869312000058 ], [ 26.310409411000023, 56.125812898000049 ], [ 26.316140737000069, 56.133281182000076 ], [ 26.320320750000064, 56.131177024000067 ], [ 26.324571521000053, 56.141677632000039 ], [ 26.316953461000026, 56.145618942000056 ], [ 26.318555874000026, 56.150485661000062 ], [ 26.316091979000078, 56.153735628000049 ], [ 26.300485084000059, 56.155331449000073 ], [ 26.292398523000031, 56.159329729000035 ], [ 26.282208570000023, 56.155677984000079 ], [ 26.273753476000024, 56.158155767000039 ], [ 26.266082642000072, 56.155431158000056 ], [ 26.26088191100007, 56.147980396000037 ], [ 26.25119582700006, 56.150772448000055 ], [ 26.255350264000072, 56.158300530000076 ], [ 26.247248575000071, 56.172189643000081 ], [ 26.21583886600007, 56.172029203000079 ], [ 26.137532026000031, 56.13058410800005 ], [ 26.14867698300003, 56.121229457000027 ], [ 26.150326388000053, 56.112710371000048 ], [ 26.145821374000036, 56.103145442000027 ], [ 26.135689097000068, 56.097209522000071 ], [ 26.128310510000063, 56.096237565000081 ], [ 26.115623803000062, 56.10868083400004 ], [ 26.10795011600004, 56.111601492000034 ], [ 26.091428872000051, 56.099086083000032 ], [ 26.089064603000054, 56.084848175000047 ], [ 26.077345872000024, 56.080204302000027 ], [ 26.068180247000043, 56.08078542800007 ], [ 26.062816381000061, 56.070460020000041 ], [ 26.046682539000074, 56.066843238000047 ], [ 26.035855625000067, 56.069219474000079 ], [ 26.027179215000046, 56.080919312000049 ], [ 26.005234, 56.090861999000026 ], [ 26.009566861000053, 56.098669 ], [ 26.005382693000058, 56.107843279000065 ], [ 25.994404704000033, 56.113024003000078 ], [ 25.980088731000023, 56.112911728000029 ], [ 25.97158728200003, 56.108683186000064 ], [ 25.968562353000038, 56.111158200000034 ], [ 25.965850787000079, 56.124395689000039 ], [ 25.950994067000067, 56.131419191000077 ], [ 25.948773448000054, 56.139113817000066 ], [ 25.961092657000052, 56.145451353000055 ], [ 25.966620933000058, 56.157700590000047 ], [ 25.949488754000072, 56.154879010000059 ], [ 25.942211193000048, 56.164790886000048 ], [ 25.925604619000069, 56.162023378000072 ], [ 25.915503595000075, 56.169537013000081 ], [ 25.895651994000048, 56.171813545000077 ], [ 25.881217609000032, 56.19769954800006 ], [ 25.885100289000036, 56.20570033100006 ], [ 25.878127134000067, 56.209262093000063 ], [ 25.880170889000055, 56.212161913000045 ], [ 25.888975562000041, 56.21115158300006 ], [ 25.89095840300007, 56.215836695000064 ], [ 25.873757984000065, 56.218747481000037 ], [ 25.867934347000073, 56.224930091000033 ], [ 25.849289212000031, 56.229769956000041 ], [ 25.828234579000025, 56.226574959000061 ], [ 25.824307238000074, 56.231163797000079 ], [ 25.813554145000069, 56.232842537000067 ], [ 25.796561773000064, 56.241136015000052 ], [ 25.78305927200006, 56.238041444000032 ], [ 25.771549166000057, 56.239836422000053 ], [ 25.750481880000052, 56.234327986000039 ], [ 25.742725155000073, 56.238379284000075 ], [ 25.722485283000026, 56.235906371000056 ], [ 25.709750234000069, 56.238228203000062 ], [ 25.690063500000065, 56.232435499000076 ], [ 25.688501598000073, 56.237213849000057 ], [ 25.683167662000074, 56.240471859000081 ], [ 25.673405931000048, 56.294286889000034 ], [ 25.728610002000039, 56.299961299000074 ], [ 25.725089659000048, 56.306671640000047 ], [ 25.722010365000074, 56.328266872000029 ], [ 25.726875993000078, 56.33428075300003 ], [ 25.732918693000045, 56.333236832000068 ], [ 25.736077255000055, 56.337947403000044 ], [ 25.73189, 56.356700999000054 ], [ 25.794802738000044, 56.359858384000063 ], [ 25.795763255000054, 56.367034401000069 ], [ 25.82752219200006, 56.383606861000032 ], [ 25.821181771000056, 56.388521940000032 ], [ 25.828179860000034, 56.393503104000047 ], [ 25.825984626000036, 56.402533163000044 ], [ 25.843921819000059, 56.408999804000075 ], [ 25.848503433000076, 56.414712119000058 ], [ 25.84430747600004, 56.419042046000072 ], [ 25.834998078000069, 56.421568612000044 ], [ 25.827163183000039, 56.433064712000032 ], [ 25.810564862000035, 56.437914945000045 ], [ 25.808119615000066, 56.441517884000064 ], [ 25.814135675000045, 56.456302654000069 ], [ 25.822170100000051, 56.460547065000071 ], [ 25.821137918000034, 56.471909443000072 ], [ 25.830157, 56.481354999000075 ] ] ], [ [ [ 26.320898777000025, 56.09180596200008 ], [ 26.323876548000044, 56.096734584000046 ], [ 26.327019295000071, 56.095888850000051 ], [ 26.326723580000078, 56.092041452000046 ], [ 26.320898777000025, 56.09180596200008 ] ] ] ] } },
{ "type": "Feature", "properties": { "GISCO_ID": "LV_0560800", "CNTR_CODE": "LV", "LAU_ID": "0560800", "LAU_NAME": "Aknīstes novads", "cell_coverage": [ [ 0, 0.2761, 0.6888, 0.7112, 0.6192, 0.4428, 0.0563, 0, 0, 0 ], [ 0.1031, 0.8969, 1, 1, 1, 1, 0.358, 0.0016, 0, 0 ], [ 0.3663, 0.8164, 1, 1, 1, 1, 1, 0.8172, 0.0421, 0 ], [ 0, 0.3375, 1, 1, 1, 0.6623, 0.6989, 0.9999, 0.732, 0.0801 ], [ 0, 0.0012, 0.1397, 0.484, 0.661, 0.204, 0, 0.3398, 0.1372, 0 ] ], "xmin": 25.625, "xmax": 26.041666666666668, "ymin": 56.04166666666665, "ymax": 56.25 }, "geometry": { "type": "MultiPolygon", "coordinates": [ [ [ [ 25.821386500000074, 56.052178999000034 ], [ 25.803527039000073, 56.058188764000079 ], [ 25.762006730000053, 56.063663881000082 ], [ 25.737336203000041, 56.07641998500003 ], [ 25.689207750000037, 56.086379830000055 ], [ 25.687303972000052, 56.092250465000063 ], [ 25.694912329000033, 56.095335605000059 ], [ 25.697965357000044, 56.100678661000074 ], [ 25.693827454000029, 56.104876331000071 ], [ 25.698796471000037, 56.118754514000045 ], [ 25.677728870000067, 56.129864616000077 ], [ 25.683500490000029, 56.143144045000042 ], [ 25.67651087400003, 56.147773771000061 ], [ 25.671866271000056, 56.148327565000045 ], [ 25.651845133000052, 56.135597386000029 ], [ 25.643714, 56.134838999000067 ], [ 25.641320033000056, 56.145775613000069 ], [ 25.647969581000041, 56.165558994000037 ], [ 25.65314636200003, 56.174170473000061 ], [ 25.665975328000059, 56.182532527000035 ], [ 25.667656761000046, 56.19095476800004 ], [ 25.675541105000036, 56.199693194000076 ], [ 25.685958115000062, 56.206232483000065 ], [ 25.69341638700007, 56.225090108000074 ], [ 25.692740589000039, 56.228517357000044 ], [ 25.688179285000047, 56.230659820000028 ], [ 25.690063500000065, 56.232435499000076 ], [ 25.709750234000069, 56.238228203000062 ], [ 25.722485283000026, 56.235906371000056 ], [ 25.742725155000073, 56.238379284000075 ], [ 25.750481880000052, 56.234327986000039 ], [ 25.771549166000057, 56.239836422000053 ], [ 25.78305927200006, 56.238041444000032 ], [ 25.796561773000064, 56.241136015000052 ], [ 25.813554145000069, 56.232842537000067 ], [ 25.824307238000074, 56.231163797000079 ], [ 25.828234579000025, 56.226574959000061 ], [ 25.849289212000031, 56.229769956000041 ], [ 25.867934347000073, 56.224930091000033 ], [ 25.873757984000065, 56.218747481000037 ], [ 25.89095840300007, 56.215836695000064 ], [ 25.888975562000041, 56.21115158300006 ], [ 25.880170889000055, 56.212161913000045 ], [ 25.878127134000067, 56.209262093000063 ], [ 25.885100289000036, 56.20570033100006 ], [ 25.881217609000032, 56.19769954800006 ], [ 25.895651994000048, 56.171813545000077 ], [ 25.915503595000075, 56.169537013000081 ], [ 25.925604619000069, 56.162023378000072 ], [ 25.942211193000048, 56.164790886000048 ], [ 25.949488754000072, 56.154879010000059 ], [ 25.966620933000058, 56.157700590000047 ], [ 25.961092657000052, 56.145451353000055 ], [ 25.948773448000054, 56.139113817000066 ], [ 25.950994067000067, 56.131419191000077 ], [ 25.965850787000079, 56.124395689000039 ], [ 25.968562353000038, 56.111158200000034 ], [ 25.97158728200003, 56.108683186000064 ], [ 25.980088731000023, 56.112911728000029 ], [ 25.994404704000033, 56.113024003000078 ], [ 26.005382693000058, 56.107843279000065 ], [ 26.009566861000053, 56.098669 ], [ 26.005234, 56.090861999000026 ], [ 25.982145937000041, 56.080907969000066 ], [ 25.956135438000047, 56.06498188900008 ], [ 25.940487463000068, 56.061847987000078 ], [ 25.933867743000064, 56.066306062000081 ], [ 25.927200457000026, 56.076707181000074 ], [ 25.895495098000026, 56.097801014000026 ], [ 25.840330103000042, 56.115934870000046 ], [ 25.844718538000052, 56.10145628500004 ], [ 25.870528215000036, 56.083429241000033 ], [ 25.846533, 56.075152631000037 ], [ 25.835145079000029, 56.055325782000068 ], [ 25.821386500000074, 56.052178999000034 ] ] ] ] } },
{ "type": "Feature", "properties": { "GISCO_ID": "LV_0561800", "CNTR_CODE": "LV", "LAU_ID": "0561800", "LAU_NAME": "Viesītes novads", "cell_coverage": [ [ 0, 0, 0, 0, 0, 0, 0.0089, 0.046, 0, 0, 0 ], [ 0.1065, 0.0232, 0, 0, 0.0748, 0.7137, 0.8189, 0.6668, 0, 0, 0 ], [ 0.8072, 0.964, 0.8081, 0.9186, 0.9674, 1, 1, 0.9893, 0.6273, 0.0372, 0.0002 ], [ 0.8119, 0.984, 1, 1, 1, 1, 1, 1, 1, 0.962, 0.5577 ], [ 0.27, 0.7167, 1, 1, 1, 1, 1, 1, 1, 0.9115, 0.3189 ], [ 0.1148, 0.6663, 0.9582, 1, 1, 1, 1, 1, 1, 0.2638, 0 ], [ 0, 0, 0.5036, 1, 1, 1, 1, 1, 1, 0.5147, 0 ], [ 0, 0, 0.3605, 1, 1, 1, 1, 1, 0.8969, 0.1031, 0 ], [ 0, 0.0214, 0.2258, 0.3799, 0.5348, 0.179, 0.4355, 0.7551, 0.35, 0, 0 ] ], "xmin": 25.291666666666664, "xmax": 25.75, "ymin": 56.125, "ymax": 56.5 }, "geometry": { "type": "MultiPolygon", "coordinates": [ [ [ [ 25.73189, 56.356700999000054 ], [ 25.736077255000055, 56.337947403000044 ], [ 25.732918693000045, 56.333236832000068 ], [ 25.726875993000078, 56.33428075300003 ], [ 25.722010365000074, 56.328266872000029 ], [ 25.725089659000048, 56.306671640000047 ], [ 25.728610002000039, 56.299961299000074 ], [ 25.673405931000048, 56.294286889000034 ], [ 25.683167662000074, 56.240471859000081 ], [ 25.688501598000073, 56.237213849000057 ], [ 25.690063500000065, 56.232435499000076 ], [ 25.688179285000047, 56.230659820000028 ], [ 25.692740589000039, 56.228517357000044 ], [ 25.69341638700007, 56.225090108000074 ], [ 25.685958115000062, 56.206232483000065 ], [ 25.675541105000036, 56.199693194000076 ], [ 25.667656761000046, 56.19095476800004 ], [ 25.665975328000059, 56.182532527000035 ], [ 25.65314636200003, 56.174170473000061 ], [ 25.647969581000041, 56.165558994000037 ], [ 25.641320033000056, 56.145775613000069 ], [ 25.643714, 56.134838999000067 ], [ 25.602689872000042, 56.134450792000052 ], [ 25.566151452000042, 56.140102437000053 ], [ 25.551317192000056, 56.161289747000069 ], [ 25.536546, 56.165107101000046 ], [ 25.510533429000077, 56.159085146000052 ], [ 25.503446089000079, 56.144756575000031 ], [ 25.483377498000038, 56.14306853000005 ], [ 25.456276087000049, 56.14679882300004 ], [ 25.453032875000076, 56.152650107000056 ], [ 25.434703006000063, 56.154136207000079 ], [ 25.421184336000067, 56.145792869000047 ], [ 25.416730947000076, 56.145755376000068 ], [ 25.403673006000076, 56.14866393300008 ], [ 25.401970389000041, 56.157886538000071 ], [ 25.365837, 56.15435099900003 ], [ 25.370584354000073, 56.160276023000051 ], [ 25.414129016000061, 56.164642447000062 ], [ 25.413793657000042, 56.172397084000067 ], [ 25.399252435000051, 56.187131844000078 ], [ 25.388666299000079, 56.213134720000028 ], [ 25.393607753000026, 56.222030828000072 ], [ 25.402749773000039, 56.227681917000041 ], [ 25.402186691000054, 56.236730841000053 ], [ 25.379967759000067, 56.257916428000044 ], [ 25.357229382000071, 56.258692798000027 ], [ 25.338317257000028, 56.272142356000074 ], [ 25.336646019000057, 56.278574794000065 ], [ 25.315158145000055, 56.28493786000007 ], [ 25.307486666000045, 56.291052109000077 ], [ 25.320182681000063, 56.313808846000029 ], [ 25.363229356000033, 56.319879688000071 ], [ 25.368189403000031, 56.325655268000048 ], [ 25.364875710000035, 56.332863312000029 ], [ 25.355758326000057, 56.33667687500008 ], [ 25.344617756000048, 56.332341831000065 ], [ 25.297577439000065, 56.332641609000063 ], [ 25.304172536000067, 56.343250418000082 ], [ 25.296970315000067, 56.359213816000079 ], [ 25.298068723000029, 56.378213211000059 ], [ 25.307231481000031, 56.39054016700004 ], [ 25.296387, 56.403971999000078 ], [ 25.293331502000058, 56.418412688000046 ], [ 25.296652167000047, 56.420978037000054 ], [ 25.32950799300005, 56.421901759000036 ], [ 25.393198409000036, 56.406996916000082 ], [ 25.423535170000036, 56.410417989000052 ], [ 25.437820007000028, 56.415505530000075 ], [ 25.468872515000044, 56.412708 ], [ 25.492760690000068, 56.422109873000068 ], [ 25.498917504000076, 56.434740611000052 ], [ 25.510098821000042, 56.441081706000034 ], [ 25.519282442000076, 56.451417637000077 ], [ 25.531602366000072, 56.450972825000065 ], [ 25.546129206000046, 56.444965152000066 ], [ 25.554320799000038, 56.444925570000066 ], [ 25.564361068000039, 56.449804799000049 ], [ 25.575261226000066, 56.459942566000052 ], [ 25.589505668000072, 56.460437444000036 ], [ 25.591941, 56.466836499000067 ], [ 25.596062389000053, 56.459528146000082 ], [ 25.606481851000069, 56.462846910000053 ], [ 25.611073327000042, 56.45318754300007 ], [ 25.616794937000066, 56.44864808400007 ], [ 25.607801150000057, 56.443370451000078 ], [ 25.606856439000069, 56.435121636000076 ], [ 25.618614647000072, 56.414556947000051 ], [ 25.634529574000055, 56.411507502000063 ], [ 25.637551529000064, 56.399085029000048 ], [ 25.652606760000026, 56.400357795000048 ], [ 25.670870622000052, 56.384124588000077 ], [ 25.676246541000069, 56.371952412000041 ], [ 25.725801756000067, 56.375212003000058 ], [ 25.73189, 56.356700999000054 ] ] ] ] } },
{ "type": "Feature", "properties": { "GISCO_ID": "LV_0566900", "CNTR_CODE": "LV", "LAU_ID": "0566900", "LAU_NAME": "Krustpils novads", "cell_coverage": [ [ 0, 0, 0, 0, 0.0937, 0.4032, 0.7452, 0.1509, 0.1753, 0.5517, 0.5707, 0.4255, 0.0026, 0, 0, 0.0257, 0.2615, 0.0037, 0, 0, 0, 0 ], [ 0.0065, 0.5695, 0.627, 0.8309, 0.998, 1, 1, 0.9612, 0.9996, 1, 1, 0.9676, 0.6556, 0.6321, 0.2572, 0.7033, 1, 0.8628, 0.5023, 0.3556, 0.3064, 0.0627 ], [ 0.1148, 0.9338, 1, 1, 1, 1, 1, 1, 1, 1, 1, 1, 1, 1, 1, 1, 1, 1, 1, 1, 0.974, 0.2405 ], [ 0, 0.2041, 0.433, 0.4071, 0.5256, 0.9332, 1, 1, 1, 1, 1, 1, 0.9625, 0.6224, 0.7433, 1, 1, 1, 1, 1, 1, 0.68 ], [ 0, 0, 0, 0, 0.0653, 0.626, 0.7548, 0.9157, 1, 1, 1, 0.8901, 0.145, 0, 0.0465, 0.5612, 0.9176, 0.5598, 0.1322, 0.1282, 0.3246, 0.1974 ], [ 0, 0, 0, 0, 0, 0, 0, 0.0171, 0.5435, 0.9877, 0.7571, 0.1327, 0, 0, 0, 0.0249, 0.035, 0, 0, 0, 0, 0 ], [ 0, 0, 0, 0, 0, 0, 0, 0, 0.0254, 0.0659, 0, 0, 0, 0, 0, 0, 0, 0, 0, 0, 0, 0 ] ], "xmin": 25.708333333333329, "xmax": 26.625, "ymin": 56.375, "ymax": 56.666666666666657 }, "geometry": { "type": "MultiPolygon", "coordinates": [ [ [ [ 25.911577, 56.489929999000083 ], [ 25.910867770000038, 56.493343828000036 ], [ 25.899845840000069, 56.49841914600006 ], [ 25.899978265000072, 56.502047369000081 ], [ 25.906221592000065, 56.507239239000057 ], [ 25.923923045000038, 56.509247093000056 ], [ 25.928038384000047, 56.512621270000068 ], [ 25.927635681000027, 56.518601422000074 ], [ 25.920715575000031, 56.521231535000027 ], [ 25.914436304000048, 56.517458296000029 ], [ 25.898513541000057, 56.517384881000055 ], [ 25.889558286000067, 56.520963960000074 ], [ 25.89570033800004, 56.526534150000032 ], [ 25.887852491000046, 56.530815254000061 ], [ 25.873392808000062, 56.525519598000074 ], [ 25.867057726000041, 56.527381008000077 ], [ 25.857393316000071, 56.525628701000073 ], [ 25.849052494000034, 56.530545661000076 ], [ 25.849290865000057, 56.525959495000052 ], [ 25.840537641000026, 56.51889376400004 ], [ 25.828583500000036, 56.520823499000073 ], [ 25.76261708100003, 56.532303520000028 ], [ 25.759275107000065, 56.548772568000061 ], [ 25.736050340000077, 56.572435258000041 ], [ 25.75863411000006, 56.598337942000057 ], [ 25.756825500000048, 56.613981999000032 ], [ 25.78769131100006, 56.607531634000054 ], [ 25.83734124700004, 56.611385415000029 ], [ 25.846868373000063, 56.61676320600003 ], [ 25.927525826000078, 56.636621755000078 ], [ 25.933459500000026, 56.64078949900005 ], [ 25.954955117000054, 56.647929528000077 ], [ 25.959489538000071, 56.658573993000061 ], [ 25.981376556000043, 56.66453186800004 ], [ 25.99353956300007, 56.642580157000054 ], [ 26.018618450000076, 56.637322959000073 ], [ 26.019994786000041, 56.634296610000035 ], [ 26.016233740000075, 56.627618570000038 ], [ 26.025254830000051, 56.619485276000034 ], [ 26.046682539000074, 56.625856554000052 ], [ 26.064552810000066, 56.630975026000044 ], [ 26.074541020000026, 56.639605710000069 ], [ 26.134346048000054, 56.656526926000026 ], [ 26.158984243000077, 56.639929148000078 ], [ 26.165717575000031, 56.644933520000052 ], [ 26.18648844300003, 56.644276808000029 ], [ 26.195889844000078, 56.646868914000038 ], [ 26.210918977000063, 56.632993129000056 ], [ 26.199311149000039, 56.628238390000035 ], [ 26.204133612000078, 56.616696041000068 ], [ 26.218016331000058, 56.605846203000056 ], [ 26.241624891000072, 56.614319616000046 ], [ 26.250832251000077, 56.612376049000034 ], [ 26.265161748000025, 56.619053835000045 ], [ 26.272730925000076, 56.618883231000041 ], [ 26.28293956400006, 56.610487023000076 ], [ 26.278217835000078, 56.604403804000071 ], [ 26.284353036000027, 56.601325046000056 ], [ 26.282824516000062, 56.588958921000028 ], [ 26.285518467000031, 56.585747849000029 ], [ 26.34744531900003, 56.604799846000049 ], [ 26.355676653000046, 56.61157104800003 ], [ 26.360894415000075, 56.621016642000029 ], [ 26.366708600000038, 56.623806840000043 ], [ 26.377915, 56.641455999000073 ], [ 26.390917713000078, 56.640502251000044 ], [ 26.404322409000031, 56.631790113000079 ], [ 26.490715160000036, 56.599631524000074 ], [ 26.593336715000078, 56.594580756000028 ], [ 26.595282896000072, 56.592360156000041 ], [ 26.590934469000047, 56.586816492000082 ], [ 26.593029595000075, 56.577748115000077 ], [ 26.577403392000065, 56.560106567000048 ], [ 26.582869802000062, 56.553399117000026 ], [ 26.581972652000047, 56.549647570000047 ], [ 26.587288904000047, 56.547361079000041 ], [ 26.607069441000078, 56.556937342000026 ], [ 26.617885009000076, 56.541304577000062 ], [ 26.624916, 56.540223999000034 ], [ 26.623140922000061, 56.533273061000045 ], [ 26.595133231000034, 56.50104779000003 ], [ 26.597992954000063, 56.494323331000032 ], [ 26.609689077000041, 56.498156934000065 ], [ 26.615254417000074, 56.487116018000052 ], [ 26.559544, 56.48457649900007 ], [ 26.54986900800003, 56.484754578000036 ], [ 26.546210603000077, 56.494815401000039 ], [ 26.510538229000076, 56.493704370000046 ], [ 26.502587543000061, 56.497485890000064 ], [ 26.490715160000036, 56.496715408000057 ], [ 26.471528386000045, 56.495055595000053 ], [ 26.458256132000031, 56.486270869000066 ], [ 26.446994640000071, 56.484367250000048 ], [ 26.442311109000059, 56.477243369000064 ], [ 26.436676638000051, 56.47422944300007 ], [ 26.390502604000062, 56.459643567000057 ], [ 26.386390924000068, 56.454196416000059 ], [ 26.367314114000067, 56.452089557000079 ], [ 26.368170919000079, 56.463014254000029 ], [ 26.365054380000061, 56.472465032000059 ], [ 26.316415389000042, 56.500025174000029 ], [ 26.319554191000066, 56.50551600600005 ], [ 26.317408449000027, 56.512968928000078 ], [ 26.297597952000046, 56.519626867000056 ], [ 26.288861720000057, 56.517241326000033 ], [ 26.282130840000036, 56.521176091000029 ], [ 26.265606, 56.521526624000046 ], [ 26.262800555000069, 56.510696456000062 ], [ 26.253435376000027, 56.503581646000043 ], [ 26.22509999600004, 56.501817736000078 ], [ 26.220203500000025, 56.485493713000039 ], [ 26.212231640000027, 56.480740984000079 ], [ 26.20611733100003, 56.472333906000074 ], [ 26.193923283000061, 56.468354908000038 ], [ 26.192922229000033, 56.460834190000071 ], [ 26.15416317100005, 56.427958437000029 ], [ 26.082442, 56.408561499000029 ], [ 26.070994736000046, 56.418748042000061 ], [ 26.063969186000065, 56.441118110000048 ], [ 26.046682539000074, 56.451883332000079 ], [ 26.005259944000045, 56.466866849000041 ], [ 25.933707605000052, 56.471478551000075 ], [ 25.911577, 56.489929999000083 ] ] ] ] } },
{ "type": "Feature", "properties": { "GISCO_ID": "LV_0568700", "CNTR_CODE": "LV", "LAU_ID": "0568700", "LAU_NAME": "Salas novads", "cell_coverage": [ [ 0, 0.0037, 0.1741, 0.4581, 0.715, 0.0945, 0, 0 ], [ 0.0685, 0.5674, 1, 1, 0.8852, 0.0662, 0, 0 ], [ 0.5608, 0.9926, 1, 1, 1, 0.7959, 0.5603, 0.0181 ], [ 0.074, 0.8028, 1, 1, 1, 1, 0.8223, 0.0006 ], [ 0, 0.3332, 1, 1, 1, 1, 0.6844, 0.027 ], [ 0, 0.0107, 0.3727, 0.9628, 0.9998, 1, 0.8419, 0.07 ], [ 0, 0, 0, 0.038, 0.2217, 0.3923, 0.0689, 0 ] ], "xmin": 25.541666666666664, "xmax": 25.875, "ymin": 56.333333333333321, "ymax": 56.625 }, "geometry": { "type": "MultiPolygon", "coordinates": [ [ [ [ 25.830157, 56.481354999000075 ], [ 25.821137918000034, 56.471909443000072 ], [ 25.822170100000051, 56.460547065000071 ], [ 25.814135675000045, 56.456302654000069 ], [ 25.808119615000066, 56.441517884000064 ], [ 25.810564862000035, 56.437914945000045 ], [ 25.827163183000039, 56.433064712000032 ], [ 25.834998078000069, 56.421568612000044 ], [ 25.84430747600004, 56.419042046000072 ], [ 25.848503433000076, 56.414712119000058 ], [ 25.843921819000059, 56.408999804000075 ], [ 25.825984626000036, 56.402533163000044 ], [ 25.828179860000034, 56.393503104000047 ], [ 25.821181771000056, 56.388521940000032 ], [ 25.82752219200006, 56.383606861000032 ], [ 25.795763255000054, 56.367034401000069 ], [ 25.794802738000044, 56.359858384000063 ], [ 25.73189, 56.356700999000054 ], [ 25.725801756000067, 56.375212003000058 ], [ 25.676246541000069, 56.371952412000041 ], [ 25.670870622000052, 56.384124588000077 ], [ 25.652606760000026, 56.400357795000048 ], [ 25.637551529000064, 56.399085029000048 ], [ 25.634529574000055, 56.411507502000063 ], [ 25.618614647000072, 56.414556947000051 ], [ 25.606856439000069, 56.435121636000076 ], [ 25.607801150000057, 56.443370451000078 ], [ 25.616794937000066, 56.44864808400007 ], [ 25.611073327000042, 56.45318754300007 ], [ 25.606481851000069, 56.462846910000053 ], [ 25.596062389000053, 56.459528146000082 ], [ 25.591941, 56.466836499000067 ], [ 25.596122573000059, 56.472968245000061 ], [ 25.593616877000045, 56.483614498000065 ], [ 25.553205257000059, 56.503649777000078 ], [ 25.552665888000035, 56.512799401000052 ], [ 25.561513060000038, 56.523735256000066 ], [ 25.563681215000031, 56.538016199000026 ], [ 25.588941873000067, 56.540091318000066 ], [ 25.597330470000031, 56.543985898000074 ], [ 25.608069255000032, 56.558038034000049 ], [ 25.606699086000049, 56.568246467000051 ], [ 25.603930219000063, 56.57092644100004 ], [ 25.592110892000051, 56.571504706000042 ], [ 25.563814304000061, 56.566757616000075 ], [ 25.556967, 56.571686999000065 ], [ 25.563173500000062, 56.572809499000073 ], [ 25.570396500000072, 56.573194999000066 ], [ 25.577397500000075, 56.57340399900005 ], [ 25.584401, 56.574749999000062 ], [ 25.589505668000072, 56.575896969000041 ], [ 25.616953267000042, 56.583841150000069 ], [ 25.63464424700004, 56.584854300000075 ], [ 25.660857913000029, 56.597534232000044 ], [ 25.688707349000026, 56.600418273000059 ], [ 25.70552178500003, 56.610022340000057 ], [ 25.727808816000049, 56.614362496000069 ], [ 25.756825500000048, 56.613981999000032 ], [ 25.75863411000006, 56.598337942000057 ], [ 25.736050340000077, 56.572435258000041 ], [ 25.759275107000065, 56.548772568000061 ], [ 25.76261708100003, 56.532303520000028 ], [ 25.828583500000036, 56.520823499000073 ], [ 25.837907563000044, 56.509737143000052 ], [ 25.834383703000071, 56.506455454000047 ], [ 25.835251821000043, 56.500501022000037 ], [ 25.824987301000078, 56.489518976000056 ], [ 25.830040461000067, 56.485567998000079 ], [ 25.830157, 56.481354999000075 ] ] ] ] } },
{ "type": "Feature", "properties": { "GISCO_ID": "LV_0600202", "CNTR_CODE": "LV", "LAU_ID": "0600202", "LAU_NAME": "Krāslavas novads", "cell_coverage": [ [ 0, 0, 0, 0, 0, 0, 0, 0.0001, 0.0909, 0.0621, 0.0045, 0, 0, 0, 0, 0, 0, 0, 0, 0 ], [ 0, 0, 0, 0, 0, 0.0001, 0.5125, 0.8258, 1, 0.9982, 0.6012, 0.0286, 0.0067, 0, 0, 0, 0, 0, 0, 0 ], [ 0.0791, 0.1746, 0, 0.0472, 0.0352, 0.164, 0.8954, 1, 1, 1, 0.8291, 0.999, 0.9148, 0.4785, 0.1734, 0.0144, 0.048, 0.2228, 0.0002, 0 ], [ 0.3918, 0.9942, 0.8741, 0.9979, 0.9855, 0.9942, 1, 1, 1, 1, 1, 1, 1, 1, 1, 0.8793, 0.7449, 0.9963, 0.8438, 0.3011 ], [ 0.2438, 0.9743, 1, 1, 1, 1, 1, 1, 1, 1, 1, 1, 1, 1, 1, 1, 1, 0.8786, 0.2998, 0.0032 ], [ 0.5737, 1, 1, 1, 1, 1, 1, 1, 1, 1, 1, 1, 1, 1, 1, 1, 1, 0.2596, 0, 0 ], [ 0.0603, 0.5294, 1, 1, 0.806, 0.6062, 0.9359, 1, 1, 1, 1, 1, 1, 1, 1, 1, 1, 0.2534, 0, 0 ], [ 0, 0.1839, 0.1932, 0.0997, 0.052, 0, 0.0187, 0.5053, 0.9844, 0.9382, 0.6365, 0.7224, 0.9174, 0.982, 1, 1, 0.9619, 0.0572, 0, 0 ], [ 0, 0, 0, 0, 0, 0, 0, 0, 0.0503, 0.015, 0, 0, 0, 0.0224, 0.108, 0.1652, 0.1123, 0, 0, 0 ] ], "xmin": 26.916666666666664, "xmax": 27.75, "ymin": 55.75, "ymax": 56.125 }, "geometry": { "type": "MultiPolygon", "coordinates": [ [ [ [ 27.747869500000036, 55.975252999000077 ], [ 27.654028413000049, 55.92953620000003 ], [ 27.65217216700006, 55.912721839000028 ], [ 27.625660972000048, 55.892180870000061 ], [ 27.639209803000028, 55.848180880000029 ], [ 27.618638877000024, 55.793405718000031 ], [ 27.612957831000074, 55.786635055000033 ], [ 27.585361645000035, 55.78439880500008 ], [ 27.545254213000078, 55.785051343000077 ], [ 27.479059229000029, 55.790788664000047 ], [ 27.466442838000034, 55.794074461000037 ], [ 27.431297424000036, 55.794624359000068 ], [ 27.376786634000041, 55.807839260000037 ], [ 27.366259428000035, 55.813788173000034 ], [ 27.356108611000025, 55.811353537000059 ], [ 27.34633782700007, 55.801089398000045 ], [ 27.306541318000029, 55.792821442000047 ], [ 27.287670346000027, 55.785759307000035 ], [ 27.260661631000062, 55.792814891000035 ], [ 27.249252083000044, 55.795293589000039 ], [ 27.241853990000038, 55.806052063000038 ], [ 27.212109793000025, 55.822189425000033 ], [ 27.199863033000042, 55.833367169000041 ], [ 27.172746737000068, 55.837638414000082 ], [ 27.167481230000078, 55.845225004000042 ], [ 27.152436764000072, 55.851622543000076 ], [ 27.142984055000056, 55.849052440000037 ], [ 27.130694256000027, 55.851261410000063 ], [ 27.108991123000067, 55.847189989000071 ], [ 27.10252795100007, 55.843510217000073 ], [ 27.099324639000031, 55.831079984000041 ], [ 27.094159673000036, 55.827568743000029 ], [ 27.084097246000056, 55.82643938800004 ], [ 27.058926736000046, 55.830521803000067 ], [ 27.044010953000054, 55.829905003000079 ], [ 27.032669892000058, 55.82325133300003 ], [ 27.014952376000053, 55.828288060000034 ], [ 26.996924478000039, 55.818771696000056 ], [ 26.978542, 55.814583999000035 ], [ 26.982187181000029, 55.826439999000058 ], [ 26.976195159000042, 55.834590791000039 ], [ 26.982024911000053, 55.842396691000033 ], [ 26.979523314000062, 55.847753380000029 ], [ 26.983875982000029, 55.855397605000064 ], [ 26.983418743000072, 55.867515130000072 ], [ 26.937503233000029, 55.871345030000043 ], [ 26.932439694000038, 55.874540161000027 ], [ 26.933051004000049, 55.882815236000056 ], [ 26.929206436000072, 55.891068314000051 ], [ 26.933870443000046, 55.906794155000057 ], [ 26.946405991000063, 55.912847812000052 ], [ 26.954937567000059, 55.924135848000049 ], [ 26.936687187000075, 55.933486542000082 ], [ 26.935767268000063, 55.938810229000069 ], [ 26.948493821000056, 55.947149556000056 ], [ 26.961852192000038, 55.949041238000063 ], [ 26.964937683000073, 55.953165725000076 ], [ 26.958034325000028, 55.96129849700003 ], [ 26.943471256000066, 55.965982421000035 ], [ 26.936356893000038, 55.986331025000027 ], [ 26.941192580000063, 55.995293308000043 ], [ 26.932240796000031, 56.00239829700007 ], [ 26.970418500000051, 56.011187499000073 ], [ 26.98337729900004, 56.010097839000082 ], [ 26.991440136000051, 56.001134074000049 ], [ 27.013914204000059, 55.991706792000059 ], [ 27.040666370000054, 55.997693413000036 ], [ 27.05452292800004, 56.004216481000071 ], [ 27.078666014000078, 56.000636773000053 ], [ 27.101038139000025, 56.003636482000047 ], [ 27.116669647000037, 55.997833810000031 ], [ 27.126680447000069, 55.997610813000051 ], [ 27.174590401000046, 56.020038616000079 ], [ 27.173992766000026, 56.038495092000062 ], [ 27.181225682000047, 56.050647390000051 ], [ 27.166158229000075, 56.060209751000059 ], [ 27.180352857000059, 56.067226349000066 ], [ 27.218365961000075, 56.071599979000041 ], [ 27.249655500000074, 56.083631999000033 ], [ 27.263872719000062, 56.089477507000026 ], [ 27.271745094000039, 56.08664312600007 ], [ 27.302787727000066, 56.088061498000059 ], [ 27.331555748000028, 56.082514656000058 ], [ 27.359209907000036, 56.084318673000041 ], [ 27.36380329800005, 56.078615036000031 ], [ 27.364193790000058, 56.066254973000071 ], [ 27.351436355000033, 56.049955613000066 ], [ 27.343409487000031, 56.032076442000061 ], [ 27.345655391000037, 56.028886108000052 ], [ 27.35973673500007, 56.028672060000076 ], [ 27.376736957000048, 56.041452822000053 ], [ 27.415659884000036, 56.044289842000069 ], [ 27.446431387000075, 56.036834413000065 ], [ 27.473401541000044, 56.020769414000029 ], [ 27.533619902000055, 56.003361523000081 ], [ 27.550209421000034, 56.002111748000061 ], [ 27.57510411100003, 55.989123849000066 ], [ 27.590264259000037, 55.986118501000078 ], [ 27.600979375000065, 55.990753091000045 ], [ 27.625860126000077, 55.988938042000029 ], [ 27.62686646800006, 55.992348148000076 ], [ 27.620098938000069, 55.999239369000065 ], [ 27.624238537000053, 56.003766674000076 ], [ 27.616483405000054, 56.013230891000035 ], [ 27.619985093000025, 56.017750536000051 ], [ 27.631736802000034, 56.017292237000049 ], [ 27.654241837000029, 56.004109854000035 ], [ 27.687421399000073, 55.994468907000055 ], [ 27.724235344000078, 55.977160277000053 ], [ 27.739235326000028, 55.97894407900003 ], [ 27.747869500000036, 55.975252999000077 ] ] ] ] } },
{ "type": "Feature", "properties": { "GISCO_ID": "LV_0601000", "CNTR_CODE": "LV", "LAU_ID": "0601000", "LAU_NAME": "Dagdas novads", "cell_coverage": [ [ 0, 0, 0, 0, 0, 0, 0, 0.0365, 0.0195, 0, 0.0057, 0, 0, 0, 0, 0, 0, 0, 0, 0, 0, 0 ], [ 0, 0, 0.0062, 0.0529, 0.0089, 0.1918, 0.6076, 0.8347, 0.8993, 0.8035, 0.9417, 0.4959, 0.0206, 0, 0, 0, 0, 0, 0, 0.1248, 0.0938, 0.0036 ], [ 0, 0, 0.7563, 1, 0.9419, 0.9902, 1, 1, 1, 1, 1, 1, 0.8683, 0.7492, 0.6333, 0.4185, 0.5005, 0.6987, 0.7538, 0.9934, 0.6703, 0.0361 ], [ 0, 0.0333, 0.3606, 1, 1, 1, 1, 1, 1, 1, 1, 1, 1, 1, 1, 1, 1, 1, 0.9999, 0.9876, 0.2552, 0 ], [ 0.3866, 0.8978, 0.9379, 0.9955, 1, 1, 1, 1, 1, 1, 1, 1, 1, 1, 1, 1, 1, 0.8155, 0.1612, 0.0611, 0.007, 0 ], [ 0, 0, 0.0018, 0.3988, 0.9714, 0.9933, 1, 1, 1, 1, 1, 1, 1, 1, 1, 0.9286, 0.729, 0.1853, 0, 0, 0, 0 ], [ 0, 0, 0, 0.1709, 0.001, 0.0852, 0.5215, 0.8266, 0.9856, 0.952, 0.7772, 0.9998, 1, 1, 0.6537, 0.0206, 0, 0, 0, 0, 0, 0 ], [ 0, 0, 0, 0, 0, 0, 0, 0, 0.1207, 0.2551, 0.0037, 0.1562, 0.5075, 0.541, 0.1644, 0, 0, 0, 0, 0, 0, 0 ] ], "xmin": 27.208333333333329, "xmax": 28.125, "ymin": 55.958333333333321, "ymax": 56.291666666666657 }, "geometry": { "type": "MultiPolygon", "coordinates": [ [ [ [ 27.300237482000057, 56.20164408800008 ], [ 27.324139212000034, 56.209400215000073 ], [ 27.344385891000059, 56.20902955400004 ], [ 27.351926651000042, 56.211504301000048 ], [ 27.376418386000068, 56.211069295000073 ], [ 27.401009926000029, 56.203066685000067 ], [ 27.412430279000034, 56.205697437000026 ], [ 27.420004640000059, 56.204102524000064 ], [ 27.421451658000024, 56.207718744000033 ], [ 27.432949488000077, 56.211281459000077 ], [ 27.446920890000058, 56.210040814000081 ], [ 27.454378248000069, 56.21460314400008 ], [ 27.45656314200005, 56.220000224000046 ], [ 27.439654776000054, 56.224920909000048 ], [ 27.440741701000036, 56.234305909000057 ], [ 27.491088930000046, 56.23301097600006 ], [ 27.531431094000027, 56.246048094000059 ], [ 27.537238733000038, 56.260365319000073 ], [ 27.545837042000073, 56.256593199000065 ], [ 27.546705839000026, 56.249320062000038 ], [ 27.551336683000045, 56.245146163000072 ], [ 27.57242431700007, 56.246121052000035 ], [ 27.585761725000054, 56.239920323000035 ], [ 27.62855797900005, 56.244229676000032 ], [ 27.653503288000024, 56.251998121000042 ], [ 27.671866500000078, 56.241537999000059 ], [ 27.683749091000038, 56.227255011000068 ], [ 27.698514211000031, 56.224080229000037 ], [ 27.726055928000051, 56.201420313000028 ], [ 27.738297775000035, 56.20128506900005 ], [ 27.749655284000028, 56.196018053000046 ], [ 27.772567239000068, 56.199838013000033 ], [ 27.785832346000063, 56.196685905000038 ], [ 27.807893206000074, 56.196999087000052 ], [ 27.816885529000047, 56.194212216000039 ], [ 27.824281657000029, 56.185997930000042 ], [ 27.839257538000027, 56.186229364000042 ], [ 27.850409677000073, 56.178295049000042 ], [ 27.883082482000077, 56.194615900000031 ], [ 27.892674333000059, 56.192666333000034 ], [ 27.895818537000025, 56.184778636000033 ], [ 27.906941290000077, 56.180186483000057 ], [ 27.913781276000066, 56.182881314000042 ], [ 27.918651151000063, 56.190996489000042 ], [ 27.938460472000031, 56.197695028000055 ], [ 27.949679381000067, 56.198648379000076 ], [ 27.96276081600007, 56.194953387000055 ], [ 27.979377014000079, 56.196751151000058 ], [ 28.000370297000075, 56.204178567000042 ], [ 28.007316494000065, 56.210198244000082 ], [ 28.024301811000043, 56.215153627000063 ], [ 28.041164762000051, 56.217680914000027 ], [ 28.048585661000061, 56.213123448000033 ], [ 28.058556430000067, 56.21741856400007 ], [ 28.060322056000075, 56.214201633000073 ], [ 28.053915890000042, 56.208075023000049 ], [ 28.056858404000025, 56.204140427000027 ], [ 28.06246524900007, 56.20323496900005 ], [ 28.070042672000056, 56.205761916000029 ], [ 28.072504326000058, 56.212812906000067 ], [ 28.076298125000051, 56.213906227000052 ], [ 28.094601440000076, 56.205613579000044 ], [ 28.070694824000043, 56.190480483000044 ], [ 28.069300899000041, 56.17965666300006 ], [ 28.055615862000025, 56.173011870000039 ], [ 28.056639459000053, 56.168535800000029 ], [ 28.037450970000066, 56.16089308100004 ], [ 28.045048847000032, 56.154826591000074 ], [ 28.059899727000072, 56.149112328000058 ], [ 28.059990661000029, 56.14095480800006 ], [ 28.06437, 56.136640499000066 ], [ 28.046279414000026, 56.129177331000051 ], [ 28.042577863000076, 56.118953988000044 ], [ 28.027242315000024, 56.119522970000048 ], [ 28.021016655000039, 56.124000850000073 ], [ 28.006567239000049, 56.126382694000029 ], [ 27.972564969000075, 56.120233107000047 ], [ 27.968078868000077, 56.109452866000026 ], [ 27.952545392000047, 56.102927314000056 ], [ 27.939535855000031, 56.091734197000051 ], [ 27.934211652000045, 56.081142382000053 ], [ 27.93422851300005, 56.072712097000078 ], [ 27.919422418000067, 56.059568476000038 ], [ 27.911974691000069, 56.05846768400005 ], [ 27.90306114200007, 56.048588423000069 ], [ 27.891117693000069, 56.052750038000056 ], [ 27.873904283000059, 56.052509982000061 ], [ 27.858120726000038, 56.043926810000073 ], [ 27.839287956000078, 56.038417603000028 ], [ 27.821776323000051, 56.039968625000029 ], [ 27.808339413000056, 56.035905058000083 ], [ 27.812106301000028, 56.030088223000064 ], [ 27.824444123000035, 56.028025344000071 ], [ 27.832387011000037, 56.02262229300004 ], [ 27.814902579000034, 56.008395345000054 ], [ 27.807572253000046, 56.00795742300005 ], [ 27.811255180000046, 55.998065686000075 ], [ 27.809558077000077, 55.995304803000067 ], [ 27.81060631500003, 55.990558513000053 ], [ 27.803288954000038, 55.989101112000071 ], [ 27.800733052000055, 55.982277518000046 ], [ 27.786075450000055, 55.976472043000058 ], [ 27.770326423000029, 55.975524803000042 ], [ 27.76206359400004, 55.97954418900008 ], [ 27.751753132000033, 55.979271070000038 ], [ 27.747869500000036, 55.975252999000077 ], [ 27.739235326000028, 55.97894407900003 ], [ 27.724235344000078, 55.977160277000053 ], [ 27.687421399000073, 55.994468907000055 ], [ 27.654241837000029, 56.004109854000035 ], [ 27.631736802000034, 56.017292237000049 ], [ 27.619985093000025, 56.017750536000051 ], [ 27.616483405000054, 56.013230891000035 ], [ 27.624238537000053, 56.003766674000076 ], [ 27.620098938000069, 55.999239369000065 ], [ 27.62686646800006, 55.992348148000076 ], [ 27.625860126000077, 55.988938042000029 ], [ 27.600979375000065, 55.990753091000045 ], [ 27.590264259000037, 55.986118501000078 ], [ 27.57510411100003, 55.989123849000066 ], [ 27.550209421000034, 56.002111748000061 ], [ 27.533619902000055, 56.003361523000081 ], [ 27.473401541000044, 56.020769414000029 ], [ 27.446431387000075, 56.036834413000065 ], [ 27.415659884000036, 56.044289842000069 ], [ 27.376736957000048, 56.041452822000053 ], [ 27.35973673500007, 56.028672060000076 ], [ 27.345655391000037, 56.028886108000052 ], [ 27.343409487000031, 56.032076442000061 ], [ 27.351436355000033, 56.049955613000066 ], [ 27.364193790000058, 56.066254973000071 ], [ 27.36380329800005, 56.078615036000031 ], [ 27.359209907000036, 56.084318673000041 ], [ 27.331555748000028, 56.082514656000058 ], [ 27.302787727000066, 56.088061498000059 ], [ 27.271745094000039, 56.08664312600007 ], [ 27.263872719000062, 56.089477507000026 ], [ 27.249655500000074, 56.083631999000033 ], [ 27.244652809000058, 56.098067720000074 ], [ 27.223247985000057, 56.098770348000073 ], [ 27.219435340000075, 56.105428572000051 ], [ 27.234483863000037, 56.112618320000081 ], [ 27.229602346000036, 56.115106324000067 ], [ 27.218248018000054, 56.11431527600007 ], [ 27.218762602000027, 56.11710151300008 ], [ 27.237800030000074, 56.124526983000067 ], [ 27.252943662000064, 56.122345253000049 ], [ 27.272995694000031, 56.128090852000071 ], [ 27.285889001000044, 56.12651291800006 ], [ 27.300035287000071, 56.12878407900007 ], [ 27.309413495000058, 56.132519952000052 ], [ 27.328244358000063, 56.147252373000072 ], [ 27.322185911000076, 56.168159049000053 ], [ 27.304823325000029, 56.17395073800003 ], [ 27.291875224000023, 56.186831673000029 ], [ 27.293858780000051, 56.196722126000054 ], [ 27.300237482000057, 56.20164408800008 ] ] ] ] } },
{ "type": "Feature", "properties": { "GISCO_ID": "LV_0604300", "CNTR_CODE": "LV", "LAU_ID": "0604300", "LAU_NAME": "Aglonas novads", "cell_coverage": [ [ 0, 0, 0, 0, 0, 0, 0.0279, 0.0054, 0.005, 0, 0 ], [ 0, 0.0015, 0.1154, 0.0392, 0.0213, 0.3195, 0.8354, 0.9526, 0.9725, 0.8657, 0.1844 ], [ 0.0607, 0.6601, 1, 0.9899, 0.9759, 0.9436, 1, 1, 1, 0.9667, 0.6394 ], [ 0.4477, 1, 1, 1, 1, 1, 1, 1, 0.6133, 0.0112, 0 ], [ 0.011, 0.4777, 0.9466, 1, 1, 1, 0.9999, 0.4875, 0.1742, 0, 0 ], [ 0, 0.0511, 0.7516, 1, 0.9528, 0.9648, 0.836, 0.1046, 0, 0, 0 ], [ 0, 0, 0.0041, 0.1259, 0.0021, 0.0145, 0.0058, 0, 0, 0, 0 ] ], "xmin": 26.875, "xmax": 27.333333333333332, "ymin": 55.958333333333321, "ymax": 56.25 }, "geometry": { "type": "MultiPolygon", "coordinates": [ [ [ [ 27.249655500000074, 56.083631999000033 ], [ 27.218365961000075, 56.071599979000041 ], [ 27.180352857000059, 56.067226349000066 ], [ 27.166158229000075, 56.060209751000059 ], [ 27.181225682000047, 56.050647390000051 ], [ 27.173992766000026, 56.038495092000062 ], [ 27.174590401000046, 56.020038616000079 ], [ 27.126680447000069, 55.997610813000051 ], [ 27.116669647000037, 55.997833810000031 ], [ 27.101038139000025, 56.003636482000047 ], [ 27.078666014000078, 56.000636773000053 ], [ 27.05452292800004, 56.004216481000071 ], [ 27.040666370000054, 55.997693413000036 ], [ 27.013914204000059, 55.991706792000059 ], [ 26.991440136000051, 56.001134074000049 ], [ 26.98337729900004, 56.010097839000082 ], [ 26.970418500000051, 56.011187499000073 ], [ 26.96582614600004, 56.015926413000045 ], [ 26.963523379000037, 56.024726158000078 ], [ 26.95134020100005, 56.033000246000029 ], [ 26.948896120000029, 56.038588021000066 ], [ 26.95319042400007, 56.045635330000039 ], [ 26.958829850000029, 56.045024435000073 ], [ 26.956747150000069, 56.049373166000066 ], [ 26.967729557000041, 56.052615396000078 ], [ 26.970069698000032, 56.060203797000042 ], [ 26.933060986000044, 56.059819795000067 ], [ 26.930013377000023, 56.067308818000072 ], [ 26.914999968000075, 56.077833832000067 ], [ 26.904931976000057, 56.09467666200004 ], [ 26.88963697500003, 56.105403258000081 ], [ 26.894749882000042, 56.122895338000035 ], [ 26.893574500000057, 56.129078999000058 ], [ 26.904714212000044, 56.130787725000062 ], [ 26.928652211000042, 56.124849232000031 ], [ 26.929139388000067, 56.134870723000063 ], [ 26.915714812000033, 56.142188069000042 ], [ 26.922901470000056, 56.146188248000044 ], [ 26.931846679000046, 56.157835566000074 ], [ 26.939701599000045, 56.157464486000038 ], [ 26.945779561000052, 56.157467445000066 ], [ 26.959919972000023, 56.170271319000051 ], [ 26.985620242000039, 56.174128517000042 ], [ 26.998436929000036, 56.167388737000067 ], [ 27.007321897000054, 56.167533346000027 ], [ 27.012346640000032, 56.162949464000064 ], [ 27.020202811000047, 56.168398057000047 ], [ 27.04655480200006, 56.17095671800007 ], [ 27.055101583000067, 56.165789958000062 ], [ 27.074156458000061, 56.163948674000039 ], [ 27.080805607000059, 56.167818557000032 ], [ 27.088813998000035, 56.160773899000048 ], [ 27.099324639000031, 56.161717284000076 ], [ 27.104869621000034, 56.162016057000073 ], [ 27.10074, 56.171565499000053 ], [ 27.108039181000038, 56.175280731000043 ], [ 27.09701644200004, 56.189812468000071 ], [ 27.106582748000051, 56.191553919000057 ], [ 27.115447313000061, 56.186992800000041 ], [ 27.119129942000029, 56.194643062000068 ], [ 27.132684054000038, 56.196387501000061 ], [ 27.142318507000027, 56.194443204000038 ], [ 27.145825721000051, 56.19695923900008 ], [ 27.149591867000026, 56.208302059000061 ], [ 27.162681063000036, 56.21333257200007 ], [ 27.178184435000048, 56.205684566000059 ], [ 27.220346087000053, 56.206110890000048 ], [ 27.237760439000056, 56.209821172000034 ], [ 27.268817364000029, 56.200084288000028 ], [ 27.295389347000025, 56.205695203000062 ], [ 27.300237482000057, 56.20164408800008 ], [ 27.293858780000051, 56.196722126000054 ], [ 27.291875224000023, 56.186831673000029 ], [ 27.304823325000029, 56.17395073800003 ], [ 27.322185911000076, 56.168159049000053 ], [ 27.328244358000063, 56.147252373000072 ], [ 27.309413495000058, 56.132519952000052 ], [ 27.300035287000071, 56.12878407900007 ], [ 27.285889001000044, 56.12651291800006 ], [ 27.272995694000031, 56.128090852000071 ], [ 27.252943662000064, 56.122345253000049 ], [ 27.237800030000074, 56.124526983000067 ], [ 27.218762602000027, 56.11710151300008 ], [ 27.218248018000054, 56.11431527600007 ], [ 27.229602346000036, 56.115106324000067 ], [ 27.234483863000037, 56.112618320000081 ], [ 27.219435340000075, 56.105428572000051 ], [ 27.223247985000057, 56.098770348000073 ], [ 27.244652809000058, 56.098067720000074 ], [ 27.249655500000074, 56.083631999000033 ] ] ] ] } },
{ "type": "Feature", "properties": { "GISCO_ID": "LV_0620200", "CNTR_CODE": "LV", "LAU_ID": "0620200", "LAU_NAME": "Kuldīgas novads", "cell_coverage": [ [ 0, 0, 0, 0, 0, 0, 0, 0, 0, 0, 0, 0, 0, 0, 0, 0, 0, 0, 0.0046, 0.2478, 1.7957e-06, 0, 0, 0, 0, 0, 0 ], [ 0, 0, 0, 0, 0, 0, 0, 0, 0, 0, 0, 0, 0, 0, 0, 0, 0, 0, 0.2925, 0.9233, 0.2005, 0.0003, 0, 0, 0, 0, 0 ], [ 0, 0, 0, 0.0408, 0.2244, 0.7704, 0.6861, 0.7262, 0.4995, 0.106, 0.4208, 0.3258, 0.3151, 0.4703, 0.6962, 0.4573, 0.4328, 0.7023, 0.9093, 1, 1, 0.9179, 0.4549, 0, 0, 0, 0 ], [ 0, 0, 0.0037, 0.4782, 0.8998, 1, 1, 1, 0.9985, 0.9951, 1, 1, 1, 1, 1, 1, 1, 1, 1, 1, 1, 1, 0.8199, 0.0225, 0, 0, 0 ], [ 0, 0, 0, 0, 0.1201, 0.9161, 1, 1, 1, 1, 1, 1, 1, 1, 1, 1, 1, 1, 1, 1, 1, 1, 0.9285, 0.4129, 0.4039, 0.3881, 0.0244 ], [ 0, 0, 0, 0, 0, 0.0507, 0.6665, 1, 1, 1, 1, 1, 1, 1, 1, 1, 1, 1, 1, 1, 1, 1, 1, 1, 1, 0.3965, 0 ], [ 0, 0, 0, 0.0379, 0.0279, 0.3577, 0.6707, 1, 1, 1, 1, 1, 1, 1, 1, 1, 1, 1, 1, 1, 0.964, 0.8244, 0.9854, 1, 0.8592, 0.03, 0 ], [ 0.0101, 0.3105, 0.5165, 0.7856, 0.9947, 1, 1, 1, 1, 1, 1, 1, 1, 1, 1, 1, 1, 1, 1, 1, 0.7551, 0.2533, 0.3485, 0.7449, 0.395, 0, 0 ], [ 0.0319, 0.1598, 0.6801, 0.7943, 0.8622, 1, 1, 1, 1, 1, 1, 1, 1, 1, 1, 1, 1, 1, 1, 1, 0.9992, 0.7297, 0.1426, 0, 0, 0, 0 ], [ 0, 0, 0, 0, 0.1554, 0.9009, 0.9948, 1, 1, 1, 1, 1, 0.8469, 0.3343, 0.2198, 0.1083, 0.4427, 0.6674, 0.8944, 0.4756, 0.0164, 0.0002, 0, 0, 0, 0, 0 ], [ 0, 0, 0, 0, 0, 0.0039, 0.0588, 0.4545, 0.945, 1, 1, 1, 0.6929, 0, 0, 0, 0, 0, 0, 0, 0, 0, 0, 0, 0, 0, 0 ], [ 0, 0, 0, 0, 0, 0, 0, 0, 0.5019, 1, 0.9693, 0.7003, 0.689, 0.0464, 0, 0, 0, 0, 0, 0, 0, 0, 0, 0, 0, 0, 0 ], [ 0, 0, 0, 0, 0, 0, 0, 0, 0.1792, 0.4455, 0.0474, 0, 0, 0, 0, 0, 0, 0, 0, 0, 0, 0, 0, 0, 0, 0, 0 ] ], "xmin": 21.416666666666664, "xmax": 22.541666666666664, "ymin": 56.666666666666657, "ymax": 57.208333333333321 }, "geometry": { "type": "MultiPolygon", "coordinates": [ [ [ [ 21.43727350000006, 56.871364999000036 ], [ 21.442631879000032, 56.87675815700004 ], [ 21.475694003000058, 56.873662023000065 ], [ 21.479306743000052, 56.883802911000032 ], [ 21.476660175000063, 56.890752443000054 ], [ 21.495976, 56.904701499000055 ], [ 21.502975670000069, 56.903709068000069 ], [ 21.519114445000071, 56.894959519000054 ], [ 21.538733721000028, 56.892337917000077 ], [ 21.554173870000056, 56.896537730000034 ], [ 21.55650363500007, 56.898820038000054 ], [ 21.553659480000078, 56.905293973000028 ], [ 21.56392874200003, 56.907550962000073 ], [ 21.561051260000056, 56.92124619100008 ], [ 21.575892696000039, 56.918640524000068 ], [ 21.590309451000053, 56.921046804000071 ], [ 21.593288162000079, 56.918214722000073 ], [ 21.623025368000071, 56.915386448000049 ], [ 21.630104645000074, 56.924135276000072 ], [ 21.628159248000031, 56.928071209000052 ], [ 21.633620307000058, 56.931493442000033 ], [ 21.648597903000052, 56.929327436000051 ], [ 21.663242842000045, 56.939683498000079 ], [ 21.681629375000057, 56.939314585000034 ], [ 21.699203179000051, 56.943309869000075 ], [ 21.697830628000077, 56.959245184000054 ], [ 21.691380748000029, 56.966298485000038 ], [ 21.681335920000038, 56.969732213000043 ], [ 21.686077777000037, 56.983131384000046 ], [ 21.661202814000035, 56.990737300000035 ], [ 21.655925508000053, 56.998246060000042 ], [ 21.64940456000005, 57.000938802000064 ], [ 21.631805521000047, 57.00214518000007 ], [ 21.633848755000031, 57.007754793000061 ], [ 21.629937837000057, 57.01552309200008 ], [ 21.608233377000033, 57.025067500000034 ], [ 21.612927341000045, 57.033260298000073 ], [ 21.624991397000031, 57.035770885000034 ], [ 21.619320062000043, 57.043131431000063 ], [ 21.582039188000067, 57.05006002500005 ], [ 21.574974022000049, 57.053933659000052 ], [ 21.571608097000023, 57.062345188000052 ], [ 21.564595069000063, 57.06238421900008 ], [ 21.560414195000078, 57.058944236000059 ], [ 21.538062, 57.069109499000035 ], [ 21.574387352000031, 57.08886149600005 ], [ 21.597086991000026, 57.085048611000047 ], [ 21.607935015000066, 57.096060894000061 ], [ 21.618307220000077, 57.100519662000067 ], [ 21.62903486600004, 57.10115208600007 ], [ 21.624518504000037, 57.112938833000044 ], [ 21.63861414400003, 57.113906235000059 ], [ 21.659197401000029, 57.119907065000064 ], [ 21.664300406000052, 57.117809521000027 ], [ 21.667901990000075, 57.112037283000063 ], [ 21.69337564600005, 57.108082790000083 ], [ 21.708765377000077, 57.122319165000079 ], [ 21.722342990000072, 57.117663832000062 ], [ 21.738220607000073, 57.107573351000042 ], [ 21.789325972000029, 57.10440145900003 ], [ 21.795217800000046, 57.09481229000005 ], [ 21.786206088000029, 57.091897036000034 ], [ 21.78470945600003, 57.088293075000081 ], [ 21.787623134000057, 57.083471058000043 ], [ 21.792998562000037, 57.081434861000048 ], [ 21.800953218000075, 57.083701425000072 ], [ 21.799113506000026, 57.088439342000072 ], [ 21.822758131000057, 57.087370523000061 ], [ 21.832919473000061, 57.09200988300006 ], [ 21.835595955000031, 57.099445222000043 ], [ 21.852095425000073, 57.102265591000048 ], [ 21.880421042000023, 57.099942469000041 ], [ 21.893887929000073, 57.092610265000076 ], [ 21.902065114000038, 57.098596751000059 ], [ 21.905736765000029, 57.096643963000076 ], [ 21.93637413600004, 57.097580449000077 ], [ 21.950800566000055, 57.09327509700006 ], [ 21.960349965000034, 57.100954383000044 ], [ 21.997274944000026, 57.104673472000059 ], [ 22.003572272000042, 57.113216960000045 ], [ 22.012015589000043, 57.116921226000045 ], [ 22.023637350000058, 57.11187033200008 ], [ 22.032812576000026, 57.111516472000062 ], [ 22.038071004000074, 57.107218179000029 ], [ 22.069981363000068, 57.10020316400005 ], [ 22.126180073000057, 57.101983609000058 ], [ 22.123686573000043, 57.108397058000037 ], [ 22.125290675000031, 57.110515467000027 ], [ 22.181622582000045, 57.116342846000066 ], [ 22.182422313000075, 57.120401160000029 ], [ 22.193415980000054, 57.130848841000045 ], [ 22.196529730000066, 57.141881813000055 ], [ 22.192112178000059, 57.147993128000053 ], [ 22.20074158500006, 57.154132139000069 ], [ 22.199999774000048, 57.164383659000066 ], [ 22.207769979000034, 57.169180370000049 ], [ 22.209579, 57.18598399900003 ], [ 22.239089736000039, 57.171658195000077 ], [ 22.250012600000048, 57.171733983000081 ], [ 22.249878799000044, 57.166478356000027 ], [ 22.240845297000078, 57.157770243000073 ], [ 22.242576366000037, 57.148332025000059 ], [ 22.263188421000052, 57.137457772000062 ], [ 22.271398116000057, 57.129899601000034 ], [ 22.288941460000046, 57.127233090000061 ], [ 22.298481702000061, 57.122083088000068 ], [ 22.331498539000052, 57.12031565400008 ], [ 22.355928286000051, 57.11247202900006 ], [ 22.355505239000024, 57.101551270000073 ], [ 22.360393861000034, 57.087043020000067 ], [ 22.365311336000048, 57.081323361000045 ], [ 22.374447598000074, 57.079537711000057 ], [ 22.379428766000046, 57.060774491000075 ], [ 22.360393861000034, 57.056634153000061 ], [ 22.356086477000076, 57.046994855000037 ], [ 22.359249194000029, 57.035340919000078 ], [ 22.360393861000034, 57.03386501600005 ], [ 22.376394138000023, 57.034353158000044 ], [ 22.388346696000042, 57.012243252000076 ], [ 22.447134532000064, 57.018667747000052 ], [ 22.458556628000053, 57.013937603000045 ], [ 22.469497301000047, 57.015205804000061 ], [ 22.476754068000048, 57.011312215000032 ], [ 22.484887817000072, 57.01913402200006 ], [ 22.499519586000076, 57.021503258000052 ], [ 22.504019, 57.018543499000032 ], [ 22.502072415000043, 57.006980863000081 ], [ 22.48696409300004, 56.994312664000063 ], [ 22.481833539000036, 56.981010618000028 ], [ 22.467385178000029, 56.980024861000061 ], [ 22.467129312000054, 56.971878081000057 ], [ 22.458979824000039, 56.956446729000049 ], [ 22.464168578000056, 56.950358570000049 ], [ 22.463240478000046, 56.94512045700003 ], [ 22.446927263000077, 56.942275448000032 ], [ 22.443281420000062, 56.934673882000027 ], [ 22.444355357000063, 56.931530390000034 ], [ 22.452639926000074, 56.929048027000078 ], [ 22.452409992000071, 56.922483840000041 ], [ 22.455445500000053, 56.91770899900007 ], [ 22.451028898000061, 56.910624537000047 ], [ 22.435639793000064, 56.906084341000053 ], [ 22.435572222000076, 56.887520435000056 ], [ 22.404109341000037, 56.888567558000034 ], [ 22.397221511000055, 56.87661466000003 ], [ 22.38317831300003, 56.888361357000065 ], [ 22.376948532000029, 56.889394037000045 ], [ 22.373791457000038, 56.89462222800006 ], [ 22.360393861000034, 56.896154584000044 ], [ 22.353711890000056, 56.895507672000065 ], [ 22.346750507000024, 56.902982429000076 ], [ 22.34344365100003, 56.909748705000027 ], [ 22.344306504000031, 56.91794956800004 ], [ 22.311703387000023, 56.924135276000072 ], [ 22.295641121000074, 56.927736347000064 ], [ 22.291855122000072, 56.925297776000036 ], [ 22.283629800000028, 56.924135276000072 ], [ 22.281836374000022, 56.91865782800005 ], [ 22.295684236000056, 56.916084090000027 ], [ 22.296124048000024, 56.911634083000081 ], [ 22.29032240500004, 56.905681499000082 ], [ 22.265372696000043, 56.901703238000039 ], [ 22.268673924000041, 56.895506327000078 ], [ 22.267161717000079, 56.887663735000046 ], [ 22.280257583000036, 56.88736887400006 ], [ 22.289125746000025, 56.883699499000045 ], [ 22.306969809000066, 56.887336899000047 ], [ 22.312099953000029, 56.884477656000058 ], [ 22.328386830000056, 56.884719143000041 ], [ 22.333332290000044, 56.878567065000027 ], [ 22.332400012000051, 56.871387575000028 ], [ 22.350838100000033, 56.862598358000071 ], [ 22.34504703500005, 56.852259171000071 ], [ 22.338479324000048, 56.849176383000042 ], [ 22.315025342000069, 56.853467652000063 ], [ 22.303501060000031, 56.834526290000042 ], [ 22.284770814000069, 56.832171408000079 ], [ 22.262117450000062, 56.83372195000004 ], [ 22.24590732200005, 56.829748588000029 ], [ 22.238808552000023, 56.824258060000034 ], [ 22.227272157000073, 56.821106825000072 ], [ 22.223342187000071, 56.807896033000077 ], [ 22.228964971000039, 56.803345599000068 ], [ 22.212157668000032, 56.79444912200006 ], [ 22.16765950000007, 56.797337999000035 ], [ 22.163771158000031, 56.803031071000078 ], [ 22.146966815000042, 56.802850896000052 ], [ 22.143278062000036, 56.809835382000074 ], [ 22.130553755000051, 56.807691744000067 ], [ 22.098599304000061, 56.80872080000006 ], [ 22.101251260000026, 56.820396090000031 ], [ 22.082422141000052, 56.829130888000066 ], [ 22.057459046000076, 56.827324562000058 ], [ 22.040888659000075, 56.832410198000048 ], [ 22.036944749000043, 56.823116107000033 ], [ 22.028117665000025, 56.817978719000052 ], [ 22.011453380000034, 56.827536343000077 ], [ 21.987220837000052, 56.826330491000078 ], [ 21.980360397000027, 56.817087814000047 ], [ 21.948019209000051, 56.809440436000045 ], [ 21.943303176000029, 56.802893915000027 ], [ 21.943685912000035, 56.794738537000057 ], [ 21.937002776000043, 56.787395372000049 ], [ 21.943741905000024, 56.779643803000056 ], [ 21.937133380000034, 56.77203458200006 ], [ 21.948668941000051, 56.767648078000036 ], [ 21.96466059200003, 56.728338326000028 ], [ 21.964055966000046, 56.724697331000073 ], [ 21.954868214000044, 56.719389345000081 ], [ 21.940383501000042, 56.716114087000051 ], [ 21.930310094000049, 56.725288572000068 ], [ 21.904046141000038, 56.724782938000033 ], [ 21.892319212000075, 56.719065382000053 ], [ 21.870765321000079, 56.714159751000068 ], [ 21.857385553000029, 56.705542754000078 ], [ 21.851037396000038, 56.708661833000065 ], [ 21.831804705000025, 56.699737236000033 ], [ 21.834197567000047, 56.693341144000044 ], [ 21.826550500000053, 56.68729249900008 ], [ 21.809076406000031, 56.687157859000081 ], [ 21.79705307200004, 56.694994887000064 ], [ 21.790765288000046, 56.693057906000035 ], [ 21.787258444000031, 56.696267749000071 ], [ 21.778711015000056, 56.696185275000062 ], [ 21.762967691000028, 56.70161147400006 ], [ 21.762548260000074, 56.706643861000032 ], [ 21.781470832000025, 56.713067379000051 ], [ 21.778744820000043, 56.728094695000038 ], [ 21.757230376000052, 56.730636196000034 ], [ 21.758311825000078, 56.734384046000059 ], [ 21.765415809000046, 56.738136003000079 ], [ 21.764475239000035, 56.749502327000073 ], [ 21.748796742000025, 56.764862363000077 ], [ 21.700848091000069, 56.784101730000032 ], [ 21.694367887000055, 56.790653580000082 ], [ 21.660266276000073, 56.793373186000053 ], [ 21.64500866800006, 56.790093695000053 ], [ 21.64064017000004, 56.795087138000042 ], [ 21.633835884000064, 56.797284789000059 ], [ 21.630752384000061, 56.805005169000083 ], [ 21.606942255000035, 56.825509819000047 ], [ 21.611338559000046, 56.836842235000063 ], [ 21.593288162000079, 56.844253500000036 ], [ 21.584464311000033, 56.844772680000062 ], [ 21.568972127000052, 56.840214066000044 ], [ 21.537015053000061, 56.843648634000033 ], [ 21.519081754000069, 56.838305478000052 ], [ 21.510691143000031, 56.84225893100006 ], [ 21.506842120000044, 56.850029971000026 ], [ 21.510656959000073, 56.85943119600006 ], [ 21.508759607000059, 56.866138120000073 ], [ 21.467923244000076, 56.868555222000055 ], [ 21.450758013000041, 56.872893219000048 ], [ 21.43727350000006, 56.871364999000036 ] ] ] ] } },
{ "type": "Feature", "properties": { "GISCO_ID": "LV_0621200", "CNTR_CODE": "LV", "LAU_ID": "0621200", "LAU_NAME": "Skrundas novads", "cell_coverage": [ [ 0, 0, 0, 0, 0.1531, 0.6657, 0.7802, 0.8917, 0.5573, 0.3326, 0.0066 ], [ 0, 0, 0, 0, 0.3071, 1, 1, 1, 1, 1, 0.2133 ], [ 0, 0, 0.0307, 0.2997, 0.311, 0.9536, 1, 1, 1, 1, 0.3636 ], [ 0, 0.1673, 0.9526, 1, 1, 1, 1, 1, 0.7065, 0.3149, 0.0123 ], [ 0, 0.2044, 1, 1, 1, 1, 1, 1, 0.6291, 0, 0 ], [ 0.1192, 0.9232, 1, 1, 1, 1, 1, 1, 0.7937, 0.0004, 0 ], [ 0.0101, 0.8653, 1, 1, 1, 1, 0.7309, 0.5643, 0.4687, 0.0416, 0 ], [ 0, 0.183, 0.4499, 0.5237, 0.7061, 0.7782, 0.73, 0.309, 0, 0, 0 ], [ 0, 0, 0, 0, 0, 0, 0, 0.0019, 0, 0, 0 ] ], "xmin": 21.75, "xmax": 22.208333333333332, "ymin": 56.458333333333321, "ymax": 56.833333333333321 }, "geometry": { "type": "MultiPolygon", "coordinates": [ [ [ [ 21.79248, 56.573580999000058 ], [ 21.798439626000061, 56.575051818000077 ], [ 21.793404002000045, 56.581449151000072 ], [ 21.798647940000023, 56.589066756000079 ], [ 21.791441665000036, 56.600772508000034 ], [ 21.777538431000039, 56.608787483000071 ], [ 21.778178420000074, 56.618007487000057 ], [ 21.802822745000071, 56.623978727000065 ], [ 21.809009275000051, 56.620703174000028 ], [ 21.815556849000075, 56.621904757000038 ], [ 21.812769987000024, 56.628105403000063 ], [ 21.820997126000066, 56.631392499000071 ], [ 21.832399667000061, 56.648624725000047 ], [ 21.826471360000028, 56.658964536000042 ], [ 21.815140199000041, 56.669574762000082 ], [ 21.81978915600007, 56.679611532000081 ], [ 21.826146931000039, 56.681789184000081 ], [ 21.826550500000053, 56.68729249900008 ], [ 21.834197567000047, 56.693341144000044 ], [ 21.831804705000025, 56.699737236000033 ], [ 21.851037396000038, 56.708661833000065 ], [ 21.857385553000029, 56.705542754000078 ], [ 21.870765321000079, 56.714159751000068 ], [ 21.892319212000075, 56.719065382000053 ], [ 21.904046141000038, 56.724782938000033 ], [ 21.930310094000049, 56.725288572000068 ], [ 21.940383501000042, 56.716114087000051 ], [ 21.954868214000044, 56.719389345000081 ], [ 21.964055966000046, 56.724697331000073 ], [ 21.96466059200003, 56.728338326000028 ], [ 21.948668941000051, 56.767648078000036 ], [ 21.937133380000034, 56.77203458200006 ], [ 21.943741905000024, 56.779643803000056 ], [ 21.937002776000043, 56.787395372000049 ], [ 21.943685912000035, 56.794738537000057 ], [ 21.943303176000029, 56.802893915000027 ], [ 21.948019209000051, 56.809440436000045 ], [ 21.980360397000027, 56.817087814000047 ], [ 21.987220837000052, 56.826330491000078 ], [ 22.011453380000034, 56.827536343000077 ], [ 22.028117665000025, 56.817978719000052 ], [ 22.036944749000043, 56.823116107000033 ], [ 22.040888659000075, 56.832410198000048 ], [ 22.057459046000076, 56.827324562000058 ], [ 22.082422141000052, 56.829130888000066 ], [ 22.101251260000026, 56.820396090000031 ], [ 22.098599304000061, 56.80872080000006 ], [ 22.130553755000051, 56.807691744000067 ], [ 22.143278062000036, 56.809835382000074 ], [ 22.146966815000042, 56.802850896000052 ], [ 22.163771158000031, 56.803031071000078 ], [ 22.16765950000007, 56.797337999000035 ], [ 22.176313182000058, 56.769993557000078 ], [ 22.177046612000026, 56.757809810000026 ], [ 22.182381634000023, 56.753307170000028 ], [ 22.191150630000038, 56.73610614100005 ], [ 22.178362253000046, 56.729096404000074 ], [ 22.178688535000049, 56.718772511000054 ], [ 22.168326924000041, 56.702407666000056 ], [ 22.136522784000078, 56.693799526000078 ], [ 22.126251982000042, 56.683756698000082 ], [ 22.106630368000026, 56.684819357000038 ], [ 22.096611374000076, 56.68939675200005 ], [ 22.091025374000026, 56.687320940000063 ], [ 22.094579994000071, 56.680017082000063 ], [ 22.104416730000025, 56.674600096000063 ], [ 22.09971028700005, 56.670830358000046 ], [ 22.111023216000035, 56.646571876000053 ], [ 22.107685601000071, 56.638479479000068 ], [ 22.119439654000075, 56.632042783000031 ], [ 22.107469691000063, 56.621963854000057 ], [ 22.110910717000024, 56.613579816000026 ], [ 22.121141543000078, 56.608122807000029 ], [ 22.116129068000077, 56.59542695600004 ], [ 22.133993628000042, 56.573576348000074 ], [ 22.120049071000039, 56.565524337000056 ], [ 22.055242706000058, 56.557955431000039 ], [ 22.045567782000035, 56.561785068000063 ], [ 22.014424075000022, 56.554628523000076 ], [ 22.010292179000032, 56.54595968600006 ], [ 22.015262362000044, 56.539242091000062 ], [ 22.026112656000066, 56.534409691000064 ], [ 22.052883786000052, 56.53217984500003 ], [ 22.063020398000049, 56.525428653000063 ], [ 22.059863877000055, 56.510511060000056 ], [ 22.046317108000039, 56.499005278000027 ], [ 22.032151420000048, 56.501556076000043 ], [ 22.014911613000038, 56.51288702100004 ], [ 21.993401968000057, 56.506632374000048 ], [ 21.965095, 56.507849499000031 ], [ 21.968098643000076, 56.514769044000047 ], [ 21.966026816000067, 56.517505625000069 ], [ 21.942002399000046, 56.514092968000057 ], [ 21.924469246000058, 56.508358616000066 ], [ 21.909567921000075, 56.507948135000049 ], [ 21.904437544000075, 56.512257273000046 ], [ 21.904696282000032, 56.524012600000049 ], [ 21.902084198000068, 56.526105643000051 ], [ 21.868824927000048, 56.521584841000049 ], [ 21.852095425000073, 56.523212995000051 ], [ 21.839037156000074, 56.523503576000053 ], [ 21.804153052000061, 56.535123043000056 ], [ 21.812613282000029, 56.547212811000065 ], [ 21.804587995000077, 56.552106973000036 ], [ 21.789140064000037, 56.550911066000026 ], [ 21.788810794000028, 56.555879601000072 ], [ 21.796023793000074, 56.558921417000079 ], [ 21.790752274000056, 56.563892527000064 ], [ 21.79248, 56.573580999000058 ] ] ] ] } },
{ "type": "Feature", "properties": { "GISCO_ID": "LV_0624200", "CNTR_CODE": "LV", "LAU_ID": "0624200", "LAU_NAME": "Alsungas novads", "cell_coverage": [ [ 0, 0, 0.121, 0.67, 0.4421, 0.1002, 0, 0 ], [ 0, 0, 0.4984, 1, 1, 0.8799, 0.0839, 0 ], [ 0, 0.002, 0.5814, 1, 1, 1, 0.9493, 0.3335 ], [ 0.1638, 0.5766, 0.9993, 1, 0.9621, 0.9721, 0.6423, 0.3293 ], [ 0, 0.0177, 0.1539, 0.4835, 0.2144, 0.0053, 0, 0 ] ], "xmin": 21.375, "xmax": 21.708333333333332, "ymin": 56.875, "ymax": 57.083333333333321 }, "geometry": { "type": "MultiPolygon", "coordinates": [ [ [ [ 21.394965500000069, 56.938866999000027 ], [ 21.458869227000037, 56.945502411000064 ], [ 21.456983912000055, 56.961105796000027 ], [ 21.483199403000071, 56.964705780000031 ], [ 21.466077977000054, 57.019839579000063 ], [ 21.493593632000056, 57.02486293700008 ], [ 21.483975395000073, 57.055459934000055 ], [ 21.511976640000057, 57.059596337000073 ], [ 21.510238168000058, 57.074830168000062 ], [ 21.526009779000049, 57.076216327000054 ], [ 21.538062, 57.069109499000035 ], [ 21.560414195000078, 57.058944236000059 ], [ 21.564595069000063, 57.06238421900008 ], [ 21.571608097000023, 57.062345188000052 ], [ 21.574974022000049, 57.053933659000052 ], [ 21.582039188000067, 57.05006002500005 ], [ 21.619320062000043, 57.043131431000063 ], [ 21.624991397000031, 57.035770885000034 ], [ 21.612927341000045, 57.033260298000073 ], [ 21.608233377000033, 57.025067500000034 ], [ 21.629937837000057, 57.01552309200008 ], [ 21.633848755000031, 57.007754793000061 ], [ 21.631805521000047, 57.00214518000007 ], [ 21.64940456000005, 57.000938802000064 ], [ 21.655925508000053, 56.998246060000042 ], [ 21.661202814000035, 56.990737300000035 ], [ 21.686077777000037, 56.983131384000046 ], [ 21.681335920000038, 56.969732213000043 ], [ 21.691380748000029, 56.966298485000038 ], [ 21.697830628000077, 56.959245184000054 ], [ 21.699203179000051, 56.943309869000075 ], [ 21.681629375000057, 56.939314585000034 ], [ 21.663242842000045, 56.939683498000079 ], [ 21.648597903000052, 56.929327436000051 ], [ 21.633620307000058, 56.931493442000033 ], [ 21.628159248000031, 56.928071209000052 ], [ 21.630104645000074, 56.924135276000072 ], [ 21.623025368000071, 56.915386448000049 ], [ 21.593288162000079, 56.918214722000073 ], [ 21.590309451000053, 56.921046804000071 ], [ 21.575892696000039, 56.918640524000068 ], [ 21.561051260000056, 56.92124619100008 ], [ 21.56392874200003, 56.907550962000073 ], [ 21.553659480000078, 56.905293973000028 ], [ 21.55650363500007, 56.898820038000054 ], [ 21.554173870000056, 56.896537730000034 ], [ 21.538733721000028, 56.892337917000077 ], [ 21.519114445000071, 56.894959519000054 ], [ 21.502975670000069, 56.903709068000069 ], [ 21.495976, 56.904701499000055 ], [ 21.489923648000058, 56.904874716000052 ], [ 21.485768453000048, 56.911676519000082 ], [ 21.446388480000053, 56.914367127000048 ], [ 21.449222410000061, 56.918839049000042 ], [ 21.445924318000039, 56.922923085000036 ], [ 21.434408951000023, 56.917923420000079 ], [ 21.405875320000064, 56.924135276000072 ], [ 21.401020709000022, 56.926713003000032 ], [ 21.399910530000056, 56.933472105000078 ], [ 21.394965500000069, 56.938866999000027 ] ] ] ] } },
{ "type": "Feature", "properties": { "GISCO_ID": "LV_0640600", "CNTR_CODE": "LV", "LAU_ID": "0640600", "LAU_NAME": "Aizputes novads", "cell_coverage": [ [ 0, 0, 0, 0.3537, 0.8345, 0.3199, 0.2057, 0.1378, 0, 0, 0, 0, 0 ], [ 0.3977, 0.7829, 0.9613, 0.9836, 1, 1, 1, 0.8446, 0.0991, 0.0052, 0, 0, 0 ], [ 0.7683, 1, 1, 1, 1, 1, 1, 1, 0.9961, 0.9412, 0.5455, 0.055, 0 ], [ 0.7113, 0.9998, 1, 1, 1, 1, 1, 1, 1, 1, 1, 0.4981, 0 ], [ 0, 0.2455, 0.7608, 0.9653, 1, 1, 1, 1, 1, 1, 1, 0.8208, 0.3871 ], [ 0, 0, 2.3877e-07, 0.3367, 0.2963, 0.2766, 0.1366, 0.7847, 1, 1, 1, 1, 0.7956 ], [ 0, 0, 0, 0, 0, 0, 0, 0.3904, 1, 1, 1, 0.8808, 0.0768 ], [ 0, 0, 0, 0, 0, 0, 0.0265, 0.5268, 0.5208, 0.5216, 0.572, 0.2621, 0.0215 ] ], "xmin": 21.291666666666664, "xmax": 21.833333333333332, "ymin": 56.54166666666665, "ymax": 56.875 }, "geometry": { "type": "MultiPolygon", "coordinates": [ [ [ [ 21.575166, 56.56717799900008 ], [ 21.591198027000075, 56.576102500000047 ], [ 21.618052849000037, 56.580015981000031 ], [ 21.611896173000048, 56.594217574000027 ], [ 21.599782749000042, 56.599218175000033 ], [ 21.611817893000023, 56.614877509000053 ], [ 21.603343991000031, 56.628877223000075 ], [ 21.589327312000023, 56.63870832300006 ], [ 21.595455062000042, 56.648289524000063 ], [ 21.589921209000067, 56.655943817000036 ], [ 21.558449028000041, 56.663799972000049 ], [ 21.52699265800004, 56.654778939000039 ], [ 21.490542662000053, 56.653204225000081 ], [ 21.477174852000076, 56.65720708300006 ], [ 21.440352201000053, 56.64525339000005 ], [ 21.43484679900007, 56.648171474000037 ], [ 21.431394238000053, 56.654838475000076 ], [ 21.419202842000061, 56.662167960000033 ], [ 21.426713502000041, 56.66995972400008 ], [ 21.425179498000034, 56.674382922000063 ], [ 21.392638688000034, 56.666653755000027 ], [ 21.389010732000031, 56.671409505000042 ], [ 21.388848381000059, 56.689520469000058 ], [ 21.348458572000027, 56.697808937000048 ], [ 21.333154813000078, 56.709160152000038 ], [ 21.301243143000022, 56.721887322000043 ], [ 21.29299745000003, 56.731946960000073 ], [ 21.292778500000054, 56.736623999000074 ], [ 21.294948742000031, 56.741869124000061 ], [ 21.309147873000029, 56.752772213000071 ], [ 21.303851641000051, 56.757638488000055 ], [ 21.29402549200006, 56.802054207000026 ], [ 21.321663401000023, 56.805292215000065 ], [ 21.319644516000039, 56.820591505000039 ], [ 21.326571107000063, 56.822126034000064 ], [ 21.375988264000057, 56.825994154000057 ], [ 21.380643644000031, 56.832550720000029 ], [ 21.400545905000058, 56.833057376000056 ], [ 21.417673524000065, 56.829619846000071 ], [ 21.443761212000027, 56.836839316000066 ], [ 21.451706006000052, 56.843344021000064 ], [ 21.436995477000039, 56.862297454000043 ], [ 21.43727350000006, 56.871364999000036 ], [ 21.450758013000041, 56.872893219000048 ], [ 21.467923244000076, 56.868555222000055 ], [ 21.508759607000059, 56.866138120000073 ], [ 21.510656959000073, 56.85943119600006 ], [ 21.506842120000044, 56.850029971000026 ], [ 21.510691143000031, 56.84225893100006 ], [ 21.519081754000069, 56.838305478000052 ], [ 21.537015053000061, 56.843648634000033 ], [ 21.568972127000052, 56.840214066000044 ], [ 21.584464311000033, 56.844772680000062 ], [ 21.593288162000079, 56.844253500000036 ], [ 21.611338559000046, 56.836842235000063 ], [ 21.606942255000035, 56.825509819000047 ], [ 21.630752384000061, 56.805005169000083 ], [ 21.633835884000064, 56.797284789000059 ], [ 21.64064017000004, 56.795087138000042 ], [ 21.64500866800006, 56.790093695000053 ], [ 21.660266276000073, 56.793373186000053 ], [ 21.694367887000055, 56.790653580000082 ], [ 21.700848091000069, 56.784101730000032 ], [ 21.748796742000025, 56.764862363000077 ], [ 21.764475239000035, 56.749502327000073 ], [ 21.765415809000046, 56.738136003000079 ], [ 21.758311825000078, 56.734384046000059 ], [ 21.757230376000052, 56.730636196000034 ], [ 21.778744820000043, 56.728094695000038 ], [ 21.781470832000025, 56.713067379000051 ], [ 21.762548260000074, 56.706643861000032 ], [ 21.762967691000028, 56.70161147400006 ], [ 21.778711015000056, 56.696185275000062 ], [ 21.787258444000031, 56.696267749000071 ], [ 21.790765288000046, 56.693057906000035 ], [ 21.79705307200004, 56.694994887000064 ], [ 21.809076406000031, 56.687157859000081 ], [ 21.826550500000053, 56.68729249900008 ], [ 21.826146931000039, 56.681789184000081 ], [ 21.81978915600007, 56.679611532000081 ], [ 21.815140199000041, 56.669574762000082 ], [ 21.826471360000028, 56.658964536000042 ], [ 21.832399667000061, 56.648624725000047 ], [ 21.820997126000066, 56.631392499000071 ], [ 21.812769987000024, 56.628105403000063 ], [ 21.815556849000075, 56.621904757000038 ], [ 21.809009275000051, 56.620703174000028 ], [ 21.802822745000071, 56.623978727000065 ], [ 21.778178420000074, 56.618007487000057 ], [ 21.777538431000039, 56.608787483000071 ], [ 21.791441665000036, 56.600772508000034 ], [ 21.798647940000023, 56.589066756000079 ], [ 21.793404002000045, 56.581449151000072 ], [ 21.798439626000061, 56.575051818000077 ], [ 21.79248, 56.573580999000058 ], [ 21.762398331000043, 56.574228922000032 ], [ 21.75353186600006, 56.568567417000054 ], [ 21.753751582000064, 56.562509729000055 ], [ 21.742477518000044, 56.563593139000034 ], [ 21.72647181800005, 56.556600631000038 ], [ 21.709742, 56.558099499000036 ], [ 21.68780632000005, 56.564381597000079 ], [ 21.664834951000046, 56.55851436100005 ], [ 21.667654968000022, 56.566369166000072 ], [ 21.656431628000064, 56.569892528000082 ], [ 21.649763049000057, 56.568583600000068 ], [ 21.644295305000071, 56.560288096000079 ], [ 21.63383305900004, 56.552978826000071 ], [ 21.621439252000073, 56.552601313000082 ], [ 21.618684618000032, 56.558438160000037 ], [ 21.613521865000052, 56.560045496000043 ], [ 21.593288162000079, 56.552311677000034 ], [ 21.575166, 56.56717799900008 ] ] ] ] } },
{ "type": "Feature", "properties": { "GISCO_ID": "LV_0640801", "CNTR_CODE": "LV", "LAU_ID": "0640801", "LAU_NAME": "Durbes novads", "cell_coverage": [ [ 0.1122, 0.8177, 0.242, 0.0002, 0, 0, 0, 0, 0, 0 ], [ 0, 0.5844, 1, 0.7545, 0.2392, 0.0347, 0, 0, 0, 0 ], [ 0.0416, 0.8976, 1, 1, 1, 0.6633, 0.7037, 0.7234, 0.8634, 0.2153 ], [ 0, 0.655, 1, 1, 1, 1, 1, 1, 1, 0.6096 ], [ 0, 0.8516, 0.9992, 0.9978, 0.8578, 0.9326, 0.9534, 0.3971, 0.2834, 0.1229 ], [ 0, 0.0959, 0.0407, 0.2881, 0.2858, 0.0611, 0.4188, 0.2247, 0, 0 ] ], "xmin": 21.208333333333329, "xmax": 21.625, "ymin": 56.5, "ymax": 56.75 }, "geometry": { "type": "MultiPolygon", "coordinates": [ [ [ [ 21.357727500000067, 56.518830999000045 ], [ 21.351758775000064, 56.53644797100003 ], [ 21.337255750000054, 56.542604342000061 ], [ 21.259538764000069, 56.534437664000052 ], [ 21.265935952000063, 56.548883893000038 ], [ 21.263684798000043, 56.553252264000037 ], [ 21.253518485000029, 56.556689833000064 ], [ 21.250863206000076, 56.584508514000049 ], [ 21.272865350000075, 56.605894914000032 ], [ 21.268594112000073, 56.616149502000042 ], [ 21.257858208000073, 56.628909109000062 ], [ 21.254554962000043, 56.641343887000062 ], [ 21.242038500000035, 56.652045999000052 ], [ 21.24736970500004, 56.660402702000056 ], [ 21.263293211000075, 56.664429577000078 ], [ 21.275256830000046, 56.676683575000027 ], [ 21.27201117900006, 56.68311682600006 ], [ 21.272018373000037, 56.692524634000051 ], [ 21.253592186000049, 56.703765287000067 ], [ 21.251624077000031, 56.714091774000053 ], [ 21.245582329000058, 56.72132741300004 ], [ 21.237579116000063, 56.725312071000076 ], [ 21.239125940000065, 56.732922478000035 ], [ 21.245721991000039, 56.740592559000049 ], [ 21.265437077000058, 56.746646313000042 ], [ 21.292778500000054, 56.736623999000074 ], [ 21.29299745000003, 56.731946960000073 ], [ 21.301243143000022, 56.721887322000043 ], [ 21.333154813000078, 56.709160152000038 ], [ 21.348458572000027, 56.697808937000048 ], [ 21.388848381000059, 56.689520469000058 ], [ 21.389010732000031, 56.671409505000042 ], [ 21.392638688000034, 56.666653755000027 ], [ 21.425179498000034, 56.674382922000063 ], [ 21.426713502000041, 56.66995972400008 ], [ 21.419202842000061, 56.662167960000033 ], [ 21.431394238000053, 56.654838475000076 ], [ 21.43484679900007, 56.648171474000037 ], [ 21.440352201000053, 56.64525339000005 ], [ 21.477174852000076, 56.65720708300006 ], [ 21.490542662000053, 56.653204225000081 ], [ 21.52699265800004, 56.654778939000039 ], [ 21.558449028000041, 56.663799972000049 ], [ 21.589921209000067, 56.655943817000036 ], [ 21.595455062000042, 56.648289524000063 ], [ 21.589327312000023, 56.63870832300006 ], [ 21.603343991000031, 56.628877223000075 ], [ 21.611817893000023, 56.614877509000053 ], [ 21.599782749000042, 56.599218175000033 ], [ 21.611896173000048, 56.594217574000027 ], [ 21.618052849000037, 56.580015981000031 ], [ 21.591198027000075, 56.576102500000047 ], [ 21.575166, 56.56717799900008 ], [ 21.562154811000028, 56.566617661000066 ], [ 21.566923620000068, 56.573036246000072 ], [ 21.564491191000059, 56.574897338000028 ], [ 21.521012793000068, 56.572570357000075 ], [ 21.520021801000041, 56.564271785000074 ], [ 21.493858833000047, 56.553561264000052 ], [ 21.492998168000042, 56.544433608000077 ], [ 21.499438249000036, 56.540429955000036 ], [ 21.513288849000048, 56.538030073000073 ], [ 21.51728, 56.534050191000063 ], [ 21.517506153000056, 56.526985095000043 ], [ 21.525415562000035, 56.523656946000074 ], [ 21.519605268000078, 56.518532707000077 ], [ 21.479648202000078, 56.51765283900005 ], [ 21.476217873000053, 56.52679746900003 ], [ 21.466651483000078, 56.53332866900007 ], [ 21.448763313000029, 56.534449123000059 ], [ 21.434307517000036, 56.545505633000062 ], [ 21.399675775000048, 56.554345653000041 ], [ 21.390979647000052, 56.550806669000053 ], [ 21.396367695000038, 56.54225017400006 ], [ 21.402582650000056, 56.538988904000064 ], [ 21.397212004000039, 56.533007202000078 ], [ 21.398570133000078, 56.521582781000063 ], [ 21.357727500000067, 56.518830999000045 ] ] ] ] } },
{ "type": "Feature", "properties": { "GISCO_ID": "LV_0641000", "CNTR_CODE": "LV", "LAU_ID": "0641000", "LAU_NAME": "Grobiņas novads", "cell_coverage": [ [ 0, 0, 0, 0.1065, 0, 0, 0, 0, 0, 0, 0 ], [ 0.0266, 0.058, 0.282, 0.9725, 0.5312, 0.5743, 0.071, 0, 0, 0, 0 ], [ 0.117, 0.727, 1, 1, 1, 1, 0.345, 0, 0, 0, 0 ], [ 0, 0.2254, 0.7228, 1, 1, 1, 0.1484, 0.0008, 0.0022, 0, 0 ], [ 0, 0.4688, 0.9376, 1, 1, 1, 0.9041, 0.9593, 0.4706, 0, 0 ], [ 0, 0.2931, 0.2346, 0.9278, 1, 1, 1, 1, 0.9906, 0.3041, 0 ], [ 0, 0, 0, 0.4821, 0.7673, 0.9461, 1, 1, 1, 0.9191, 0.1934 ], [ 0, 0, 0, 0, 0, 0.53, 1, 1, 1, 1, 0.5222 ], [ 0, 0, 0, 0, 0, 0.2036, 0.9795, 1, 1, 0.905, 0.1225 ], [ 0, 0, 0, 0, 0, 0, 0.081, 0.069, 0.0879, 0.0124, 0 ] ], "xmin": 21.0, "xmax": 21.458333333333332, "ymin": 56.291666666666657, "ymax": 56.708333333333321 }, "geometry": { "type": "MultiPolygon", "coordinates": [ [ [ [ 21.025833, 56.609080499000072 ], [ 21.038028500000053, 56.633355499000061 ], [ 21.069023895000043, 56.624841328000059 ], [ 21.102399153000079, 56.62617393000005 ], [ 21.11737839400007, 56.650242302000038 ], [ 21.115516471000035, 56.658739107000031 ], [ 21.123655179000025, 56.660662297000044 ], [ 21.135842805000038, 56.677060420000032 ], [ 21.144811472000072, 56.675380777000044 ], [ 21.15681135400007, 56.66772102200008 ], [ 21.171179597000048, 56.652587039000082 ], [ 21.18858825500007, 56.641322436000053 ], [ 21.204657504000068, 56.648401960000058 ], [ 21.22150853900007, 56.647451195000031 ], [ 21.242038500000035, 56.652045999000052 ], [ 21.254554962000043, 56.641343887000062 ], [ 21.257858208000073, 56.628909109000062 ], [ 21.268594112000073, 56.616149502000042 ], [ 21.272865350000075, 56.605894914000032 ], [ 21.250863206000076, 56.584508514000049 ], [ 21.253518485000029, 56.556689833000064 ], [ 21.263684798000043, 56.553252264000037 ], [ 21.265935952000063, 56.548883893000038 ], [ 21.259538764000069, 56.534437664000052 ], [ 21.337255750000054, 56.542604342000061 ], [ 21.351758775000064, 56.53644797100003 ], [ 21.357727500000067, 56.518830999000045 ], [ 21.354035562000035, 56.51762696600008 ], [ 21.351888422000059, 56.500974002000078 ], [ 21.377199824000058, 56.497643180000068 ], [ 21.389343492000023, 56.491400787000032 ], [ 21.385189429000036, 56.478848089000053 ], [ 21.389322088000029, 56.472274991000063 ], [ 21.389108670000041, 56.465910472000076 ], [ 21.402224086000047, 56.457371038000076 ], [ 21.409100298000055, 56.447897970000042 ], [ 21.426821466000035, 56.434487095000065 ], [ 21.430818162000037, 56.426464624000062 ], [ 21.442810188000067, 56.416961774000072 ], [ 21.444177086000025, 56.405972130000066 ], [ 21.435550398000032, 56.39932805400008 ], [ 21.439767497000048, 56.391419943000074 ], [ 21.435705075000044, 56.386667360000047 ], [ 21.436061549000044, 56.381344975000047 ], [ 21.424491439000064, 56.372425269000075 ], [ 21.428124913000033, 56.357554873000026 ], [ 21.422263300000054, 56.354946836000067 ], [ 21.414865298000052, 56.344230832000051 ], [ 21.384517, 56.331632499000079 ], [ 21.371678099000064, 56.331113085000027 ], [ 21.36273312000003, 56.32741130800008 ], [ 21.354803916000037, 56.330274581000026 ], [ 21.326571107000063, 56.329329267000048 ], [ 21.308617347000052, 56.331863674000033 ], [ 21.274511344000075, 56.327237912000044 ], [ 21.25662617100005, 56.333167134000064 ], [ 21.253431556000066, 56.339840639000045 ], [ 21.244563845000073, 56.34465857400005 ], [ 21.235405, 56.35631199900007 ], [ 21.240431933000025, 56.35923604900006 ], [ 21.218252835000044, 56.424088977000054 ], [ 21.200968806000049, 56.427762504000043 ], [ 21.161720519000028, 56.424253888000067 ], [ 21.146987348000039, 56.42716480100006 ], [ 21.121303605000037, 56.493232222000074 ], [ 21.051999500000022, 56.482882999000083 ], [ 21.047049181000034, 56.498479444000054 ], [ 21.051348913000027, 56.512575295000033 ], [ 21.075516508000078, 56.530514197000059 ], [ 21.077238489000024, 56.534863217000066 ], [ 21.100778690000027, 56.535198467000043 ], [ 21.09702474900007, 56.54693056800005 ], [ 21.104666909000059, 56.561986784000055 ], [ 21.101283802000069, 56.569325233000029 ], [ 21.094796061000068, 56.57085440600008 ], [ 21.085824297000045, 56.567962111000043 ], [ 21.080188744000054, 56.558208379000064 ], [ 21.07725909100003, 56.558665523000059 ], [ 21.06617807300006, 56.566404634000037 ], [ 21.065251802000034, 56.578540788000055 ], [ 21.05938390700004, 56.587643351000054 ], [ 21.066581054000039, 56.604286047000073 ], [ 21.025833, 56.609080499000072 ] ] ] ] } },
{ "type": "Feature", "properties": { "GISCO_ID": "LV_0641401", "CNTR_CODE": "LV", "LAU_ID": "0641401", "LAU_NAME": "Pāvilostas novads", "cell_coverage": [ [ 0, 0, 0, 0, 0, 0, 0, 0.1487, 0.2444, 0.0091, 0, 0 ], [ 0, 0, 0, 0, 0, 0.0134, 0.5043, 0.9848, 1, 0.6221, 0.0646, 0 ], [ 0, 0, 0, 0.1438, 0.4924, 0.874, 1, 1, 1, 1, 0.9722, 0.5355 ], [ 0, 0.1584, 0.6416, 0.9924, 1, 1, 1, 1, 1, 1, 0.6144, 0.0057 ], [ 0, 0.6811, 1, 1, 1, 1, 1, 0.6023, 0.2171, 0.0387, 0.0164, 0 ], [ 0, 0.5875, 1, 1, 1, 1, 1, 0.2317, 0, 0, 0, 0 ], [ 0, 0.5835, 1, 1, 1, 0.8878, 0.1823, 0.0467, 0, 0, 0, 0 ], [ 0, 0.6882, 1, 0.8935, 1, 1, 0.4156, 0, 0, 0, 0, 0 ], [ 0.0122, 0.8911, 0.718, 0.0275, 0.4688, 0.3841, 0.0314, 0, 0, 0, 0, 0 ], [ 0, 0.0002, 0, 0, 0, 0, 0, 0, 0, 0, 0, 0 ] ], "xmin": 21.0, "xmax": 21.5, "ymin": 56.583333333333321, "ymax": 56.999999999999986 }, "geometry": { "type": "MultiPolygon", "coordinates": [ [ [ [ 21.394965500000069, 56.938866999000027 ], [ 21.399910530000056, 56.933472105000078 ], [ 21.401020709000022, 56.926713003000032 ], [ 21.405875320000064, 56.924135276000072 ], [ 21.434408951000023, 56.917923420000079 ], [ 21.445924318000039, 56.922923085000036 ], [ 21.449222410000061, 56.918839049000042 ], [ 21.446388480000053, 56.914367127000048 ], [ 21.485768453000048, 56.911676519000082 ], [ 21.489923648000058, 56.904874716000052 ], [ 21.495976, 56.904701499000055 ], [ 21.476660175000063, 56.890752443000054 ], [ 21.479306743000052, 56.883802911000032 ], [ 21.475694003000058, 56.873662023000065 ], [ 21.442631879000032, 56.87675815700004 ], [ 21.43727350000006, 56.871364999000036 ], [ 21.436995477000039, 56.862297454000043 ], [ 21.451706006000052, 56.843344021000064 ], [ 21.443761212000027, 56.836839316000066 ], [ 21.417673524000065, 56.829619846000071 ], [ 21.400545905000058, 56.833057376000056 ], [ 21.380643644000031, 56.832550720000029 ], [ 21.375988264000057, 56.825994154000057 ], [ 21.326571107000063, 56.822126034000064 ], [ 21.319644516000039, 56.820591505000039 ], [ 21.321663401000023, 56.805292215000065 ], [ 21.29402549200006, 56.802054207000026 ], [ 21.303851641000051, 56.757638488000055 ], [ 21.309147873000029, 56.752772213000071 ], [ 21.294948742000031, 56.741869124000061 ], [ 21.292778500000054, 56.736623999000074 ], [ 21.265437077000058, 56.746646313000042 ], [ 21.245721991000039, 56.740592559000049 ], [ 21.239125940000065, 56.732922478000035 ], [ 21.237579116000063, 56.725312071000076 ], [ 21.245582329000058, 56.72132741300004 ], [ 21.251624077000031, 56.714091774000053 ], [ 21.253592186000049, 56.703765287000067 ], [ 21.272018373000037, 56.692524634000051 ], [ 21.27201117900006, 56.68311682600006 ], [ 21.275256830000046, 56.676683575000027 ], [ 21.263293211000075, 56.664429577000078 ], [ 21.24736970500004, 56.660402702000056 ], [ 21.242038500000035, 56.652045999000052 ], [ 21.22150853900007, 56.647451195000031 ], [ 21.204657504000068, 56.648401960000058 ], [ 21.18858825500007, 56.641322436000053 ], [ 21.171179597000048, 56.652587039000082 ], [ 21.15681135400007, 56.66772102200008 ], [ 21.144811472000072, 56.675380777000044 ], [ 21.135842805000038, 56.677060420000032 ], [ 21.123655179000025, 56.660662297000044 ], [ 21.115516471000035, 56.658739107000031 ], [ 21.11737839400007, 56.650242302000038 ], [ 21.102399153000079, 56.62617393000005 ], [ 21.069023895000043, 56.624841328000059 ], [ 21.038028500000053, 56.633355499000061 ], [ 21.052106814000069, 56.674398072000031 ], [ 21.058120275000078, 56.703626482000061 ], [ 21.059865789000071, 56.753166708000037 ], [ 21.057818885000074, 56.789522256000055 ], [ 21.052457557000025, 56.822476593000033 ], [ 21.059123229000022, 56.837133030000075 ], [ 21.067537973000071, 56.843681927000034 ], [ 21.097045423000054, 56.855227948000049 ], [ 21.120434325000076, 56.869611177000081 ], [ 21.166780964000054, 56.889795142000082 ], [ 21.189619182000058, 56.895272050000074 ], [ 21.243709814000056, 56.917957486000034 ], [ 21.269607725000071, 56.935177268000075 ], [ 21.287495519000061, 56.952649076000057 ], [ 21.30545668700006, 56.958816371000069 ], [ 21.326571107000063, 56.972314164000068 ], [ 21.333687, 56.975623499000051 ], [ 21.349293568000064, 56.969026425000038 ], [ 21.351337772000022, 56.965259654000079 ], [ 21.367838478000067, 56.96827028000007 ], [ 21.372156050000058, 56.962897912000074 ], [ 21.394125015000043, 56.954479477000064 ], [ 21.401684837000062, 56.946068120000064 ], [ 21.394965500000069, 56.938866999000027 ] ] ] ] } },
{ "type": "Feature", "properties": { "GISCO_ID": "LV_0647900", "CNTR_CODE": "LV", "LAU_ID": "0647900", "LAU_NAME": "Nīcas novads", "cell_coverage": [ [ 0.0032, 0.4075, 0.6261, 0.7654, 0.0722, 0, 0 ], [ 0.1175, 1, 1, 1, 0.5179, 0.2327, 0.0539 ], [ 0.436, 1, 1, 1, 1, 1, 0.47 ], [ 0.6689, 1, 1, 1, 1, 0.6946, 0.2435 ], [ 0.4561, 1, 1, 1, 1, 0.551, 0 ], [ 0.3486, 0.7828, 0.9372, 1, 0.996, 0.2921, 0 ], [ 0, 0.0298, 0.6901, 0.7985, 0.4126, 0, 0 ], [ 0, 0, 0.2412, 0.5026, 0, 0, 0 ], [ 0, 0, 0.0036, 0.0593, 0, 0, 0 ] ], "xmin": 20.958333333333329, "xmax": 21.25, "ymin": 56.125, "ymax": 56.5 }, "geometry": { "type": "MultiPolygon", "coordinates": [ [ [ [ 21.235405, 56.35631199900007 ], [ 21.218637284000067, 56.363616981000064 ], [ 21.183877628000062, 56.35757145000008 ], [ 21.195996663000074, 56.326499262000027 ], [ 21.182930140000053, 56.321892776000027 ], [ 21.193997377000073, 56.29194349900007 ], [ 21.182625967000035, 56.288880443000039 ], [ 21.183384552000064, 56.281262654000045 ], [ 21.171151735000024, 56.278313046000051 ], [ 21.173765416000037, 56.272515346000034 ], [ 21.181213264000064, 56.271114609000051 ], [ 21.183986766000032, 56.263501686000041 ], [ 21.17673386000007, 56.255503794000049 ], [ 21.165329222000025, 56.252591567000081 ], [ 21.14264044600003, 56.229744483000047 ], [ 21.133248183000035, 56.21616483300005 ], [ 21.113067950000072, 56.228362637000032 ], [ 21.105381670000043, 56.224787826000068 ], [ 21.108368669000072, 56.217418890000033 ], [ 21.102458331000037, 56.215212760000043 ], [ 21.101287607000074, 56.211345736000055 ], [ 21.10785833400007, 56.18461260600003 ], [ 21.100548012000047, 56.181486384000038 ], [ 21.107065240000054, 56.163448239000047 ], [ 21.104829782000024, 56.160065854000038 ], [ 21.079966009000032, 56.165228090000028 ], [ 21.062910284000054, 56.222059971000078 ], [ 21.050570083000025, 56.229070729000057 ], [ 21.030559427000071, 56.232422757000052 ], [ 21.031805188000078, 56.234978772000034 ], [ 21.051772065000023, 56.240976348000061 ], [ 21.051536801000054, 56.255484320000051 ], [ 21.048697509000078, 56.262300805000052 ], [ 20.981282500000077, 56.254433499000072 ], [ 20.985127959000067, 56.29184525900007 ], [ 20.982944642000064, 56.308447350000051 ], [ 20.971208023000031, 56.344871269000066 ], [ 20.970968160000041, 56.355578954000066 ], [ 20.972992754000074, 56.372761061000062 ], [ 20.993700341000078, 56.426802647000045 ], [ 20.999753, 56.465328499000066 ], [ 21.008458956000027, 56.46640003300007 ], [ 21.011488917000065, 56.478200008000044 ], [ 21.02930228300005, 56.476329855000074 ], [ 21.032663636000052, 56.479567825000061 ], [ 21.051999500000022, 56.482882999000083 ], [ 21.121303605000037, 56.493232222000074 ], [ 21.146987348000039, 56.42716480100006 ], [ 21.161720519000028, 56.424253888000067 ], [ 21.200968806000049, 56.427762504000043 ], [ 21.218252835000044, 56.424088977000054 ], [ 21.240431933000025, 56.35923604900006 ], [ 21.235405, 56.35631199900007 ] ] ] ] } },
{ "type": "Feature", "properties": { "GISCO_ID": "LV_0648500", "CNTR_CODE": "LV", "LAU_ID": "0648500", "LAU_NAME": "Rucavas novads", "cell_coverage": [ [ 0, 0, 0, 0, 0, 0.3054, 0.5529, 0.0205, 0, 0, 0, 0, 0 ], [ 0, 0, 0, 0, 0, 0.449, 1, 0.919, 0.931, 0.9121, 0.8407, 0.5766, 0.1723 ], [ 0.0598, 0.2172, 0.0628, 0, 0.004, 0.7079, 1, 1, 1, 1, 1, 0.9923, 0.3251 ], [ 0.4282, 0.9702, 0.3099, 0.2015, 0.5874, 1, 1, 1, 0.9388, 0.6515, 0.3841, 0.1319, 0 ], [ 0.0683, 0.9073, 0.7588, 0.4974, 1, 1, 1, 0.8212, 0.1517, 0, 0, 0, 0 ], [ 0, 0.3419, 0.9964, 0.9407, 1, 1, 0.5728, 0.0023, 0, 0, 0, 0, 0 ], [ 0, 0.0045, 0.8305, 1, 0.9887, 0.9989, 0.3231, 0, 0, 0, 0, 0, 0 ], [ 0, 0, 0.1654, 0.2087, 0.0396, 0.1222, 0, 0, 0, 0, 0, 0, 0 ] ], "xmin": 20.958333333333329, "xmax": 21.5, "ymin": 56.04166666666665, "ymax": 56.375 }, "geometry": { "type": "MultiPolygon", "coordinates": [ [ [ [ 21.122618500000044, 56.077171999000029 ], [ 21.064567500000067, 56.069181499000081 ], [ 21.033907955000075, 56.136119043000065 ], [ 20.985078388000034, 56.212402628000063 ], [ 20.980294052000033, 56.231445133000079 ], [ 20.981282500000077, 56.254433499000072 ], [ 21.048697509000078, 56.262300805000052 ], [ 21.051536801000054, 56.255484320000051 ], [ 21.051772065000023, 56.240976348000061 ], [ 21.031805188000078, 56.234978772000034 ], [ 21.030559427000071, 56.232422757000052 ], [ 21.050570083000025, 56.229070729000057 ], [ 21.062910284000054, 56.222059971000078 ], [ 21.079966009000032, 56.165228090000028 ], [ 21.104829782000024, 56.160065854000038 ], [ 21.107065240000054, 56.163448239000047 ], [ 21.100548012000047, 56.181486384000038 ], [ 21.10785833400007, 56.18461260600003 ], [ 21.101287607000074, 56.211345736000055 ], [ 21.102458331000037, 56.215212760000043 ], [ 21.108368669000072, 56.217418890000033 ], [ 21.105381670000043, 56.224787826000068 ], [ 21.113067950000072, 56.228362637000032 ], [ 21.133248183000035, 56.21616483300005 ], [ 21.14264044600003, 56.229744483000047 ], [ 21.165329222000025, 56.252591567000081 ], [ 21.17673386000007, 56.255503794000049 ], [ 21.183986766000032, 56.263501686000041 ], [ 21.181213264000064, 56.271114609000051 ], [ 21.173765416000037, 56.272515346000034 ], [ 21.171151735000024, 56.278313046000051 ], [ 21.183384552000064, 56.281262654000045 ], [ 21.182625967000035, 56.288880443000039 ], [ 21.193997377000073, 56.29194349900007 ], [ 21.182930140000053, 56.321892776000027 ], [ 21.195996663000074, 56.326499262000027 ], [ 21.183877628000062, 56.35757145000008 ], [ 21.218637284000067, 56.363616981000064 ], [ 21.235405, 56.35631199900007 ], [ 21.244563845000073, 56.34465857400005 ], [ 21.253431556000066, 56.339840639000045 ], [ 21.25662617100005, 56.333167134000064 ], [ 21.274511344000075, 56.327237912000044 ], [ 21.308617347000052, 56.331863674000033 ], [ 21.326571107000063, 56.329329267000048 ], [ 21.354803916000037, 56.330274581000026 ], [ 21.36273312000003, 56.32741130800008 ], [ 21.371678099000064, 56.331113085000027 ], [ 21.384517, 56.331632499000079 ], [ 21.393596792000039, 56.325212605000047 ], [ 21.430063069000028, 56.321554251000066 ], [ 21.442448207000041, 56.311903494000035 ], [ 21.455670458000043, 56.307565813000053 ], [ 21.471354090000034, 56.30745762600003 ], [ 21.475937690000023, 56.30428457000005 ], [ 21.480115158000046, 56.292183041000044 ], [ 21.491733500000066, 56.288891499000044 ], [ 21.467704699000024, 56.270696947000033 ], [ 21.464163610000071, 56.260027541000056 ], [ 21.451393659000075, 56.248705118000032 ], [ 21.431063660000063, 56.241095186000052 ], [ 21.417531430000054, 56.241613041000051 ], [ 21.379865128000063, 56.228318693000062 ], [ 21.326571107000063, 56.216985055000066 ], [ 21.298378015000026, 56.192404218000036 ], [ 21.284283306000077, 56.185525934000054 ], [ 21.277715471000022, 56.174823324000045 ], [ 21.265790605000063, 56.168583717000047 ], [ 21.230375974000026, 56.161398939000037 ], [ 21.226607900000033, 56.156639187000053 ], [ 21.226958, 56.146124499000052 ], [ 21.230710348000059, 56.143028482000034 ], [ 21.229937870000072, 56.137583131000042 ], [ 21.237330816000053, 56.130792365000048 ], [ 21.237834560000067, 56.123440343000027 ], [ 21.233483310000054, 56.115861093000035 ], [ 21.223523845000045, 56.111015524000038 ], [ 21.222923163000075, 56.103275561000032 ], [ 21.217335484000046, 56.101693965000038 ], [ 21.208795553000073, 56.085593126000049 ], [ 21.199487758000032, 56.077111426000045 ], [ 21.182159972000022, 56.075318873000072 ], [ 21.15995765200006, 56.08579713000006 ], [ 21.122618500000044, 56.077171999000029 ] ] ] ] } },
{ "type": "Feature", "properties": { "GISCO_ID": "LV_0649300", "CNTR_CODE": "LV", "LAU_ID": "0649300", "LAU_NAME": "Vaiņodes novads", "cell_coverage": [ [ 0.0035, 0.4245, 0.7278, 0.1133, 0, 0, 0, 0, 0 ], [ 0.0045, 0.8856, 1, 0.817, 0.5501, 0.4763, 0.2939, 0.0641, 0 ], [ 0.1962, 0.6191, 1, 1, 1, 1, 0.8947, 0.057, 0 ], [ 0.5854, 1, 1, 1, 1, 1, 0.9557, 0.6548, 0.0591 ], [ 0.0225, 0.4835, 0.8926, 1, 1, 1, 0.9489, 0.2322, 0 ], [ 0, 0.1696, 0.803, 0.3686, 0.183, 0.2387, 0.0309, 0, 0 ] ], "xmin": 21.666666666666664, "xmax": 22.041666666666664, "ymin": 56.333333333333321, "ymax": 56.583333333333321 }, "geometry": { "type": "MultiPolygon", "coordinates": [ [ [ [ 21.757986, 56.337360499000056 ], [ 21.750646779000078, 56.346826001000068 ], [ 21.735121848000063, 56.355532107000045 ], [ 21.733188490000032, 56.359171378000042 ], [ 21.743397572000049, 56.37339090100005 ], [ 21.766216455000063, 56.385895867000045 ], [ 21.765190727000061, 56.391007124000055 ], [ 21.753591677000031, 56.394748681000067 ], [ 21.731432455000061, 56.391586633000031 ], [ 21.724826533000055, 56.398473004000039 ], [ 21.713103994000051, 56.401785309000047 ], [ 21.701171120000026, 56.41559000500007 ], [ 21.669377768000061, 56.426630168000031 ], [ 21.676174453000044, 56.433419361000063 ], [ 21.695508823000068, 56.440054806000035 ], [ 21.68615664500004, 56.44943104500004 ], [ 21.682048317000067, 56.45798613200003 ], [ 21.681745449000061, 56.463671090000048 ], [ 21.686229635000075, 56.468911775000038 ], [ 21.744669207000072, 56.486096768000039 ], [ 21.740395465000063, 56.491243945000065 ], [ 21.742809656000077, 56.500128394000058 ], [ 21.722426907000056, 56.500195553000083 ], [ 21.707551824000063, 56.504189957000051 ], [ 21.708593904000054, 56.509183337000081 ], [ 21.716390252000053, 56.515569119000077 ], [ 21.717331685000033, 56.526293472000077 ], [ 21.706436606000068, 56.539147541000034 ], [ 21.709742, 56.558099499000036 ], [ 21.72647181800005, 56.556600631000038 ], [ 21.742477518000044, 56.563593139000034 ], [ 21.753751582000064, 56.562509729000055 ], [ 21.75353186600006, 56.568567417000054 ], [ 21.762398331000043, 56.574228922000032 ], [ 21.79248, 56.573580999000058 ], [ 21.790752274000056, 56.563892527000064 ], [ 21.796023793000074, 56.558921417000079 ], [ 21.788810794000028, 56.555879601000072 ], [ 21.789140064000037, 56.550911066000026 ], [ 21.804587995000077, 56.552106973000036 ], [ 21.812613282000029, 56.547212811000065 ], [ 21.804153052000061, 56.535123043000056 ], [ 21.839037156000074, 56.523503576000053 ], [ 21.852095425000073, 56.523212995000051 ], [ 21.868824927000048, 56.521584841000049 ], [ 21.902084198000068, 56.526105643000051 ], [ 21.904696282000032, 56.524012600000049 ], [ 21.904437544000075, 56.512257273000046 ], [ 21.909567921000075, 56.507948135000049 ], [ 21.924469246000058, 56.508358616000066 ], [ 21.942002399000046, 56.514092968000057 ], [ 21.966026816000067, 56.517505625000069 ], [ 21.968098643000076, 56.514769044000047 ], [ 21.965095, 56.507849499000031 ], [ 21.960785248000036, 56.500569344000041 ], [ 21.952212252000038, 56.498224687000061 ], [ 21.947187988000053, 56.492827005000038 ], [ 21.946920069000043, 56.485845563000055 ], [ 21.95740418400004, 56.481750551000061 ], [ 21.954863358000068, 56.471293734000028 ], [ 21.96909400800007, 56.461846177000041 ], [ 21.998489666000069, 56.453849603000037 ], [ 22.009286061000068, 56.445790775000035 ], [ 22.002554745000054, 56.43997685000005 ], [ 22.005686532000027, 56.435239983000031 ], [ 22.004480975000035, 56.431894764000049 ], [ 21.984951140000078, 56.432939400000066 ], [ 21.975327270000037, 56.428741603000049 ], [ 21.946554207000077, 56.423628895000036 ], [ 21.963936612000055, 56.399402838000071 ], [ 21.980536, 56.39554399900004 ], [ 21.978209, 56.385142999000038 ], [ 21.970781571000032, 56.377198899000064 ], [ 21.954582163000055, 56.381312331000061 ], [ 21.943836056000066, 56.375132817000065 ], [ 21.922214279000059, 56.372373151000033 ], [ 21.916693150000071, 56.368057877000069 ], [ 21.873670596000068, 56.361858885000061 ], [ 21.845449392000035, 56.370492033000062 ], [ 21.835777680000035, 56.371176127000069 ], [ 21.822859105000077, 56.36354484900005 ], [ 21.809328309000023, 56.36188400900005 ], [ 21.800265940000031, 56.351731784000037 ], [ 21.786435820000065, 56.34380141400004 ], [ 21.757986, 56.337360499000056 ] ] ] ] } },
{ "type": "Feature", "properties": { "GISCO_ID": "LV_0660200", "CNTR_CODE": "LV", "LAU_ID": "0660200", "LAU_NAME": "Limbažu novads", "cell_coverage": [ [ 0, 0, 0, 0, 0, 0, 0.1204, 0.1617, 0, 0, 0, 0, 0, 0, 0, 0, 0, 0 ], [ 0, 0, 0, 0, 0.0035, 0.157, 0.9966, 0.9951, 0.7261, 0.4564, 0.3987, 0.0672, 0, 0, 0, 0, 0, 0 ], [ 0, 0, 0.0321, 0.0574, 0.38, 0.9765, 1, 1, 1, 1, 1, 0.2945, 0, 0, 0, 0, 0, 0 ], [ 0, 0.7131, 0.9992, 0.9742, 0.9099, 0.9995, 1, 1, 1, 1, 1, 0.8755, 0.5256, 0, 0, 0, 0, 0 ], [ 0, 0.6521, 1, 1, 1, 1, 1, 1, 1, 1, 1, 1, 0.6103, 0, 0, 0, 0, 0 ], [ 0, 0.2709, 0.5605, 0.9841, 1, 1, 1, 1, 1, 1, 1, 1, 0.7922, 0.468, 0.6263, 0.332, 0, 0 ], [ 0, 0, 0, 0.077, 0.9272, 1, 1, 1, 1, 1, 1, 1, 1, 1, 1, 1, 0.4022, 0.0337 ], [ 0, 0, 0, 0, 0.4578, 0.9988, 1, 1, 1, 1, 1, 1, 1, 1, 0.9346, 0.5498, 0.1825, 0 ], [ 0, 0, 0.0087, 0.4963, 0.7927, 1, 1, 1, 1, 0.9816, 0.8005, 0.9721, 0.7263, 0.4133, 0.0651, 0, 0, 0 ], [ 0.257, 0.6888, 0.8598, 1, 1, 1, 1, 0.9476, 0.5117, 0.5619, 0.598, 0.1773, 0, 0, 0, 0, 0, 0 ], [ 0.2615, 0.9967, 1, 1, 1, 1, 1, 0.9705, 0.0447, 0, 0, 0, 0, 0, 0, 0, 0, 0 ], [ 0, 0.6793, 0.7077, 0.45, 0.4964, 0.994, 0.8268, 0.1995, 0, 0, 0, 0, 0, 0, 0, 0, 0, 0 ], [ 0, 0, 0, 0, 0, 0.2534, 0.8782, 0.7528, 0, 0, 0, 0, 0, 0, 0, 0, 0, 0 ], [ 0, 0, 0, 0, 0, 0, 0.3058, 0.582, 0.0582, 0, 0, 0, 0, 0, 0, 0, 0, 0 ] ], "xmin": 24.375, "xmax": 25.125, "ymin": 57.208333333333321, "ymax": 57.791666666666657 }, "geometry": { "type": "MultiPolygon", "coordinates": [ [ [ [ 25.076145500000052, 57.50176699900004 ], [ 25.063146108000069, 57.504399859000046 ], [ 25.052159607000078, 57.496275209000032 ], [ 25.063915260000044, 57.48941362100004 ], [ 25.05181381500006, 57.480473909000068 ], [ 25.041451548000055, 57.478220732000068 ], [ 25.032270302000029, 57.481689254000059 ], [ 25.021139141000049, 57.480710990000034 ], [ 25.010342129000037, 57.476190951000035 ], [ 25.008688973000062, 57.468244517000073 ], [ 24.985816373000034, 57.466994981000028 ], [ 24.989354611000067, 57.458021901000052 ], [ 24.964413715000035, 57.452889717000062 ], [ 24.913163636000036, 57.430460910000079 ], [ 24.891257542000062, 57.429122002000042 ], [ 24.873072898000032, 57.42006169900003 ], [ 24.864192102000061, 57.411859865000054 ], [ 24.842108676000066, 57.419630856000026 ], [ 24.830233836000048, 57.41845064000006 ], [ 24.813557509000077, 57.427261010000052 ], [ 24.804383900000062, 57.426281671000027 ], [ 24.792571671000076, 57.429797418000078 ], [ 24.787532309000028, 57.426629285000047 ], [ 24.787180569000043, 57.422590515000081 ], [ 24.79274196700004, 57.417561409000029 ], [ 24.792386517000068, 57.412030734000041 ], [ 24.806999003000044, 57.413373240000055 ], [ 24.837938897000072, 57.404963260000045 ], [ 24.841337052000029, 57.398689331000071 ], [ 24.853685530000064, 57.388822874000027 ], [ 24.851263, 57.384244999000032 ], [ 24.765393301000074, 57.388204595000047 ], [ 24.758756307000056, 57.393176574000051 ], [ 24.763670657000034, 57.402466606000075 ], [ 24.758689097000058, 57.409286676000079 ], [ 24.742328150000048, 57.403167367000037 ], [ 24.740009351000026, 57.39807929400007 ], [ 24.733630977000075, 57.397177156000055 ], [ 24.730763287000059, 57.392477638000059 ], [ 24.710183075000032, 57.389875834000065 ], [ 24.701616707000028, 57.387593819000074 ], [ 24.700131249000037, 57.383842835000053 ], [ 24.710183075000032, 57.358474375000071 ], [ 24.713704451000069, 57.349981416000048 ], [ 24.716717799000037, 57.347191474000056 ], [ 24.715639997000039, 57.345689912000068 ], [ 24.710183075000032, 57.343402040000058 ], [ 24.704370881000045, 57.339944649000074 ], [ 24.708896756000058, 57.335291637000068 ], [ 24.695841026000039, 57.333154927000066 ], [ 24.69449854800007, 57.327199569000072 ], [ 24.677982244000077, 57.327992083000026 ], [ 24.674408233000065, 57.319402665000041 ], [ 24.648627341000065, 57.31780370000007 ], [ 24.652394572000048, 57.313227186000063 ], [ 24.649335629000063, 57.30658397600007 ], [ 24.655079010000065, 57.300272215000064 ], [ 24.670693004000043, 57.295521028000053 ], [ 24.683916125000053, 57.297304244000031 ], [ 24.690862382000034, 57.292474213000048 ], [ 24.691244118000043, 57.285521162000066 ], [ 24.707635478000043, 57.249097437000046 ], [ 24.702411071000029, 57.244401530000061 ], [ 24.710183075000032, 57.237683051000033 ], [ 24.722188045000053, 57.238665415000071 ], [ 24.717010448000053, 57.230468127000051 ], [ 24.710183075000032, 57.227721193000036 ], [ 24.690136030000076, 57.221858213000075 ], [ 24.679294, 57.223333499000034 ], [ 24.666815955000061, 57.232043053000041 ], [ 24.645642826000028, 57.232255448000046 ], [ 24.635447296000052, 57.240263434000042 ], [ 24.63148282800006, 57.252319058000069 ], [ 24.638343712000051, 57.258974465000051 ], [ 24.635991091000051, 57.268367901000033 ], [ 24.605579350000028, 57.276033941000037 ], [ 24.597816529000056, 57.287842348000027 ], [ 24.587511852000034, 57.293544418000067 ], [ 24.571537399000078, 57.292543951000027 ], [ 24.577310485000055, 57.306638791000069 ], [ 24.572418436000078, 57.310345012000028 ], [ 24.570231825000064, 57.317822898000031 ], [ 24.558668388000058, 57.320392170000048 ], [ 24.551714657000048, 57.317447453000057 ], [ 24.539606296000045, 57.319422739000061 ], [ 24.474909182000033, 57.302814380000029 ], [ 24.473369044000037, 57.298510258000078 ], [ 24.463578663000078, 57.301603662000048 ], [ 24.449888, 57.300440499000047 ], [ 24.440038712000046, 57.299544510000032 ], [ 24.434723337000037, 57.293715845000065 ], [ 24.421746334000034, 57.294334481000078 ], [ 24.422045613000023, 57.301657766000062 ], [ 24.42891295000004, 57.317077927000071 ], [ 24.427134497000054, 57.326194061000081 ], [ 24.403153, 57.350274499000079 ], [ 24.398305, 57.403015499000048 ], [ 24.40990484200006, 57.400231761000043 ], [ 24.480538599000056, 57.40910608300004 ], [ 24.495062027000074, 57.418423141000062 ], [ 24.507886939000059, 57.422723135000069 ], [ 24.520415570000068, 57.443081257000074 ], [ 24.534048882000036, 57.447205936000046 ], [ 24.565600107000023, 57.447273471000074 ], [ 24.581064247000029, 57.457200954000029 ], [ 24.584570474000031, 57.462956729000041 ], [ 24.579326670000057, 57.468949233000046 ], [ 24.567190399000026, 57.473704342000076 ], [ 24.556628584000066, 57.482331453000029 ], [ 24.555435847000069, 57.490158029000042 ], [ 24.550397985000075, 57.491590679000069 ], [ 24.536837397000056, 57.520373644000074 ], [ 24.553353886000025, 57.531780219000041 ], [ 24.553674550000039, 57.535800170000073 ], [ 24.501866579000023, 57.541206472000056 ], [ 24.50219407000003, 57.554595574000075 ], [ 24.487355687000047, 57.56260695800006 ], [ 24.470836678000069, 57.558983995000062 ], [ 24.435636295000052, 57.562966934000031 ], [ 24.437804763000031, 57.581073070000059 ], [ 24.429338046000055, 57.587341262000052 ], [ 24.432455180000034, 57.610776246000057 ], [ 24.424305269000058, 57.66326420200005 ], [ 24.517270792000033, 57.671237330000054 ], [ 24.52394412600006, 57.670555182000044 ], [ 24.52830808300007, 57.664382157000034 ], [ 24.548990626000034, 57.661519270000042 ], [ 24.568104583000036, 57.662351557000079 ], [ 24.591260935000037, 57.667897553000046 ], [ 24.591779804000055, 57.670484138000063 ], [ 24.58559333200003, 57.673136256000078 ], [ 24.568190194000067, 57.665133239000056 ], [ 24.55819606600005, 57.66867011100004 ], [ 24.573036755000032, 57.688588096000046 ], [ 24.564005749000046, 57.693751173000067 ], [ 24.567034198000044, 57.701067611000042 ], [ 24.574631145000069, 57.707643570000073 ], [ 24.584876092000059, 57.710674998000059 ], [ 24.623750254000072, 57.708716540000069 ], [ 24.623791868000069, 57.712422136000043 ], [ 24.612260749000029, 57.719141172000036 ], [ 24.625478949000069, 57.731870119000064 ], [ 24.613997299000062, 57.744507309000028 ], [ 24.666461, 57.761603499000046 ], [ 24.672840914000062, 57.75830906200008 ], [ 24.700694597000052, 57.75659365000007 ], [ 24.705442328000061, 57.748017122000078 ], [ 24.757156509000026, 57.727460319000045 ], [ 24.815735996000058, 57.726004809000074 ], [ 24.840637007000055, 57.717759042000068 ], [ 24.848194123000042, 57.709276116000069 ], [ 24.844635503000063, 57.702810305000071 ], [ 24.842835451000042, 57.688667987000031 ], [ 24.852562195000075, 57.660767313000065 ], [ 24.879147628000055, 57.652558355000053 ], [ 24.88969221800005, 57.65414972700006 ], [ 24.914310876000059, 57.645085237000046 ], [ 24.902555848000077, 57.623421398000062 ], [ 24.902596500000072, 57.614651999000046 ], [ 24.897386029000074, 57.605540482000038 ], [ 24.898338509000041, 57.598654773000078 ], [ 24.903174868000065, 57.596596243000079 ], [ 24.904286132000038, 57.590752484000063 ], [ 24.895010331000037, 57.586314605000041 ], [ 24.893879548000029, 57.582951466000054 ], [ 24.894705251000062, 57.573555671000065 ], [ 24.899510574000033, 57.567825201000062 ], [ 24.911952786000029, 57.566831038000032 ], [ 24.916708329000073, 57.558737532000066 ], [ 24.920201319000057, 57.557856265000055 ], [ 24.935649341000044, 57.558964307000053 ], [ 24.948455620000061, 57.564995581000062 ], [ 25.00680869200005, 57.57025575800003 ], [ 25.008618590000026, 57.563103184000056 ], [ 25.022992656000042, 57.557020851000061 ], [ 25.028871106000054, 57.543999257000053 ], [ 25.040765615000055, 57.54297177400008 ], [ 25.048570246000054, 57.53036433300008 ], [ 25.059684533000052, 57.52851153000006 ], [ 25.054453656000078, 57.519287553000026 ], [ 25.043649735000031, 57.518268879000061 ], [ 25.04723266600007, 57.510464170000034 ], [ 25.054417228000034, 57.510549964000063 ], [ 25.056410076000077, 57.515638508000052 ], [ 25.076611995000064, 57.51174874600008 ], [ 25.083970736000026, 57.513611918000038 ], [ 25.089872662000062, 57.508207398000081 ], [ 25.087514270000042, 57.500755845000072 ], [ 25.076145500000052, 57.50176699900004 ] ] ] ] } },
{ "type": "Feature", "properties": { "GISCO_ID": "LV_0661000", "CNTR_CODE": "LV", "LAU_ID": "0661000", "LAU_NAME": "Alojas novads", "cell_coverage": [ [ 0.001, 0.0094, 0.0077, 0.0031, 0.1852, 0.6555, 0.6342, 0.0236, 0, 0, 0, 0, 0, 0 ], [ 0.0327, 0.7765, 0.8728, 0.8886, 0.9998, 1, 1, 0.2616, 0, 0, 0, 0, 0, 0 ], [ 0, 0.5408, 1, 1, 1, 1, 1, 0.8175, 0.1073, 0, 0, 0, 0, 0 ], [ 0, 0.2843, 0.9961, 1, 1, 1, 1, 1, 0.4344, 0, 0, 0, 0, 0 ], [ 0, 0, 0.6649, 1, 1, 1, 1, 1, 0.9177, 0.6686, 0.392, 0.063, 0, 0 ], [ 0, 0, 0.1442, 0.8383, 1, 1, 1, 1, 1, 1, 1, 0.918, 0.5757, 0.0003 ], [ 0, 0, 0, 0.0049, 0.2739, 0.5436, 0.6013, 0.9328, 1, 1, 1, 1, 0.9043, 0.0935 ], [ 0, 0, 0, 0, 0, 0, 0, 0.7055, 1, 1, 1, 1, 0.8869, 0.0649 ], [ 0, 0, 0, 0, 0, 0, 0, 0.1245, 0.4744, 1, 0.7783, 0.7725, 0.6746, 0.0281 ], [ 0, 0, 0, 0, 0, 0, 0, 0, 0.0847, 0.2547, 0.0143, 0.0005, 0.0128, 0 ] ], "xmin": 24.541666666666664, "xmax": 25.125, "ymin": 57.583333333333321, "ymax": 57.999999999999986 }, "geometry": { "type": "MultiPolygon", "coordinates": [ [ [ [ 24.902596500000072, 57.614651999000046 ], [ 24.902555848000077, 57.623421398000062 ], [ 24.914310876000059, 57.645085237000046 ], [ 24.88969221800005, 57.65414972700006 ], [ 24.879147628000055, 57.652558355000053 ], [ 24.852562195000075, 57.660767313000065 ], [ 24.842835451000042, 57.688667987000031 ], [ 24.844635503000063, 57.702810305000071 ], [ 24.848194123000042, 57.709276116000069 ], [ 24.840637007000055, 57.717759042000068 ], [ 24.815735996000058, 57.726004809000074 ], [ 24.757156509000026, 57.727460319000045 ], [ 24.705442328000061, 57.748017122000078 ], [ 24.700694597000052, 57.75659365000007 ], [ 24.672840914000062, 57.75830906200008 ], [ 24.666461, 57.761603499000046 ], [ 24.612611420000064, 57.861271118000047 ], [ 24.587947986000074, 57.873991197000066 ], [ 24.58995621300005, 57.87679808300004 ], [ 24.604604039000037, 57.880452081000044 ], [ 24.613028365000048, 57.889612918000068 ], [ 24.613396696000052, 57.895648828000049 ], [ 24.600861139000074, 57.898756405000029 ], [ 24.576935, 57.956797999000059 ], [ 24.586921396000037, 57.961138579000078 ], [ 24.608240119000072, 57.951808135000078 ], [ 24.616055197000037, 57.944180463000066 ], [ 24.62707656300006, 57.942216801000029 ], [ 24.64382484600003, 57.951663670000073 ], [ 24.642430121000075, 57.955402565000043 ], [ 24.645388904000072, 57.958831 ], [ 24.672725279000076, 57.959149859000036 ], [ 24.678076, 57.95609999900006 ], [ 24.692257699000038, 57.947213287000068 ], [ 24.706997762000071, 57.956851227000072 ], [ 24.715806269000041, 57.962264184000048 ], [ 24.742124564000051, 57.964844079000045 ], [ 24.744257677000064, 57.982187433000036 ], [ 24.80352937300006, 57.98990457900004 ], [ 24.809676448000062, 57.989317509000045 ], [ 24.834082500000022, 57.972779499000069 ], [ 24.851620222000065, 57.91183257800003 ], [ 24.849190182000029, 57.906321504000061 ], [ 24.867741955000042, 57.90389235300006 ], [ 24.87539571700006, 57.896714517000078 ], [ 24.887608120000039, 57.893626462000043 ], [ 24.879531565000036, 57.883870739000031 ], [ 24.887688602000026, 57.876557878000028 ], [ 24.886051947000055, 57.868500674000074 ], [ 24.892887051000059, 57.862083530000064 ], [ 24.892428649000067, 57.856791288000068 ], [ 24.888603732000036, 57.852849121000077 ], [ 24.89798748100003, 57.849053685000058 ], [ 24.897941604000039, 57.827472410000041 ], [ 24.929420803000028, 57.821528293000028 ], [ 24.934924912000042, 57.816758807000042 ], [ 24.943206416000066, 57.818868058000078 ], [ 24.943145977000029, 57.825226422000071 ], [ 24.947246469000049, 57.82715345400004 ], [ 24.950990825000076, 57.824663526000052 ], [ 24.949938446000033, 57.818680236000034 ], [ 24.95515490400004, 57.815236069000036 ], [ 24.952767637000079, 57.810569785000041 ], [ 24.947558161000075, 57.808640367000066 ], [ 24.948803689000044, 57.80629727400003 ], [ 24.969067214000063, 57.812350779000042 ], [ 24.994053601000076, 57.804686783000079 ], [ 24.994791899000063, 57.800590628000066 ], [ 25.007509, 57.800755999000046 ], [ 25.024789804000022, 57.78352742800007 ], [ 25.040465348000055, 57.786704331000067 ], [ 25.054277289000026, 57.778022664000048 ], [ 25.076326441000049, 57.774290187000076 ], [ 25.074836033000054, 57.767342404000033 ], [ 25.07745862400003, 57.755868095000039 ], [ 25.097343906000049, 57.739189454000041 ], [ 25.087061988000073, 57.733959497000058 ], [ 25.08930041800005, 57.728578799000047 ], [ 25.077099450000048, 57.723001517000057 ], [ 25.074914611000054, 57.716937853000047 ], [ 25.068284012000049, 57.71217856100003 ], [ 25.068995055000073, 57.706099971000071 ], [ 25.063960139000073, 57.702651410000044 ], [ 25.066451627000049, 57.699138508000033 ], [ 25.07384109000003, 57.701058601000057 ], [ 25.097987780000039, 57.687668449000057 ], [ 25.078107715000044, 57.677841690000037 ], [ 25.082011504000036, 57.672425597000029 ], [ 25.078785856000025, 57.667715964000081 ], [ 25.091885, 57.65485299900007 ], [ 25.086068877000059, 57.653014868000071 ], [ 25.079287722000061, 57.655769460000045 ], [ 25.059564876000024, 57.656171409000081 ], [ 25.049883118000025, 57.654010111000048 ], [ 25.065740009000024, 57.640908040000056 ], [ 25.086086829000067, 57.630097831000057 ], [ 25.080215030000033, 57.62702587800004 ], [ 25.072369071000026, 57.631641804000083 ], [ 25.063861467000038, 57.628693676000069 ], [ 25.061816671000031, 57.623552559000075 ], [ 25.041500894000023, 57.624291237000079 ], [ 25.023184151000066, 57.630897344000061 ], [ 25.02115053700004, 57.642238061000057 ], [ 25.010909780000077, 57.639285348000044 ], [ 24.989548027000069, 57.641407422000043 ], [ 24.979895532000057, 57.63971607700006 ], [ 24.975167201000033, 57.630318843000055 ], [ 24.961130851000064, 57.620997246000059 ], [ 24.934512692000055, 57.610389017000045 ], [ 24.926581462000058, 57.614180470000065 ], [ 24.902596500000072, 57.614651999000046 ] ] ] ] } },
{ "type": "Feature", "properties": { "GISCO_ID": "LV_0661400", "CNTR_CODE": "LV", "LAU_ID": "0661400", "LAU_NAME": "Salacgrīvas novads", "cell_coverage": [ [ 0, 0, 0.0049, 0.2164, 0.5313, 0.8355, 0.0719, 0 ], [ 0.0044, 0, 0.0986, 0.9994, 1, 1, 0.4592, 0 ], [ 0.7436, 0.9228, 0.9345, 1, 1, 1, 0.7157, 0.0039 ], [ 0.8661, 1, 1, 1, 1, 1, 1, 0.3351 ], [ 0.6938, 1, 1, 1, 1, 1, 1, 0.7354 ], [ 0.7274, 1, 1, 1, 1, 0.9965, 0.843, 0.0034 ], [ 0.4747, 1, 1, 0.9679, 0.9426, 0.62, 0.0235, 0 ], [ 0.1131, 0.9813, 0.2869, 0.0008, 0.0258, 0.0901, 0.0005, 0 ], [ 0.0435, 0.9027, 0.3479, 0, 0, 0, 0, 0 ], [ 0.2156, 1, 0.7291, 0.4395, 0.0159, 0, 0, 0 ], [ 0.0562, 0.9435, 1, 1, 0.923, 0.0728, 0, 0 ], [ 0, 0.8382, 1, 1, 1, 0.5422, 0.0012, 0 ], [ 0, 0.6711, 1, 0.9913, 0.5037, 0.2073, 0, 0 ], [ 0, 0.1782, 0.3112, 0.1402, 0, 0, 0, 0 ] ], "xmin": 24.333333333333329, "xmax": 24.666666666666661, "ymin": 57.375, "ymax": 57.958333333333321 }, "geometry": { "type": "MultiPolygon", "coordinates": [ [ [ [ 24.398305, 57.403015499000048 ], [ 24.385884436000026, 57.446444967000048 ], [ 24.379977028000042, 57.491408799000055 ], [ 24.380649063000078, 57.50708684600005 ], [ 24.377077518000078, 57.521583289000034 ], [ 24.363184853000064, 57.542173363000074 ], [ 24.36878852500007, 57.558586990000038 ], [ 24.363821408000035, 57.578288427000075 ], [ 24.371368026000027, 57.591453115000036 ], [ 24.373017947000051, 57.600422984000033 ], [ 24.385367105000057, 57.612485019000076 ], [ 24.385997967000037, 57.616791483000043 ], [ 24.36904557500003, 57.645654114000081 ], [ 24.363603816000023, 57.67491818700006 ], [ 24.355346163000036, 57.69004469500004 ], [ 24.343204853000032, 57.703077024000038 ], [ 24.345646927000075, 57.743570614000078 ], [ 24.344674272000077, 57.751931726000066 ], [ 24.340720173000022, 57.755307343000027 ], [ 24.347482442000057, 57.756856927000058 ], [ 24.34853395500005, 57.761095418000082 ], [ 24.344400732000054, 57.789157081000042 ], [ 24.346862041000065, 57.792152863000069 ], [ 24.333463430000052, 57.823521635000077 ], [ 24.336327413000049, 57.836645782000062 ], [ 24.344964866000055, 57.854303327000082 ], [ 24.345251236000024, 57.863653880000072 ], [ 24.351969025000074, 57.869542570000078 ], [ 24.353252500000053, 57.876085499000055 ], [ 24.407028523000065, 57.871830315000068 ], [ 24.412586181000052, 57.865255681000065 ], [ 24.456827266000062, 57.879178725000031 ], [ 24.459047080000062, 57.881762584000057 ], [ 24.453118061000055, 57.898859777000041 ], [ 24.458262628000057, 57.906166045000077 ], [ 24.446683519000032, 57.908686833000047 ], [ 24.460184665000043, 57.922826591000046 ], [ 24.51088849100006, 57.930554660000041 ], [ 24.511117961000025, 57.934765558000038 ], [ 24.517306121000047, 57.936511289000066 ], [ 24.524801957000022, 57.944836666000072 ], [ 24.542702888000065, 57.945360795000056 ], [ 24.549974904000067, 57.949878356000056 ], [ 24.576935, 57.956797999000059 ], [ 24.600861139000074, 57.898756405000029 ], [ 24.613396696000052, 57.895648828000049 ], [ 24.613028365000048, 57.889612918000068 ], [ 24.604604039000037, 57.880452081000044 ], [ 24.58995621300005, 57.87679808300004 ], [ 24.587947986000074, 57.873991197000066 ], [ 24.612611420000064, 57.861271118000047 ], [ 24.666461, 57.761603499000046 ], [ 24.613997299000062, 57.744507309000028 ], [ 24.625478949000069, 57.731870119000064 ], [ 24.612260749000029, 57.719141172000036 ], [ 24.623791868000069, 57.712422136000043 ], [ 24.623750254000072, 57.708716540000069 ], [ 24.584876092000059, 57.710674998000059 ], [ 24.574631145000069, 57.707643570000073 ], [ 24.567034198000044, 57.701067611000042 ], [ 24.564005749000046, 57.693751173000067 ], [ 24.573036755000032, 57.688588096000046 ], [ 24.55819606600005, 57.66867011100004 ], [ 24.568190194000067, 57.665133239000056 ], [ 24.58559333200003, 57.673136256000078 ], [ 24.591779804000055, 57.670484138000063 ], [ 24.591260935000037, 57.667897553000046 ], [ 24.568104583000036, 57.662351557000079 ], [ 24.548990626000034, 57.661519270000042 ], [ 24.52830808300007, 57.664382157000034 ], [ 24.52394412600006, 57.670555182000044 ], [ 24.517270792000033, 57.671237330000054 ], [ 24.424305269000058, 57.66326420200005 ], [ 24.432455180000034, 57.610776246000057 ], [ 24.429338046000055, 57.587341262000052 ], [ 24.437804763000031, 57.581073070000059 ], [ 24.435636295000052, 57.562966934000031 ], [ 24.470836678000069, 57.558983995000062 ], [ 24.487355687000047, 57.56260695800006 ], [ 24.50219407000003, 57.554595574000075 ], [ 24.501866579000023, 57.541206472000056 ], [ 24.553674550000039, 57.535800170000073 ], [ 24.553353886000025, 57.531780219000041 ], [ 24.536837397000056, 57.520373644000074 ], [ 24.550397985000075, 57.491590679000069 ], [ 24.555435847000069, 57.490158029000042 ], [ 24.556628584000066, 57.482331453000029 ], [ 24.567190399000026, 57.473704342000076 ], [ 24.579326670000057, 57.468949233000046 ], [ 24.584570474000031, 57.462956729000041 ], [ 24.581064247000029, 57.457200954000029 ], [ 24.565600107000023, 57.447273471000074 ], [ 24.534048882000036, 57.447205936000046 ], [ 24.520415570000068, 57.443081257000074 ], [ 24.507886939000059, 57.422723135000069 ], [ 24.495062027000074, 57.418423141000062 ], [ 24.480538599000056, 57.40910608300004 ], [ 24.40990484200006, 57.400231761000043 ], [ 24.398305, 57.403015499000048 ] ] ] ] } },
{ "type": "Feature", "properties": { "GISCO_ID": "LV_0680200", "CNTR_CODE": "LV", "LAU_ID": "0680200", "LAU_NAME": "Ludzas novads", "cell_coverage": [ [ 0, 0, 0.0946, 0.7611, 0.5453, 0.4016, 0.2998, 0.0068, 0, 0, 0, 0, 0, 0, 0, 0, 0, 0 ], [ 0.1422, 0.8344, 0.9339, 1, 1, 1, 1, 0.6849, 0.6657, 0.6454, 0.2276, 0, 0, 0.0546, 0.0058, 0, 0, 0 ], [ 0.0255, 0.7358, 0.8543, 1, 1, 1, 1, 1, 1, 1, 0.9552, 0.4171, 0.526, 0.9201, 0.7982, 0.8727, 0.4738, 0.0028 ], [ 0, 0, 0.2037, 0.8311, 1, 1, 1, 1, 1, 1, 1, 1, 0.9987, 0.9737, 0.9971, 1, 1, 0.4864 ], [ 0, 0, 0, 0.0428, 0.9043, 1, 1, 1, 1, 1, 1, 1, 0.9747, 0.0982, 0.2185, 0.3372, 0.2679, 0.1663 ], [ 0, 0, 0, 0, 0.0017, 0.5068, 1, 1, 1, 1, 0.9848, 0.6412, 0.3522, 0.0983, 0, 0, 0, 0 ], [ 0, 0, 0, 0, 0, 0.0946, 0.9025, 1, 1, 0.7415, 0.175, 0.154, 0.339, 0.492, 0.0402, 0, 0, 0 ], [ 0, 0, 0, 0, 0, 0.4081, 1, 1, 1, 0.9034, 0.5118, 0.7921, 1, 1, 0.8737, 0.385, 0, 0 ], [ 0, 0, 0, 0, 0, 0.4463, 0.9794, 1, 1, 1, 1, 1, 1, 0.8752, 0.8717, 0.3243, 0, 0 ], [ 0, 0, 0, 0, 0, 0, 0.1317, 0.2508, 0.3667, 0.5815, 0.4995, 0.3013, 0.2462, 0.0066, 0.0362, 0, 0, 0 ] ], "xmin": 27.458333333333329, "xmax": 28.208333333333329, "ymin": 56.166666666666657, "ymax": 56.583333333333321 }, "geometry": { "type": "MultiPolygon", "coordinates": [ [ [ [ 28.125775, 56.496388499000034 ], [ 28.143573139000068, 56.477997861000063 ], [ 28.153738677000035, 56.473876827000026 ], [ 28.157946261000063, 56.467156549000038 ], [ 28.168292798000039, 56.459623013000055 ], [ 28.191915290000054, 56.449127493000049 ], [ 28.193266381000058, 56.438898771000026 ], [ 28.182942366000077, 56.425278268000056 ], [ 28.186363601000039, 56.412769725000032 ], [ 28.193841217000056, 56.405288355000039 ], [ 28.187145500000042, 56.403865499000062 ], [ 28.162642550000044, 56.403298698000071 ], [ 28.141590067000038, 56.407459237000069 ], [ 28.116337888000032, 56.403596219000065 ], [ 28.108294186000023, 56.40801465100003 ], [ 28.100574263000055, 56.404398377000064 ], [ 28.097530266000035, 56.398620878000031 ], [ 28.085211939000033, 56.397638400000062 ], [ 28.071272491000059, 56.400312731000042 ], [ 28.053769832000057, 56.414491149000071 ], [ 28.046072942000023, 56.41756256900004 ], [ 27.998662936000073, 56.417938635000041 ], [ 27.996399622000069, 56.414267133000067 ], [ 27.999531201000025, 56.396078989000046 ], [ 28.011772256000029, 56.382050104000029 ], [ 28.015345650000029, 56.371022040000071 ], [ 28.013505321000025, 56.365456141000038 ], [ 27.993949634000046, 56.358633561000033 ], [ 27.974128257000075, 56.363422673000059 ], [ 27.951785919000031, 56.352837600000043 ], [ 27.941133151000031, 56.352704337000034 ], [ 27.926972686000056, 56.341814035000027 ], [ 27.919422418000067, 56.341210698000054 ], [ 27.905166506000057, 56.331491109000069 ], [ 27.896328152000024, 56.330325358000039 ], [ 27.876175547000059, 56.311153920000038 ], [ 27.853613261000078, 56.311573929000076 ], [ 27.847807843000055, 56.307854751000036 ], [ 27.85538443300004, 56.294256813000061 ], [ 27.860634206000043, 56.291458869000053 ], [ 27.861214095000037, 56.286758848000034 ], [ 27.872213510000051, 56.279567758000042 ], [ 27.87006864600005, 56.26893853200005 ], [ 27.900830201000076, 56.274164108000036 ], [ 27.907863199000076, 56.269096853000065 ], [ 27.919422418000067, 56.269324920000031 ], [ 27.937372109000023, 56.277808179000033 ], [ 27.936772961000031, 56.287132341000074 ], [ 27.92932010100003, 56.290738246000046 ], [ 27.937897324000062, 56.301934581000069 ], [ 27.949162909000052, 56.303471702000081 ], [ 27.974275788000057, 56.300102191000065 ], [ 27.984122581000065, 56.305811257000073 ], [ 27.989976656000067, 56.313671377000048 ], [ 28.029003676000059, 56.313213381000082 ], [ 28.046746354000049, 56.302466662000029 ], [ 28.047565416000054, 56.293301102000044 ], [ 28.056472989000042, 56.287429075000034 ], [ 28.066527177000069, 56.283239193000043 ], [ 28.092272950000051, 56.28318674500008 ], [ 28.092468305000068, 56.273670571000082 ], [ 28.112271661000079, 56.260394538000071 ], [ 28.117229264000059, 56.251912013000037 ], [ 28.104863539000064, 56.239361749000068 ], [ 28.096082453000065, 56.224062934000074 ], [ 28.076313772000049, 56.220155291000083 ], [ 28.076298125000051, 56.213906227000052 ], [ 28.072504326000058, 56.212812906000067 ], [ 28.070042672000056, 56.205761916000029 ], [ 28.06246524900007, 56.20323496900005 ], [ 28.056858404000025, 56.204140427000027 ], [ 28.053915890000042, 56.208075023000049 ], [ 28.060322056000075, 56.214201633000073 ], [ 28.058556430000067, 56.21741856400007 ], [ 28.048585661000061, 56.213123448000033 ], [ 28.041164762000051, 56.217680914000027 ], [ 28.024301811000043, 56.215153627000063 ], [ 28.007316494000065, 56.210198244000082 ], [ 28.000370297000075, 56.204178567000042 ], [ 27.979377014000079, 56.196751151000058 ], [ 27.96276081600007, 56.194953387000055 ], [ 27.949679381000067, 56.198648379000076 ], [ 27.938460472000031, 56.197695028000055 ], [ 27.918651151000063, 56.190996489000042 ], [ 27.913781276000066, 56.182881314000042 ], [ 27.906941290000077, 56.180186483000057 ], [ 27.895818537000025, 56.184778636000033 ], [ 27.892674333000059, 56.192666333000034 ], [ 27.883082482000077, 56.194615900000031 ], [ 27.850409677000073, 56.178295049000042 ], [ 27.839257538000027, 56.186229364000042 ], [ 27.824281657000029, 56.185997930000042 ], [ 27.816885529000047, 56.194212216000039 ], [ 27.807893206000074, 56.196999087000052 ], [ 27.785832346000063, 56.196685905000038 ], [ 27.772567239000068, 56.199838013000033 ], [ 27.749655284000028, 56.196018053000046 ], [ 27.738297775000035, 56.20128506900005 ], [ 27.726055928000051, 56.201420313000028 ], [ 27.698514211000031, 56.224080229000037 ], [ 27.683749091000038, 56.227255011000068 ], [ 27.671866500000078, 56.241537999000059 ], [ 27.698003777000054, 56.256172286000037 ], [ 27.697157020000077, 56.261561654000047 ], [ 27.686776115000043, 56.267174405000048 ], [ 27.685035026000037, 56.277747509000051 ], [ 27.701259589000074, 56.293374216000075 ], [ 27.714984009000034, 56.29881445400008 ], [ 27.720131933000062, 56.305381518000047 ], [ 27.713128692000055, 56.316509606000068 ], [ 27.687022910000053, 56.333789907000039 ], [ 27.686752783000031, 56.351454081000043 ], [ 27.691725124000072, 56.362003794000032 ], [ 27.69076963200007, 56.366733199000066 ], [ 27.683152600000028, 56.372798557000067 ], [ 27.646888164000075, 56.376038919000052 ], [ 27.623352842000031, 56.389514534000057 ], [ 27.619166275000055, 56.396706599000026 ], [ 27.625386046000074, 56.403944898000077 ], [ 27.621846563000076, 56.410403675000055 ], [ 27.622887816000059, 56.420828159000052 ], [ 27.594813375000058, 56.422329667000042 ], [ 27.594621227000061, 56.427368779000062 ], [ 27.579079364000052, 56.435599384000056 ], [ 27.554883164000046, 56.460399144000064 ], [ 27.556735915000047, 56.471550064000041 ], [ 27.554148730000065, 56.476884759000029 ], [ 27.540475155000024, 56.475552638000067 ], [ 27.521320389000039, 56.464705596000044 ], [ 27.508126774000061, 56.465480895000042 ], [ 27.500654931000042, 56.477373587000045 ], [ 27.50127537000003, 56.489757316000066 ], [ 27.489092460000052, 56.501037841000027 ], [ 27.493408052000063, 56.510311002000037 ], [ 27.489035753000053, 56.519500434000065 ], [ 27.498668341000041, 56.52988941600006 ], [ 27.497317549000059, 56.535101945000065 ], [ 27.54888489700005, 56.534362673000032 ], [ 27.575110726000048, 56.545587115000046 ], [ 27.581037500000036, 56.567166499000052 ], [ 27.585361645000035, 56.568174225000064 ], [ 27.595288427000071, 56.575350881000077 ], [ 27.610391532000051, 56.577005952000036 ], [ 27.619437697000023, 56.573440701000038 ], [ 27.62007060600007, 56.566076696000039 ], [ 27.632084237000072, 56.572407465000026 ], [ 27.640927186000056, 56.567785803000049 ], [ 27.647723104000079, 56.559529028000043 ], [ 27.656452143000024, 56.561803917000077 ], [ 27.665510360000042, 56.556453390000058 ], [ 27.677498861000061, 56.559954075000064 ], [ 27.683452224000064, 56.552023078000047 ], [ 27.689087780000023, 56.549585522000029 ], [ 27.690728496000077, 56.550797712000076 ], [ 27.687667383000075, 56.554830507000077 ], [ 27.692603478000024, 56.558712392000075 ], [ 27.692801483000039, 56.564562439000042 ], [ 27.70710041600006, 56.560388358000068 ], [ 27.714301887000033, 56.564768739000044 ], [ 27.721917099000052, 56.564810958000066 ], [ 27.729441066000049, 56.550115510000069 ], [ 27.740716514000042, 56.547021505000032 ], [ 27.744381161000035, 56.543100676000051 ], [ 27.754474465000044, 56.543167441000037 ], [ 27.758743191000065, 56.542501573000038 ], [ 27.764784042000031, 56.52924730400008 ], [ 27.772321145000035, 56.527717515000063 ], [ 27.785374056000023, 56.517074303000072 ], [ 27.792614667000066, 56.514779022000027 ], [ 27.801153659000079, 56.51873456800007 ], [ 27.806332986000029, 56.530278008000039 ], [ 27.820979627000042, 56.533701034000046 ], [ 27.829684048000047, 56.531750836000072 ], [ 27.849675872000034, 56.538706350000041 ], [ 27.853746198000067, 56.522816387000034 ], [ 27.877831830000048, 56.514739202000044 ], [ 27.901935189000028, 56.513255617000027 ], [ 27.903869851000024, 56.508610080000039 ], [ 27.902211556000054, 56.499096866000059 ], [ 27.90807127000005, 56.493624672000067 ], [ 27.919422418000067, 56.493107611000028 ], [ 27.934706233000043, 56.486889657000063 ], [ 27.927459158000033, 56.474206514000059 ], [ 27.949284387000034, 56.464778829000068 ], [ 27.968454086000065, 56.466337211000052 ], [ 27.966512068000043, 56.472270012000081 ], [ 27.973026728000036, 56.478494210000065 ], [ 27.985732270000028, 56.487270250000051 ], [ 28.016964809000058, 56.493950184000028 ], [ 28.020029772000044, 56.504606762000037 ], [ 28.031249873000036, 56.504984648000061 ], [ 28.049184940000032, 56.500353094000047 ], [ 28.061865230000024, 56.492621375000056 ], [ 28.06371, 56.485953425000048 ], [ 28.076728962000061, 56.482696950000047 ], [ 28.081467518000068, 56.485627577000059 ], [ 28.081118268000068, 56.495320685000081 ], [ 28.092254304000051, 56.49645105500008 ], [ 28.102495432000069, 56.49237084300006 ], [ 28.125775, 56.496388499000034 ] ] ] ] } },
{ "type": "Feature", "properties": { "GISCO_ID": "LV_0681000", "CNTR_CODE": "LV", "LAU_ID": "0681000", "LAU_NAME": "Kārsavas novads", "cell_coverage": [ [ 0, 0, 0, 0, 0.0026, 0.0142, 0, 0, 0, 0, 0, 0, 0.0528, 0, 0, 0 ], [ 0, 0.1001, 0.443, 0.4626, 0.5556, 0.8473, 0.4397, 0.0247, 0.1281, 0.4671, 0.6784, 0.7787, 0.9735, 0.2541, 0.0001, 0.0086 ], [ 0.4809, 0.7806, 1, 1, 1, 1, 1, 0.999, 1, 1, 1, 1, 1, 0.9157, 0.7623, 0.2068 ], [ 0.1568, 0.311, 0.2525, 0.3448, 0.8985, 1, 1, 1, 1, 1, 1, 1, 1, 0.8482, 0.2778, 0 ], [ 0, 0, 0, 0.1746, 0.8607, 1, 1, 1, 1, 1, 1, 1, 0.9418, 0.6872, 0.399, 0.0089 ], [ 0, 0, 0, 0.45, 1, 1, 1, 1, 0.8767, 0.7165, 0.7123, 0.7848, 0.6587, 0.0666, 0.2306, 0.0899 ], [ 0, 0, 0, 0.1816, 0.2696, 0.6944, 0.9085, 0.2147, 0.0402, 0, 0.0127, 0.2362, 0.2839, 0, 0, 0 ], [ 0, 0, 0, 0, 0, 0.0084, 0.1466, 0, 0, 0, 0, 0, 0, 0, 0, 0 ] ], "xmin": 27.333333333333329, "xmax": 27.999999999999996, "ymin": 56.583333333333321, "ymax": 56.916666666666657 }, "geometry": { "type": "MultiPolygon", "coordinates": [ [ [ [ 27.977460500000063, 56.695427499000061 ], [ 27.974871213000029, 56.699694094000051 ], [ 27.957991595000067, 56.702505045000066 ], [ 27.954221744000051, 56.69879007600008 ], [ 27.90607207100004, 56.698045771000068 ], [ 27.902328357000044, 56.724589537000043 ], [ 27.870162776000029, 56.726061145000074 ], [ 27.868315281000037, 56.707724519000067 ], [ 27.855515331000049, 56.705180528000028 ], [ 27.867098957000053, 56.683047588000079 ], [ 27.859671229000071, 56.679780312000048 ], [ 27.857397829000035, 56.674845265000044 ], [ 27.860206797000046, 56.666365017000032 ], [ 27.858054753000033, 56.663001396000027 ], [ 27.865948698000068, 56.656842109000081 ], [ 27.850839722000046, 56.647391016000029 ], [ 27.840953518000049, 56.64687639300007 ], [ 27.834162551000077, 56.652087999000059 ], [ 27.823904984000023, 56.649405269000056 ], [ 27.813167296000074, 56.65820519500005 ], [ 27.791920129000061, 56.658901353000033 ], [ 27.786010216000079, 56.665462582000032 ], [ 27.803042233000042, 56.670430999000075 ], [ 27.825015011000062, 56.65991891200008 ], [ 27.826839499000073, 56.666871962000073 ], [ 27.818186738000065, 56.680769888000043 ], [ 27.764177227000062, 56.677165679000041 ], [ 27.756075759000055, 56.681226475000074 ], [ 27.744756275000043, 56.67880996100007 ], [ 27.733434354000053, 56.681106330000034 ], [ 27.725218899000026, 56.679989399000078 ], [ 27.71831786100006, 56.675347023000029 ], [ 27.682766067000045, 56.674277594000046 ], [ 27.678579805000027, 56.661796401000061 ], [ 27.633047988000044, 56.656813410000041 ], [ 27.622869009000055, 56.649233614000082 ], [ 27.61811, 56.637802462000082 ], [ 27.620088301000067, 56.632679407000069 ], [ 27.610200032000023, 56.621811435000041 ], [ 27.610463164000066, 56.613801765000062 ], [ 27.585361645000035, 56.616922773000056 ], [ 27.577289500000063, 56.61804599900006 ], [ 27.586829556000055, 56.624368746000073 ], [ 27.583562036000046, 56.631271371000082 ], [ 27.556094882000025, 56.63531124800005 ], [ 27.552170984000043, 56.645791625000072 ], [ 27.533297104000042, 56.65431179400008 ], [ 27.509735053000043, 56.658053298000027 ], [ 27.488608257000067, 56.650046716000077 ], [ 27.480976230000067, 56.654359094000029 ], [ 27.474624876000064, 56.666330071000061 ], [ 27.466481829000031, 56.672601263000047 ], [ 27.469143632000055, 56.676860699000031 ], [ 27.489098461000026, 56.685181100000079 ], [ 27.483424526000078, 56.690222859000073 ], [ 27.49047693600005, 56.700790597000037 ], [ 27.486271307000038, 56.708601810000062 ], [ 27.488625929000023, 56.713819454000031 ], [ 27.486226083000076, 56.721292405000042 ], [ 27.487451072000056, 56.72971138500003 ], [ 27.496506176000025, 56.733322001000033 ], [ 27.510507324000059, 56.733886515000052 ], [ 27.517845549000072, 56.746372097000062 ], [ 27.514619290000041, 56.756231382000067 ], [ 27.506137180000053, 56.758140235000042 ], [ 27.503045806000046, 56.77105586600004 ], [ 27.482202201000064, 56.769704569000055 ], [ 27.480744401000038, 56.774458072000073 ], [ 27.486905879000062, 56.779943151000055 ], [ 27.484405840000079, 56.783665621000068 ], [ 27.460280798000042, 56.780424792000076 ], [ 27.41541296500003, 56.78184419400003 ], [ 27.387885191000066, 56.776363010000068 ], [ 27.351063, 56.783235999000055 ], [ 27.345959400000027, 56.793887928000061 ], [ 27.346890313000074, 56.800805807000074 ], [ 27.350978874000077, 56.805694276000054 ], [ 27.347287781000034, 56.811579774000052 ], [ 27.349143151000078, 56.817800329000079 ], [ 27.370500477000064, 56.826392339000051 ], [ 27.377056969000023, 56.82454337300004 ], [ 27.376111496000078, 56.818483595000032 ], [ 27.398432533000062, 56.819528805000061 ], [ 27.402614376000031, 56.822493569000073 ], [ 27.404767306000053, 56.829728602000046 ], [ 27.394652700000051, 56.835111806000043 ], [ 27.402187031000039, 56.840599723000082 ], [ 27.421841126000061, 56.847630061000075 ], [ 27.42636, 56.852928499000029 ], [ 27.49993005400006, 56.852479774000074 ], [ 27.541376218000039, 56.858549880000055 ], [ 27.543707045000076, 56.860021929000027 ], [ 27.537361517000079, 56.867334510000035 ], [ 27.541225858000075, 56.870363916000031 ], [ 27.535789432000058, 56.872604312000078 ], [ 27.535554972000057, 56.875686176000045 ], [ 27.565515054000059, 56.876231039000061 ], [ 27.568835197000055, 56.871174507000035 ], [ 27.565383915000041, 56.866686791000063 ], [ 27.573213721000059, 56.857560685000067 ], [ 27.602205772000048, 56.857420235000063 ], [ 27.622318710000059, 56.838600494000048 ], [ 27.637997934000055, 56.832889672000078 ], [ 27.659444500000063, 56.834365499000057 ], [ 27.690935224000043, 56.837350602000072 ], [ 27.701351092000039, 56.841759668000066 ], [ 27.704232597000043, 56.846909082000082 ], [ 27.718552092000039, 56.848035388000028 ], [ 27.731565160000059, 56.856533035000041 ], [ 27.742843804000074, 56.85515311100005 ], [ 27.765344986000059, 56.862307772000065 ], [ 27.798229935000052, 56.863057544000071 ], [ 27.823015402000067, 56.867200136000065 ], [ 27.843570483000065, 56.874838941000064 ], [ 27.849746211000024, 56.879944255000055 ], [ 27.873943531000066, 56.876424506000035 ], [ 27.871613165000042, 56.866498683000032 ], [ 27.883735311000066, 56.856893816000081 ], [ 27.898273977000031, 56.837567620000073 ], [ 27.903175858000054, 56.823097257000029 ], [ 27.928916704000073, 56.825788622000061 ], [ 27.967414620000056, 56.83599947600004 ], [ 27.96979996500005, 56.830958433000035 ], [ 27.967130312000052, 56.82732468100005 ], [ 27.974485754000057, 56.825029587000074 ], [ 27.97093589800005, 56.820545910000078 ], [ 27.976170320000051, 56.816293849000033 ], [ 27.976081083000054, 56.812412087000041 ], [ 27.964911248000078, 56.80651178800008 ], [ 27.958453194000072, 56.80722557200005 ], [ 27.94549046800006, 56.802849029000072 ], [ 27.940982246000033, 56.795803195000076 ], [ 27.941704079000033, 56.789290480000034 ], [ 27.946320798000045, 56.783385345000056 ], [ 27.944418376000044, 56.777068816000053 ], [ 27.935235227000078, 56.77368145500003 ], [ 27.916464683000072, 56.773472607000031 ], [ 27.901327952000031, 56.759950250000031 ], [ 27.899642421000067, 56.753398534000041 ], [ 27.906438621000063, 56.746124076000058 ], [ 27.913816008000026, 56.748962504000076 ], [ 27.91271841400004, 56.742141254000046 ], [ 27.917991202000053, 56.734155340000029 ], [ 27.937491315000045, 56.727182506000077 ], [ 27.944678100000033, 56.722216252000067 ], [ 27.947723069000062, 56.716224238000052 ], [ 27.959583646000056, 56.713503297000045 ], [ 27.963644036000062, 56.707377057000031 ], [ 27.979578573000026, 56.70677166300004 ], [ 27.981206212000075, 56.703172894000033 ], [ 27.977460500000063, 56.695427499000061 ] ] ] ] } },
{ "type": "Feature", "properties": { "GISCO_ID": "LV_0681801", "CNTR_CODE": "LV", "LAU_ID": "0681801", "LAU_NAME": "Zilupes novads", "cell_coverage": [ [ 0, 0, 0, 0.0013, 0.0263, 0.0029, 0, 0, 0, 0 ], [ 0, 0, 0, 0.0253, 0.9018, 0.7815, 0.6628, 0.7294, 0.1386, 0 ], [ 0, 0.0152, 0.3588, 0.6478, 0.9017, 1, 1, 1, 0.588, 0 ], [ 0.2585, 0.825, 0.846, 0.661, 0.508, 0.9598, 1, 1, 0.9742, 0.2212 ], [ 0.0966, 0.4882, 0.2079, 0, 0, 0.1263, 0.615, 1, 1, 0.6013 ], [ 0, 0, 0, 0, 0, 0.0346, 0.672, 1, 0.692, 0.0169 ], [ 0, 0, 0, 0, 0, 0.2936, 0.9639, 0.9101, 0.2585, 0 ], [ 0, 0, 0, 0, 0.0061, 0.5098, 0.3223, 0.0018, 0, 0 ] ], "xmin": 27.833333333333329, "xmax": 28.25, "ymin": 56.125, "ymax": 56.458333333333321 }, "geometry": { "type": "MultiPolygon", "coordinates": [ [ [ [ 28.187145500000042, 56.403865499000062 ], [ 28.164403084000071, 56.377295811000067 ], [ 28.192620075000036, 56.358706428000062 ], [ 28.200385014000062, 56.343827607000037 ], [ 28.200104852000038, 56.337484656000072 ], [ 28.206494330000055, 56.32291904300007 ], [ 28.230017561000068, 56.297059532000048 ], [ 28.241064119000043, 56.278553479000038 ], [ 28.238598713000044, 56.270903412000052 ], [ 28.217482720000078, 56.24867507600004 ], [ 28.198007467000025, 56.24108956300006 ], [ 28.185675751000076, 56.23014395000007 ], [ 28.188006465000058, 56.219718696000029 ], [ 28.200138147000075, 56.217035424000073 ], [ 28.203039480000029, 56.213906227000052 ], [ 28.197711468000023, 56.209376656000074 ], [ 28.180201646000057, 56.206014004000053 ], [ 28.18615795200003, 56.197676568000077 ], [ 28.177843450000069, 56.18923746400003 ], [ 28.177408554000067, 56.179159965000053 ], [ 28.163434436000045, 56.172877681000045 ], [ 28.150882495000076, 56.170223151000073 ], [ 28.13808472900007, 56.17159480600003 ], [ 28.130402827000069, 56.166423536000082 ], [ 28.11951016200004, 56.165083785000036 ], [ 28.09493410500005, 56.14938879400006 ], [ 28.092077277000044, 56.137052652000079 ], [ 28.070060503000036, 56.139895011000078 ], [ 28.06437, 56.136640499000066 ], [ 28.059990661000029, 56.14095480800006 ], [ 28.059899727000072, 56.149112328000058 ], [ 28.045048847000032, 56.154826591000074 ], [ 28.037450970000066, 56.16089308100004 ], [ 28.056639459000053, 56.168535800000029 ], [ 28.055615862000025, 56.173011870000039 ], [ 28.069300899000041, 56.17965666300006 ], [ 28.070694824000043, 56.190480483000044 ], [ 28.094601440000076, 56.205613579000044 ], [ 28.076298125000051, 56.213906227000052 ], [ 28.076313772000049, 56.220155291000083 ], [ 28.096082453000065, 56.224062934000074 ], [ 28.104863539000064, 56.239361749000068 ], [ 28.117229264000059, 56.251912013000037 ], [ 28.112271661000079, 56.260394538000071 ], [ 28.092468305000068, 56.273670571000082 ], [ 28.092272950000051, 56.28318674500008 ], [ 28.066527177000069, 56.283239193000043 ], [ 28.056472989000042, 56.287429075000034 ], [ 28.047565416000054, 56.293301102000044 ], [ 28.046746354000049, 56.302466662000029 ], [ 28.029003676000059, 56.313213381000082 ], [ 27.989976656000067, 56.313671377000048 ], [ 27.984122581000065, 56.305811257000073 ], [ 27.974275788000057, 56.300102191000065 ], [ 27.949162909000052, 56.303471702000081 ], [ 27.937897324000062, 56.301934581000069 ], [ 27.92932010100003, 56.290738246000046 ], [ 27.936772961000031, 56.287132341000074 ], [ 27.937372109000023, 56.277808179000033 ], [ 27.919422418000067, 56.269324920000031 ], [ 27.907863199000076, 56.269096853000065 ], [ 27.900830201000076, 56.274164108000036 ], [ 27.87006864600005, 56.26893853200005 ], [ 27.872213510000051, 56.279567758000042 ], [ 27.861214095000037, 56.286758848000034 ], [ 27.860634206000043, 56.291458869000053 ], [ 27.85538443300004, 56.294256813000061 ], [ 27.847807843000055, 56.307854751000036 ], [ 27.853613261000078, 56.311573929000076 ], [ 27.876175547000059, 56.311153920000038 ], [ 27.896328152000024, 56.330325358000039 ], [ 27.905166506000057, 56.331491109000069 ], [ 27.919422418000067, 56.341210698000054 ], [ 27.926972686000056, 56.341814035000027 ], [ 27.941133151000031, 56.352704337000034 ], [ 27.951785919000031, 56.352837600000043 ], [ 27.974128257000075, 56.363422673000059 ], [ 27.993949634000046, 56.358633561000033 ], [ 28.013505321000025, 56.365456141000038 ], [ 28.015345650000029, 56.371022040000071 ], [ 28.011772256000029, 56.382050104000029 ], [ 27.999531201000025, 56.396078989000046 ], [ 27.996399622000069, 56.414267133000067 ], [ 27.998662936000073, 56.417938635000041 ], [ 28.046072942000023, 56.41756256900004 ], [ 28.053769832000057, 56.414491149000071 ], [ 28.071272491000059, 56.400312731000042 ], [ 28.085211939000033, 56.397638400000062 ], [ 28.097530266000035, 56.398620878000031 ], [ 28.100574263000055, 56.404398377000064 ], [ 28.108294186000023, 56.40801465100003 ], [ 28.116337888000032, 56.403596219000065 ], [ 28.141590067000038, 56.407459237000069 ], [ 28.162642550000044, 56.403298698000071 ], [ 28.187145500000042, 56.403865499000062 ] ] ] ] } },
{ "type": "Feature", "properties": { "GISCO_ID": "LV_0684901", "CNTR_CODE": "LV", "LAU_ID": "0684901", "LAU_NAME": "Ciblas novads", "cell_coverage": [ [ 0, 0, 0, 0, 0, 0, 0, 0.0582, 0.2765, 0, 0, 0, 0, 0, 0 ], [ 0, 0, 0, 0.1233, 0.2835, 0.2877, 0.2152, 0.3413, 0.9334, 0.7694, 0.6613, 0.0839, 0, 0, 0 ], [ 0, 0.0853, 0.7853, 0.9598, 1, 0.9873, 0.7638, 0.7161, 1, 1, 1, 0.3168, 0, 0, 0 ], [ 0.3782, 0.8498, 1, 1, 1, 1, 1, 1, 1, 1, 1, 0.8714, 0.067, 0.0044, 0 ], [ 0.1438, 0.2389, 0.4547, 0.5984, 0.7002, 0.9932, 1, 1, 1, 1, 1, 1, 1, 0.9532, 0.2411 ], [ 0, 0, 0, 0, 0, 0.3151, 0.3343, 0.3546, 0.7724, 1, 1, 0.9454, 0.9942, 0.5058, 0.0243 ], [ 0, 0, 0, 0, 0, 0, 0, 0, 0.0448, 0.5829, 0.474, 0.0799, 0.2018, 0.1273, 0.0054 ] ], "xmin": 27.541666666666664, "xmax": 28.166666666666664, "ymin": 56.458333333333321, "ymax": 56.75 }, "geometry": { "type": "MultiPolygon", "coordinates": [ [ [ [ 27.977460500000063, 56.695427499000061 ], [ 27.981397766000043, 56.689189016000057 ], [ 27.99292977500005, 56.688642720000075 ], [ 28.001195691000078, 56.68406764100007 ], [ 28.011880735000034, 56.672569963000058 ], [ 28.01162813600007, 56.638334995000037 ], [ 28.01508625200006, 56.632679407000069 ], [ 28.040143202000024, 56.604562939000061 ], [ 28.042580830000077, 56.591829117000032 ], [ 28.053629341000033, 56.585624854000059 ], [ 28.125733640000078, 56.58215068100003 ], [ 28.14220694100004, 56.571999573000028 ], [ 28.137862899000027, 56.564325087000043 ], [ 28.140535040000032, 56.551538995000044 ], [ 28.105821844000047, 56.542719895000062 ], [ 28.100862831000029, 56.538819388000036 ], [ 28.099516708000067, 56.531520564000061 ], [ 28.093662170000073, 56.529066801000056 ], [ 28.095445404000031, 56.517678010000054 ], [ 28.100069995000069, 56.509809798000049 ], [ 28.109239198000068, 56.508669465000082 ], [ 28.11973993600003, 56.513179057000059 ], [ 28.129051084000025, 56.50861935000006 ], [ 28.129805163000071, 56.500448830000039 ], [ 28.125775, 56.496388499000034 ], [ 28.102495432000069, 56.49237084300006 ], [ 28.092254304000051, 56.49645105500008 ], [ 28.081118268000068, 56.495320685000081 ], [ 28.081467518000068, 56.485627577000059 ], [ 28.076728962000061, 56.482696950000047 ], [ 28.06371, 56.485953425000048 ], [ 28.061865230000024, 56.492621375000056 ], [ 28.049184940000032, 56.500353094000047 ], [ 28.031249873000036, 56.504984648000061 ], [ 28.020029772000044, 56.504606762000037 ], [ 28.016964809000058, 56.493950184000028 ], [ 27.985732270000028, 56.487270250000051 ], [ 27.973026728000036, 56.478494210000065 ], [ 27.966512068000043, 56.472270012000081 ], [ 27.968454086000065, 56.466337211000052 ], [ 27.949284387000034, 56.464778829000068 ], [ 27.927459158000033, 56.474206514000059 ], [ 27.934706233000043, 56.486889657000063 ], [ 27.919422418000067, 56.493107611000028 ], [ 27.90807127000005, 56.493624672000067 ], [ 27.902211556000054, 56.499096866000059 ], [ 27.903869851000024, 56.508610080000039 ], [ 27.901935189000028, 56.513255617000027 ], [ 27.877831830000048, 56.514739202000044 ], [ 27.853746198000067, 56.522816387000034 ], [ 27.849675872000034, 56.538706350000041 ], [ 27.829684048000047, 56.531750836000072 ], [ 27.820979627000042, 56.533701034000046 ], [ 27.806332986000029, 56.530278008000039 ], [ 27.801153659000079, 56.51873456800007 ], [ 27.792614667000066, 56.514779022000027 ], [ 27.785374056000023, 56.517074303000072 ], [ 27.772321145000035, 56.527717515000063 ], [ 27.764784042000031, 56.52924730400008 ], [ 27.758743191000065, 56.542501573000038 ], [ 27.754474465000044, 56.543167441000037 ], [ 27.744381161000035, 56.543100676000051 ], [ 27.740716514000042, 56.547021505000032 ], [ 27.729441066000049, 56.550115510000069 ], [ 27.721917099000052, 56.564810958000066 ], [ 27.714301887000033, 56.564768739000044 ], [ 27.70710041600006, 56.560388358000068 ], [ 27.692801483000039, 56.564562439000042 ], [ 27.692603478000024, 56.558712392000075 ], [ 27.687667383000075, 56.554830507000077 ], [ 27.690728496000077, 56.550797712000076 ], [ 27.689087780000023, 56.549585522000029 ], [ 27.683452224000064, 56.552023078000047 ], [ 27.677498861000061, 56.559954075000064 ], [ 27.665510360000042, 56.556453390000058 ], [ 27.656452143000024, 56.561803917000077 ], [ 27.647723104000079, 56.559529028000043 ], [ 27.640927186000056, 56.567785803000049 ], [ 27.632084237000072, 56.572407465000026 ], [ 27.62007060600007, 56.566076696000039 ], [ 27.619437697000023, 56.573440701000038 ], [ 27.610391532000051, 56.577005952000036 ], [ 27.595288427000071, 56.575350881000077 ], [ 27.585361645000035, 56.568174225000064 ], [ 27.581037500000036, 56.567166499000052 ], [ 27.568903228000067, 56.57049087300004 ], [ 27.558225740000069, 56.594204830000081 ], [ 27.558997579000049, 56.599582542000064 ], [ 27.567597210000031, 56.604919771000027 ], [ 27.568024713000057, 56.611675365000053 ], [ 27.577289500000063, 56.61804599900006 ], [ 27.585361645000035, 56.616922773000056 ], [ 27.610463164000066, 56.613801765000062 ], [ 27.610200032000023, 56.621811435000041 ], [ 27.620088301000067, 56.632679407000069 ], [ 27.61811, 56.637802462000082 ], [ 27.622869009000055, 56.649233614000082 ], [ 27.633047988000044, 56.656813410000041 ], [ 27.678579805000027, 56.661796401000061 ], [ 27.682766067000045, 56.674277594000046 ], [ 27.71831786100006, 56.675347023000029 ], [ 27.725218899000026, 56.679989399000078 ], [ 27.733434354000053, 56.681106330000034 ], [ 27.744756275000043, 56.67880996100007 ], [ 27.756075759000055, 56.681226475000074 ], [ 27.764177227000062, 56.677165679000041 ], [ 27.818186738000065, 56.680769888000043 ], [ 27.826839499000073, 56.666871962000073 ], [ 27.825015011000062, 56.65991891200008 ], [ 27.803042233000042, 56.670430999000075 ], [ 27.786010216000079, 56.665462582000032 ], [ 27.791920129000061, 56.658901353000033 ], [ 27.813167296000074, 56.65820519500005 ], [ 27.823904984000023, 56.649405269000056 ], [ 27.834162551000077, 56.652087999000059 ], [ 27.840953518000049, 56.64687639300007 ], [ 27.850839722000046, 56.647391016000029 ], [ 27.865948698000068, 56.656842109000081 ], [ 27.858054753000033, 56.663001396000027 ], [ 27.860206797000046, 56.666365017000032 ], [ 27.857397829000035, 56.674845265000044 ], [ 27.859671229000071, 56.679780312000048 ], [ 27.867098957000053, 56.683047588000079 ], [ 27.855515331000049, 56.705180528000028 ], [ 27.868315281000037, 56.707724519000067 ], [ 27.870162776000029, 56.726061145000074 ], [ 27.902328357000044, 56.724589537000043 ], [ 27.90607207100004, 56.698045771000068 ], [ 27.954221744000051, 56.69879007600008 ], [ 27.957991595000067, 56.702505045000066 ], [ 27.974871213000029, 56.699694094000051 ], [ 27.977460500000063, 56.695427499000061 ] ] ] ] } },
{ "type": "Feature", "properties": { "GISCO_ID": "LV_0700200", "CNTR_CODE": "LV", "LAU_ID": "0700200", "LAU_NAME": "Madonas novads", "cell_coverage": [ [ 0, 0, 0, 0, 0.0009, 0.3671, 0.2103, 0, 0.1589, 0.0167, 0.0046, 0.0074, 0, 0, 0, 0, 0, 0, 0, 0, 0, 0, 0, 0, 0, 0, 0, 0, 0, 0 ], [ 0, 0, 0, 0, 0.3074, 1, 0.9995, 0.9227, 0.9837, 0.9228, 0.9584, 0.4538, 0, 0, 0, 0.0036, 0.1419, 0.4289, 0.3569, 0.0343, 0, 0, 0, 0, 0, 0, 0, 0, 0, 0 ], [ 0, 0, 0, 0, 0.5326, 0.985, 1, 1, 1, 1, 1, 0.26, 0, 0, 0, 0.0505, 0.9974, 1, 1, 0.8732, 0.0613, 0, 0, 0, 0, 0, 0, 0, 0, 0 ], [ 0, 0, 0, 0, 0.1248, 0.8862, 1, 1, 1, 1, 0.989, 0.3102, 0, 0, 0, 0.0012, 0.6064, 1, 1, 1, 0.3901, 0, 0, 0, 0, 0, 0, 0, 0, 0 ], [ 0, 0, 0, 0, 0.1396, 0.7501, 1, 1, 1, 1, 0.9937, 0.9528, 0.3938, 0.4054, 0.4197, 0.5874, 0.9682, 1, 1, 1, 0.4628, 0, 0, 0, 0, 0, 0, 0, 0, 0 ], [ 0.0595, 0.4747, 0.6842, 0.7983, 0.8421, 0.9519, 1, 1, 1, 1, 1, 1, 1, 1, 1, 1, 1, 1, 0.9958, 0.5159, 0.0081, 0, 0, 0.1361, 0.2092, 0.1291, 0.2238, 0.2861, 0.0081, 0 ], [ 0.2029, 0.9426, 1, 1, 1, 1, 1, 1, 1, 1, 1, 1, 1, 1, 1, 1, 1, 1, 0.4775, 0, 0, 0, 0.2392, 0.9579, 1, 1, 1, 1, 0.6904, 0.2421 ], [ 0.0006, 0.2769, 0.7901, 0.9952, 1, 1, 1, 1, 1, 1, 1, 1, 1, 1, 1, 1, 1, 1, 0.9791, 0.2942, 0.2573, 0.6665, 0.9992, 1, 1, 1, 1, 1, 0.6253, 0.0366 ], [ 0, 0, 0.0115, 0.7884, 1, 1, 1, 1, 1, 1, 1, 1, 1, 1, 1, 1, 1, 1, 1, 1, 1, 1, 1, 1, 1, 1, 0.9789, 0.4198, 0.0003, 0 ], [ 0, 0, 0.1176, 0.9927, 1, 1, 1, 1, 1, 1, 1, 1, 1, 1, 1, 1, 1, 1, 1, 1, 1, 1, 0.9176, 0.9442, 1, 0.9411, 0.2351, 0, 0, 0 ], [ 0, 0, 0, 0.1352, 0.2904, 0.6871, 1, 1, 1, 1, 1, 1, 1, 1, 1, 1, 0.8619, 0.8606, 0.8654, 0.7967, 0.5481, 0.4139, 0.0101, 0.1026, 0.5554, 0.5758, 0.0042, 0, 0, 0 ], [ 0, 0, 0, 0, 0.025, 0.4322, 0.2548, 0.8491, 0.8247, 0.4483, 0.4293, 0.5745, 0.9974, 1, 1, 0.9743, 0.0356, 0, 0, 0, 0, 0, 0, 0, 0, 0, 0, 0, 0, 0 ], [ 0, 0, 0, 0, 0, 0, 0, 0.0388, 0.0004, 0, 0, 0.0324, 0.3444, 0.3679, 0.7428, 0.2967, 0, 0, 0, 0, 0, 0, 0, 0, 0, 0, 0, 0, 0, 0 ] ], "xmin": 25.708333333333329, "xmax": 26.958333333333329, "ymin": 56.583333333333321, "ymax": 57.125 }, "geometry": { "type": "MultiPolygon", "coordinates": [ [ [ [ 25.933459500000026, 56.64078949900005 ], [ 25.932654201000048, 56.652029147000064 ], [ 25.913245747000076, 56.655924946000027 ], [ 25.911310458000059, 56.665215722000028 ], [ 25.930000809000035, 56.667181422000056 ], [ 25.946882870000024, 56.681762923000065 ], [ 25.935203579000074, 56.688649206000036 ], [ 25.925748866000049, 56.689082775000031 ], [ 25.923475664000023, 56.693766909000033 ], [ 25.912934461000077, 56.697877532000064 ], [ 25.887302201000068, 56.694185254000047 ], [ 25.874048683000069, 56.698902759000077 ], [ 25.857571197000027, 56.700238054000067 ], [ 25.840475197000046, 56.707043294000073 ], [ 25.830952152000066, 56.714861341000073 ], [ 25.83230869700003, 56.732203682000033 ], [ 25.821234569000069, 56.740329576000079 ], [ 25.818826928000078, 56.745544843000062 ], [ 25.850196620000077, 56.766261850000035 ], [ 25.837420741000074, 56.792861820000041 ], [ 25.821994078000046, 56.79852390800005 ], [ 25.805796419000046, 56.797732266000082 ], [ 25.799882230000037, 56.80692605400003 ], [ 25.768951964000053, 56.822676759000046 ], [ 25.765337009000064, 56.828726485000061 ], [ 25.74852, 56.824627999000029 ], [ 25.757741140000064, 56.835839804000045 ], [ 25.760033775000068, 56.843135475000054 ], [ 25.737486274000048, 56.851215597000078 ], [ 25.732027104000053, 56.859834085000045 ], [ 25.743607703000066, 56.867272245000038 ], [ 25.729699621000066, 56.875129430000072 ], [ 25.737520541000038, 56.880121661000032 ], [ 25.756385989000023, 56.884674533000066 ], [ 25.758777823000059, 56.889603947000069 ], [ 25.757092083000032, 56.896285376000037 ], [ 25.787652242000036, 56.89767768300004 ], [ 25.796781073000034, 56.904033354000035 ], [ 25.808175860000063, 56.901362088000042 ], [ 25.816901667000025, 56.903743563000035 ], [ 25.827280059000032, 56.90070597600004 ], [ 25.824534841000059, 56.90772221800006 ], [ 25.839629350000052, 56.908588616000031 ], [ 25.847951765000062, 56.912363352000057 ], [ 25.864938383000037, 56.905607281000073 ], [ 25.875598825000054, 56.904582361000053 ], [ 25.903885658000036, 56.913310244000058 ], [ 25.932461370000055, 56.911337009000079 ], [ 25.943845703000079, 56.931570334000071 ], [ 25.930187079000063, 56.937243096000032 ], [ 25.927251592000061, 56.933625704000065 ], [ 25.921918816000073, 56.933649915000046 ], [ 25.916280311000037, 56.941543954000053 ], [ 25.905587773000036, 56.945984585000076 ], [ 25.888821, 56.961981999000045 ], [ 25.92519874900006, 56.97342756900008 ], [ 25.924751379000043, 56.984159215000034 ], [ 25.919640168000058, 56.993829131000041 ], [ 25.923874157000057, 56.995805553000082 ], [ 25.925844397000049, 57.001285092000046 ], [ 25.903104069000051, 57.00913754100003 ], [ 25.88980235300005, 57.00702984600008 ], [ 25.885602980000044, 57.010042411000029 ], [ 25.889851295000028, 57.018975029000046 ], [ 25.887921732000052, 57.029695245000028 ], [ 25.89369840300003, 57.03628754500005 ], [ 25.895844726000064, 57.050930467000057 ], [ 25.904482202000054, 57.060667177000028 ], [ 25.910254040000041, 57.076403792000065 ], [ 25.91996217600007, 57.090091604000065 ], [ 25.921547, 57.098238999000046 ], [ 25.952899156000058, 57.101169187000039 ], [ 25.984489508000024, 57.091090156000064 ], [ 26.001034909000055, 57.081709738000029 ], [ 26.017643770000063, 57.081655918000081 ], [ 26.028033089000076, 57.077899337000076 ], [ 26.048532164000051, 57.079127937000067 ], [ 26.046722236000051, 57.08728125600004 ], [ 26.064597942000034, 57.094281070000079 ], [ 26.109235, 57.078849999000056 ], [ 26.114874111000063, 57.075947707000068 ], [ 26.125363973000049, 57.07662749900004 ], [ 26.13953630900005, 57.081794827000067 ], [ 26.171562719000065, 57.085124619000055 ], [ 26.189168500000051, 57.079838499000061 ], [ 26.183717193000064, 57.073978081000064 ], [ 26.187033302000032, 57.062484424000047 ], [ 26.184893814000077, 57.043434597000044 ], [ 26.176205423000056, 57.032149592000053 ], [ 26.178876268000067, 57.017995560000031 ], [ 26.173968774000059, 57.006175886000051 ], [ 26.178432043000043, 56.998737560000052 ], [ 26.177616436000051, 56.990994886000067 ], [ 26.184126912000067, 56.974917466000079 ], [ 26.170728074000067, 56.969422447000056 ], [ 26.160149556000079, 56.957575487000042 ], [ 26.164873949000025, 56.955890745000033 ], [ 26.182484829000032, 56.964425477000077 ], [ 26.19825208900005, 56.964966123000067 ], [ 26.199391135000042, 56.961847345000081 ], [ 26.194726463000052, 56.955916591000062 ], [ 26.204765494000071, 56.952452025000071 ], [ 26.206534503000057, 56.945291604000033 ], [ 26.214577827000028, 56.946448634000035 ], [ 26.220394900000031, 56.943336219000059 ], [ 26.219644924000079, 56.927552242000047 ], [ 26.221649487000036, 56.924978950000082 ], [ 26.245682303000024, 56.930875834000062 ], [ 26.264549059000046, 56.929162588000054 ], [ 26.283084830000064, 56.93920243000008 ], [ 26.317347786000028, 56.933963453000047 ], [ 26.335455988000035, 56.927937166000049 ], [ 26.355609118000075, 56.930320223000081 ], [ 26.355301827000062, 56.934539906000055 ], [ 26.348081101000048, 56.942192674000069 ], [ 26.348190515000056, 56.946782993000056 ], [ 26.368405664000079, 56.95246535800004 ], [ 26.382219409000072, 56.952523622000058 ], [ 26.394640373000072, 56.968360885000038 ], [ 26.396698959000048, 56.977841213000033 ], [ 26.403986174000067, 56.984160561000067 ], [ 26.37960726600005, 56.993732228000056 ], [ 26.373876865000057, 56.998545572000069 ], [ 26.374041175000059, 57.009927150000067 ], [ 26.368647342000031, 57.019161055000041 ], [ 26.376591838000024, 57.031090494000068 ], [ 26.370922500000063, 57.04253249900006 ], [ 26.380465627000035, 57.04592530900004 ], [ 26.410103141000036, 57.048958820000053 ], [ 26.442885641000032, 57.063251741000045 ], [ 26.462911642000051, 57.062438494000048 ], [ 26.478885643000069, 57.053599114000065 ], [ 26.490715160000036, 57.054860381000083 ], [ 26.497239147000073, 57.054883472000029 ], [ 26.500633005000054, 57.047433445000081 ], [ 26.513597517000051, 57.043912754000075 ], [ 26.545069485000056, 57.021569979000049 ], [ 26.547419241000057, 57.010246478000056 ], [ 26.545737917000054, 57.003840697000044 ], [ 26.555116119000047, 56.983224274000065 ], [ 26.561780332000069, 56.977863514000035 ], [ 26.560079811000037, 56.973154796000074 ], [ 26.564057570000045, 56.964784803000043 ], [ 26.569316, 56.959598499000037 ], [ 26.557134094000048, 56.939279894000038 ], [ 26.566762856000025, 56.935305707000055 ], [ 26.566201596000042, 56.931609369000057 ], [ 26.490715160000036, 56.870978085000047 ], [ 26.466068629000063, 56.85060018300004 ], [ 26.464784396000027, 56.848900796000066 ], [ 26.466998636000028, 56.84672684800006 ], [ 26.490715160000036, 56.831014976000063 ], [ 26.511664309000025, 56.826510906000067 ], [ 26.51156177200005, 56.820032292000064 ], [ 26.498740252000061, 56.809290462000035 ], [ 26.504348042000061, 56.803687910000065 ], [ 26.529570842000055, 56.79672127300006 ], [ 26.555269027000065, 56.806078488000082 ], [ 26.563508522000063, 56.80369214500007 ], [ 26.568308547000072, 56.796831158000032 ], [ 26.598793011000055, 56.812134910000054 ], [ 26.598169253000037, 56.820211642000061 ], [ 26.624184452000065, 56.831041364000043 ], [ 26.633736015000068, 56.839479528000027 ], [ 26.649850262000029, 56.843268640000076 ], [ 26.666575003000048, 56.854763401000071 ], [ 26.668977480000024, 56.865117161000057 ], [ 26.677248693000024, 56.875563473000057 ], [ 26.713564907000034, 56.891997457000059 ], [ 26.723209426000039, 56.888807605000068 ], [ 26.726890168000068, 56.880519889000027 ], [ 26.730546188000062, 56.878675701000077 ], [ 26.796307361000061, 56.881457164000039 ], [ 26.804128322000054, 56.885021534000032 ], [ 26.830434462000028, 56.885051623000038 ], [ 26.844981437000058, 56.889864138000064 ], [ 26.855000777000043, 56.888775902000077 ], [ 26.874966689000075, 56.881496647000063 ], [ 26.88358130000006, 56.868692467000074 ], [ 26.882822526000041, 56.859179764000032 ], [ 26.910522208000032, 56.859681495000075 ], [ 26.928509418000033, 56.852819040000043 ], [ 26.939701599000045, 56.842882136000071 ], [ 26.943583, 56.841453999000066 ], [ 26.93594809700005, 56.833959273000062 ], [ 26.925484, 56.830816499000036 ], [ 26.782010147000051, 56.716865161000044 ], [ 26.780691822000051, 56.713428308000061 ], [ 26.791092623000054, 56.708275284000081 ], [ 26.793976862000079, 56.70193673600005 ], [ 26.784157379000078, 56.696368290000066 ], [ 26.775785704000043, 56.684106414000041 ], [ 26.776181, 56.680190999000047 ], [ 26.766512, 56.676453499000047 ], [ 26.714663440000038, 56.688448028000039 ], [ 26.698773914000071, 56.695341036000059 ], [ 26.695977920000075, 56.69851585300006 ], [ 26.695280925000077, 56.713772018000043 ], [ 26.676899466000066, 56.71008121300008 ], [ 26.659988891000069, 56.714069629000051 ], [ 26.635380085000065, 56.711129847000052 ], [ 26.620229570000049, 56.69949020100006 ], [ 26.608572012000025, 56.696352863000072 ], [ 26.602562269000032, 56.685512290000077 ], [ 26.587262511000063, 56.683569535000061 ], [ 26.568581814000026, 56.688866359000031 ], [ 26.514346022000041, 56.67245504400006 ], [ 26.490715160000036, 56.672200024000063 ], [ 26.378511322000065, 56.672779695000031 ], [ 26.376265904000036, 56.670021338000026 ], [ 26.377915, 56.641455999000073 ], [ 26.366708600000038, 56.623806840000043 ], [ 26.360894415000075, 56.621016642000029 ], [ 26.355676653000046, 56.61157104800003 ], [ 26.34744531900003, 56.604799846000049 ], [ 26.285518467000031, 56.585747849000029 ], [ 26.282824516000062, 56.588958921000028 ], [ 26.284353036000027, 56.601325046000056 ], [ 26.278217835000078, 56.604403804000071 ], [ 26.28293956400006, 56.610487023000076 ], [ 26.272730925000076, 56.618883231000041 ], [ 26.265161748000025, 56.619053835000045 ], [ 26.250832251000077, 56.612376049000034 ], [ 26.241624891000072, 56.614319616000046 ], [ 26.218016331000058, 56.605846203000056 ], [ 26.204133612000078, 56.616696041000068 ], [ 26.199311149000039, 56.628238390000035 ], [ 26.210918977000063, 56.632993129000056 ], [ 26.195889844000078, 56.646868914000038 ], [ 26.18648844300003, 56.644276808000029 ], [ 26.165717575000031, 56.644933520000052 ], [ 26.158984243000077, 56.639929148000078 ], [ 26.134346048000054, 56.656526926000026 ], [ 26.074541020000026, 56.639605710000069 ], [ 26.064552810000066, 56.630975026000044 ], [ 26.046682539000074, 56.625856554000052 ], [ 26.025254830000051, 56.619485276000034 ], [ 26.016233740000075, 56.627618570000038 ], [ 26.019994786000041, 56.634296610000035 ], [ 26.018618450000076, 56.637322959000073 ], [ 25.99353956300007, 56.642580157000054 ], [ 25.981376556000043, 56.66453186800004 ], [ 25.959489538000071, 56.658573993000061 ], [ 25.954955117000054, 56.647929528000077 ], [ 25.933459500000026, 56.64078949900005 ] ] ] ] } },
{ "type": "Feature", "properties": { "GISCO_ID": "LV_0700800", "CNTR_CODE": "LV", "LAU_ID": "0700800", "LAU_NAME": "Cesvaines novads", "cell_coverage": [ [ 0, 0.0755, 0.1119, 0.0149, 0.065, 0, 0 ], [ 0, 0.5336, 1, 0.9848, 0.9437, 0.3381, 0 ], [ 0, 0.74, 1, 1, 1, 0.9495, 0.0026 ], [ 0.011, 0.6898, 1, 1, 1, 0.9988, 0.3936 ], [ 0.0063, 0.0472, 0.6062, 0.5946, 0.5803, 0.4126, 0.0318 ] ], "xmin": 26.125, "xmax": 26.416666666666668, "ymin": 56.91666666666665, "ymax": 57.125 }, "geometry": { "type": "MultiPolygon", "coordinates": [ [ [ [ 26.189168500000051, 57.079838499000061 ], [ 26.19180745400007, 57.090073098000062 ], [ 26.196104916000024, 57.091604853000035 ], [ 26.269499106000069, 57.083588916000053 ], [ 26.28291917100006, 57.081252777000032 ], [ 26.295360717000051, 57.082605023000042 ], [ 26.318858907000049, 57.093174024000064 ], [ 26.319376218000059, 57.085716751000064 ], [ 26.328749850000065, 57.072751480000079 ], [ 26.346423080000079, 57.064715806000038 ], [ 26.350080388000038, 57.057583229000045 ], [ 26.370922500000063, 57.04253249900006 ], [ 26.376591838000024, 57.031090494000068 ], [ 26.368647342000031, 57.019161055000041 ], [ 26.374041175000059, 57.009927150000067 ], [ 26.373876865000057, 56.998545572000069 ], [ 26.37960726600005, 56.993732228000056 ], [ 26.403986174000067, 56.984160561000067 ], [ 26.396698959000048, 56.977841213000033 ], [ 26.394640373000072, 56.968360885000038 ], [ 26.382219409000072, 56.952523622000058 ], [ 26.368405664000079, 56.95246535800004 ], [ 26.348190515000056, 56.946782993000056 ], [ 26.348081101000048, 56.942192674000069 ], [ 26.355301827000062, 56.934539906000055 ], [ 26.355609118000075, 56.930320223000081 ], [ 26.335455988000035, 56.927937166000049 ], [ 26.317347786000028, 56.933963453000047 ], [ 26.283084830000064, 56.93920243000008 ], [ 26.264549059000046, 56.929162588000054 ], [ 26.245682303000024, 56.930875834000062 ], [ 26.221649487000036, 56.924978950000082 ], [ 26.219644924000079, 56.927552242000047 ], [ 26.220394900000031, 56.943336219000059 ], [ 26.214577827000028, 56.946448634000035 ], [ 26.206534503000057, 56.945291604000033 ], [ 26.204765494000071, 56.952452025000071 ], [ 26.194726463000052, 56.955916591000062 ], [ 26.199391135000042, 56.961847345000081 ], [ 26.19825208900005, 56.964966123000067 ], [ 26.182484829000032, 56.964425477000077 ], [ 26.164873949000025, 56.955890745000033 ], [ 26.160149556000079, 56.957575487000042 ], [ 26.170728074000067, 56.969422447000056 ], [ 26.184126912000067, 56.974917466000079 ], [ 26.177616436000051, 56.990994886000067 ], [ 26.178432043000043, 56.998737560000052 ], [ 26.173968774000059, 57.006175886000051 ], [ 26.178876268000067, 57.017995560000031 ], [ 26.176205423000056, 57.032149592000053 ], [ 26.184893814000077, 57.043434597000044 ], [ 26.187033302000032, 57.062484424000047 ], [ 26.183717193000064, 57.073978081000064 ], [ 26.189168500000051, 57.079838499000061 ] ] ] ] } },
{ "type": "Feature", "properties": { "GISCO_ID": "LV_0701400", "CNTR_CODE": "LV", "LAU_ID": "0701400", "LAU_NAME": "Lubānas novads", "cell_coverage": [ [ 0, 0, 0.0003, 0.0202, 0.2254, 0.3407, 0.5894, 0.8401, 0.6369, 0.561, 0.4732, 0.0098, 0 ], [ 0, 0, 0.4329, 0.9031, 1, 1, 1, 1, 1, 1, 0.8941, 0.2391, 0.0118 ], [ 0.0042, 0.4841, 0.9919, 1, 1, 0.8639, 0.7908, 0.8709, 0.7762, 0.7139, 0.9919, 1, 0.2629 ], [ 0.5225, 1, 1, 1, 0.7608, 0.0421, 0, 0, 0, 0, 0.3096, 0.6395, 0.3363 ], [ 0.0209, 0.7058, 0.7427, 0.3335, 0.0008, 0, 0, 0, 0, 0, 0, 0, 0 ] ], "xmin": 26.458333333333329, "xmax": 26.999999999999996, "ymin": 56.79166666666665, "ymax": 56.999999999999986 }, "geometry": { "type": "MultiPolygon", "coordinates": [ [ [ [ 26.943583, 56.841453999000066 ], [ 26.939701599000045, 56.842882136000071 ], [ 26.928509418000033, 56.852819040000043 ], [ 26.910522208000032, 56.859681495000075 ], [ 26.882822526000041, 56.859179764000032 ], [ 26.88358130000006, 56.868692467000074 ], [ 26.874966689000075, 56.881496647000063 ], [ 26.855000777000043, 56.888775902000077 ], [ 26.844981437000058, 56.889864138000064 ], [ 26.830434462000028, 56.885051623000038 ], [ 26.804128322000054, 56.885021534000032 ], [ 26.796307361000061, 56.881457164000039 ], [ 26.730546188000062, 56.878675701000077 ], [ 26.726890168000068, 56.880519889000027 ], [ 26.723209426000039, 56.888807605000068 ], [ 26.713564907000034, 56.891997457000059 ], [ 26.677248693000024, 56.875563473000057 ], [ 26.668977480000024, 56.865117161000057 ], [ 26.666575003000048, 56.854763401000071 ], [ 26.649850262000029, 56.843268640000076 ], [ 26.633736015000068, 56.839479528000027 ], [ 26.624184452000065, 56.831041364000043 ], [ 26.598169253000037, 56.820211642000061 ], [ 26.598793011000055, 56.812134910000054 ], [ 26.568308547000072, 56.796831158000032 ], [ 26.563508522000063, 56.80369214500007 ], [ 26.555269027000065, 56.806078488000082 ], [ 26.529570842000055, 56.79672127300006 ], [ 26.504348042000061, 56.803687910000065 ], [ 26.498740252000061, 56.809290462000035 ], [ 26.51156177200005, 56.820032292000064 ], [ 26.511664309000025, 56.826510906000067 ], [ 26.490715160000036, 56.831014976000063 ], [ 26.466998636000028, 56.84672684800006 ], [ 26.464784396000027, 56.848900796000066 ], [ 26.466068629000063, 56.85060018300004 ], [ 26.490715160000036, 56.870978085000047 ], [ 26.566201596000042, 56.931609369000057 ], [ 26.566762856000025, 56.935305707000055 ], [ 26.557134094000048, 56.939279894000038 ], [ 26.569316, 56.959598499000037 ], [ 26.568863887000077, 56.947078765000072 ], [ 26.581314863000046, 56.944460339000045 ], [ 26.608939935000024, 56.958079436000048 ], [ 26.642745991000027, 56.968311765000067 ], [ 26.683553282000048, 56.971620406000056 ], [ 26.691996866000068, 56.97693457500003 ], [ 26.699094698000067, 56.972561645000042 ], [ 26.708966512000075, 56.971667632000049 ], [ 26.728017355000077, 56.981067564000057 ], [ 26.737216956000054, 56.989828129000045 ], [ 26.755530184000065, 56.99411225700004 ], [ 26.770260609000047, 56.992816202000029 ], [ 26.780194461000065, 56.996292684000082 ], [ 26.792772390000039, 56.98699722200007 ], [ 26.813516614000036, 56.984120085000029 ], [ 26.863333500000067, 56.983567999000059 ], [ 26.863541102000056, 56.97907176700005 ], [ 26.867389873000036, 56.975361098000064 ], [ 26.89692470500006, 56.98036918400004 ], [ 26.918435870000053, 56.974217220000071 ], [ 26.917191574000071, 56.959917335000057 ], [ 26.902861617000042, 56.937960487000055 ], [ 26.932277180000028, 56.926228755000068 ], [ 26.952444281000055, 56.924680357000057 ], [ 26.96226381300005, 56.920630444000039 ], [ 26.969934459000058, 56.886596104000034 ], [ 26.977137930000026, 56.878847700000051 ], [ 26.987224500000025, 56.874974499000075 ], [ 26.990371245000063, 56.867822362000027 ], [ 26.985125767000056, 56.861210894000067 ], [ 26.943583, 56.841453999000066 ] ] ] ] } },
{ "type": "Feature", "properties": { "GISCO_ID": "LV_0701800", "CNTR_CODE": "LV", "LAU_ID": "0701800", "LAU_NAME": "Varakļānu novads", "cell_coverage": [ [ 0, 0, 0, 0, 0, 0, 0.0824, 0.0558, 0, 0 ], [ 0.1381, 0.1394, 0.1346, 0.2033, 0.4519, 0.5861, 0.9899, 0.8974, 0.4446, 0.1353 ], [ 0.7029, 0.9963, 1, 1, 1, 1, 1, 1, 1, 0.6765 ], [ 0, 0.1372, 0.4977, 0.6444, 0.6936, 0.9373, 1, 1, 0.887, 0.4495 ], [ 0, 0, 0, 0, 0.026, 0.7595, 0.9933, 0.9391, 0.7003, 0 ], [ 0, 0, 0, 0, 0, 0.0038, 0.0094, 0, 0.0457, 0 ] ], "xmin": 26.375, "xmax": 26.791666666666668, "ymin": 56.5, "ymax": 56.75 }, "geometry": { "type": "MultiPolygon", "coordinates": [ [ [ [ 26.743159, 56.560521999000059 ], [ 26.743650784000067, 56.544818473000078 ], [ 26.734878870000045, 56.535194010000055 ], [ 26.72698749500006, 56.535781458000031 ], [ 26.723082486000067, 56.541710827000031 ], [ 26.712019885000075, 56.545761891000041 ], [ 26.624916, 56.540223999000034 ], [ 26.617885009000076, 56.541304577000062 ], [ 26.607069441000078, 56.556937342000026 ], [ 26.587288904000047, 56.547361079000041 ], [ 26.581972652000047, 56.549647570000047 ], [ 26.582869802000062, 56.553399117000026 ], [ 26.577403392000065, 56.560106567000048 ], [ 26.593029595000075, 56.577748115000077 ], [ 26.590934469000047, 56.586816492000082 ], [ 26.595282896000072, 56.592360156000041 ], [ 26.593336715000078, 56.594580756000028 ], [ 26.490715160000036, 56.599631524000074 ], [ 26.404322409000031, 56.631790113000079 ], [ 26.390917713000078, 56.640502251000044 ], [ 26.377915, 56.641455999000073 ], [ 26.376265904000036, 56.670021338000026 ], [ 26.378511322000065, 56.672779695000031 ], [ 26.490715160000036, 56.672200024000063 ], [ 26.514346022000041, 56.67245504400006 ], [ 26.568581814000026, 56.688866359000031 ], [ 26.587262511000063, 56.683569535000061 ], [ 26.602562269000032, 56.685512290000077 ], [ 26.608572012000025, 56.696352863000072 ], [ 26.620229570000049, 56.69949020100006 ], [ 26.635380085000065, 56.711129847000052 ], [ 26.659988891000069, 56.714069629000051 ], [ 26.676899466000066, 56.71008121300008 ], [ 26.695280925000077, 56.713772018000043 ], [ 26.695977920000075, 56.69851585300006 ], [ 26.698773914000071, 56.695341036000059 ], [ 26.714663440000038, 56.688448028000039 ], [ 26.766512, 56.676453499000047 ], [ 26.776820360000045, 56.664653153000074 ], [ 26.778057404000037, 56.654087781000044 ], [ 26.786812402000066, 56.647780325000042 ], [ 26.773497459000055, 56.635135772000069 ], [ 26.775827755000023, 56.620794296000042 ], [ 26.789432564000037, 56.609262896000075 ], [ 26.763917837000065, 56.598472866000066 ], [ 26.74255604800004, 56.59646409000004 ], [ 26.733984259000067, 56.591572903000042 ], [ 26.733215553000036, 56.584416720000036 ], [ 26.725162527000066, 56.576151128000049 ], [ 26.745153736000077, 56.563926089000063 ], [ 26.743159, 56.560521999000059 ] ] ] ] } },
{ "type": "Feature", "properties": { "GISCO_ID": "LV_0705500", "CNTR_CODE": "LV", "LAU_ID": "0705500", "LAU_NAME": "Ērgļu novads", "cell_coverage": [ [ 0.1064, 0.6615, 0.538, 0.6122, 0.3088, 0.4783, 0.9351, 0.5546, 0.5954, 0.0931, 0.0206, 0 ], [ 0, 0.3362, 1, 1, 1, 1, 1, 1, 1, 1, 0.8604, 0.2499 ], [ 0, 0.4138, 1, 1, 1, 1, 0.9405, 0.5253, 0.3158, 0.2017, 0.1579, 0.0481 ], [ 0.1418, 0.8644, 1, 1, 1, 1, 0.7971, 0.0574, 0, 0, 0, 0 ], [ 0, 0.489, 0.6867, 0.6429, 0.9299, 1, 0.8852, 0.0139, 0, 0, 0, 0 ], [ 0, 0, 0, 0, 0.041, 0.4404, 0.2803, 0, 0, 0, 0, 0 ] ], "xmin": 25.458333333333329, "xmax": 25.958333333333329, "ymin": 56.75, "ymax": 56.999999999999986 }, "geometry": { "type": "MultiPolygon", "coordinates": [ [ [ [ 25.74852, 56.824627999000029 ], [ 25.740071440000065, 56.819745610000041 ], [ 25.75221941500007, 56.808413661000031 ], [ 25.733924866000052, 56.792328776000033 ], [ 25.737362087000065, 56.777780748000055 ], [ 25.704911830000071, 56.769596248000028 ], [ 25.69398, 56.769340499000066 ], [ 25.682158389000051, 56.770647190000034 ], [ 25.673452174000033, 56.77530319400006 ], [ 25.672117745000037, 56.778449610000052 ], [ 25.675036298000066, 56.78491045800007 ], [ 25.672738765000076, 56.787353316000065 ], [ 25.649987250000038, 56.787968318000082 ], [ 25.645875964000027, 56.792804861000036 ], [ 25.619841165000025, 56.804432045000055 ], [ 25.589505668000072, 56.80889776600003 ], [ 25.573975133000033, 56.807877015000031 ], [ 25.55111289000007, 56.800819829000034 ], [ 25.521376060000023, 56.80945095800007 ], [ 25.516021114000068, 56.814042879000056 ], [ 25.50603250000006, 56.815155999000069 ], [ 25.506587941000078, 56.827302085000042 ], [ 25.502417960000059, 56.836021153000047 ], [ 25.505604302000052, 56.843064361000074 ], [ 25.488863886000047, 56.84964750000006 ], [ 25.486262235000027, 56.863149626000052 ], [ 25.502122021000048, 56.868827715000066 ], [ 25.51870602300005, 56.868409511000038 ], [ 25.541678775000037, 56.875247097000056 ], [ 25.532058652000046, 56.886961505000045 ], [ 25.516624135000029, 56.891038595000055 ], [ 25.512587646000043, 56.894854717000044 ], [ 25.515811482000061, 56.905357155000047 ], [ 25.535752277000029, 56.919120243000066 ], [ 25.536675599000034, 56.929953794000028 ], [ 25.522085034000042, 56.942065016000072 ], [ 25.518989085000044, 56.954571592000036 ], [ 25.513049334000073, 56.960260192000078 ], [ 25.517019556000037, 56.970537616000058 ], [ 25.511551066000038, 56.979242371000055 ], [ 25.485302076000039, 56.983926670000073 ], [ 25.490848, 56.997521499000072 ], [ 25.506808274000036, 56.998811598000032 ], [ 25.524229266000077, 56.991105916000038 ], [ 25.534673921000035, 56.990681402000064 ], [ 25.560824658000058, 56.978100881000046 ], [ 25.603718909000065, 56.98184989400005 ], [ 25.638691333000054, 56.997472375000029 ], [ 25.639144414000043, 56.991923106000058 ], [ 25.631019237000032, 56.987437667000052 ], [ 25.635433124000031, 56.980801202000066 ], [ 25.628302465000047, 56.971743832000072 ], [ 25.633596631000046, 56.961986124000077 ], [ 25.662595758000066, 56.968746724000027 ], [ 25.701999744000034, 56.982942158000071 ], [ 25.712080541000034, 56.997944275000066 ], [ 25.716505839000035, 56.999996712000041 ], [ 25.743793562000064, 56.996548433000044 ], [ 25.756670357000075, 56.982252179000056 ], [ 25.776102894000076, 56.976738527000066 ], [ 25.790050109000049, 56.98614092400004 ], [ 25.808107645000064, 56.988694287000044 ], [ 25.820174173000055, 56.98232818200006 ], [ 25.828279936000058, 56.97293998400005 ], [ 25.840979018000041, 56.968328609000082 ], [ 25.848045848000027, 56.959660663000079 ], [ 25.879045413000028, 56.959564638000074 ], [ 25.888821, 56.961981999000045 ], [ 25.905587773000036, 56.945984585000076 ], [ 25.916280311000037, 56.941543954000053 ], [ 25.921918816000073, 56.933649915000046 ], [ 25.927251592000061, 56.933625704000065 ], [ 25.930187079000063, 56.937243096000032 ], [ 25.943845703000079, 56.931570334000071 ], [ 25.932461370000055, 56.911337009000079 ], [ 25.903885658000036, 56.913310244000058 ], [ 25.875598825000054, 56.904582361000053 ], [ 25.864938383000037, 56.905607281000073 ], [ 25.847951765000062, 56.912363352000057 ], [ 25.839629350000052, 56.908588616000031 ], [ 25.824534841000059, 56.90772221800006 ], [ 25.827280059000032, 56.90070597600004 ], [ 25.816901667000025, 56.903743563000035 ], [ 25.808175860000063, 56.901362088000042 ], [ 25.796781073000034, 56.904033354000035 ], [ 25.787652242000036, 56.89767768300004 ], [ 25.757092083000032, 56.896285376000037 ], [ 25.758777823000059, 56.889603947000069 ], [ 25.756385989000023, 56.884674533000066 ], [ 25.737520541000038, 56.880121661000032 ], [ 25.729699621000066, 56.875129430000072 ], [ 25.743607703000066, 56.867272245000038 ], [ 25.732027104000053, 56.859834085000045 ], [ 25.737486274000048, 56.851215597000078 ], [ 25.760033775000068, 56.843135475000054 ], [ 25.757741140000064, 56.835839804000045 ], [ 25.74852, 56.824627999000029 ] ] ], [ [ [ 25.478253506000044, 56.852901139000039 ], [ 25.483111392000069, 56.855123001000038 ], [ 25.486570264000079, 56.852605307000033 ], [ 25.483360898000058, 56.850262653000073 ], [ 25.478253506000044, 56.852901139000039 ] ] ] ] } },
{ "type": "Feature", "properties": { "GISCO_ID": "LV_0740202", "CNTR_CODE": "LV", "LAU_ID": "0740202", "LAU_NAME": "Ogres novads", "cell_coverage": [ [ 0, 0, 0, 0, 0, 0, 0, 0, 0, 0, 0, 0, 0, 0, 0, 0, 0, 0.0577, 0.458, 0.3206, 0, 0.1362, 0.7549, 0.1831, 0 ], [ 0, 0, 0, 0, 0, 0.0767, 0.4226, 0.3399, 0.2862, 0.5443, 0.4511, 0.5826, 0.5167, 0.6612, 0.69, 0.5426, 0.4219, 0.8578, 1, 0.9753, 0.4926, 0.8701, 1, 0.6638, 0 ], [ 0, 0, 0, 0, 0.4489, 0.9679, 1, 1, 1, 1, 1, 1, 1, 1, 1, 1, 1, 1, 1, 1, 1, 1, 1, 0.5862, 6.3984e-08 ], [ 0, 0, 0.0264, 0.3614, 0.3999, 0.9223, 0.9152, 0.9553, 0.9909, 1, 1, 1, 1, 1, 1, 1, 1, 1, 1, 1, 1, 1, 0.8582, 0.1356, 0 ], [ 0.1862, 0.6536, 0.865, 1, 1, 0.8565, 0.3584, 0.0306, 0.2096, 0.4857, 0.7486, 0.912, 0.9927, 1, 1, 1, 1, 1, 1, 1, 1, 1, 0.8431, 0.0692, 0 ], [ 0, 0.0424, 0.5747, 0.845, 0.8979, 0.3561, 0.0034, 0, 0, 0, 0, 0, 0.2994, 0.9613, 1, 1, 1, 0.9941, 0.8277, 0.8149, 0.6613, 0.3931, 0.0361, 0, 0 ], [ 0, 0, 0, 0, 0, 0, 0, 0, 0, 0, 0, 0, 0, 0.3019, 0.7926, 0.9922, 0.9959, 0.6765, 0.0124, 0, 0, 0, 0, 0, 0 ], [ 0, 0, 0, 0, 0, 0, 0, 0, 0, 0, 0, 0, 0, 0, 0.017, 0.1147, 0.1387, 0.2601, 0, 0, 0, 0, 0, 0, 0 ] ], "xmin": 24.541666666666664, "xmax": 25.583333333333332, "ymin": 56.66666666666665, "ymax": 56.999999999999986 }, "geometry": { "type": "MultiPolygon", "coordinates": [ [ [ [ 24.933704500000033, 56.807920499000033 ], [ 24.936737433000076, 56.810488151000072 ], [ 24.915815565000059, 56.817005538000046 ], [ 24.909951030000059, 56.822150039000064 ], [ 24.897299068000052, 56.821864245000029 ], [ 24.881796516000065, 56.82877058300005 ], [ 24.880696103000048, 56.83605639600006 ], [ 24.875467694000065, 56.835972659000049 ], [ 24.867118539000046, 56.828669040000079 ], [ 24.841134096000076, 56.83562424400003 ], [ 24.841081202000055, 56.839993271000083 ], [ 24.832713758000068, 56.843633480000051 ], [ 24.821204192000039, 56.844825546000038 ], [ 24.811862449000046, 56.804995194000071 ], [ 24.801886893000074, 56.804500095000037 ], [ 24.794635859000039, 56.812307283000052 ], [ 24.786268320000033, 56.812841926000033 ], [ 24.778490084000055, 56.806122969000057 ], [ 24.779826917000037, 56.795111127000041 ], [ 24.766563035000047, 56.786475360000054 ], [ 24.769388727000035, 56.784824517000061 ], [ 24.788324608000039, 56.788518261000036 ], [ 24.793920915000058, 56.787639462000072 ], [ 24.793883103000042, 56.785478710000064 ], [ 24.774154759000055, 56.780484440000066 ], [ 24.770793402000038, 56.774314609000044 ], [ 24.760971444000063, 56.771737311000038 ], [ 24.754790498000034, 56.765447222000034 ], [ 24.760560028000043, 56.761994720000075 ], [ 24.75301513900007, 56.756291019000059 ], [ 24.744977275000053, 56.758031864000031 ], [ 24.730641897000055, 56.75270643500005 ], [ 24.710183075000032, 56.752930350000042 ], [ 24.697468704000073, 56.750502128000051 ], [ 24.674487198000065, 56.762556388000064 ], [ 24.63488391900006, 56.767860641000027 ], [ 24.63041602900006, 56.771401711000067 ], [ 24.62693974900003, 56.780531383000039 ], [ 24.615869683000028, 56.787232058000029 ], [ 24.607105541000067, 56.798112164000031 ], [ 24.568853132000072, 56.814867839000044 ], [ 24.560727500000041, 56.816034999000067 ], [ 24.562341200000049, 56.823354196000082 ], [ 24.571469977000049, 56.831081200000028 ], [ 24.576089170000046, 56.831092105000039 ], [ 24.573226566000073, 56.825068980000083 ], [ 24.576466331000063, 56.823470974000031 ], [ 24.588107938000064, 56.83074866000004 ], [ 24.599334514000077, 56.825179057000071 ], [ 24.60892784300006, 56.825842867000063 ], [ 24.620645442000068, 56.822222684000053 ], [ 24.626641710000058, 56.825074912000048 ], [ 24.638281655000071, 56.820528044000071 ], [ 24.644336342000031, 56.823424876000047 ], [ 24.64745517800003, 56.830361007000079 ], [ 24.691665646000047, 56.852927616000045 ], [ 24.698531149000075, 56.852693101000057 ], [ 24.710183075000032, 56.846305893000078 ], [ 24.725871289000054, 56.843187159000081 ], [ 24.729421329000047, 56.848582074000035 ], [ 24.744209942000055, 56.856706330000065 ], [ 24.766650623000032, 56.859967979000032 ], [ 24.764917645000025, 56.864208554000072 ], [ 24.730715772000053, 56.878909511000074 ], [ 24.728166706000025, 56.888199920000034 ], [ 24.720156886000041, 56.890166504000035 ], [ 24.722013436000054, 56.895235729000035 ], [ 24.729785580000055, 56.896954685000082 ], [ 24.730993, 56.900220999000055 ], [ 24.729514451000057, 56.911072838000052 ], [ 24.760857269000041, 56.913096112000062 ], [ 24.802324, 56.93319199900003 ], [ 24.81812190900007, 56.937223639000081 ], [ 24.892903917000069, 56.923953647000076 ], [ 24.902569048000032, 56.930818712000075 ], [ 24.922308152000028, 56.937754875000053 ], [ 24.939727017000052, 56.936560695000082 ], [ 24.954092597000056, 56.946132456000043 ], [ 24.976737861000061, 56.933888496000066 ], [ 24.991824431000055, 56.930791338000063 ], [ 25.012449278000076, 56.944814865000069 ], [ 25.053300700000023, 56.934405364000042 ], [ 25.08263746700004, 56.943566654000051 ], [ 25.112823849000051, 56.945380809000028 ], [ 25.12503139100005, 56.941704766000043 ], [ 25.14623, 56.949692999000035 ], [ 25.158200386000033, 56.943623052000078 ], [ 25.197831035000036, 56.937420317000033 ], [ 25.216903829000046, 56.937860030000081 ], [ 25.254756326000063, 56.927515683000081 ], [ 25.256874646000028, 56.932434431000047 ], [ 25.251314476000061, 56.939950686000032 ], [ 25.258684196000047, 56.947048984000048 ], [ 25.258318630000076, 56.952879689000042 ], [ 25.278243815000053, 56.957763384000032 ], [ 25.283051004000072, 56.966499533000047 ], [ 25.299915500000054, 56.971683811000048 ], [ 25.308473048000053, 56.980067272000042 ], [ 25.342445917000077, 56.980624062000061 ], [ 25.353703364000069, 56.975741366000079 ], [ 25.370047141000043, 56.956791700000053 ], [ 25.375694571000054, 56.941001450000044 ], [ 25.399938509000037, 56.934018408000043 ], [ 25.412556281000036, 56.93753464200006 ], [ 25.432242550000069, 56.950050370000042 ], [ 25.437824592000027, 56.959927382000046 ], [ 25.460640719000025, 56.969255460000056 ], [ 25.462328230000026, 56.973861914000054 ], [ 25.460026993000042, 56.977471512000079 ], [ 25.442324304000067, 56.985102141000027 ], [ 25.450518500000044, 56.99083149900008 ], [ 25.469090013000027, 56.986899391000065 ], [ 25.470159534000061, 56.995997403000047 ], [ 25.474858515000051, 56.997292856000058 ], [ 25.490848, 56.997521499000072 ], [ 25.485302076000039, 56.983926670000073 ], [ 25.511551066000038, 56.979242371000055 ], [ 25.517019556000037, 56.970537616000058 ], [ 25.513049334000073, 56.960260192000078 ], [ 25.518989085000044, 56.954571592000036 ], [ 25.522085034000042, 56.942065016000072 ], [ 25.536675599000034, 56.929953794000028 ], [ 25.535752277000029, 56.919120243000066 ], [ 25.515811482000061, 56.905357155000047 ], [ 25.512587646000043, 56.894854717000044 ], [ 25.516624135000029, 56.891038595000055 ], [ 25.532058652000046, 56.886961505000045 ], [ 25.541678775000037, 56.875247097000056 ], [ 25.51870602300005, 56.868409511000038 ], [ 25.502122021000048, 56.868827715000066 ], [ 25.486262235000027, 56.863149626000052 ], [ 25.488863886000047, 56.84964750000006 ], [ 25.505604302000052, 56.843064361000074 ], [ 25.502417960000059, 56.836021153000047 ], [ 25.506587941000078, 56.827302085000042 ], [ 25.50603250000006, 56.815155999000069 ], [ 25.454950601000064, 56.780059551000079 ], [ 25.433413589000054, 56.772878654000067 ], [ 25.412648993000062, 56.772101933000044 ], [ 25.390591851000067, 56.75909953300004 ], [ 25.356550565000077, 56.762706818000026 ], [ 25.354398882000055, 56.76108008600005 ], [ 25.359095704000026, 56.75568473800007 ], [ 25.354750230000036, 56.753309021000064 ], [ 25.305578207000053, 56.759375039000076 ], [ 25.252978101000053, 56.735494967000079 ], [ 25.254724883000051, 56.731172153000045 ], [ 25.279669153000043, 56.729855692000058 ], [ 25.292674834000024, 56.723434052000073 ], [ 25.294124875000023, 56.713955531000067 ], [ 25.2823, 56.695317999000054 ], [ 25.243316575000051, 56.697008161000042 ], [ 25.205721894000078, 56.711703967000062 ], [ 25.203091031000042, 56.710667153000031 ], [ 25.206042655000033, 56.705305507000048 ], [ 25.204187, 56.698698999000044 ], [ 25.171369666000032, 56.706851544000074 ], [ 25.15383444400004, 56.705931300000032 ], [ 25.151597535000064, 56.708098533000054 ], [ 25.155472648000057, 56.714391431000081 ], [ 25.144326547000048, 56.719798861000072 ], [ 25.139152082000066, 56.719964150000067 ], [ 25.133959153000035, 56.724437757000032 ], [ 25.125578273000031, 56.723922218000041 ], [ 25.119905309000046, 56.728884083000082 ], [ 25.106625189000056, 56.733310593000056 ], [ 25.105665428000066, 56.737760239000067 ], [ 25.096399, 56.735161499000071 ], [ 25.091955942000027, 56.740117682000061 ], [ 25.098528109000029, 56.746400964000031 ], [ 25.094638205000024, 56.75245844300008 ], [ 25.073137274000032, 56.765039567000031 ], [ 25.070046968000042, 56.777050337000048 ], [ 25.046279816000037, 56.793528292000076 ], [ 25.022957749000057, 56.797074934000079 ], [ 25.011287657000025, 56.793071311000062 ], [ 24.981896630000051, 56.803489612000078 ], [ 24.975687854000057, 56.799969099000066 ], [ 24.958047102000023, 56.808178290000058 ], [ 24.959798568000053, 56.814014943000075 ], [ 24.951819750000027, 56.816502817000071 ], [ 24.937179416000049, 56.807172475000073 ], [ 24.933704500000033, 56.807920499000033 ] ], [ [ 25.478253506000044, 56.852901139000039 ], [ 25.483360898000058, 56.850262653000073 ], [ 25.486570264000079, 56.852605307000033 ], [ 25.483111392000069, 56.855123001000038 ], [ 25.478253506000044, 56.852901139000039 ] ] ], [ [ [ 24.553686731000028, 56.818986675000076 ], [ 24.554753554000058, 56.823593438000046 ], [ 24.560328150000032, 56.82196551100003 ], [ 24.558758901000033, 56.819314647000056 ], [ 24.553686731000028, 56.818986675000076 ] ] ] ] } },
{ "type": "Feature", "properties": { "GISCO_ID": "LV_0740600", "CNTR_CODE": "LV", "LAU_ID": "0740600", "LAU_NAME": "Ikšķiles novads", "cell_coverage": [ [ 0.1852, 0.2718, 0.5365, 0.6167, 0.36, 0.4209, 0.511, 0.2743, 0 ], [ 0.2319, 0.981, 0.9894, 1, 1, 0.9736, 0.6386, 0.6001, 0.0777 ], [ 0, 0.2356, 0.5906, 0.2921, 0.1772, 0.135, 0, 0, 0 ] ], "xmin": 24.416666666666664, "xmax": 24.791666666666664, "ymin": 56.791666666666657, "ymax": 56.916666666666657 }, "geometry": { "type": "MultiPolygon", "coordinates": [ [ [ [ 24.52204050000006, 56.807074999000065 ], [ 24.505971683000041, 56.808161811000048 ], [ 24.477593154000033, 56.822248546000083 ], [ 24.471512167000071, 56.83274238100006 ], [ 24.442329, 56.842316999000047 ], [ 24.440068795000059, 56.854072840000072 ], [ 24.455401710000046, 56.865960847000053 ], [ 24.455807333000052, 56.869382099000063 ], [ 24.450756935000072, 56.877629398000067 ], [ 24.439534478000041, 56.882734050000067 ], [ 24.434121195000046, 56.892718930000058 ], [ 24.441142592000062, 56.894592601000056 ], [ 24.462931180000055, 56.89205989900006 ], [ 24.474547982000047, 56.886026060000063 ], [ 24.476001316000065, 56.88950697100006 ], [ 24.482549214000073, 56.88869722000004 ], [ 24.494119438000041, 56.881377192000059 ], [ 24.49541595200003, 56.87795995700003 ], [ 24.491468033000046, 56.875719219000075 ], [ 24.492867578000073, 56.873471227000039 ], [ 24.510237625000059, 56.873336936000044 ], [ 24.51624901200006, 56.878137601000049 ], [ 24.511761053000043, 56.881862990000059 ], [ 24.516590560000054, 56.886325869000075 ], [ 24.502071732000047, 56.892861717000073 ], [ 24.498558, 56.90260549900006 ], [ 24.511092761000043, 56.904313202000083 ], [ 24.516708053000059, 56.900318391000042 ], [ 24.526804791000075, 56.904004783000062 ], [ 24.539003471000058, 56.902007432000062 ], [ 24.563418270000057, 56.906361428000082 ], [ 24.577585935000059, 56.891341834000059 ], [ 24.608464340000069, 56.88917235100007 ], [ 24.710183075000032, 56.898336792000066 ], [ 24.730993, 56.900220999000055 ], [ 24.729785580000055, 56.896954685000082 ], [ 24.722013436000054, 56.895235729000035 ], [ 24.720156886000041, 56.890166504000035 ], [ 24.728166706000025, 56.888199920000034 ], [ 24.730715772000053, 56.878909511000074 ], [ 24.764917645000025, 56.864208554000072 ], [ 24.766650623000032, 56.859967979000032 ], [ 24.744209942000055, 56.856706330000065 ], [ 24.729421329000047, 56.848582074000035 ], [ 24.725871289000054, 56.843187159000081 ], [ 24.710183075000032, 56.846305893000078 ], [ 24.698531149000075, 56.852693101000057 ], [ 24.691665646000047, 56.852927616000045 ], [ 24.64745517800003, 56.830361007000079 ], [ 24.644336342000031, 56.823424876000047 ], [ 24.638281655000071, 56.820528044000071 ], [ 24.626641710000058, 56.825074912000048 ], [ 24.620645442000068, 56.822222684000053 ], [ 24.60892784300006, 56.825842867000063 ], [ 24.599334514000077, 56.825179057000071 ], [ 24.588107938000064, 56.83074866000004 ], [ 24.576466331000063, 56.823470974000031 ], [ 24.573226566000073, 56.825068980000083 ], [ 24.576089170000046, 56.831092105000039 ], [ 24.571469977000049, 56.831081200000028 ], [ 24.562341200000049, 56.823354196000082 ], [ 24.560727500000041, 56.816034999000067 ], [ 24.52204050000006, 56.807074999000065 ] ], [ [ 24.553686731000028, 56.818986675000076 ], [ 24.558758901000033, 56.819314647000056 ], [ 24.560328150000032, 56.82196551100003 ], [ 24.554753554000058, 56.823593438000046 ], [ 24.553686731000028, 56.818986675000076 ] ] ] ] } },
{ "type": "Feature", "properties": { "GISCO_ID": "LV_0741001", "CNTR_CODE": "LV", "LAU_ID": "0741001", "LAU_NAME": "Ķeguma novads", "cell_coverage": [ [ 0, 0, 0, 0, 0, 0, 0, 0.0848, 0.0447, 0.0091, 0, 0, 0, 0 ], [ 0.1451, 0.5217, 0.1692, 0, 0, 0, 0.1435, 0.6416, 0.9694, 0.7757, 0.1081, 0, 0, 0 ], [ 0.1052, 0.9996, 0.9576, 0.4253, 0.155, 0.1021, 0.6439, 0.9966, 0.768, 0.2377, 0, 0, 0, 0 ], [ 0.286, 0.9396, 0.9048, 0.9743, 1, 1, 0.8242, 0.4586, 0.1292, 0, 0, 0, 0, 0 ], [ 0, 0.0106, 0.1703, 0.7794, 1, 1, 1, 0.9903, 0.8181, 0.1084, 0, 0, 0, 0 ], [ 0, 0.018, 0.9306, 1, 1, 1, 1, 1, 1, 0.5909, 0.0747, 0, 0, 0 ], [ 0, 0, 0.2672, 0.5896, 0.8926, 1, 1, 1, 1, 1, 0.9709, 0.6596, 0.4001, 0.0911 ], [ 0, 0, 0, 0.1306, 0.7516, 0.933, 0.7404, 0.4476, 0.3261, 0.2063, 0.1004, 0.0073, 0, 0 ], [ 0, 0, 0, 4.0898e-07, 0.0054, 0, 0, 0, 0, 0, 0, 0, 0, 0 ] ], "xmin": 24.5, "xmax": 25.083333333333332, "ymin": 56.5, "ymax": 56.875 }, "geometry": { "type": "MultiPolygon", "coordinates": [ [ [ [ 24.528587500000071, 56.718041499000037 ], [ 24.526659411000026, 56.733234399000082 ], [ 24.532799312000066, 56.747097530000076 ], [ 24.530924, 56.756258999000067 ], [ 24.536238119000075, 56.758578127000078 ], [ 24.535922854000034, 56.764323585000056 ], [ 24.542520960000047, 56.76959250200008 ], [ 24.536693201000048, 56.777273379000064 ], [ 24.541279404000079, 56.791902824000033 ], [ 24.534161143000063, 56.797882561000051 ], [ 24.526480949000074, 56.797033388000045 ], [ 24.521566145000065, 56.799847098000043 ], [ 24.52204050000006, 56.807074999000065 ], [ 24.560727500000041, 56.816034999000067 ], [ 24.568853132000072, 56.814867839000044 ], [ 24.607105541000067, 56.798112164000031 ], [ 24.615869683000028, 56.787232058000029 ], [ 24.62693974900003, 56.780531383000039 ], [ 24.63041602900006, 56.771401711000067 ], [ 24.63488391900006, 56.767860641000027 ], [ 24.674487198000065, 56.762556388000064 ], [ 24.697468704000073, 56.750502128000051 ], [ 24.710183075000032, 56.752930350000042 ], [ 24.730641897000055, 56.75270643500005 ], [ 24.744977275000053, 56.758031864000031 ], [ 24.75301513900007, 56.756291019000059 ], [ 24.760560028000043, 56.761994720000075 ], [ 24.754790498000034, 56.765447222000034 ], [ 24.760971444000063, 56.771737311000038 ], [ 24.770793402000038, 56.774314609000044 ], [ 24.774154759000055, 56.780484440000066 ], [ 24.793883103000042, 56.785478710000064 ], [ 24.793920915000058, 56.787639462000072 ], [ 24.788324608000039, 56.788518261000036 ], [ 24.769388727000035, 56.784824517000061 ], [ 24.766563035000047, 56.786475360000054 ], [ 24.779826917000037, 56.795111127000041 ], [ 24.778490084000055, 56.806122969000057 ], [ 24.786268320000033, 56.812841926000033 ], [ 24.794635859000039, 56.812307283000052 ], [ 24.801886893000074, 56.804500095000037 ], [ 24.811862449000046, 56.804995194000071 ], [ 24.821204192000039, 56.844825546000038 ], [ 24.832713758000068, 56.843633480000051 ], [ 24.841081202000055, 56.839993271000083 ], [ 24.841134096000076, 56.83562424400003 ], [ 24.867118539000046, 56.828669040000079 ], [ 24.875467694000065, 56.835972659000049 ], [ 24.880696103000048, 56.83605639600006 ], [ 24.881796516000065, 56.82877058300005 ], [ 24.897299068000052, 56.821864245000029 ], [ 24.909951030000059, 56.822150039000064 ], [ 24.915815565000059, 56.817005538000046 ], [ 24.936737433000076, 56.810488151000072 ], [ 24.933704500000033, 56.807920499000033 ], [ 24.924349117000077, 56.807963511000082 ], [ 24.926776302000064, 56.804340147000062 ], [ 24.92325156000004, 56.800191620000078 ], [ 24.910075625000047, 56.793568968000045 ], [ 24.892800953000062, 56.778363758000069 ], [ 24.879235263000055, 56.77170079900003 ], [ 24.854246313000033, 56.766260296000041 ], [ 24.854124013000046, 56.754576034000081 ], [ 24.846269002000042, 56.74979008400004 ], [ 24.851626124000063, 56.74444100200003 ], [ 24.845750144000078, 56.737521355000069 ], [ 24.823387195000066, 56.728276987000072 ], [ 24.806525972000031, 56.73528411500007 ], [ 24.794043073000068, 56.732087954000065 ], [ 24.780065663000073, 56.733381304000034 ], [ 24.771632220000072, 56.728860741000062 ], [ 24.775242440000056, 56.717917960000079 ], [ 24.799607699000035, 56.710606537000047 ], [ 24.844677551000075, 56.704779189000078 ], [ 24.869871333000049, 56.695506799000043 ], [ 24.883830905000025, 56.683050647000073 ], [ 24.885332675000029, 56.676241038000057 ], [ 24.882666364000045, 56.664896899000041 ], [ 24.885326324000062, 56.656542953000042 ], [ 24.907527004000031, 56.638706926000054 ], [ 24.977065847000063, 56.611315420000039 ], [ 25.014195657000073, 56.604825972000071 ], [ 25.031302500000038, 56.60506299900004 ], [ 25.033964, 56.605683999000064 ], [ 25.036409500000048, 56.606561499000065 ], [ 25.040124500000047, 56.60774899900008 ], [ 25.043913, 56.609105999000064 ], [ 25.048501500000043, 56.610969999000076 ], [ 25.052979921000031, 56.598608366000065 ], [ 25.047096561000046, 56.592205460000059 ], [ 24.969762, 56.582957499000031 ], [ 24.905553860000055, 56.57538184100008 ], [ 24.899291191000032, 56.57726533400006 ], [ 24.873750168000072, 56.569846458000029 ], [ 24.832834209000055, 56.569624197000053 ], [ 24.773133120000068, 56.555118030000074 ], [ 24.760836226000038, 56.547097356000052 ], [ 24.746982751000075, 56.543476208000072 ], [ 24.72324565100007, 56.543683075000047 ], [ 24.710183075000032, 56.54774760600003 ], [ 24.695544114000029, 56.54933254000008 ], [ 24.681709718000036, 56.540864309000028 ], [ 24.666783165000027, 56.541283939000039 ], [ 24.661190059000035, 56.556659112000034 ], [ 24.64873110700006, 56.560947700000042 ], [ 24.664580312000055, 56.574478277000082 ], [ 24.686959635000051, 56.572922865000066 ], [ 24.697870633000036, 56.575787742000045 ], [ 24.69981497200007, 56.580187053000031 ], [ 24.694071758000064, 56.582629070000053 ], [ 24.691519309000057, 56.587363659000061 ], [ 24.677519227000062, 56.592190714000083 ], [ 24.669935934000023, 56.592460211000059 ], [ 24.667383180000058, 56.588788932000057 ], [ 24.660989962000031, 56.588491422000061 ], [ 24.660713717000078, 56.591226491000043 ], [ 24.667566955000041, 56.597714207000081 ], [ 24.664944499000057, 56.602499032000082 ], [ 24.645337267000059, 56.599924557000065 ], [ 24.617770387000064, 56.60341737400006 ], [ 24.599527825000052, 56.615788181000028 ], [ 24.588054883000041, 56.636409923000031 ], [ 24.582074766000062, 56.652679084000056 ], [ 24.579769659000078, 56.672225578000052 ], [ 24.638762856000028, 56.675943639000081 ], [ 24.633862744000055, 56.713328503000071 ], [ 24.532270980000078, 56.70980288800007 ], [ 24.528587500000071, 56.718041499000037 ] ] ] ] } },
{ "type": "Feature", "properties": { "GISCO_ID": "LV_0741401", "CNTR_CODE": "LV", "LAU_ID": "0741401", "LAU_NAME": "Lielvārdes novads", "cell_coverage": [ [ 0, 0, 0, 0.0147, 0.4062, 0.2514, 0.088, 0.0073, 0 ], [ 0, 0, 0.232, 0.7623, 1, 1, 1, 0.7006, 0.0387 ], [ 0.1758, 0.5414, 0.8708, 1, 1, 1, 0.97, 0.437, 0.1103 ], [ 0, 0.0097, 0.1819, 0.8916, 1, 1, 0.6976, 0.1312, 0 ], [ 0, 0, 0, 0.4091, 0.9253, 1, 0.4562, 0, 0 ], [ 0, 0, 0, 0, 0.0291, 0.3151, 0.3579, 0, 0 ] ], "xmin": 24.75, "xmax": 25.125, "ymin": 56.583333333333321, "ymax": 56.833333333333321 }, "geometry": { "type": "MultiPolygon", "coordinates": [ [ [ [ 25.031302500000038, 56.60506299900004 ], [ 25.014195657000073, 56.604825972000071 ], [ 24.977065847000063, 56.611315420000039 ], [ 24.907527004000031, 56.638706926000054 ], [ 24.885326324000062, 56.656542953000042 ], [ 24.882666364000045, 56.664896899000041 ], [ 24.885332675000029, 56.676241038000057 ], [ 24.883830905000025, 56.683050647000073 ], [ 24.869871333000049, 56.695506799000043 ], [ 24.844677551000075, 56.704779189000078 ], [ 24.799607699000035, 56.710606537000047 ], [ 24.775242440000056, 56.717917960000079 ], [ 24.771632220000072, 56.728860741000062 ], [ 24.780065663000073, 56.733381304000034 ], [ 24.794043073000068, 56.732087954000065 ], [ 24.806525972000031, 56.73528411500007 ], [ 24.823387195000066, 56.728276987000072 ], [ 24.845750144000078, 56.737521355000069 ], [ 24.851626124000063, 56.74444100200003 ], [ 24.846269002000042, 56.74979008400004 ], [ 24.854124013000046, 56.754576034000081 ], [ 24.854246313000033, 56.766260296000041 ], [ 24.879235263000055, 56.77170079900003 ], [ 24.892800953000062, 56.778363758000069 ], [ 24.910075625000047, 56.793568968000045 ], [ 24.92325156000004, 56.800191620000078 ], [ 24.926776302000064, 56.804340147000062 ], [ 24.924349117000077, 56.807963511000082 ], [ 24.933704500000033, 56.807920499000033 ], [ 24.937179416000049, 56.807172475000073 ], [ 24.951819750000027, 56.816502817000071 ], [ 24.959798568000053, 56.814014943000075 ], [ 24.958047102000023, 56.808178290000058 ], [ 24.975687854000057, 56.799969099000066 ], [ 24.981896630000051, 56.803489612000078 ], [ 25.011287657000025, 56.793071311000062 ], [ 25.022957749000057, 56.797074934000079 ], [ 25.046279816000037, 56.793528292000076 ], [ 25.070046968000042, 56.777050337000048 ], [ 25.073137274000032, 56.765039567000031 ], [ 25.094638205000024, 56.75245844300008 ], [ 25.098528109000029, 56.746400964000031 ], [ 25.091955942000027, 56.740117682000061 ], [ 25.096399, 56.735161499000071 ], [ 25.081020892000026, 56.73292800400003 ], [ 25.067010802000027, 56.734523430000081 ], [ 25.044029735000038, 56.730489069000043 ], [ 25.034582993000072, 56.725220573000058 ], [ 25.039903696000067, 56.716727673000037 ], [ 25.047234495000055, 56.714173411000047 ], [ 25.047737564000045, 56.709286671000029 ], [ 25.061940158000027, 56.706395556000075 ], [ 25.059537700000078, 56.701646654000058 ], [ 25.043385483000066, 56.690709134000031 ], [ 25.028229140000064, 56.69123223400004 ], [ 25.015894953000043, 56.685743036000076 ], [ 25.021695793000049, 56.674982321000073 ], [ 25.018350557000076, 56.661186813000029 ], [ 25.020272885000054, 56.653847853000059 ], [ 25.013844820000031, 56.646952094000028 ], [ 25.013322792000054, 56.637636409000038 ], [ 25.015878272000066, 56.63427400300003 ], [ 25.027158009000061, 56.631598448000034 ], [ 25.034847262000028, 56.621151883000039 ], [ 25.03484885000006, 56.615944392000074 ], [ 25.026278295000054, 56.610236804000067 ], [ 25.031302500000038, 56.60506299900004 ] ] ] ] } },
{ "type": "Feature", "properties": { "GISCO_ID": "LV_0760202", "CNTR_CODE": "LV", "LAU_ID": "0760202", "LAU_NAME": "Preiļu novads", "cell_coverage": [ [ 0, 0, 0, 0.0094, 0.0096, 0, 0, 0, 0, 0, 0 ], [ 0, 0, 0.0007, 0.7692, 0.8706, 0.5721, 0.0864, 0, 0, 0, 0 ], [ 0.1174, 0.3315, 0.4174, 0.9967, 1, 0.8852, 0.5733, 0.0414, 0, 0, 0 ], [ 0.1813, 0.7334, 0.9739, 1, 0.7465, 0.0362, 0, 0, 0, 0, 0 ], [ 0, 0, 0.0979, 0.7261, 0.9808, 0.722, 0.3087, 0.008, 0, 0, 0 ], [ 0, 0, 0, 0.0523, 0.2144, 0.9929, 1, 0.8973, 0.2677, 0, 0 ], [ 0, 0, 0, 0, 0, 0.6563, 1, 1, 0.8298, 0.0932, 0 ], [ 0, 0, 0, 0.0482, 0.0545, 0.8454, 1, 1, 0.739, 0.1133, 0 ], [ 0, 0, 0, 0.1878, 0.6209, 0.8702, 1, 1, 0.9047, 0.8947, 0.0699 ], [ 0, 0, 0, 0, 0, 0.0664, 0.3835, 0.3437, 0.0242, 0.0254, 0 ] ], "xmin": 26.458333333333329, "xmax": 26.916666666666661, "ymin": 56.083333333333321, "ymax": 56.5 }, "geometry": { "type": "MultiPolygon", "coordinates": [ [ [ [ 26.579477500000053, 56.43892149900006 ], [ 26.598599584000056, 56.442654338000068 ], [ 26.596026701000028, 56.445709110000053 ], [ 26.597808009000062, 56.455819567000049 ], [ 26.609391770000059, 56.456295698000076 ], [ 26.628628445000061, 56.462934835000056 ], [ 26.630665604000058, 56.453038023000033 ], [ 26.651943756000037, 56.452963236000073 ], [ 26.677558871000031, 56.446066856000073 ], [ 26.720821869000076, 56.423424647000047 ], [ 26.729919413000061, 56.41507116400004 ], [ 26.740762696000047, 56.412766804000057 ], [ 26.761051889000044, 56.400566224000045 ], [ 26.744223998000052, 56.390876082000034 ], [ 26.724731488000032, 56.391222740000046 ], [ 26.693035675000033, 56.383606861000032 ], [ 26.69238981500007, 56.379159697000034 ], [ 26.683268711000039, 56.377597770000079 ], [ 26.648484534000033, 56.351993093000033 ], [ 26.648732585000062, 56.338061615000072 ], [ 26.674646970000026, 56.32193095100007 ], [ 26.716543646000048, 56.31991591700006 ], [ 26.71953330100007, 56.307406946000071 ], [ 26.736423195000043, 56.297047822000081 ], [ 26.753056255000047, 56.294380561000082 ], [ 26.764125622000051, 56.286107129000072 ], [ 26.792440251000073, 56.285774938000031 ], [ 26.793490102000078, 56.27984692900003 ], [ 26.805123273000049, 56.27364829000004 ], [ 26.802044146000071, 56.265669118000062 ], [ 26.815594113000031, 56.26018050600004 ], [ 26.811067315000059, 56.250072824000029 ], [ 26.822758669000052, 56.23296416900007 ], [ 26.845945189000076, 56.226241207000044 ], [ 26.842204823000031, 56.217959067000038 ], [ 26.836438293000072, 56.213031181000076 ], [ 26.840371202000028, 56.205358751000063 ], [ 26.836158297000054, 56.200272680000069 ], [ 26.825729065000075, 56.193717979000041 ], [ 26.803884152000023, 56.193123702000037 ], [ 26.797727940000073, 56.185197584000036 ], [ 26.817743539000048, 56.179270376000034 ], [ 26.844713063000029, 56.176055198000029 ], [ 26.850010060000045, 56.168882325000027 ], [ 26.879571193000061, 56.154928518000077 ], [ 26.876656012000069, 56.137549137000065 ], [ 26.885723, 56.13346849900006 ], [ 26.880579361000059, 56.128968744000076 ], [ 26.862667386000055, 56.128475627000057 ], [ 26.84602316400003, 56.119211861000053 ], [ 26.837320294000051, 56.129588174000048 ], [ 26.822818679000079, 56.134328593000077 ], [ 26.77979487500005, 56.112400765000075 ], [ 26.765627639000058, 56.108574614000077 ], [ 26.753400456000065, 56.10627499900005 ], [ 26.732056242000056, 56.110162787000036 ], [ 26.716543646000048, 56.109231986000054 ], [ 26.705310628000063, 56.108116047000067 ], [ 26.701569612000071, 56.118188376000035 ], [ 26.689361656000074, 56.132146359000046 ], [ 26.643567500000074, 56.139395999000044 ], [ 26.628278951000027, 56.148479377000058 ], [ 26.611582507000037, 56.152548707000051 ], [ 26.599138110000069, 56.162753924000071 ], [ 26.597780571000044, 56.166859397000053 ], [ 26.617965168000069, 56.171758880000027 ], [ 26.637058932000059, 56.167520737000075 ], [ 26.667903556000056, 56.17053560100004 ], [ 26.675153433000048, 56.185736358000042 ], [ 26.673196630000064, 56.195253681000054 ], [ 26.67953121100004, 56.198931198000082 ], [ 26.673908697000059, 56.201915635000034 ], [ 26.677473301000077, 56.208688509000069 ], [ 26.670271268000079, 56.211257192000062 ], [ 26.671477619000029, 56.224583747000054 ], [ 26.695763311000064, 56.230369174000032 ], [ 26.686922884000069, 56.239039890000072 ], [ 26.684723097000074, 56.249249740000039 ], [ 26.671064604000037, 56.250616837000052 ], [ 26.662456367000061, 56.255434968000031 ], [ 26.667732586000056, 56.273848643000065 ], [ 26.655581270000027, 56.278807079000046 ], [ 26.654107658000044, 56.284854453000037 ], [ 26.63662178900006, 56.287312439000061 ], [ 26.610983500000032, 56.285039999000048 ], [ 26.607177835000073, 56.297528378000038 ], [ 26.593549163000034, 56.306066653000073 ], [ 26.592809786000032, 56.324909342000069 ], [ 26.570266075000063, 56.324720538000065 ], [ 26.555776284000046, 56.333959809000078 ], [ 26.540037282000071, 56.339670585000079 ], [ 26.513552108000056, 56.343189694000046 ], [ 26.507949334000045, 56.348265578000053 ], [ 26.505313276000038, 56.35547471700005 ], [ 26.477493438000067, 56.36052174200006 ], [ 26.492914675000065, 56.388845208000077 ], [ 26.491482358000042, 56.395833192000055 ], [ 26.507255926000028, 56.39538669500007 ], [ 26.544494496000027, 56.378107478000061 ], [ 26.560851511000067, 56.386789140000076 ], [ 26.573032645000069, 56.404638042000045 ], [ 26.582618775000071, 56.410822554000049 ], [ 26.586500586000057, 56.417851533000032 ], [ 26.585485261000031, 56.424830791000034 ], [ 26.594772425000031, 56.436554799000078 ], [ 26.592703419000031, 56.439326595000068 ], [ 26.579477500000053, 56.43892149900006 ] ] ] ] } },
{ "type": "Feature", "properties": { "GISCO_ID": "LV_0761201", "CNTR_CODE": "LV", "LAU_ID": "0761201", "LAU_NAME": "Līvānu novads", "cell_coverage": [ [ 0, 0, 0, 0, 0.0375, 0.3776, 0.2567, 0, 0, 0, 0, 0, 0, 0 ], [ 0, 0, 0, 0.1099, 0.855, 1, 0.9535, 0.4388, 0.0824, 0.4402, 0.8678, 0.8718, 0.3146, 0 ], [ 0, 0.0123, 0.2429, 0.8673, 1, 1, 1, 0.9751, 0.965, 1, 1, 1, 0.7472, 0.0744 ], [ 0.0001, 0.2914, 0.7903, 1, 1, 1, 1, 1, 1, 1, 0.8826, 0.6685, 0.5826, 0.0033 ], [ 0, 0, 0.1247, 0.9968, 1, 1, 1, 1, 1, 1, 0.8187, 0.2666, 0.0261, 0 ], [ 0, 0, 0, 0.7997, 1, 1, 0.9896, 0.877, 0.5513, 1, 1, 1, 0.9021, 0.2739 ], [ 0, 0, 0, 0.3601, 1, 1, 0.3335, 0.1448, 0.0024, 0.2764, 0.3122, 0.3853, 0.5015, 0.1331 ], [ 0, 0, 0, 0.3945, 0.8144, 0.9968, 0.46, 0, 0, 0, 0, 0, 0, 0 ], [ 0, 0, 0, 0, 0, 0.2514, 0.438, 0, 0, 0, 0, 0, 0, 0 ] ], "xmin": 26.041666666666664, "xmax": 26.625, "ymin": 56.166666666666657, "ymax": 56.541666666666657 }, "geometry": { "type": "MultiPolygon", "coordinates": [ [ [ [ 26.291271, 56.181150499000069 ], [ 26.277833885000064, 56.189905749000047 ], [ 26.274537017000057, 56.199419743000078 ], [ 26.267101973000024, 56.204023780000057 ], [ 26.237399641000025, 56.215050739000048 ], [ 26.197941318000062, 56.22175173100004 ], [ 26.17821895000003, 56.235692057000051 ], [ 26.179056941000056, 56.243388198000048 ], [ 26.193576495000059, 56.254441346000078 ], [ 26.201166148000027, 56.265469893000045 ], [ 26.201856897000027, 56.271097889000032 ], [ 26.188692451000065, 56.279910795000035 ], [ 26.181345057000044, 56.292160443000057 ], [ 26.159657576000029, 56.361810254000034 ], [ 26.148346942000046, 56.383606861000032 ], [ 26.128447551000079, 56.394205618000058 ], [ 26.082442, 56.408561499000029 ], [ 26.15416317100005, 56.427958437000029 ], [ 26.192922229000033, 56.460834190000071 ], [ 26.193923283000061, 56.468354908000038 ], [ 26.20611733100003, 56.472333906000074 ], [ 26.212231640000027, 56.480740984000079 ], [ 26.220203500000025, 56.485493713000039 ], [ 26.22509999600004, 56.501817736000078 ], [ 26.253435376000027, 56.503581646000043 ], [ 26.262800555000069, 56.510696456000062 ], [ 26.265606, 56.521526624000046 ], [ 26.282130840000036, 56.521176091000029 ], [ 26.288861720000057, 56.517241326000033 ], [ 26.297597952000046, 56.519626867000056 ], [ 26.317408449000027, 56.512968928000078 ], [ 26.319554191000066, 56.50551600600005 ], [ 26.316415389000042, 56.500025174000029 ], [ 26.365054380000061, 56.472465032000059 ], [ 26.368170919000079, 56.463014254000029 ], [ 26.367314114000067, 56.452089557000079 ], [ 26.386390924000068, 56.454196416000059 ], [ 26.390502604000062, 56.459643567000057 ], [ 26.436676638000051, 56.47422944300007 ], [ 26.442311109000059, 56.477243369000064 ], [ 26.446994640000071, 56.484367250000048 ], [ 26.458256132000031, 56.486270869000066 ], [ 26.471528386000045, 56.495055595000053 ], [ 26.490715160000036, 56.496715408000057 ], [ 26.502587543000061, 56.497485890000064 ], [ 26.510538229000076, 56.493704370000046 ], [ 26.546210603000077, 56.494815401000039 ], [ 26.54986900800003, 56.484754578000036 ], [ 26.559544, 56.48457649900007 ], [ 26.560884052000063, 56.46476321800003 ], [ 26.553024096000058, 56.449974831000077 ], [ 26.562500293000028, 56.447825490000071 ], [ 26.56778143300005, 56.440399927000044 ], [ 26.579477500000053, 56.43892149900006 ], [ 26.592703419000031, 56.439326595000068 ], [ 26.594772425000031, 56.436554799000078 ], [ 26.585485261000031, 56.424830791000034 ], [ 26.586500586000057, 56.417851533000032 ], [ 26.582618775000071, 56.410822554000049 ], [ 26.573032645000069, 56.404638042000045 ], [ 26.560851511000067, 56.386789140000076 ], [ 26.544494496000027, 56.378107478000061 ], [ 26.507255926000028, 56.39538669500007 ], [ 26.491482358000042, 56.395833192000055 ], [ 26.492914675000065, 56.388845208000077 ], [ 26.477493438000067, 56.36052174200006 ], [ 26.505313276000038, 56.35547471700005 ], [ 26.507949334000045, 56.348265578000053 ], [ 26.513552108000056, 56.343189694000046 ], [ 26.540037282000071, 56.339670585000079 ], [ 26.555776284000046, 56.333959809000078 ], [ 26.570266075000063, 56.324720538000065 ], [ 26.592809786000032, 56.324909342000069 ], [ 26.593549163000034, 56.306066653000073 ], [ 26.607177835000073, 56.297528378000038 ], [ 26.610983500000032, 56.285039999000048 ], [ 26.597306419000063, 56.283891004000054 ], [ 26.576706210000054, 56.277414814000053 ], [ 26.567708482000057, 56.267790636000029 ], [ 26.559045566000066, 56.266623001000028 ], [ 26.497289255000055, 56.28115226500006 ], [ 26.481866376000028, 56.281610367000042 ], [ 26.466576363000058, 56.273224461000041 ], [ 26.453940271000079, 56.279145047000043 ], [ 26.431936233000044, 56.278906268000071 ], [ 26.417880227000069, 56.285124348000068 ], [ 26.413233175000073, 56.294424563000064 ], [ 26.400251512000068, 56.299600508000083 ], [ 26.398261009000066, 56.314745873000049 ], [ 26.389343907000068, 56.323266243000035 ], [ 26.385222120000037, 56.32339298200003 ], [ 26.368675154000073, 56.316501963000064 ], [ 26.370067780000056, 56.309601142000076 ], [ 26.364673810000056, 56.303783508000038 ], [ 26.366447957000048, 56.29677070300005 ], [ 26.361090415000035, 56.290981904000034 ], [ 26.357540934000042, 56.280804592000038 ], [ 26.331632866000064, 56.283651649000035 ], [ 26.312020327000027, 56.29352263100003 ], [ 26.297263522000037, 56.291796354000041 ], [ 26.315120457000035, 56.233623581000074 ], [ 26.297828662000029, 56.226327901000047 ], [ 26.31429980300004, 56.215927015000034 ], [ 26.329134387000067, 56.199507481000069 ], [ 26.332604500000059, 56.19062849900007 ], [ 26.326775754000039, 56.188012004000029 ], [ 26.318742737000036, 56.190505896000047 ], [ 26.306410091000032, 56.188487872000053 ], [ 26.291271, 56.181150499000069 ] ] ] ] } },
{ "type": "Feature", "properties": { "GISCO_ID": "LV_0766300", "CNTR_CODE": "LV", "LAU_ID": "0766300", "LAU_NAME": "Riebiņu novads", "cell_coverage": [ [ 0, 0, 0.0067, 0.0609, 0.0946, 0.3279, 0.0394, 0, 0, 0, 0, 0, 0, 0 ], [ 0, 0.3162, 0.9906, 1, 0.9543, 0.9993, 0.3972, 0, 0, 0, 0, 0, 0, 0 ], [ 0.3607, 0.7933, 0.9904, 1, 1, 1, 0.978, 0.8024, 0.5511, 0.3826, 0, 0, 0, 0 ], [ 0.2521, 0.1564, 0.1294, 0.4279, 0.9136, 1, 1, 1, 0.9448, 0.0926, 0, 0, 0, 0 ], [ 0, 0, 0, 0.1148, 0.4267, 0.9586, 1, 1, 0.8356, 0.2751, 0, 0, 0, 0 ], [ 0, 0, 0.2535, 0.9638, 1, 1, 1, 1, 1, 0.9946, 0.3309, 0, 0, 0 ], [ 0, 0, 0.0192, 0.278, 0.6913, 0.992, 1, 1, 1, 0.7761, 0.2394, 0, 0, 0 ], [ 0, 0, 0, 0, 0, 0.1027, 0.7323, 1, 1, 1, 0.7966, 0.0901, 0, 0 ], [ 0, 0, 0, 0, 0, 0, 0.1702, 0.9068, 1, 1, 0.9577, 0.3532, 0, 0 ], [ 0, 0, 0, 0, 0, 0, 0.261, 0.8867, 1, 0.9985, 0.8846, 0.9037, 0.2324, 0.0766 ], [ 0, 0, 0, 0, 0, 0, 0, 0.056, 0.8034, 0.3399, 0, 0.0101, 0.0241, 0.0564 ], [ 0, 0, 0, 0, 0, 0, 0, 0, 0, 0, 0, 0, 0, 0 ] ], "xmin": 26.541666666666664, "xmax": 27.125, "ymin": 56.083333333333321, "ymax": 56.583333333333321 }, "geometry": { "type": "MultiPolygon", "coordinates": [ [ [ [ 26.743159, 56.560521999000059 ], [ 26.767593919000035, 56.558988447000047 ], [ 26.782747419000032, 56.549697431000027 ], [ 26.804308391000063, 56.544850182000062 ], [ 26.818132012000035, 56.53798474000007 ], [ 26.822014329000069, 56.531580858000041 ], [ 26.820566947000032, 56.527212098000064 ], [ 26.802336768000032, 56.522284440000078 ], [ 26.790173354000046, 56.51503488600008 ], [ 26.802810360000024, 56.509105648000059 ], [ 26.811016739000024, 56.498605768000061 ], [ 26.853132610000046, 56.497539876000076 ], [ 26.859215236000068, 56.487390494000067 ], [ 26.867968059000077, 56.482819249000045 ], [ 26.894171565000079, 56.480326355000045 ], [ 26.916782855000065, 56.482379764000029 ], [ 26.949225557000034, 56.476619692000043 ], [ 26.950339357000075, 56.463443172000041 ], [ 26.941339, 56.460028499000032 ], [ 26.93778265900005, 56.460010577000048 ], [ 26.920009397000058, 56.44507795800007 ], [ 26.916003915000033, 56.436530592000054 ], [ 26.916055049000079, 56.424151238000036 ], [ 26.896162398000058, 56.417507755000031 ], [ 26.895316257000047, 56.410667042000057 ], [ 26.905629721000025, 56.402269033000039 ], [ 26.934630991000063, 56.391083270000081 ], [ 26.943915428000025, 56.380010638000044 ], [ 26.955697410000028, 56.374817244000042 ], [ 26.959757517000071, 56.364423446000046 ], [ 26.975072064000074, 56.354543393000029 ], [ 26.979389912000045, 56.342012285000067 ], [ 26.996935679000046, 56.331448453000064 ], [ 26.980462722000027, 56.318751016000078 ], [ 26.971676610000031, 56.318745038000031 ], [ 26.957641323000075, 56.326105244000075 ], [ 26.941246566000075, 56.322626010000079 ], [ 26.948584985000025, 56.309278985000049 ], [ 26.945168892000027, 56.30274419300008 ], [ 26.946559545000071, 56.295432796000057 ], [ 26.966548935000048, 56.29173015300006 ], [ 27.015258430000074, 56.260799812000073 ], [ 26.991992378000077, 56.244299482000031 ], [ 26.997929164000027, 56.240042877000064 ], [ 26.994692090000058, 56.23372757900006 ], [ 27.003184728000065, 56.230129353000052 ], [ 27.013120043000072, 56.23185085700004 ], [ 27.016125908000049, 56.225769007000054 ], [ 27.023328652000032, 56.224453290000042 ], [ 27.037074497000049, 56.215639917000033 ], [ 27.029456008000068, 56.208088882000027 ], [ 27.033263349000038, 56.201523535000035 ], [ 27.045686947000036, 56.191453390000049 ], [ 27.049492142000076, 56.178993078000076 ], [ 27.061006543000076, 56.17318957100008 ], [ 27.09682242100007, 56.174536759000034 ], [ 27.10074, 56.171565499000053 ], [ 27.104869621000034, 56.162016057000073 ], [ 27.099324639000031, 56.161717284000076 ], [ 27.088813998000035, 56.160773899000048 ], [ 27.080805607000059, 56.167818557000032 ], [ 27.074156458000061, 56.163948674000039 ], [ 27.055101583000067, 56.165789958000062 ], [ 27.04655480200006, 56.17095671800007 ], [ 27.020202811000047, 56.168398057000047 ], [ 27.012346640000032, 56.162949464000064 ], [ 27.007321897000054, 56.167533346000027 ], [ 26.998436929000036, 56.167388737000067 ], [ 26.985620242000039, 56.174128517000042 ], [ 26.959919972000023, 56.170271319000051 ], [ 26.945779561000052, 56.157467445000066 ], [ 26.939701599000045, 56.157464486000038 ], [ 26.931846679000046, 56.157835566000074 ], [ 26.922901470000056, 56.146188248000044 ], [ 26.915714812000033, 56.142188069000042 ], [ 26.929139388000067, 56.134870723000063 ], [ 26.928652211000042, 56.124849232000031 ], [ 26.904714212000044, 56.130787725000062 ], [ 26.893574500000057, 56.129078999000058 ], [ 26.89011043000005, 56.133555772000079 ], [ 26.885723, 56.13346849900006 ], [ 26.876656012000069, 56.137549137000065 ], [ 26.879571193000061, 56.154928518000077 ], [ 26.850010060000045, 56.168882325000027 ], [ 26.844713063000029, 56.176055198000029 ], [ 26.817743539000048, 56.179270376000034 ], [ 26.797727940000073, 56.185197584000036 ], [ 26.803884152000023, 56.193123702000037 ], [ 26.825729065000075, 56.193717979000041 ], [ 26.836158297000054, 56.200272680000069 ], [ 26.840371202000028, 56.205358751000063 ], [ 26.836438293000072, 56.213031181000076 ], [ 26.842204823000031, 56.217959067000038 ], [ 26.845945189000076, 56.226241207000044 ], [ 26.822758669000052, 56.23296416900007 ], [ 26.811067315000059, 56.250072824000029 ], [ 26.815594113000031, 56.26018050600004 ], [ 26.802044146000071, 56.265669118000062 ], [ 26.805123273000049, 56.27364829000004 ], [ 26.793490102000078, 56.27984692900003 ], [ 26.792440251000073, 56.285774938000031 ], [ 26.764125622000051, 56.286107129000072 ], [ 26.753056255000047, 56.294380561000082 ], [ 26.736423195000043, 56.297047822000081 ], [ 26.71953330100007, 56.307406946000071 ], [ 26.716543646000048, 56.31991591700006 ], [ 26.674646970000026, 56.32193095100007 ], [ 26.648732585000062, 56.338061615000072 ], [ 26.648484534000033, 56.351993093000033 ], [ 26.683268711000039, 56.377597770000079 ], [ 26.69238981500007, 56.379159697000034 ], [ 26.693035675000033, 56.383606861000032 ], [ 26.724731488000032, 56.391222740000046 ], [ 26.744223998000052, 56.390876082000034 ], [ 26.761051889000044, 56.400566224000045 ], [ 26.740762696000047, 56.412766804000057 ], [ 26.729919413000061, 56.41507116400004 ], [ 26.720821869000076, 56.423424647000047 ], [ 26.677558871000031, 56.446066856000073 ], [ 26.651943756000037, 56.452963236000073 ], [ 26.630665604000058, 56.453038023000033 ], [ 26.628628445000061, 56.462934835000056 ], [ 26.609391770000059, 56.456295698000076 ], [ 26.597808009000062, 56.455819567000049 ], [ 26.596026701000028, 56.445709110000053 ], [ 26.598599584000056, 56.442654338000068 ], [ 26.579477500000053, 56.43892149900006 ], [ 26.56778143300005, 56.440399927000044 ], [ 26.562500293000028, 56.447825490000071 ], [ 26.553024096000058, 56.449974831000077 ], [ 26.560884052000063, 56.46476321800003 ], [ 26.559544, 56.48457649900007 ], [ 26.615254417000074, 56.487116018000052 ], [ 26.609689077000041, 56.498156934000065 ], [ 26.597992954000063, 56.494323331000032 ], [ 26.595133231000034, 56.50104779000003 ], [ 26.623140922000061, 56.533273061000045 ], [ 26.624916, 56.540223999000034 ], [ 26.712019885000075, 56.545761891000041 ], [ 26.723082486000067, 56.541710827000031 ], [ 26.72698749500006, 56.535781458000031 ], [ 26.734878870000045, 56.535194010000055 ], [ 26.743650784000067, 56.544818473000078 ], [ 26.743159, 56.560521999000059 ] ] ] ] } },
{ "type": "Feature", "properties": { "GISCO_ID": "LV_0769101", "CNTR_CODE": "LV", "LAU_ID": "0769101", "LAU_NAME": "Vārkavas novads", "cell_coverage": [ [ 0.0104, 0.123, 0.4487, 0, 0, 0, 0, 0, 0, 0 ], [ 0.6665, 0.8552, 0.9976, 0.7236, 0.6878, 0.6147, 0.4985, 0.8145, 0.7856, 0.0071 ], [ 0.54, 1, 1, 1, 1, 1, 1, 1, 1, 0.3437 ], [ 0.0541, 0.1896, 0.3774, 0.5942, 0.7136, 1, 0.9996, 0.9518, 0.9455, 0.1546 ], [ 0, 0, 0, 0, 0.0062, 0.8306, 0.2981, 0.6169, 0.1442, 0 ], [ 0, 0, 0, 0, 0, 0, 0, 2.7706e-06, 0.0005, 0 ] ], "xmin": 26.291666666666664, "xmax": 26.708333333333332, "ymin": 56.083333333333321, "ymax": 56.333333333333321 }, "geometry": { "type": "MultiPolygon", "coordinates": [ [ [ [ 26.332604500000059, 56.19062849900007 ], [ 26.329134387000067, 56.199507481000069 ], [ 26.31429980300004, 56.215927015000034 ], [ 26.297828662000029, 56.226327901000047 ], [ 26.315120457000035, 56.233623581000074 ], [ 26.297263522000037, 56.291796354000041 ], [ 26.312020327000027, 56.29352263100003 ], [ 26.331632866000064, 56.283651649000035 ], [ 26.357540934000042, 56.280804592000038 ], [ 26.361090415000035, 56.290981904000034 ], [ 26.366447957000048, 56.29677070300005 ], [ 26.364673810000056, 56.303783508000038 ], [ 26.370067780000056, 56.309601142000076 ], [ 26.368675154000073, 56.316501963000064 ], [ 26.385222120000037, 56.32339298200003 ], [ 26.389343907000068, 56.323266243000035 ], [ 26.398261009000066, 56.314745873000049 ], [ 26.400251512000068, 56.299600508000083 ], [ 26.413233175000073, 56.294424563000064 ], [ 26.417880227000069, 56.285124348000068 ], [ 26.431936233000044, 56.278906268000071 ], [ 26.453940271000079, 56.279145047000043 ], [ 26.466576363000058, 56.273224461000041 ], [ 26.481866376000028, 56.281610367000042 ], [ 26.497289255000055, 56.28115226500006 ], [ 26.559045566000066, 56.266623001000028 ], [ 26.567708482000057, 56.267790636000029 ], [ 26.576706210000054, 56.277414814000053 ], [ 26.597306419000063, 56.283891004000054 ], [ 26.610983500000032, 56.285039999000048 ], [ 26.63662178900006, 56.287312439000061 ], [ 26.654107658000044, 56.284854453000037 ], [ 26.655581270000027, 56.278807079000046 ], [ 26.667732586000056, 56.273848643000065 ], [ 26.662456367000061, 56.255434968000031 ], [ 26.671064604000037, 56.250616837000052 ], [ 26.684723097000074, 56.249249740000039 ], [ 26.686922884000069, 56.239039890000072 ], [ 26.695763311000064, 56.230369174000032 ], [ 26.671477619000029, 56.224583747000054 ], [ 26.670271268000079, 56.211257192000062 ], [ 26.677473301000077, 56.208688509000069 ], [ 26.673908697000059, 56.201915635000034 ], [ 26.67953121100004, 56.198931198000082 ], [ 26.673196630000064, 56.195253681000054 ], [ 26.675153433000048, 56.185736358000042 ], [ 26.667903556000056, 56.17053560100004 ], [ 26.637058932000059, 56.167520737000075 ], [ 26.617965168000069, 56.171758880000027 ], [ 26.597780571000044, 56.166859397000053 ], [ 26.599138110000069, 56.162753924000071 ], [ 26.611582507000037, 56.152548707000051 ], [ 26.628278951000027, 56.148479377000058 ], [ 26.643567500000074, 56.139395999000044 ], [ 26.626397786000041, 56.12425216500003 ], [ 26.600632868000048, 56.136776270000041 ], [ 26.588148319000027, 56.135200301000054 ], [ 26.579602272000045, 56.142625659000032 ], [ 26.571517105000055, 56.14526649700008 ], [ 26.576668331000064, 56.150360139000043 ], [ 26.57713665700004, 56.157572498000036 ], [ 26.558147270000063, 56.167321567000045 ], [ 26.544565016000035, 56.157741700000031 ], [ 26.544604099000026, 56.147753950000038 ], [ 26.551370119000069, 56.139967121000041 ], [ 26.553300210000032, 56.131378920000031 ], [ 26.532454905000066, 56.128840350000075 ], [ 26.50765989100006, 56.129949425000063 ], [ 26.497146688000043, 56.168196352000052 ], [ 26.456527902000062, 56.191791747000082 ], [ 26.421503806000032, 56.17613844300007 ], [ 26.403006043000062, 56.189510291000033 ], [ 26.367105442000025, 56.207500247000041 ], [ 26.332604500000059, 56.19062849900007 ] ] ] ] } },
{ "type": "Feature", "properties": { "GISCO_ID": "LV_0780200", "CNTR_CODE": "LV", "LAU_ID": "0780200", "LAU_NAME": "Rēzeknes novads", "cell_coverage": [ [ 0, 0, 0, 0.3747, 0.796, 0.5456, 0.4273, 0.2707, 0.4682, 0.3881, 0.0722, 0, 0, 0, 0, 0, 0, 0, 0, 0, 0, 0, 0, 0 ], [ 0, 0.0211, 0.5802, 0.9997, 1, 1, 1, 1, 1, 1, 1, 0.9958, 0.98, 0.8134, 0.7611, 0.689, 0.7475, 0.6552, 0.1015, 0, 0, 0, 0, 0 ], [ 0.0589, 0.7649, 1, 1, 1, 1, 1, 1, 1, 1, 1, 1, 1, 1, 1, 1, 1, 0.8254, 0.1393, 0, 0, 0, 0, 0 ], [ 0.1242, 0.6333, 0.9443, 0.9825, 1, 1, 1, 1, 1, 1, 1, 1, 1, 1, 1, 1, 1, 0.55, 0, 0, 0, 0, 0, 0 ], [ 0, 0, 0.0008, 0.2013, 0.9763, 1, 1, 1, 1, 1, 1, 1, 1, 1, 1, 1, 1, 0.8184, 0.7304, 0.3056, 0.0062, 0, 0, 0 ], [ 0, 0, 0, 0, 0.2865, 0.4888, 0.8274, 1, 1, 1, 1, 1, 1, 1, 1, 1, 1, 1, 1, 0.6134, 0.0036, 0, 0, 0 ], [ 0, 0, 0, 0, 0, 0, 0.4499, 1, 1, 1, 1, 1, 1, 1, 1, 1, 1, 1, 1, 0.7616, 0, 0, 0, 0 ], [ 0, 0, 0, 0, 0, 0, 0.2698, 1, 1, 1, 1, 1, 1, 0.5896, 0.288, 1, 1, 0.8578, 0.1656, 0.0661, 0, 0, 0, 0 ], [ 0, 0, 0, 0, 0.0061, 0.0423, 0.0767, 0.6772, 1, 1, 1, 1, 1, 0.8604, 0.7973, 1, 1, 0.9745, 0.2642, 0.1457, 0, 0, 0, 0 ], [ 0, 0, 0, 0.0552, 0.8904, 0.9803, 0.9992, 0.9979, 1, 1, 1, 1, 1, 1, 1, 1, 1, 1, 1, 0.7963, 0.1689, 0, 0, 0 ], [ 0, 0, 0, 0.1644, 0.7249, 1, 1, 1, 1, 1, 1, 1, 1, 1, 1, 1, 1, 1, 1, 1, 0.9572, 0.0957, 0, 0 ], [ 0, 0, 0, 0, 0.0054, 0.6691, 1, 1, 1, 1, 1, 1, 1, 1, 1, 1, 1, 1, 1, 1, 1, 0.9983, 0.4932, 0 ], [ 0, 0, 0, 0, 0.2239, 0.7606, 1, 1, 1, 1, 1, 1, 1, 1, 1, 1, 1, 1, 1, 1, 1, 1, 0.9054, 0.0975 ], [ 0, 0, 0, 0, 0, 0.2034, 0.9099, 1, 1, 1, 1, 1, 1, 1, 1, 1, 1, 1, 0.9635, 0.9805, 1, 0.9943, 0.5919, 0 ], [ 0, 0, 0, 0, 0, 0.0423, 0.6468, 1, 1, 0.9721, 0.9946, 0.995, 1, 0.9938, 0.9471, 0.9911, 0.8082, 0.3924, 0.1653, 0.1007, 0.1965, 0.0583, 0.0577, 0 ], [ 0, 0, 0, 0, 0, 0, 0.0572, 0.7464, 0.604, 0.1646, 0.0474, 0.0275, 0.1343, 0.0592, 0, 0.0581, 0.0098, 0, 0, 0, 0, 0, 0, 0 ] ], "xmin": 26.75, "xmax": 27.75, "ymin": 56.166666666666657, "ymax": 56.833333333333321 }, "geometry": { "type": "MultiPolygon", "coordinates": [ [ [ [ 27.577289500000063, 56.61804599900006 ], [ 27.568024713000057, 56.611675365000053 ], [ 27.567597210000031, 56.604919771000027 ], [ 27.558997579000049, 56.599582542000064 ], [ 27.558225740000069, 56.594204830000081 ], [ 27.568903228000067, 56.57049087300004 ], [ 27.581037500000036, 56.567166499000052 ], [ 27.575110726000048, 56.545587115000046 ], [ 27.54888489700005, 56.534362673000032 ], [ 27.497317549000059, 56.535101945000065 ], [ 27.498668341000041, 56.52988941600006 ], [ 27.489035753000053, 56.519500434000065 ], [ 27.493408052000063, 56.510311002000037 ], [ 27.489092460000052, 56.501037841000027 ], [ 27.50127537000003, 56.489757316000066 ], [ 27.500654931000042, 56.477373587000045 ], [ 27.508126774000061, 56.465480895000042 ], [ 27.521320389000039, 56.464705596000044 ], [ 27.540475155000024, 56.475552638000067 ], [ 27.554148730000065, 56.476884759000029 ], [ 27.556735915000047, 56.471550064000041 ], [ 27.554883164000046, 56.460399144000064 ], [ 27.579079364000052, 56.435599384000056 ], [ 27.594621227000061, 56.427368779000062 ], [ 27.594813375000058, 56.422329667000042 ], [ 27.622887816000059, 56.420828159000052 ], [ 27.621846563000076, 56.410403675000055 ], [ 27.625386046000074, 56.403944898000077 ], [ 27.619166275000055, 56.396706599000026 ], [ 27.623352842000031, 56.389514534000057 ], [ 27.646888164000075, 56.376038919000052 ], [ 27.683152600000028, 56.372798557000067 ], [ 27.69076963200007, 56.366733199000066 ], [ 27.691725124000072, 56.362003794000032 ], [ 27.686752783000031, 56.351454081000043 ], [ 27.687022910000053, 56.333789907000039 ], [ 27.713128692000055, 56.316509606000068 ], [ 27.720131933000062, 56.305381518000047 ], [ 27.714984009000034, 56.29881445400008 ], [ 27.701259589000074, 56.293374216000075 ], [ 27.685035026000037, 56.277747509000051 ], [ 27.686776115000043, 56.267174405000048 ], [ 27.697157020000077, 56.261561654000047 ], [ 27.698003777000054, 56.256172286000037 ], [ 27.671866500000078, 56.241537999000059 ], [ 27.653503288000024, 56.251998121000042 ], [ 27.62855797900005, 56.244229676000032 ], [ 27.585761725000054, 56.239920323000035 ], [ 27.57242431700007, 56.246121052000035 ], [ 27.551336683000045, 56.245146163000072 ], [ 27.546705839000026, 56.249320062000038 ], [ 27.545837042000073, 56.256593199000065 ], [ 27.537238733000038, 56.260365319000073 ], [ 27.531431094000027, 56.246048094000059 ], [ 27.491088930000046, 56.23301097600006 ], [ 27.440741701000036, 56.234305909000057 ], [ 27.439654776000054, 56.224920909000048 ], [ 27.45656314200005, 56.220000224000046 ], [ 27.454378248000069, 56.21460314400008 ], [ 27.446920890000058, 56.210040814000081 ], [ 27.432949488000077, 56.211281459000077 ], [ 27.421451658000024, 56.207718744000033 ], [ 27.420004640000059, 56.204102524000064 ], [ 27.412430279000034, 56.205697437000026 ], [ 27.401009926000029, 56.203066685000067 ], [ 27.376418386000068, 56.211069295000073 ], [ 27.351926651000042, 56.211504301000048 ], [ 27.344385891000059, 56.20902955400004 ], [ 27.324139212000034, 56.209400215000073 ], [ 27.300237482000057, 56.20164408800008 ], [ 27.295389347000025, 56.205695203000062 ], [ 27.268817364000029, 56.200084288000028 ], [ 27.237760439000056, 56.209821172000034 ], [ 27.220346087000053, 56.206110890000048 ], [ 27.178184435000048, 56.205684566000059 ], [ 27.162681063000036, 56.21333257200007 ], [ 27.149591867000026, 56.208302059000061 ], [ 27.145825721000051, 56.19695923900008 ], [ 27.142318507000027, 56.194443204000038 ], [ 27.132684054000038, 56.196387501000061 ], [ 27.119129942000029, 56.194643062000068 ], [ 27.115447313000061, 56.186992800000041 ], [ 27.106582748000051, 56.191553919000057 ], [ 27.09701644200004, 56.189812468000071 ], [ 27.108039181000038, 56.175280731000043 ], [ 27.10074, 56.171565499000053 ], [ 27.09682242100007, 56.174536759000034 ], [ 27.061006543000076, 56.17318957100008 ], [ 27.049492142000076, 56.178993078000076 ], [ 27.045686947000036, 56.191453390000049 ], [ 27.033263349000038, 56.201523535000035 ], [ 27.029456008000068, 56.208088882000027 ], [ 27.037074497000049, 56.215639917000033 ], [ 27.023328652000032, 56.224453290000042 ], [ 27.016125908000049, 56.225769007000054 ], [ 27.013120043000072, 56.23185085700004 ], [ 27.003184728000065, 56.230129353000052 ], [ 26.994692090000058, 56.23372757900006 ], [ 26.997929164000027, 56.240042877000064 ], [ 26.991992378000077, 56.244299482000031 ], [ 27.015258430000074, 56.260799812000073 ], [ 26.966548935000048, 56.29173015300006 ], [ 26.946559545000071, 56.295432796000057 ], [ 26.945168892000027, 56.30274419300008 ], [ 26.948584985000025, 56.309278985000049 ], [ 26.941246566000075, 56.322626010000079 ], [ 26.957641323000075, 56.326105244000075 ], [ 26.971676610000031, 56.318745038000031 ], [ 26.980462722000027, 56.318751016000078 ], [ 26.996935679000046, 56.331448453000064 ], [ 26.979389912000045, 56.342012285000067 ], [ 26.975072064000074, 56.354543393000029 ], [ 26.959757517000071, 56.364423446000046 ], [ 26.955697410000028, 56.374817244000042 ], [ 26.943915428000025, 56.380010638000044 ], [ 26.934630991000063, 56.391083270000081 ], [ 26.905629721000025, 56.402269033000039 ], [ 26.895316257000047, 56.410667042000057 ], [ 26.896162398000058, 56.417507755000031 ], [ 26.916055049000079, 56.424151238000036 ], [ 26.916003915000033, 56.436530592000054 ], [ 26.920009397000058, 56.44507795800007 ], [ 26.93778265900005, 56.460010577000048 ], [ 26.941339, 56.460028499000032 ], [ 26.949441127000057, 56.455940505000058 ], [ 26.96310958600003, 56.455095432000064 ], [ 26.98905886700004, 56.462083526000072 ], [ 27.011832326000047, 56.464460688000031 ], [ 27.026410650000059, 56.459443938000049 ], [ 27.045835614000055, 56.457306119000066 ], [ 27.05033291500007, 56.466010399000027 ], [ 27.067548395000074, 56.474430760000075 ], [ 27.068373766000036, 56.481284001000063 ], [ 27.039758493000079, 56.496004111000047 ], [ 27.038300494000055, 56.507251430000053 ], [ 27.031197666000025, 56.513194093000038 ], [ 27.030482410000047, 56.526460293000071 ], [ 27.015707802000065, 56.544923105000066 ], [ 27.017742254000041, 56.550136436000059 ], [ 27.029689464000057, 56.555067177000069 ], [ 27.023325985000042, 56.560641995000083 ], [ 27.025060095000072, 56.56855398600004 ], [ 27.021467207000057, 56.577448524000033 ], [ 27.028343404000054, 56.582339567000076 ], [ 27.000181568000073, 56.605282602000045 ], [ 26.947178070000064, 56.603647003000049 ], [ 26.943720211000027, 56.612911981000082 ], [ 26.924231761000044, 56.616843707000044 ], [ 26.922395560000041, 56.626826366000046 ], [ 26.91474990100005, 56.640964266000083 ], [ 26.901412494000056, 56.646376543000031 ], [ 26.905439268000066, 56.659019353000076 ], [ 26.88960335400003, 56.66901847500003 ], [ 26.854262553000069, 56.666258927000058 ], [ 26.839158448000035, 56.670816322000064 ], [ 26.834922562000031, 56.679998270000056 ], [ 26.829381282000043, 56.682646695000074 ], [ 26.776181, 56.680190999000047 ], [ 26.775785704000043, 56.684106414000041 ], [ 26.784157379000078, 56.696368290000066 ], [ 26.793976862000079, 56.70193673600005 ], [ 26.791092623000054, 56.708275284000081 ], [ 26.780691822000051, 56.713428308000061 ], [ 26.782010147000051, 56.716865161000044 ], [ 26.925484, 56.830816499000036 ], [ 26.932119, 56.828183999000032 ], [ 26.936183500000027, 56.826413499000068 ], [ 26.939701599000045, 56.825049523000075 ], [ 26.963818099000036, 56.815304771000058 ], [ 26.962259367000058, 56.804883607000079 ], [ 26.964791415000036, 56.803448212000035 ], [ 26.985283265000078, 56.818906972000036 ], [ 26.992470292000064, 56.820068518000028 ], [ 27.027792838000039, 56.813685452000072 ], [ 27.021671335000065, 56.801091507000081 ], [ 27.023641682000061, 56.799742897000044 ], [ 27.067681477000065, 56.797965907000048 ], [ 27.06979381900004, 56.802682596000068 ], [ 27.067007047000061, 56.809639837000077 ], [ 27.069708430000048, 56.812183164000032 ], [ 27.082376234000037, 56.809842192000076 ], [ 27.119594982000024, 56.812689707000061 ], [ 27.129466609000076, 56.804084839000041 ], [ 27.159265783000023, 56.812060533000079 ], [ 27.168438701000071, 56.801934134000078 ], [ 27.176978102000078, 56.799737654000069 ], [ 27.18246914100007, 56.79195326200005 ], [ 27.26832237800005, 56.791109334000055 ], [ 27.286463304000051, 56.790460135000046 ], [ 27.318915350000054, 56.781183841000029 ], [ 27.351063, 56.783235999000055 ], [ 27.387885191000066, 56.776363010000068 ], [ 27.41541296500003, 56.78184419400003 ], [ 27.460280798000042, 56.780424792000076 ], [ 27.484405840000079, 56.783665621000068 ], [ 27.486905879000062, 56.779943151000055 ], [ 27.480744401000038, 56.774458072000073 ], [ 27.482202201000064, 56.769704569000055 ], [ 27.503045806000046, 56.77105586600004 ], [ 27.506137180000053, 56.758140235000042 ], [ 27.514619290000041, 56.756231382000067 ], [ 27.517845549000072, 56.746372097000062 ], [ 27.510507324000059, 56.733886515000052 ], [ 27.496506176000025, 56.733322001000033 ], [ 27.487451072000056, 56.72971138500003 ], [ 27.486226083000076, 56.721292405000042 ], [ 27.488625929000023, 56.713819454000031 ], [ 27.486271307000038, 56.708601810000062 ], [ 27.49047693600005, 56.700790597000037 ], [ 27.483424526000078, 56.690222859000073 ], [ 27.489098461000026, 56.685181100000079 ], [ 27.469143632000055, 56.676860699000031 ], [ 27.466481829000031, 56.672601263000047 ], [ 27.474624876000064, 56.666330071000061 ], [ 27.480976230000067, 56.654359094000029 ], [ 27.488608257000067, 56.650046716000077 ], [ 27.509735053000043, 56.658053298000027 ], [ 27.533297104000042, 56.65431179400008 ], [ 27.552170984000043, 56.645791625000072 ], [ 27.556094882000025, 56.63531124800005 ], [ 27.583562036000046, 56.631271371000082 ], [ 27.586829556000055, 56.624368746000073 ], [ 27.577289500000063, 56.61804599900006 ] ], [ [ 27.304769763000024, 56.494180541000048 ], [ 27.324979184000028, 56.490533922000054 ], [ 27.343679604000044, 56.479813104000073 ], [ 27.354198127000075, 56.494225884000059 ], [ 27.372958342000061, 56.502614066000035 ], [ 27.36811027400006, 56.509627675000047 ], [ 27.374474602000078, 56.514648886000032 ], [ 27.366216296000061, 56.518385245000047 ], [ 27.374704140000063, 56.524091596000062 ], [ 27.374268039000071, 56.52907777300004 ], [ 27.369238772000074, 56.531733118000034 ], [ 27.360643541000059, 56.529010396000047 ], [ 27.350630704000025, 56.530636875000027 ], [ 27.347184296000023, 56.536912930000028 ], [ 27.34356611000004, 56.537857189000079 ], [ 27.329765734000034, 56.530485780000049 ], [ 27.319619783000064, 56.532916359000069 ], [ 27.311120061000054, 56.531015633000038 ], [ 27.309064189000026, 56.51698175000007 ], [ 27.314292263000027, 56.50865020100008 ], [ 27.304769763000024, 56.494180541000048 ] ] ] ] } },
{ "type": "Feature", "properties": { "GISCO_ID": "LV_0781800", "CNTR_CODE": "LV", "LAU_ID": "0781800", "LAU_NAME": "Viļānu novads", "cell_coverage": [ [ 0, 0.1646, 0.3625, 0.0557, 0.0175, 0, 0, 0, 0 ], [ 0, 0.3235, 1, 0.9992, 0.7987, 0.0237, 0, 0, 0 ], [ 0.113, 0.5505, 1, 1, 1, 0.7135, 0.5112, 0.1726, 0 ], [ 0.2051, 0.6721, 0.9606, 1, 1, 1, 1, 0.5501, 0 ], [ 0, 0.0007, 0.6028, 1, 1, 1, 1, 0.7302, 0 ], [ 0, 0, 0.022, 0.1976, 0.4489, 0.6113, 0.9577, 0.9233, 0.3228 ], [ 0, 0, 0, 0, 0, 0.0169, 0.0197, 0.0008, 0.0021 ] ], "xmin": 26.708333333333329, "xmax": 27.083333333333329, "ymin": 56.416666666666657, "ymax": 56.708333333333321 }, "geometry": { "type": "MultiPolygon", "coordinates": [ [ [ [ 26.776181, 56.680190999000047 ], [ 26.829381282000043, 56.682646695000074 ], [ 26.834922562000031, 56.679998270000056 ], [ 26.839158448000035, 56.670816322000064 ], [ 26.854262553000069, 56.666258927000058 ], [ 26.88960335400003, 56.66901847500003 ], [ 26.905439268000066, 56.659019353000076 ], [ 26.901412494000056, 56.646376543000031 ], [ 26.91474990100005, 56.640964266000083 ], [ 26.922395560000041, 56.626826366000046 ], [ 26.924231761000044, 56.616843707000044 ], [ 26.943720211000027, 56.612911981000082 ], [ 26.947178070000064, 56.603647003000049 ], [ 27.000181568000073, 56.605282602000045 ], [ 27.028343404000054, 56.582339567000076 ], [ 27.021467207000057, 56.577448524000033 ], [ 27.025060095000072, 56.56855398600004 ], [ 27.023325985000042, 56.560641995000083 ], [ 27.029689464000057, 56.555067177000069 ], [ 27.017742254000041, 56.550136436000059 ], [ 27.015707802000065, 56.544923105000066 ], [ 27.030482410000047, 56.526460293000071 ], [ 27.031197666000025, 56.513194093000038 ], [ 27.038300494000055, 56.507251430000053 ], [ 27.039758493000079, 56.496004111000047 ], [ 27.068373766000036, 56.481284001000063 ], [ 27.067548395000074, 56.474430760000075 ], [ 27.05033291500007, 56.466010399000027 ], [ 27.045835614000055, 56.457306119000066 ], [ 27.026410650000059, 56.459443938000049 ], [ 27.011832326000047, 56.464460688000031 ], [ 26.98905886700004, 56.462083526000072 ], [ 26.96310958600003, 56.455095432000064 ], [ 26.949441127000057, 56.455940505000058 ], [ 26.941339, 56.460028499000032 ], [ 26.950339357000075, 56.463443172000041 ], [ 26.949225557000034, 56.476619692000043 ], [ 26.916782855000065, 56.482379764000029 ], [ 26.894171565000079, 56.480326355000045 ], [ 26.867968059000077, 56.482819249000045 ], [ 26.859215236000068, 56.487390494000067 ], [ 26.853132610000046, 56.497539876000076 ], [ 26.811016739000024, 56.498605768000061 ], [ 26.802810360000024, 56.509105648000059 ], [ 26.790173354000046, 56.51503488600008 ], [ 26.802336768000032, 56.522284440000078 ], [ 26.820566947000032, 56.527212098000064 ], [ 26.822014329000069, 56.531580858000041 ], [ 26.818132012000035, 56.53798474000007 ], [ 26.804308391000063, 56.544850182000062 ], [ 26.782747419000032, 56.549697431000027 ], [ 26.767593919000035, 56.558988447000047 ], [ 26.743159, 56.560521999000059 ], [ 26.745153736000077, 56.563926089000063 ], [ 26.725162527000066, 56.576151128000049 ], [ 26.733215553000036, 56.584416720000036 ], [ 26.733984259000067, 56.591572903000042 ], [ 26.74255604800004, 56.59646409000004 ], [ 26.763917837000065, 56.598472866000066 ], [ 26.789432564000037, 56.609262896000075 ], [ 26.775827755000023, 56.620794296000042 ], [ 26.773497459000055, 56.635135772000069 ], [ 26.786812402000066, 56.647780325000042 ], [ 26.778057404000037, 56.654087781000044 ], [ 26.776820360000045, 56.664653153000074 ], [ 26.766512, 56.676453499000047 ], [ 26.776181, 56.680190999000047 ] ] ] ] } },
{ "type": "Feature", "properties": { "GISCO_ID": "LV_0800600", "CNTR_CODE": "LV", "LAU_ID": "0800600", "LAU_NAME": "Baldones novads", "cell_coverage": [ [ 0, 0.0086, 0, 0.0049, 0.0001, 0, 0, 0 ], [ 0.0292, 0.4179, 0.7644, 0.8646, 0.9078, 0.7438, 0.4305, 0.1768 ], [ 0.6138, 0.9453, 1, 1, 1, 1, 0.9488, 0.5521 ], [ 0, 0.395, 0.7578, 0.9927, 0.7714, 0.5659, 0.0889, 0 ], [ 0, 0, 0, 0.0788, 0.0089, 0, 0, 0 ] ], "xmin": 24.208333333333329, "xmax": 24.541666666666661, "ymin": 56.625, "ymax": 56.833333333333321 }, "geometry": { "type": "MultiPolygon", "coordinates": [ [ [ [ 24.528587500000071, 56.718041499000037 ], [ 24.493363802000033, 56.715247932000068 ], [ 24.434906424000076, 56.681404364000059 ], [ 24.380895340000052, 56.675117861000047 ], [ 24.37435196000007, 56.670034849000047 ], [ 24.381582584000057, 56.668319967000059 ], [ 24.382076859000051, 56.665815007000049 ], [ 24.369598500000052, 56.66104049900008 ], [ 24.359061728000029, 56.66073870200006 ], [ 24.291538712000033, 56.683968843000059 ], [ 24.272081643000035, 56.684459478000065 ], [ 24.261279466000076, 56.695471226000052 ], [ 24.262315241000067, 56.702389353000058 ], [ 24.247912500000041, 56.71266349900003 ], [ 24.229476, 56.719397499000081 ], [ 24.226771443000075, 56.721096375000059 ], [ 24.225024500000075, 56.720611499000029 ], [ 24.223520500000063, 56.720947999000032 ], [ 24.221988239000041, 56.727124632000027 ], [ 24.213327506000041, 56.72815812500005 ], [ 24.209890937000068, 56.731484508000051 ], [ 24.208556270000031, 56.739311194000038 ], [ 24.249512462000041, 56.756290438000065 ], [ 24.263905858000044, 56.749012968000045 ], [ 24.277179940000053, 56.743703087000029 ], [ 24.288143664000074, 56.748947026000053 ], [ 24.283435233000034, 56.758204029000069 ], [ 24.285765416000061, 56.762971398000047 ], [ 24.267415484000026, 56.769788300000073 ], [ 24.269390678000036, 56.773823352000079 ], [ 24.266234479000047, 56.779330360000074 ], [ 24.268760288000067, 56.782999530000041 ], [ 24.26627729300003, 56.786217238000063 ], [ 24.276164691000076, 56.794318129000033 ], [ 24.292387271000052, 56.788930081000046 ], [ 24.303476921000026, 56.779152708000026 ], [ 24.363049720000049, 56.785965772000054 ], [ 24.370481046000066, 56.793948810000074 ], [ 24.385607080000057, 56.78764564200003 ], [ 24.401311904000067, 56.785395059000052 ], [ 24.411325987000055, 56.789401242000054 ], [ 24.438788180000074, 56.779613461000054 ], [ 24.465282801000058, 56.775476533000074 ], [ 24.470263816000056, 56.767152470000042 ], [ 24.484206218000054, 56.767316476000076 ], [ 24.496645281000042, 56.761768009000036 ], [ 24.513235123000072, 56.761041103000082 ], [ 24.530924, 56.756258999000067 ], [ 24.532799312000066, 56.747097530000076 ], [ 24.526659411000026, 56.733234399000082 ], [ 24.528587500000071, 56.718041499000037 ] ] ] ] } },
{ "type": "Feature", "properties": { "GISCO_ID": "LV_0800800", "CNTR_CODE": "LV", "LAU_ID": "0800800", "LAU_NAME": "Ķekavas novads", "cell_coverage": [ [ 0, 0, 0, 0.2535, 0.6559, 0.4895, 0, 0, 0, 0, 0, 0, 0, 0, 0 ], [ 0, 0, 0, 0.4674, 0.9784, 0.8873, 0.2393, 0.0063, 0, 0.1375, 0.081, 0.1314, 0.0122, 0, 0 ], [ 0, 0, 0, 0.047, 0.8152, 1, 1, 0.8997, 0.8688, 0.9951, 0.9999, 1, 0.7644, 0.2643, 0 ], [ 0, 0.2623, 0.4992, 0.7468, 1, 1, 0.9708, 0.5821, 0.2356, 0.1354, 0.0922, 0.2562, 0.5695, 0.718, 0.0004 ], [ 0.0103, 0.6117, 0.6044, 0.5738, 0.5476, 0.6802, 0.1567, 0.0514, 0, 0, 0, 0, 0, 0, 0 ] ], "xmin": 23.958333333333329, "xmax": 24.583333333333329, "ymin": 56.708333333333321, "ymax": 56.916666666666657 }, "geometry": { "type": "MultiPolygon", "coordinates": [ [ [ [ 23.999694, 56.731160499000055 ], [ 24.008492652000029, 56.739847187000066 ], [ 24.005374122000035, 56.746135302000027 ], [ 24.010372098000062, 56.761911674000032 ], [ 24.043311989000074, 56.76595783700003 ], [ 24.046887174000062, 56.772240659000033 ], [ 24.062246682000023, 56.772697382000047 ], [ 24.08456450500006, 56.767526907000047 ], [ 24.098104750000061, 56.769138677000058 ], [ 24.101949164000075, 56.775491798000076 ], [ 24.100939433000065, 56.784852372000046 ], [ 24.137807165000027, 56.812144093000029 ], [ 24.136414007000042, 56.818019302000039 ], [ 24.139334843000029, 56.822013108000078 ], [ 24.135855855000045, 56.824861666000061 ], [ 24.138324128000079, 56.834042560000057 ], [ 24.109646354000063, 56.843143495000049 ], [ 24.096601809000049, 56.855854563000037 ], [ 24.100155965000056, 56.860107478000032 ], [ 24.097981149000077, 56.863923803000034 ], [ 24.10006209200003, 56.872771905000036 ], [ 24.104883, 56.880475499000056 ], [ 24.102050913000028, 56.891991972000028 ], [ 24.124312714000041, 56.898128537000048 ], [ 24.135244700000044, 56.899041502000046 ], [ 24.145048627000051, 56.896131384000057 ], [ 24.146233477000067, 56.908029463000048 ], [ 24.14883879000007, 56.909576304000041 ], [ 24.154014333000077, 56.905186926000056 ], [ 24.170186168000043, 56.906341550000036 ], [ 24.183450665000066, 56.901125666000041 ], [ 24.207272, 56.88177599900007 ], [ 24.192744921000042, 56.871710668000048 ], [ 24.194339318000061, 56.865298874000075 ], [ 24.226762388000054, 56.846320964000029 ], [ 24.235600016000035, 56.834482060000028 ], [ 24.263905858000044, 56.833860076000065 ], [ 24.271485074000054, 56.833156817000031 ], [ 24.279710047000037, 56.824515684000062 ], [ 24.290566807000062, 56.821941199000037 ], [ 24.336098594000077, 56.834243736000076 ], [ 24.342064551000078, 56.841194483000038 ], [ 24.405460087000051, 56.835597043000064 ], [ 24.433476938000069, 56.837972941000032 ], [ 24.442329, 56.842316999000047 ], [ 24.471512167000071, 56.83274238100006 ], [ 24.477593154000033, 56.822248546000083 ], [ 24.505971683000041, 56.808161811000048 ], [ 24.52204050000006, 56.807074999000065 ], [ 24.521566145000065, 56.799847098000043 ], [ 24.526480949000074, 56.797033388000045 ], [ 24.534161143000063, 56.797882561000051 ], [ 24.541279404000079, 56.791902824000033 ], [ 24.536693201000048, 56.777273379000064 ], [ 24.542520960000047, 56.76959250200008 ], [ 24.535922854000034, 56.764323585000056 ], [ 24.536238119000075, 56.758578127000078 ], [ 24.530924, 56.756258999000067 ], [ 24.513235123000072, 56.761041103000082 ], [ 24.496645281000042, 56.761768009000036 ], [ 24.484206218000054, 56.767316476000076 ], [ 24.470263816000056, 56.767152470000042 ], [ 24.465282801000058, 56.775476533000074 ], [ 24.438788180000074, 56.779613461000054 ], [ 24.411325987000055, 56.789401242000054 ], [ 24.401311904000067, 56.785395059000052 ], [ 24.385607080000057, 56.78764564200003 ], [ 24.370481046000066, 56.793948810000074 ], [ 24.363049720000049, 56.785965772000054 ], [ 24.303476921000026, 56.779152708000026 ], [ 24.292387271000052, 56.788930081000046 ], [ 24.276164691000076, 56.794318129000033 ], [ 24.26627729300003, 56.786217238000063 ], [ 24.268760288000067, 56.782999530000041 ], [ 24.266234479000047, 56.779330360000074 ], [ 24.269390678000036, 56.773823352000079 ], [ 24.267415484000026, 56.769788300000073 ], [ 24.285765416000061, 56.762971398000047 ], [ 24.283435233000034, 56.758204029000069 ], [ 24.288143664000074, 56.748947026000053 ], [ 24.277179940000053, 56.743703087000029 ], [ 24.263905858000044, 56.749012968000045 ], [ 24.249512462000041, 56.756290438000065 ], [ 24.208556270000031, 56.739311194000038 ], [ 24.209890937000068, 56.731484508000051 ], [ 24.213327506000041, 56.72815812500005 ], [ 24.221988239000041, 56.727124632000027 ], [ 24.223520500000063, 56.720947999000032 ], [ 24.194521192000025, 56.718119270000045 ], [ 24.178821701000061, 56.720785814000067 ], [ 24.178658512000027, 56.727339762000042 ], [ 24.17612086500003, 56.727978221000058 ], [ 24.059449577000066, 56.724918047000074 ], [ 24.000383500000055, 56.720537499000045 ], [ 23.996632474000023, 56.725917474000028 ], [ 23.999694, 56.731160499000055 ] ] ], [ [ [ 24.225024500000075, 56.720611499000029 ], [ 24.226771443000075, 56.721096375000059 ], [ 24.229476, 56.719397499000081 ], [ 24.227103466000074, 56.719214799000042 ], [ 24.225024500000075, 56.720611499000029 ] ] ] ] } },
{ "type": "Feature", "properties": { "GISCO_ID": "LV_0801000", "CNTR_CODE": "LV", "LAU_ID": "0801000", "LAU_NAME": "Olaines novads", "cell_coverage": [ [ 0, 0, 0, 0, 0, 0, 0, 0, 0.033, 0.045, 0, 0, 0, 0 ], [ 0, 0, 0, 0.0006, 0.2367, 0.4122, 0.5182, 0.4839, 0.9124, 0.5326, 0.0216, 0, 0, 0 ], [ 0, 0.2472, 0.5712, 0.6953, 1, 1, 1, 1, 1, 0.953, 0.1848, 0, 0, 0 ], [ 0, 0.7424, 1, 1, 1, 1, 1, 0.7377, 0.5008, 0.2532, 0, 0, 0, 0 ], [ 0.0011, 0.3025, 0.4645, 0.2499, 0.1366, 0.4038, 0.4763, 0.329, 0.3956, 0.4262, 0.4524, 0.3198, 0.2275, 0 ], [ 0, 0, 0, 0, 0, 0, 0, 0.2638, 0.362, 0.5995, 0.9268, 0.5367, 0.3765, 0.0084 ], [ 0, 0, 0, 0, 0, 0, 0, 0, 0, 0, 0.0015, 0, 0, 0 ] ], "xmin": 23.708333333333329, "xmax": 24.291666666666661, "ymin": 56.625, "ymax": 56.916666666666657 }, "geometry": { "type": "MultiPolygon", "coordinates": [ [ [ [ 24.042561, 56.690372499000034 ], [ 24.019656153000028, 56.694345998000074 ], [ 24.01281717300003, 56.698753036000028 ], [ 24.007929116000071, 56.704593985000031 ], [ 24.01331170900005, 56.712119695000069 ], [ 24.000383500000055, 56.720537499000045 ], [ 24.059449577000066, 56.724918047000074 ], [ 24.17612086500003, 56.727978221000058 ], [ 24.178658512000027, 56.727339762000042 ], [ 24.178821701000061, 56.720785814000067 ], [ 24.194521192000025, 56.718119270000045 ], [ 24.223520500000063, 56.720947999000032 ], [ 24.225024500000075, 56.720611499000029 ], [ 24.227103466000074, 56.719214799000042 ], [ 24.229476, 56.719397499000081 ], [ 24.247912500000041, 56.71266349900003 ], [ 24.253102218000038, 56.700364370000045 ], [ 24.243429738000032, 56.693935159000034 ], [ 24.19146852700004, 56.688186791000078 ], [ 24.187305365000043, 56.695039840000049 ], [ 24.183558070000061, 56.695649874000082 ], [ 24.174410254000065, 56.68238722600006 ], [ 24.182329754000023, 56.675115219000077 ], [ 24.165998703000071, 56.671555727000055 ], [ 24.159349299000041, 56.665108004000047 ], [ 24.150644478000061, 56.672791614000062 ], [ 24.143398084000069, 56.668643852000059 ], [ 24.116397549000055, 56.672538756000051 ], [ 24.105029671000068, 56.691598499000065 ], [ 24.09230941900006, 56.686696639000047 ], [ 24.075663290000023, 56.690517011000054 ], [ 24.071161129000075, 56.687436095000066 ], [ 24.068989735000059, 56.693687256000032 ], [ 24.059846236000055, 56.69678796200003 ], [ 24.046915032000072, 56.695615829000076 ], [ 24.042561, 56.690372499000034 ] ] ], [ [ [ 24.104883, 56.880475499000056 ], [ 24.10006209200003, 56.872771905000036 ], [ 24.097981149000077, 56.863923803000034 ], [ 24.100155965000056, 56.860107478000032 ], [ 24.096601809000049, 56.855854563000037 ], [ 24.109646354000063, 56.843143495000049 ], [ 24.138324128000079, 56.834042560000057 ], [ 24.135855855000045, 56.824861666000061 ], [ 24.139334843000029, 56.822013108000078 ], [ 24.136414007000042, 56.818019302000039 ], [ 24.137807165000027, 56.812144093000029 ], [ 24.100939433000065, 56.784852372000046 ], [ 24.101949164000075, 56.775491798000076 ], [ 24.098104750000061, 56.769138677000058 ], [ 24.08456450500006, 56.767526907000047 ], [ 24.062246682000023, 56.772697382000047 ], [ 24.046887174000062, 56.772240659000033 ], [ 24.043311989000074, 56.76595783700003 ], [ 24.010372098000062, 56.761911674000032 ], [ 24.005374122000035, 56.746135302000027 ], [ 24.008492652000029, 56.739847187000066 ], [ 23.999694, 56.731160499000055 ], [ 23.934121049000055, 56.727944344000036 ], [ 23.930063424000025, 56.730915927000069 ], [ 23.920543210000062, 56.749487091000049 ], [ 23.902850622000074, 56.743316206000031 ], [ 23.861671361000049, 56.744162892000077 ], [ 23.845826909000039, 56.73919150200004 ], [ 23.83736514900005, 56.727891971000076 ], [ 23.823355994000053, 56.738248491000036 ], [ 23.812459095000065, 56.728639084000065 ], [ 23.803046562000077, 56.72536410500004 ], [ 23.766519254000059, 56.739348834000054 ], [ 23.747771, 56.740853499000082 ], [ 23.755098635000024, 56.746066332000055 ], [ 23.754620506000037, 56.752228554000055 ], [ 23.764967280000064, 56.769340843000066 ], [ 23.757169457000032, 56.771610556000041 ], [ 23.758625152000036, 56.775491798000076 ], [ 23.773385, 56.801663499000028 ], [ 23.783114545000046, 56.809653350000076 ], [ 23.781347633000053, 56.816354343000057 ], [ 23.783182570000065, 56.821337037000035 ], [ 23.795432495000057, 56.821691883000028 ], [ 23.834527305000051, 56.807580378000068 ], [ 23.869207, 56.830653999000049 ], [ 23.889103101000046, 56.843758827000045 ], [ 23.900643425000055, 56.846501576000037 ], [ 23.915834895000046, 56.844378169000038 ], [ 23.943191804000037, 56.854573139000081 ], [ 23.958501781000052, 56.849472453000033 ], [ 23.968017793000058, 56.856375115000048 ], [ 23.975500345000057, 56.857741298000064 ], [ 24.01433481600003, 56.849321649000046 ], [ 24.021492926000064, 56.854576161000068 ], [ 24.044035976000032, 56.857555306000052 ], [ 24.057827049000025, 56.876564074000044 ], [ 24.07071650000006, 56.879036499000051 ], [ 24.069077500000049, 56.875766999000064 ], [ 24.104883, 56.880475499000056 ] ] ] ] } },
{ "type": "Feature", "properties": { "GISCO_ID": "LV_0801200", "CNTR_CODE": "LV", "LAU_ID": "0801200", "LAU_NAME": "Salaspils novads", "cell_coverage": [ [ 0, 0, 0.0638, 0.0701, 0.0037, 0.0647, 0.1363, 0.002, 0 ], [ 0.0231, 0.0299, 0.6873, 0.9993, 0.7735, 1, 0.8118, 0.3911, 0.1309 ], [ 0.1127, 0.6883, 0.7923, 1, 0.8625, 0.919, 0.6367, 0.0068, 0.0106 ], [ 0, 0, 0.0917, 0.1312, 0, 0, 0, 0, 0 ] ], "xmin": 24.166666666666664, "xmax": 24.541666666666664, "ymin": 56.791666666666657, "ymax": 56.958333333333321 }, "geometry": { "type": "MultiPolygon", "coordinates": [ [ [ [ 24.442329, 56.842316999000047 ], [ 24.433476938000069, 56.837972941000032 ], [ 24.405460087000051, 56.835597043000064 ], [ 24.342064551000078, 56.841194483000038 ], [ 24.336098594000077, 56.834243736000076 ], [ 24.290566807000062, 56.821941199000037 ], [ 24.279710047000037, 56.824515684000062 ], [ 24.271485074000054, 56.833156817000031 ], [ 24.263905858000044, 56.833860076000065 ], [ 24.235600016000035, 56.834482060000028 ], [ 24.226762388000054, 56.846320964000029 ], [ 24.194339318000061, 56.865298874000075 ], [ 24.192744921000042, 56.871710668000048 ], [ 24.207272, 56.88177599900007 ], [ 24.260215187000028, 56.861110273000065 ], [ 24.280019337000056, 56.862473178000073 ], [ 24.274851500000068, 56.870241999000029 ], [ 24.278937490000033, 56.874052062000032 ], [ 24.263905858000044, 56.892378011000062 ], [ 24.255188365000038, 56.903403947000072 ], [ 24.253410261000056, 56.913246660000027 ], [ 24.25978724600003, 56.914815949000058 ], [ 24.263905858000044, 56.920443675000058 ], [ 24.307409833000065, 56.920528578000074 ], [ 24.344105186000036, 56.916269053000065 ], [ 24.332008583000061, 56.904109241000072 ], [ 24.34615631500003, 56.898869049000041 ], [ 24.362885420000055, 56.906106425000075 ], [ 24.365201433000038, 56.914349598000058 ], [ 24.370718576000058, 56.917188558000078 ], [ 24.429670500000043, 56.922293499000034 ], [ 24.451058400000079, 56.923832468000057 ], [ 24.463633665000032, 56.915207973000065 ], [ 24.455646554000054, 56.907426592000036 ], [ 24.469829623000066, 56.900630811000042 ], [ 24.498558, 56.90260549900006 ], [ 24.502071732000047, 56.892861717000073 ], [ 24.516590560000054, 56.886325869000075 ], [ 24.511761053000043, 56.881862990000059 ], [ 24.51624901200006, 56.878137601000049 ], [ 24.510237625000059, 56.873336936000044 ], [ 24.492867578000073, 56.873471227000039 ], [ 24.491468033000046, 56.875719219000075 ], [ 24.49541595200003, 56.87795995700003 ], [ 24.494119438000041, 56.881377192000059 ], [ 24.482549214000073, 56.88869722000004 ], [ 24.476001316000065, 56.88950697100006 ], [ 24.474547982000047, 56.886026060000063 ], [ 24.462931180000055, 56.89205989900006 ], [ 24.441142592000062, 56.894592601000056 ], [ 24.434121195000046, 56.892718930000058 ], [ 24.439534478000041, 56.882734050000067 ], [ 24.450756935000072, 56.877629398000067 ], [ 24.455807333000052, 56.869382099000063 ], [ 24.455401710000046, 56.865960847000053 ], [ 24.440068795000059, 56.854072840000072 ], [ 24.442329, 56.842316999000047 ] ] ] ] } },
{ "type": "Feature", "properties": { "GISCO_ID": "LV_0801400", "CNTR_CODE": "LV", "LAU_ID": "0801400", "LAU_NAME": "Saulkrastu novads", "cell_coverage": [ [ 0, 0.0814, 0.0033, 0 ], [ 0, 0.2723, 0.2757, 0 ], [ 0, 0.1853, 0.9771, 0.3081 ], [ 0.0762, 0.7319, 0.5494, 0.1841 ], [ 0.3764, 0.1517, 0, 0 ] ], "xmin": 24.333333333333329, "xmax": 24.5, "ymin": 57.16666666666665, "ymax": 57.375 }, "geometry": { "type": "MultiPolygon", "coordinates": [ [ [ [ 24.364777, 57.184086999000044 ], [ 24.356388454000069, 57.187655102000065 ], [ 24.347124500000064, 57.187306999000043 ], [ 24.337929544000076, 57.188944203000062 ], [ 24.33948950000007, 57.195792999000048 ], [ 24.386850085000049, 57.231310632000032 ], [ 24.398094951000076, 57.24450304100003 ], [ 24.409997868000062, 57.265915316000076 ], [ 24.41219522800003, 57.284153058000072 ], [ 24.406807037000078, 57.299523393000072 ], [ 24.407984706000036, 57.312142919000053 ], [ 24.402214809000043, 57.316768597000078 ], [ 24.403153, 57.350274499000079 ], [ 24.427134497000054, 57.326194061000081 ], [ 24.42891295000004, 57.317077927000071 ], [ 24.422045613000023, 57.301657766000062 ], [ 24.421746334000034, 57.294334481000078 ], [ 24.434723337000037, 57.293715845000065 ], [ 24.440038712000046, 57.299544510000032 ], [ 24.449888, 57.300440499000047 ], [ 24.449595773000055, 57.293003233000036 ], [ 24.454541378000044, 57.285381159000053 ], [ 24.461299960000076, 57.282414456000026 ], [ 24.460845157000051, 57.276145469000028 ], [ 24.475830827000038, 57.275037661000056 ], [ 24.483659428000067, 57.238215618000027 ], [ 24.446617376000063, 57.234075776000054 ], [ 24.430797518000077, 57.22221306800003 ], [ 24.423299725000049, 57.219988006000051 ], [ 24.364777, 57.184086999000044 ] ] ] ] } },
{ "type": "Feature", "properties": { "GISCO_ID": "LV_0801601", "CNTR_CODE": "LV", "LAU_ID": "0801601", "LAU_NAME": "Siguldas novads", "cell_coverage": [ [ 0, 0, 0, 0, 0, 0, 0.1167, 0.1261, 0, 0, 0, 0, 0 ], [ 0, 0, 0, 0, 0.071, 0.4055, 0.7852, 0.9791, 0.3453, 0, 0, 0, 0 ], [ 0, 0, 0, 0.0332, 0.7443, 1, 1, 1, 0.5559, 0.0448, 0.0402, 0.0079, 0 ], [ 0, 0, 0.0003, 0.6305, 1, 0.9883, 0.7803, 1, 1, 1, 0.9948, 0.6439, 0.0756 ], [ 0.4059, 0.4534, 0.6967, 0.9967, 1, 1, 0.3994, 0.1062, 0.2496, 0.8048, 0.9975, 0.872, 0.1194 ], [ 0.1294, 0.7954, 1, 1, 1, 0.9944, 0.3413, 0, 0, 0, 0.3326, 0.7269, 0.2698 ], [ 0, 0.0023, 0.0905, 0.0753, 0.3241, 0.2532, 0, 0, 0, 0, 0, 0, 0 ] ], "xmin": 24.625, "xmax": 25.166666666666668, "ymin": 56.958333333333321, "ymax": 57.25 }, "geometry": { "type": "MultiPolygon", "coordinates": [ [ [ [ 25.092448, 57.121617499000081 ], [ 25.099383941000042, 57.112810293000052 ], [ 25.119335436000028, 57.097532554000054 ], [ 25.149723334000043, 57.082492498000079 ], [ 25.128194864000022, 57.071526541000082 ], [ 25.116605278000065, 57.07010646100008 ], [ 25.109069231000035, 57.062659622000069 ], [ 25.120933285000035, 57.050363144000073 ], [ 25.132739249000053, 57.044003410000073 ], [ 25.13038767300003, 57.034176964000039 ], [ 25.140897208000069, 57.027770405000069 ], [ 25.137768430000051, 57.016349468000044 ], [ 25.142222314000037, 57.010026438000068 ], [ 25.131423500000039, 57.001374999000063 ], [ 25.111502528000074, 57.008771630000069 ], [ 25.096914996000066, 57.010397258000069 ], [ 25.09289633800006, 57.01829166300007 ], [ 25.070033727000066, 57.026849251000044 ], [ 25.045537723000052, 57.027012952000064 ], [ 25.04357262700006, 57.029612156000042 ], [ 25.048571213000059, 57.037029464000057 ], [ 25.047940578000066, 57.04133876800006 ], [ 24.989951243000064, 57.059439119000047 ], [ 24.986923846000025, 57.064709500000049 ], [ 24.992773689000046, 57.070090465000078 ], [ 24.976322089000064, 57.08000065400006 ], [ 24.938939301000062, 57.077670905000048 ], [ 24.901291332000028, 57.083714927000074 ], [ 24.897059420000062, 57.09325305200008 ], [ 24.890036806000069, 57.098653497000043 ], [ 24.890980053000078, 57.102641284000072 ], [ 24.887268645000063, 57.103614611000069 ], [ 24.876505251000026, 57.100461452000047 ], [ 24.870851981000044, 57.094587668000031 ], [ 24.897820271000057, 57.058906914000033 ], [ 24.892636891000052, 57.041951545000074 ], [ 24.885428232000038, 57.038283949000061 ], [ 24.898125422000078, 57.01221898700004 ], [ 24.861027783000054, 56.997124855000038 ], [ 24.850686017000044, 56.981985138000027 ], [ 24.817368500000043, 56.980049499000074 ], [ 24.815845928000044, 56.989013725000063 ], [ 24.784649100000024, 56.993035863000046 ], [ 24.770188447000066, 56.999698315000046 ], [ 24.723097521000057, 56.995067529000039 ], [ 24.710183075000032, 56.996471088000078 ], [ 24.695094075000043, 57.006442461000063 ], [ 24.657889456000078, 57.01939827800004 ], [ 24.656984024000053, 57.022988005000059 ], [ 24.661814994000054, 57.025366744000053 ], [ 24.66111303200006, 57.027642039000057 ], [ 24.648874359000047, 57.044590632000052 ], [ 24.629452, 57.063250999000047 ], [ 24.648921396000048, 57.070829673000048 ], [ 24.678937516000076, 57.05829981200003 ], [ 24.710183075000032, 57.062830004000034 ], [ 24.71859003000003, 57.064434530000028 ], [ 24.719373865000023, 57.06987564700006 ], [ 24.746043204000046, 57.074371955000061 ], [ 24.745930261000069, 57.079139056000031 ], [ 24.751327468000056, 57.082567299000061 ], [ 24.767142306000039, 57.083663537000064 ], [ 24.762388671000053, 57.095364364000034 ], [ 24.749133067000059, 57.097134548000042 ], [ 24.754155963000073, 57.102604275000033 ], [ 24.751209179000057, 57.107613364000031 ], [ 24.767389245000061, 57.112610097000072 ], [ 24.779790356000035, 57.111944340000036 ], [ 24.779831697000077, 57.121066723000069 ], [ 24.786429369000075, 57.125840220000043 ], [ 24.785309, 57.134362499000076 ], [ 24.803436260000069, 57.137372205000077 ], [ 24.804941249000024, 57.14269648100003 ], [ 24.801047263000044, 57.153725484000063 ], [ 24.823126735000073, 57.169197160000067 ], [ 24.825487964000047, 57.179648559000043 ], [ 24.839735419000078, 57.178986949000034 ], [ 24.84713670800005, 57.184227495000073 ], [ 24.865790739000033, 57.188141758000029 ], [ 24.870692260000055, 57.183946634000051 ], [ 24.874933679000037, 57.184039329000029 ], [ 24.890402627000071, 57.190096751000056 ], [ 24.893217177000054, 57.19605432000003 ], [ 24.892166983000038, 57.202851521000071 ], [ 24.896572866000042, 57.208402229000058 ], [ 24.894969985000046, 57.214487241000029 ], [ 24.903511, 57.218871499000045 ], [ 24.930183440000064, 57.218173948000072 ], [ 24.972875214000055, 57.193401553000058 ], [ 24.982112576000077, 57.177954585000066 ], [ 24.975456044000055, 57.161784444000034 ], [ 24.98494125700006, 57.150094621000051 ], [ 24.980680687000074, 57.143849455000066 ], [ 24.974013023000055, 57.14591693400007 ], [ 24.97200575200003, 57.142972937000081 ], [ 24.992970348000028, 57.126785713000061 ], [ 25.027487, 57.125233198000046 ], [ 25.03561036800005, 57.130266246000076 ], [ 25.045484111000064, 57.130387523000081 ], [ 25.060708476000059, 57.123491254000044 ], [ 25.08679470800007, 57.128078164000044 ], [ 25.092448, 57.121617499000081 ] ], [ [ 24.858062833000076, 57.184502859000077 ], [ 24.861941178000052, 57.180668311000034 ], [ 24.865755303000071, 57.18155045900005 ], [ 24.863653785000054, 57.185256203000051 ], [ 24.858062833000076, 57.184502859000077 ] ] ] ] } },
{ "type": "Feature", "properties": { "GISCO_ID": "LV_0801800", "CNTR_CODE": "LV", "LAU_ID": "0801800", "LAU_NAME": "Inčukalna novads", "cell_coverage": [ [ 0, 0, 0.1638, 0.2309, 0.1216, 0.1558, 0.455, 0.431 ], [ 0.0001, 0.5785, 0.9628, 1, 1, 1, 0.9997, 0.3695 ], [ 0, 0.0233, 0.2261, 0.5375, 0.4002, 0.5466, 0.3033, 0.0033 ] ], "xmin": 24.458333333333329, "xmax": 24.791666666666661, "ymin": 57.041666666666657, "ymax": 57.166666666666657 }, "geometry": { "type": "MultiPolygon", "coordinates": [ [ [ [ 24.509105500000032, 57.10810649900003 ], [ 24.552414817000056, 57.123581605000027 ], [ 24.561316203000047, 57.129465621000065 ], [ 24.565336890000026, 57.136814387000072 ], [ 24.571910329000048, 57.13906813400007 ], [ 24.61874300900007, 57.132494886000075 ], [ 24.636009859000069, 57.132943498000031 ], [ 24.659254372000078, 57.125817070000039 ], [ 24.66503, 57.129700999000079 ], [ 24.674408140000025, 57.128547755000056 ], [ 24.689182850000066, 57.133043626000074 ], [ 24.700825107000071, 57.13196137500006 ], [ 24.708974190000049, 57.136018613000033 ], [ 24.710309540000026, 57.142604221000056 ], [ 24.725063993000049, 57.142724447000035 ], [ 24.735222600000043, 57.147010954000052 ], [ 24.748233049000078, 57.144020328000067 ], [ 24.758648967000056, 57.150397070000054 ], [ 24.766772073000027, 57.146553312000037 ], [ 24.780009483000072, 57.14530183100004 ], [ 24.785309, 57.134362499000076 ], [ 24.786429369000075, 57.125840220000043 ], [ 24.779831697000077, 57.121066723000069 ], [ 24.779790356000035, 57.111944340000036 ], [ 24.767389245000061, 57.112610097000072 ], [ 24.751209179000057, 57.107613364000031 ], [ 24.754155963000073, 57.102604275000033 ], [ 24.749133067000059, 57.097134548000042 ], [ 24.762388671000053, 57.095364364000034 ], [ 24.767142306000039, 57.083663537000064 ], [ 24.751327468000056, 57.082567299000061 ], [ 24.745930261000069, 57.079139056000031 ], [ 24.746043204000046, 57.074371955000061 ], [ 24.719373865000023, 57.06987564700006 ], [ 24.71859003000003, 57.064434530000028 ], [ 24.710183075000032, 57.062830004000034 ], [ 24.678937516000076, 57.05829981200003 ], [ 24.648921396000048, 57.070829673000048 ], [ 24.629452, 57.063250999000047 ], [ 24.617787500000077, 57.062624999000036 ], [ 24.607671, 57.060357499000077 ], [ 24.586346, 57.059895999000048 ], [ 24.580902500000036, 57.061502999000027 ], [ 24.577987, 57.062818499000059 ], [ 24.560055740000053, 57.071923942000069 ], [ 24.562133923000033, 57.078902066000069 ], [ 24.558000529000026, 57.084548797000082 ], [ 24.538401847000046, 57.085533528000042 ], [ 24.51037049100006, 57.07937578800005 ], [ 24.506909600000029, 57.084998696000071 ], [ 24.516454699000064, 57.093279800000062 ], [ 24.50786, 57.09697649900005 ], [ 24.499556934000054, 57.101906404000033 ], [ 24.509105500000032, 57.10810649900003 ] ] ] ] } },
{ "type": "Feature", "properties": { "GISCO_ID": "LV_0804400", "CNTR_CODE": "LV", "LAU_ID": "0804400", "LAU_NAME": "Ādažu novads", "cell_coverage": [ [ 0, 0, 0, 0.3439, 0.4121, 0.4433, 0.1015, 0 ], [ 0, 0, 0.014, 0.855, 1, 1, 0.6775, 0 ], [ 0, 0.3532, 0.7782, 1, 1, 1, 0.9373, 0.0743 ], [ 0.051, 0.9792, 1, 0.7119, 0.494, 0.2808, 0.0539, 0 ], [ 0, 0.075, 0.2356, 0.0014, 0, 0, 0, 0 ] ], "xmin": 24.208333333333329, "xmax": 24.541666666666661, "ymin": 56.999999999999986, "ymax": 57.208333333333321 }, "geometry": { "type": "MultiPolygon", "coordinates": [ [ [ [ 24.509105500000032, 57.10810649900003 ], [ 24.499556934000054, 57.101906404000033 ], [ 24.50786, 57.09697649900005 ], [ 24.455375150000066, 57.072651202000031 ], [ 24.426152697000077, 57.071351157000038 ], [ 24.381352611000068, 57.058327925000071 ], [ 24.363502010000047, 57.060910141000079 ], [ 24.355990203000033, 57.05457222900003 ], [ 24.343220451000036, 57.049988983000048 ], [ 24.331100066000033, 57.036952893000034 ], [ 24.313095203000046, 57.027928250000059 ], [ 24.253678860000036, 57.043281842000056 ], [ 24.243223500000056, 57.069056499000055 ], [ 24.253283577000047, 57.083063312000036 ], [ 24.265225499000053, 57.087608378000027 ], [ 24.259811843000023, 57.096794834000036 ], [ 24.263004692000038, 57.100347912000075 ], [ 24.290755710000042, 57.107155861000081 ], [ 24.325239989000067, 57.119987296000033 ], [ 24.344981571000062, 57.154763531000071 ], [ 24.342876499000056, 57.178279509000049 ], [ 24.347124500000064, 57.187306999000043 ], [ 24.356388454000069, 57.187655102000065 ], [ 24.364777, 57.184086999000044 ], [ 24.385662013000058, 57.185081582000066 ], [ 24.395046052000055, 57.182007833000057 ], [ 24.429063519000067, 57.186629332000052 ], [ 24.464767170000073, 57.182312104000061 ], [ 24.509105500000032, 57.10810649900003 ] ] ] ] } },
{ "type": "Feature", "properties": { "GISCO_ID": "LV_0804900", "CNTR_CODE": "LV", "LAU_ID": "0804900", "LAU_NAME": "Babītes novads", "cell_coverage": [ [ 0, 0, 0, 0, 0, 0, 0, 0.0864, 0.0921, 0.0511, 0.1813, 0.32, 0.6112, 0.0494 ], [ 0.0284, 0.3044, 0.2123, 0.31, 0.4638, 0.4532, 0.6124, 0.8177, 0.9463, 0.9904, 0.9962, 0.6292, 0.0262, 0 ], [ 0.0008, 0.5112, 0.5691, 0.6623, 0.8415, 1, 1, 1, 1, 0.6095, 0.2314, 0, 0, 0 ], [ 0, 0, 0, 0, 0.0018, 0.2312, 0.9118, 1, 1, 0.5239, 0, 0, 0, 0 ], [ 0, 0, 0, 0, 0, 0, 0.1705, 0.5465, 0.4288, 0.3003, 0, 0, 0, 0 ] ], "xmin": 23.458333333333329, "xmax": 24.041666666666661, "ymin": 56.79166666666665, "ymax": 56.999999999999986 }, "geometry": { "type": "MultiPolygon", "coordinates": [ [ [ [ 23.869207, 56.830653999000049 ], [ 23.834527305000051, 56.807580378000068 ], [ 23.795432495000057, 56.821691883000028 ], [ 23.783182570000065, 56.821337037000035 ], [ 23.781347633000053, 56.816354343000057 ], [ 23.783114545000046, 56.809653350000076 ], [ 23.773385, 56.801663499000028 ], [ 23.76581943900004, 56.801447411000026 ], [ 23.767359161000059, 56.807612390000031 ], [ 23.758826518000035, 56.807878895000044 ], [ 23.754367900000034, 56.815639628000042 ], [ 23.744268500000032, 56.815361960000075 ], [ 23.74198735300007, 56.820928395000067 ], [ 23.731480266000062, 56.821938757000055 ], [ 23.727081229000078, 56.831640597000046 ], [ 23.718943763000027, 56.834001964000038 ], [ 23.710599759000047, 56.856401351000045 ], [ 23.654870824000056, 56.878030409000075 ], [ 23.645660169000053, 56.87836449200006 ], [ 23.628299682000033, 56.89226596900005 ], [ 23.607190643000024, 56.883996122000042 ], [ 23.598262083000066, 56.886461869000073 ], [ 23.597740973000043, 56.89232983900007 ], [ 23.593893367000078, 56.893680472000028 ], [ 23.54543607100004, 56.892464896000035 ], [ 23.536948103000043, 56.895373333000066 ], [ 23.506191500000057, 56.892519999000058 ], [ 23.494416500000057, 56.932502999000064 ], [ 23.531720619000055, 56.927399502000071 ], [ 23.537181608000026, 56.929487093000034 ], [ 23.55353838800005, 56.925176581000073 ], [ 23.601958438000054, 56.92467709500005 ], [ 23.620113341000035, 56.938888088000056 ], [ 23.628367464000064, 56.941762818000029 ], [ 23.639462006000031, 56.940064316000075 ], [ 23.650549991000048, 56.931482109000058 ], [ 23.683995166000045, 56.932244127000047 ], [ 23.699131049000073, 56.940688760000057 ], [ 23.730102905000024, 56.940326893000076 ], [ 23.749258268000062, 56.947555338000029 ], [ 23.778959546000067, 56.949407314000041 ], [ 23.785126154000068, 56.955070620000072 ], [ 23.777330626000037, 56.962234488000036 ], [ 23.776580137000053, 56.966423382000073 ], [ 23.784160478000047, 56.970385110000052 ], [ 23.803475703000061, 56.967634238000073 ], [ 23.808343032000039, 56.963568764000058 ], [ 23.811193322000065, 56.955258427000047 ], [ 23.819867116000069, 56.952862816000049 ], [ 23.894536136000056, 56.968540328000074 ], [ 23.912776640000061, 56.962953714000037 ], [ 23.929792212000052, 56.967835312000034 ], [ 23.970957, 56.986471999000059 ], [ 23.989108405000025, 56.98858352700006 ], [ 24.006782725000051, 56.986884209000038 ], [ 24.007721160000074, 56.983594315000062 ], [ 23.998744738000028, 56.978881663000038 ], [ 24.007921128000078, 56.971235401000058 ], [ 23.994212675000028, 56.96342951400004 ], [ 23.964525901000059, 56.958045178000077 ], [ 23.963138983000078, 56.951258323000047 ], [ 23.949313063000034, 56.943895166000061 ], [ 23.956202500000074, 56.938107499000068 ], [ 23.946102882000048, 56.937372052000057 ], [ 23.924308008000025, 56.922699952000073 ], [ 23.916057243000068, 56.920963725000036 ], [ 23.913066092000065, 56.914015090000078 ], [ 23.897373278000032, 56.904653303000032 ], [ 23.879297094000037, 56.903883497000038 ], [ 23.862628784000037, 56.892721918000063 ], [ 23.852808770000024, 56.894250033000048 ], [ 23.835592275000067, 56.886927395000043 ], [ 23.869207, 56.830653999000049 ] ] ] ] } },
{ "type": "Feature", "properties": { "GISCO_ID": "LV_0805200", "CNTR_CODE": "LV", "LAU_ID": "0805200", "LAU_NAME": "Carnikavas novads", "cell_coverage": [ [ 0, 0, 0, 0, 0.0155, 0.3583, 0.1521 ], [ 0, 0, 0, 0.2744, 0.8786, 0.986, 0.145 ], [ 0.0138, 0.3312, 0.7413, 0.9993, 0.6468, 0.2218, 0 ], [ 0.0157, 0.4304, 0.4531, 0.2967, 0.0049, 0, 0 ] ], "xmin": 24.083333333333329, "xmax": 24.375, "ymin": 57.041666666666657, "ymax": 57.208333333333321 }, "geometry": { "type": "MultiPolygon", "coordinates": [ [ [ [ 24.347124500000064, 57.187306999000043 ], [ 24.342876499000056, 57.178279509000049 ], [ 24.344981571000062, 57.154763531000071 ], [ 24.325239989000067, 57.119987296000033 ], [ 24.290755710000042, 57.107155861000081 ], [ 24.263004692000038, 57.100347912000075 ], [ 24.259811843000023, 57.096794834000036 ], [ 24.265225499000053, 57.087608378000027 ], [ 24.253283577000047, 57.083063312000036 ], [ 24.243223500000056, 57.069056499000055 ], [ 24.233514933000038, 57.067260610000062 ], [ 24.223814386000072, 57.07377393400003 ], [ 24.15305550000005, 57.05561749900005 ], [ 24.149855389000038, 57.061573515000077 ], [ 24.143079914000054, 57.063503344000083 ], [ 24.136089753000078, 57.076100996000037 ], [ 24.128015012000049, 57.075956485000063 ], [ 24.11914807200003, 57.07998979000007 ], [ 24.119202500000029, 57.08628999900003 ], [ 24.200117287000069, 57.119233927000039 ], [ 24.227264579000064, 57.134467431000076 ], [ 24.263905858000044, 57.16016681800005 ], [ 24.297747979000064, 57.173747785000046 ], [ 24.33948950000007, 57.195792999000048 ], [ 24.337929544000076, 57.188944203000062 ], [ 24.347124500000064, 57.187306999000043 ] ] ] ] } },
{ "type": "Feature", "properties": { "GISCO_ID": "LV_0806000", "CNTR_CODE": "LV", "LAU_ID": "0806000", "LAU_NAME": "Garkalnes novads", "cell_coverage": [ [ 0, 0, 0, 0, 0, 0, 0, 0, 0.0621, 0.0908, 0.0156 ], [ 0.018, 0.382, 0.6522, 0.0159, 0, 0.2881, 0.506, 0.7192, 0.9461, 0.7145, 0.3114 ], [ 0, 0.1243, 0.6446, 0.7672, 0.7644, 0.9986, 1, 0.9593, 0.9396, 0.4619, 0 ], [ 0, 0, 0, 0.0377, 0.5207, 0.8743, 0.2044, 0.0036, 0, 0, 0 ], [ 0, 0, 0, 0, 0, 0.0179, 0, 0, 0, 0, 0 ] ], "xmin": 24.125, "xmax": 24.583333333333332, "ymin": 56.91666666666665, "ymax": 57.125 }, "geometry": { "type": "MultiPolygon", "coordinates": [ [ [ [ 24.50786, 57.09697649900005 ], [ 24.516454699000064, 57.093279800000062 ], [ 24.506909600000029, 57.084998696000071 ], [ 24.51037049100006, 57.07937578800005 ], [ 24.538401847000046, 57.085533528000042 ], [ 24.558000529000026, 57.084548797000082 ], [ 24.562133923000033, 57.078902066000069 ], [ 24.560055740000053, 57.071923942000069 ], [ 24.577987, 57.062818499000059 ], [ 24.562500025000077, 57.057099368000081 ], [ 24.538449791000062, 57.067185995000045 ], [ 24.526949759000047, 57.061285680000083 ], [ 24.524464266000052, 57.054157606000047 ], [ 24.516576976000067, 57.051322098000071 ], [ 24.526356398000075, 57.011839569000074 ], [ 24.524847073000046, 57.008956175000037 ], [ 24.483159133000072, 57.001909406000038 ], [ 24.441018598000028, 57.002084859000036 ], [ 24.439202445000035, 57.007682088000081 ], [ 24.432559433000051, 57.000185042000055 ], [ 24.389720973000067, 56.99715156700006 ], [ 24.383807558000058, 56.990607643000033 ], [ 24.375577777000046, 56.990223993000029 ], [ 24.375599173000069, 56.986949515000049 ], [ 24.385454461000052, 56.984765348000053 ], [ 24.39151911600004, 56.977136629000029 ], [ 24.368107257000077, 56.96577067700008 ], [ 24.372304, 56.953936499000065 ], [ 24.363744560000043, 56.954964583000049 ], [ 24.362776230000065, 56.959016977000033 ], [ 24.343637301000058, 56.966716806000079 ], [ 24.336658352000029, 56.965359042000046 ], [ 24.324504, 56.968374499000049 ], [ 24.313660933000051, 56.977426341000069 ], [ 24.306392943000048, 56.979659844000082 ], [ 24.304772789000026, 56.987112685000056 ], [ 24.282169041000031, 56.995137458000045 ], [ 24.279572803000065, 57.004588728000044 ], [ 24.274879616000078, 57.008426057000065 ], [ 24.263905858000044, 57.009242044000075 ], [ 24.213269601000036, 57.017165138000053 ], [ 24.197643825000057, 57.026543436000054 ], [ 24.195040212000038, 57.032728182000028 ], [ 24.197912361000078, 57.042670485000031 ], [ 24.190243047000024, 57.045499121000034 ], [ 24.186825096000064, 57.052859516000069 ], [ 24.15305550000005, 57.05561749900005 ], [ 24.223814386000072, 57.07377393400003 ], [ 24.233514933000038, 57.067260610000062 ], [ 24.243223500000056, 57.069056499000055 ], [ 24.253678860000036, 57.043281842000056 ], [ 24.313095203000046, 57.027928250000059 ], [ 24.331100066000033, 57.036952893000034 ], [ 24.343220451000036, 57.049988983000048 ], [ 24.355990203000033, 57.05457222900003 ], [ 24.363502010000047, 57.060910141000079 ], [ 24.381352611000068, 57.058327925000071 ], [ 24.426152697000077, 57.071351157000038 ], [ 24.455375150000066, 57.072651202000031 ], [ 24.50786, 57.09697649900005 ] ] ] ] } },
{ "type": "Feature", "properties": { "GISCO_ID": "LV_0806900", "CNTR_CODE": "LV", "LAU_ID": "0806900", "LAU_NAME": "Krimuldas novads", "cell_coverage": [ [ 0, 0, 0.0524, 0.4883, 0.4381, 0.2648, 0.1036, 0, 0 ], [ 0, 0, 0.0295, 0.9553, 1, 1, 0.8635, 0.1081, 0 ], [ 0, 0.1732, 0.8005, 1, 1, 1, 1, 0.702, 0.0158 ], [ 0, 0, 0.2472, 1, 1, 1, 1, 1, 0.5934 ], [ 0, 0.0104, 0.314, 0.9418, 1, 1, 1, 0.802, 0.0974 ], [ 0.0134, 0.5984, 0.9411, 1, 1, 0.929, 0.5945, 0.2148, 0 ], [ 0, 0.0008, 0.6131, 0.545, 0.5358, 0.2557, 0, 0, 0 ] ], "xmin": 24.583333333333329, "xmax": 24.958333333333329, "ymin": 57.125, "ymax": 57.416666666666657 }, "geometry": { "type": "MultiPolygon", "coordinates": [ [ [ [ 24.785309, 57.134362499000076 ], [ 24.780009483000072, 57.14530183100004 ], [ 24.766772073000027, 57.146553312000037 ], [ 24.758648967000056, 57.150397070000054 ], [ 24.748233049000078, 57.144020328000067 ], [ 24.735222600000043, 57.147010954000052 ], [ 24.725063993000049, 57.142724447000035 ], [ 24.710309540000026, 57.142604221000056 ], [ 24.708974190000049, 57.136018613000033 ], [ 24.700825107000071, 57.13196137500006 ], [ 24.689182850000066, 57.133043626000074 ], [ 24.674408140000025, 57.128547755000056 ], [ 24.66503, 57.129700999000079 ], [ 24.681358514000067, 57.144429904000049 ], [ 24.682028874000025, 57.150287878000029 ], [ 24.677801006000038, 57.160038937000081 ], [ 24.683413772000051, 57.16964138700007 ], [ 24.654447694000055, 57.180998546000069 ], [ 24.628843774000075, 57.178908002000071 ], [ 24.627615268000056, 57.193920224000067 ], [ 24.61892689900003, 57.204729321000059 ], [ 24.659865875000037, 57.205537995000043 ], [ 24.663183401000026, 57.212260853000032 ], [ 24.678327683000077, 57.213497041000039 ], [ 24.679294, 57.223333499000034 ], [ 24.690136030000076, 57.221858213000075 ], [ 24.710183075000032, 57.227721193000036 ], [ 24.717010448000053, 57.230468127000051 ], [ 24.722188045000053, 57.238665415000071 ], [ 24.710183075000032, 57.237683051000033 ], [ 24.702411071000029, 57.244401530000061 ], [ 24.707635478000043, 57.249097437000046 ], [ 24.691244118000043, 57.285521162000066 ], [ 24.690862382000034, 57.292474213000048 ], [ 24.683916125000053, 57.297304244000031 ], [ 24.670693004000043, 57.295521028000053 ], [ 24.655079010000065, 57.300272215000064 ], [ 24.649335629000063, 57.30658397600007 ], [ 24.652394572000048, 57.313227186000063 ], [ 24.648627341000065, 57.31780370000007 ], [ 24.674408233000065, 57.319402665000041 ], [ 24.677982244000077, 57.327992083000026 ], [ 24.69449854800007, 57.327199569000072 ], [ 24.695841026000039, 57.333154927000066 ], [ 24.708896756000058, 57.335291637000068 ], [ 24.704370881000045, 57.339944649000074 ], [ 24.710183075000032, 57.343402040000058 ], [ 24.715639997000039, 57.345689912000068 ], [ 24.716717799000037, 57.347191474000056 ], [ 24.713704451000069, 57.349981416000048 ], [ 24.710183075000032, 57.358474375000071 ], [ 24.700131249000037, 57.383842835000053 ], [ 24.701616707000028, 57.387593819000074 ], [ 24.710183075000032, 57.389875834000065 ], [ 24.730763287000059, 57.392477638000059 ], [ 24.733630977000075, 57.397177156000055 ], [ 24.740009351000026, 57.39807929400007 ], [ 24.742328150000048, 57.403167367000037 ], [ 24.758689097000058, 57.409286676000079 ], [ 24.763670657000034, 57.402466606000075 ], [ 24.758756307000056, 57.393176574000051 ], [ 24.765393301000074, 57.388204595000047 ], [ 24.851263, 57.384244999000032 ], [ 24.848879881000073, 57.37983709000008 ], [ 24.858851738000055, 57.374873621000063 ], [ 24.861102233000054, 57.367339045000051 ], [ 24.87413286900005, 57.350867310000069 ], [ 24.88591271100006, 57.345914076000042 ], [ 24.881940128000053, 57.338561595000044 ], [ 24.908166185000027, 57.332655308000028 ], [ 24.902317332000052, 57.320745392000049 ], [ 24.891118363000032, 57.313116643000058 ], [ 24.899873514000035, 57.309358 ], [ 24.906292449000034, 57.302929855000059 ], [ 24.907372304000035, 57.297809911000058 ], [ 24.919728303000056, 57.296366894000073 ], [ 24.931202121000069, 57.286161776000029 ], [ 24.950292341000079, 57.277713470000037 ], [ 24.949181061000047, 57.270681488000037 ], [ 24.941349273000071, 57.263312823000035 ], [ 24.941195493000066, 57.253191976000039 ], [ 24.930901, 57.245455499000059 ], [ 24.922501101000023, 57.242432754000049 ], [ 24.924647427000025, 57.237164521000068 ], [ 24.921724056000073, 57.23439430600007 ], [ 24.902374734000034, 57.225611449000041 ], [ 24.903511, 57.218871499000045 ], [ 24.894969985000046, 57.214487241000029 ], [ 24.896572866000042, 57.208402229000058 ], [ 24.892166983000038, 57.202851521000071 ], [ 24.893217177000054, 57.19605432000003 ], [ 24.890402627000071, 57.190096751000056 ], [ 24.874933679000037, 57.184039329000029 ], [ 24.870692260000055, 57.183946634000051 ], [ 24.865790739000033, 57.188141758000029 ], [ 24.84713670800005, 57.184227495000073 ], [ 24.839735419000078, 57.178986949000034 ], [ 24.825487964000047, 57.179648559000043 ], [ 24.823126735000073, 57.169197160000067 ], [ 24.801047263000044, 57.153725484000063 ], [ 24.804941249000024, 57.14269648100003 ], [ 24.803436260000069, 57.137372205000077 ], [ 24.785309, 57.134362499000076 ] ] ], [ [ [ 24.858062833000076, 57.184502859000077 ], [ 24.863653785000054, 57.185256203000051 ], [ 24.865755303000071, 57.18155045900005 ], [ 24.861941178000052, 57.180668311000034 ], [ 24.858062833000076, 57.184502859000077 ] ] ] ] } },
{ "type": "Feature", "properties": { "GISCO_ID": "LV_0807400", "CNTR_CODE": "LV", "LAU_ID": "0807400", "LAU_NAME": "Mālpils novads", "cell_coverage": [ [ 0, 0.0117, 0.2197, 0, 0, 0, 0, 0, 0 ], [ 0, 0, 0.6006, 0.8938, 0.7504, 0.1952, 0.0025, 0, 0 ], [ 0, 0.0056, 0.6587, 1, 1, 1, 0.6674, 0.2731, 0.0105 ], [ 0.2052, 0.7468, 1, 1, 1, 1, 1, 1, 0.3687 ], [ 0.371, 0.6601, 0.7138, 0.4557, 0.5489, 0.4174, 0.4833, 0.3388, 0.1418 ] ], "xmin": 24.791666666666664, "xmax": 25.166666666666664, "ymin": 56.91666666666665, "ymax": 57.125 }, "geometry": { "type": "MultiPolygon", "coordinates": [ [ [ [ 24.817368500000043, 56.980049499000074 ], [ 24.850686017000044, 56.981985138000027 ], [ 24.861027783000054, 56.997124855000038 ], [ 24.898125422000078, 57.01221898700004 ], [ 24.885428232000038, 57.038283949000061 ], [ 24.892636891000052, 57.041951545000074 ], [ 24.897820271000057, 57.058906914000033 ], [ 24.870851981000044, 57.094587668000031 ], [ 24.876505251000026, 57.100461452000047 ], [ 24.887268645000063, 57.103614611000069 ], [ 24.890980053000078, 57.102641284000072 ], [ 24.890036806000069, 57.098653497000043 ], [ 24.897059420000062, 57.09325305200008 ], [ 24.901291332000028, 57.083714927000074 ], [ 24.938939301000062, 57.077670905000048 ], [ 24.976322089000064, 57.08000065400006 ], [ 24.992773689000046, 57.070090465000078 ], [ 24.986923846000025, 57.064709500000049 ], [ 24.989951243000064, 57.059439119000047 ], [ 25.047940578000066, 57.04133876800006 ], [ 25.048571213000059, 57.037029464000057 ], [ 25.04357262700006, 57.029612156000042 ], [ 25.045537723000052, 57.027012952000064 ], [ 25.070033727000066, 57.026849251000044 ], [ 25.09289633800006, 57.01829166300007 ], [ 25.096914996000066, 57.010397258000069 ], [ 25.111502528000074, 57.008771630000069 ], [ 25.131423500000039, 57.001374999000063 ], [ 25.137533920000067, 56.997916973000031 ], [ 25.141193479000037, 56.99103154900007 ], [ 25.132060336000052, 56.98352095100006 ], [ 25.148259378000034, 56.971127694000074 ], [ 25.140453277000063, 56.959453342000074 ], [ 25.14623, 56.949692999000035 ], [ 25.12503139100005, 56.941704766000043 ], [ 25.112823849000051, 56.945380809000028 ], [ 25.08263746700004, 56.943566654000051 ], [ 25.053300700000023, 56.934405364000042 ], [ 25.012449278000076, 56.944814865000069 ], [ 24.991824431000055, 56.930791338000063 ], [ 24.976737861000061, 56.933888496000066 ], [ 24.954092597000056, 56.946132456000043 ], [ 24.939727017000052, 56.936560695000082 ], [ 24.922308152000028, 56.937754875000053 ], [ 24.902569048000032, 56.930818712000075 ], [ 24.892903917000069, 56.923953647000076 ], [ 24.81812190900007, 56.937223639000081 ], [ 24.802324, 56.93319199900003 ], [ 24.79309274600007, 56.93925897500003 ], [ 24.805629718000034, 56.945923012000037 ], [ 24.817184307000048, 56.958705946000066 ], [ 24.817368500000043, 56.980049499000074 ] ] ] ] } },
{ "type": "Feature", "properties": { "GISCO_ID": "LV_0807600", "CNTR_CODE": "LV", "LAU_ID": "0807600", "LAU_NAME": "Mārupes novads", "cell_coverage": [ [ 0, 0.0038, 0.3392, 0.3885, 0.2429, 0.0028 ], [ 0.3905, 0.7686, 1, 1, 1, 0.678 ], [ 0.4756, 0.7633, 0.5878, 0.4818, 0.5161, 0.0876 ], [ 0.0044, 0, 0, 0, 0, 0 ] ], "xmin": 23.833333333333329, "xmax": 24.083333333333329, "ymin": 56.791666666666657, "ymax": 56.958333333333321 }, "geometry": { "type": "MultiPolygon", "coordinates": [ [ [ [ 23.869207, 56.830653999000049 ], [ 23.835592275000067, 56.886927395000043 ], [ 23.852808770000024, 56.894250033000048 ], [ 23.862628784000037, 56.892721918000063 ], [ 23.879297094000037, 56.903883497000038 ], [ 23.897373278000032, 56.904653303000032 ], [ 23.913066092000065, 56.914015090000078 ], [ 23.916057243000068, 56.920963725000036 ], [ 23.924308008000025, 56.922699952000073 ], [ 23.946102882000048, 56.937372052000057 ], [ 23.956202500000074, 56.938107499000068 ], [ 23.96664574600004, 56.933986792000042 ], [ 23.978242485000067, 56.935174859000028 ], [ 23.996435254000062, 56.927794471000027 ], [ 24.037953566000056, 56.926518348000059 ], [ 24.046552242000075, 56.912835616000052 ], [ 24.075591810000049, 56.908852811000031 ], [ 24.081001139000023, 56.904199946000062 ], [ 24.075242865000064, 56.895038898000053 ], [ 24.07071650000006, 56.879036499000051 ], [ 24.057827049000025, 56.876564074000044 ], [ 24.044035976000032, 56.857555306000052 ], [ 24.021492926000064, 56.854576161000068 ], [ 24.01433481600003, 56.849321649000046 ], [ 23.975500345000057, 56.857741298000064 ], [ 23.968017793000058, 56.856375115000048 ], [ 23.958501781000052, 56.849472453000033 ], [ 23.943191804000037, 56.854573139000081 ], [ 23.915834895000046, 56.844378169000038 ], [ 23.900643425000055, 56.846501576000037 ], [ 23.889103101000046, 56.843758827000045 ], [ 23.869207, 56.830653999000049 ] ] ] ] } },
{ "type": "Feature", "properties": { "GISCO_ID": "LV_0808400", "CNTR_CODE": "LV", "LAU_ID": "0808400", "LAU_NAME": "Ropažu novads", "cell_coverage": [ [ 0, 0, 0, 0, 0.2622, 0.4625, 0.4625, 0.1939, 0, 0, 0, 0 ], [ 0, 0, 0.0407, 0.0604, 0.5381, 1, 1, 0.8706, 0.2046, 0, 0, 0 ], [ 0.0305, 0.7956, 0.9964, 1, 1, 1, 1, 1, 0.9977, 0.9095, 0.9247, 0.4708 ], [ 0.0169, 0.5327, 0.6862, 0.998, 1, 1, 1, 1, 1, 1, 0.9233, 0.2064 ], [ 0, 0, 0.003, 0.3371, 0.3326, 0.3833, 0.64, 0.5791, 0.489, 0.2769, 0.0321, 0 ] ], "xmin": 24.333333333333329, "xmax": 24.833333333333329, "ymin": 56.875, "ymax": 57.083333333333321 }, "geometry": { "type": "MultiPolygon", "coordinates": [ [ [ [ 24.372304, 56.953936499000065 ], [ 24.368107257000077, 56.96577067700008 ], [ 24.39151911600004, 56.977136629000029 ], [ 24.385454461000052, 56.984765348000053 ], [ 24.375599173000069, 56.986949515000049 ], [ 24.375577777000046, 56.990223993000029 ], [ 24.383807558000058, 56.990607643000033 ], [ 24.389720973000067, 56.99715156700006 ], [ 24.432559433000051, 57.000185042000055 ], [ 24.439202445000035, 57.007682088000081 ], [ 24.441018598000028, 57.002084859000036 ], [ 24.483159133000072, 57.001909406000038 ], [ 24.524847073000046, 57.008956175000037 ], [ 24.526356398000075, 57.011839569000074 ], [ 24.516576976000067, 57.051322098000071 ], [ 24.524464266000052, 57.054157606000047 ], [ 24.526949759000047, 57.061285680000083 ], [ 24.538449791000062, 57.067185995000045 ], [ 24.562500025000077, 57.057099368000081 ], [ 24.577987, 57.062818499000059 ], [ 24.580902500000036, 57.061502999000027 ], [ 24.586346, 57.059895999000048 ], [ 24.607671, 57.060357499000077 ], [ 24.617787500000077, 57.062624999000036 ], [ 24.629452, 57.063250999000047 ], [ 24.648874359000047, 57.044590632000052 ], [ 24.66111303200006, 57.027642039000057 ], [ 24.661814994000054, 57.025366744000053 ], [ 24.656984024000053, 57.022988005000059 ], [ 24.657889456000078, 57.01939827800004 ], [ 24.695094075000043, 57.006442461000063 ], [ 24.710183075000032, 56.996471088000078 ], [ 24.723097521000057, 56.995067529000039 ], [ 24.770188447000066, 56.999698315000046 ], [ 24.784649100000024, 56.993035863000046 ], [ 24.815845928000044, 56.989013725000063 ], [ 24.817368500000043, 56.980049499000074 ], [ 24.817184307000048, 56.958705946000066 ], [ 24.805629718000034, 56.945923012000037 ], [ 24.79309274600007, 56.93925897500003 ], [ 24.802324, 56.93319199900003 ], [ 24.760857269000041, 56.913096112000062 ], [ 24.729514451000057, 56.911072838000052 ], [ 24.730993, 56.900220999000055 ], [ 24.710183075000032, 56.898336792000066 ], [ 24.608464340000069, 56.88917235100007 ], [ 24.577585935000059, 56.891341834000059 ], [ 24.563418270000057, 56.906361428000082 ], [ 24.539003471000058, 56.902007432000062 ], [ 24.526804791000075, 56.904004783000062 ], [ 24.516708053000059, 56.900318391000042 ], [ 24.511092761000043, 56.904313202000083 ], [ 24.498558, 56.90260549900006 ], [ 24.469829623000066, 56.900630811000042 ], [ 24.455646554000054, 56.907426592000036 ], [ 24.463633665000032, 56.915207973000065 ], [ 24.451058400000079, 56.923832468000057 ], [ 24.429670500000043, 56.922293499000034 ], [ 24.438218, 56.927814499000078 ], [ 24.435903, 56.933134499000062 ], [ 24.429585458000076, 56.93852154700005 ], [ 24.427415824000036, 56.939147107000053 ], [ 24.40397372700005, 56.940347967000037 ], [ 24.399772992000067, 56.93852154700005 ], [ 24.389925699000059, 56.931898551000074 ], [ 24.388288197000065, 56.925659995000046 ], [ 24.376311033000036, 56.93852154700005 ], [ 24.372304, 56.953936499000065 ] ] ] ] } },
{ "type": "Feature", "properties": { "GISCO_ID": "LV_0809200", "CNTR_CODE": "LV", "LAU_ID": "0809200", "LAU_NAME": "Sējas novads", "cell_coverage": [ [ 0, 0, 0.0449, 0.2923, 0.55, 0.5036, 0.006, 0, 0 ], [ 0, 0, 0.0229, 0.6919, 1, 1, 0.7466, 0.1218, 0 ], [ 0, 0.027, 0.4506, 0.8159, 1, 1, 1, 0.6838, 0.1041 ], [ 0.017, 0.4362, 0.5567, 0.8985, 1, 1, 0.9866, 0.4016, 0.0589 ], [ 0, 0, 0, 0.3225, 1, 0.8362, 0.7691, 0.8776, 0.2311 ], [ 0, 0, 0, 0.0005, 0.2564, 0.0215, 0, 0, 0 ] ], "xmin": 24.333333333333329, "xmax": 24.708333333333329, "ymin": 57.083333333333321, "ymax": 57.333333333333321 }, "geometry": { "type": "MultiPolygon", "coordinates": [ [ [ [ 24.679294, 57.223333499000034 ], [ 24.678327683000077, 57.213497041000039 ], [ 24.663183401000026, 57.212260853000032 ], [ 24.659865875000037, 57.205537995000043 ], [ 24.61892689900003, 57.204729321000059 ], [ 24.627615268000056, 57.193920224000067 ], [ 24.628843774000075, 57.178908002000071 ], [ 24.654447694000055, 57.180998546000069 ], [ 24.683413772000051, 57.16964138700007 ], [ 24.677801006000038, 57.160038937000081 ], [ 24.682028874000025, 57.150287878000029 ], [ 24.681358514000067, 57.144429904000049 ], [ 24.66503, 57.129700999000079 ], [ 24.659254372000078, 57.125817070000039 ], [ 24.636009859000069, 57.132943498000031 ], [ 24.61874300900007, 57.132494886000075 ], [ 24.571910329000048, 57.13906813400007 ], [ 24.565336890000026, 57.136814387000072 ], [ 24.561316203000047, 57.129465621000065 ], [ 24.552414817000056, 57.123581605000027 ], [ 24.509105500000032, 57.10810649900003 ], [ 24.464767170000073, 57.182312104000061 ], [ 24.429063519000067, 57.186629332000052 ], [ 24.395046052000055, 57.182007833000057 ], [ 24.385662013000058, 57.185081582000066 ], [ 24.364777, 57.184086999000044 ], [ 24.423299725000049, 57.219988006000051 ], [ 24.430797518000077, 57.22221306800003 ], [ 24.446617376000063, 57.234075776000054 ], [ 24.483659428000067, 57.238215618000027 ], [ 24.475830827000038, 57.275037661000056 ], [ 24.460845157000051, 57.276145469000028 ], [ 24.461299960000076, 57.282414456000026 ], [ 24.454541378000044, 57.285381159000053 ], [ 24.449595773000055, 57.293003233000036 ], [ 24.449888, 57.300440499000047 ], [ 24.463578663000078, 57.301603662000048 ], [ 24.473369044000037, 57.298510258000078 ], [ 24.474909182000033, 57.302814380000029 ], [ 24.539606296000045, 57.319422739000061 ], [ 24.551714657000048, 57.317447453000057 ], [ 24.558668388000058, 57.320392170000048 ], [ 24.570231825000064, 57.317822898000031 ], [ 24.572418436000078, 57.310345012000028 ], [ 24.577310485000055, 57.306638791000069 ], [ 24.571537399000078, 57.292543951000027 ], [ 24.587511852000034, 57.293544418000067 ], [ 24.597816529000056, 57.287842348000027 ], [ 24.605579350000028, 57.276033941000037 ], [ 24.635991091000051, 57.268367901000033 ], [ 24.638343712000051, 57.258974465000051 ], [ 24.63148282800006, 57.252319058000069 ], [ 24.635447296000052, 57.240263434000042 ], [ 24.645642826000028, 57.232255448000046 ], [ 24.666815955000061, 57.232043053000041 ], [ 24.679294, 57.223333499000034 ] ] ] ] } },
{ "type": "Feature", "properties": { "GISCO_ID": "LV_0809600", "CNTR_CODE": "LV", "LAU_ID": "0809600", "LAU_NAME": "Stopiņu novads", "cell_coverage": [ [ 0, 0, 0.1273, 0.0952, 0, 0 ], [ 0.235, 0.8363, 0.9278, 0.9615, 0.4025, 0.1775 ], [ 0.2672, 0.2902, 0.0007, 0.2265, 0, 0 ], [ 0, 0.022, 0, 0, 0, 0 ] ], "xmin": 24.208333333333329, "xmax": 24.458333333333329, "ymin": 56.833333333333321, "ymax": 56.999999999999986 }, "geometry": { "type": "MultiPolygon", "coordinates": [ [ [ [ 24.274851500000068, 56.870241999000029 ], [ 24.263905858000044, 56.874859960000038 ], [ 24.246982495000054, 56.882019610000043 ], [ 24.247264729000051, 56.886496831000045 ], [ 24.229214588000048, 56.896685030000071 ], [ 24.236548920000075, 56.913050368000029 ], [ 24.234852491000026, 56.938036856000053 ], [ 24.254270077000058, 56.954924302000052 ], [ 24.263905858000044, 56.949058726000032 ], [ 24.268819353000026, 56.950925661000042 ], [ 24.271334177000028, 56.957194936000064 ], [ 24.289054609000061, 56.955786622000062 ], [ 24.324504, 56.968374499000049 ], [ 24.336658352000029, 56.965359042000046 ], [ 24.343637301000058, 56.966716806000079 ], [ 24.362776230000065, 56.959016977000033 ], [ 24.363744560000043, 56.954964583000049 ], [ 24.372304, 56.953936499000065 ], [ 24.376311033000036, 56.93852154700005 ], [ 24.388288197000065, 56.925659995000046 ], [ 24.389925699000059, 56.931898551000074 ], [ 24.399772992000067, 56.93852154700005 ], [ 24.40397372700005, 56.940347967000037 ], [ 24.427415824000036, 56.939147107000053 ], [ 24.429585458000076, 56.93852154700005 ], [ 24.435903, 56.933134499000062 ], [ 24.438218, 56.927814499000078 ], [ 24.429670500000043, 56.922293499000034 ], [ 24.370718576000058, 56.917188558000078 ], [ 24.365201433000038, 56.914349598000058 ], [ 24.362885420000055, 56.906106425000075 ], [ 24.34615631500003, 56.898869049000041 ], [ 24.332008583000061, 56.904109241000072 ], [ 24.344105186000036, 56.916269053000065 ], [ 24.307409833000065, 56.920528578000074 ], [ 24.263905858000044, 56.920443675000058 ], [ 24.25978724600003, 56.914815949000058 ], [ 24.253410261000056, 56.913246660000027 ], [ 24.255188365000038, 56.903403947000072 ], [ 24.263905858000044, 56.892378011000062 ], [ 24.278937490000033, 56.874052062000032 ], [ 24.274851500000068, 56.870241999000029 ] ] ] ] } },
{ "type": "Feature", "properties": { "GISCO_ID": "LV_0840200", "CNTR_CODE": "LV", "LAU_ID": "0840200", "LAU_NAME": "Saldus novads", "cell_coverage": [ [ 0, 0, 0, 0, 0, 0, 0, 0, 0.036, 0.1756, 0.0146, 0, 0.0024, 0.098, 0.0605, 0, 0, 0, 0, 0, 0, 0, 0, 0, 0 ], [ 0, 0, 0, 0, 0, 0, 0, 0, 0.2449, 0.7467, 0.6515, 0.2551, 0.605, 1, 0.5473, 0, 0, 0, 0, 0, 0, 0, 0, 0, 0 ], [ 0, 0, 0, 0, 0, 0, 0, 0, 0.0008, 0.2703, 0.8574, 1, 1, 0.8061, 0.0656, 0, 0, 0, 0, 0, 0, 0, 0, 0, 0 ], [ 0, 0, 0, 0, 0, 0, 0.099, 0.5244, 0.9836, 0.9998, 1, 1, 1, 0.2957, 0, 0, 0, 0, 0, 0, 0, 0, 0, 0, 0 ], [ 0, 0, 0, 0, 0, 0, 0.7867, 1, 1, 1, 1, 1, 0.8534, 0.0421, 0, 0, 0, 0, 0, 0, 0, 0, 0, 0, 0 ], [ 0, 0, 0, 0, 0, 0, 0.6364, 1, 1, 1, 1, 1, 1, 0.7589, 0.1383, 0, 0, 0, 0, 0, 0, 0, 0, 0, 0 ], [ 0, 0, 0, 0, 0.2935, 0.6851, 0.9877, 1, 1, 1, 1, 1, 1, 1, 0.3127, 0, 0, 0, 0, 0, 0, 0, 0, 0, 0 ], [ 0, 0, 0, 0, 0.3709, 1, 1, 1, 1, 1, 1, 1, 1, 1, 0.5829, 0.1306, 0, 0.0194, 0, 0, 0, 0, 0, 0, 0 ], [ 0, 0, 0, 0, 0.2063, 0.9996, 1, 1, 1, 1, 1, 1, 1, 1, 1, 0.587, 0.3773, 0.9829, 0.8305, 0.0746, 0, 0, 0, 0, 0 ], [ 0, 0, 0.2691, 0.4357, 0.5313, 0.9584, 1, 1, 1, 1, 1, 1, 1, 1, 1, 1, 1, 1, 1, 0.6318, 0, 0, 0, 0, 0 ], [ 0, 0.1577, 0.27, 0.691, 1, 1, 1, 1, 1, 1, 1, 1, 1, 1, 1, 1, 1, 1, 1, 0.5987, 0, 0, 0, 0, 0 ], [ 0.1053, 0.943, 1, 0.9981, 1, 1, 1, 1, 1, 1, 1, 1, 1, 1, 1, 1, 1, 1, 1, 0.6438, 0.0125, 0, 0, 0, 0 ], [ 0.0443, 0.3452, 0.8274, 0.8906, 0.7239, 0.7651, 0.8757, 0.9905, 1, 1, 1, 1, 1, 1, 1, 1, 1, 1, 1, 0.733, 0.122, 0.0047, 0, 0, 0 ], [ 0.0185, 0.3542, 0.0177, 0, 0, 0, 0, 0.2273, 0.2978, 0.2477, 0.4477, 0.3053, 0.2527, 0.3661, 0.5691, 0.6704, 0.8166, 0.9999, 1, 1, 1, 0.8525, 0.5963, 0.5242, 0.0831 ], [ 0, 0, 0, 0, 0, 0, 0, 0, 0, 0, 0, 0, 0, 0, 0, 0, 0, 0.2332, 0.4789, 0.1346, 0.176, 0.2136, 0.1608, 0.0332, 0 ] ], "xmin": 21.916666666666664, "xmax": 22.958333333333332, "ymin": 56.333333333333321, "ymax": 56.958333333333321 }, "geometry": { "type": "MultiPolygon", "coordinates": [ [ [ [ 22.635563500000046, 56.368167999000036 ], [ 22.615410723000025, 56.382340217000035 ], [ 22.598358045000055, 56.382817856000031 ], [ 22.585260937000044, 56.386667360000047 ], [ 22.578203980000069, 56.390225729000065 ], [ 22.55960592200006, 56.387627876000067 ], [ 22.537725962000025, 56.38969009200008 ], [ 22.529192048000027, 56.393363108000074 ], [ 22.510470498000075, 56.393228488000034 ], [ 22.475835681000035, 56.403629538000075 ], [ 22.449187722000033, 56.40279711200003 ], [ 22.425041944000043, 56.409771170000056 ], [ 22.40477445700003, 56.407070009000051 ], [ 22.389542334000055, 56.400913427000035 ], [ 22.360393861000034, 56.40001843500005 ], [ 22.352364542000032, 56.394889886000044 ], [ 22.346041111000034, 56.394421091000027 ], [ 22.332693714000072, 56.400826641000037 ], [ 22.323043105000067, 56.40215448500004 ], [ 22.318492455000069, 56.407990526000049 ], [ 22.311721760000069, 56.409705204000034 ], [ 22.296456530000057, 56.407262665000076 ], [ 22.285240707000071, 56.40958372800003 ], [ 22.276820967000049, 56.403729313000042 ], [ 22.241520146000028, 56.400198710000041 ], [ 22.216361139000071, 56.412998707000042 ], [ 22.207789302000037, 56.423787287000039 ], [ 22.166874965000034, 56.419879661000039 ], [ 22.129789566000056, 56.431677585000045 ], [ 22.105161890000034, 56.428697292000038 ], [ 22.100725630000056, 56.426435986000058 ], [ 22.090383799000051, 56.427657964000048 ], [ 22.083138758000075, 56.422909743000048 ], [ 22.070659973000033, 56.423940274000074 ], [ 22.062260577000075, 56.419606282000075 ], [ 22.052888758000051, 56.421043201000032 ], [ 22.047451727000066, 56.417515131000073 ], [ 22.033290456000032, 56.424366682000027 ], [ 22.016412790000061, 56.424009928000032 ], [ 22.012026498000068, 56.419979534000049 ], [ 22.012772787000074, 56.414628690000029 ], [ 21.995864597000036, 56.41360290700004 ], [ 21.987940630000026, 56.401146241000049 ], [ 21.980536, 56.39554399900004 ], [ 21.963936612000055, 56.399402838000071 ], [ 21.946554207000077, 56.423628895000036 ], [ 21.975327270000037, 56.428741603000049 ], [ 21.984951140000078, 56.432939400000066 ], [ 22.004480975000035, 56.431894764000049 ], [ 22.005686532000027, 56.435239983000031 ], [ 22.002554745000054, 56.43997685000005 ], [ 22.009286061000068, 56.445790775000035 ], [ 21.998489666000069, 56.453849603000037 ], [ 21.96909400800007, 56.461846177000041 ], [ 21.954863358000068, 56.471293734000028 ], [ 21.95740418400004, 56.481750551000061 ], [ 21.946920069000043, 56.485845563000055 ], [ 21.947187988000053, 56.492827005000038 ], [ 21.952212252000038, 56.498224687000061 ], [ 21.960785248000036, 56.500569344000041 ], [ 21.965095, 56.507849499000031 ], [ 21.993401968000057, 56.506632374000048 ], [ 22.014911613000038, 56.51288702100004 ], [ 22.032151420000048, 56.501556076000043 ], [ 22.046317108000039, 56.499005278000027 ], [ 22.059863877000055, 56.510511060000056 ], [ 22.063020398000049, 56.525428653000063 ], [ 22.052883786000052, 56.53217984500003 ], [ 22.026112656000066, 56.534409691000064 ], [ 22.015262362000044, 56.539242091000062 ], [ 22.010292179000032, 56.54595968600006 ], [ 22.014424075000022, 56.554628523000076 ], [ 22.045567782000035, 56.561785068000063 ], [ 22.055242706000058, 56.557955431000039 ], [ 22.120049071000039, 56.565524337000056 ], [ 22.133993628000042, 56.573576348000074 ], [ 22.116129068000077, 56.59542695600004 ], [ 22.121141543000078, 56.608122807000029 ], [ 22.110910717000024, 56.613579816000026 ], [ 22.107469691000063, 56.621963854000057 ], [ 22.119439654000075, 56.632042783000031 ], [ 22.107685601000071, 56.638479479000068 ], [ 22.111023216000035, 56.646571876000053 ], [ 22.09971028700005, 56.670830358000046 ], [ 22.104416730000025, 56.674600096000063 ], [ 22.094579994000071, 56.680017082000063 ], [ 22.091025374000026, 56.687320940000063 ], [ 22.096611374000076, 56.68939675200005 ], [ 22.106630368000026, 56.684819357000038 ], [ 22.126251982000042, 56.683756698000082 ], [ 22.136522784000078, 56.693799526000078 ], [ 22.168326924000041, 56.702407666000056 ], [ 22.178688535000049, 56.718772511000054 ], [ 22.178362253000046, 56.729096404000074 ], [ 22.191150630000038, 56.73610614100005 ], [ 22.182381634000023, 56.753307170000028 ], [ 22.177046612000026, 56.757809810000026 ], [ 22.176313182000058, 56.769993557000078 ], [ 22.16765950000007, 56.797337999000035 ], [ 22.212157668000032, 56.79444912200006 ], [ 22.228964971000039, 56.803345599000068 ], [ 22.223342187000071, 56.807896033000077 ], [ 22.227272157000073, 56.821106825000072 ], [ 22.238808552000023, 56.824258060000034 ], [ 22.24590732200005, 56.829748588000029 ], [ 22.262117450000062, 56.83372195000004 ], [ 22.284770814000069, 56.832171408000079 ], [ 22.303501060000031, 56.834526290000042 ], [ 22.315025342000069, 56.853467652000063 ], [ 22.338479324000048, 56.849176383000042 ], [ 22.34504703500005, 56.852259171000071 ], [ 22.350838100000033, 56.862598358000071 ], [ 22.332400012000051, 56.871387575000028 ], [ 22.333332290000044, 56.878567065000027 ], [ 22.328386830000056, 56.884719143000041 ], [ 22.312099953000029, 56.884477656000058 ], [ 22.306969809000066, 56.887336899000047 ], [ 22.289125746000025, 56.883699499000045 ], [ 22.280257583000036, 56.88736887400006 ], [ 22.267161717000079, 56.887663735000046 ], [ 22.268673924000041, 56.895506327000078 ], [ 22.265372696000043, 56.901703238000039 ], [ 22.29032240500004, 56.905681499000082 ], [ 22.296124048000024, 56.911634083000081 ], [ 22.295684236000056, 56.916084090000027 ], [ 22.281836374000022, 56.91865782800005 ], [ 22.283629800000028, 56.924135276000072 ], [ 22.291855122000072, 56.925297776000036 ], [ 22.295641121000074, 56.927736347000064 ], [ 22.311703387000023, 56.924135276000072 ], [ 22.344306504000031, 56.91794956800004 ], [ 22.34344365100003, 56.909748705000027 ], [ 22.346750507000024, 56.902982429000076 ], [ 22.353711890000056, 56.895507672000065 ], [ 22.360393861000034, 56.896154584000044 ], [ 22.373791457000038, 56.89462222800006 ], [ 22.376948532000029, 56.889394037000045 ], [ 22.38317831300003, 56.888361357000065 ], [ 22.397221511000055, 56.87661466000003 ], [ 22.404109341000037, 56.888567558000034 ], [ 22.435572222000076, 56.887520435000056 ], [ 22.435639793000064, 56.906084341000053 ], [ 22.451028898000061, 56.910624537000047 ], [ 22.455445500000053, 56.91770899900007 ], [ 22.482130690000076, 56.922742171000039 ], [ 22.497917421000068, 56.919769904000077 ], [ 22.525988748000032, 56.920410695000044 ], [ 22.536410698000054, 56.915666345000034 ], [ 22.534437014000048, 56.910448704000032 ], [ 22.524837710000043, 56.909697564000055 ], [ 22.512319120000029, 56.902513376000059 ], [ 22.515000097000041, 56.897601626000039 ], [ 22.521288377000076, 56.898865199000056 ], [ 22.525028473000077, 56.893549201000042 ], [ 22.524673215000064, 56.885299020000048 ], [ 22.516713997000068, 56.882947640000054 ], [ 22.521663745000069, 56.875385319000031 ], [ 22.505743567000025, 56.867890097000043 ], [ 22.494176, 56.85434249900004 ], [ 22.483056704000035, 56.847950682000032 ], [ 22.483570777000068, 56.832910219000041 ], [ 22.46676612400006, 56.81109753800007 ], [ 22.467962164000028, 56.807176500000082 ], [ 22.461018713000044, 56.790222246000042 ], [ 22.449136420000059, 56.783823083000073 ], [ 22.446291244000065, 56.77011850100007 ], [ 22.456654130000061, 56.757616246000055 ], [ 22.470637385000032, 56.753034716000059 ], [ 22.478082715000028, 56.745793773000059 ], [ 22.464815289000057, 56.741597014000035 ], [ 22.474917881000067, 56.733141371000045 ], [ 22.503645379000034, 56.738377430000071 ], [ 22.503344338000034, 56.723357488000033 ], [ 22.514641852000068, 56.716476001000046 ], [ 22.51818901200005, 56.701307925000037 ], [ 22.507240926000065, 56.697324278000053 ], [ 22.506168545000037, 56.693867564000072 ], [ 22.516169751000064, 56.680025741000065 ], [ 22.512084924000078, 56.670589084000028 ], [ 22.521569941000052, 56.664341407000052 ], [ 22.51003987200005, 56.657163586000081 ], [ 22.51671619900003, 56.653476925000064 ], [ 22.519043242000066, 56.642517308000038 ], [ 22.52787713400005, 56.637212340000076 ], [ 22.544499140000028, 56.632638236000048 ], [ 22.553719322000063, 56.638062877000038 ], [ 22.561061377000044, 56.637439666000034 ], [ 22.563196753000057, 56.629703483000071 ], [ 22.559871957000041, 56.618487235000032 ], [ 22.567078480000077, 56.606432624000036 ], [ 22.560832817000062, 56.60235177900006 ], [ 22.561267284000053, 56.59500444300005 ], [ 22.586455889000035, 56.585864428000036 ], [ 22.593452271000046, 56.589791140000045 ], [ 22.596063181000034, 56.597640498000032 ], [ 22.611078528000064, 56.602621717000034 ], [ 22.619166387000064, 56.60425370400003 ], [ 22.625282454000057, 56.619748270000059 ], [ 22.62230502400007, 56.623518595000064 ], [ 22.629072416000042, 56.627901579000081 ], [ 22.641193411000074, 56.626357043000041 ], [ 22.647368541000048, 56.622584111000037 ], [ 22.668483600000059, 56.625070916000027 ], [ 22.68510099100007, 56.622406595000029 ], [ 22.700707283000042, 56.609333266000078 ], [ 22.708869409000044, 56.606160774000045 ], [ 22.715844832000073, 56.589740549000055 ], [ 22.731523305000053, 56.568616347000045 ], [ 22.736828, 56.566719999000043 ], [ 22.740090998000028, 56.555336314000044 ], [ 22.737350221000042, 56.548836375000064 ], [ 22.745490207000046, 56.544353099000034 ], [ 22.736572969000065, 56.525502706000054 ], [ 22.723843991000024, 56.521399402000043 ], [ 22.727459967000073, 56.512177919000067 ], [ 22.732917115000078, 56.508956374000036 ], [ 22.732214517000045, 56.505913562000046 ], [ 22.723872569000036, 56.495188076000034 ], [ 22.712546793000058, 56.493544803000077 ], [ 22.711960547000047, 56.487666686000068 ], [ 22.715574964000041, 56.483475120000037 ], [ 22.725671746000046, 56.485423016000027 ], [ 22.730168735000063, 56.480744155000082 ], [ 22.742904593000048, 56.48308787600007 ], [ 22.754876500000023, 56.472175266000079 ], [ 22.743182860000047, 56.461481931000037 ], [ 22.752193114000022, 56.451525961000073 ], [ 22.73333490300007, 56.449832191000041 ], [ 22.735172674000069, 56.445727764000083 ], [ 22.732403603000023, 56.440536381000072 ], [ 22.734558150000055, 56.43701513600007 ], [ 22.730531369000062, 56.424105071000042 ], [ 22.780962702000068, 56.421419268000079 ], [ 22.805299368000078, 56.415238673000033 ], [ 22.828479266000045, 56.402402472000063 ], [ 22.859910513000045, 56.399776918000043 ], [ 22.874355183000034, 56.396416778000059 ], [ 22.881592713000032, 56.391688978000047 ], [ 22.897595663000061, 56.400679152000066 ], [ 22.920517, 56.399142999000048 ], [ 22.92379, 56.392173999000079 ], [ 22.926455, 56.392512999000076 ], [ 22.928614, 56.388103499000067 ], [ 22.92712133200007, 56.386667360000047 ], [ 22.91759115900004, 56.378894731000059 ], [ 22.887368098000024, 56.372194544000081 ], [ 22.866681472000039, 56.370803902000034 ], [ 22.840309540000078, 56.365489941000078 ], [ 22.763407098000073, 56.36717845000004 ], [ 22.748409227000025, 56.372038019000058 ], [ 22.729922564000049, 56.371684192000032 ], [ 22.709135316000072, 56.362868236000054 ], [ 22.697960127000044, 56.353822856000079 ], [ 22.680941656000073, 56.351962145000073 ], [ 22.660887435000063, 56.361781883000049 ], [ 22.641654464000055, 56.364001019000057 ], [ 22.635563500000046, 56.368167999000036 ] ] ] ] } },
{ "type": "Feature", "properties": { "GISCO_ID": "LV_0840601", "CNTR_CODE": "LV", "LAU_ID": "0840601", "LAU_NAME": "Brocēnu novads", "cell_coverage": [ [ 0, 0.1784, 0.264, 0.2146, 0.0877, 0, 0, 0, 0, 0, 0 ], [ 0, 0.7043, 1, 1, 0.9138, 0.5882, 0.3758, 0.2406, 0.3385, 0.0202, 0 ], [ 0.1466, 0.9579, 1, 1, 1, 1, 1, 1, 1, 0.6331, 0 ], [ 0, 0.2411, 0.8617, 1, 1, 1, 1, 1, 1, 0.7982, 0.0029 ], [ 0, 0, 0.6873, 1, 1, 1, 1, 1, 1, 0.66, 0.0332 ], [ 0, 0, 0.4171, 0.8694, 1, 0.9806, 1, 1, 1, 1, 0.4266 ], [ 0, 0, 0, 0.413, 0.6227, 0.0171, 0.1695, 0.9254, 0.8575, 0.416, 0.0965 ], [ 0, 0, 0, 0, 0, 0, 0, 0.2395, 0.4989, 0.0394, 0 ] ], "xmin": 22.416666666666664, "xmax": 22.875, "ymin": 56.54166666666665, "ymax": 56.875 }, "geometry": { "type": "MultiPolygon", "coordinates": [ [ [ [ 22.774708500000031, 56.56120499900004 ], [ 22.756519020000042, 56.556869837000079 ], [ 22.749352693000048, 56.559031569000069 ], [ 22.746483724000029, 56.563940370000068 ], [ 22.736828, 56.566719999000043 ], [ 22.731523305000053, 56.568616347000045 ], [ 22.715844832000073, 56.589740549000055 ], [ 22.708869409000044, 56.606160774000045 ], [ 22.700707283000042, 56.609333266000078 ], [ 22.68510099100007, 56.622406595000029 ], [ 22.668483600000059, 56.625070916000027 ], [ 22.647368541000048, 56.622584111000037 ], [ 22.641193411000074, 56.626357043000041 ], [ 22.629072416000042, 56.627901579000081 ], [ 22.62230502400007, 56.623518595000064 ], [ 22.625282454000057, 56.619748270000059 ], [ 22.619166387000064, 56.60425370400003 ], [ 22.611078528000064, 56.602621717000034 ], [ 22.596063181000034, 56.597640498000032 ], [ 22.593452271000046, 56.589791140000045 ], [ 22.586455889000035, 56.585864428000036 ], [ 22.561267284000053, 56.59500444300005 ], [ 22.560832817000062, 56.60235177900006 ], [ 22.567078480000077, 56.606432624000036 ], [ 22.559871957000041, 56.618487235000032 ], [ 22.563196753000057, 56.629703483000071 ], [ 22.561061377000044, 56.637439666000034 ], [ 22.553719322000063, 56.638062877000038 ], [ 22.544499140000028, 56.632638236000048 ], [ 22.52787713400005, 56.637212340000076 ], [ 22.519043242000066, 56.642517308000038 ], [ 22.51671619900003, 56.653476925000064 ], [ 22.51003987200005, 56.657163586000081 ], [ 22.521569941000052, 56.664341407000052 ], [ 22.512084924000078, 56.670589084000028 ], [ 22.516169751000064, 56.680025741000065 ], [ 22.506168545000037, 56.693867564000072 ], [ 22.507240926000065, 56.697324278000053 ], [ 22.51818901200005, 56.701307925000037 ], [ 22.514641852000068, 56.716476001000046 ], [ 22.503344338000034, 56.723357488000033 ], [ 22.503645379000034, 56.738377430000071 ], [ 22.474917881000067, 56.733141371000045 ], [ 22.464815289000057, 56.741597014000035 ], [ 22.478082715000028, 56.745793773000059 ], [ 22.470637385000032, 56.753034716000059 ], [ 22.456654130000061, 56.757616246000055 ], [ 22.446291244000065, 56.77011850100007 ], [ 22.449136420000059, 56.783823083000073 ], [ 22.461018713000044, 56.790222246000042 ], [ 22.467962164000028, 56.807176500000082 ], [ 22.46676612400006, 56.81109753800007 ], [ 22.483570777000068, 56.832910219000041 ], [ 22.483056704000035, 56.847950682000032 ], [ 22.494176, 56.85434249900004 ], [ 22.527526763000026, 56.840368588000047 ], [ 22.570235967000031, 56.843124905000082 ], [ 22.599809520000065, 56.839971208000065 ], [ 22.608650092000062, 56.833127583000078 ], [ 22.611078528000064, 56.823249824000072 ], [ 22.636205884000049, 56.824084166000034 ], [ 22.646038158000067, 56.817023106000079 ], [ 22.642595147000065, 56.809187767000083 ], [ 22.681268150000051, 56.812923770000054 ], [ 22.685289567000041, 56.808426760000032 ], [ 22.692203371000062, 56.807910332000063 ], [ 22.697040436000066, 56.801979993000032 ], [ 22.713512130000026, 56.797103358000072 ], [ 22.720322587000055, 56.798226440000064 ], [ 22.725986273000046, 56.803207952000037 ], [ 22.751438083000039, 56.804643308000038 ], [ 22.759395669000071, 56.809406201000058 ], [ 22.775268757000049, 56.802776707000078 ], [ 22.78632060800004, 56.808627416000036 ], [ 22.791645, 56.803031999000041 ], [ 22.787231688000077, 56.79879063900006 ], [ 22.799609715000031, 56.794449636000081 ], [ 22.803559394000047, 56.786464900000055 ], [ 22.825584937000031, 56.769861631000026 ], [ 22.826311419000035, 56.756438529000036 ], [ 22.821037712000077, 56.751423838000051 ], [ 22.82714472300006, 56.745789278000075 ], [ 22.825789199000042, 56.733570923000059 ], [ 22.835971635000078, 56.718097870000065 ], [ 22.824763911000048, 56.718678970000042 ], [ 22.810853077000047, 56.715301077000049 ], [ 22.815339980000033, 56.709176844000069 ], [ 22.825109481000027, 56.707590782000068 ], [ 22.820532, 56.693411499000035 ], [ 22.807527027000049, 56.692487311000036 ], [ 22.798398268000028, 56.680679486000031 ], [ 22.834065072000044, 56.677350273000059 ], [ 22.839491570000064, 56.672035444000073 ], [ 22.845342106000032, 56.658436480000034 ], [ 22.855757554000036, 56.650647168000035 ], [ 22.86167329400007, 56.641910514000074 ], [ 22.84838508100006, 56.633491825000078 ], [ 22.843066160000035, 56.614121768000075 ], [ 22.836913216000028, 56.607287644000053 ], [ 22.779268426000044, 56.608187437000026 ], [ 22.778059076000034, 56.602488156000049 ], [ 22.783061074000045, 56.590415200000052 ], [ 22.792907769000067, 56.578411770000059 ], [ 22.803325505000032, 56.571374770000034 ], [ 22.798003764000043, 56.568733481000038 ], [ 22.782278526000027, 56.569999929000062 ], [ 22.774708500000031, 56.56120499900004 ] ] ] ] } },
{ "type": "Feature", "properties": { "GISCO_ID": "LV_0880200", "CNTR_CODE": "LV", "LAU_ID": "0880200", "LAU_NAME": "Talsu novads", "cell_coverage": [ [ 0, 0, 0, 0, 0, 0, 0, 0, 0.0698, 0.024, 0.0664, 0.1383, 0, 0, 0, 0, 0, 0, 0, 0, 0, 0, 0 ], [ 0, 0, 0, 0, 0, 0, 0, 0.0796, 0.8693, 0.9308, 0.9992, 0.9284, 0.4626, 0.0175, 0.0002, 0, 0, 0, 0, 0, 0, 0, 0 ], [ 0, 0.0541, 0.2977, 0.2092, 0, 0.0454, 0.007, 0.8495, 1, 1, 1, 1, 0.7686, 0.9323, 0.6991, 0.1146, 0, 0, 0, 0, 0, 0, 0 ], [ 0, 0.0654, 0.8248, 0.9654, 0.697, 0.9774, 0.957, 1, 1, 1, 1, 1, 1, 1, 1, 0.8595, 0.3908, 0.0051, 0.4625, 0.4904, 0.046, 0, 0 ], [ 0, 0, 0.181, 1, 1, 1, 1, 1, 1, 1, 1, 1, 1, 1, 1, 1, 1, 0.9208, 0.4713, 0.4501, 0.0638, 0, 0 ], [ 0, 0, 0.074, 0.8104, 1, 1, 1, 1, 1, 1, 1, 1, 1, 1, 1, 1, 1, 1, 0.6095, 0.1214, 0.1265, 0.0404, 0 ], [ 0, 0, 0.2812, 0.778, 1, 1, 1, 1, 1, 1, 1, 1, 1, 1, 1, 1, 1, 1, 1, 0.9974, 1, 0.6417, 0 ], [ 0.0331, 0.5359, 0.9917, 1, 1, 1, 1, 1, 1, 1, 1, 1, 1, 1, 1, 1, 1, 1, 1, 1, 1, 0.6936, 0.0083 ], [ 0.1779, 0.7478, 1, 1, 1, 1, 1, 1, 1, 1, 1, 1, 1, 1, 1, 1, 1, 1, 0.9429, 0.5639, 0.245, 0.0139, 0 ], [ 0, 0.0767, 0.7995, 0.9997, 1, 1, 1, 1, 1, 1, 1, 1, 1, 1, 0.989, 0.7096, 0.5845, 0.7123, 0.4561, 0, 0, 0, 0 ], [ 0, 0, 0, 0.0821, 0.5451, 1, 1, 1, 1, 1, 1, 0.7812, 0.5456, 0.4011, 0.1616, 0, 0, 0, 0, 0, 0, 0, 0 ], [ 0, 0, 0, 0, 0.1801, 0.9775, 1, 1, 1, 1, 1, 0.3689, 0, 0, 0, 0, 0, 0, 0, 0, 0, 0, 0 ], [ 0, 0, 0, 0, 0.0715, 0.5871, 0.5961, 0.6025, 0.6296, 0.7391, 0.4631, 0.3481, 0, 0, 0, 0, 0, 0, 0, 0, 0, 0, 0 ] ], "xmin": 22.166666666666664, "xmax": 23.125, "ymin": 56.999999999999993, "ymax": 57.541666666666657 }, "geometry": { "type": "MultiPolygon", "coordinates": [ [ [ [ 22.928004500000043, 57.130407999000056 ], [ 22.900446955000064, 57.136978930000055 ], [ 22.879088546000048, 57.138815325000053 ], [ 22.868950289000054, 57.144425955000031 ], [ 22.859910513000045, 57.14199268200008 ], [ 22.852391293000039, 57.139155827000081 ], [ 22.835859883000069, 57.145058196000036 ], [ 22.818001060000029, 57.138037180000026 ], [ 22.805581738000058, 57.139637045000029 ], [ 22.80418989900005, 57.133984466000072 ], [ 22.799519856000074, 57.130693222000048 ], [ 22.773276340000052, 57.122899783000037 ], [ 22.76776376600003, 57.111830459000032 ], [ 22.749921351000069, 57.112154617000044 ], [ 22.742651788000046, 57.10936801500003 ], [ 22.733428445000072, 57.111971095000058 ], [ 22.728311950000034, 57.10761513500006 ], [ 22.720412509000028, 57.107496041000047 ], [ 22.708519587000069, 57.102181220000034 ], [ 22.675691830000062, 57.102973939000037 ], [ 22.65771410900004, 57.095638794000081 ], [ 22.639815598000041, 57.096309077000058 ], [ 22.634370035000074, 57.079382108000061 ], [ 22.634992357000044, 57.070564348000062 ], [ 22.638462827000069, 57.060552201000064 ], [ 22.647336519000078, 57.054670244000079 ], [ 22.646504599000025, 57.043256104000079 ], [ 22.654128625000055, 57.042304700000045 ], [ 22.654760948000046, 57.035604030000059 ], [ 22.641501594000033, 57.016676120000056 ], [ 22.609094116000051, 57.019563363000032 ], [ 22.599253496000074, 57.026656629000058 ], [ 22.592364555000074, 57.026875338000082 ], [ 22.581342144000075, 57.020863602000077 ], [ 22.563020047000066, 57.02172338400004 ], [ 22.561980465000033, 57.016086778000044 ], [ 22.572235748000026, 57.016680565000058 ], [ 22.574794029000032, 57.013144519000036 ], [ 22.566372628000067, 57.005412573000058 ], [ 22.550380130000065, 57.004030560000047 ], [ 22.525195232000044, 57.015924703000053 ], [ 22.504019, 57.018543499000032 ], [ 22.499519586000076, 57.021503258000052 ], [ 22.484887817000072, 57.01913402200006 ], [ 22.476754068000048, 57.011312215000032 ], [ 22.469497301000047, 57.015205804000061 ], [ 22.458556628000053, 57.013937603000045 ], [ 22.447134532000064, 57.018667747000052 ], [ 22.388346696000042, 57.012243252000076 ], [ 22.376394138000023, 57.034353158000044 ], [ 22.360393861000034, 57.03386501600005 ], [ 22.359249194000029, 57.035340919000078 ], [ 22.356086477000076, 57.046994855000037 ], [ 22.360393861000034, 57.056634153000061 ], [ 22.379428766000046, 57.060774491000075 ], [ 22.374447598000074, 57.079537711000057 ], [ 22.365311336000048, 57.081323361000045 ], [ 22.360393861000034, 57.087043020000067 ], [ 22.355505239000024, 57.101551270000073 ], [ 22.355928286000051, 57.11247202900006 ], [ 22.331498539000052, 57.12031565400008 ], [ 22.298481702000061, 57.122083088000068 ], [ 22.288941460000046, 57.127233090000061 ], [ 22.271398116000057, 57.129899601000034 ], [ 22.263188421000052, 57.137457772000062 ], [ 22.242576366000037, 57.148332025000059 ], [ 22.240845297000078, 57.157770243000073 ], [ 22.249878799000044, 57.166478356000027 ], [ 22.250012600000048, 57.171733983000081 ], [ 22.239089736000039, 57.171658195000077 ], [ 22.209579, 57.18598399900003 ], [ 22.202775899000073, 57.190150157000062 ], [ 22.185651164000035, 57.191079843000068 ], [ 22.181264747000057, 57.196453666000082 ], [ 22.198317811000038, 57.198891754000044 ], [ 22.195726086000036, 57.207650735000072 ], [ 22.210299163000059, 57.219715067000038 ], [ 22.21151493800005, 57.225281333000055 ], [ 22.230597713000066, 57.22216153800008 ], [ 22.236265502000037, 57.229386829000077 ], [ 22.236603514000024, 57.24295096600008 ], [ 22.257210767000061, 57.249101964000033 ], [ 22.259268382000073, 57.257236434000049 ], [ 22.270329937000042, 57.26576285200008 ], [ 22.308145707000051, 57.268768848000036 ], [ 22.315163060000032, 57.277119693000031 ], [ 22.307324024000025, 57.279228534000026 ], [ 22.302811759000065, 57.284294134000049 ], [ 22.308092162000037, 57.293037371000082 ], [ 22.298469309000041, 57.319085111000049 ], [ 22.28510026500004, 57.321760778000055 ], [ 22.279694006000057, 57.326604683000028 ], [ 22.280183057000045, 57.334661032000042 ], [ 22.288289338000027, 57.350856175000047 ], [ 22.277695876000053, 57.382650487000035 ], [ 22.266509620000022, 57.381818487000032 ], [ 22.259390303000032, 57.384460821000062 ], [ 22.244748, 57.406632999000067 ], [ 22.239905893000071, 57.411504490000027 ], [ 22.237267953000071, 57.422305350000045 ], [ 22.257360371000061, 57.428754251000043 ], [ 22.267031670000051, 57.423652206000042 ], [ 22.273277902000075, 57.423680780000041 ], [ 22.274682219000056, 57.426034031000029 ], [ 22.270026958000074, 57.432275354000069 ], [ 22.275974123000026, 57.434931440000071 ], [ 22.282081420000054, 57.43181467900007 ], [ 22.300333375000037, 57.431555949000028 ], [ 22.303765868000028, 57.424861773000032 ], [ 22.32712955900007, 57.424171035000029 ], [ 22.329622103000077, 57.419039850000047 ], [ 22.325454839000031, 57.412094590000038 ], [ 22.33630394100004, 57.401489527000081 ], [ 22.359293620000074, 57.402014784000073 ], [ 22.363376811000023, 57.407178722000083 ], [ 22.379328530000066, 57.411218424000083 ], [ 22.386115390000043, 57.418791566000039 ], [ 22.416550036000046, 57.419563451000045 ], [ 22.432531816000051, 57.413514516000077 ], [ 22.456908570000053, 57.414810156000044 ], [ 22.460629195000024, 57.428180979000047 ], [ 22.466691626000056, 57.43151060200006 ], [ 22.463175079000052, 57.444595057000072 ], [ 22.468695196000056, 57.448604375000059 ], [ 22.469301064000035, 57.455803280000055 ], [ 22.486560902000065, 57.460131508000075 ], [ 22.487025989000074, 57.465662178000059 ], [ 22.507995538000046, 57.474282879000043 ], [ 22.502103924000039, 57.485108187000037 ], [ 22.51530420000006, 57.492527202000076 ], [ 22.509799545000078, 57.50027005700008 ], [ 22.54327328100004, 57.507695403000071 ], [ 22.547882246000029, 57.504638329000045 ], [ 22.548889450000047, 57.495763515000078 ], [ 22.552284827000051, 57.494112389000065 ], [ 22.616033500000071, 57.504807499000037 ], [ 22.662233166000078, 57.508621753000057 ], [ 22.660772054000063, 57.504514346000065 ], [ 22.649649279000073, 57.496456047000038 ], [ 22.653252070000065, 57.491629144000058 ], [ 22.680189162000033, 57.491843954000046 ], [ 22.704698354000072, 57.476979614000072 ], [ 22.687853020000034, 57.466791206000039 ], [ 22.670668374000059, 57.456583812000076 ], [ 22.693630269000039, 57.441872536000062 ], [ 22.735145321000061, 57.459858534000034 ], [ 22.747413954000024, 57.460672461000058 ], [ 22.815335325000035, 57.417550456000072 ], [ 22.820704975000069, 57.401085488000035 ], [ 22.831255731000056, 57.400653008000063 ], [ 22.833687583000028, 57.395621309000035 ], [ 22.850064051000061, 57.396142226000052 ], [ 22.853922428000033, 57.391863430000058 ], [ 22.859910513000045, 57.391761694000081 ], [ 22.865189931000032, 57.390044379000074 ], [ 22.866679038000029, 57.381734491000032 ], [ 22.875281728000061, 57.381443838000052 ], [ 22.877441757000042, 57.37503502800007 ], [ 22.890292112000054, 57.371890208000082 ], [ 22.930262775000074, 57.374958008000078 ], [ 22.930624322000028, 57.380364273000055 ], [ 22.940542362000031, 57.390041249000035 ], [ 22.927526388000047, 57.395287566000036 ], [ 22.927290584000048, 57.404181677000054 ], [ 22.929987406000066, 57.405820116000029 ], [ 22.958784710000032, 57.40453562600004 ], [ 22.96944744700005, 57.397696405000033 ], [ 22.996097500000076, 57.391514499000039 ], [ 23.014298476000079, 57.382170931000076 ], [ 23.010721237000041, 57.379282706000026 ], [ 22.998600560000057, 57.381117921000055 ], [ 22.994494903000032, 57.378628483000057 ], [ 22.998087800000064, 57.373857861000033 ], [ 23.011255835000043, 57.373513524000032 ], [ 23.01323093600007, 57.365785842000037 ], [ 22.984187481000049, 57.360996613000054 ], [ 22.982894335000026, 57.353576331000056 ], [ 22.97801492900004, 57.351566905000027 ], [ 22.953302484000062, 57.352870844000051 ], [ 22.950879272000066, 57.358114055000044 ], [ 22.929656962000024, 57.356101537000029 ], [ 22.913545836000026, 57.348703529000034 ], [ 22.910449043000028, 57.337684640000077 ], [ 22.927700403000074, 57.329956492000065 ], [ 22.928131765000046, 57.320763451000062 ], [ 22.936332888000038, 57.310162758000047 ], [ 22.964838963000034, 57.309513236000043 ], [ 22.973269315000039, 57.290591916000039 ], [ 23.04269516200003, 57.29985636300006 ], [ 23.051344524000058, 57.293887559000041 ], [ 23.060945509000078, 57.292860782000048 ], [ 23.074410039000043, 57.269413500000041 ], [ 23.070547849000036, 57.260560010000063 ], [ 23.061090234000062, 57.256443887000046 ], [ 23.06606490300004, 57.251937095000073 ], [ 23.074718809000046, 57.250240372000064 ], [ 23.073306032000062, 57.242580215000032 ], [ 23.088481566000041, 57.231682629000034 ], [ 23.062726326000075, 57.222095280000076 ], [ 23.056132136000031, 57.211435600000073 ], [ 23.043292557000029, 57.20393404500004 ], [ 23.023300205000055, 57.197727914000041 ], [ 22.991959665000024, 57.193595835000053 ], [ 22.976067408000063, 57.180560180000043 ], [ 22.946624812000039, 57.174101162000056 ], [ 22.948044053000046, 57.160953365000069 ], [ 22.939190259000043, 57.152813601000048 ], [ 22.93461450500007, 57.138113772000054 ], [ 22.928004500000043, 57.130407999000056 ] ] ] ] } },
{ "type": "Feature", "properties": { "GISCO_ID": "LV_0885100", "CNTR_CODE": "LV", "LAU_ID": "0885100", "LAU_NAME": "Dundagas novads", "cell_coverage": [ [ 0, 0, 0, 0, 0, 0, 0, 0, 0, 0, 0.0004, 0.1022, 0.0766 ], [ 0, 0, 0, 0, 0, 0, 0, 0.0979, 0.371, 0.6476, 0.9056, 0.9618, 0.114 ], [ 0, 0, 0, 0.0288, 0.2645, 0.5411, 0.8177, 0.9965, 1, 1, 1, 0.6915, 0 ], [ 0, 0, 0.0582, 0.8927, 1, 1, 1, 1, 1, 1, 1, 0.2225, 0 ], [ 0, 0, 0, 0.187, 1, 1, 1, 1, 1, 1, 1, 0.9785, 0.2931 ], [ 0, 0, 0, 0.0052, 0.7882, 1, 1, 1, 1, 1, 1, 0.998, 0.2512 ], [ 0, 0, 0, 0, 0.4877, 1, 1, 1, 1, 1, 0.9302, 0.976, 0.5675 ], [ 0, 0, 0.3769, 0.8326, 0.9985, 1, 1, 1, 1, 0.9204, 0.1307, 0.0692, 0.0008 ], [ 0.0949, 0.5308, 0.9561, 0.9459, 0.7023, 0.7908, 1, 0.9546, 0.993, 0.1505, 0, 0, 0 ], [ 0.0352, 0.3367, 0.4062, 0.235, 0, 0.0346, 0.303, 0.0226, 0.043, 0, 0, 0, 0 ] ], "xmin": 22.083333333333329, "xmax": 22.625, "ymin": 57.375, "ymax": 57.791666666666657 }, "geometry": { "type": "MultiPolygon", "coordinates": [ [ [ [ 22.574683500000049, 57.676655499000049 ], [ 22.554416008000032, 57.673816293000073 ], [ 22.551827509000077, 57.656799171000046 ], [ 22.544075622000037, 57.648957192000069 ], [ 22.550610471000027, 57.642337042000065 ], [ 22.549946613000031, 57.635713752000072 ], [ 22.555081849000032, 57.627207718000079 ], [ 22.578325716000052, 57.622809226000072 ], [ 22.607319047000033, 57.591200412000035 ], [ 22.610081521000041, 57.578212543000063 ], [ 22.595440004000068, 57.582992386000058 ], [ 22.597087664000071, 57.571222465000062 ], [ 22.581038898000031, 57.558978127000046 ], [ 22.594878614000038, 57.551405062000072 ], [ 22.616033500000071, 57.504807499000037 ], [ 22.552284827000051, 57.494112389000065 ], [ 22.548889450000047, 57.495763515000078 ], [ 22.547882246000029, 57.504638329000045 ], [ 22.54327328100004, 57.507695403000071 ], [ 22.509799545000078, 57.50027005700008 ], [ 22.51530420000006, 57.492527202000076 ], [ 22.502103924000039, 57.485108187000037 ], [ 22.507995538000046, 57.474282879000043 ], [ 22.487025989000074, 57.465662178000059 ], [ 22.486560902000065, 57.460131508000075 ], [ 22.469301064000035, 57.455803280000055 ], [ 22.468695196000056, 57.448604375000059 ], [ 22.463175079000052, 57.444595057000072 ], [ 22.466691626000056, 57.43151060200006 ], [ 22.460629195000024, 57.428180979000047 ], [ 22.456908570000053, 57.414810156000044 ], [ 22.432531816000051, 57.413514516000077 ], [ 22.416550036000046, 57.419563451000045 ], [ 22.386115390000043, 57.418791566000039 ], [ 22.379328530000066, 57.411218424000083 ], [ 22.363376811000023, 57.407178722000083 ], [ 22.359293620000074, 57.402014784000073 ], [ 22.33630394100004, 57.401489527000081 ], [ 22.325454839000031, 57.412094590000038 ], [ 22.329622103000077, 57.419039850000047 ], [ 22.32712955900007, 57.424171035000029 ], [ 22.303765868000028, 57.424861773000032 ], [ 22.300333375000037, 57.431555949000028 ], [ 22.282081420000054, 57.43181467900007 ], [ 22.275974123000026, 57.434931440000071 ], [ 22.270026958000074, 57.432275354000069 ], [ 22.274682219000056, 57.426034031000029 ], [ 22.273277902000075, 57.423680780000041 ], [ 22.267031670000051, 57.423652206000042 ], [ 22.257360371000061, 57.428754251000043 ], [ 22.237267953000071, 57.422305350000045 ], [ 22.239905893000071, 57.411504490000027 ], [ 22.244748, 57.406632999000067 ], [ 22.175288153000054, 57.397977156000081 ], [ 22.132683869000061, 57.404314322000062 ], [ 22.10359320200007, 57.420176862000062 ], [ 22.173087089000035, 57.450791759000083 ], [ 22.178305397000031, 57.458703530000037 ], [ 22.171702499000048, 57.466999324000028 ], [ 22.173371762000045, 57.47268960100007 ], [ 22.191886766000039, 57.476615352000067 ], [ 22.235940566000068, 57.496850058000064 ], [ 22.267233818000022, 57.501832582000077 ], [ 22.275161298000057, 57.506998708000083 ], [ 22.267235762000041, 57.548973910000029 ], [ 22.248560523000037, 57.578739017000032 ], [ 22.246333961000062, 57.607692961000055 ], [ 22.232390509000027, 57.620465721000073 ], [ 22.217754762000027, 57.62377011600006 ], [ 22.214465318000066, 57.637499457000047 ], [ 22.196016500000042, 57.656988999000077 ], [ 22.511180130000071, 57.744173708000062 ], [ 22.563343419000034, 57.755032916000062 ], [ 22.603762758000073, 57.758388367000066 ], [ 22.578008380000028, 57.71541577000005 ], [ 22.574057412000059, 57.695502772000054 ], [ 22.574683500000049, 57.676655499000049 ] ] ] ] } },
{ "type": "Feature", "properties": { "GISCO_ID": "LV_0887600", "CNTR_CODE": "LV", "LAU_ID": "0887600", "LAU_NAME": "Mērsraga novads", "cell_coverage": [ [ 0, 0, 0.0199, 0.236, 0.0078, 0, 0 ], [ 0.0359, 0.5242, 0.5499, 0.9362, 0.9406, 0.8028, 0.0871 ], [ 0, 0.3905, 0.8786, 0.8735, 0.9596, 0.7816, 0.149 ], [ 0, 0, 0.0026, 0, 0.3583, 0.7438, 0 ], [ 0, 0, 0, 0, 0.0607, 0.0727, 0 ] ], "xmin": 22.875, "xmax": 23.166666666666668, "ymin": 57.208333333333321, "ymax": 57.416666666666657 }, "geometry": { "type": "MultiPolygon", "coordinates": [ [ [ [ 23.088481566000041, 57.231682629000034 ], [ 23.073306032000062, 57.242580215000032 ], [ 23.074718809000046, 57.250240372000064 ], [ 23.06606490300004, 57.251937095000073 ], [ 23.061090234000062, 57.256443887000046 ], [ 23.070547849000036, 57.260560010000063 ], [ 23.074410039000043, 57.269413500000041 ], [ 23.060945509000078, 57.292860782000048 ], [ 23.051344524000058, 57.293887559000041 ], [ 23.04269516200003, 57.29985636300006 ], [ 22.973269315000039, 57.290591916000039 ], [ 22.964838963000034, 57.309513236000043 ], [ 22.936332888000038, 57.310162758000047 ], [ 22.928131765000046, 57.320763451000062 ], [ 22.927700403000074, 57.329956492000065 ], [ 22.910449043000028, 57.337684640000077 ], [ 22.913545836000026, 57.348703529000034 ], [ 22.929656962000024, 57.356101537000029 ], [ 22.950879272000066, 57.358114055000044 ], [ 22.953302484000062, 57.352870844000051 ], [ 22.97801492900004, 57.351566905000027 ], [ 22.982894335000026, 57.353576331000056 ], [ 22.984187481000049, 57.360996613000054 ], [ 23.01323093600007, 57.365785842000037 ], [ 23.011255835000043, 57.373513524000032 ], [ 22.998087800000064, 57.373857861000033 ], [ 22.994494903000032, 57.378628483000057 ], [ 22.998600560000057, 57.381117921000055 ], [ 23.010721237000041, 57.379282706000026 ], [ 23.014298476000079, 57.382170931000076 ], [ 22.996097500000076, 57.391514499000039 ], [ 23.001187, 57.396357999000031 ], [ 23.011393058000067, 57.393116441000075 ], [ 23.026856488000078, 57.381981120000034 ], [ 23.041128262000029, 57.377569055000038 ], [ 23.085371507000048, 57.36780165700003 ], [ 23.11750360800005, 57.366559824000035 ], [ 23.131776966000075, 57.359606271000075 ], [ 23.126856111000052, 57.350502965000032 ], [ 23.127631939000025, 57.342376347000027 ], [ 23.138766290000035, 57.334977330000072 ], [ 23.133759465000026, 57.326999423000075 ], [ 23.14689050000004, 57.316257999000072 ], [ 23.11750360800005, 57.313068092000037 ], [ 23.102491686000064, 57.302255155000068 ], [ 23.104682819000061, 57.29617157000007 ], [ 23.10638794700003, 57.294617588000051 ], [ 23.11750360800005, 57.263040552000064 ], [ 23.121520500000031, 57.252285499000038 ], [ 23.11750360800005, 57.251806758000043 ], [ 23.095287426000027, 57.248454416000072 ], [ 23.088222204000033, 57.241071809000061 ], [ 23.088481566000041, 57.231682629000034 ] ] ] ] } },
{ "type": "Feature", "properties": { "GISCO_ID": "LV_0888301", "CNTR_CODE": "LV", "LAU_ID": "0888301", "LAU_NAME": "Rojas novads", "cell_coverage": [ [ 0.1095, 0, 0, 0, 0, 0, 0, 0, 0, 0, 0, 0 ], [ 0.7413, 0.0944, 0, 0, 0, 0, 0, 0, 0, 0, 0, 0 ], [ 0.0215, 0.442, 0.0477, 0, 0, 0, 0, 0, 0, 0, 0, 0 ], [ 0.002, 0.7488, 0.8636, 0.3197, 0.0069, 0, 0, 0, 0, 0, 0, 0 ], [ 0, 0.3661, 0.8617, 1, 0.8642, 0.5145, 0.1587, 0, 0, 0, 0, 0 ], [ 0, 0, 0.0716, 0.5374, 0.9825, 0.9998, 0.992, 0.6379, 0.0432, 0, 0, 0 ], [ 0, 0, 0, 0.2314, 0.0677, 0.3009, 0.8854, 1, 0.8044, 0.0913, 0, 0 ], [ 0, 0, 0, 0, 0, 0, 0.1405, 0.6092, 0.9949, 0.5023, 0.1735, 0.0005 ], [ 0, 0, 0, 0, 0, 0, 0, 0, 0.0432, 0.0044, 0, 0 ] ], "xmin": 22.541666666666664, "xmax": 23.041666666666664, "ymin": 57.333333333333321, "ymax": 57.708333333333321 }, "geometry": { "type": "MultiPolygon", "coordinates": [ [ [ [ 22.616033500000071, 57.504807499000037 ], [ 22.594878614000038, 57.551405062000072 ], [ 22.581038898000031, 57.558978127000046 ], [ 22.597087664000071, 57.571222465000062 ], [ 22.595440004000068, 57.582992386000058 ], [ 22.610081521000041, 57.578212543000063 ], [ 22.607319047000033, 57.591200412000035 ], [ 22.578325716000052, 57.622809226000072 ], [ 22.555081849000032, 57.627207718000079 ], [ 22.549946613000031, 57.635713752000072 ], [ 22.550610471000027, 57.642337042000065 ], [ 22.544075622000037, 57.648957192000069 ], [ 22.551827509000077, 57.656799171000046 ], [ 22.554416008000032, 57.673816293000073 ], [ 22.574683500000049, 57.676655499000049 ], [ 22.579898687000025, 57.655827599000077 ], [ 22.596185232000039, 57.625919192000026 ], [ 22.612655478000022, 57.605398019000063 ], [ 22.641123563000065, 57.581627394000066 ], [ 22.690672291000055, 57.552550489000055 ], [ 22.729669099000034, 57.535640830000034 ], [ 22.801403570000048, 57.510892874000035 ], [ 22.812453728000037, 57.510066115000029 ], [ 22.815531789000033, 57.503540463000036 ], [ 22.845483528000045, 57.492090466000036 ], [ 22.879153858000052, 57.466791206000039 ], [ 22.887202256000023, 57.458149205000041 ], [ 22.907982814000036, 57.444270163000056 ], [ 22.913193885000055, 57.433545871000035 ], [ 22.929321510000022, 57.422226007000063 ], [ 22.945443899000054, 57.414417037000078 ], [ 23.001187, 57.396357999000031 ], [ 22.996097500000076, 57.391514499000039 ], [ 22.96944744700005, 57.397696405000033 ], [ 22.958784710000032, 57.40453562600004 ], [ 22.929987406000066, 57.405820116000029 ], [ 22.927290584000048, 57.404181677000054 ], [ 22.927526388000047, 57.395287566000036 ], [ 22.940542362000031, 57.390041249000035 ], [ 22.930624322000028, 57.380364273000055 ], [ 22.930262775000074, 57.374958008000078 ], [ 22.890292112000054, 57.371890208000082 ], [ 22.877441757000042, 57.37503502800007 ], [ 22.875281728000061, 57.381443838000052 ], [ 22.866679038000029, 57.381734491000032 ], [ 22.865189931000032, 57.390044379000074 ], [ 22.859910513000045, 57.391761694000081 ], [ 22.853922428000033, 57.391863430000058 ], [ 22.850064051000061, 57.396142226000052 ], [ 22.833687583000028, 57.395621309000035 ], [ 22.831255731000056, 57.400653008000063 ], [ 22.820704975000069, 57.401085488000035 ], [ 22.815335325000035, 57.417550456000072 ], [ 22.747413954000024, 57.460672461000058 ], [ 22.735145321000061, 57.459858534000034 ], [ 22.693630269000039, 57.441872536000062 ], [ 22.670668374000059, 57.456583812000076 ], [ 22.687853020000034, 57.466791206000039 ], [ 22.704698354000072, 57.476979614000072 ], [ 22.680189162000033, 57.491843954000046 ], [ 22.653252070000065, 57.491629144000058 ], [ 22.649649279000073, 57.496456047000038 ], [ 22.660772054000063, 57.504514346000065 ], [ 22.662233166000078, 57.508621753000057 ], [ 22.616033500000071, 57.504807499000037 ] ] ] ] } },
{ "type": "Feature", "properties": { "GISCO_ID": "LV_0900200", "CNTR_CODE": "LV", "LAU_ID": "0900200", "LAU_NAME": "Tukuma novads", "cell_coverage": [ [ 0, 0, 0, 0, 0, 0, 0, 0.0115, 0, 0, 0, 0, 0, 0, 0, 0, 0, 0 ], [ 0, 0, 0, 0, 0, 0, 0.2456, 0.9133, 0.077, 0, 0, 0, 0, 0, 0, 0, 0, 0 ], [ 0, 0, 0, 0.0571, 0.4361, 0.755, 0.9861, 0.9115, 0.0697, 0, 0, 0, 0, 0, 0, 0, 0, 0 ], [ 0, 0, 0, 0.4889, 1, 1, 1, 0.6151, 0.0356, 0, 0, 0, 0, 0, 0, 0, 0, 0 ], [ 0, 0, 0.2888, 0.8458, 1, 1, 1, 1, 0.9912, 0.6859, 0.0666, 0, 0, 0, 0, 0, 0, 0 ], [ 0.0014, 0.7628, 0.9997, 1, 1, 1, 1, 1, 1, 1, 0.5889, 0, 0, 0, 0, 0, 0, 0 ], [ 0.0425, 0.4788, 1, 1, 1, 1, 1, 1, 1, 0.5666, 0.0463, 0, 0, 0, 0, 0, 0, 0 ], [ 0.4666, 1, 1, 1, 1, 1, 1, 1, 0.9717, 0.2915, 0, 0, 0, 0, 0, 0, 0, 0 ], [ 0.14, 0.7028, 0.9663, 1, 1, 1, 1, 1, 0.6873, 0.3275, 0.2395, 0.1128, 0.0452, 0.0011, 0.0913, 0.2379, 0.3352, 0 ], [ 0, 0, 0.1301, 0.9902, 1, 1, 1, 1, 1, 1, 1, 1, 0.9989, 0.967, 1, 1, 0.748, 0.0386 ], [ 0, 0, 0.0319, 0.7948, 1, 1, 1, 1, 1, 1, 1, 1, 1, 1, 1, 1, 0.4525, 0 ], [ 0, 0, 0.1156, 0.7006, 0.8596, 0.7043, 0.9051, 1, 1, 1, 1, 1, 1, 0.8826, 0.8655, 0.8714, 0.4532, 0 ], [ 0, 0, 0, 0, 0, 0, 0.3801, 1, 1, 1, 1, 1, 0.8407, 0.0892, 0, 0, 0, 0 ], [ 0, 0, 0, 0, 0, 0, 0.0117, 0.681, 1, 0.8655, 0.7312, 0.8919, 0.5782, 0.0201, 0, 0, 0, 0 ], [ 0, 0, 0, 0, 0, 0, 0, 0.0067, 0.2631, 0.2025, 0, 0.0002, 0, 0, 0, 0, 0, 0 ] ], "xmin": 22.791666666666664, "xmax": 23.541666666666664, "ymin": 56.666666666666657, "ymax": 57.291666666666657 }, "geometry": { "type": "MultiPolygon", "coordinates": [ [ [ [ 23.088481566000041, 57.231682629000034 ], [ 23.088222204000033, 57.241071809000061 ], [ 23.095287426000027, 57.248454416000072 ], [ 23.11750360800005, 57.251806758000043 ], [ 23.121520500000031, 57.252285499000038 ], [ 23.129153863000056, 57.230873603000077 ], [ 23.130065030000026, 57.211318637000034 ], [ 23.137696626000036, 57.203147400000034 ], [ 23.120022734000031, 57.18831466000006 ], [ 23.117821801000048, 57.171446257000071 ], [ 23.114400117000059, 57.16529913200003 ], [ 23.090296475000059, 57.147686648000047 ], [ 23.108736415000067, 57.141213951000054 ], [ 23.128400885000076, 57.12779163700003 ], [ 23.156886603000032, 57.125577065000073 ], [ 23.199760321000042, 57.107146948000036 ], [ 23.235930752000058, 57.070899616000077 ], [ 23.240595514000063, 57.060224603000052 ], [ 23.237432784000077, 57.053580371000066 ], [ 23.223689738000076, 57.045506125000031 ], [ 23.215809893000028, 57.034600752000074 ], [ 23.202393123000036, 57.030040922000069 ], [ 23.186592226000073, 57.018317942000067 ], [ 23.174570900000049, 57.015115398000034 ], [ 23.176485140000068, 57.001144086000068 ], [ 23.17220240100005, 56.995648560000063 ], [ 23.161463963000074, 56.991021826000065 ], [ 23.160297085000025, 56.986247930000047 ], [ 23.171877091000056, 56.977311607000047 ], [ 23.192958499000042, 56.973918215000026 ], [ 23.196831953000071, 56.969061113000066 ], [ 23.184968247000029, 56.95701815700005 ], [ 23.164406141000029, 56.954892526000037 ], [ 23.14620926200007, 56.944710859000054 ], [ 23.140066403000048, 56.928533431000062 ], [ 23.150621555000043, 56.925777794000055 ], [ 23.205412568000042, 56.931053524000049 ], [ 23.256019814000069, 56.921660806000034 ], [ 23.294319629000029, 56.920720996000057 ], [ 23.350771999000074, 56.913862474000041 ], [ 23.479267, 56.932704999000066 ], [ 23.494416500000057, 56.932502999000064 ], [ 23.506191500000057, 56.892519999000058 ], [ 23.487197708000053, 56.89052468400007 ], [ 23.467962643000078, 56.884750444000076 ], [ 23.489361, 56.813796499000034 ], [ 23.460056927000039, 56.799257385000033 ], [ 23.395132669000077, 56.792826550000029 ], [ 23.388734432000035, 56.794202917000064 ], [ 23.382188608000035, 56.807906160000073 ], [ 23.372308929000042, 56.806195734000028 ], [ 23.331724646000055, 56.780093459000057 ], [ 23.319052211000042, 56.780225452000082 ], [ 23.308920398000055, 56.774862254000027 ], [ 23.335399, 56.759486981000066 ], [ 23.344541354000057, 56.751164740000036 ], [ 23.336316889000045, 56.745523632000072 ], [ 23.327810674000034, 56.732274456000027 ], [ 23.30992515500003, 56.726475039000036 ], [ 23.295731748000037, 56.714968409000051 ], [ 23.275696993000054, 56.707963474000053 ], [ 23.267194293000045, 56.713638811000067 ], [ 23.245754344000034, 56.718940502000066 ], [ 23.227350216000048, 56.720648509000057 ], [ 23.220499114000063, 56.71778054300006 ], [ 23.20376783200004, 56.723076287000026 ], [ 23.193711763000067, 56.718420532000039 ], [ 23.185267130000057, 56.708845944000075 ], [ 23.192814171000066, 56.699858290000066 ], [ 23.187314057000037, 56.694451896000032 ], [ 23.17521283800005, 56.691678253000077 ], [ 23.130647500000066, 56.700059499000076 ], [ 23.12314021800006, 56.704742407000026 ], [ 23.116508757000076, 56.715788871000029 ], [ 23.098758543000031, 56.722117463000075 ], [ 23.085843870000076, 56.736635829000079 ], [ 23.047774129000061, 56.807592687000067 ], [ 23.027749947000075, 56.807032399000036 ], [ 23.013614678000067, 56.80094757300003 ], [ 22.993927918000054, 56.800156208000033 ], [ 22.97010509200004, 56.794610926000075 ], [ 22.930078955000056, 56.806562074000055 ], [ 22.918346654000061, 56.806141231000026 ], [ 22.919557547000068, 56.814623062000067 ], [ 22.897537965000026, 56.825815435000038 ], [ 22.913533901000051, 56.838351698000054 ], [ 22.936438097000064, 56.849012543000072 ], [ 22.930384500000059, 56.85655299900003 ], [ 22.933031041000049, 56.85949619400003 ], [ 22.916137202000073, 56.868896586000062 ], [ 22.901524557000073, 56.884069690000047 ], [ 22.915777011000046, 56.888570904000062 ], [ 22.91922723600004, 56.895629127000063 ], [ 22.91807377400005, 56.900381971000058 ], [ 22.910158957000078, 56.906887478000044 ], [ 22.90786485600006, 56.917668045000028 ], [ 22.866098400000055, 56.919643665000081 ], [ 22.849927963000027, 56.93440139900008 ], [ 22.820418160000031, 56.940740229000028 ], [ 22.819534650000037, 56.95035391600004 ], [ 22.823264549000044, 56.959193026000037 ], [ 22.810643685000059, 56.963419786000031 ], [ 22.807162392000066, 56.973006002000034 ], [ 22.815623818000063, 56.982705509000027 ], [ 22.815036816000031, 56.993142639000041 ], [ 22.821056265000038, 56.996326092000061 ], [ 22.817241865000028, 57.003848724000079 ], [ 22.861276768000039, 57.00918245400004 ], [ 22.864600075000055, 57.016039055000078 ], [ 22.872567575000062, 57.019794967000053 ], [ 22.869393699000057, 57.028898884000057 ], [ 22.839325995000024, 57.036022711000044 ], [ 22.836819715000047, 57.045470300000034 ], [ 22.844846629000074, 57.048932265000076 ], [ 22.849009598000066, 57.054941367000026 ], [ 22.84087689100005, 57.066197257000056 ], [ 22.831473718000041, 57.072089735000077 ], [ 22.83964376800003, 57.078363073000048 ], [ 22.883467050000036, 57.084103919000029 ], [ 22.888931862000049, 57.087943868000082 ], [ 22.887861298000075, 57.091861553000058 ], [ 22.891986065000026, 57.095562983000036 ], [ 22.911760235000031, 57.105469795000033 ], [ 22.921766352000077, 57.105660459000035 ], [ 22.924415456000077, 57.11561437000006 ], [ 22.935997941000039, 57.115508846000068 ], [ 22.941017973000044, 57.120317079000074 ], [ 22.928004500000043, 57.130407999000056 ], [ 22.93461450500007, 57.138113772000054 ], [ 22.939190259000043, 57.152813601000048 ], [ 22.948044053000046, 57.160953365000069 ], [ 22.946624812000039, 57.174101162000056 ], [ 22.976067408000063, 57.180560180000043 ], [ 22.991959665000024, 57.193595835000053 ], [ 23.023300205000055, 57.197727914000041 ], [ 23.043292557000029, 57.20393404500004 ], [ 23.056132136000031, 57.211435600000073 ], [ 23.062726326000075, 57.222095280000076 ], [ 23.088481566000041, 57.231682629000034 ] ], [ [ 22.943163517000073, 56.849969185000077 ], [ 22.948352997000029, 56.848439340000027 ], [ 22.950426949000075, 56.851906935000045 ], [ 22.948027202000048, 56.853907445000061 ], [ 22.943163517000073, 56.849969185000077 ] ] ] ] } },
{ "type": "Feature", "properties": { "GISCO_ID": "LV_0901201", "CNTR_CODE": "LV", "LAU_ID": "0901201", "LAU_NAME": "Kandavas novads", "cell_coverage": [ [ 0, 0, 0, 0, 0, 0, 0, 0, 0.011, 0.2904, 0.4155, 0.2877, 0.055 ], [ 0, 0, 0, 0, 0, 0.2188, 0.4544, 0.5989, 0.8384, 1, 1, 0.7112, 0.1542 ], [ 0, 0, 0, 0, 0, 0.6311, 1, 1, 1, 0.9986, 0.2372, 0.0003, 0 ], [ 0, 0.0094, 0.346, 0.2609, 0.5369, 0.6519, 1, 1, 1, 0.9575, 0.5212, 0, 0 ], [ 0, 0.6035, 1, 1, 1, 1, 1, 1, 1, 0.5334, 0, 0, 0 ], [ 0.1384, 0.872, 0.9395, 1, 1, 1, 1, 1, 1, 0.86, 0.2972, 0.0337, 0 ], [ 0, 0, 0.4527, 1, 1, 1, 1, 1, 1, 1, 1, 0.8699, 0.0098 ], [ 0, 0.0155, 0.6704, 0.7854, 0.9123, 1, 1, 1, 1, 0.9513, 0.4664, 0.4326, 0.0698 ], [ 0, 0, 0, 0, 0.0862, 0.4118, 0.6242, 0.7594, 0.6541, 0.4594, 0.037, 0, 0 ] ], "xmin": 22.416666666666664, "xmax": 22.958333333333332, "ymin": 56.791666666666657, "ymax": 57.166666666666657 }, "geometry": { "type": "MultiPolygon", "coordinates": [ [ [ [ 22.791645, 56.803031999000041 ], [ 22.78632060800004, 56.808627416000036 ], [ 22.775268757000049, 56.802776707000078 ], [ 22.759395669000071, 56.809406201000058 ], [ 22.751438083000039, 56.804643308000038 ], [ 22.725986273000046, 56.803207952000037 ], [ 22.720322587000055, 56.798226440000064 ], [ 22.713512130000026, 56.797103358000072 ], [ 22.697040436000066, 56.801979993000032 ], [ 22.692203371000062, 56.807910332000063 ], [ 22.685289567000041, 56.808426760000032 ], [ 22.681268150000051, 56.812923770000054 ], [ 22.642595147000065, 56.809187767000083 ], [ 22.646038158000067, 56.817023106000079 ], [ 22.636205884000049, 56.824084166000034 ], [ 22.611078528000064, 56.823249824000072 ], [ 22.608650092000062, 56.833127583000078 ], [ 22.599809520000065, 56.839971208000065 ], [ 22.570235967000031, 56.843124905000082 ], [ 22.527526763000026, 56.840368588000047 ], [ 22.494176, 56.85434249900004 ], [ 22.505743567000025, 56.867890097000043 ], [ 22.521663745000069, 56.875385319000031 ], [ 22.516713997000068, 56.882947640000054 ], [ 22.524673215000064, 56.885299020000048 ], [ 22.525028473000077, 56.893549201000042 ], [ 22.521288377000076, 56.898865199000056 ], [ 22.515000097000041, 56.897601626000039 ], [ 22.512319120000029, 56.902513376000059 ], [ 22.524837710000043, 56.909697564000055 ], [ 22.534437014000048, 56.910448704000032 ], [ 22.536410698000054, 56.915666345000034 ], [ 22.525988748000032, 56.920410695000044 ], [ 22.497917421000068, 56.919769904000077 ], [ 22.482130690000076, 56.922742171000039 ], [ 22.455445500000053, 56.91770899900007 ], [ 22.452409992000071, 56.922483840000041 ], [ 22.452639926000074, 56.929048027000078 ], [ 22.444355357000063, 56.931530390000034 ], [ 22.443281420000062, 56.934673882000027 ], [ 22.446927263000077, 56.942275448000032 ], [ 22.463240478000046, 56.94512045700003 ], [ 22.464168578000056, 56.950358570000049 ], [ 22.458979824000039, 56.956446729000049 ], [ 22.467129312000054, 56.971878081000057 ], [ 22.467385178000029, 56.980024861000061 ], [ 22.481833539000036, 56.981010618000028 ], [ 22.48696409300004, 56.994312664000063 ], [ 22.502072415000043, 57.006980863000081 ], [ 22.504019, 57.018543499000032 ], [ 22.525195232000044, 57.015924703000053 ], [ 22.550380130000065, 57.004030560000047 ], [ 22.566372628000067, 57.005412573000058 ], [ 22.574794029000032, 57.013144519000036 ], [ 22.572235748000026, 57.016680565000058 ], [ 22.561980465000033, 57.016086778000044 ], [ 22.563020047000066, 57.02172338400004 ], [ 22.581342144000075, 57.020863602000077 ], [ 22.592364555000074, 57.026875338000082 ], [ 22.599253496000074, 57.026656629000058 ], [ 22.609094116000051, 57.019563363000032 ], [ 22.641501594000033, 57.016676120000056 ], [ 22.654760948000046, 57.035604030000059 ], [ 22.654128625000055, 57.042304700000045 ], [ 22.646504599000025, 57.043256104000079 ], [ 22.647336519000078, 57.054670244000079 ], [ 22.638462827000069, 57.060552201000064 ], [ 22.634992357000044, 57.070564348000062 ], [ 22.634370035000074, 57.079382108000061 ], [ 22.639815598000041, 57.096309077000058 ], [ 22.65771410900004, 57.095638794000081 ], [ 22.675691830000062, 57.102973939000037 ], [ 22.708519587000069, 57.102181220000034 ], [ 22.720412509000028, 57.107496041000047 ], [ 22.728311950000034, 57.10761513500006 ], [ 22.733428445000072, 57.111971095000058 ], [ 22.742651788000046, 57.10936801500003 ], [ 22.749921351000069, 57.112154617000044 ], [ 22.76776376600003, 57.111830459000032 ], [ 22.773276340000052, 57.122899783000037 ], [ 22.799519856000074, 57.130693222000048 ], [ 22.80418989900005, 57.133984466000072 ], [ 22.805581738000058, 57.139637045000029 ], [ 22.818001060000029, 57.138037180000026 ], [ 22.835859883000069, 57.145058196000036 ], [ 22.852391293000039, 57.139155827000081 ], [ 22.859910513000045, 57.14199268200008 ], [ 22.868950289000054, 57.144425955000031 ], [ 22.879088546000048, 57.138815325000053 ], [ 22.900446955000064, 57.136978930000055 ], [ 22.928004500000043, 57.130407999000056 ], [ 22.941017973000044, 57.120317079000074 ], [ 22.935997941000039, 57.115508846000068 ], [ 22.924415456000077, 57.11561437000006 ], [ 22.921766352000077, 57.105660459000035 ], [ 22.911760235000031, 57.105469795000033 ], [ 22.891986065000026, 57.095562983000036 ], [ 22.887861298000075, 57.091861553000058 ], [ 22.888931862000049, 57.087943868000082 ], [ 22.883467050000036, 57.084103919000029 ], [ 22.83964376800003, 57.078363073000048 ], [ 22.831473718000041, 57.072089735000077 ], [ 22.84087689100005, 57.066197257000056 ], [ 22.849009598000066, 57.054941367000026 ], [ 22.844846629000074, 57.048932265000076 ], [ 22.836819715000047, 57.045470300000034 ], [ 22.839325995000024, 57.036022711000044 ], [ 22.869393699000057, 57.028898884000057 ], [ 22.872567575000062, 57.019794967000053 ], [ 22.864600075000055, 57.016039055000078 ], [ 22.861276768000039, 57.00918245400004 ], [ 22.817241865000028, 57.003848724000079 ], [ 22.821056265000038, 56.996326092000061 ], [ 22.815036816000031, 56.993142639000041 ], [ 22.815623818000063, 56.982705509000027 ], [ 22.807162392000066, 56.973006002000034 ], [ 22.810643685000059, 56.963419786000031 ], [ 22.823264549000044, 56.959193026000037 ], [ 22.819534650000037, 56.95035391600004 ], [ 22.820418160000031, 56.940740229000028 ], [ 22.849927963000027, 56.93440139900008 ], [ 22.866098400000055, 56.919643665000081 ], [ 22.90786485600006, 56.917668045000028 ], [ 22.910158957000078, 56.906887478000044 ], [ 22.91807377400005, 56.900381971000058 ], [ 22.91922723600004, 56.895629127000063 ], [ 22.915777011000046, 56.888570904000062 ], [ 22.901524557000073, 56.884069690000047 ], [ 22.916137202000073, 56.868896586000062 ], [ 22.933031041000049, 56.85949619400003 ], [ 22.930384500000059, 56.85655299900003 ], [ 22.887953903000039, 56.855448762000037 ], [ 22.875534854000023, 56.860136159000035 ], [ 22.859910513000045, 56.856648790000065 ], [ 22.824953459000028, 56.85041732600007 ], [ 22.828771284000027, 56.83933058100007 ], [ 22.840370949000032, 56.831955078000078 ], [ 22.840737184000034, 56.826446148000059 ], [ 22.831770738000046, 56.821117 ], [ 22.808272716000033, 56.814175056000067 ], [ 22.791645, 56.803031999000041 ] ] ] ] } },
{ "type": "Feature", "properties": { "GISCO_ID": "LV_0905100", "CNTR_CODE": "LV", "LAU_ID": "0905100", "LAU_NAME": "Engures novads", "cell_coverage": [ [ 0.2184, 0.4442, 0, 0, 0, 0, 0, 0, 0, 0, 0, 0 ], [ 0.2447, 0.9909, 0.1321, 0, 0, 0, 0, 0, 0, 0, 0, 0 ], [ 0.0057, 0.923, 0.44, 0, 0, 0, 0, 0, 0, 0, 0, 0 ], [ 0.0885, 0.9303, 0.9753, 0.1903, 0, 0, 0, 0, 0, 0, 0, 0 ], [ 0.3849, 0.9644, 1, 0.5803, 0, 0, 0, 0, 0, 0, 0, 0 ], [ 0, 0.0088, 0.3141, 0.7629, 0.0782, 0, 0, 0, 0, 0, 0, 0 ], [ 0, 0, 0, 0.4111, 0.9174, 0.5026, 0.195, 0.0105, 0, 0, 0, 0 ], [ 0, 0, 0.4334, 0.9537, 1, 1, 1, 0.9733, 0.8819, 0.8002, 0.1515, 0 ], [ 0, 0.0283, 0.7085, 1, 1, 1, 1, 1, 1, 0.926, 0.586, 0.0293 ], [ 0, 0.3127, 0.6725, 0.7605, 0.8872, 0.9548, 0.9989, 0.9087, 0.7621, 0.3274, 0, 0 ], [ 0, 0, 0, 0, 0, 0.0011, 0.033, 0, 0, 0, 0, 0 ] ], "xmin": 23.083333333333329, "xmax": 23.583333333333329, "ymin": 56.875, "ymax": 57.333333333333321 }, "geometry": { "type": "MultiPolygon", "coordinates": [ [ [ [ 23.14689050000004, 57.316257999000072 ], [ 23.160656132000042, 57.302351853000062 ], [ 23.168301405000022, 57.275307368000028 ], [ 23.17870659600004, 57.263548433000039 ], [ 23.175160899000048, 57.246392774000071 ], [ 23.177954618000058, 57.23497482700003 ], [ 23.199749596000061, 57.210734182000067 ], [ 23.208772454000041, 57.195611572000075 ], [ 23.226858531000062, 57.17122637500006 ], [ 23.237875347000056, 57.163306504000047 ], [ 23.231616435000035, 57.158206540000037 ], [ 23.230288707000057, 57.139080147000072 ], [ 23.234444432000032, 57.129462195000031 ], [ 23.23641860500004, 57.111754631000053 ], [ 23.241575430000069, 57.104628179000031 ], [ 23.26877186300004, 57.083158682000033 ], [ 23.302047544000061, 57.065451456000062 ], [ 23.372308929000042, 57.044321502000059 ], [ 23.421513247000064, 57.037354574000062 ], [ 23.486475962000043, 57.034769681000057 ], [ 23.503934629000071, 57.020405075000042 ], [ 23.525845463000053, 56.994537482000055 ], [ 23.552945500000078, 56.979896999000061 ], [ 23.502000423000027, 56.966699259000052 ], [ 23.481734197000037, 56.964421816000026 ], [ 23.482747255000049, 56.951649032000034 ], [ 23.474300966000044, 56.945751404000077 ], [ 23.480038515000047, 56.936749581000072 ], [ 23.479267, 56.932704999000066 ], [ 23.350771999000074, 56.913862474000041 ], [ 23.294319629000029, 56.920720996000057 ], [ 23.256019814000069, 56.921660806000034 ], [ 23.205412568000042, 56.931053524000049 ], [ 23.150621555000043, 56.925777794000055 ], [ 23.140066403000048, 56.928533431000062 ], [ 23.14620926200007, 56.944710859000054 ], [ 23.164406141000029, 56.954892526000037 ], [ 23.184968247000029, 56.95701815700005 ], [ 23.196831953000071, 56.969061113000066 ], [ 23.192958499000042, 56.973918215000026 ], [ 23.171877091000056, 56.977311607000047 ], [ 23.160297085000025, 56.986247930000047 ], [ 23.161463963000074, 56.991021826000065 ], [ 23.17220240100005, 56.995648560000063 ], [ 23.176485140000068, 57.001144086000068 ], [ 23.174570900000049, 57.015115398000034 ], [ 23.186592226000073, 57.018317942000067 ], [ 23.202393123000036, 57.030040922000069 ], [ 23.215809893000028, 57.034600752000074 ], [ 23.223689738000076, 57.045506125000031 ], [ 23.237432784000077, 57.053580371000066 ], [ 23.240595514000063, 57.060224603000052 ], [ 23.235930752000058, 57.070899616000077 ], [ 23.199760321000042, 57.107146948000036 ], [ 23.156886603000032, 57.125577065000073 ], [ 23.128400885000076, 57.12779163700003 ], [ 23.108736415000067, 57.141213951000054 ], [ 23.090296475000059, 57.147686648000047 ], [ 23.114400117000059, 57.16529913200003 ], [ 23.117821801000048, 57.171446257000071 ], [ 23.120022734000031, 57.18831466000006 ], [ 23.137696626000036, 57.203147400000034 ], [ 23.130065030000026, 57.211318637000034 ], [ 23.129153863000056, 57.230873603000077 ], [ 23.121520500000031, 57.252285499000038 ], [ 23.11750360800005, 57.263040552000064 ], [ 23.10638794700003, 57.294617588000051 ], [ 23.104682819000061, 57.29617157000007 ], [ 23.102491686000064, 57.302255155000068 ], [ 23.11750360800005, 57.313068092000037 ], [ 23.14689050000004, 57.316257999000072 ] ] ] ] } },
{ "type": "Feature", "properties": { "GISCO_ID": "LV_0905700", "CNTR_CODE": "LV", "LAU_ID": "0905700", "LAU_NAME": "Jaunpils novads", "cell_coverage": [ [ 0, 0.0487, 0.5336, 0.5355, 0.1353, 0, 0, 0, 0, 0 ], [ 0.0074, 0.5204, 0.963, 0.8844, 0.2994, 0.1404, 0.2957, 0.0949, 0, 0 ], [ 0, 0.3669, 1, 1, 1, 1, 1, 0.6199, 0, 0 ], [ 0, 0.2018, 0.9922, 0.9347, 0.9394, 0.878, 0.9146, 0.9883, 0.319, 0 ], [ 0, 0.092, 0.2114, 0, 0, 0, 0.1138, 0.3421, 0.3741, 0.0084 ] ], "xmin": 22.75, "xmax": 23.166666666666668, "ymin": 56.66666666666665, "ymax": 56.875 }, "geometry": { "type": "MultiPolygon", "coordinates": [ [ [ [ 22.791645, 56.803031999000041 ], [ 22.808272716000033, 56.814175056000067 ], [ 22.831770738000046, 56.821117 ], [ 22.840737184000034, 56.826446148000059 ], [ 22.840370949000032, 56.831955078000078 ], [ 22.828771284000027, 56.83933058100007 ], [ 22.824953459000028, 56.85041732600007 ], [ 22.859910513000045, 56.856648790000065 ], [ 22.875534854000023, 56.860136159000035 ], [ 22.887953903000039, 56.855448762000037 ], [ 22.930384500000059, 56.85655299900003 ], [ 22.936438097000064, 56.849012543000072 ], [ 22.913533901000051, 56.838351698000054 ], [ 22.897537965000026, 56.825815435000038 ], [ 22.919557547000068, 56.814623062000067 ], [ 22.918346654000061, 56.806141231000026 ], [ 22.930078955000056, 56.806562074000055 ], [ 22.97010509200004, 56.794610926000075 ], [ 22.993927918000054, 56.800156208000033 ], [ 23.013614678000067, 56.80094757300003 ], [ 23.027749947000075, 56.807032399000036 ], [ 23.047774129000061, 56.807592687000067 ], [ 23.085843870000076, 56.736635829000079 ], [ 23.098758543000031, 56.722117463000075 ], [ 23.116508757000076, 56.715788871000029 ], [ 23.12314021800006, 56.704742407000026 ], [ 23.130647500000066, 56.700059499000076 ], [ 23.114911234000033, 56.695544398000038 ], [ 23.114301173000058, 56.689475924000078 ], [ 23.101621763000026, 56.693179841000074 ], [ 23.090581774000043, 56.68923068600003 ], [ 23.063490811000065, 56.695570888000077 ], [ 23.033852913000032, 56.693563182000048 ], [ 23.017553373000055, 56.71466213900004 ], [ 22.994866811000065, 56.717859174000068 ], [ 22.983595024000067, 56.712348999000028 ], [ 22.934082104000026, 56.710341672000027 ], [ 22.900702256000045, 56.712442284000076 ], [ 22.889766333000068, 56.709121850000031 ], [ 22.874705807000055, 56.711523129000057 ], [ 22.871205775000078, 56.709375051000052 ], [ 22.869136688000026, 56.700298159000056 ], [ 22.859910513000045, 56.70210505600005 ], [ 22.850972693000074, 56.703692534000027 ], [ 22.845466696000074, 56.692534927000054 ], [ 22.820532, 56.693411499000035 ], [ 22.825109481000027, 56.707590782000068 ], [ 22.815339980000033, 56.709176844000069 ], [ 22.810853077000047, 56.715301077000049 ], [ 22.824763911000048, 56.718678970000042 ], [ 22.835971635000078, 56.718097870000065 ], [ 22.825789199000042, 56.733570923000059 ], [ 22.82714472300006, 56.745789278000075 ], [ 22.821037712000077, 56.751423838000051 ], [ 22.826311419000035, 56.756438529000036 ], [ 22.825584937000031, 56.769861631000026 ], [ 22.803559394000047, 56.786464900000055 ], [ 22.799609715000031, 56.794449636000081 ], [ 22.787231688000077, 56.79879063900006 ], [ 22.791645, 56.803031999000041 ] ] ], [ [ [ 22.943163517000073, 56.849969185000077 ], [ 22.948027202000048, 56.853907445000061 ], [ 22.950426949000075, 56.851906935000045 ], [ 22.948352997000029, 56.848439340000027 ], [ 22.943163517000073, 56.849969185000077 ] ] ] ] } },
{ "type": "Feature", "properties": { "GISCO_ID": "LV_0940200", "CNTR_CODE": "LV", "LAU_ID": "0940200", "LAU_NAME": "Valkas novads", "cell_coverage": [ [ 0, 0, 0, 0, 0, 0, 0.075, 0.005, 0, 0, 0, 0, 0, 0, 0, 0, 0, 0, 0, 0, 0, 0 ], [ 0, 0.0155, 0.1441, 0.0879, 0, 0.2792, 0.9482, 0.8409, 0.0928, 0, 0, 0, 0, 0, 0, 0, 0, 0, 0, 0, 0, 0 ], [ 0.2251, 0.7625, 1, 0.9563, 0.6318, 0.843, 1, 1, 0.8863, 0.6507, 0.4417, 0.4219, 0.4471, 0.4428, 0.1308, 0, 0, 0, 0, 0, 0, 0 ], [ 0, 0.094, 0.7138, 1, 1, 1, 1, 1, 1, 1, 1, 1, 1, 0.933, 0.0807, 0, 0, 0, 0, 0, 0, 0 ], [ 0, 0, 0.1628, 0.461, 0.8822, 1, 1, 1, 1, 1, 1, 1, 1, 0.8204, 0.3581, 0.2301, 0.0129, 0, 0, 0, 0, 0 ], [ 0, 0, 0, 0, 0.0119, 0.2258, 0.5118, 0.4224, 0.2685, 0.9133, 1, 1, 1, 1, 1, 1, 0.722, 0.321, 0, 0, 0, 0 ], [ 0, 0, 0, 0, 0, 0, 0, 0, 0.0102, 0.3055, 0.6387, 0.8083, 0.9512, 1, 1, 1, 1, 0.7299, 0.0239, 0, 0, 0 ], [ 0, 0, 0, 0, 0, 0, 0, 0, 0, 0, 0, 0, 0.5747, 1, 1, 1, 1, 1, 0.7079, 0, 0, 0 ], [ 0, 0, 0, 0, 0, 0, 0, 0, 0, 0.0702, 0.2368, 0.7745, 0.9961, 1, 1, 1, 1, 1, 0.999, 0.4961, 0.1166, 0 ], [ 0, 0, 0, 0, 0, 0, 0, 0, 0, 0, 0.2656, 1, 0.9028, 0.7637, 0.7027, 0.6856, 0.8633, 0.9796, 1, 1, 0.9909, 0.2348 ], [ 0, 0, 0, 0, 0, 0, 0, 0, 0, 0.0004, 0.2834, 0.2111, 0.0116, 0, 0, 0, 0.0219, 0.0184, 0.2674, 0.5804, 0.7578, 0.3618 ], [ 0, 0, 0, 0, 0, 0, 0, 0, 0, 0, 0, 0, 0, 0, 0, 0, 0, 0, 0, 0, 0.0024, 0 ] ], "xmin": 25.458333333333329, "xmax": 26.375, "ymin": 57.458333333333321, "ymax": 57.958333333333321 }, "geometry": { "type": "MultiPolygon", "coordinates": [ [ [ [ 25.703258500000061, 57.903319999000075 ], [ 25.720001462000027, 57.912794958000063 ], [ 25.727463157000045, 57.92176012200008 ], [ 25.738844799000049, 57.923425328000064 ], [ 25.786109671000077, 57.905616102000067 ], [ 25.786834909000049, 57.897670751000078 ], [ 25.813151220000066, 57.871575822000068 ], [ 25.821573312000055, 57.86475839700006 ], [ 25.857358207000061, 57.857770217000052 ], [ 25.875431394000032, 57.864172495000048 ], [ 25.877783038000075, 57.858918180000046 ], [ 25.885450087000038, 57.855721945000028 ], [ 25.884947408000073, 57.849633804000064 ], [ 25.888251389000061, 57.847749924000027 ], [ 25.930401284000027, 57.853246228000046 ], [ 25.962394975000052, 57.846285660000035 ], [ 26.000215987000047, 57.858842095000057 ], [ 26.010691516000065, 57.857678449000048 ], [ 26.021019338000031, 57.846895914000072 ], [ 26.029487676000031, 57.848518648000038 ], [ 26.056459, 57.848431499000071 ], [ 26.057019491000062, 57.835323731000074 ], [ 26.03973430700006, 57.81050351500005 ], [ 26.022859346000075, 57.771743307000065 ], [ 26.037464518000036, 57.77003413400007 ], [ 26.055914316000042, 57.761874662000082 ], [ 26.069372390000069, 57.765944448000027 ], [ 26.08126844800006, 57.765749309000057 ], [ 26.130407368000078, 57.752526149000062 ], [ 26.139049747000058, 57.746776964000048 ], [ 26.139092570000059, 57.739381602000037 ], [ 26.144016744000055, 57.733898071000056 ], [ 26.173966437000047, 57.728760884000053 ], [ 26.201489332000051, 57.717170948000046 ], [ 26.202702183000042, 57.712431051000067 ], [ 26.182053363000023, 57.68764189500007 ], [ 26.208434865000072, 57.679735314000027 ], [ 26.215134682000041, 57.665516044000071 ], [ 26.238162756000065, 57.656458454000074 ], [ 26.240775774000042, 57.651647408000031 ], [ 26.234725539000067, 57.647340704000044 ], [ 26.245063784000024, 57.63975292300006 ], [ 26.243000819000031, 57.632656140000051 ], [ 26.256098093000048, 57.614230704000079 ], [ 26.264765038000064, 57.609818851000057 ], [ 26.273212834000049, 57.599175420000051 ], [ 26.285498992000043, 57.593280463000042 ], [ 26.307462101000056, 57.592655280000031 ], [ 26.313096296000026, 57.586540118000073 ], [ 26.335059, 57.579631499000072 ], [ 26.339249796000047, 57.575717869000073 ], [ 26.358959355000025, 57.569688671000051 ], [ 26.337634709000042, 57.552801063000061 ], [ 26.336127151000028, 57.546798483000032 ], [ 26.340496623000035, 57.540198935000035 ], [ 26.335908430000075, 57.534661442000072 ], [ 26.345038312000042, 57.529332800000077 ], [ 26.349935559000073, 57.516809110000054 ], [ 26.365604258000076, 57.515488858000083 ], [ 26.368007841000065, 57.512499325000078 ], [ 26.357628725000041, 57.505621946000076 ], [ 26.309538, 57.498958999000081 ], [ 26.30614229300005, 57.507998790000045 ], [ 26.316486567000027, 57.514532296000027 ], [ 26.312371461000055, 57.521800203000055 ], [ 26.304826329000036, 57.522295667000037 ], [ 26.292637797000054, 57.518324256000028 ], [ 26.282509944000026, 57.522594988000037 ], [ 26.261619695000036, 57.512896492000039 ], [ 26.245705028000032, 57.517283156000076 ], [ 26.237786362000065, 57.516164952000054 ], [ 26.231979813000066, 57.521908130000043 ], [ 26.233704880000062, 57.529013884000051 ], [ 26.245729678000032, 57.534567534000075 ], [ 26.247480451000058, 57.537858816000039 ], [ 26.221273955000072, 57.535309190000078 ], [ 26.203822022000054, 57.54180086100007 ], [ 26.185517022000056, 57.544419923000078 ], [ 26.170491879000053, 57.538039123000033 ], [ 26.153301714000065, 57.539653085000054 ], [ 26.12450511000003, 57.560612910000032 ], [ 26.11520401100006, 57.559494898000082 ], [ 26.109022811000045, 57.55468206900008 ], [ 26.095360237000023, 57.55060536600007 ], [ 26.069546565000053, 57.555152583000051 ], [ 25.987755753000044, 57.54904140900004 ], [ 25.976266848000023, 57.543336571000054 ], [ 25.966161253000053, 57.543776963000028 ], [ 25.960128893000046, 57.536610148000079 ], [ 25.943051500000024, 57.53414649900003 ], [ 25.911514233000048, 57.527801624000062 ], [ 25.894715270000063, 57.527816616000052 ], [ 25.881978376000063, 57.532542136000075 ], [ 25.874256557000024, 57.538349499000049 ], [ 25.876875735000056, 57.542883620000055 ], [ 25.887946790000058, 57.545331559000033 ], [ 25.903745139000023, 57.558990803000029 ], [ 25.91441048300004, 57.559054748000051 ], [ 25.912878951000039, 57.566420059000052 ], [ 25.915626175000057, 57.570467593000046 ], [ 25.915972632000035, 57.585534227000039 ], [ 25.898798224000075, 57.592734165000081 ], [ 25.856538549000049, 57.596586279000064 ], [ 25.853245676000029, 57.60062565000004 ], [ 25.868623997000043, 57.602686915000049 ], [ 25.889362, 57.598787600000037 ], [ 25.897558785000058, 57.60204294600004 ], [ 25.906867607000038, 57.599973915000078 ], [ 25.914745668000023, 57.608702477000065 ], [ 25.927144461000069, 57.609761315000071 ], [ 25.927201812000078, 57.613613577000081 ], [ 25.935207207000076, 57.612149971000065 ], [ 25.942510967000032, 57.619593310000027 ], [ 25.949898714000028, 57.61822793400006 ], [ 25.953554542000063, 57.624393529000031 ], [ 25.962915792000047, 57.623241242000063 ], [ 25.963184953000052, 57.630457773000046 ], [ 25.977238496000041, 57.639749749000032 ], [ 25.976338809000026, 57.647390677000033 ], [ 25.978872768000031, 57.651612076000049 ], [ 25.975836807000064, 57.660789629000078 ], [ 25.989462471000024, 57.659515140000053 ], [ 25.993159710000043, 57.666380642000036 ], [ 25.94229976400004, 57.674303154000029 ], [ 25.930009032000044, 57.67273455000003 ], [ 25.925639103000037, 57.678149527000073 ], [ 25.857018751000055, 57.686368875000028 ], [ 25.858516687000076, 57.702417116000049 ], [ 25.828761063000059, 57.703543778000039 ], [ 25.839915526000027, 57.731940333000068 ], [ 25.837584851000031, 57.736352189000058 ], [ 25.84367254600005, 57.74323395600004 ], [ 25.837667447000058, 57.746606963000033 ], [ 25.813151220000066, 57.73772180800006 ], [ 25.774907723000069, 57.73454851200006 ], [ 25.768977257000074, 57.731222428000081 ], [ 25.735915286000079, 57.726046971000073 ], [ 25.703238, 57.734125499000072 ], [ 25.677250055000059, 57.745571088000077 ], [ 25.66496223200005, 57.746184678000077 ], [ 25.653024149000032, 57.75237523100003 ], [ 25.636820209000064, 57.756007501000056 ], [ 25.622804986000062, 57.768060889000083 ], [ 25.596791473000053, 57.774490171000082 ], [ 25.591252549000046, 57.774483641000074 ], [ 25.588200132000054, 57.776223291000065 ], [ 25.56707, 57.783435499000063 ], [ 25.546402370000067, 57.789765013000078 ], [ 25.551165208000043, 57.798019187000079 ], [ 25.567982184000073, 57.802733450000062 ], [ 25.568742134000047, 57.810135831000082 ], [ 25.561265045000027, 57.816552821000073 ], [ 25.541273438000076, 57.818259727000054 ], [ 25.507884481000076, 57.842373509000026 ], [ 25.488763361000053, 57.85059917600006 ], [ 25.478340076000052, 57.86104141900006 ], [ 25.489719218000062, 57.874018301000035 ], [ 25.492750036000075, 57.874501744000042 ], [ 25.50498920800004, 57.865340789000072 ], [ 25.516713798000069, 57.863897564000069 ], [ 25.527874871000051, 57.869251080000026 ], [ 25.538118979000046, 57.879510695000079 ], [ 25.558265961000075, 57.881854568000051 ], [ 25.570014511000068, 57.878313121000076 ], [ 25.579703378000033, 57.884106533000079 ], [ 25.591493583000045, 57.883247856000082 ], [ 25.610864392000053, 57.875300258000038 ], [ 25.624692086000039, 57.864216659000078 ], [ 25.669603853000069, 57.854535920000046 ], [ 25.679414133000023, 57.85838734500004 ], [ 25.683597709000026, 57.876688457000057 ], [ 25.680071328000054, 57.883403853000061 ], [ 25.692267217000051, 57.887448708000079 ], [ 25.703258500000061, 57.903319999000075 ] ] ] ] } },
{ "type": "Feature", "properties": { "GISCO_ID": "LV_0941600", "CNTR_CODE": "LV", "LAU_ID": "0941600", "LAU_NAME": "Smiltenes novads", "cell_coverage": [ [ 0, 0, 0, 0, 0, 0, 0, 0, 0.0972, 0.2363, 0.2973, 0.3144, 0.1367, 0.0204, 0, 0, 0 ], [ 0, 0, 0, 0, 0, 0, 0, 0.323, 0.9884, 1, 1, 1, 0.9781, 0.9816, 0.7326, 0.4196, 0.2316 ], [ 0.0286, 0.6146, 0.8311, 0.8901, 0.7915, 0.788, 0.6797, 0.6252, 1, 1, 1, 1, 1, 1, 1, 1, 0.4632 ], [ 0.0207, 0.8325, 1, 1, 1, 1, 1, 1, 1, 1, 1, 1, 1, 1, 1, 0.9795, 0.2734 ], [ 0, 0.2687, 0.9992, 1, 1, 1, 1, 1, 1, 1, 1, 1, 1, 1, 1, 0.9991, 0.1877 ], [ 0, 0, 0.6788, 1, 1, 1, 1, 1, 1, 1, 1, 1, 1, 1, 1, 0.7439, 0.0139 ], [ 0, 0, 0.3958, 0.9819, 1, 1, 1, 1, 1, 0.9979, 1, 1, 1, 1, 1, 0.4986, 0 ], [ 0, 0, 0.1735, 0.2517, 0.1799, 0.2851, 0.1278, 0.1268, 0.0591, 0.1751, 0.3854, 0.3268, 0.3686, 0.3277, 0.2911, 0.0796, 0 ] ], "xmin": 25.625, "xmax": 26.333333333333332, "ymin": 57.25, "ymax": 57.583333333333321 }, "geometry": { "type": "MultiPolygon", "coordinates": [ [ [ [ 25.779818500000033, 57.49400599900008 ], [ 25.82835835700007, 57.489947168000072 ], [ 25.877395670000055, 57.492260869000063 ], [ 25.892560767000077, 57.489735014000075 ], [ 25.894530846000066, 57.490951278000068 ], [ 25.892591098000025, 57.495125032000033 ], [ 25.900393868000037, 57.497435377000045 ], [ 25.904838619000031, 57.49161188000005 ], [ 25.899244986000042, 57.480116494000072 ], [ 25.915484409000044, 57.472060236000061 ], [ 25.938911906000044, 57.480478660000074 ], [ 25.952866961000041, 57.501328537000063 ], [ 25.940044625000041, 57.513436659000035 ], [ 25.937444517000074, 57.525157127000057 ], [ 25.943051500000024, 57.53414649900003 ], [ 25.960128893000046, 57.536610148000079 ], [ 25.966161253000053, 57.543776963000028 ], [ 25.976266848000023, 57.543336571000054 ], [ 25.987755753000044, 57.54904140900004 ], [ 26.069546565000053, 57.555152583000051 ], [ 26.095360237000023, 57.55060536600007 ], [ 26.109022811000045, 57.55468206900008 ], [ 26.11520401100006, 57.559494898000082 ], [ 26.12450511000003, 57.560612910000032 ], [ 26.153301714000065, 57.539653085000054 ], [ 26.170491879000053, 57.538039123000033 ], [ 26.185517022000056, 57.544419923000078 ], [ 26.203822022000054, 57.54180086100007 ], [ 26.221273955000072, 57.535309190000078 ], [ 26.247480451000058, 57.537858816000039 ], [ 26.245729678000032, 57.534567534000075 ], [ 26.233704880000062, 57.529013884000051 ], [ 26.231979813000066, 57.521908130000043 ], [ 26.237786362000065, 57.516164952000054 ], [ 26.245705028000032, 57.517283156000076 ], [ 26.261619695000036, 57.512896492000039 ], [ 26.282509944000026, 57.522594988000037 ], [ 26.292637797000054, 57.518324256000028 ], [ 26.304826329000036, 57.522295667000037 ], [ 26.312371461000055, 57.521800203000055 ], [ 26.316486567000027, 57.514532296000027 ], [ 26.30614229300005, 57.507998790000045 ], [ 26.309538, 57.498958999000081 ], [ 26.309214422000025, 57.470009149000077 ], [ 26.317944209000075, 57.465478301000076 ], [ 26.313957723000044, 57.458224753000081 ], [ 26.291652637000027, 57.453521220000027 ], [ 26.291078968000079, 57.444578402000047 ], [ 26.285432904000061, 57.437972656000056 ], [ 26.290343011000061, 57.435238262000041 ], [ 26.308119413000043, 57.434806324000078 ], [ 26.320765599000026, 57.425237304000063 ], [ 26.310315432000039, 57.417756037000061 ], [ 26.303237122000041, 57.405978043000061 ], [ 26.303780352000047, 57.399807757000076 ], [ 26.290815111000029, 57.391043387000082 ], [ 26.293690458000071, 57.38085188000008 ], [ 26.302177810000046, 57.375330745000042 ], [ 26.278705402000071, 57.363616113000035 ], [ 26.278386299000033, 57.338249497000049 ], [ 26.275009500000067, 57.329387499000063 ], [ 26.272884998000052, 57.325904119000029 ], [ 26.275490603000037, 57.321772969000051 ], [ 26.285660562000032, 57.320543870000051 ], [ 26.290079208000066, 57.314840506000053 ], [ 26.279232614000023, 57.304971498000043 ], [ 26.269499106000069, 57.308029031000046 ], [ 26.257078658000069, 57.308769823000034 ], [ 26.251188168000056, 57.304005216000064 ], [ 26.252269603000059, 57.299188417000039 ], [ 26.265642897000077, 57.283651297000063 ], [ 26.26430201200003, 57.281284010000036 ], [ 26.184885916000042, 57.277340720000041 ], [ 26.161113669000031, 57.279400870000075 ], [ 26.15402062000004, 57.275345001000062 ], [ 26.141317051000044, 57.277186730000039 ], [ 26.121647920000044, 57.271704022000051 ], [ 26.108035792000067, 57.27847637800005 ], [ 26.086511888000075, 57.282120210000073 ], [ 26.069894336000061, 57.277846926000052 ], [ 26.050519, 57.26650599900006 ], [ 26.046682539000074, 57.280076354000073 ], [ 26.019397156000025, 57.27939193900005 ], [ 26.013164152000058, 57.292491362000078 ], [ 25.958476438000048, 57.287205392000033 ], [ 25.948862907000034, 57.283351191000065 ], [ 25.933653765000031, 57.288626871000076 ], [ 25.907708748000061, 57.284781226000064 ], [ 25.903020327000036, 57.290637784000069 ], [ 25.892519482000068, 57.29017262900004 ], [ 25.889482121000071, 57.289003299000058 ], [ 25.888450968000029, 57.283382163000056 ], [ 25.844866821000039, 57.278107892000037 ], [ 25.821968739000056, 57.283276374000081 ], [ 25.808520141000031, 57.285939320000068 ], [ 25.765557390000026, 57.28262133100003 ], [ 25.756809500000031, 57.274586499000065 ], [ 25.736973500000033, 57.27759499900003 ], [ 25.723769437000044, 57.289499761000059 ], [ 25.731217488000027, 57.297610585000029 ], [ 25.735963755000057, 57.313945279000052 ], [ 25.725011337000069, 57.316574359000072 ], [ 25.723883366000052, 57.320533193000074 ], [ 25.735980105000067, 57.327251029000081 ], [ 25.757837881000057, 57.327728898000032 ], [ 25.75921720100007, 57.330096041000047 ], [ 25.745846993000043, 57.333414877000052 ], [ 25.716075329000034, 57.350889799000072 ], [ 25.715212645000065, 57.369404861000078 ], [ 25.703012510000065, 57.382449978000068 ], [ 25.689650542000038, 57.38725443900006 ], [ 25.685049305000064, 57.392063559000064 ], [ 25.687090900000044, 57.396695399000066 ], [ 25.703764570000033, 57.400100984000062 ], [ 25.705214197000032, 57.403442211000026 ], [ 25.663586, 57.443160999000042 ], [ 25.666701563000061, 57.45058946100005 ], [ 25.658059652000077, 57.463280718000078 ], [ 25.665387, 57.466311499000028 ], [ 25.672110979000024, 57.469099091000032 ], [ 25.671646335000048, 57.473888130000034 ], [ 25.683672637000029, 57.485897954000052 ], [ 25.712823356000058, 57.493722583000078 ], [ 25.718517931000065, 57.494348217000038 ], [ 25.71960959200004, 57.489241397000058 ], [ 25.723415213000067, 57.487521011000069 ], [ 25.735803360000034, 57.491316218000065 ], [ 25.743576593000057, 57.499284666000051 ], [ 25.779818500000033, 57.49400599900008 ] ] ] ] } },
{ "type": "Feature", "properties": { "GISCO_ID": "LV_0941800", "CNTR_CODE": "LV", "LAU_ID": "0941800", "LAU_NAME": "Strenču novads", "cell_coverage": [ [ 0, 0, 0, 0.1463, 0.2971, 0.4882, 0.5776, 0.7315, 0.0867, 0, 0, 0 ], [ 0, 0, 0.1602, 0.9655, 1, 1, 1, 0.9898, 0.6945, 0.3613, 0.1917, 0.0488 ], [ 0.4287, 0.9117, 0.9432, 1, 1, 1, 1, 1, 1, 1, 1, 0.4253 ], [ 0, 0.0863, 0.3387, 0.2337, 0.1317, 0.7033, 1, 1, 0.9298, 0.7632, 0.2255, 0.0039 ], [ 0, 0, 0, 0, 0, 0.1301, 0.5247, 0.9755, 1, 0.7344, 0, 0 ], [ 0, 0, 0, 0, 0, 0.0204, 0.4268, 0.5278, 0.9806, 0.7166, 0.4659, 0 ], [ 0, 0, 0, 0, 0, 0, 0.03, 0.2085, 0.212, 0.3203, 0.3748, 0 ] ], "xmin": 25.5, "xmax": 26.0, "ymin": 57.458333333333321, "ymax": 57.75 }, "geometry": { "type": "MultiPolygon", "coordinates": [ [ [ [ 25.943051500000024, 57.53414649900003 ], [ 25.937444517000074, 57.525157127000057 ], [ 25.940044625000041, 57.513436659000035 ], [ 25.952866961000041, 57.501328537000063 ], [ 25.938911906000044, 57.480478660000074 ], [ 25.915484409000044, 57.472060236000061 ], [ 25.899244986000042, 57.480116494000072 ], [ 25.904838619000031, 57.49161188000005 ], [ 25.900393868000037, 57.497435377000045 ], [ 25.892591098000025, 57.495125032000033 ], [ 25.894530846000066, 57.490951278000068 ], [ 25.892560767000077, 57.489735014000075 ], [ 25.877395670000055, 57.492260869000063 ], [ 25.82835835700007, 57.489947168000072 ], [ 25.779818500000033, 57.49400599900008 ], [ 25.790327348000062, 57.501632641000072 ], [ 25.807019098000069, 57.500559886000076 ], [ 25.831362741000078, 57.513439111000082 ], [ 25.83877469600003, 57.521772639000062 ], [ 25.829786922000039, 57.531725483000059 ], [ 25.821407116000046, 57.533617695000032 ], [ 25.819146251000063, 57.52779182200004 ], [ 25.800027515000068, 57.518075483000075 ], [ 25.786092782000026, 57.516762014000051 ], [ 25.747080525000058, 57.534686396000041 ], [ 25.743657351000024, 57.540635052000027 ], [ 25.749755674000028, 57.545299146000048 ], [ 25.789587469000026, 57.544940982000071 ], [ 25.799923639000042, 57.553467700000056 ], [ 25.762152038000067, 57.569416862000082 ], [ 25.741937333000067, 57.568885883000064 ], [ 25.729509412000027, 57.572020708000082 ], [ 25.733537024000043, 57.577942420000056 ], [ 25.745922079000024, 57.584961813000064 ], [ 25.718503014000078, 57.599685757000032 ], [ 25.716274492000025, 57.603322339000044 ], [ 25.717707957000073, 57.608187623000049 ], [ 25.707276897000042, 57.615191976000062 ], [ 25.692961690000061, 57.621091962000037 ], [ 25.68048748700005, 57.621515062000071 ], [ 25.65797681600003, 57.615497944000083 ], [ 25.623938496000051, 57.614247883000075 ], [ 25.59349, 57.60155099900004 ], [ 25.598224543000072, 57.609846689000051 ], [ 25.595087224000054, 57.614642742000058 ], [ 25.529665473000023, 57.628289472000063 ], [ 25.508238472000073, 57.644253368000079 ], [ 25.523419159000071, 57.651666499000044 ], [ 25.529704300000049, 57.663293733000046 ], [ 25.594413046000057, 57.662756579000074 ], [ 25.616191032000074, 57.665461669000081 ], [ 25.617555687000049, 57.677182050000056 ], [ 25.614150905000031, 57.683820584000046 ], [ 25.615795819000027, 57.690834401000075 ], [ 25.613513734000037, 57.696546573000035 ], [ 25.634241152000072, 57.697555804000046 ], [ 25.634603242000026, 57.700416057000041 ], [ 25.62633235800007, 57.70436155200008 ], [ 25.629650221000077, 57.710900937000076 ], [ 25.64224002800006, 57.717340056000069 ], [ 25.661022325000033, 57.714514307000059 ], [ 25.690068159000077, 57.717917584000077 ], [ 25.70225208200003, 57.727207801000077 ], [ 25.703238, 57.734125499000072 ], [ 25.735915286000079, 57.726046971000073 ], [ 25.768977257000074, 57.731222428000081 ], [ 25.774907723000069, 57.73454851200006 ], [ 25.813151220000066, 57.73772180800006 ], [ 25.837667447000058, 57.746606963000033 ], [ 25.84367254600005, 57.74323395600004 ], [ 25.837584851000031, 57.736352189000058 ], [ 25.839915526000027, 57.731940333000068 ], [ 25.828761063000059, 57.703543778000039 ], [ 25.858516687000076, 57.702417116000049 ], [ 25.857018751000055, 57.686368875000028 ], [ 25.925639103000037, 57.678149527000073 ], [ 25.930009032000044, 57.67273455000003 ], [ 25.94229976400004, 57.674303154000029 ], [ 25.993159710000043, 57.666380642000036 ], [ 25.989462471000024, 57.659515140000053 ], [ 25.975836807000064, 57.660789629000078 ], [ 25.978872768000031, 57.651612076000049 ], [ 25.976338809000026, 57.647390677000033 ], [ 25.977238496000041, 57.639749749000032 ], [ 25.963184953000052, 57.630457773000046 ], [ 25.962915792000047, 57.623241242000063 ], [ 25.953554542000063, 57.624393529000031 ], [ 25.949898714000028, 57.61822793400006 ], [ 25.942510967000032, 57.619593310000027 ], [ 25.935207207000076, 57.612149971000065 ], [ 25.927201812000078, 57.613613577000081 ], [ 25.927144461000069, 57.609761315000071 ], [ 25.914745668000023, 57.608702477000065 ], [ 25.906867607000038, 57.599973915000078 ], [ 25.897558785000058, 57.60204294600004 ], [ 25.889362, 57.598787600000037 ], [ 25.868623997000043, 57.602686915000049 ], [ 25.853245676000029, 57.60062565000004 ], [ 25.856538549000049, 57.596586279000064 ], [ 25.898798224000075, 57.592734165000081 ], [ 25.915972632000035, 57.585534227000039 ], [ 25.915626175000057, 57.570467593000046 ], [ 25.912878951000039, 57.566420059000052 ], [ 25.91441048300004, 57.559054748000051 ], [ 25.903745139000023, 57.558990803000029 ], [ 25.887946790000058, 57.545331559000033 ], [ 25.876875735000056, 57.542883620000055 ], [ 25.874256557000024, 57.538349499000049 ], [ 25.881978376000063, 57.532542136000075 ], [ 25.894715270000063, 57.527816616000052 ], [ 25.911514233000048, 57.527801624000062 ], [ 25.943051500000024, 57.53414649900003 ] ] ] ] } },
{ "type": "Feature", "properties": { "GISCO_ID": "LV_0960200", "CNTR_CODE": "LV", "LAU_ID": "0960200", "LAU_NAME": "Kocēnu novads", "cell_coverage": [ [ 0, 0, 0, 0, 0, 0, 0.002, 0.0966, 0, 0, 0, 0, 0 ], [ 0, 0, 0.2217, 0.2275, 0.322, 0.7407, 0.8682, 0.9459, 0.4549, 0.0213, 0, 0, 0 ], [ 0.3049, 0.7453, 0.9857, 0.9995, 0.9872, 1, 1, 1, 1, 0.7083, 0.1574, 0, 0 ], [ 0.2078, 0.532, 0.3737, 0.668, 1, 1, 1, 1, 1, 1, 0.9979, 0.6171, 0.0377 ], [ 0, 0, 0, 4.0346e-06, 0.5663, 0.9663, 1, 1, 1, 1, 1, 1, 0.1465 ], [ 0, 0, 0, 0, 0.008, 0.2, 0.7581, 1, 1, 1, 1, 1, 0.3111 ], [ 0, 0, 0, 0, 0, 0, 0.1619, 0.765, 0.96, 1, 1, 1, 0.5167 ], [ 0, 0, 0, 0, 0, 0, 0, 0.0339, 0.036, 0.304, 0.3124, 0.6061, 0.2725 ] ], "xmin": 24.875, "xmax": 25.416666666666668, "ymin": 57.375, "ymax": 57.708333333333321 }, "geometry": { "type": "MultiPolygon", "coordinates": [ [ [ [ 25.076145500000052, 57.50176699900004 ], [ 25.087514270000042, 57.500755845000072 ], [ 25.089872662000062, 57.508207398000081 ], [ 25.083970736000026, 57.513611918000038 ], [ 25.076611995000064, 57.51174874600008 ], [ 25.056410076000077, 57.515638508000052 ], [ 25.054417228000034, 57.510549964000063 ], [ 25.04723266600007, 57.510464170000034 ], [ 25.043649735000031, 57.518268879000061 ], [ 25.054453656000078, 57.519287553000026 ], [ 25.059684533000052, 57.52851153000006 ], [ 25.048570246000054, 57.53036433300008 ], [ 25.040765615000055, 57.54297177400008 ], [ 25.028871106000054, 57.543999257000053 ], [ 25.022992656000042, 57.557020851000061 ], [ 25.008618590000026, 57.563103184000056 ], [ 25.00680869200005, 57.57025575800003 ], [ 24.948455620000061, 57.564995581000062 ], [ 24.935649341000044, 57.558964307000053 ], [ 24.920201319000057, 57.557856265000055 ], [ 24.916708329000073, 57.558737532000066 ], [ 24.911952786000029, 57.566831038000032 ], [ 24.899510574000033, 57.567825201000062 ], [ 24.894705251000062, 57.573555671000065 ], [ 24.893879548000029, 57.582951466000054 ], [ 24.895010331000037, 57.586314605000041 ], [ 24.904286132000038, 57.590752484000063 ], [ 24.903174868000065, 57.596596243000079 ], [ 24.898338509000041, 57.598654773000078 ], [ 24.897386029000074, 57.605540482000038 ], [ 24.902596500000072, 57.614651999000046 ], [ 24.926581462000058, 57.614180470000065 ], [ 24.934512692000055, 57.610389017000045 ], [ 24.961130851000064, 57.620997246000059 ], [ 24.975167201000033, 57.630318843000055 ], [ 24.979895532000057, 57.63971607700006 ], [ 24.989548027000069, 57.641407422000043 ], [ 25.010909780000077, 57.639285348000044 ], [ 25.02115053700004, 57.642238061000057 ], [ 25.023184151000066, 57.630897344000061 ], [ 25.041500894000023, 57.624291237000079 ], [ 25.061816671000031, 57.623552559000075 ], [ 25.063861467000038, 57.628693676000069 ], [ 25.072369071000026, 57.631641804000083 ], [ 25.080215030000033, 57.62702587800004 ], [ 25.086086829000067, 57.630097831000057 ], [ 25.065740009000024, 57.640908040000056 ], [ 25.049883118000025, 57.654010111000048 ], [ 25.059564876000024, 57.656171409000081 ], [ 25.079287722000061, 57.655769460000045 ], [ 25.086068877000059, 57.653014868000071 ], [ 25.091885, 57.65485299900007 ], [ 25.15024771800006, 57.660699825000052 ], [ 25.160927384000047, 57.664523036000048 ], [ 25.170542491000049, 57.672029179000049 ], [ 25.192632712000034, 57.673446238000054 ], [ 25.202004931000033, 57.661930221000034 ], [ 25.199403501000063, 57.65532907000005 ], [ 25.224361860000045, 57.652558581000051 ], [ 25.231415573000049, 57.639248900000041 ], [ 25.273470084000053, 57.620121704000042 ], [ 25.271359776000054, 57.612815217000048 ], [ 25.28247715200007, 57.596112409000057 ], [ 25.299547160000031, 57.594312789000071 ], [ 25.322112908000065, 57.587296784000046 ], [ 25.347693203000063, 57.573824397000067 ], [ 25.354779925000059, 57.568947014000059 ], [ 25.35729228200006, 57.562997266000082 ], [ 25.376152949000073, 57.551668726000059 ], [ 25.386660500000062, 57.546852999000066 ], [ 25.378130130000045, 57.542661843000076 ], [ 25.382342084000072, 57.530538138000054 ], [ 25.37623078200005, 57.526900087000058 ], [ 25.38643, 57.514663499000051 ], [ 25.37771325600005, 57.500626125000053 ], [ 25.379015368000069, 57.496870357000034 ], [ 25.386227233000056, 57.491408799000055 ], [ 25.387407486000029, 57.486560031000067 ], [ 25.381283418000066, 57.481564477000063 ], [ 25.398827676000053, 57.469486819000053 ], [ 25.389528287000076, 57.462723036000057 ], [ 25.395546864000039, 57.455723266000064 ], [ 25.397739500000057, 57.443960999000069 ], [ 25.397112762000063, 57.439679443000045 ], [ 25.406343719000063, 57.437266476000048 ], [ 25.399988452000059, 57.430199776000052 ], [ 25.388016926000034, 57.427406709000081 ], [ 25.399316401000078, 57.410876777000055 ], [ 25.391322952000053, 57.401905666000062 ], [ 25.383841868000047, 57.39953863900007 ], [ 25.38882, 57.38773549900003 ], [ 25.38056348300006, 57.389311393000071 ], [ 25.375169184000072, 57.384680960000082 ], [ 25.362961919000043, 57.389113273000078 ], [ 25.354474494000044, 57.383895922000079 ], [ 25.347338139000044, 57.384817037000062 ], [ 25.35316780200003, 57.392759726000065 ], [ 25.339839246000054, 57.400545535000049 ], [ 25.327429869000071, 57.401380764000066 ], [ 25.330207951000034, 57.407971644000042 ], [ 25.326129328000036, 57.410493531000043 ], [ 25.312246562000041, 57.409189798000057 ], [ 25.308500784000046, 57.400188729000035 ], [ 25.290540389000057, 57.395513090000065 ], [ 25.285176714000045, 57.39917756300008 ], [ 25.272534713000027, 57.398801061000029 ], [ 25.25440158300006, 57.415616339000053 ], [ 25.246465521000061, 57.41486498900008 ], [ 25.226034578000053, 57.423558769000067 ], [ 25.219835936000038, 57.412697508000065 ], [ 25.200528465000048, 57.411908394000079 ], [ 25.190708707000056, 57.41673213100006 ], [ 25.183677374000069, 57.430850399000064 ], [ 25.17108668000003, 57.441194076000045 ], [ 25.160074653000038, 57.447622438000053 ], [ 25.144326547000048, 57.451089836000051 ], [ 25.134505258000047, 57.453802809000081 ], [ 25.136504482000078, 57.468054036000069 ], [ 25.143336047000048, 57.478419258000031 ], [ 25.142510707000042, 57.483322606000058 ], [ 25.125353761000042, 57.491408799000055 ], [ 25.120015458000069, 57.496136574000047 ], [ 25.114915067000027, 57.494273129000078 ], [ 25.111021018000031, 57.491408799000055 ], [ 25.091156779000073, 57.48884961400006 ], [ 25.08846985200006, 57.489588721000075 ], [ 25.086873742000023, 57.491408799000055 ], [ 25.076145500000052, 57.50176699900004 ] ] ] ] } },
{ "type": "Feature", "properties": { "GISCO_ID": "LV_0961000", "CNTR_CODE": "LV", "LAU_ID": "0961000", "LAU_NAME": "Mazsalacas novads", "cell_coverage": [ [ 0, 0, 0, 0, 0, 0.2907, 0.4098, 0, 0, 0, 0 ], [ 0, 0, 0.1221, 0.2506, 0.5182, 0.9898, 0.6093, 0, 0, 0, 0 ], [ 0.4473, 0.7858, 0.9974, 1, 1, 1, 0.8047, 0.2073, 0, 0, 0 ], [ 0.7384, 1, 1, 1, 1, 1, 1, 0.3577, 0.0011, 0, 0 ], [ 0.1825, 0.8927, 1, 1, 1, 1, 1, 1, 0.8393, 0.0878, 0 ], [ 0, 0.5656, 1, 1, 1, 1, 0.9617, 0.7639, 1, 0.8397, 0.0605 ], [ 0, 0.0823, 0.3314, 0.608, 0.6093, 0.4567, 0.5924, 0.1111, 0.2204, 0.6115, 0.0963 ] ], "xmin": 24.833333333333329, "xmax": 25.291666666666661, "ymin": 57.791666666666657, "ymax": 58.083333333333321 }, "geometry": { "type": "MultiPolygon", "coordinates": [ [ [ [ 25.046307, 58.04014599900006 ], [ 25.076606954000056, 58.065705497000067 ], [ 25.105100500000049, 58.066227999000034 ], [ 25.106314500000053, 58.064644499000053 ], [ 25.108259500000031, 58.051644499000076 ], [ 25.116586, 58.052313999000035 ], [ 25.121847500000058, 58.045961499000043 ], [ 25.117351109000026, 58.037407880000046 ], [ 25.108674706000045, 58.023229423000032 ], [ 25.110257761000071, 58.014656325000033 ], [ 25.099441331000037, 58.009022050000056 ], [ 25.098172352000063, 58.004648649000046 ], [ 25.105424509000045, 57.990359282000043 ], [ 25.11192195700005, 57.987666937000029 ], [ 25.11424544700003, 57.980838452000057 ], [ 25.135538239000027, 57.980300638000074 ], [ 25.139223346000051, 57.977136586000029 ], [ 25.143673246000048, 57.96679357000005 ], [ 25.142964038000059, 57.960569722000059 ], [ 25.126091226000028, 57.95215324600008 ], [ 25.129000916000052, 57.942977649000056 ], [ 25.139612044000046, 57.931441723000034 ], [ 25.15024771800006, 57.928367509000054 ], [ 25.160073270000055, 57.919989648000069 ], [ 25.20019370600005, 57.906658482000068 ], [ 25.209497932000033, 57.893527514000027 ], [ 25.220337487000052, 57.884953619000044 ], [ 25.216126197000051, 57.879664632000072 ], [ 25.222824758000058, 57.868240723000042 ], [ 25.243875799000023, 57.864060292000033 ], [ 25.25847256000003, 57.855017814000064 ], [ 25.251237323000055, 57.847684910000055 ], [ 25.25885444000005, 57.821008497000037 ], [ 25.251339500000029, 57.805413999000052 ], [ 25.238573029000065, 57.801416449000044 ], [ 25.218843125000035, 57.812582336000048 ], [ 25.167731625000044, 57.831427166000083 ], [ 25.158561786000064, 57.842617052000037 ], [ 25.141336194000075, 57.846910536000053 ], [ 25.112329428000066, 57.837314629000048 ], [ 25.125720667000053, 57.827178395000033 ], [ 25.134477246000074, 57.813695424000059 ], [ 25.134272710000062, 57.80281498800008 ], [ 25.129322629000058, 57.799373939000077 ], [ 25.115521862000037, 57.801667877000057 ], [ 25.095098775000054, 57.814841908000062 ], [ 25.080078365000077, 57.812258705000033 ], [ 25.064433188000066, 57.815732808000064 ], [ 25.031675542000073, 57.812961546000054 ], [ 25.010610030000066, 57.804493169000068 ], [ 25.007509, 57.800755999000046 ], [ 24.994791899000063, 57.800590628000066 ], [ 24.994053601000076, 57.804686783000079 ], [ 24.969067214000063, 57.812350779000042 ], [ 24.948803689000044, 57.80629727400003 ], [ 24.947558161000075, 57.808640367000066 ], [ 24.952767637000079, 57.810569785000041 ], [ 24.95515490400004, 57.815236069000036 ], [ 24.949938446000033, 57.818680236000034 ], [ 24.950990825000076, 57.824663526000052 ], [ 24.947246469000049, 57.82715345400004 ], [ 24.943145977000029, 57.825226422000071 ], [ 24.943206416000066, 57.818868058000078 ], [ 24.934924912000042, 57.816758807000042 ], [ 24.929420803000028, 57.821528293000028 ], [ 24.897941604000039, 57.827472410000041 ], [ 24.89798748100003, 57.849053685000058 ], [ 24.888603732000036, 57.852849121000077 ], [ 24.892428649000067, 57.856791288000068 ], [ 24.892887051000059, 57.862083530000064 ], [ 24.886051947000055, 57.868500674000074 ], [ 24.887688602000026, 57.876557878000028 ], [ 24.879531565000036, 57.883870739000031 ], [ 24.887608120000039, 57.893626462000043 ], [ 24.87539571700006, 57.896714517000078 ], [ 24.867741955000042, 57.90389235300006 ], [ 24.849190182000029, 57.906321504000061 ], [ 24.851620222000065, 57.91183257800003 ], [ 24.834082500000022, 57.972779499000069 ], [ 24.866286251000076, 57.980941062000056 ], [ 24.94784541000007, 58.008919411000079 ], [ 24.993843484000024, 58.011015626000074 ], [ 25.018169431000047, 58.017255384000066 ], [ 25.043122575000041, 58.037407880000046 ], [ 25.046307, 58.04014599900006 ] ] ] ] } },
{ "type": "Feature", "properties": { "GISCO_ID": "LV_0961600", "CNTR_CODE": "LV", "LAU_ID": "0961600", "LAU_NAME": "Rūjienas novads", "cell_coverage": [ [ 0.2891, 0.8519, 0.8897, 0.1527, 0.2806, 0.7037, 0.1004, 0, 0, 0 ], [ 0.3907, 1, 1, 0.5704, 0.0068, 0.7996, 0.9122, 0.7013, 0.4599, 0.0122 ], [ 0.1953, 0.7927, 1, 1, 0.8565, 0.5327, 0.5507, 0.671, 0.2099, 0 ], [ 0, 0.6423, 0.9989, 1, 0.5328, 0, 0, 0, 0, 0 ], [ 0, 0, 0.1607, 0.9122, 0.9351, 0.7162, 0.5776, 0.0853, 0, 0 ], [ 0, 0, 0, 0.1603, 0.9395, 1, 1, 0.9156, 0.1043, 0 ], [ 0, 0, 0, 0, 0.703, 1, 1, 1, 0.7265, 0.1232 ], [ 0, 0, 0, 0, 0.0646, 0.2152, 0.102, 0.1259, 0.099, 0.0034 ] ], "xmin": 25.083333333333329, "xmax": 25.5, "ymin": 57.75, "ymax": 58.083333333333321 }, "geometry": { "type": "MultiPolygon", "coordinates": [ [ [ [ 25.251339500000029, 57.805413999000052 ], [ 25.25885444000005, 57.821008497000037 ], [ 25.251237323000055, 57.847684910000055 ], [ 25.25847256000003, 57.855017814000064 ], [ 25.243875799000023, 57.864060292000033 ], [ 25.222824758000058, 57.868240723000042 ], [ 25.216126197000051, 57.879664632000072 ], [ 25.220337487000052, 57.884953619000044 ], [ 25.209497932000033, 57.893527514000027 ], [ 25.20019370600005, 57.906658482000068 ], [ 25.160073270000055, 57.919989648000069 ], [ 25.15024771800006, 57.928367509000054 ], [ 25.139612044000046, 57.931441723000034 ], [ 25.129000916000052, 57.942977649000056 ], [ 25.126091226000028, 57.95215324600008 ], [ 25.142964038000059, 57.960569722000059 ], [ 25.143673246000048, 57.96679357000005 ], [ 25.139223346000051, 57.977136586000029 ], [ 25.135538239000027, 57.980300638000074 ], [ 25.11424544700003, 57.980838452000057 ], [ 25.11192195700005, 57.987666937000029 ], [ 25.105424509000045, 57.990359282000043 ], [ 25.098172352000063, 58.004648649000046 ], [ 25.099441331000037, 58.009022050000056 ], [ 25.110257761000071, 58.014656325000033 ], [ 25.108674706000045, 58.023229423000032 ], [ 25.117351109000026, 58.037407880000046 ], [ 25.121847500000058, 58.045961499000043 ], [ 25.116586, 58.052313999000035 ], [ 25.108259500000031, 58.051644499000076 ], [ 25.106314500000053, 58.064644499000053 ], [ 25.105100500000049, 58.066227999000034 ], [ 25.112756940000054, 58.078026335000061 ], [ 25.133014711000044, 58.079316063000078 ], [ 25.157171662000053, 58.075201284000059 ], [ 25.181102621000036, 58.075778652000054 ], [ 25.199073344000055, 58.083111105000057 ], [ 25.207637014000056, 58.081859652000048 ], [ 25.213807158000066, 58.074204369000029 ], [ 25.207173447000059, 58.064065792000065 ], [ 25.213655577000054, 58.060033115000067 ], [ 25.21897089600003, 58.05190897500006 ], [ 25.225744082000062, 58.050943713000038 ], [ 25.218892434000054, 58.039201877000039 ], [ 25.223025189000055, 58.026573386000052 ], [ 25.238098746000048, 58.021538070000076 ], [ 25.233943383000053, 58.013989671000047 ], [ 25.244312033000028, 58.00523735400003 ], [ 25.254185359000076, 58.001815949000047 ], [ 25.259031257000061, 57.994925769000076 ], [ 25.284757375000027, 57.990840138000067 ], [ 25.297698761000049, 57.994606549000082 ], [ 25.302111528000069, 58.033891830000073 ], [ 25.293644722000067, 58.045093521000069 ], [ 25.271364600000027, 58.056498375000047 ], [ 25.266717796000023, 58.063290808000033 ], [ 25.269064933000038, 58.06681216800007 ], [ 25.280441104000033, 58.071530340000038 ], [ 25.287240756000074, 58.079594107000048 ], [ 25.29334274200005, 58.080470020000064 ], [ 25.306301838000024, 58.07599080500006 ], [ 25.333570550000047, 58.058631742000046 ], [ 25.364568837000036, 58.032426398000041 ], [ 25.412039209000056, 58.027637055000071 ], [ 25.446435675000032, 58.017304135000074 ], [ 25.46292395200004, 58.007197834000067 ], [ 25.461696858000039, 58.003986583000028 ], [ 25.450540840000031, 58.00028762900007 ], [ 25.444888, 57.99513199900008 ], [ 25.428737166000076, 57.991048591000038 ], [ 25.421569506000026, 57.983879996000042 ], [ 25.422407128000032, 57.970342522000067 ], [ 25.378036025000029, 57.973299728000029 ], [ 25.366911114000061, 57.966992232000052 ], [ 25.351819034000073, 57.968841155000064 ], [ 25.348619335000024, 57.97476653800004 ], [ 25.348452166000072, 57.986727780000081 ], [ 25.339536389000045, 57.993314547000068 ], [ 25.332683427000063, 57.993499110000073 ], [ 25.308971604000078, 57.975550646000045 ], [ 25.305466979000073, 57.967572595000036 ], [ 25.296346893000077, 57.964982281000061 ], [ 25.294740114000035, 57.959586338000065 ], [ 25.271688852000068, 57.954391759000032 ], [ 25.272189027000024, 57.940355197000031 ], [ 25.265871225000069, 57.934889224000074 ], [ 25.28158918400004, 57.909781993000081 ], [ 25.296041851000041, 57.901697625000054 ], [ 25.30090675100007, 57.901409041000079 ], [ 25.303683661000036, 57.905963734000068 ], [ 25.309083784000052, 57.907618411000044 ], [ 25.322370271000068, 57.904685184000073 ], [ 25.347136977000048, 57.905272382000078 ], [ 25.349483773000031, 57.897598305000031 ], [ 25.362788833000025, 57.897743188000049 ], [ 25.37699832900006, 57.892198586000063 ], [ 25.377899480000053, 57.88874091100007 ], [ 25.36861426400003, 57.884603550000065 ], [ 25.371281769000063, 57.881461062000028 ], [ 25.396957146000034, 57.880511603000059 ], [ 25.400611097000024, 57.872553158000073 ], [ 25.412922052000056, 57.863310787000046 ], [ 25.418422099000054, 57.852107698000054 ], [ 25.427854948000061, 57.843344884000032 ], [ 25.430686172000037, 57.828058397000063 ], [ 25.438337076000039, 57.822167658000069 ], [ 25.433943643000077, 57.813885662000075 ], [ 25.466692231000025, 57.813628608000045 ], [ 25.469884914000033, 57.805601059000082 ], [ 25.466801952000026, 57.797016950000057 ], [ 25.467767500000036, 57.791221499000073 ], [ 25.451606096000035, 57.790626927000062 ], [ 25.440373425000075, 57.785608835000062 ], [ 25.426313443000026, 57.787140531000034 ], [ 25.408124016000045, 57.784088177000058 ], [ 25.400833581000029, 57.786880083000028 ], [ 25.376152949000073, 57.787530551000032 ], [ 25.349505192000038, 57.788774753000041 ], [ 25.333734649000064, 57.783778656000038 ], [ 25.31844888300003, 57.784581365000065 ], [ 25.306223722000027, 57.780718529000069 ], [ 25.291940818000057, 57.781711402000042 ], [ 25.273935036000069, 57.778614185000038 ], [ 25.273356669000066, 57.780459357000041 ], [ 25.286181290000059, 57.783996280000054 ], [ 25.288813872000048, 57.788307669000062 ], [ 25.277414470000053, 57.788847403000034 ], [ 25.272469171000068, 57.806303332000027 ], [ 25.251339500000029, 57.805413999000052 ] ] ] ] } },
{ "type": "Feature", "properties": { "GISCO_ID": "LV_0967101", "CNTR_CODE": "LV", "LAU_ID": "0967101", "LAU_NAME": "Burtnieku novads", "cell_coverage": [ [ 0, 0, 0.0383, 0.2361, 0, 0, 0, 0, 0, 0, 0, 0, 0, 0, 0, 0, 0 ], [ 0.3277, 0.5433, 0.4076, 0.8889, 0.7796, 0.3885, 0.2007, 0, 0, 0, 0, 0, 0, 0, 0, 0, 0 ], [ 0.082, 0.4243, 0.9997, 1, 1, 1, 0.9354, 0.7848, 0.898, 0.8741, 0.901, 0.9364, 0.8825, 0.7551, 0.539, 0.1178, 0 ], [ 0, 0.0957, 0.9065, 1, 1, 1, 1, 1, 1, 1, 1, 1, 1, 1, 1, 0.8419, 0.4771 ], [ 0, 0.1131, 0.9351, 0.998, 0.9034, 1, 1, 1, 1, 1, 1, 1, 1, 1, 0.8398, 0.0345, 0 ], [ 0, 0.0034, 0.2312, 0.1318, 0.0541, 0.5451, 0.9787, 1, 1, 1, 1, 1, 0.5713, 0.0883, 0.0568, 0, 0 ], [ 0, 0, 0, 0, 0, 0, 0.2917, 0.8426, 1, 1, 1, 1, 0.9994, 0.7697, 0.1269, 0, 0 ], [ 0, 0, 0, 0, 0, 0, 0, 0.0021, 0.3829, 0.8056, 0.7779, 0.8262, 0.2212, 0, 0, 0, 0 ], [ 0, 0, 0, 0, 0, 0, 0, 0, 0, 0, 6.58e-06, 0.0009, 0, 0, 0, 0, 0 ] ], "xmin": 25.0, "xmax": 25.708333333333332, "ymin": 57.5, "ymax": 57.875 }, "geometry": { "type": "MultiPolygon", "coordinates": [ [ [ [ 25.386660500000062, 57.546852999000066 ], [ 25.376152949000073, 57.551668726000059 ], [ 25.35729228200006, 57.562997266000082 ], [ 25.354779925000059, 57.568947014000059 ], [ 25.347693203000063, 57.573824397000067 ], [ 25.322112908000065, 57.587296784000046 ], [ 25.299547160000031, 57.594312789000071 ], [ 25.28247715200007, 57.596112409000057 ], [ 25.271359776000054, 57.612815217000048 ], [ 25.273470084000053, 57.620121704000042 ], [ 25.231415573000049, 57.639248900000041 ], [ 25.224361860000045, 57.652558581000051 ], [ 25.199403501000063, 57.65532907000005 ], [ 25.202004931000033, 57.661930221000034 ], [ 25.192632712000034, 57.673446238000054 ], [ 25.170542491000049, 57.672029179000049 ], [ 25.160927384000047, 57.664523036000048 ], [ 25.15024771800006, 57.660699825000052 ], [ 25.091885, 57.65485299900007 ], [ 25.078785856000025, 57.667715964000081 ], [ 25.082011504000036, 57.672425597000029 ], [ 25.078107715000044, 57.677841690000037 ], [ 25.097987780000039, 57.687668449000057 ], [ 25.07384109000003, 57.701058601000057 ], [ 25.066451627000049, 57.699138508000033 ], [ 25.063960139000073, 57.702651410000044 ], [ 25.068995055000073, 57.706099971000071 ], [ 25.068284012000049, 57.71217856100003 ], [ 25.074914611000054, 57.716937853000047 ], [ 25.077099450000048, 57.723001517000057 ], [ 25.08930041800005, 57.728578799000047 ], [ 25.087061988000073, 57.733959497000058 ], [ 25.097343906000049, 57.739189454000041 ], [ 25.07745862400003, 57.755868095000039 ], [ 25.074836033000054, 57.767342404000033 ], [ 25.076326441000049, 57.774290187000076 ], [ 25.054277289000026, 57.778022664000048 ], [ 25.040465348000055, 57.786704331000067 ], [ 25.024789804000022, 57.78352742800007 ], [ 25.007509, 57.800755999000046 ], [ 25.010610030000066, 57.804493169000068 ], [ 25.031675542000073, 57.812961546000054 ], [ 25.064433188000066, 57.815732808000064 ], [ 25.080078365000077, 57.812258705000033 ], [ 25.095098775000054, 57.814841908000062 ], [ 25.115521862000037, 57.801667877000057 ], [ 25.129322629000058, 57.799373939000077 ], [ 25.134272710000062, 57.80281498800008 ], [ 25.134477246000074, 57.813695424000059 ], [ 25.125720667000053, 57.827178395000033 ], [ 25.112329428000066, 57.837314629000048 ], [ 25.141336194000075, 57.846910536000053 ], [ 25.158561786000064, 57.842617052000037 ], [ 25.167731625000044, 57.831427166000083 ], [ 25.218843125000035, 57.812582336000048 ], [ 25.238573029000065, 57.801416449000044 ], [ 25.251339500000029, 57.805413999000052 ], [ 25.272469171000068, 57.806303332000027 ], [ 25.277414470000053, 57.788847403000034 ], [ 25.288813872000048, 57.788307669000062 ], [ 25.286181290000059, 57.783996280000054 ], [ 25.273356669000066, 57.780459357000041 ], [ 25.273935036000069, 57.778614185000038 ], [ 25.291940818000057, 57.781711402000042 ], [ 25.306223722000027, 57.780718529000069 ], [ 25.31844888300003, 57.784581365000065 ], [ 25.333734649000064, 57.783778656000038 ], [ 25.349505192000038, 57.788774753000041 ], [ 25.376152949000073, 57.787530551000032 ], [ 25.400833581000029, 57.786880083000028 ], [ 25.408124016000045, 57.784088177000058 ], [ 25.426313443000026, 57.787140531000034 ], [ 25.440373425000075, 57.785608835000062 ], [ 25.451606096000035, 57.790626927000062 ], [ 25.467767500000036, 57.791221499000073 ], [ 25.479832148000071, 57.787915553000062 ], [ 25.531073574000061, 57.787019275000034 ], [ 25.550483849000045, 57.780510312000047 ], [ 25.56707, 57.783435499000063 ], [ 25.588200132000054, 57.776223291000065 ], [ 25.591252549000046, 57.774483641000074 ], [ 25.596791473000053, 57.774490171000082 ], [ 25.622804986000062, 57.768060889000083 ], [ 25.636820209000064, 57.756007501000056 ], [ 25.653024149000032, 57.75237523100003 ], [ 25.66496223200005, 57.746184678000077 ], [ 25.677250055000059, 57.745571088000077 ], [ 25.703238, 57.734125499000072 ], [ 25.70225208200003, 57.727207801000077 ], [ 25.690068159000077, 57.717917584000077 ], [ 25.661022325000033, 57.714514307000059 ], [ 25.64224002800006, 57.717340056000069 ], [ 25.629650221000077, 57.710900937000076 ], [ 25.62633235800007, 57.70436155200008 ], [ 25.634603242000026, 57.700416057000041 ], [ 25.634241152000072, 57.697555804000046 ], [ 25.613513734000037, 57.696546573000035 ], [ 25.615795819000027, 57.690834401000075 ], [ 25.614150905000031, 57.683820584000046 ], [ 25.617555687000049, 57.677182050000056 ], [ 25.616191032000074, 57.665461669000081 ], [ 25.594413046000057, 57.662756579000074 ], [ 25.529704300000049, 57.663293733000046 ], [ 25.523419159000071, 57.651666499000044 ], [ 25.508238472000073, 57.644253368000079 ], [ 25.529665473000023, 57.628289472000063 ], [ 25.595087224000054, 57.614642742000058 ], [ 25.598224543000072, 57.609846689000051 ], [ 25.59349, 57.60155099900004 ], [ 25.576324200000045, 57.588882969000053 ], [ 25.562887426000032, 57.592367614000068 ], [ 25.555842550000023, 57.586431462000064 ], [ 25.546846861000063, 57.588308232000031 ], [ 25.537341481000055, 57.581427480000059 ], [ 25.52453801200005, 57.580399447000048 ], [ 25.507064132000039, 57.564754663000031 ], [ 25.506043231000035, 57.560718027000064 ], [ 25.490095957000051, 57.556523671000036 ], [ 25.491468743000041, 57.548985522000066 ], [ 25.479058791000057, 57.549212836000038 ], [ 25.460056500000064, 57.540826999000046 ], [ 25.454220411000051, 57.543335211000056 ], [ 25.458548670000027, 57.546960409000064 ], [ 25.457888590000039, 57.550185617000068 ], [ 25.447035136000068, 57.554227023000067 ], [ 25.436373803000038, 57.549319284000035 ], [ 25.432673031000036, 57.551489354000068 ], [ 25.427775978000057, 57.548598201000061 ], [ 25.422155323000027, 57.551127637000036 ], [ 25.39856044000004, 57.550388616000077 ], [ 25.386660500000062, 57.546852999000066 ] ] ] ] } },
{ "type": "Feature", "properties": { "GISCO_ID": "LV_0967300", "CNTR_CODE": "LV", "LAU_ID": "0967300", "LAU_NAME": "Naukšēnu novads", "cell_coverage": [ [ 0.0004, 0.4446, 0.4493, 0.329, 0.7404, 0.5562, 0.385, 0.2455, 0.0347, 0, 0 ], [ 0.4672, 1, 1, 1, 1, 1, 1, 1, 0.5728, 0.1652, 0 ], [ 0.0649, 0.2838, 0.4224, 0.9147, 1, 1, 0.9845, 0.8559, 0.9121, 0.9855, 0.4797 ], [ 0, 0, 0, 0.0844, 0.8957, 0.7749, 0.2375, 0, 0.0437, 0.3682, 0.157 ], [ 0, 0, 0, 0, 0.2735, 0.8768, 0.906, 0.2862, 0, 0, 0 ], [ 0, 0, 0, 0, 0, 0.0602, 0.1175, 0.082, 0, 0, 0 ] ], "xmin": 25.25, "xmax": 25.708333333333332, "ymin": 57.75, "ymax": 57.999999999999986 }, "geometry": { "type": "MultiPolygon", "coordinates": [ [ [ [ 25.56707, 57.783435499000063 ], [ 25.550483849000045, 57.780510312000047 ], [ 25.531073574000061, 57.787019275000034 ], [ 25.479832148000071, 57.787915553000062 ], [ 25.467767500000036, 57.791221499000073 ], [ 25.466801952000026, 57.797016950000057 ], [ 25.469884914000033, 57.805601059000082 ], [ 25.466692231000025, 57.813628608000045 ], [ 25.433943643000077, 57.813885662000075 ], [ 25.438337076000039, 57.822167658000069 ], [ 25.430686172000037, 57.828058397000063 ], [ 25.427854948000061, 57.843344884000032 ], [ 25.418422099000054, 57.852107698000054 ], [ 25.412922052000056, 57.863310787000046 ], [ 25.400611097000024, 57.872553158000073 ], [ 25.396957146000034, 57.880511603000059 ], [ 25.371281769000063, 57.881461062000028 ], [ 25.36861426400003, 57.884603550000065 ], [ 25.377899480000053, 57.88874091100007 ], [ 25.37699832900006, 57.892198586000063 ], [ 25.362788833000025, 57.897743188000049 ], [ 25.349483773000031, 57.897598305000031 ], [ 25.347136977000048, 57.905272382000078 ], [ 25.322370271000068, 57.904685184000073 ], [ 25.309083784000052, 57.907618411000044 ], [ 25.303683661000036, 57.905963734000068 ], [ 25.30090675100007, 57.901409041000079 ], [ 25.296041851000041, 57.901697625000054 ], [ 25.28158918400004, 57.909781993000081 ], [ 25.265871225000069, 57.934889224000074 ], [ 25.272189027000024, 57.940355197000031 ], [ 25.271688852000068, 57.954391759000032 ], [ 25.294740114000035, 57.959586338000065 ], [ 25.296346893000077, 57.964982281000061 ], [ 25.305466979000073, 57.967572595000036 ], [ 25.308971604000078, 57.975550646000045 ], [ 25.332683427000063, 57.993499110000073 ], [ 25.339536389000045, 57.993314547000068 ], [ 25.348452166000072, 57.986727780000081 ], [ 25.348619335000024, 57.97476653800004 ], [ 25.351819034000073, 57.968841155000064 ], [ 25.366911114000061, 57.966992232000052 ], [ 25.378036025000029, 57.973299728000029 ], [ 25.422407128000032, 57.970342522000067 ], [ 25.421569506000026, 57.983879996000042 ], [ 25.428737166000076, 57.991048591000038 ], [ 25.444888, 57.99513199900008 ], [ 25.476391560000025, 57.983348575000036 ], [ 25.486062667000056, 57.975338450000038 ], [ 25.518811885000048, 57.979609739000068 ], [ 25.521757482000055, 57.975121199000057 ], [ 25.515134321000062, 57.970666802000039 ], [ 25.517667158000052, 57.967952038000078 ], [ 25.527359966000063, 57.97170344500006 ], [ 25.550469687000032, 57.971963930000072 ], [ 25.557979709000051, 57.961113751000028 ], [ 25.564371815000072, 57.962544288000061 ], [ 25.567351316000043, 57.968754210000043 ], [ 25.576864210000053, 57.973169383000027 ], [ 25.591970595000078, 57.962152030000027 ], [ 25.592046500000038, 57.955941999000061 ], [ 25.583536115000072, 57.944312706000062 ], [ 25.596791473000053, 57.940419575000078 ], [ 25.637977335000073, 57.930640081000035 ], [ 25.650535759000036, 57.916288896000083 ], [ 25.675935152000079, 57.912564428000053 ], [ 25.680215421000071, 57.904671599000039 ], [ 25.703258500000061, 57.903319999000075 ], [ 25.692267217000051, 57.887448708000079 ], [ 25.680071328000054, 57.883403853000061 ], [ 25.683597709000026, 57.876688457000057 ], [ 25.679414133000023, 57.85838734500004 ], [ 25.669603853000069, 57.854535920000046 ], [ 25.624692086000039, 57.864216659000078 ], [ 25.610864392000053, 57.875300258000038 ], [ 25.591493583000045, 57.883247856000082 ], [ 25.579703378000033, 57.884106533000079 ], [ 25.570014511000068, 57.878313121000076 ], [ 25.558265961000075, 57.881854568000051 ], [ 25.538118979000046, 57.879510695000079 ], [ 25.527874871000051, 57.869251080000026 ], [ 25.516713798000069, 57.863897564000069 ], [ 25.50498920800004, 57.865340789000072 ], [ 25.492750036000075, 57.874501744000042 ], [ 25.489719218000062, 57.874018301000035 ], [ 25.478340076000052, 57.86104141900006 ], [ 25.488763361000053, 57.85059917600006 ], [ 25.507884481000076, 57.842373509000026 ], [ 25.541273438000076, 57.818259727000054 ], [ 25.561265045000027, 57.816552821000073 ], [ 25.568742134000047, 57.810135831000082 ], [ 25.567982184000073, 57.802733450000062 ], [ 25.551165208000043, 57.798019187000079 ], [ 25.546402370000067, 57.789765013000078 ], [ 25.56707, 57.783435499000063 ] ] ] ] } },
{ "type": "Feature", "properties": { "GISCO_ID": "LV_0980200", "CNTR_CODE": "LV", "LAU_ID": "0980200", "LAU_NAME": "Ventspils novads", "cell_coverage": [ [ 0, 0, 0, 0, 0, 0, 0, 0, 0, 0, 0, 0, 0, 0, 0, 0, 0, 0, 0.1405, 0.4251, 0.651, 0.0664, 0, 0 ], [ 0, 0, 0, 0, 0, 0, 0, 0, 0, 0, 0.0453, 0.2113, 0.3505, 0.3694, 0.383, 0.4595, 0.6437, 0.8698, 1, 1, 1, 0.813, 0, 0 ], [ 0, 0, 0, 0, 0, 0, 0, 0, 0.2873, 0.8509, 0.9935, 1, 1, 1, 1, 1, 1, 1, 1, 1, 1, 0.9948, 0.2118, 0 ], [ 0, 0, 0, 0, 0, 0, 0, 0.0487, 0.8725, 1, 1, 1, 1, 1, 1, 1, 1, 1, 1, 1, 1, 1, 0.5123, 0 ], [ 0, 0, 0, 0, 0, 0, 0, 0.6815, 1, 1, 1, 1, 1, 1, 1, 1, 1, 1, 1, 1, 0.6231, 0.1674, 0.0015, 0 ], [ 0, 0, 0, 0, 0, 0, 0, 0.164, 0.9984, 1, 1, 1, 1, 1, 1, 1, 1, 1, 0.9051, 0.4692, 0.0439, 0, 0, 0 ], [ 0, 0, 0, 0, 0.0128, 0, 0.0801, 0.5637, 0.9776, 1, 1, 1, 1, 1, 1, 1, 1, 1, 0.9648, 0.6633, 0.5938, 0.6996, 0.1752, 0 ], [ 0, 0, 0, 0.2559, 0.8944, 0.531, 0.7446, 1, 1, 1, 1, 1, 1, 1, 1, 1, 1, 1, 1, 1, 1, 1, 0.819, 0 ], [ 0, 0, 0.3631, 0.9684, 1, 1, 1, 1, 1, 1, 1, 1, 1, 1, 1, 1, 1, 1, 1, 1, 1, 1, 0.926, 0.1896 ], [ 0, 0.066, 0.9924, 1, 1, 1, 1, 1, 1, 1, 1, 1, 1, 1, 1, 1, 1, 1, 1, 1, 1, 1, 0.7188, 0.222 ], [ 0, 0.0719, 1, 1, 1, 1, 1, 1, 1, 1, 1, 1, 1, 1, 1, 1, 1, 1, 1, 1, 0.9669, 0.4641, 0.0083, 0 ], [ 0, 0.1725, 1, 1, 1, 1, 1, 1, 1, 1, 1, 1, 1, 1, 1, 1, 1, 1, 1, 1, 0.8175, 0.0044, 0, 0 ], [ 0, 0.1405, 1, 1, 1, 1, 1, 1, 1, 1, 1, 1, 1, 1, 1, 1, 1, 1, 1, 1, 0.7075, 0, 0, 0 ], [ 0, 0.0167, 0.9983, 1, 1, 0.9592, 0.7756, 0.2296, 0.3139, 0.2738, 0.5005, 0.894, 0.5792, 0.6742, 0.6849, 0.5297, 0.3038, 0.5427, 0.5672, 0.2977, 0.0907, 0, 0, 0 ], [ 0, 0.1068, 0.9989, 0.879, 0.3262, 0.0797, 0, 0, 0, 0, 0.0015, 0.0049, 0, 0, 0, 0, 0, 0, 0, 0, 0, 0, 0, 0 ], [ 0.0037, 0.666, 1, 0.5016, 0, 0, 0, 0, 0, 0, 0, 0, 0, 0, 0, 0, 0, 0, 0, 0, 0, 0, 0, 0 ], [ 0.4513, 0.9909, 0.998, 0.4186, 0, 0, 0, 0, 0, 0, 0, 0, 0, 0, 0, 0, 0, 0, 0, 0, 0, 0, 0, 0 ], [ 0, 0.2141, 0.3587, 0.0007, 0, 0, 0, 0, 0, 0, 0, 0, 0, 0, 0, 0, 0, 0, 0, 0, 0, 0, 0, 0 ] ], "xmin": 21.333333333333329, "xmax": 22.333333333333329, "ymin": 56.916666666666657, "ymax": 57.666666666666657 }, "geometry": { "type": "MultiPolygon", "coordinates": [ [ [ [ 21.394965500000069, 56.938866999000027 ], [ 21.401684837000062, 56.946068120000064 ], [ 21.394125015000043, 56.954479477000064 ], [ 21.372156050000058, 56.962897912000074 ], [ 21.367838478000067, 56.96827028000007 ], [ 21.351337772000022, 56.965259654000079 ], [ 21.349293568000064, 56.969026425000038 ], [ 21.333687, 56.975623499000051 ], [ 21.352589504000036, 56.984542154000053 ], [ 21.37411161700004, 57.002505649000057 ], [ 21.399241976000042, 57.033383 ], [ 21.41251425400003, 57.058542482000064 ], [ 21.417159795000032, 57.080178930000045 ], [ 21.416415826000048, 57.107031867000046 ], [ 21.406713591000027, 57.174205552000046 ], [ 21.414467651000052, 57.21486720200005 ], [ 21.411918177000075, 57.268744492000053 ], [ 21.418858477000072, 57.289658118000034 ], [ 21.426954645000023, 57.300633790000063 ], [ 21.452639979000026, 57.316967341000066 ], [ 21.481536503000029, 57.346404965000033 ], [ 21.500063501000056, 57.359353674000033 ], [ 21.517420500000071, 57.378781999000068 ], [ 21.537397365000061, 57.369779710000046 ], [ 21.542440639000063, 57.362018912000053 ], [ 21.539377817000059, 57.353705977000061 ], [ 21.549343606000036, 57.356458595000049 ], [ 21.561636539000062, 57.354117389000066 ], [ 21.570435703000044, 57.349126378000051 ], [ 21.575149362000047, 57.35813046800007 ], [ 21.592777213000033, 57.36963116000004 ], [ 21.600159703000031, 57.361230482000053 ], [ 21.611641903000077, 57.356303238000066 ], [ 21.618278647000068, 57.357013036000069 ], [ 21.619553715000052, 57.361981052000033 ], [ 21.614408749000063, 57.374412101000075 ], [ 21.618467790000068, 57.390670190000037 ], [ 21.671794325000064, 57.405899625000075 ], [ 21.663895318000073, 57.428643779000026 ], [ 21.655003605000047, 57.433477826000058 ], [ 21.659262530000035, 57.443357177000053 ], [ 21.654676691000077, 57.458584403000032 ], [ 21.638258423000025, 57.462273445000051 ], [ 21.632325209000044, 57.469600294000031 ], [ 21.624751500000059, 57.469715999000073 ], [ 21.636547689000054, 57.484761232000039 ], [ 21.661795192000056, 57.507388967000054 ], [ 21.675815014000023, 57.528712377000033 ], [ 21.689347919000056, 57.557707333000053 ], [ 21.704057240000054, 57.56892229500005 ], [ 21.723460462000048, 57.576774214000068 ], [ 21.84847273400004, 57.598346823000043 ], [ 21.942704197000069, 57.599095823000027 ], [ 21.989874092000036, 57.603260735000049 ], [ 22.069508733000077, 57.620995018000031 ], [ 22.196016500000042, 57.656988999000077 ], [ 22.214465318000066, 57.637499457000047 ], [ 22.217754762000027, 57.62377011600006 ], [ 22.232390509000027, 57.620465721000073 ], [ 22.246333961000062, 57.607692961000055 ], [ 22.248560523000037, 57.578739017000032 ], [ 22.267235762000041, 57.548973910000029 ], [ 22.275161298000057, 57.506998708000083 ], [ 22.267233818000022, 57.501832582000077 ], [ 22.235940566000068, 57.496850058000064 ], [ 22.191886766000039, 57.476615352000067 ], [ 22.173371762000045, 57.47268960100007 ], [ 22.171702499000048, 57.466999324000028 ], [ 22.178305397000031, 57.458703530000037 ], [ 22.173087089000035, 57.450791759000083 ], [ 22.10359320200007, 57.420176862000062 ], [ 22.132683869000061, 57.404314322000062 ], [ 22.175288153000054, 57.397977156000081 ], [ 22.244748, 57.406632999000067 ], [ 22.259390303000032, 57.384460821000062 ], [ 22.266509620000022, 57.381818487000032 ], [ 22.277695876000053, 57.382650487000035 ], [ 22.288289338000027, 57.350856175000047 ], [ 22.280183057000045, 57.334661032000042 ], [ 22.279694006000057, 57.326604683000028 ], [ 22.28510026500004, 57.321760778000055 ], [ 22.298469309000041, 57.319085111000049 ], [ 22.308092162000037, 57.293037371000082 ], [ 22.302811759000065, 57.284294134000049 ], [ 22.307324024000025, 57.279228534000026 ], [ 22.315163060000032, 57.277119693000031 ], [ 22.308145707000051, 57.268768848000036 ], [ 22.270329937000042, 57.26576285200008 ], [ 22.259268382000073, 57.257236434000049 ], [ 22.257210767000061, 57.249101964000033 ], [ 22.236603514000024, 57.24295096600008 ], [ 22.236265502000037, 57.229386829000077 ], [ 22.230597713000066, 57.22216153800008 ], [ 22.21151493800005, 57.225281333000055 ], [ 22.210299163000059, 57.219715067000038 ], [ 22.195726086000036, 57.207650735000072 ], [ 22.198317811000038, 57.198891754000044 ], [ 22.181264747000057, 57.196453666000082 ], [ 22.185651164000035, 57.191079843000068 ], [ 22.202775899000073, 57.190150157000062 ], [ 22.209579, 57.18598399900003 ], [ 22.207769979000034, 57.169180370000049 ], [ 22.199999774000048, 57.164383659000066 ], [ 22.20074158500006, 57.154132139000069 ], [ 22.192112178000059, 57.147993128000053 ], [ 22.196529730000066, 57.141881813000055 ], [ 22.193415980000054, 57.130848841000045 ], [ 22.182422313000075, 57.120401160000029 ], [ 22.181622582000045, 57.116342846000066 ], [ 22.125290675000031, 57.110515467000027 ], [ 22.123686573000043, 57.108397058000037 ], [ 22.126180073000057, 57.101983609000058 ], [ 22.069981363000068, 57.10020316400005 ], [ 22.038071004000074, 57.107218179000029 ], [ 22.032812576000026, 57.111516472000062 ], [ 22.023637350000058, 57.11187033200008 ], [ 22.012015589000043, 57.116921226000045 ], [ 22.003572272000042, 57.113216960000045 ], [ 21.997274944000026, 57.104673472000059 ], [ 21.960349965000034, 57.100954383000044 ], [ 21.950800566000055, 57.09327509700006 ], [ 21.93637413600004, 57.097580449000077 ], [ 21.905736765000029, 57.096643963000076 ], [ 21.902065114000038, 57.098596751000059 ], [ 21.893887929000073, 57.092610265000076 ], [ 21.880421042000023, 57.099942469000041 ], [ 21.852095425000073, 57.102265591000048 ], [ 21.835595955000031, 57.099445222000043 ], [ 21.832919473000061, 57.09200988300006 ], [ 21.822758131000057, 57.087370523000061 ], [ 21.799113506000026, 57.088439342000072 ], [ 21.800953218000075, 57.083701425000072 ], [ 21.792998562000037, 57.081434861000048 ], [ 21.787623134000057, 57.083471058000043 ], [ 21.78470945600003, 57.088293075000081 ], [ 21.786206088000029, 57.091897036000034 ], [ 21.795217800000046, 57.09481229000005 ], [ 21.789325972000029, 57.10440145900003 ], [ 21.738220607000073, 57.107573351000042 ], [ 21.722342990000072, 57.117663832000062 ], [ 21.708765377000077, 57.122319165000079 ], [ 21.69337564600005, 57.108082790000083 ], [ 21.667901990000075, 57.112037283000063 ], [ 21.664300406000052, 57.117809521000027 ], [ 21.659197401000029, 57.119907065000064 ], [ 21.63861414400003, 57.113906235000059 ], [ 21.624518504000037, 57.112938833000044 ], [ 21.62903486600004, 57.10115208600007 ], [ 21.618307220000077, 57.100519662000067 ], [ 21.607935015000066, 57.096060894000061 ], [ 21.597086991000026, 57.085048611000047 ], [ 21.574387352000031, 57.08886149600005 ], [ 21.538062, 57.069109499000035 ], [ 21.526009779000049, 57.076216327000054 ], [ 21.510238168000058, 57.074830168000062 ], [ 21.511976640000057, 57.059596337000073 ], [ 21.483975395000073, 57.055459934000055 ], [ 21.493593632000056, 57.02486293700008 ], [ 21.466077977000054, 57.019839579000063 ], [ 21.483199403000071, 56.964705780000031 ], [ 21.456983912000055, 56.961105796000027 ], [ 21.458869227000037, 56.945502411000064 ], [ 21.394965500000069, 56.938866999000027 ] ] ] ] } },
{ "type": "Feature", "properties": { "GISCO_ID": "LV_0641600", "CNTR_CODE": "LV", "LAU_ID": "0641600", "LAU_NAME": "Priekules novads", "cell_coverage": [ [ 0, 0.1422, 0.0674, 0.0466, 0.6029, 0.6901, 0.3504, 0.4792, 0.4749, 0.0034, 0 ], [ 0.2413, 0.7142, 0.9389, 0.5812, 0.7753, 1, 1, 1, 0.9955, 0.1144, 0 ], [ 0.0094, 0.6959, 1, 1, 1, 1, 1, 1, 0.8038, 0.3809, 0 ], [ 0, 0.0809, 0.8066, 1, 1, 1, 1, 1, 0.4146, 0, 0 ], [ 0, 0, 0.4778, 1, 1, 1, 1, 1, 0.9775, 0.5165, 0.1074 ], [ 0, 0.095, 0.8775, 1, 1, 1, 1, 1, 1, 0.8303, 0.0321 ], [ 0, 0.147, 0.4234, 0.8252, 0.9672, 0.5597, 0.2482, 0.3154, 0.4933, 0.2981, 0 ], [ 0, 0, 0, 0.0114, 0.0046, 0, 0, 0, 0, 0, 0 ] ], "xmin": 21.333333333333329, "xmax": 21.791666666666661, "ymin": 56.25, "ymax": 56.583333333333321 }, "geometry": { "type": "MultiPolygon", "coordinates": [ [ [ [ 21.384517, 56.331632499000079 ], [ 21.414865298000052, 56.344230832000051 ], [ 21.422263300000054, 56.354946836000067 ], [ 21.428124913000033, 56.357554873000026 ], [ 21.424491439000064, 56.372425269000075 ], [ 21.436061549000044, 56.381344975000047 ], [ 21.435705075000044, 56.386667360000047 ], [ 21.439767497000048, 56.391419943000074 ], [ 21.435550398000032, 56.39932805400008 ], [ 21.444177086000025, 56.405972130000066 ], [ 21.442810188000067, 56.416961774000072 ], [ 21.430818162000037, 56.426464624000062 ], [ 21.426821466000035, 56.434487095000065 ], [ 21.409100298000055, 56.447897970000042 ], [ 21.402224086000047, 56.457371038000076 ], [ 21.389108670000041, 56.465910472000076 ], [ 21.389322088000029, 56.472274991000063 ], [ 21.385189429000036, 56.478848089000053 ], [ 21.389343492000023, 56.491400787000032 ], [ 21.377199824000058, 56.497643180000068 ], [ 21.351888422000059, 56.500974002000078 ], [ 21.354035562000035, 56.51762696600008 ], [ 21.357727500000067, 56.518830999000045 ], [ 21.398570133000078, 56.521582781000063 ], [ 21.397212004000039, 56.533007202000078 ], [ 21.402582650000056, 56.538988904000064 ], [ 21.396367695000038, 56.54225017400006 ], [ 21.390979647000052, 56.550806669000053 ], [ 21.399675775000048, 56.554345653000041 ], [ 21.434307517000036, 56.545505633000062 ], [ 21.448763313000029, 56.534449123000059 ], [ 21.466651483000078, 56.53332866900007 ], [ 21.476217873000053, 56.52679746900003 ], [ 21.479648202000078, 56.51765283900005 ], [ 21.519605268000078, 56.518532707000077 ], [ 21.525415562000035, 56.523656946000074 ], [ 21.517506153000056, 56.526985095000043 ], [ 21.51728, 56.534050191000063 ], [ 21.513288849000048, 56.538030073000073 ], [ 21.499438249000036, 56.540429955000036 ], [ 21.492998168000042, 56.544433608000077 ], [ 21.493858833000047, 56.553561264000052 ], [ 21.520021801000041, 56.564271785000074 ], [ 21.521012793000068, 56.572570357000075 ], [ 21.564491191000059, 56.574897338000028 ], [ 21.566923620000068, 56.573036246000072 ], [ 21.562154811000028, 56.566617661000066 ], [ 21.575166, 56.56717799900008 ], [ 21.593288162000079, 56.552311677000034 ], [ 21.613521865000052, 56.560045496000043 ], [ 21.618684618000032, 56.558438160000037 ], [ 21.621439252000073, 56.552601313000082 ], [ 21.63383305900004, 56.552978826000071 ], [ 21.644295305000071, 56.560288096000079 ], [ 21.649763049000057, 56.568583600000068 ], [ 21.656431628000064, 56.569892528000082 ], [ 21.667654968000022, 56.566369166000072 ], [ 21.664834951000046, 56.55851436100005 ], [ 21.68780632000005, 56.564381597000079 ], [ 21.709742, 56.558099499000036 ], [ 21.706436606000068, 56.539147541000034 ], [ 21.717331685000033, 56.526293472000077 ], [ 21.716390252000053, 56.515569119000077 ], [ 21.708593904000054, 56.509183337000081 ], [ 21.707551824000063, 56.504189957000051 ], [ 21.722426907000056, 56.500195553000083 ], [ 21.742809656000077, 56.500128394000058 ], [ 21.740395465000063, 56.491243945000065 ], [ 21.744669207000072, 56.486096768000039 ], [ 21.686229635000075, 56.468911775000038 ], [ 21.681745449000061, 56.463671090000048 ], [ 21.682048317000067, 56.45798613200003 ], [ 21.68615664500004, 56.44943104500004 ], [ 21.695508823000068, 56.440054806000035 ], [ 21.676174453000044, 56.433419361000063 ], [ 21.669377768000061, 56.426630168000031 ], [ 21.701171120000026, 56.41559000500007 ], [ 21.713103994000051, 56.401785309000047 ], [ 21.724826533000055, 56.398473004000039 ], [ 21.731432455000061, 56.391586633000031 ], [ 21.753591677000031, 56.394748681000067 ], [ 21.765190727000061, 56.391007124000055 ], [ 21.766216455000063, 56.385895867000045 ], [ 21.743397572000049, 56.37339090100005 ], [ 21.733188490000032, 56.359171378000042 ], [ 21.735121848000063, 56.355532107000045 ], [ 21.750646779000078, 56.346826001000068 ], [ 21.757986, 56.337360499000056 ], [ 21.741168002000052, 56.329586904000053 ], [ 21.723007835000033, 56.313776265000058 ], [ 21.673083120000058, 56.312026484000057 ], [ 21.660351783000067, 56.317995416000031 ], [ 21.632561515000077, 56.32264557700006 ], [ 21.600590376000071, 56.323825870000064 ], [ 21.588401991000069, 56.322316397000066 ], [ 21.575817011000026, 56.31552656100007 ], [ 21.561640908000072, 56.31552378400005 ], [ 21.555709164000064, 56.303934800000036 ], [ 21.535215222000033, 56.293984085000034 ], [ 21.515654355000038, 56.290317450000032 ], [ 21.501081573000079, 56.294621225000071 ], [ 21.491733500000066, 56.288891499000044 ], [ 21.480115158000046, 56.292183041000044 ], [ 21.475937690000023, 56.30428457000005 ], [ 21.471354090000034, 56.30745762600003 ], [ 21.455670458000043, 56.307565813000053 ], [ 21.442448207000041, 56.311903494000035 ], [ 21.430063069000028, 56.321554251000066 ], [ 21.393596792000039, 56.325212605000047 ], [ 21.384517, 56.331632499000079 ] ] ] ] } },
{ "type": "Feature", "properties": { "GISCO_ID": "LV_0964700", "CNTR_CODE": "LV", "LAU_ID": "0964700", "LAU_NAME": "Beverīnas novads", "cell_coverage": [ [ 0, 0, 0, 0.0006, 0.1441, 0.5344, 0.7663, 0.8683, 0.2967, 0, 0, 0 ], [ 0, 0, 0.1737, 0.7788, 1, 1, 1, 1, 0.8699, 0.4753, 0.0245, 0 ], [ 0.3168, 0.2953, 0.9591, 1, 1, 1, 1, 1, 0.9796, 0.5732, 0.4722, 0.019 ], [ 0.6889, 0.996, 1, 1, 0.9936, 0.8127, 0.7631, 0.3854, 0.1689, 0.0799, 0, 0 ], [ 0.1406, 0.3602, 0.3092, 0.4102, 0.2268, 0, 0, 0, 0, 0, 0, 0 ] ], "xmin": 25.375, "xmax": 25.875, "ymin": 57.41666666666665, "ymax": 57.625 }, "geometry": { "type": "MultiPolygon", "coordinates": [ [ [ [ 25.779818500000033, 57.49400599900008 ], [ 25.743576593000057, 57.499284666000051 ], [ 25.735803360000034, 57.491316218000065 ], [ 25.723415213000067, 57.487521011000069 ], [ 25.71960959200004, 57.489241397000058 ], [ 25.718517931000065, 57.494348217000038 ], [ 25.712823356000058, 57.493722583000078 ], [ 25.683672637000029, 57.485897954000052 ], [ 25.671646335000048, 57.473888130000034 ], [ 25.672110979000024, 57.469099091000032 ], [ 25.665387, 57.466311499000028 ], [ 25.645915944000024, 57.469264271000043 ], [ 25.597248313000023, 57.466581618000077 ], [ 25.589505668000072, 57.463300627000081 ], [ 25.55722030000004, 57.451931192000075 ], [ 25.556250501000079, 57.441707071000053 ], [ 25.552929045000042, 57.436970330000065 ], [ 25.535097072000042, 57.431144543000073 ], [ 25.526723804000028, 57.432047987000033 ], [ 25.519905202000075, 57.438618376000079 ], [ 25.514535500000079, 57.450387675000059 ], [ 25.506569983000077, 57.453529608000053 ], [ 25.49088929900006, 57.451134110000055 ], [ 25.469718152000041, 57.440595845000075 ], [ 25.456377916000065, 57.438186512000073 ], [ 25.433351112000025, 57.44579294600004 ], [ 25.427317094000045, 57.443982076000054 ], [ 25.415600285000039, 57.448933963000059 ], [ 25.397739500000057, 57.443960999000069 ], [ 25.395546864000039, 57.455723266000064 ], [ 25.389528287000076, 57.462723036000057 ], [ 25.398827676000053, 57.469486819000053 ], [ 25.381283418000066, 57.481564477000063 ], [ 25.387407486000029, 57.486560031000067 ], [ 25.386227233000056, 57.491408799000055 ], [ 25.379015368000069, 57.496870357000034 ], [ 25.37771325600005, 57.500626125000053 ], [ 25.38643, 57.514663499000051 ], [ 25.42729455500006, 57.518238436000047 ], [ 25.433924729000069, 57.51263103000008 ], [ 25.428103589000045, 57.509500990000049 ], [ 25.428285005000077, 57.506631626000058 ], [ 25.436841380000033, 57.499396344000047 ], [ 25.442812483000068, 57.498481293000054 ], [ 25.444946448000053, 57.504798115000028 ], [ 25.442540052000027, 57.515406544000029 ], [ 25.453941369000063, 57.517914876000077 ], [ 25.465657315000044, 57.530295653000053 ], [ 25.464867359000039, 57.534100348000038 ], [ 25.458386908000023, 57.537427814000068 ], [ 25.460056500000064, 57.540826999000046 ], [ 25.479058791000057, 57.549212836000038 ], [ 25.491468743000041, 57.548985522000066 ], [ 25.490095957000051, 57.556523671000036 ], [ 25.506043231000035, 57.560718027000064 ], [ 25.507064132000039, 57.564754663000031 ], [ 25.52453801200005, 57.580399447000048 ], [ 25.537341481000055, 57.581427480000059 ], [ 25.546846861000063, 57.588308232000031 ], [ 25.555842550000023, 57.586431462000064 ], [ 25.562887426000032, 57.592367614000068 ], [ 25.576324200000045, 57.588882969000053 ], [ 25.59349, 57.60155099900004 ], [ 25.623938496000051, 57.614247883000075 ], [ 25.65797681600003, 57.615497944000083 ], [ 25.68048748700005, 57.621515062000071 ], [ 25.692961690000061, 57.621091962000037 ], [ 25.707276897000042, 57.615191976000062 ], [ 25.717707957000073, 57.608187623000049 ], [ 25.716274492000025, 57.603322339000044 ], [ 25.718503014000078, 57.599685757000032 ], [ 25.745922079000024, 57.584961813000064 ], [ 25.733537024000043, 57.577942420000056 ], [ 25.729509412000027, 57.572020708000082 ], [ 25.741937333000067, 57.568885883000064 ], [ 25.762152038000067, 57.569416862000082 ], [ 25.799923639000042, 57.553467700000056 ], [ 25.789587469000026, 57.544940982000071 ], [ 25.749755674000028, 57.545299146000048 ], [ 25.743657351000024, 57.540635052000027 ], [ 25.747080525000058, 57.534686396000041 ], [ 25.786092782000026, 57.516762014000051 ], [ 25.800027515000068, 57.518075483000075 ], [ 25.819146251000063, 57.52779182200004 ], [ 25.821407116000046, 57.533617695000032 ], [ 25.829786922000039, 57.531725483000059 ], [ 25.83877469600003, 57.521772639000062 ], [ 25.831362741000078, 57.513439111000082 ], [ 25.807019098000069, 57.500559886000076 ], [ 25.790327348000062, 57.501632641000072 ], [ 25.779818500000033, 57.49400599900008 ] ] ] ] } },
{ "type": "Feature", "properties": { "GISCO_ID": "LV_0407700", "CNTR_CODE": "LV", "LAU_ID": "0407700", "LAU_NAME": "Rundāles novads", "cell_coverage": [ [ 0, 0, 0, 0.0006, 0.0668, 0.0407, 0, 0, 0, 0 ], [ 0, 0.0235, 0.2605, 0.6412, 0.9953, 0.9822, 0.2281, 0, 0, 0 ], [ 0, 0.5862, 1, 1, 1, 1, 0.3877, 0.0092, 0, 0 ], [ 0.0096, 0.5802, 0.9928, 1, 1, 1, 0.9722, 0.5967, 0.4886, 0.0146 ], [ 0, 0.12, 0.8865, 1, 1, 0.9144, 0.3796, 0.0191, 0, 0 ], [ 0, 0, 0.0008, 0.0588, 0.0745, 0.0376, 0, 0, 0, 0 ] ], "xmin": 23.791666666666664, "xmax": 24.208333333333332, "ymin": 56.291666666666657, "ymax": 56.541666666666657 }, "geometry": { "type": "MultiPolygon", "coordinates": [ [ [ [ 23.865579, 56.338438999000061 ], [ 23.869936606000067, 56.348135098000057 ], [ 23.869771447000062, 56.375318660000062 ], [ 23.879585201000054, 56.386473179000063 ], [ 23.829400877000069, 56.388837969000065 ], [ 23.834480320000068, 56.399490426000057 ], [ 23.846783688000073, 56.401755005000041 ], [ 23.845413656000062, 56.407787581000036 ], [ 23.849060569000073, 56.416853099000036 ], [ 23.854680812000026, 56.422052656000062 ], [ 23.839183687000059, 56.427176344000031 ], [ 23.841270405000046, 56.440916196000046 ], [ 23.86164655500005, 56.447917292000056 ], [ 23.874737611000057, 56.469505516000027 ], [ 23.879571201000033, 56.469609842000068 ], [ 23.887173932000053, 56.464263104000054 ], [ 23.903412785000057, 56.471253721000039 ], [ 23.92394654800006, 56.473881492000032 ], [ 23.927392319000035, 56.483751403000042 ], [ 23.948513633000061, 56.487560125000073 ], [ 23.959308122000039, 56.503171852000037 ], [ 23.986577493000027, 56.504269703000034 ], [ 23.993437457000027, 56.499082644000055 ], [ 24.012414939000053, 56.497722330000045 ], [ 24.020756415000051, 56.503124065000065 ], [ 24.032502500000078, 56.505042999000068 ], [ 24.05283816900004, 56.487942893000081 ], [ 24.050908982000067, 56.475481373000036 ], [ 24.05681005100007, 56.461703118000059 ], [ 24.048068406000027, 56.442826254000067 ], [ 24.064642590000062, 56.422919241000045 ], [ 24.106071775000032, 56.414665283000033 ], [ 24.119551581000053, 56.406405593000045 ], [ 24.155729914000062, 56.402297747000034 ], [ 24.160491121000064, 56.396196119000081 ], [ 24.173220689000061, 56.393087125000079 ], [ 24.163256, 56.383724037000036 ], [ 24.140367783000045, 56.379698215000076 ], [ 24.112281543000051, 56.38560433400005 ], [ 24.097708504000025, 56.39256378400006 ], [ 24.077703542000052, 56.391114652000056 ], [ 24.077383682000061, 56.385342861000026 ], [ 24.088197506000029, 56.37692376900003 ], [ 24.086664326000061, 56.366605358000072 ], [ 24.070070286000032, 56.366511057000082 ], [ 24.053661632000058, 56.36214439400004 ], [ 24.051123092000068, 56.343847984000035 ], [ 24.043400615000053, 56.339985352000042 ], [ 24.030200054000034, 56.341431708000073 ], [ 24.018608227000072, 56.336117462000061 ], [ 24.018936, 56.329753999000047 ], [ 23.961720500000069, 56.330435499000032 ], [ 23.916930555000079, 56.331260371000042 ], [ 23.91064353400003, 56.338584955000044 ], [ 23.865579, 56.338438999000061 ] ] ] ] } }
]
}
