{
"type": "FeatureCollection",
"name": "MK",
"crs": { "type": "name", "properties": { "name": "urn:ogc:def:crs:OGC:1.3:CRS84" } },
"features": [
{ "type": "Feature", "properties": { "GISCO_ID": "MK_MK00101", "CNTR_CODE": "MK", "LAU_ID": "MK00101", "LAU_NAME": "Велес", "cell_coverage": [ [ 0, 0, 0, 0, 0, 0.0034, 0.0143, 0, 0 ], [ 0, 0, 0, 0, 0.0151, 0.8192, 0.6673, 0, 0 ], [ 0, 0, 0.0025, 0.0013, 0.2409, 0.9987, 0.9992, 0.466, 0 ], [ 0, 0, 0.7171, 0.9202, 0.83, 1, 0.99, 0.1189, 0 ], [ 0.0011, 0.2645, 0.9781, 1, 1, 1, 0.9944, 0.2255, 0 ], [ 0.0093, 0.5583, 0.8018, 0.9558, 1, 1, 1, 0.792, 0.0275 ], [ 0, 0, 0, 0.4178, 1, 1, 0.9904, 0.4661, 0 ], [ 0, 0, 0, 0.0418, 0.5837, 0.9712, 0.5948, 0.0157, 0 ], [ 0, 0, 0, 0, 0.0066, 0.1955, 0, 0, 0 ] ], "xmin": 21.541666666666664, "xmax": 21.916666666666664, "ymin": 41.583333333333321, "ymax": 41.958333333333321 }, "geometry": { "type": "MultiPolygon", "coordinates": [ [ [ [ 21.861883500000033, 41.852601999000058 ], [ 21.860141809000027, 41.841846472000043 ], [ 21.836600375000046, 41.822840557000063 ], [ 21.829939310000043, 41.810682089000068 ], [ 21.847223173000032, 41.790120243000047 ], [ 21.850203934000035, 41.78279297000006 ], [ 21.849606746000063, 41.776166471000067 ], [ 21.830523235000044, 41.758153163000031 ], [ 21.837974853000048, 41.746729744000049 ], [ 21.840429402000041, 41.747589620000042 ], [ 21.838117457000067, 41.75212635400004 ], [ 21.844296662000033, 41.753471801000046 ], [ 21.846656236000058, 41.747783465000055 ], [ 21.871016500000053, 41.73053599900004 ], [ 21.878469334000044, 41.721878307000054 ], [ 21.879671204000033, 41.715388783000037 ], [ 21.862601764000033, 41.693082264000054 ], [ 21.850055638000072, 41.68386576100005 ], [ 21.832251085000053, 41.675990133000028 ], [ 21.830641140000068, 41.66932401400004 ], [ 21.838888859000065, 41.660678683000071 ], [ 21.811802001000046, 41.641340142000047 ], [ 21.806128955000077, 41.633871867000039 ], [ 21.78383782800006, 41.630938609000054 ], [ 21.784259558000031, 41.61539851200007 ], [ 21.780359, 41.612075499000071 ], [ 21.760802212000044, 41.615070312000057 ], [ 21.737410072000046, 41.62868813800003 ], [ 21.733625749000055, 41.638194344000055 ], [ 21.732584064000037, 41.654800692000038 ], [ 21.710665067000036, 41.649777763000031 ], [ 21.706164934000071, 41.651112581000064 ], [ 21.702868626000054, 41.65794571400005 ], [ 21.703474501000073, 41.670003583000039 ], [ 21.691147217000037, 41.677611972000079 ], [ 21.685859693000054, 41.704699726000058 ], [ 21.678972517000034, 41.712062857000035 ], [ 21.668574656000033, 41.715566630000069 ], [ 21.655265977000056, 41.711986103000072 ], [ 21.643592818000059, 41.718744941000068 ], [ 21.633265159000075, 41.718409957000063 ], [ 21.621783336000078, 41.72303971000008 ], [ 21.601264872000058, 41.721593941000037 ], [ 21.578629, 41.74931949900008 ], [ 21.601420633000032, 41.758741946000043 ], [ 21.611530596000023, 41.760153778000074 ], [ 21.61391496300007, 41.767342585000051 ], [ 21.623159028000032, 41.774104258000079 ], [ 21.628175626000029, 41.787285424000061 ], [ 21.639580786000067, 41.79738689800007 ], [ 21.631960627000069, 41.819741811000029 ], [ 21.634056843000053, 41.831936499000051 ], [ 21.638832, 41.834985499000027 ], [ 21.649263760000053, 41.828752457000064 ], [ 21.674916063000069, 41.83277804800008 ], [ 21.680186694000042, 41.823866331000033 ], [ 21.698767059000033, 41.834575194000081 ], [ 21.715426631000071, 41.821716503000061 ], [ 21.731021521000059, 41.820483858000046 ], [ 21.735509638000053, 41.827587575000052 ], [ 21.735061891000043, 41.851252169000077 ], [ 21.751002376000031, 41.873199345000046 ], [ 21.747548675000075, 41.901018934000035 ], [ 21.752772324000034, 41.904467553000075 ], [ 21.765619534000052, 41.904904239000075 ], [ 21.788638883000033, 41.918042163000052 ], [ 21.80588, 41.918516999000076 ], [ 21.821669496000027, 41.897069588000079 ], [ 21.821054938000032, 41.886256105000029 ], [ 21.835921405000022, 41.870558496000058 ], [ 21.852021905000072, 41.86288257800004 ], [ 21.861883500000033, 41.852601999000058 ] ] ] ] } },
{ "type": "Feature", "properties": { "GISCO_ID": "MK_MK00102", "CNTR_CODE": "MK", "LAU_ID": "MK00102", "LAU_NAME": "Градско", "cell_coverage": [ [ 0, 0, 0.0068, 0.2338, 0, 0 ], [ 0, 0.0096, 0.5339, 0.6733, 0.0028, 0 ], [ 0.0288, 0.4052, 0.9843, 0.983, 0.8568, 0.3284 ], [ 0.1885, 0.9988, 1, 1, 1, 0.2317 ], [ 0, 0.693, 1, 1, 0.7784, 0.2223 ], [ 0.0297, 0.8814, 0.4685, 0.1204, 0.0066, 0 ], [ 0, 0.0306, 0, 0, 0, 0 ] ], "xmin": 21.75, "xmax": 22.0, "ymin": 41.458333333333321, "ymax": 41.75 }, "geometry": { "type": "MultiPolygon", "coordinates": [ [ [ [ 21.953986500000042, 41.668531499000039 ], [ 21.975409821000028, 41.65542460100005 ], [ 21.972649371000045, 41.641751254000042 ], [ 21.976254519000065, 41.622694246000037 ], [ 21.963334241000041, 41.61333055800003 ], [ 21.970008930000063, 41.603097451000053 ], [ 21.963264197000058, 41.581824937000079 ], [ 21.969306806000077, 41.571777659000077 ], [ 21.968258965000075, 41.559539166000036 ], [ 21.972053157000062, 41.556199517000039 ], [ 21.980242, 41.555060499000035 ], [ 21.972010123000075, 41.547199822000039 ], [ 21.965960867000035, 41.550561800000025 ], [ 21.959278261000065, 41.548997972000052 ], [ 21.938590503000057, 41.558574723000049 ], [ 21.932459710000046, 41.550238590000049 ], [ 21.921205782000072, 41.544049512000072 ], [ 21.915871812000034, 41.53324066600004 ], [ 21.884228203000077, 41.539020974000039 ], [ 21.850738217000071, 41.536401905000048 ], [ 21.850220549000028, 41.532784874000072 ], [ 21.855998956000064, 41.529590649000056 ], [ 21.859873092000043, 41.523070319000055 ], [ 21.859383723000064, 41.513486091000061 ], [ 21.849058425000067, 41.509998762000066 ], [ 21.827275161000046, 41.508851205000042 ], [ 21.813793, 41.492210999000065 ], [ 21.79340045500004, 41.513881301000026 ], [ 21.787072667000075, 41.534366369000054 ], [ 21.793234637000069, 41.544529296000064 ], [ 21.80996764300005, 41.555446738000057 ], [ 21.812425341000051, 41.569930231000058 ], [ 21.809697656000026, 41.573247977000051 ], [ 21.802040543000032, 41.574855976000038 ], [ 21.782106494000061, 41.595068317000027 ], [ 21.780359, 41.612075499000071 ], [ 21.784259558000031, 41.61539851200007 ], [ 21.78383782800006, 41.630938609000054 ], [ 21.806128955000077, 41.633871867000039 ], [ 21.811802001000046, 41.641340142000047 ], [ 21.838888859000065, 41.660678683000071 ], [ 21.830641140000068, 41.66932401400004 ], [ 21.832251085000053, 41.675990133000028 ], [ 21.850055638000072, 41.68386576100005 ], [ 21.862601764000033, 41.693082264000054 ], [ 21.879671204000033, 41.715388783000037 ], [ 21.878469334000044, 41.721878307000054 ], [ 21.871016500000053, 41.73053599900004 ], [ 21.881263128000057, 41.733456162000039 ], [ 21.898130422000065, 41.719255062000059 ], [ 21.897717323000052, 41.710694250000074 ], [ 21.90850858400006, 41.663789481000038 ], [ 21.920845181000061, 41.661885445000053 ], [ 21.928495948000034, 41.656900682000071 ], [ 21.939763185000061, 41.65646844500003 ], [ 21.953986500000042, 41.668531499000039 ] ] ] ] } },
{ "type": "Feature", "properties": { "GISCO_ID": "MK_MK00103", "CNTR_CODE": "MK", "LAU_ID": "MK00103", "LAU_NAME": "Демир Капија", "cell_coverage": [ [ 0, 0, 0.3543, 0.448, 0.3725, 0.7938, 0.1958 ], [ 0, 0.1754, 0.9788, 1, 1, 1, 0.1295 ], [ 0, 0.3782, 1, 1, 1, 1, 0.3254 ], [ 0.1771, 0.7732, 1, 1, 1, 0.9537, 0.4687 ], [ 0.0006, 0.2977, 0.8574, 0.9192, 0.5936, 0.1121, 0 ], [ 0, 0, 0.0024, 0, 0, 0, 0 ] ], "xmin": 22.083333333333329, "xmax": 22.375, "ymin": 41.25, "ymax": 41.5 }, "geometry": { "type": "MultiPolygon", "coordinates": [ [ [ [ 22.314205500000071, 41.49694499900005 ], [ 22.322612824000032, 41.489889262000077 ], [ 22.345627065000031, 41.484464802000048 ], [ 22.348044762000029, 41.481734561000053 ], [ 22.348282786000027, 41.474362403000043 ], [ 22.334132397000076, 41.445812880000062 ], [ 22.344128500000068, 41.430029499000057 ], [ 22.334389821000059, 41.415493102000028 ], [ 22.338395987000069, 41.402081198000076 ], [ 22.337539750000076, 41.393209909000063 ], [ 22.342940336000026, 41.389348624000036 ], [ 22.354432219000046, 41.389409546000024 ], [ 22.363137290000054, 41.38370771600006 ], [ 22.36894, 41.385325499000032 ], [ 22.369394309000029, 41.378344122000044 ], [ 22.357645009000066, 41.369791999000029 ], [ 22.365994318000048, 41.357458510000072 ], [ 22.352196374000073, 41.352334921000079 ], [ 22.354863751000039, 41.345836203000033 ], [ 22.336746285000061, 41.341812808000043 ], [ 22.32963701500006, 41.337323649000041 ], [ 22.319916256000056, 41.340407268000035 ], [ 22.318288477000067, 41.33429460800005 ], [ 22.307076592000044, 41.32942136500003 ], [ 22.297345405000044, 41.330014559000062 ], [ 22.296087076000049, 41.322841847000063 ], [ 22.302143551000029, 41.315229639000052 ], [ 22.292512, 41.309884999000076 ], [ 22.280710135000049, 41.314560723000056 ], [ 22.272921437000036, 41.309952508000038 ], [ 22.265234688000078, 41.309203727000067 ], [ 22.247426760000053, 41.29589975500005 ], [ 22.226924044000043, 41.293839582000032 ], [ 22.211753491000024, 41.295957894000026 ], [ 22.199399079000045, 41.290698073000044 ], [ 22.187895711000067, 41.292411832000028 ], [ 22.180336348000026, 41.297070266000048 ], [ 22.169934696000041, 41.313250972000048 ], [ 22.151196661000029, 41.320898384000031 ], [ 22.140347724000037, 41.317157617000078 ], [ 22.130847490000065, 41.328114051000057 ], [ 22.111720198000057, 41.341175604000057 ], [ 22.102372500000058, 41.354785499000059 ], [ 22.116184457000031, 41.354527422000046 ], [ 22.148098671000071, 41.361194433000037 ], [ 22.150490742000045, 41.373451890000069 ], [ 22.159059969000054, 41.385923560000037 ], [ 22.157913391000022, 41.401150149000046 ], [ 22.147280509000041, 41.406122148000065 ], [ 22.137302687000044, 41.405085442000029 ], [ 22.131740017000027, 41.408678119000058 ], [ 22.142991441000049, 41.42016092800003 ], [ 22.147708506000072, 41.420161024000038 ], [ 22.16166761900007, 41.432946163000054 ], [ 22.162625057000071, 41.44399358700008 ], [ 22.168028574000061, 41.452370449000057 ], [ 22.175057311000046, 41.45589687100005 ], [ 22.170763058000034, 41.461387840000043 ], [ 22.182096320000028, 41.47136680300008 ], [ 22.211861541000076, 41.487425901000051 ], [ 22.240043970000045, 41.470146475000035 ], [ 22.262768495000046, 41.463030720000063 ], [ 22.277648683000052, 41.480843923000066 ], [ 22.314205500000071, 41.49694499900005 ] ] ] ] } },
{ "type": "Feature", "properties": { "GISCO_ID": "MK_MK00104", "CNTR_CODE": "MK", "LAU_ID": "MK00104", "LAU_NAME": "Кавадарци", "cell_coverage": [ [ 0, 0, 0, 0, 0, 0.0505, 0.3397, 0.0785, 0, 0, 0, 0, 0, 0 ], [ 0.0064, 0.2051, 0, 0, 0.0089, 0.5379, 1, 0.2101, 0, 0, 0, 0, 0, 0 ], [ 0.1676, 0.709, 0.6985, 0.6924, 0.9434, 1, 1, 0.4215, 0, 0, 0, 0, 0, 0 ], [ 0, 0.2491, 1, 1, 1, 1, 1, 0.671, 0, 0, 0, 0, 0, 0 ], [ 0, 0.0679, 0.9313, 1, 1, 1, 1, 0.9709, 0.3751, 0, 0, 0, 0, 0 ], [ 0, 0.3375, 1, 1, 1, 1, 1, 1, 0.9994, 0.7023, 0.1426, 0.0808, 0.396, 0.0008 ], [ 0, 0.0163, 0.288, 0.8505, 1, 1, 1, 1, 1, 1, 0.9976, 1, 0.9895, 0.0599 ], [ 0, 0, 0.0898, 0.9986, 1, 1, 1, 1, 1, 1, 1, 0.9955, 0.281, 0 ], [ 0, 0, 0, 0.7115, 1, 1, 1, 1, 1, 1, 1, 0.3174, 0.004, 0 ], [ 0, 0, 0, 0.3303, 0.9124, 0.9581, 0.8058, 0.3604, 0.7744, 0.8386, 0.1826, 0.0005, 0, 0 ], [ 0, 0, 0, 0, 0.3438, 0.0258, 0, 0, 2.6256e-06, 0.0049, 0, 0, 0, 0 ] ], "xmin": 21.75, "xmax": 22.333333333333332, "ymin": 41.083333333333321, "ymax": 41.541666666666657 }, "geometry": { "type": "MultiPolygon", "coordinates": [ [ [ [ 21.994053, 41.50812649900007 ], [ 22.021255495000048, 41.515768835000074 ], [ 22.031665231000034, 41.513924194000026 ], [ 22.036425734000034, 41.517335761000027 ], [ 22.043863213000066, 41.516417673000035 ], [ 22.050847598000075, 41.510218986000041 ], [ 22.052172737000035, 41.50211390700008 ], [ 22.049067027000035, 41.496871490000046 ], [ 22.050619949000065, 41.487868254000034 ], [ 22.047678749000056, 41.478348721000032 ], [ 22.055226345000051, 41.45778174600008 ], [ 22.051266635000047, 41.449499919000061 ], [ 22.061438993000024, 41.444957330000079 ], [ 22.059342724000032, 41.43980623300007 ], [ 22.064173246000053, 41.428020135000054 ], [ 22.059397192000063, 41.424184463000074 ], [ 22.066754967000065, 41.412643437000042 ], [ 22.065345569000044, 41.402520350000032 ], [ 22.077967620000038, 41.37451866300006 ], [ 22.078562428000055, 41.366642415000058 ], [ 22.091388774000052, 41.357580198000051 ], [ 22.102372500000058, 41.354785499000059 ], [ 22.111720198000057, 41.341175604000057 ], [ 22.130847490000065, 41.328114051000057 ], [ 22.140347724000037, 41.317157617000078 ], [ 22.151196661000029, 41.320898384000031 ], [ 22.169934696000041, 41.313250972000048 ], [ 22.180336348000026, 41.297070266000048 ], [ 22.187895711000067, 41.292411832000028 ], [ 22.199399079000045, 41.290698073000044 ], [ 22.211753491000024, 41.295957894000026 ], [ 22.226924044000043, 41.293839582000032 ], [ 22.247426760000053, 41.29589975500005 ], [ 22.265234688000078, 41.309203727000067 ], [ 22.272921437000036, 41.309952508000038 ], [ 22.280710135000049, 41.314560723000056 ], [ 22.292512, 41.309884999000076 ], [ 22.29011061600005, 41.301296918000048 ], [ 22.290721918000031, 41.279571789000045 ], [ 22.299003331000051, 41.265122466000037 ], [ 22.294166314000051, 41.253932761000044 ], [ 22.288277993000065, 41.250076540000066 ], [ 22.247006316000068, 41.243549692000045 ], [ 22.252838860000054, 41.234192707000034 ], [ 22.267498025000066, 41.229120971000043 ], [ 22.26895064100006, 41.217941890000077 ], [ 22.243671679000045, 41.201038519000065 ], [ 22.224493637000023, 41.201587204000077 ], [ 22.218927507000046, 41.198697190000075 ], [ 22.214630370000066, 41.185785956000075 ], [ 22.216216, 41.170457499000065 ], [ 22.202094728000077, 41.161754223000059 ], [ 22.173053537000044, 41.156905780000045 ], [ 22.146191911000074, 41.126787118000038 ], [ 22.128544128000044, 41.123527054000078 ], [ 22.119652434000045, 41.127071221000051 ], [ 22.113231, 41.13342349900006 ], [ 22.088426679000065, 41.138657324000064 ], [ 22.080246775000035, 41.144403202000035 ], [ 22.07706154400006, 41.15369200300006 ], [ 22.062863737000043, 41.160384321000038 ], [ 22.059141683000064, 41.151323579000064 ], [ 22.046943875000068, 41.147641011000076 ], [ 22.027683244000059, 41.132982752000032 ], [ 21.992730910000034, 41.126612916000056 ], [ 21.977619, 41.127770999000063 ], [ 21.973780068000053, 41.12904069800004 ], [ 21.959278261000065, 41.11721465200003 ], [ 21.929438, 41.100350499000058 ], [ 21.920207038000058, 41.120668790000025 ], [ 21.926662929000031, 41.125240750000046 ], [ 21.927542235000033, 41.138374197000076 ], [ 21.904791320000072, 41.143230864000031 ], [ 21.893232323000063, 41.155761923000057 ], [ 21.882549463000032, 41.160901635000073 ], [ 21.89055959600006, 41.178983861000063 ], [ 21.889348636000022, 41.194335567000053 ], [ 21.872945387000073, 41.212685800000031 ], [ 21.867263439000055, 41.227684940000074 ], [ 21.882003290000057, 41.267119740000055 ], [ 21.893183746000034, 41.279212462000032 ], [ 21.874434869000027, 41.283989661000078 ], [ 21.859642284000074, 41.278212307000047 ], [ 21.83711502400007, 41.278595051000025 ], [ 21.812012733000074, 41.309701097000072 ], [ 21.820541208000066, 41.321103751000066 ], [ 21.826603800000044, 41.345863200000053 ], [ 21.839294102000053, 41.353006623000056 ], [ 21.841875918000028, 41.357229694000068 ], [ 21.839528804000054, 41.364306280000051 ], [ 21.822854715000062, 41.387302179000073 ], [ 21.818751194000072, 41.406514951000077 ], [ 21.826369773000067, 41.419438927000044 ], [ 21.824828558000036, 41.429219666000051 ], [ 21.819914948000076, 41.43747869200007 ], [ 21.808464723000043, 41.429180154000051 ], [ 21.78861511100007, 41.428304750000052 ], [ 21.775001436000025, 41.452560070000061 ], [ 21.776065500000072, 41.456858499000077 ], [ 21.790497483000024, 41.454182775000049 ], [ 21.79008656600007, 41.464747587000033 ], [ 21.796033113000078, 41.473553449000065 ], [ 21.810865, 41.470863999000073 ], [ 21.812580032000028, 41.467058267000027 ], [ 21.819593328000053, 41.465175399000032 ], [ 21.838021465000054, 41.448038652000037 ], [ 21.846332825000047, 41.45122255800004 ], [ 21.863425963000054, 41.439543663000052 ], [ 21.871863700000063, 41.443137125000078 ], [ 21.882741718000034, 41.441842544000053 ], [ 21.892811953000034, 41.447383714000068 ], [ 21.908116527000061, 41.443765237000036 ], [ 21.921868386000028, 41.461881510000069 ], [ 21.931957974000056, 41.455709481000042 ], [ 21.95012855300007, 41.453205536000041 ], [ 21.959278261000065, 41.459834321000073 ], [ 21.982000766000056, 41.47504445900006 ], [ 21.983493170000031, 41.480179529000054 ], [ 21.978616618000046, 41.486372175000042 ], [ 21.985079874000064, 41.490810502000045 ], [ 21.983719372000053, 41.497099757000058 ], [ 21.989892343000065, 41.500904910000031 ], [ 21.987762092000025, 41.504420092000032 ], [ 21.994053, 41.50812649900007 ] ] ] ] } },
{ "type": "Feature", "properties": { "GISCO_ID": "MK_MK00105", "CNTR_CODE": "MK", "LAU_ID": "MK00105", "LAU_NAME": "Лозово", "cell_coverage": [ [ 0, 0.1891, 0.1198, 0, 0, 0 ], [ 0.01, 0.8811, 0.8971, 0.4471, 0.016, 0 ], [ 0.0056, 0.7745, 1, 1, 0.6725, 0.0622 ], [ 0, 0.2012, 0.7387, 0.9593, 0.5683, 0.2042 ], [ 0, 0, 0.3267, 0.9589, 0.1384, 0 ], [ 0, 0, 0.017, 0.1429, 0, 0 ] ], "xmin": 21.791666666666664, "xmax": 22.041666666666664, "ymin": 41.625, "ymax": 41.875 }, "geometry": { "type": "MultiPolygon", "coordinates": [ [ [ [ 22.019845, 41.746788499000047 ], [ 22.017662986000062, 41.742466480000076 ], [ 22.024026164000077, 41.738226814000029 ], [ 22.018112692000045, 41.733783487000039 ], [ 22.009711071000027, 41.737580161000039 ], [ 22.003827396000077, 41.728635889000032 ], [ 22.007217781000065, 41.724005979000026 ], [ 21.993056193000029, 41.723124879000068 ], [ 21.979178863000072, 41.733275605000074 ], [ 21.972403922000069, 41.724985446000062 ], [ 21.96788302300007, 41.725246791000075 ], [ 21.959939900000052, 41.72418147500008 ], [ 21.955362851000075, 41.714444165000032 ], [ 21.951003800000024, 41.715005493000035 ], [ 21.947264562000043, 41.71109535800008 ], [ 21.953306413000064, 41.701622049000036 ], [ 21.957709934000036, 41.697805501000062 ], [ 21.957169778000036, 41.693854730000055 ], [ 21.961518355000067, 41.69183642400003 ], [ 21.96788302300007, 41.692521344000056 ], [ 21.969872234000036, 41.692330152000068 ], [ 21.973684923000064, 41.688409544000081 ], [ 21.969888999000034, 41.684112251000045 ], [ 21.96788302300007, 41.683454324000024 ], [ 21.966844580000043, 41.681867203000024 ], [ 21.967237500000067, 41.675901499000076 ], [ 21.962587420000034, 41.667072609000058 ], [ 21.953986500000042, 41.668531499000039 ], [ 21.939763185000061, 41.65646844500003 ], [ 21.928495948000034, 41.656900682000071 ], [ 21.920845181000061, 41.661885445000053 ], [ 21.90850858400006, 41.663789481000038 ], [ 21.897717323000052, 41.710694250000074 ], [ 21.898130422000065, 41.719255062000059 ], [ 21.881263128000057, 41.733456162000039 ], [ 21.871016500000053, 41.73053599900004 ], [ 21.846656236000058, 41.747783465000055 ], [ 21.844296662000033, 41.753471801000046 ], [ 21.838117457000067, 41.75212635400004 ], [ 21.840429402000041, 41.747589620000042 ], [ 21.837974853000048, 41.746729744000049 ], [ 21.830523235000044, 41.758153163000031 ], [ 21.849606746000063, 41.776166471000067 ], [ 21.850203934000035, 41.78279297000006 ], [ 21.847223173000032, 41.790120243000047 ], [ 21.829939310000043, 41.810682089000068 ], [ 21.836600375000046, 41.822840557000063 ], [ 21.860141809000027, 41.841846472000043 ], [ 21.861883500000033, 41.852601999000058 ], [ 21.868380595000076, 41.854310729000076 ], [ 21.881267550000075, 41.848172040000065 ], [ 21.904196531000025, 41.82427060100008 ], [ 21.930744271000037, 41.815298365000046 ], [ 21.965081582000039, 41.79346384300004 ], [ 21.967148397000074, 41.790488140000036 ], [ 21.963449862000061, 41.786845421000066 ], [ 21.993224633000068, 41.76852681400004 ], [ 22.001416402000075, 41.766320084000029 ], [ 22.006094660000031, 41.75664927400004 ], [ 22.019845, 41.746788499000047 ] ] ] ] } },
{ "type": "Feature", "properties": { "GISCO_ID": "MK_MK00106", "CNTR_CODE": "MK", "LAU_ID": "MK00106", "LAU_NAME": "Неготино", "cell_coverage": [ [ 0.0021, 0.1498, 0.0728, 0, 0, 0, 0, 0, 0, 0 ], [ 0.0003, 0.6716, 0.9816, 0.4475, 0.5327, 0, 0, 0, 0, 0 ], [ 0, 0.7683, 1, 1, 0.9433, 0.4547, 0.1399, 0, 0, 0 ], [ 0, 0.4955, 0.9996, 1, 1, 1, 0.9079, 0.4001, 0.1577, 0 ], [ 0, 0.131, 0.6603, 0.9215, 1, 1, 1, 1, 0.9856, 0.2491 ], [ 0, 0, 0, 0.7899, 1, 1, 0.6457, 0.552, 0.6275, 0.1035 ], [ 0, 0, 0, 0.5785, 1, 0.8246, 0.0212, 0, 0, 0 ], [ 0, 0, 0, 0.329, 1, 0.6218, 0, 0, 0, 0 ], [ 0, 0, 0, 0.0291, 0.4478, 0.2268, 0, 0, 0, 0 ] ], "xmin": 21.916666666666664, "xmax": 22.333333333333332, "ymin": 41.333333333333321, "ymax": 41.708333333333321 }, "geometry": { "type": "MultiPolygon", "coordinates": [ [ [ [ 22.266379500000028, 41.556371999000078 ], [ 22.270814586000029, 41.547521798000048 ], [ 22.277688424000075, 41.546816533000026 ], [ 22.283361361000061, 41.540831741000034 ], [ 22.288470778000033, 41.540502581000055 ], [ 22.289967685000079, 41.534723500000041 ], [ 22.310863147000077, 41.510803581000062 ], [ 22.314205500000071, 41.49694499900005 ], [ 22.277648683000052, 41.480843923000066 ], [ 22.262768495000046, 41.463030720000063 ], [ 22.240043970000045, 41.470146475000035 ], [ 22.211861541000076, 41.487425901000051 ], [ 22.182096320000028, 41.47136680300008 ], [ 22.170763058000034, 41.461387840000043 ], [ 22.175057311000046, 41.45589687100005 ], [ 22.168028574000061, 41.452370449000057 ], [ 22.162625057000071, 41.44399358700008 ], [ 22.16166761900007, 41.432946163000054 ], [ 22.147708506000072, 41.420161024000038 ], [ 22.142991441000049, 41.42016092800003 ], [ 22.131740017000027, 41.408678119000058 ], [ 22.137302687000044, 41.405085442000029 ], [ 22.147280509000041, 41.406122148000065 ], [ 22.157913391000022, 41.401150149000046 ], [ 22.159059969000054, 41.385923560000037 ], [ 22.150490742000045, 41.373451890000069 ], [ 22.148098671000071, 41.361194433000037 ], [ 22.116184457000031, 41.354527422000046 ], [ 22.102372500000058, 41.354785499000059 ], [ 22.091388774000052, 41.357580198000051 ], [ 22.078562428000055, 41.366642415000058 ], [ 22.077967620000038, 41.37451866300006 ], [ 22.065345569000044, 41.402520350000032 ], [ 22.066754967000065, 41.412643437000042 ], [ 22.059397192000063, 41.424184463000074 ], [ 22.064173246000053, 41.428020135000054 ], [ 22.059342724000032, 41.43980623300007 ], [ 22.061438993000024, 41.444957330000079 ], [ 22.051266635000047, 41.449499919000061 ], [ 22.055226345000051, 41.45778174600008 ], [ 22.047678749000056, 41.478348721000032 ], [ 22.050619949000065, 41.487868254000034 ], [ 22.049067027000035, 41.496871490000046 ], [ 22.052172737000035, 41.50211390700008 ], [ 22.050847598000075, 41.510218986000041 ], [ 22.043863213000066, 41.516417673000035 ], [ 22.036425734000034, 41.517335761000027 ], [ 22.031665231000034, 41.513924194000026 ], [ 22.021255495000048, 41.515768835000074 ], [ 21.994053, 41.50812649900007 ], [ 21.991190753000069, 41.523800745000074 ], [ 22.000570070000038, 41.560674839000058 ], [ 21.996994870000037, 41.562092647000043 ], [ 21.980242, 41.555060499000035 ], [ 21.972053157000062, 41.556199517000039 ], [ 21.968258965000075, 41.559539166000036 ], [ 21.969306806000077, 41.571777659000077 ], [ 21.963264197000058, 41.581824937000079 ], [ 21.970008930000063, 41.603097451000053 ], [ 21.963334241000041, 41.61333055800003 ], [ 21.976254519000065, 41.622694246000037 ], [ 21.972649371000045, 41.641751254000042 ], [ 21.975409821000028, 41.65542460100005 ], [ 21.953986500000042, 41.668531499000039 ], [ 21.962587420000034, 41.667072609000058 ], [ 21.967237500000067, 41.675901499000076 ], [ 21.996779662000051, 41.672078980000038 ], [ 22.007919178000066, 41.673248859000068 ], [ 22.028635125000051, 41.667497119000075 ], [ 22.051201430000049, 41.656315190000043 ], [ 22.054079852000029, 41.64870310200007 ], [ 22.073807774000045, 41.631198392000044 ], [ 22.084545064000054, 41.636559140000031 ], [ 22.09853307800006, 41.657902553000042 ], [ 22.107905757000026, 41.65784866000007 ], [ 22.114507342000024, 41.650603872000033 ], [ 22.120170185000063, 41.634863013000029 ], [ 22.119543060000069, 41.610610087000055 ], [ 22.126168281000048, 41.600538547000042 ], [ 22.13824188600006, 41.59992027900006 ], [ 22.157762391000063, 41.605323098000042 ], [ 22.172314989000029, 41.602371814000037 ], [ 22.187351868000064, 41.581747504000077 ], [ 22.240328283000053, 41.551498407000054 ], [ 22.252464032000034, 41.549622365000062 ], [ 22.266379500000028, 41.556371999000078 ] ] ] ] } },
{ "type": "Feature", "properties": { "GISCO_ID": "MK_MK00107", "CNTR_CODE": "MK", "LAU_ID": "MK00107", "LAU_NAME": "Росоман", "cell_coverage": [ [ 0, 0, 0, 0.2216, 0.2823, 0.0004 ], [ 0.0497, 0.5315, 0.8796, 0.9934, 0.8184, 0 ], [ 0.3941, 1, 1, 0.9911, 0.4621, 0 ], [ 0.0109, 0.3015, 0.3076, 0.0566, 0, 0 ] ], "xmin": 21.791666666666664, "xmax": 22.041666666666664, "ymin": 41.416666666666657, "ymax": 41.583333333333321 }, "geometry": { "type": "MultiPolygon", "coordinates": [ [ [ [ 21.810865, 41.470863999000073 ], [ 21.816873258000044, 41.476498314000025 ], [ 21.81745864800007, 41.48615619900005 ], [ 21.813793, 41.492210999000065 ], [ 21.827275161000046, 41.508851205000042 ], [ 21.849058425000067, 41.509998762000066 ], [ 21.859383723000064, 41.513486091000061 ], [ 21.859873092000043, 41.523070319000055 ], [ 21.855998956000064, 41.529590649000056 ], [ 21.850220549000028, 41.532784874000072 ], [ 21.850738217000071, 41.536401905000048 ], [ 21.884228203000077, 41.539020974000039 ], [ 21.915871812000034, 41.53324066600004 ], [ 21.921205782000072, 41.544049512000072 ], [ 21.932459710000046, 41.550238590000049 ], [ 21.938590503000057, 41.558574723000049 ], [ 21.959278261000065, 41.548997972000052 ], [ 21.965960867000035, 41.550561800000025 ], [ 21.972010123000075, 41.547199822000039 ], [ 21.980242, 41.555060499000035 ], [ 21.996994870000037, 41.562092647000043 ], [ 22.000570070000038, 41.560674839000058 ], [ 21.991190753000069, 41.523800745000074 ], [ 21.994053, 41.50812649900007 ], [ 21.987762092000025, 41.504420092000032 ], [ 21.989892343000065, 41.500904910000031 ], [ 21.983719372000053, 41.497099757000058 ], [ 21.985079874000064, 41.490810502000045 ], [ 21.978616618000046, 41.486372175000042 ], [ 21.983493170000031, 41.480179529000054 ], [ 21.982000766000056, 41.47504445900006 ], [ 21.959278261000065, 41.459834321000073 ], [ 21.95012855300007, 41.453205536000041 ], [ 21.931957974000056, 41.455709481000042 ], [ 21.921868386000028, 41.461881510000069 ], [ 21.908116527000061, 41.443765237000036 ], [ 21.892811953000034, 41.447383714000068 ], [ 21.882741718000034, 41.441842544000053 ], [ 21.871863700000063, 41.443137125000078 ], [ 21.863425963000054, 41.439543663000052 ], [ 21.846332825000047, 41.45122255800004 ], [ 21.838021465000054, 41.448038652000037 ], [ 21.819593328000053, 41.465175399000032 ], [ 21.812580032000028, 41.467058267000027 ], [ 21.810865, 41.470863999000073 ] ] ] ] } },
{ "type": "Feature", "properties": { "GISCO_ID": "MK_MK00108", "CNTR_CODE": "MK", "LAU_ID": "MK00108", "LAU_NAME": "Свети Николе", "cell_coverage": [ [ 0, 0.0322, 0.3458, 0.1436, 0.1053, 0.3602, 0, 0 ], [ 0.03, 0.7176, 1, 0.9027, 0.9983, 0.834, 0.1108, 0 ], [ 0.498, 1, 1, 1, 1, 1, 0.9368, 0.1138 ], [ 0.3327, 1, 1, 1, 1, 1, 1, 0.5998 ], [ 0.0008, 0.3449, 0.8802, 1, 1, 1, 1, 0.4768 ], [ 0, 0, 0.1029, 0.5529, 0.984, 1, 0.9014, 0.2047 ], [ 0, 0, 0, 0, 0.3275, 0.9378, 0.2702, 0 ], [ 0, 0, 0, 0, 0, 0.082, 0.0778, 0 ] ], "xmin": 21.791666666666664, "xmax": 22.125, "ymin": 41.708333333333321, "ymax": 42.041666666666657 }, "geometry": { "type": "MultiPolygon", "coordinates": [ [ [ [ 22.111414, 41.885372499000027 ], [ 22.09748290400006, 41.858236756000053 ], [ 22.107487971000069, 41.84094792500008 ], [ 22.108630230000074, 41.831071208000026 ], [ 22.099396220000074, 41.820318428000064 ], [ 22.07911419900006, 41.80836049800007 ], [ 22.065408650000052, 41.788364367000042 ], [ 22.052209419000064, 41.789134148000073 ], [ 22.046199275000049, 41.786551370000041 ], [ 22.056892445000074, 41.761784123000041 ], [ 22.049944433000064, 41.750763883000047 ], [ 22.052966140000024, 41.74329937400006 ], [ 22.051130237000052, 41.732695739000064 ], [ 22.047376013000076, 41.733602366000071 ], [ 22.044457130000069, 41.741829434000067 ], [ 22.032739621000076, 41.741273042000046 ], [ 22.025380639000048, 41.747191181000062 ], [ 22.019845, 41.746788499000047 ], [ 22.006094660000031, 41.75664927400004 ], [ 22.001416402000075, 41.766320084000029 ], [ 21.993224633000068, 41.76852681400004 ], [ 21.963449862000061, 41.786845421000066 ], [ 21.967148397000074, 41.790488140000036 ], [ 21.965081582000039, 41.79346384300004 ], [ 21.930744271000037, 41.815298365000046 ], [ 21.904196531000025, 41.82427060100008 ], [ 21.881267550000075, 41.848172040000065 ], [ 21.868380595000076, 41.854310729000076 ], [ 21.861883500000033, 41.852601999000058 ], [ 21.852021905000072, 41.86288257800004 ], [ 21.835921405000022, 41.870558496000058 ], [ 21.821054938000032, 41.886256105000029 ], [ 21.821669496000027, 41.897069588000079 ], [ 21.80588, 41.918516999000076 ], [ 21.810224677000065, 41.920767027000068 ], [ 21.808817782000062, 41.931417581000062 ], [ 21.821308500000043, 41.960566499000038 ], [ 21.829184873000031, 41.962175283000079 ], [ 21.834774167000035, 41.969376640000064 ], [ 21.853366104000031, 41.981664160000037 ], [ 21.850197563000052, 41.995336438000038 ], [ 21.857010771000034, 41.999526341000035 ], [ 21.866234784000028, 41.998680654000054 ], [ 21.869080305000068, 42.005818180000063 ], [ 21.874722278000036, 42.010589279000044 ], [ 21.89186767800004, 42.01208131900006 ], [ 21.902719275000038, 42.017733101000033 ], [ 21.911734897000031, 42.017043562000026 ], [ 21.918819979000034, 42.020718635000037 ], [ 21.926383963000035, 42.015582209000058 ], [ 21.931600588000038, 42.00763581700005 ], [ 21.937549601000057, 41.985865944000068 ], [ 21.945263252000075, 41.992626636000068 ], [ 21.96788302300007, 42.002605972000026 ], [ 21.990303747000041, 42.005176001000052 ], [ 22.007941, 42.019330499000034 ], [ 22.017675414000053, 42.020816090000039 ], [ 22.03418350000004, 42.015945499000054 ], [ 22.03405218000006, 42.001114800000039 ], [ 22.026680499000065, 41.993252183000038 ], [ 22.027414883000063, 41.987984589000064 ], [ 22.039661226000078, 41.97190944700003 ], [ 22.062626616000045, 41.962689595000029 ], [ 22.073656379000056, 41.95455284500008 ], [ 22.084860078000077, 41.939387233000048 ], [ 22.087263387000064, 41.928808588000038 ], [ 22.105314122000038, 41.917747080000026 ], [ 22.106837302000031, 41.908523337000076 ], [ 22.116172658000039, 41.900802959000032 ], [ 22.102537146000031, 41.896835467000074 ], [ 22.111414, 41.885372499000027 ] ] ] ] } },
{ "type": "Feature", "properties": { "GISCO_ID": "MK_MK00109", "CNTR_CODE": "MK", "LAU_ID": "MK00109", "LAU_NAME": "Чашка", "cell_coverage": [ [ 0, 0, 0.0245, 0.2619, 0.2837, 0.135, 0, 0, 0, 0, 0, 0 ], [ 0, 0.054, 0.5003, 1, 1, 0.9902, 0.4417, 0.1982, 0.0442, 0, 0, 0 ], [ 0, 0.6163, 1, 1, 1, 1, 1, 1, 0.5822, 0, 0, 0 ], [ 0.0172, 0.8523, 1, 1, 1, 1, 1, 1, 0.9582, 0.4163, 0, 0 ], [ 0.0058, 0.5526, 0.9114, 1, 1, 1, 1, 1, 1, 0.9934, 0.616, 0.0012 ], [ 0, 0, 0.2253, 0.9418, 1, 1, 1, 1, 1, 1, 1, 0.307 ], [ 0, 0, 0, 0.6952, 0.9901, 1, 1, 1, 1, 1, 0.9703, 0.0689 ], [ 0, 0, 0, 0, 0.0367, 0.5357, 0.9221, 1, 0.7818, 0.398, 0.825, 0.3702 ], [ 0, 0, 0, 0, 0, 0, 0.0299, 0.3049, 0.0613, 0, 0.0243, 0 ] ], "xmin": 21.333333333333329, "xmax": 21.833333333333329, "ymin": 41.416666666666657, "ymax": 41.791666666666657 }, "geometry": { "type": "MultiPolygon", "coordinates": [ [ [ [ 21.493007, 41.76034099900005 ], [ 21.503668100000027, 41.765370361000066 ], [ 21.522582119000049, 41.766064272000051 ], [ 21.52712131800007, 41.761509644000057 ], [ 21.528406898000071, 41.75450569800006 ], [ 21.567695635000064, 41.758697227000027 ], [ 21.578629, 41.74931949900008 ], [ 21.601264872000058, 41.721593941000037 ], [ 21.621783336000078, 41.72303971000008 ], [ 21.633265159000075, 41.718409957000063 ], [ 21.643592818000059, 41.718744941000068 ], [ 21.655265977000056, 41.711986103000072 ], [ 21.668574656000033, 41.715566630000069 ], [ 21.678972517000034, 41.712062857000035 ], [ 21.685859693000054, 41.704699726000058 ], [ 21.691147217000037, 41.677611972000079 ], [ 21.703474501000073, 41.670003583000039 ], [ 21.702868626000054, 41.65794571400005 ], [ 21.706164934000071, 41.651112581000064 ], [ 21.710665067000036, 41.649777763000031 ], [ 21.732584064000037, 41.654800692000038 ], [ 21.733625749000055, 41.638194344000055 ], [ 21.737410072000046, 41.62868813800003 ], [ 21.760802212000044, 41.615070312000057 ], [ 21.780359, 41.612075499000071 ], [ 21.782106494000061, 41.595068317000027 ], [ 21.802040543000032, 41.574855976000038 ], [ 21.809697656000026, 41.573247977000051 ], [ 21.812425341000051, 41.569930231000058 ], [ 21.80996764300005, 41.555446738000057 ], [ 21.793234637000069, 41.544529296000064 ], [ 21.787072667000075, 41.534366369000054 ], [ 21.79340045500004, 41.513881301000026 ], [ 21.813793, 41.492210999000065 ], [ 21.81745864800007, 41.48615619900005 ], [ 21.816873258000044, 41.476498314000025 ], [ 21.810865, 41.470863999000073 ], [ 21.796033113000078, 41.473553449000065 ], [ 21.79008656600007, 41.464747587000033 ], [ 21.790497483000024, 41.454182775000049 ], [ 21.776065500000072, 41.456858499000077 ], [ 21.769041093000055, 41.460831898000038 ], [ 21.757945042000074, 41.476899458000048 ], [ 21.749369375000072, 41.483056684000076 ], [ 21.734722316000045, 41.48592886800003 ], [ 21.728041927000049, 41.481407839000042 ], [ 21.715150577000031, 41.484341362000066 ], [ 21.69296647300007, 41.468613140000059 ], [ 21.683303554000076, 41.466447287000051 ], [ 21.673364125000035, 41.459936233000064 ], [ 21.672965842000053, 41.444588464000049 ], [ 21.666860706000023, 41.439257055000041 ], [ 21.658724008000036, 41.438313512000036 ], [ 21.650187120000055, 41.437103447000027 ], [ 21.644930302000034, 41.447464146000073 ], [ 21.63751065200006, 41.449731237000037 ], [ 21.628866453000057, 41.457861054000034 ], [ 21.618350082000063, 41.457371765000062 ], [ 21.607867500000054, 41.452956999000037 ], [ 21.600771416000043, 41.460632709000038 ], [ 21.58450513300005, 41.470562907000044 ], [ 21.540746144000025, 41.484713773000067 ], [ 21.538574007000022, 41.494683715000065 ], [ 21.532227462000037, 41.498631480000029 ], [ 21.520567534000065, 41.500972869000066 ], [ 21.510766937000028, 41.49949001400006 ], [ 21.49272632900005, 41.504708502000028 ], [ 21.484071799000048, 41.502413183000044 ], [ 21.47847237600007, 41.505435052000053 ], [ 21.460593318000065, 41.530440334000048 ], [ 21.466546625000035, 41.541181722000033 ], [ 21.464036333000024, 41.554801008000027 ], [ 21.44572813700006, 41.566407462000029 ], [ 21.444105126000068, 41.569930231000058 ], [ 21.430669855000076, 41.581461262000062 ], [ 21.429297688000077, 41.59070635300003 ], [ 21.424198889000024, 41.596144922000065 ], [ 21.407218642000032, 41.597274574000039 ], [ 21.391461530000072, 41.603995706000035 ], [ 21.375821133000045, 41.605757436000033 ], [ 21.373880500000041, 41.605520999000078 ], [ 21.373600594000038, 41.611649690000036 ], [ 21.37908382300003, 41.625079175000053 ], [ 21.370658650000053, 41.648968085000035 ], [ 21.388474644000041, 41.655019064000044 ], [ 21.395827801000053, 41.666142774000036 ], [ 21.391160224000032, 41.67851335000006 ], [ 21.391082219000054, 41.692102322000039 ], [ 21.384751642000026, 41.709276958000032 ], [ 21.393491, 41.717965999000057 ], [ 21.405305342000077, 41.704895099000055 ], [ 21.42971749700007, 41.717535447000046 ], [ 21.43508827900007, 41.726917145000073 ], [ 21.442517486000042, 41.729299338000033 ], [ 21.453689901000075, 41.756539411000063 ], [ 21.470669537000049, 41.761880955000038 ], [ 21.493007, 41.76034099900005 ] ] ] ] } },
{ "type": "Feature", "properties": { "GISCO_ID": "MK_MK00201", "CNTR_CODE": "MK", "LAU_ID": "MK00201", "LAU_NAME": "Берово", "cell_coverage": [ [ 0, 0.1306, 0.5891, 0.3403, 0, 0, 0, 0, 0, 0 ], [ 0, 0.3817, 1, 0.9669, 0.2065, 0, 0, 0, 0, 0 ], [ 0.5226, 0.9349, 1, 1, 0.8362, 0.9443, 0.5915, 0.2414, 0.0159, 0 ], [ 0.4057, 1, 1, 1, 1, 1, 1, 1, 0.7674, 0.063 ], [ 0.4211, 0.7713, 1, 1, 1, 1, 1, 0.9193, 0.2929, 0 ], [ 0, 0.1758, 0.9671, 1, 1, 1, 1, 0.8512, 0.0014, 0 ], [ 0, 0.0011, 0.0356, 0.5234, 0.999, 0.9986, 1, 1, 0.2194, 0 ], [ 0, 0, 0, 0, 0.1771, 0.1378, 0.4009, 0.406, 0.0442, 0 ] ], "xmin": 22.625, "xmax": 23.041666666666668, "ymin": 41.5, "ymax": 41.833333333333321 }, "geometry": { "type": "MultiPolygon", "coordinates": [ [ [ [ 22.968327500000044, 41.519835499000067 ], [ 22.962285818000055, 41.518822742000054 ], [ 22.946217434000062, 41.527096477000043 ], [ 22.903892413000051, 41.521289565000075 ], [ 22.88645297000005, 41.530390030000035 ], [ 22.875419500000078, 41.52334249900008 ], [ 22.866816206000067, 41.532225656000037 ], [ 22.864819476000037, 41.540193864000059 ], [ 22.855731396000067, 41.542608125000072 ], [ 22.838229726000066, 41.532915759000048 ], [ 22.82667555200004, 41.532568820000051 ], [ 22.821229905000052, 41.527869845000055 ], [ 22.813067322000052, 41.52847435800004 ], [ 22.807885513000031, 41.537602100000072 ], [ 22.793980109000074, 41.541362723000077 ], [ 22.781033767000054, 41.552950779000071 ], [ 22.766301191000025, 41.559313608000025 ], [ 22.767126732000065, 41.569930231000058 ], [ 22.767483, 41.571837499000026 ], [ 22.717767439000056, 41.587050318000081 ], [ 22.705855184000029, 41.586927535000029 ], [ 22.691791607000027, 41.582119736000038 ], [ 22.693843744000048, 41.59026383500003 ], [ 22.69977824800003, 41.596043012000052 ], [ 22.699171069000045, 41.605282591000048 ], [ 22.705479411000056, 41.611643516000072 ], [ 22.705486282000038, 41.623451184000032 ], [ 22.67293255900006, 41.643802238000035 ], [ 22.659627106000073, 41.641400292000071 ], [ 22.643432866000069, 41.627835922000031 ], [ 22.64161050000007, 41.640892499000074 ], [ 22.643770283000038, 41.650679404000073 ], [ 22.640772188000028, 41.66588104200008 ], [ 22.64603984200005, 41.67157489300007 ], [ 22.648580653000067, 41.682027012000049 ], [ 22.660365259000059, 41.690329863000045 ], [ 22.652461540000047, 41.699202487000036 ], [ 22.645033316000024, 41.701217843000052 ], [ 22.637195, 41.727842999000075 ], [ 22.640867585000024, 41.735880077000047 ], [ 22.64878643000003, 41.741797138000038 ], [ 22.666665699000077, 41.74593260100005 ], [ 22.669555464000041, 41.738045405000037 ], [ 22.674332195000034, 41.738357892000067 ], [ 22.682287488000043, 41.754469832000041 ], [ 22.695412378000071, 41.76539904100008 ], [ 22.693699492000064, 41.780031985000051 ], [ 22.702042539000047, 41.793006278000064 ], [ 22.702657955000063, 41.801769789000048 ], [ 22.698462047000078, 41.807153033000077 ], [ 22.696709, 41.817452499000069 ], [ 22.713606437000067, 41.820626775000051 ], [ 22.743941910000046, 41.811572080000076 ], [ 22.752200518000052, 41.816460730000074 ], [ 22.759235798000077, 41.808890870000027 ], [ 22.767228077000027, 41.80844112300008 ], [ 22.779606709000063, 41.802851199000031 ], [ 22.787480500000072, 41.803098499000043 ], [ 22.785127293000073, 41.78401064500008 ], [ 22.79701456600003, 41.777855502000079 ], [ 22.798663236000039, 41.76432638600005 ], [ 22.804427618000034, 41.765714570000057 ], [ 22.811213802000054, 41.760052951000034 ], [ 22.810733329000072, 41.752383954000038 ], [ 22.801999590000037, 41.745458917000065 ], [ 22.812824245000058, 41.736171977000026 ], [ 22.818756022000059, 41.736334364000072 ], [ 22.835760561000029, 41.749582921000069 ], [ 22.857209118000071, 41.748613138000053 ], [ 22.897757794000029, 41.735955301000047 ], [ 22.904401236000069, 41.729303917000038 ], [ 22.90720628300005, 41.71833494200007 ], [ 22.917605688000037, 41.722498873000063 ], [ 22.936254895000047, 41.720272780000073 ], [ 22.950740372000041, 41.713727523000045 ], [ 22.964572546000056, 41.711860053000066 ], [ 22.967520579000052, 41.70578432700006 ], [ 22.989350627000078, 41.69573177400008 ], [ 22.993807550000042, 41.690821154000048 ], [ 23.013414500000067, 41.691821999000069 ], [ 23.007408404000046, 41.682751238000037 ], [ 22.995537966000029, 41.674292603000026 ], [ 22.982956323000053, 41.65700957200005 ], [ 22.983396249000066, 41.648006893000058 ], [ 22.961295487000029, 41.647274073000062 ], [ 22.951834580000025, 41.641035122000062 ], [ 22.94933601200006, 41.631919789000051 ], [ 22.953120913000078, 41.618414509000047 ], [ 22.950141691000056, 41.592399589000081 ], [ 22.95237230500004, 41.587135461000059 ], [ 22.959599169000057, 41.584528019000061 ], [ 22.964935184000069, 41.578107809000073 ], [ 22.965675636000071, 41.569930231000058 ], [ 22.972075988000029, 41.56201978100006 ], [ 22.968870154000058, 41.554400876000045 ], [ 22.969813500000043, 41.546691999000075 ], [ 22.969721500000048, 41.543330499000035 ], [ 22.963950500000067, 41.543763999000078 ], [ 22.960256500000071, 41.543115999000065 ], [ 22.960114500000032, 41.540370999000061 ], [ 22.958621500000049, 41.538005999000063 ], [ 22.958351, 41.535426999000038 ], [ 22.959488500000077, 41.532963499000061 ], [ 22.960232500000075, 41.530470999000045 ], [ 22.968327500000044, 41.519835499000067 ] ] ] ] } },
{ "type": "Feature", "properties": { "GISCO_ID": "MK_MK00203", "CNTR_CODE": "MK", "LAU_ID": "MK00203", "LAU_NAME": "Делчево", "cell_coverage": [ [ 0, 0.2221, 0.5602, 0.3364, 0.0201, 0.0075, 0, 0 ], [ 0, 0.6109, 1, 1, 0.9536, 0.7721, 0.4727, 0 ], [ 0.0401, 0.8525, 1, 1, 1, 1, 0.992, 0.014 ], [ 0, 0.3963, 0.7862, 1, 1, 1, 0.9984, 0.0813 ], [ 0, 0, 0.0002, 0.5939, 1, 1, 1, 0.558 ], [ 0, 0, 0.0381, 0.8798, 1, 1, 0.6385, 0.061 ], [ 0, 0, 0.094, 0.4109, 0.5951, 0.3808, 0.0425, 0 ] ], "xmin": 22.583333333333329, "xmax": 22.916666666666661, "ymin": 41.791666666666657, "ymax": 42.083333333333321 }, "geometry": { "type": "MultiPolygon", "coordinates": [ [ [ [ 22.696709, 41.817452499000069 ], [ 22.696868557000073, 41.827253552000059 ], [ 22.701417379000077, 41.839361524000026 ], [ 22.711305775000028, 41.846627234000039 ], [ 22.717599367000048, 41.864672079000059 ], [ 22.71718385500003, 41.873082517000057 ], [ 22.723862957000051, 41.87950883600007 ], [ 22.724652825000078, 41.892424961000074 ], [ 22.733750644000054, 41.905756491000034 ], [ 22.72146007300006, 41.913060788000053 ], [ 22.706480351000039, 41.91670358600004 ], [ 22.689845716000036, 41.927782230000048 ], [ 22.66154461800005, 41.929963225000051 ], [ 22.650554781000039, 41.934538719000045 ], [ 22.631529613000055, 41.955065230000059 ], [ 22.633572721000064, 41.959669852000047 ], [ 22.642367626000066, 41.963255979000053 ], [ 22.643071987000042, 41.965953910000053 ], [ 22.618213500000024, 41.988835499000061 ], [ 22.618826744000046, 41.993782959000043 ], [ 22.625375581000071, 41.999429115000055 ], [ 22.629533328000036, 42.011749322000071 ], [ 22.635697519000075, 42.018704516000071 ], [ 22.652296056000068, 42.023038658000075 ], [ 22.652681303000065, 42.061817479000069 ], [ 22.661196, 42.073033999000074 ], [ 22.679894801000046, 42.063854823000042 ], [ 22.695340147000024, 42.063234784000031 ], [ 22.716553129000033, 42.067743291000056 ], [ 22.737197900000069, 42.046321019000061 ], [ 22.750139730000058, 42.046323954000059 ], [ 22.777976673000069, 42.037510847000078 ], [ 22.791705494000041, 42.038044202000037 ], [ 22.800229719000072, 42.045165987000075 ], [ 22.815195922000044, 42.028887713000074 ], [ 22.826618486000029, 42.022184795000044 ], [ 22.853883870000061, 42.025120188000074 ], [ 22.867214, 42.022199499000067 ], [ 22.869593816000076, 42.011611889000051 ], [ 22.864780513000028, 42.002825318000077 ], [ 22.874976440000069, 41.996321511000076 ], [ 22.874666539000032, 41.979451638000057 ], [ 22.877404499000022, 41.974647053000069 ], [ 22.874324477000073, 41.954222945000026 ], [ 22.877542025000025, 41.942192109000075 ], [ 22.87452720400006, 41.936267653000073 ], [ 22.882677001000047, 41.922552301000053 ], [ 22.893268292000073, 41.915993224000033 ], [ 22.898660491000044, 41.903916667000033 ], [ 22.897275729000057, 41.896219418000044 ], [ 22.900848264000047, 41.891217202000064 ], [ 22.901933500000041, 41.877641999000048 ], [ 22.892652592000047, 41.876934733000041 ], [ 22.884267524000052, 41.86777055500005 ], [ 22.852930913000023, 41.856864285000029 ], [ 22.85426886700003, 41.842247803000078 ], [ 22.836988462000022, 41.827075668000077 ], [ 22.840730936000057, 41.822457574000055 ], [ 22.814761318000023, 41.819538242000078 ], [ 22.800829445000034, 41.812763803000053 ], [ 22.788837006000051, 41.81376941700006 ], [ 22.784686448000059, 41.809190039000043 ], [ 22.787480500000072, 41.803098499000043 ], [ 22.779606709000063, 41.802851199000031 ], [ 22.767228077000027, 41.80844112300008 ], [ 22.759235798000077, 41.808890870000027 ], [ 22.752200518000052, 41.816460730000074 ], [ 22.743941910000046, 41.811572080000076 ], [ 22.713606437000067, 41.820626775000051 ], [ 22.696709, 41.817452499000069 ] ] ] ] } },
{ "type": "Feature", "properties": { "GISCO_ID": "MK_MK00204", "CNTR_CODE": "MK", "LAU_ID": "MK00204", "LAU_NAME": "Зрновци", "cell_coverage": [ [ 0, 0.0451, 0.0067 ], [ 0.7406, 0.9876, 0.3262 ], [ 0.2938, 0.7328, 0.3113 ] ], "xmin": 22.375, "xmax": 22.5, "ymin": 41.791666666666657, "ymax": 41.916666666666657 }, "geometry": { "type": "MultiPolygon", "coordinates": [ [ [ [ 22.407788, 41.806839999000033 ], [ 22.392494748000047, 41.827353645000073 ], [ 22.376072614000066, 41.84094792500008 ], [ 22.377245500000072, 41.861509999000077 ], [ 22.39854329700006, 41.865422066000065 ], [ 22.415924074000031, 41.87353444200005 ], [ 22.428950807000035, 41.873535756000081 ], [ 22.452707500000031, 41.880659999000045 ], [ 22.471260538000024, 41.872517803000051 ], [ 22.474315897000054, 41.866267038000046 ], [ 22.46651298300003, 41.857621276000032 ], [ 22.476056838000034, 41.84094792500008 ], [ 22.473356839000076, 41.823237668000047 ], [ 22.469283818000065, 41.818212152000058 ], [ 22.47388679900007, 41.80938532700003 ], [ 22.474638005000031, 41.799922978000041 ], [ 22.469821, 41.793763499000079 ], [ 22.464224367000043, 41.798396321000041 ], [ 22.45721797300007, 41.79727207500008 ], [ 22.452913056000057, 41.801088847000074 ], [ 22.407788, 41.806839999000033 ] ] ] ] } },
{ "type": "Feature", "properties": { "GISCO_ID": "MK_MK00205", "CNTR_CODE": "MK", "LAU_ID": "MK00205", "LAU_NAME": "Карбинци", "cell_coverage": [ [ 0.4957, 0.7851, 0.6637, 0.2866, 0, 0, 0, 0, 0 ], [ 0.3018, 0.9257, 1, 0.9966, 0.7996, 0.716, 0.3905, 0.2672, 0.0346 ], [ 0, 0.0023, 0.3563, 0.8619, 1, 1, 1, 0.6816, 0.0327 ], [ 0, 0, 0, 0.0171, 0.493, 0.5836, 0.4934, 0.1628, 0 ] ], "xmin": 22.125, "xmax": 22.5, "ymin": 41.708333333333321, "ymax": 41.875 }, "geometry": { "type": "MultiPolygon", "coordinates": [ [ [ [ 22.415623, 41.729039999000065 ], [ 22.408034549000035, 41.731591196000068 ], [ 22.374885216000052, 41.726887582000074 ], [ 22.361953100000051, 41.728467982000041 ], [ 22.334274604000029, 41.721319623000056 ], [ 22.315973898000038, 41.723426115000052 ], [ 22.307799860000046, 41.732184741000026 ], [ 22.279693227000053, 41.751963136000029 ], [ 22.266058709000049, 41.758807900000079 ], [ 22.244659633000026, 41.762485508000054 ], [ 22.226970555000037, 41.781026716000042 ], [ 22.211655203000078, 41.789095204000034 ], [ 22.185952593000025, 41.796941479000054 ], [ 22.153130670000053, 41.793722949000028 ], [ 22.151488131000065, 41.81580960000008 ], [ 22.158735118000038, 41.822956991000069 ], [ 22.146752096000057, 41.835608089000061 ], [ 22.138977594000039, 41.837797297000066 ], [ 22.137046485000042, 41.848169548000044 ], [ 22.144445966000035, 41.859935707000034 ], [ 22.15451489700007, 41.86344002900006 ], [ 22.156601, 41.872988999000029 ], [ 22.171917098000051, 41.872115972000074 ], [ 22.181785838000053, 41.874642234000078 ], [ 22.195253872000023, 41.857432849000077 ], [ 22.217135, 41.859414499000025 ], [ 22.222832438000069, 41.858607163000045 ], [ 22.244857336000052, 41.86529650500006 ], [ 22.25581561000007, 41.853045591000068 ], [ 22.261277902000074, 41.847926158000064 ], [ 22.275752810000029, 41.845635352000045 ], [ 22.280391527000063, 41.84094792500008 ], [ 22.290777551000076, 41.830753338000079 ], [ 22.307094052000025, 41.82473724700003 ], [ 22.320459385000049, 41.826501954000037 ], [ 22.328314793000061, 41.818590143000051 ], [ 22.354646309000032, 41.824231116000078 ], [ 22.370682928000065, 41.819445964000067 ], [ 22.393515498000056, 41.80442615000004 ], [ 22.407788, 41.806839999000033 ], [ 22.452913056000057, 41.801088847000074 ], [ 22.45721797300007, 41.79727207500008 ], [ 22.464224367000043, 41.798396321000041 ], [ 22.469821, 41.793763499000079 ], [ 22.465575500000057, 41.787293999000042 ], [ 22.436186531000033, 41.76628534200006 ], [ 22.432573601000058, 41.75858957500003 ], [ 22.437063141000067, 41.75602477700005 ], [ 22.433844094000051, 41.743307413000025 ], [ 22.42511164900003, 41.731333414000062 ], [ 22.415623, 41.729039999000065 ] ] ] ] } },
{ "type": "Feature", "properties": { "GISCO_ID": "MK_MK00206", "CNTR_CODE": "MK", "LAU_ID": "MK00206", "LAU_NAME": "Кочани", "cell_coverage": [ [ 0, 0, 0, 0, 0.0013, 0, 0, 0 ], [ 0, 0, 0.0781, 0.7567, 0.89, 0.4891, 0, 0 ], [ 0, 0, 0.2117, 0.9918, 1, 0.7227, 0.0695, 0 ], [ 0, 0.0514, 0.6915, 1, 1, 1, 0.4761, 0 ], [ 0.1597, 0.7749, 1, 1, 1, 0.9239, 0.9429, 0.0189 ], [ 0.393, 0.4983, 0.8526, 1, 1, 0.3059, 0.2395, 0.0052 ], [ 0, 0, 0.67, 1, 0.9294, 0.0847, 0, 0 ], [ 0, 0, 0.0973, 0.2142, 0.0124, 0, 0, 0 ] ], "xmin": 22.25, "xmax": 22.583333333333332, "ymin": 41.833333333333321, "ymax": 42.166666666666657 }, "geometry": { "type": "MultiPolygon", "coordinates": [ [ [ [ 22.363319500000046, 42.114769999000032 ], [ 22.384663157000034, 42.120072213000071 ], [ 22.41287305000003, 42.11440047800005 ], [ 22.438404708000064, 42.119966322000039 ], [ 22.451838, 42.12580299900003 ], [ 22.467180419000044, 42.122360221000065 ], [ 22.485709371000041, 42.103934468000034 ], [ 22.485681858000078, 42.096742803000041 ], [ 22.477833577000069, 42.084448403000067 ], [ 22.480261942000027, 42.071117837000031 ], [ 22.492681428000026, 42.05475924600006 ], [ 22.506327011000053, 42.051992924000047 ], [ 22.512382564000063, 42.047622525000065 ], [ 22.513482668000051, 42.037839838000025 ], [ 22.509946993000028, 42.024581746000081 ], [ 22.521785317000024, 42.019718856000054 ], [ 22.524421708000034, 42.01078100400008 ], [ 22.533832077000056, 42.00416941900005 ], [ 22.540227466000033, 41.986874643000078 ], [ 22.541744124000047, 41.966107573000045 ], [ 22.549679500000025, 41.958692499000051 ], [ 22.546258675000047, 41.956962211000075 ], [ 22.538877998000032, 41.956301683000049 ], [ 22.53846298600007, 41.946643741000059 ], [ 22.524067802000047, 41.94045120800007 ], [ 22.514205520000075, 41.943339147000074 ], [ 22.509806247000029, 41.95847019100006 ], [ 22.498734703000025, 41.966029063000065 ], [ 22.490808941000068, 41.96710438100007 ], [ 22.475204098000063, 41.95670582200006 ], [ 22.47346133800005, 41.942581593000057 ], [ 22.467389212000057, 41.929827310000064 ], [ 22.46838017400006, 41.921001463000039 ], [ 22.462328856000056, 41.912223985000026 ], [ 22.466470552000033, 41.904076244000066 ], [ 22.463351339000042, 41.898149709000052 ], [ 22.465010498000026, 41.894562664000034 ], [ 22.455525435000027, 41.888974099000052 ], [ 22.452707500000031, 41.880659999000045 ], [ 22.428950807000035, 41.873535756000081 ], [ 22.415924074000031, 41.87353444200005 ], [ 22.39854329700006, 41.865422066000065 ], [ 22.377245500000072, 41.861509999000077 ], [ 22.353323017000037, 41.872016232000078 ], [ 22.35074639100003, 41.883699788000058 ], [ 22.346007942000028, 41.889131570000075 ], [ 22.344760247000067, 41.915844291000042 ], [ 22.349486622000029, 41.929218349000053 ], [ 22.348191954000072, 41.934022067000058 ], [ 22.324102725000046, 41.935434981000071 ], [ 22.314648681000051, 41.941538502000071 ], [ 22.307124066000029, 41.933748214000047 ], [ 22.289135535000071, 41.944599388000029 ], [ 22.283039281000072, 41.941896023000027 ], [ 22.280042605000062, 41.935419290000027 ], [ 22.255202500000053, 41.939513499000043 ], [ 22.254105646000028, 41.950675225000055 ], [ 22.25581561000007, 41.952036305000036 ], [ 22.266924310000036, 41.960404991000075 ], [ 22.267102056000056, 41.96979046000007 ], [ 22.278094269000064, 41.967238593000047 ], [ 22.293898167000066, 41.974169825000047 ], [ 22.304541660000041, 41.983406991000038 ], [ 22.311163049000072, 41.994262435000053 ], [ 22.321497322000027, 41.99948248000004 ], [ 22.323920526000052, 42.006469864000053 ], [ 22.345645438000076, 42.01683455400007 ], [ 22.353096920000041, 42.024473150000063 ], [ 22.355416590000061, 42.037120240000036 ], [ 22.361001, 42.041982499000028 ], [ 22.363021610000033, 42.047899170000051 ], [ 22.361523046000059, 42.059190013000034 ], [ 22.367231968000056, 42.066160857000057 ], [ 22.368842030000053, 42.073889171000076 ], [ 22.386963515000048, 42.087879094000073 ], [ 22.366193602000067, 42.106592817000035 ], [ 22.363319500000046, 42.114769999000032 ] ] ] ] } },
{ "type": "Feature", "properties": { "GISCO_ID": "MK_MK00207", "CNTR_CODE": "MK", "LAU_ID": "MK00207", "LAU_NAME": "Македонска Каменица", "cell_coverage": [ [ 0.0044, 0.3894, 0.5071, 0.0615, 0, 0 ], [ 0.0005, 0.5109, 1, 0.8716, 0.421, 0.0691 ], [ 0, 0.2773, 0.9305, 1, 1, 0.6787 ], [ 0, 0, 0.5239, 1, 1, 0.3891 ], [ 0, 0, 0.0374, 0.9155, 0.3265, 0.0002 ], [ 0, 0, 0, 0.0149, 0, 0 ] ], "xmin": 22.416666666666664, "xmax": 22.666666666666664, "ymin": 41.916666666666657, "ymax": 42.166666666666657 }, "geometry": { "type": "MultiPolygon", "coordinates": [ [ [ [ 22.510412, 42.155158499000038 ], [ 22.522863161000032, 42.14727507300006 ], [ 22.529369889000066, 42.139349527000036 ], [ 22.546258675000047, 42.134878367000056 ], [ 22.567436129000043, 42.117264553000041 ], [ 22.582871931000057, 42.109445498000071 ], [ 22.590488911000023, 42.109093994000034 ], [ 22.599097500000028, 42.100006999000072 ], [ 22.629536653000059, 42.093736763000038 ], [ 22.651837477000072, 42.07665296600004 ], [ 22.661196, 42.073033999000074 ], [ 22.652681303000065, 42.061817479000069 ], [ 22.652296056000068, 42.023038658000075 ], [ 22.635697519000075, 42.018704516000071 ], [ 22.629533328000036, 42.011749322000071 ], [ 22.625375581000071, 41.999429115000055 ], [ 22.618826744000046, 41.993782959000043 ], [ 22.618213500000024, 41.988835499000061 ], [ 22.606058116000042, 41.98543481400003 ], [ 22.596111811000071, 41.988553979000073 ], [ 22.596231590000059, 41.982361068000046 ], [ 22.586749507000036, 41.981220526000072 ], [ 22.585535119000042, 41.975233418000073 ], [ 22.577036933000045, 41.96862434600007 ], [ 22.572050445000059, 41.957728501000076 ], [ 22.557943027000078, 41.955658553000035 ], [ 22.553927400000077, 41.961066284000026 ], [ 22.549679500000025, 41.958692499000051 ], [ 22.541744124000047, 41.966107573000045 ], [ 22.540227466000033, 41.986874643000078 ], [ 22.533832077000056, 42.00416941900005 ], [ 22.524421708000034, 42.01078100400008 ], [ 22.521785317000024, 42.019718856000054 ], [ 22.509946993000028, 42.024581746000081 ], [ 22.513482668000051, 42.037839838000025 ], [ 22.512382564000063, 42.047622525000065 ], [ 22.506327011000053, 42.051992924000047 ], [ 22.492681428000026, 42.05475924600006 ], [ 22.480261942000027, 42.071117837000031 ], [ 22.477833577000069, 42.084448403000067 ], [ 22.485681858000078, 42.096742803000041 ], [ 22.485709371000041, 42.103934468000034 ], [ 22.467180419000044, 42.122360221000065 ], [ 22.451838, 42.12580299900003 ], [ 22.463867866000044, 42.127964082000062 ], [ 22.470576342000072, 42.137528711000073 ], [ 22.484080689000052, 42.146351171000049 ], [ 22.492244648000053, 42.149818219000053 ], [ 22.503639539000062, 42.150110383000026 ], [ 22.510412, 42.155158499000038 ] ] ] ] } },
{ "type": "Feature", "properties": { "GISCO_ID": "MK_MK00208", "CNTR_CODE": "MK", "LAU_ID": "MK00208", "LAU_NAME": "Пехчево", "cell_coverage": [ [ 0, 0, 0, 0.0274, 0, 0, 0 ], [ 0, 0, 0.3615, 0.939, 0.3277, 0, 0 ], [ 0.0645, 0.6192, 0.9575, 1, 0.717, 0.0004, 0 ], [ 0.0331, 0.7935, 1, 1, 1, 0.5574, 0.1361 ], [ 0, 0.1638, 0.0557, 0.4085, 0.7586, 0.9841, 0.6878 ], [ 0, 0, 0, 0, 0, 0.1967, 0.2075 ] ], "xmin": 22.75, "xmax": 23.041666666666668, "ymin": 41.666666666666657, "ymax": 41.916666666666657 }, "geometry": { "type": "MultiPolygon", "coordinates": [ [ [ [ 23.012700500000051, 41.759598499000049 ], [ 23.030821832000072, 41.72955547600003 ], [ 23.034122500000024, 41.709444499000028 ], [ 23.021903703000078, 41.701574882000045 ], [ 23.013414500000067, 41.691821999000069 ], [ 22.993807550000042, 41.690821154000048 ], [ 22.989350627000078, 41.69573177400008 ], [ 22.967520579000052, 41.70578432700006 ], [ 22.964572546000056, 41.711860053000066 ], [ 22.950740372000041, 41.713727523000045 ], [ 22.936254895000047, 41.720272780000073 ], [ 22.917605688000037, 41.722498873000063 ], [ 22.90720628300005, 41.71833494200007 ], [ 22.904401236000069, 41.729303917000038 ], [ 22.897757794000029, 41.735955301000047 ], [ 22.857209118000071, 41.748613138000053 ], [ 22.835760561000029, 41.749582921000069 ], [ 22.818756022000059, 41.736334364000072 ], [ 22.812824245000058, 41.736171977000026 ], [ 22.801999590000037, 41.745458917000065 ], [ 22.810733329000072, 41.752383954000038 ], [ 22.811213802000054, 41.760052951000034 ], [ 22.804427618000034, 41.765714570000057 ], [ 22.798663236000039, 41.76432638600005 ], [ 22.79701456600003, 41.777855502000079 ], [ 22.785127293000073, 41.78401064500008 ], [ 22.787480500000072, 41.803098499000043 ], [ 22.784686448000059, 41.809190039000043 ], [ 22.788837006000051, 41.81376941700006 ], [ 22.800829445000034, 41.812763803000053 ], [ 22.814761318000023, 41.819538242000078 ], [ 22.840730936000057, 41.822457574000055 ], [ 22.836988462000022, 41.827075668000077 ], [ 22.85426886700003, 41.842247803000078 ], [ 22.852930913000023, 41.856864285000029 ], [ 22.884267524000052, 41.86777055500005 ], [ 22.892652592000047, 41.876934733000041 ], [ 22.901933500000041, 41.877641999000048 ], [ 22.916252001000032, 41.875757316000033 ], [ 22.926587913000049, 41.862799499000062 ], [ 22.932228097000063, 41.84976750900006 ], [ 22.937189, 41.847156999000049 ], [ 22.936655040000062, 41.841538851000053 ], [ 22.942887834000032, 41.828600406000078 ], [ 22.941118215000074, 41.817699209000068 ], [ 22.955230494000034, 41.794931120000058 ], [ 22.964610982000067, 41.788096420000045 ], [ 22.964893503000042, 41.773609458000067 ], [ 22.969711911000047, 41.77070657400003 ], [ 22.989398689000041, 41.770657453000069 ], [ 22.994572221000055, 41.767099613000028 ], [ 23.007241255000054, 41.768589344000077 ], [ 23.012700500000051, 41.759598499000049 ] ] ] ] } },
{ "type": "Feature", "properties": { "GISCO_ID": "MK_MK00209", "CNTR_CODE": "MK", "LAU_ID": "MK00209", "LAU_NAME": "Пробиштип", "cell_coverage": [ [ 0, 0, 0, 0.07, 0.1411, 0.023, 0.364, 0.6378, 0.2289 ], [ 0.0888, 0.3907, 0.7853, 0.993, 0.9904, 0.9116, 0.8116, 0.9486, 0.3085 ], [ 0.166, 0.8892, 1, 1, 1, 1, 0.8403, 0.2251, 0 ], [ 0, 0.0632, 0.8862, 1, 1, 0.8164, 0.0798, 0, 0 ], [ 0, 0, 0.3111, 0.9393, 0.9765, 0.1218, 0, 0, 0 ], [ 0, 0, 0, 0.0145, 0.2149, 0.1374, 0, 0, 0 ] ], "xmin": 22.0, "xmax": 22.375, "ymin": 41.833333333333321, "ymax": 42.083333333333321 }, "geometry": { "type": "MultiPolygon", "coordinates": [ [ [ [ 22.111414, 41.885372499000027 ], [ 22.102537146000031, 41.896835467000074 ], [ 22.116172658000039, 41.900802959000032 ], [ 22.106837302000031, 41.908523337000076 ], [ 22.105314122000038, 41.917747080000026 ], [ 22.087263387000064, 41.928808588000038 ], [ 22.084860078000077, 41.939387233000048 ], [ 22.073656379000056, 41.95455284500008 ], [ 22.062626616000045, 41.962689595000029 ], [ 22.039661226000078, 41.97190944700003 ], [ 22.027414883000063, 41.987984589000064 ], [ 22.026680499000065, 41.993252183000038 ], [ 22.03405218000006, 42.001114800000039 ], [ 22.03418350000004, 42.015945499000054 ], [ 22.041303353000046, 42.024394677000032 ], [ 22.078550241000073, 42.009333140000081 ], [ 22.096676363000029, 42.032044231000043 ], [ 22.108684130000029, 42.038254564000056 ], [ 22.124399268000047, 42.038384590000078 ], [ 22.14798210500004, 42.047394647000033 ], [ 22.156005489000052, 42.046441146000063 ], [ 22.158866974000034, 42.043380880000029 ], [ 22.167912447000049, 42.047491904000026 ], [ 22.177700524000045, 42.045717654000043 ], [ 22.188948197000059, 42.052488034000078 ], [ 22.197218699000075, 42.051244717000031 ], [ 22.202118773000052, 42.04093911800004 ], [ 22.209640383000078, 42.036258019000059 ], [ 22.217389290000028, 42.039309155000069 ], [ 22.222418190000042, 42.045291962000078 ], [ 22.229077611000037, 42.045868689000031 ], [ 22.23734016800006, 42.037139240000045 ], [ 22.244518799000048, 42.034817854000039 ], [ 22.249233271000037, 42.026394584000059 ], [ 22.25581561000007, 42.023453992000043 ], [ 22.262431897000056, 42.021291598000062 ], [ 22.269478906000074, 42.033525577000034 ], [ 22.269809176000024, 42.050284157000078 ], [ 22.264714027000025, 42.061081505000061 ], [ 22.268228241000031, 42.069305440000051 ], [ 22.297968743000069, 42.066289575000042 ], [ 22.304278234000037, 42.069615338000062 ], [ 22.321781065000039, 42.069449466000037 ], [ 22.341245701000048, 42.062343770000041 ], [ 22.348031283000068, 42.05436968500004 ], [ 22.35618591900004, 42.050385266000035 ], [ 22.361001, 42.041982499000028 ], [ 22.355416590000061, 42.037120240000036 ], [ 22.353096920000041, 42.024473150000063 ], [ 22.345645438000076, 42.01683455400007 ], [ 22.323920526000052, 42.006469864000053 ], [ 22.321497322000027, 41.99948248000004 ], [ 22.311163049000072, 41.994262435000053 ], [ 22.304541660000041, 41.983406991000038 ], [ 22.293898167000066, 41.974169825000047 ], [ 22.278094269000064, 41.967238593000047 ], [ 22.267102056000056, 41.96979046000007 ], [ 22.266924310000036, 41.960404991000075 ], [ 22.25581561000007, 41.952036305000036 ], [ 22.254105646000028, 41.950675225000055 ], [ 22.255202500000053, 41.939513499000043 ], [ 22.250868197000045, 41.933999994000033 ], [ 22.230170104000024, 41.927456981000034 ], [ 22.22206546700005, 41.916405420000046 ], [ 22.204979663000074, 41.915280473000053 ], [ 22.20514550300004, 41.906048146000046 ], [ 22.213402716000076, 41.88931666600007 ], [ 22.227281404000053, 41.875525464000077 ], [ 22.224572057000046, 41.867002651000064 ], [ 22.217135, 41.859414499000025 ], [ 22.195253872000023, 41.857432849000077 ], [ 22.181785838000053, 41.874642234000078 ], [ 22.171917098000051, 41.872115972000074 ], [ 22.156601, 41.872988999000029 ], [ 22.151123103000032, 41.878466079000077 ], [ 22.138154074000056, 41.876434295000081 ], [ 22.126408565000077, 41.883114900000066 ], [ 22.111414, 41.885372499000027 ] ] ] ] } },
{ "type": "Feature", "properties": { "GISCO_ID": "MK_MK00210", "CNTR_CODE": "MK", "LAU_ID": "MK00210", "LAU_NAME": "Чешиново - Облешево", "cell_coverage": [ [ 0, 0.1836, 0.5273, 0.5017, 0.1474, 0 ], [ 0.0235, 0.8782, 1, 1, 0.33, 0 ], [ 0, 0.1989, 0.7134, 1, 0.9027, 0.0452 ], [ 0, 0, 0.0034, 0.2004, 0.284, 0.3156 ] ], "xmin": 22.166666666666664, "xmax": 22.416666666666664, "ymin": 41.791666666666657, "ymax": 41.958333333333321 }, "geometry": { "type": "MultiPolygon", "coordinates": [ [ [ [ 22.255202500000053, 41.939513499000043 ], [ 22.280042605000062, 41.935419290000027 ], [ 22.283039281000072, 41.941896023000027 ], [ 22.289135535000071, 41.944599388000029 ], [ 22.307124066000029, 41.933748214000047 ], [ 22.314648681000051, 41.941538502000071 ], [ 22.324102725000046, 41.935434981000071 ], [ 22.348191954000072, 41.934022067000058 ], [ 22.349486622000029, 41.929218349000053 ], [ 22.344760247000067, 41.915844291000042 ], [ 22.346007942000028, 41.889131570000075 ], [ 22.35074639100003, 41.883699788000058 ], [ 22.353323017000037, 41.872016232000078 ], [ 22.377245500000072, 41.861509999000077 ], [ 22.376072614000066, 41.84094792500008 ], [ 22.392494748000047, 41.827353645000073 ], [ 22.407788, 41.806839999000033 ], [ 22.393515498000056, 41.80442615000004 ], [ 22.370682928000065, 41.819445964000067 ], [ 22.354646309000032, 41.824231116000078 ], [ 22.328314793000061, 41.818590143000051 ], [ 22.320459385000049, 41.826501954000037 ], [ 22.307094052000025, 41.82473724700003 ], [ 22.290777551000076, 41.830753338000079 ], [ 22.280391527000063, 41.84094792500008 ], [ 22.275752810000029, 41.845635352000045 ], [ 22.261277902000074, 41.847926158000064 ], [ 22.25581561000007, 41.853045591000068 ], [ 22.244857336000052, 41.86529650500006 ], [ 22.222832438000069, 41.858607163000045 ], [ 22.217135, 41.859414499000025 ], [ 22.224572057000046, 41.867002651000064 ], [ 22.227281404000053, 41.875525464000077 ], [ 22.213402716000076, 41.88931666600007 ], [ 22.20514550300004, 41.906048146000046 ], [ 22.204979663000074, 41.915280473000053 ], [ 22.22206546700005, 41.916405420000046 ], [ 22.230170104000024, 41.927456981000034 ], [ 22.250868197000045, 41.933999994000033 ], [ 22.255202500000053, 41.939513499000043 ] ] ] ] } },
{ "type": "Feature", "properties": { "GISCO_ID": "MK_MK00211", "CNTR_CODE": "MK", "LAU_ID": "MK00211", "LAU_NAME": "Штип", "cell_coverage": [ [ 0, 0, 0, 0, 0.0891, 0.0607, 0, 0, 0, 0, 0, 0 ], [ 0, 0, 0, 0, 0.5232, 0.4898, 0, 0, 0, 0, 0, 0 ], [ 0, 0, 0, 0.0986, 0.7953, 0.6982, 0.0743, 0, 0, 0, 0, 0 ], [ 0, 0, 0, 0.7298, 1, 1, 0.9977, 0.6437, 0.1381, 0, 0, 0 ], [ 0.0407, 0.4317, 0.7138, 0.9222, 1, 1, 1, 1, 0.9829, 0.507, 0.4164, 0.4712 ], [ 0.0361, 0.7118, 0.9272, 1, 1, 1, 1, 1, 1, 0.7359, 0.4747, 0.3173 ], [ 0, 0, 0.0184, 0.5525, 0.4673, 1, 1, 1, 1, 0.621, 0, 0 ], [ 0, 0, 0, 0, 0.0567, 0.5453, 0.8601, 1, 1, 0.8352, 0.0431, 0 ], [ 0, 0, 0, 0, 0, 0, 0.0921, 0.5999, 0.5529, 0.0332, 0, 0 ] ], "xmin": 21.916666666666664, "xmax": 22.416666666666664, "ymin": 41.541666666666657, "ymax": 41.916666666666657 }, "geometry": { "type": "MultiPolygon", "coordinates": [ [ [ [ 22.111414, 41.885372499000027 ], [ 22.126408565000077, 41.883114900000066 ], [ 22.138154074000056, 41.876434295000081 ], [ 22.151123103000032, 41.878466079000077 ], [ 22.156601, 41.872988999000029 ], [ 22.15451489700007, 41.86344002900006 ], [ 22.144445966000035, 41.859935707000034 ], [ 22.137046485000042, 41.848169548000044 ], [ 22.138977594000039, 41.837797297000066 ], [ 22.146752096000057, 41.835608089000061 ], [ 22.158735118000038, 41.822956991000069 ], [ 22.151488131000065, 41.81580960000008 ], [ 22.153130670000053, 41.793722949000028 ], [ 22.185952593000025, 41.796941479000054 ], [ 22.211655203000078, 41.789095204000034 ], [ 22.226970555000037, 41.781026716000042 ], [ 22.244659633000026, 41.762485508000054 ], [ 22.266058709000049, 41.758807900000079 ], [ 22.279693227000053, 41.751963136000029 ], [ 22.307799860000046, 41.732184741000026 ], [ 22.315973898000038, 41.723426115000052 ], [ 22.334274604000029, 41.721319623000056 ], [ 22.361953100000051, 41.728467982000041 ], [ 22.374885216000052, 41.726887582000074 ], [ 22.408034549000035, 41.731591196000068 ], [ 22.415623, 41.729039999000065 ], [ 22.412023513000065, 41.709284445000037 ], [ 22.398578428000064, 41.700634043000036 ], [ 22.392410095000059, 41.687728057000072 ], [ 22.385641329000066, 41.683222906000026 ], [ 22.356032378000066, 41.685546156000044 ], [ 22.349434302000077, 41.691646483000056 ], [ 22.33384176900006, 41.694186219000073 ], [ 22.318151895000028, 41.685438223000062 ], [ 22.310396834000073, 41.676230416000067 ], [ 22.310726763000048, 41.654095098000028 ], [ 22.320025498000064, 41.647054874000048 ], [ 22.326533295000047, 41.636516763000031 ], [ 22.316434234000042, 41.62592813200007 ], [ 22.337056526000026, 41.616480368000055 ], [ 22.341295, 41.610884999000064 ], [ 22.328152577000026, 41.59470219800005 ], [ 22.313623656000061, 41.589854899000045 ], [ 22.266379500000028, 41.556371999000078 ], [ 22.252464032000034, 41.549622365000062 ], [ 22.240328283000053, 41.551498407000054 ], [ 22.187351868000064, 41.581747504000077 ], [ 22.172314989000029, 41.602371814000037 ], [ 22.157762391000063, 41.605323098000042 ], [ 22.13824188600006, 41.59992027900006 ], [ 22.126168281000048, 41.600538547000042 ], [ 22.119543060000069, 41.610610087000055 ], [ 22.120170185000063, 41.634863013000029 ], [ 22.114507342000024, 41.650603872000033 ], [ 22.107905757000026, 41.65784866000007 ], [ 22.09853307800006, 41.657902553000042 ], [ 22.084545064000054, 41.636559140000031 ], [ 22.073807774000045, 41.631198392000044 ], [ 22.054079852000029, 41.64870310200007 ], [ 22.051201430000049, 41.656315190000043 ], [ 22.028635125000051, 41.667497119000075 ], [ 22.007919178000066, 41.673248859000068 ], [ 21.996779662000051, 41.672078980000038 ], [ 21.967237500000067, 41.675901499000076 ], [ 21.966844580000043, 41.681867203000024 ], [ 21.96788302300007, 41.683454324000024 ], [ 21.969888999000034, 41.684112251000045 ], [ 21.973684923000064, 41.688409544000081 ], [ 21.969872234000036, 41.692330152000068 ], [ 21.96788302300007, 41.692521344000056 ], [ 21.961518355000067, 41.69183642400003 ], [ 21.957169778000036, 41.693854730000055 ], [ 21.957709934000036, 41.697805501000062 ], [ 21.953306413000064, 41.701622049000036 ], [ 21.947264562000043, 41.71109535800008 ], [ 21.951003800000024, 41.715005493000035 ], [ 21.955362851000075, 41.714444165000032 ], [ 21.959939900000052, 41.72418147500008 ], [ 21.96788302300007, 41.725246791000075 ], [ 21.972403922000069, 41.724985446000062 ], [ 21.979178863000072, 41.733275605000074 ], [ 21.993056193000029, 41.723124879000068 ], [ 22.007217781000065, 41.724005979000026 ], [ 22.003827396000077, 41.728635889000032 ], [ 22.009711071000027, 41.737580161000039 ], [ 22.018112692000045, 41.733783487000039 ], [ 22.024026164000077, 41.738226814000029 ], [ 22.017662986000062, 41.742466480000076 ], [ 22.019845, 41.746788499000047 ], [ 22.025380639000048, 41.747191181000062 ], [ 22.032739621000076, 41.741273042000046 ], [ 22.044457130000069, 41.741829434000067 ], [ 22.047376013000076, 41.733602366000071 ], [ 22.051130237000052, 41.732695739000064 ], [ 22.052966140000024, 41.74329937400006 ], [ 22.049944433000064, 41.750763883000047 ], [ 22.056892445000074, 41.761784123000041 ], [ 22.046199275000049, 41.786551370000041 ], [ 22.052209419000064, 41.789134148000073 ], [ 22.065408650000052, 41.788364367000042 ], [ 22.07911419900006, 41.80836049800007 ], [ 22.099396220000074, 41.820318428000064 ], [ 22.108630230000074, 41.831071208000026 ], [ 22.107487971000069, 41.84094792500008 ], [ 22.09748290400006, 41.858236756000053 ], [ 22.111414, 41.885372499000027 ] ] ] ] } },
{ "type": "Feature", "properties": { "GISCO_ID": "MK_MK00301", "CNTR_CODE": "MK", "LAU_ID": "MK00301", "LAU_NAME": "Вевчани", "cell_coverage": [ [ 0.0132, 0.1279, 0.0425, 0.0925 ], [ 0.1844, 0.5298, 0.3368, 0.043 ] ], "xmin": 20.5, "xmax": 20.666666666666668, "ymin": 41.208333333333321, "ymax": 41.291666666666657 }, "geometry": { "type": "MultiPolygon", "coordinates": [ [ [ [ 20.516511500000036, 41.237873499000045 ], [ 20.521973, 41.246325999000078 ], [ 20.541984334000063, 41.254437053000061 ], [ 20.569411692000074, 41.255908827000042 ], [ 20.586115848000077, 41.255294981000077 ], [ 20.596871674000056, 41.249501696000038 ], [ 20.606226723000077, 41.248721443000079 ], [ 20.628570516000025, 41.255599450000034 ], [ 20.637261457000022, 41.262518943000032 ], [ 20.645736842000076, 41.254765666000026 ], [ 20.640939293000031, 41.248971045000076 ], [ 20.62866647900006, 41.245218794000039 ], [ 20.628440244000046, 41.23950453100008 ], [ 20.598888597000041, 41.235978977000059 ], [ 20.572602375000031, 41.224611198000048 ], [ 20.516511500000036, 41.237873499000045 ] ] ] ] } },
{ "type": "Feature", "properties": { "GISCO_ID": "MK_MK00304", "CNTR_CODE": "MK", "LAU_ID": "MK00304", "LAU_NAME": "Дебрца", "cell_coverage": [ [ 0.2741, 0.4397, 0.5148, 0.5147, 0.3523, 0.1076, 0, 0, 0 ], [ 0.1204, 0.967, 1, 1, 1, 0.6707, 0, 0, 0 ], [ 0, 0.6171, 1, 1, 1, 0.9724, 0.3203, 0, 0 ], [ 0, 0.42, 1, 1, 1, 1, 0.9366, 0.0867, 0 ], [ 0, 0.0022, 0.7637, 1, 0.9039, 0.7277, 0.9879, 0.9357, 0.1539 ], [ 0, 0.3139, 0.9625, 0.3768, 0, 0, 0.0799, 0.2965, 0.0871 ], [ 0, 0.3723, 0.8028, 0.0206, 0, 0, 0, 0, 0 ], [ 0, 0, 0.0287, 0, 0, 0, 0, 0, 0 ] ], "xmin": 20.666666666666664, "xmax": 21.041666666666664, "ymin": 41.125, "ymax": 41.458333333333321 }, "geometry": { "type": "MultiPolygon", "coordinates": [ [ [ [ 20.681577, 41.43044799900008 ], [ 20.682322500000055, 41.431110499000056 ], [ 20.68491350000005, 41.432197999000039 ], [ 20.688945, 41.437482499000055 ], [ 20.709029026000053, 41.437385697000025 ], [ 20.734710581000058, 41.432799996000028 ], [ 20.759828521000031, 41.439030881000065 ], [ 20.774867723000057, 41.436339229000055 ], [ 20.797879216000069, 41.442760428000042 ], [ 20.824023348000026, 41.434285377000037 ], [ 20.844080011000074, 41.434939926000027 ], [ 20.846304807000024, 41.431789826000056 ], [ 20.856641022000076, 41.429245344000037 ], [ 20.88891701700004, 41.430362238000043 ], [ 20.887714567000046, 41.421218985000053 ], [ 20.895417894000047, 41.413676128000077 ], [ 20.893358552000052, 41.404586660000064 ], [ 20.906558483000026, 41.396604695000065 ], [ 20.913557378000064, 41.364366532000076 ], [ 20.936628380000059, 41.351675723000028 ], [ 20.945180158000028, 41.333772099000043 ], [ 20.954759500000023, 41.323895999000058 ], [ 20.95453909400004, 41.317118425000046 ], [ 20.964198190000047, 41.306095093000067 ], [ 20.965867864000074, 41.296335355000053 ], [ 20.992845096000053, 41.286647770000059 ], [ 20.997168672000043, 41.282008379000047 ], [ 20.998807170000077, 41.273583493000046 ], [ 21.011346997000032, 41.264431897000065 ], [ 21.017138032000048, 41.254810889000055 ], [ 21.017893, 41.242116499000076 ], [ 21.012810198000068, 41.240021289000026 ], [ 21.004743231000077, 41.243029493000051 ], [ 20.991163877000076, 41.235489529000063 ], [ 20.975267428000052, 41.235360605000039 ], [ 20.958200763000036, 41.243847277000043 ], [ 20.924350524000033, 41.248100494000028 ], [ 20.917812223000055, 41.255731647000061 ], [ 20.907221268000058, 41.261104898000042 ], [ 20.879936109000027, 41.263350441000057 ], [ 20.874682565000057, 41.259483685000077 ], [ 20.867055759000039, 41.258724470000061 ], [ 20.86208971700006, 41.251383022000027 ], [ 20.851765129000057, 41.255951433000064 ], [ 20.841933228000073, 41.250268145000064 ], [ 20.824407703000077, 41.249573041000076 ], [ 20.823399221000045, 41.24297706200008 ], [ 20.818228732000023, 41.237055840000039 ], [ 20.792221830000074, 41.219989747000056 ], [ 20.794454078000058, 41.213483446000055 ], [ 20.791632930000048, 41.203882843000031 ], [ 20.795109298000057, 41.197883447000038 ], [ 20.793405224000026, 41.189471041000047 ], [ 20.784818700000073, 41.184358952000025 ], [ 20.774867723000057, 41.185339365000061 ], [ 20.771062529000062, 41.181489550000038 ], [ 20.77279057800007, 41.17571003200004 ], [ 20.774867723000057, 41.174341587000072 ], [ 20.777404500000046, 41.173218499000029 ], [ 20.776199500000075, 41.17168699900003 ], [ 20.774867723000057, 41.169087289000061 ], [ 20.765112926000029, 41.161213162000081 ], [ 20.747586359000024, 41.16951123900003 ], [ 20.737020667000024, 41.167513469000028 ], [ 20.735170500000038, 41.169314999000051 ], [ 20.735087793000048, 41.186055525000029 ], [ 20.739317383000071, 41.19478448600006 ], [ 20.725443779000045, 41.20292598900005 ], [ 20.726338285000054, 41.206478996000044 ], [ 20.719388884000068, 41.214005359000055 ], [ 20.735333216000072, 41.229444129000058 ], [ 20.746273761000054, 41.232551510000064 ], [ 20.756492069000046, 41.244344191000039 ], [ 20.765530138000031, 41.280320850000066 ], [ 20.756185334000065, 41.283876144000033 ], [ 20.747008630000039, 41.291657225000051 ], [ 20.744909064000069, 41.298605613000063 ], [ 20.724747363000063, 41.314604029000066 ], [ 20.723141400000031, 41.321578427000077 ], [ 20.731188069000041, 41.335818878000055 ], [ 20.724768985000026, 41.356747897000048 ], [ 20.71667022400004, 41.369506855000054 ], [ 20.706461837000063, 41.398209745000031 ], [ 20.689496863000045, 41.415208630000052 ], [ 20.681577, 41.43044799900008 ] ] ] ] } },
{ "type": "Feature", "properties": { "GISCO_ID": "MK_MK00307", "CNTR_CODE": "MK", "LAU_ID": "MK00307", "LAU_NAME": "Кичево", "cell_coverage": [ [ 0, 0, 0, 0.0001, 0.0807, 0.1526, 0.013, 0, 0, 0, 0, 0 ], [ 0, 0, 0.0642, 0.6566, 1, 1, 0.9046, 0.4763, 0.7492, 0.6557, 0.1199, 0 ], [ 0, 0, 0, 0.2719, 1, 1, 1, 1, 1, 1, 0.4534, 0 ], [ 0, 0, 0, 0.5678, 1, 1, 1, 1, 1, 1, 0.6851, 0.0278 ], [ 0, 0.0678, 0.0446, 0.87, 1, 1, 1, 1, 1, 1, 0.7387, 0.0583 ], [ 0.1894, 0.8775, 0.9109, 1, 1, 1, 1, 1, 0.9773, 0.5501, 0.0002, 0 ], [ 0.217, 0.5603, 0.4852, 0.4853, 0.6477, 0.8924, 1, 1, 0.9983, 0.6263, 0.2109, 0.0026 ], [ 0, 0, 0, 0, 0, 0.3293, 1, 1, 1, 1, 0.9159, 0.0952 ], [ 0, 0, 0, 0, 0, 0.0276, 0.6797, 0.8276, 0.3793, 0.3755, 0.1541, 0 ], [ 0, 0, 0, 0, 0, 0, 0.0416, 0.0181, 0, 0, 0, 0 ] ], "xmin": 20.666666666666664, "xmax": 21.166666666666664, "ymin": 41.291666666666657, "ymax": 41.708333333333321 }, "geometry": { "type": "MultiPolygon", "coordinates": [ [ [ [ 21.127432500000054, 41.41816299900006 ], [ 21.134503500000051, 41.393782999000052 ], [ 21.112337757000034, 41.382096974000035 ], [ 21.105877043000078, 41.37039296100005 ], [ 21.09349517000004, 41.360925020000025 ], [ 21.074228052000024, 41.359839776000058 ], [ 21.068820648000042, 41.355572528000039 ], [ 21.059324126000035, 41.359938695000039 ], [ 21.020387236000033, 41.361682441000028 ], [ 20.986476386000049, 41.346422712000049 ], [ 20.979383519000066, 41.337000559000046 ], [ 20.96759664800004, 41.333360814000059 ], [ 20.954759500000023, 41.323895999000058 ], [ 20.945180158000028, 41.333772099000043 ], [ 20.936628380000059, 41.351675723000028 ], [ 20.913557378000064, 41.364366532000076 ], [ 20.906558483000026, 41.396604695000065 ], [ 20.893358552000052, 41.404586660000064 ], [ 20.895417894000047, 41.413676128000077 ], [ 20.887714567000046, 41.421218985000053 ], [ 20.88891701700004, 41.430362238000043 ], [ 20.856641022000076, 41.429245344000037 ], [ 20.846304807000024, 41.431789826000056 ], [ 20.844080011000074, 41.434939926000027 ], [ 20.824023348000026, 41.434285377000037 ], [ 20.797879216000069, 41.442760428000042 ], [ 20.774867723000057, 41.436339229000055 ], [ 20.759828521000031, 41.439030881000065 ], [ 20.734710581000058, 41.432799996000028 ], [ 20.709029026000053, 41.437385697000025 ], [ 20.688945, 41.437482499000055 ], [ 20.688390888000072, 41.44577342000008 ], [ 20.693670292000036, 41.456609747000073 ], [ 20.694358951000027, 41.47184995300006 ], [ 20.699966114000063, 41.481625205000057 ], [ 20.704239410000071, 41.485455588000036 ], [ 20.729024500000037, 41.49346299900003 ], [ 20.733265442000061, 41.504368249000038 ], [ 20.74532367300003, 41.508581333000052 ], [ 20.749968832000036, 41.506787741000039 ], [ 20.758944689000032, 41.494700410000064 ], [ 20.780448109000076, 41.492437475000031 ], [ 20.782572655000024, 41.502563976000033 ], [ 20.799011301000064, 41.517067793000081 ], [ 20.796820870000033, 41.52944500600006 ], [ 20.803945358000078, 41.537556980000033 ], [ 20.808664103000069, 41.549150738000037 ], [ 20.811376534000033, 41.582345595000049 ], [ 20.826115958000059, 41.58356430300006 ], [ 20.832492700000046, 41.59115330700007 ], [ 20.823928090000038, 41.598061074000043 ], [ 20.813125550000052, 41.624333526000044 ], [ 20.78226926800005, 41.628428275000033 ], [ 20.780230551000045, 41.630793306000044 ], [ 20.783140867000043, 41.635544363000065 ], [ 20.799277511000071, 41.650424853000061 ], [ 20.815597787000058, 41.649051353000061 ], [ 20.835348040000042, 41.669250389000069 ], [ 20.852500977000034, 41.67123889100003 ], [ 20.863993201000028, 41.669013842000027 ], [ 20.901994500000058, 41.675327499000048 ], [ 20.946249426000065, 41.660801248000041 ], [ 20.957063259000051, 41.654726871000037 ], [ 20.961866991000022, 41.643738836000068 ], [ 20.973309796000024, 41.641896880000047 ], [ 20.984430893000024, 41.643335662000027 ], [ 21.002243029000056, 41.652322540000057 ], [ 21.023877330000062, 41.654573865000032 ], [ 21.03830944300006, 41.664081577000047 ], [ 21.052090500000077, 41.660563999000033 ], [ 21.062758290000033, 41.653969514000039 ], [ 21.073497701000065, 41.642368796000028 ], [ 21.091942629000073, 41.63855058200005 ], [ 21.100311204000036, 41.631329210000047 ], [ 21.10116503100005, 41.604173204000062 ], [ 21.105296001000056, 41.589269823000052 ], [ 21.101764952000053, 41.57506074500003 ], [ 21.10349885200003, 41.569930231000058 ], [ 21.105761025000049, 41.562726027000053 ], [ 21.127654869000025, 41.550714602000028 ], [ 21.135172411000042, 41.536973192000062 ], [ 21.119635164000044, 41.519091103000051 ], [ 21.075803153000038, 41.495226568000078 ], [ 21.074505474000034, 41.485148072000072 ], [ 21.07879282600004, 41.480304426000032 ], [ 21.078831500000035, 41.47429549900005 ], [ 21.067123990000027, 41.472189437000054 ], [ 21.045296424000071, 41.474681442000076 ], [ 21.040764952000075, 41.466647420000072 ], [ 21.034210869000049, 41.463792574000081 ], [ 21.054874109000025, 41.441641550000043 ], [ 21.069847193000044, 41.438093759000026 ], [ 21.08321877800006, 41.442156301000068 ], [ 21.091113484000061, 41.429994663000059 ], [ 21.106111834000046, 41.422402374000058 ], [ 21.127432500000054, 41.41816299900006 ] ] ] ] } },
{ "type": "Feature", "properties": { "GISCO_ID": "MK_MK00308", "CNTR_CODE": "MK", "LAU_ID": "MK00308", "LAU_NAME": "Македонски Брод", "cell_coverage": [ [ 0, 0, 0, 0.1788, 0.3615, 0.0399, 0, 0, 0, 0 ], [ 0, 0.0005, 0.3045, 0.9579, 1, 0.9435, 0.2254, 0, 0, 0 ], [ 0.546, 0.9477, 1, 1, 1, 1, 0.8936, 0.1052, 0, 0 ], [ 0.2019, 1, 1, 1, 1, 1, 1, 0.9455, 0.6824, 0.1492 ], [ 0.0084, 0.7706, 1, 1, 1, 1, 1, 1, 1, 0.3741 ], [ 0, 0.3125, 0.8801, 1, 1, 1, 1, 1, 0.9828, 0.1477 ], [ 0, 0, 0.5466, 1, 1, 1, 1, 1, 0.9438, 0.0116 ], [ 0, 0, 0.3149, 0.9722, 1, 1, 1, 1, 0.5038, 0 ], [ 0, 0, 0.2613, 0.9417, 1, 1, 0.9796, 0.8233, 0.083, 0 ], [ 0, 0.0904, 0.4753, 0.6145, 1, 0.9985, 0.247, 0, 0, 0 ], [ 0, 0, 0, 0.011, 0.3599, 0.2881, 0, 0, 0, 0 ] ], "xmin": 21.0, "xmax": 21.416666666666668, "ymin": 41.41666666666665, "ymax": 41.875 }, "geometry": { "type": "MultiPolygon", "coordinates": [ [ [ [ 21.393491, 41.717965999000057 ], [ 21.384751642000026, 41.709276958000032 ], [ 21.391082219000054, 41.692102322000039 ], [ 21.391160224000032, 41.67851335000006 ], [ 21.395827801000053, 41.666142774000036 ], [ 21.388474644000041, 41.655019064000044 ], [ 21.370658650000053, 41.648968085000035 ], [ 21.37908382300003, 41.625079175000053 ], [ 21.373600594000038, 41.611649690000036 ], [ 21.373880500000041, 41.605520999000078 ], [ 21.366762128000062, 41.577544222000029 ], [ 21.360251490000053, 41.569930231000058 ], [ 21.353372634000038, 41.558874845000048 ], [ 21.342145122000034, 41.551760103000049 ], [ 21.340587689000074, 41.531668096000033 ], [ 21.333565185000054, 41.518670235000059 ], [ 21.33517517000007, 41.500469186000032 ], [ 21.330927247000034, 41.500040261000038 ], [ 21.310103454000057, 41.51045894300006 ], [ 21.294416242000068, 41.511083026000051 ], [ 21.28907975900006, 41.507760877000067 ], [ 21.28407022500005, 41.496363276000068 ], [ 21.275505808000048, 41.498209993000046 ], [ 21.270897888000036, 41.492925083000046 ], [ 21.260852656000054, 41.491510634000065 ], [ 21.256667037000057, 41.482974579000029 ], [ 21.264429, 41.472097999000027 ], [ 21.253095388000077, 41.47229582600005 ], [ 21.251430442000071, 41.462072148000061 ], [ 21.242263610000066, 41.452727010000046 ], [ 21.22903511100003, 41.448276132000046 ], [ 21.225641937000034, 41.44109437000003 ], [ 21.203086733000077, 41.435602424000081 ], [ 21.187384, 41.438165499000036 ], [ 21.187108522000074, 41.44830633600003 ], [ 21.175762732000067, 41.449478700000043 ], [ 21.161837612000056, 41.456088215000079 ], [ 21.142944491000037, 41.473616002000028 ], [ 21.143535191000069, 41.490126383000074 ], [ 21.108207920000041, 41.48354265100005 ], [ 21.097343924000029, 41.475260162000041 ], [ 21.078831500000035, 41.47429549900005 ], [ 21.07879282600004, 41.480304426000032 ], [ 21.074505474000034, 41.485148072000072 ], [ 21.075803153000038, 41.495226568000078 ], [ 21.119635164000044, 41.519091103000051 ], [ 21.135172411000042, 41.536973192000062 ], [ 21.127654869000025, 41.550714602000028 ], [ 21.105761025000049, 41.562726027000053 ], [ 21.10349885200003, 41.569930231000058 ], [ 21.101764952000053, 41.57506074500003 ], [ 21.105296001000056, 41.589269823000052 ], [ 21.10116503100005, 41.604173204000062 ], [ 21.100311204000036, 41.631329210000047 ], [ 21.091942629000073, 41.63855058200005 ], [ 21.073497701000065, 41.642368796000028 ], [ 21.062758290000033, 41.653969514000039 ], [ 21.052090500000077, 41.660563999000033 ], [ 21.055412197000066, 41.672093077000056 ], [ 21.053239528000063, 41.694891192000057 ], [ 21.039482658000054, 41.702966828000058 ], [ 21.037094264000075, 41.725542364000034 ], [ 21.029427783000074, 41.733943404000058 ], [ 21.027341996000075, 41.747938058000045 ], [ 21.018712771000025, 41.759765354000081 ], [ 21.011842927000032, 41.777843998000037 ], [ 21.016946327000028, 41.786601699000073 ], [ 21.023136499000032, 41.789661918000036 ], [ 21.047545211000056, 41.786327154000048 ], [ 21.067814483000063, 41.791154531000075 ], [ 21.088031500000056, 41.792196499000056 ], [ 21.106455448000077, 41.801495446000047 ], [ 21.114110593000078, 41.815951922000067 ], [ 21.131483071000048, 41.826582892000033 ], [ 21.142553746000033, 41.841850095000041 ], [ 21.159403914000052, 41.846828681000034 ], [ 21.190648500000066, 41.847656499000038 ], [ 21.204739210000071, 41.852215523000041 ], [ 21.214999639000041, 41.836229866000053 ], [ 21.237886, 41.830001999000046 ], [ 21.255724619000034, 41.820912707000048 ], [ 21.26112009600007, 41.806662083000049 ], [ 21.290325324000037, 41.772513182000068 ], [ 21.295788423000033, 41.759625622000044 ], [ 21.310778786000071, 41.754738849000034 ], [ 21.342815, 41.731289999000069 ], [ 21.346388500000046, 41.732639999000071 ], [ 21.352772500000071, 41.736703999000042 ], [ 21.358422500000074, 41.738865999000041 ], [ 21.367397500000038, 41.740657499000065 ], [ 21.369984, 41.739892499000064 ], [ 21.37381, 41.737450499000033 ], [ 21.375821133000045, 41.736510428000031 ], [ 21.380728656000031, 41.725438198000063 ], [ 21.393491, 41.717965999000057 ] ] ] ] } },
{ "type": "Feature", "properties": { "GISCO_ID": "MK_MK00310", "CNTR_CODE": "MK", "LAU_ID": "MK00310", "LAU_NAME": "Охрид", "cell_coverage": [ [ 0, 0, 0, 0.0961, 0.2723, 0.0121, 0, 0 ], [ 0, 0, 0.6232, 1, 1, 0.9201, 0.7035, 0.5983 ], [ 0.0178, 0.1972, 0.9794, 1, 1, 0.992, 0.7483, 0.1593 ], [ 0.0467, 0.8165, 1, 1, 0.9599, 0.3465, 0, 0 ], [ 0, 0.0775, 0.8366, 1, 0.625, 0, 0, 0 ], [ 0, 0, 0.7754, 1, 0.363, 0, 0, 0 ], [ 0, 0, 0.6544, 0.9652, 0.0362, 0, 0, 0 ], [ 0, 0.0685, 0.9267, 0.4472, 0, 0, 0, 0 ], [ 0.0041, 0.4738, 0.9681, 0.0209, 0, 0, 0, 0 ], [ 0.0592, 0.3218, 0.3388, 0, 0, 0, 0, 0 ] ], "xmin": 20.708333333333329, "xmax": 21.041666666666661, "ymin": 40.875, "ymax": 41.291666666666657 }, "geometry": { "type": "MultiPolygon", "coordinates": [ [ [ [ 20.735170500000038, 41.169314999000051 ], [ 20.737020667000024, 41.167513469000028 ], [ 20.747586359000024, 41.16951123900003 ], [ 20.765112926000029, 41.161213162000081 ], [ 20.774867723000057, 41.169087289000061 ], [ 20.776199500000075, 41.17168699900003 ], [ 20.777404500000046, 41.173218499000029 ], [ 20.774867723000057, 41.174341587000072 ], [ 20.77279057800007, 41.17571003200004 ], [ 20.771062529000062, 41.181489550000038 ], [ 20.774867723000057, 41.185339365000061 ], [ 20.784818700000073, 41.184358952000025 ], [ 20.793405224000026, 41.189471041000047 ], [ 20.795109298000057, 41.197883447000038 ], [ 20.791632930000048, 41.203882843000031 ], [ 20.794454078000058, 41.213483446000055 ], [ 20.792221830000074, 41.219989747000056 ], [ 20.818228732000023, 41.237055840000039 ], [ 20.823399221000045, 41.24297706200008 ], [ 20.824407703000077, 41.249573041000076 ], [ 20.841933228000073, 41.250268145000064 ], [ 20.851765129000057, 41.255951433000064 ], [ 20.86208971700006, 41.251383022000027 ], [ 20.867055759000039, 41.258724470000061 ], [ 20.874682565000057, 41.259483685000077 ], [ 20.879936109000027, 41.263350441000057 ], [ 20.907221268000058, 41.261104898000042 ], [ 20.917812223000055, 41.255731647000061 ], [ 20.924350524000033, 41.248100494000028 ], [ 20.958200763000036, 41.243847277000043 ], [ 20.975267428000052, 41.235360605000039 ], [ 20.991163877000076, 41.235489529000063 ], [ 21.004743231000077, 41.243029493000051 ], [ 21.012810198000068, 41.240021289000026 ], [ 21.017893, 41.242116499000076 ], [ 21.035384970000052, 41.224124673000063 ], [ 21.039126500000066, 41.215005999000027 ], [ 21.025792425000077, 41.204874465000046 ], [ 21.014234251000062, 41.200347302000068 ], [ 21.004181770000059, 41.191099533000056 ], [ 20.987212040000031, 41.183891345000063 ], [ 20.978146718000062, 41.173260513000059 ], [ 20.959831488000077, 41.167941539000026 ], [ 20.946332030000065, 41.167776088000039 ], [ 20.949804898000025, 41.158606740000039 ], [ 20.937954739000077, 41.155423927000072 ], [ 20.927261186000067, 41.140624959000036 ], [ 20.91705534700003, 41.136236318000044 ], [ 20.905252210000071, 41.126311628000053 ], [ 20.908375469000077, 41.110744545000045 ], [ 20.899046418000069, 41.103829236000081 ], [ 20.894469134000076, 41.089696373000038 ], [ 20.893991641000071, 41.058922395000025 ], [ 20.874565902000029, 41.041479446000039 ], [ 20.880066456000066, 41.02537568200006 ], [ 20.861387486000069, 40.988573164000059 ], [ 20.830550870000025, 40.955444992000025 ], [ 20.830213670000035, 40.943120423000039 ], [ 20.837823, 40.927682999000069 ], [ 20.829172500000027, 40.914123999000026 ], [ 20.825189770000065, 40.905349415000046 ], [ 20.813355552000075, 40.898789909000072 ], [ 20.799767883000072, 40.898365008000042 ], [ 20.774867723000057, 40.904606861000048 ], [ 20.759435499000062, 40.902509912000028 ], [ 20.732268500000032, 40.911732499000038 ], [ 20.743109631000038, 40.914963107000062 ], [ 20.755438440000034, 40.923711209000032 ], [ 20.774867723000057, 40.926072599000065 ], [ 20.779763072000037, 40.935544203000063 ], [ 20.774867723000057, 40.948255397000025 ], [ 20.774867723000057, 40.952781981000044 ], [ 20.799069764000023, 40.987325935000058 ], [ 20.797545109000055, 40.996641991000047 ], [ 20.804201247000037, 41.002458079000064 ], [ 20.809556837000059, 41.01694025900008 ], [ 20.80594981400003, 41.027783648000025 ], [ 20.801542424000047, 41.048695376000069 ], [ 20.801013944000033, 41.075918261000027 ], [ 20.796336422000024, 41.08409553000007 ], [ 20.806744985000023, 41.106224645000054 ], [ 20.800752389000024, 41.11124621700003 ], [ 20.789362832000052, 41.111448151000047 ], [ 20.785813149000035, 41.117851228000063 ], [ 20.774867723000057, 41.12123953400004 ], [ 20.758012535000034, 41.138466397000059 ], [ 20.749301494000065, 41.158063592000076 ], [ 20.732775500000059, 41.166246999000066 ], [ 20.735170500000038, 41.169314999000051 ] ] ] ] } },
{ "type": "Feature", "properties": { "GISCO_ID": "MK_MK00311", "CNTR_CODE": "MK", "LAU_ID": "MK00311", "LAU_NAME": "Пласница", "cell_coverage": [ [ 0.0227, 0.3596, 0.5245, 0.3855, 0 ], [ 0.0017, 0.3737, 0.7891, 0.7281, 0.1865 ] ], "xmin": 21.0, "xmax": 21.208333333333332, "ymin": 41.41666666666665, "ymax": 41.5 }, "geometry": { "type": "MultiPolygon", "coordinates": [ [ [ [ 21.187384, 41.438165499000036 ], [ 21.180029635000039, 41.434372250000081 ], [ 21.163004662000048, 41.43179265200007 ], [ 21.152809989000048, 41.435175695000055 ], [ 21.148704131000045, 41.430334318000064 ], [ 21.137657215000047, 41.425610706000043 ], [ 21.133157062000066, 41.417734297000038 ], [ 21.127432500000054, 41.41816299900006 ], [ 21.106111834000046, 41.422402374000058 ], [ 21.091113484000061, 41.429994663000059 ], [ 21.08321877800006, 41.442156301000068 ], [ 21.069847193000044, 41.438093759000026 ], [ 21.054874109000025, 41.441641550000043 ], [ 21.034210869000049, 41.463792574000081 ], [ 21.040764952000075, 41.466647420000072 ], [ 21.045296424000071, 41.474681442000076 ], [ 21.067123990000027, 41.472189437000054 ], [ 21.078831500000035, 41.47429549900005 ], [ 21.097343924000029, 41.475260162000041 ], [ 21.108207920000041, 41.48354265100005 ], [ 21.143535191000069, 41.490126383000074 ], [ 21.142944491000037, 41.473616002000028 ], [ 21.161837612000056, 41.456088215000079 ], [ 21.175762732000067, 41.449478700000043 ], [ 21.187108522000074, 41.44830633600003 ], [ 21.187384, 41.438165499000036 ] ] ] ] } },
{ "type": "Feature", "properties": { "GISCO_ID": "MK_MK00312", "CNTR_CODE": "MK", "LAU_ID": "MK00312", "LAU_NAME": "Струга", "cell_coverage": [ [ 0, 0, 0, 0, 0.0319, 0.1322, 0, 0 ], [ 0, 0, 0.631, 0.9093, 0.9181, 0.8796, 0.033, 0 ], [ 0.0194, 0.3583, 0.9843, 1, 1, 1, 0.3829, 0 ], [ 0.0207, 0.9005, 1, 1, 1, 1, 0.58, 0 ], [ 0, 0.6757, 0.8721, 0.9575, 0.9075, 1, 0.9978, 0.2363 ], [ 0, 0.2911, 0.4702, 0.6632, 0.957, 1, 0.6861, 0.0375 ], [ 0, 0.0541, 0.6596, 1, 0.9815, 0.8809, 0.5935, 0 ], [ 0, 0, 0.0334, 0.8892, 0.5527, 0, 0.0004, 0 ], [ 0, 0, 3.259e-06, 0.7175, 0.2286, 0, 0, 0 ] ], "xmin": 20.458333333333329, "xmax": 20.791666666666661, "ymin": 41.083333333333321, "ymax": 41.458333333333321 }, "geometry": { "type": "MultiPolygon", "coordinates": [ [ [ [ 20.597745, 41.092033499000024 ], [ 20.583275489000073, 41.112173377000033 ], [ 20.589120853000054, 41.12380610200006 ], [ 20.595965207000063, 41.127025813000046 ], [ 20.596369372000026, 41.130786859000068 ], [ 20.583499509000035, 41.149389632000066 ], [ 20.58203529900004, 41.15693290400003 ], [ 20.561039600000072, 41.181191660000025 ], [ 20.558933500000023, 41.192672499000025 ], [ 20.552567357000044, 41.19162099700003 ], [ 20.534401134000063, 41.198568992000048 ], [ 20.531046175000029, 41.210983129000056 ], [ 20.516589249000049, 41.230860856000049 ], [ 20.516511500000036, 41.237873499000045 ], [ 20.572602375000031, 41.224611198000048 ], [ 20.598888597000041, 41.235978977000059 ], [ 20.628440244000046, 41.23950453100008 ], [ 20.62866647900006, 41.245218794000039 ], [ 20.640939293000031, 41.248971045000076 ], [ 20.645736842000076, 41.254765666000026 ], [ 20.637261457000022, 41.262518943000032 ], [ 20.628570516000025, 41.255599450000034 ], [ 20.606226723000077, 41.248721443000079 ], [ 20.596871674000056, 41.249501696000038 ], [ 20.586115848000077, 41.255294981000077 ], [ 20.569411692000074, 41.255908827000042 ], [ 20.541984334000063, 41.254437053000061 ], [ 20.521973, 41.246325999000078 ], [ 20.515707826000039, 41.254113639000025 ], [ 20.512610720000055, 41.263766608000026 ], [ 20.510925782000072, 41.275766231000034 ], [ 20.51394188300003, 41.28536061300008 ], [ 20.508717941000043, 41.291701984000042 ], [ 20.506653163000067, 41.309337966000044 ], [ 20.50166, 41.317153999000027 ], [ 20.498716266000031, 41.326412689000051 ], [ 20.492581889000064, 41.331972853000025 ], [ 20.497873470000059, 41.337717303000034 ], [ 20.497918325000057, 41.345074348000026 ], [ 20.505393745000049, 41.345114070000079 ], [ 20.516360488000032, 41.337621884000043 ], [ 20.52323560800005, 41.341175724000038 ], [ 20.527725721000024, 41.353720610000039 ], [ 20.536403740000026, 41.359126338000067 ], [ 20.537875636000024, 41.364046415000075 ], [ 20.550993520000077, 41.37679221500008 ], [ 20.546971983000049, 41.384545723000031 ], [ 20.55393159700003, 41.399023391000071 ], [ 20.559901513000057, 41.403704989000062 ], [ 20.560363, 41.408458499000062 ], [ 20.56203, 41.409155499000065 ], [ 20.57228850000007, 41.411409499000058 ], [ 20.574118, 41.411951999000053 ], [ 20.576393500000052, 41.41213699900004 ], [ 20.61970645100007, 41.413436871000044 ], [ 20.63542572700004, 41.410075821000078 ], [ 20.647755679000056, 41.411950909000041 ], [ 20.670288994000032, 41.428223251000077 ], [ 20.681577, 41.43044799900008 ], [ 20.689496863000045, 41.415208630000052 ], [ 20.706461837000063, 41.398209745000031 ], [ 20.71667022400004, 41.369506855000054 ], [ 20.724768985000026, 41.356747897000048 ], [ 20.731188069000041, 41.335818878000055 ], [ 20.723141400000031, 41.321578427000077 ], [ 20.724747363000063, 41.314604029000066 ], [ 20.744909064000069, 41.298605613000063 ], [ 20.747008630000039, 41.291657225000051 ], [ 20.756185334000065, 41.283876144000033 ], [ 20.765530138000031, 41.280320850000066 ], [ 20.756492069000046, 41.244344191000039 ], [ 20.746273761000054, 41.232551510000064 ], [ 20.735333216000072, 41.229444129000058 ], [ 20.719388884000068, 41.214005359000055 ], [ 20.726338285000054, 41.206478996000044 ], [ 20.725443779000045, 41.20292598900005 ], [ 20.739317383000071, 41.19478448600006 ], [ 20.735087793000048, 41.186055525000029 ], [ 20.735170500000038, 41.169314999000051 ], [ 20.732775500000059, 41.166246999000066 ], [ 20.675486157000023, 41.173543731000052 ], [ 20.654506741000034, 41.167555345000039 ], [ 20.650770852000051, 41.15980426200008 ], [ 20.650878529000067, 41.144550965000064 ], [ 20.641098950000071, 41.131560725000043 ], [ 20.640770481000061, 41.123601830000041 ], [ 20.634333172000026, 41.108262994000029 ], [ 20.632866, 41.086512999000036 ], [ 20.597745, 41.092033499000024 ] ] ] ] } },
{ "type": "Feature", "properties": { "GISCO_ID": "MK_MK00313", "CNTR_CODE": "MK", "LAU_ID": "MK00313", "LAU_NAME": "Центар Жупа", "cell_coverage": [ [ 0, 0.4256, 0.4687, 0, 0 ], [ 0.2953, 0.9998, 0.9785, 0.4518, 0 ], [ 0.0086, 0.5901, 1, 0.9263, 0.0735 ], [ 0, 0.0202, 0.0907, 0.0819, 0 ] ], "xmin": 20.5, "xmax": 20.708333333333332, "ymin": 41.375, "ymax": 41.541666666666657 }, "geometry": { "type": "MultiPolygon", "coordinates": [ [ [ [ 20.576393500000052, 41.41213699900004 ], [ 20.573612753000077, 41.418616876000044 ], [ 20.566978345000052, 41.424003732000074 ], [ 20.553694371000063, 41.450302863000047 ], [ 20.546278474000076, 41.449845080000046 ], [ 20.538336427000047, 41.455098210000074 ], [ 20.537246542000048, 41.46511517600004 ], [ 20.525088879000066, 41.475508310000066 ], [ 20.521022304000041, 41.484744054000032 ], [ 20.523800883000035, 41.493372828000076 ], [ 20.533430428000031, 41.494864742000061 ], [ 20.545852900000057, 41.50165432600005 ], [ 20.549120561000052, 41.507251446000055 ], [ 20.560352111000043, 41.51292283500004 ], [ 20.560749500000043, 41.516812499000025 ], [ 20.564007115000038, 41.52008449300007 ], [ 20.559970762000034, 41.526569085000062 ], [ 20.563599925000062, 41.530344656000068 ], [ 20.572780626000053, 41.52630307000004 ], [ 20.590824459000032, 41.524932684000078 ], [ 20.603058229000055, 41.530575831000078 ], [ 20.61296515600003, 41.517071967000049 ], [ 20.620981332000042, 41.493381358000079 ], [ 20.629004810000026, 41.490053228000079 ], [ 20.63545266400007, 41.492413222000039 ], [ 20.648503965000032, 41.489996871000073 ], [ 20.647865681000042, 41.469480967000038 ], [ 20.652986934000069, 41.457512381000072 ], [ 20.661374739000053, 41.453058942000041 ], [ 20.674055639000073, 41.435907684000028 ], [ 20.682322500000055, 41.431110499000056 ], [ 20.681577, 41.43044799900008 ], [ 20.670288994000032, 41.428223251000077 ], [ 20.647755679000056, 41.411950909000041 ], [ 20.63542572700004, 41.410075821000078 ], [ 20.61970645100007, 41.413436871000044 ], [ 20.576393500000052, 41.41213699900004 ] ] ] ] } },
{ "type": "Feature", "properties": { "GISCO_ID": "MK_MK00401", "CNTR_CODE": "MK", "LAU_ID": "MK00401", "LAU_NAME": "Богданци", "cell_coverage": [ [ 0.0315, 0.047, 0, 0, 0 ], [ 0.4326, 0.9742, 0.5267, 0.4336, 0.0125 ], [ 0.331, 1, 1, 0.8033, 0.024 ], [ 0.0754, 0.3988, 0.7886, 0.1522, 0 ] ], "xmin": 22.5, "xmax": 22.708333333333332, "ymin": 41.125, "ymax": 41.291666666666657 }, "geometry": { "type": "MultiPolygon", "coordinates": [ [ [ [ 22.66647, 41.186339499000042 ], [ 22.64689820500007, 41.17924322500005 ], [ 22.641723299000034, 41.160687471000074 ], [ 22.63265, 41.149723499000061 ], [ 22.629128, 41.146644499000047 ], [ 22.627193500000033, 41.144953499000053 ], [ 22.624492, 41.142591499000048 ], [ 22.617664, 41.133597499000075 ], [ 22.611714, 41.129891999000051 ], [ 22.609398500000054, 41.128613999000038 ], [ 22.605696, 41.126568999000028 ], [ 22.602604857000074, 41.130561642000032 ], [ 22.546258675000047, 41.158091877000061 ], [ 22.52318372700006, 41.159561804000077 ], [ 22.52888927500004, 41.172224005000032 ], [ 22.529803569000023, 41.191825989000051 ], [ 22.524782810000033, 41.204242071000067 ], [ 22.513228500000025, 41.216894499000034 ], [ 22.511480732000052, 41.220502049000061 ], [ 22.528172961000053, 41.234369487000038 ], [ 22.537617340000054, 41.23842908000006 ], [ 22.530918760000077, 41.246035526000071 ], [ 22.532756934000076, 41.252910732000032 ], [ 22.538492002000055, 41.25760301300005 ], [ 22.546258675000047, 41.256432996000058 ], [ 22.566518087000077, 41.248135051000077 ], [ 22.574342500000057, 41.249840999000071 ], [ 22.588285020000058, 41.239093076000074 ], [ 22.598958265000078, 41.226450849000059 ], [ 22.634132914000077, 41.228527542000052 ], [ 22.638813746000039, 41.231270003000077 ], [ 22.662445639000055, 41.221352940000031 ], [ 22.670507187000055, 41.21228842000005 ], [ 22.667964393000034, 41.201569014000029 ], [ 22.669514384000024, 41.19193056000006 ], [ 22.66647, 41.186339499000042 ] ] ] ] } },
{ "type": "Feature", "properties": { "GISCO_ID": "MK_MK00402", "CNTR_CODE": "MK", "LAU_ID": "MK00402", "LAU_NAME": "Босилово", "cell_coverage": [ [ 0, 0.0381, 0.3279, 0.001, 0.0014, 0 ], [ 0, 0.321, 1, 0.8229, 0.8596, 0.0089 ], [ 0.152, 0.957, 1, 0.9957, 0.4888, 0 ], [ 0.1006, 0.8479, 1, 0.5187, 0, 0 ], [ 0, 0.0739, 0.483, 0.0871, 0, 0 ] ], "xmin": 22.666666666666664, "xmax": 22.916666666666664, "ymin": 41.375, "ymax": 41.583333333333321 }, "geometry": { "type": "MultiPolygon", "coordinates": [ [ [ [ 22.875419500000078, 41.52334249900008 ], [ 22.876648404000036, 41.514872507000064 ], [ 22.873613099000067, 41.499953211000047 ], [ 22.863395357000059, 41.496646257000066 ], [ 22.858286658000054, 41.481316843000059 ], [ 22.847047123000038, 41.473564427000042 ], [ 22.843681785000058, 41.462029743000073 ], [ 22.836875601000031, 41.459126022000078 ], [ 22.826138636000053, 41.459366641000031 ], [ 22.814803955000059, 41.448465904000045 ], [ 22.808341988000052, 41.422319138000034 ], [ 22.812181654000028, 41.413285991000066 ], [ 22.803003887000045, 41.408590593000042 ], [ 22.796553405000054, 41.410216495000043 ], [ 22.795819021000057, 41.40581041300004 ], [ 22.790685, 41.404107999000075 ], [ 22.779499197000064, 41.393379791000029 ], [ 22.770659273000035, 41.391585769000073 ], [ 22.765868463000061, 41.395689258000061 ], [ 22.744487497000023, 41.400967560000026 ], [ 22.737609589000044, 41.423227962000055 ], [ 22.720657216000063, 41.427419839000038 ], [ 22.709789794000073, 41.424060928000074 ], [ 22.697876423000025, 41.42913408000004 ], [ 22.695903112000053, 41.433909592000077 ], [ 22.707549928000049, 41.447685764000028 ], [ 22.70792037700005, 41.456992838000076 ], [ 22.716081275000079, 41.462928502000068 ], [ 22.700556931000051, 41.468465647000073 ], [ 22.69131550000003, 41.482505499000069 ], [ 22.700375920000056, 41.489161859000035 ], [ 22.706352180000067, 41.487880233000055 ], [ 22.718686810000065, 41.501877238000077 ], [ 22.740427349000072, 41.516150707000065 ], [ 22.744608147000065, 41.522057876000076 ], [ 22.73961939700007, 41.538797813000031 ], [ 22.741030260000059, 41.545513739000057 ], [ 22.762304371000027, 41.561444015000063 ], [ 22.76649070600007, 41.569930231000058 ], [ 22.767483, 41.571837499000026 ], [ 22.767126732000065, 41.569930231000058 ], [ 22.766301191000025, 41.559313608000025 ], [ 22.781033767000054, 41.552950779000071 ], [ 22.793980109000074, 41.541362723000077 ], [ 22.807885513000031, 41.537602100000072 ], [ 22.813067322000052, 41.52847435800004 ], [ 22.821229905000052, 41.527869845000055 ], [ 22.82667555200004, 41.532568820000051 ], [ 22.838229726000066, 41.532915759000048 ], [ 22.855731396000067, 41.542608125000072 ], [ 22.864819476000037, 41.540193864000059 ], [ 22.866816206000067, 41.532225656000037 ], [ 22.875419500000078, 41.52334249900008 ] ] ] ] } },
{ "type": "Feature", "properties": { "GISCO_ID": "MK_MK00404", "CNTR_CODE": "MK", "LAU_ID": "MK00404", "LAU_NAME": "Василево", "cell_coverage": [ [ 0, 0, 0.1474, 0.3073, 0.2287, 0, 0 ], [ 0, 0, 0.6177, 1, 0.8242, 0.0329, 0 ], [ 0.0456, 0.3689, 0.1176, 1, 0.9989, 0.9263, 0.1486 ], [ 0.5724, 1, 0.9025, 1, 1, 0.679, 0 ], [ 0.3469, 0.0838, 0.5877, 0.7714, 0.5208, 0.0247, 0 ] ], "xmin": 22.5, "xmax": 22.791666666666668, "ymin": 41.458333333333321, "ymax": 41.666666666666657 }, "geometry": { "type": "MultiPolygon", "coordinates": [ [ [ [ 22.516776, 41.514588999000068 ], [ 22.524297602000047, 41.521803006000027 ], [ 22.519578448000061, 41.530438751000077 ], [ 22.520520265000073, 41.53765392400004 ], [ 22.536236926000072, 41.547734976000072 ], [ 22.546258675000047, 41.559607165000045 ], [ 22.556119813000066, 41.564588624000066 ], [ 22.570768593000025, 41.55258082000006 ], [ 22.58061271400004, 41.550943122000035 ], [ 22.597053338000023, 41.536188050000078 ], [ 22.606992895000076, 41.53154986900006 ], [ 22.617611885000031, 41.537847180000028 ], [ 22.619128531000058, 41.548674671000072 ], [ 22.624873955000055, 41.557450864000032 ], [ 22.620379073000038, 41.569930231000058 ], [ 22.617735948000075, 41.585100391000026 ], [ 22.596808371000066, 41.590075048000074 ], [ 22.602621283000076, 41.59846483900003 ], [ 22.591147081000031, 41.617153460000054 ], [ 22.613945771000033, 41.639347286000032 ], [ 22.623982263000073, 41.637930108000035 ], [ 22.64161050000007, 41.640892499000074 ], [ 22.643432866000069, 41.627835922000031 ], [ 22.659627106000073, 41.641400292000071 ], [ 22.67293255900006, 41.643802238000035 ], [ 22.705486282000038, 41.623451184000032 ], [ 22.705479411000056, 41.611643516000072 ], [ 22.699171069000045, 41.605282591000048 ], [ 22.69977824800003, 41.596043012000052 ], [ 22.693843744000048, 41.59026383500003 ], [ 22.691791607000027, 41.582119736000038 ], [ 22.705855184000029, 41.586927535000029 ], [ 22.717767439000056, 41.587050318000081 ], [ 22.767483, 41.571837499000026 ], [ 22.76649070600007, 41.569930231000058 ], [ 22.762304371000027, 41.561444015000063 ], [ 22.741030260000059, 41.545513739000057 ], [ 22.73961939700007, 41.538797813000031 ], [ 22.744608147000065, 41.522057876000076 ], [ 22.740427349000072, 41.516150707000065 ], [ 22.718686810000065, 41.501877238000077 ], [ 22.706352180000067, 41.487880233000055 ], [ 22.700375920000056, 41.489161859000035 ], [ 22.69131550000003, 41.482505499000069 ], [ 22.672329101000059, 41.465481645000068 ], [ 22.664459009000041, 41.467366432000063 ], [ 22.657123360000071, 41.473612483000068 ], [ 22.647312293000027, 41.46784342400008 ], [ 22.615642003000062, 41.462067126000079 ], [ 22.60632438600004, 41.471800399000074 ], [ 22.601684337000052, 41.485208545000035 ], [ 22.595770812000069, 41.487263407000057 ], [ 22.588368975000037, 41.483849263000025 ], [ 22.582474655000055, 41.48577870500003 ], [ 22.572241079000037, 41.49736024200007 ], [ 22.546258675000047, 41.499793744000044 ], [ 22.542322606000027, 41.496584078000069 ], [ 22.537059, 41.48323686100008 ], [ 22.522379, 41.471854499000074 ], [ 22.508288071000038, 41.496453605000056 ], [ 22.510161567000068, 41.507923527000059 ], [ 22.516776, 41.514588999000068 ] ] ] ] } },
{ "type": "Feature", "properties": { "GISCO_ID": "MK_MK00405", "CNTR_CODE": "MK", "LAU_ID": "MK00405", "LAU_NAME": "Гевгелија", "cell_coverage": [ [ 0, 0, 0, 0.0437, 0.0368, 0, 0, 0, 0, 0 ], [ 0, 0, 0.0463, 0.5313, 0.9512, 0.2394, 0, 0, 0, 0 ], [ 0, 0.0104, 0.8871, 1, 1, 0.978, 0.4487, 0, 0, 0 ], [ 0, 0.0105, 0.9401, 1, 1, 1, 0.6701, 0, 0, 0 ], [ 0.0045, 0.719, 1, 1, 1, 1, 0.9657, 0.1277, 0, 0 ], [ 0.6674, 0.996, 1, 1, 1, 1, 1, 0.669, 0, 0 ], [ 0.0386, 0.1452, 0.5463, 0.7974, 0.8345, 1, 1, 0.8677, 0.5272, 0.1188 ], [ 0, 0, 0.0113, 8.865e-07, 0.0113, 0.1273, 0.1151, 0.0032, 0.0441, 0.0456 ] ], "xmin": 22.208333333333329, "xmax": 22.625, "ymin": 41.083333333333321, "ymax": 41.416666666666657 }, "geometry": { "type": "MultiPolygon", "coordinates": [ [ [ [ 22.605696, 41.126568999000028 ], [ 22.58469664200004, 41.117157470000052 ], [ 22.573733305000076, 41.11981832500004 ], [ 22.561023875000046, 41.130787786000042 ], [ 22.546258675000047, 41.130583133000073 ], [ 22.536926, 41.130113999000059 ], [ 22.46514720700003, 41.117443392000041 ], [ 22.453674941000031, 41.121266459000026 ], [ 22.446185662000062, 41.118503037000039 ], [ 22.430917142000055, 41.120556417000046 ], [ 22.418649500000072, 41.118568999000047 ], [ 22.403374783000061, 41.12871554000003 ], [ 22.402609083000073, 41.13595876200003 ], [ 22.399798087000022, 41.137607005000064 ], [ 22.385871553000072, 41.132092210000053 ], [ 22.372195888000078, 41.13761351900007 ], [ 22.36319424900006, 41.132996252000055 ], [ 22.348922557000037, 41.13508190500005 ], [ 22.334135853000078, 41.127789539000048 ], [ 22.332052, 41.120272499000066 ], [ 22.326357512000072, 41.123927752000043 ], [ 22.327064050000047, 41.136702912000032 ], [ 22.321740764000026, 41.143187931000057 ], [ 22.320930721000025, 41.149318736000055 ], [ 22.305232955000065, 41.146470740000041 ], [ 22.287107784000057, 41.155134769000028 ], [ 22.27731110700006, 41.155924925000079 ], [ 22.271822525000061, 41.162503645000072 ], [ 22.259191056000077, 41.165869140000041 ], [ 22.238337749000038, 41.162997037000025 ], [ 22.228181, 41.164599499000076 ], [ 22.216216, 41.170457499000065 ], [ 22.214630370000066, 41.185785956000075 ], [ 22.218927507000046, 41.198697190000075 ], [ 22.224493637000023, 41.201587204000077 ], [ 22.243671679000045, 41.201038519000065 ], [ 22.26895064100006, 41.217941890000077 ], [ 22.267498025000066, 41.229120971000043 ], [ 22.252838860000054, 41.234192707000034 ], [ 22.247006316000068, 41.243549692000045 ], [ 22.288277993000065, 41.250076540000066 ], [ 22.294166314000051, 41.253932761000044 ], [ 22.299003331000051, 41.265122466000037 ], [ 22.290721918000031, 41.279571789000045 ], [ 22.29011061600005, 41.301296918000048 ], [ 22.292512, 41.309884999000076 ], [ 22.302143551000029, 41.315229639000052 ], [ 22.296087076000049, 41.322841847000063 ], [ 22.297345405000044, 41.330014559000062 ], [ 22.307076592000044, 41.32942136500003 ], [ 22.318288477000067, 41.33429460800005 ], [ 22.319916256000056, 41.340407268000035 ], [ 22.32963701500006, 41.337323649000041 ], [ 22.336746285000061, 41.341812808000043 ], [ 22.354863751000039, 41.345836203000033 ], [ 22.352196374000073, 41.352334921000079 ], [ 22.365994318000048, 41.357458510000072 ], [ 22.357645009000066, 41.369791999000029 ], [ 22.369394309000029, 41.378344122000044 ], [ 22.36894, 41.385325499000032 ], [ 22.37333145100007, 41.388142067000047 ], [ 22.379761130000077, 41.377760368000054 ], [ 22.397888539000064, 41.375755711000068 ], [ 22.411096463000035, 41.369243606000055 ], [ 22.426937733000045, 41.349739387000056 ], [ 22.442475118000061, 41.338801433000071 ], [ 22.450280423000038, 41.329218395000055 ], [ 22.463459323000052, 41.329963511000074 ], [ 22.479743945000052, 41.319617322000056 ], [ 22.484916338000062, 41.30499935000006 ], [ 22.477110324000023, 41.297026957000071 ], [ 22.485834492000038, 41.28470511900008 ], [ 22.484039295000059, 41.274560446000066 ], [ 22.491443065000055, 41.249155262000045 ], [ 22.500023484000053, 41.236920774000055 ], [ 22.50455523200003, 41.221320117000062 ], [ 22.513228500000025, 41.216894499000034 ], [ 22.524782810000033, 41.204242071000067 ], [ 22.529803569000023, 41.191825989000051 ], [ 22.52888927500004, 41.172224005000032 ], [ 22.52318372700006, 41.159561804000077 ], [ 22.546258675000047, 41.158091877000061 ], [ 22.602604857000074, 41.130561642000032 ], [ 22.605696, 41.126568999000028 ] ] ] ] } },
{ "type": "Feature", "properties": { "GISCO_ID": "MK_MK00406", "CNTR_CODE": "MK", "LAU_ID": "MK00406", "LAU_NAME": "Дојран", "cell_coverage": [ [ 0, 0, 0.0753, 0.2748, 0.1263, 0.0669 ], [ 0.0053, 0.3926, 0.7336, 1, 1, 0.2411 ], [ 0.0187, 0.4733, 0.5664, 0.9818, 0.1547, 0.0145 ], [ 0, 0, 0, 0.8911, 0.3715, 0 ], [ 0, 0, 0, 0.1938, 0.4187, 0 ] ], "xmin": 22.541666666666664, "xmax": 22.791666666666664, "ymin": 41.125, "ymax": 41.333333333333321 }, "geometry": { "type": "MultiPolygon", "coordinates": [ [ [ [ 22.757237, 41.302990999000031 ], [ 22.765148923000027, 41.292560884000068 ], [ 22.757306648000053, 41.275912571000049 ], [ 22.76070401000004, 41.265880035000066 ], [ 22.75830650000006, 41.246043999000051 ], [ 22.745048118000057, 41.249372572000027 ], [ 22.729206902000044, 41.246748180000054 ], [ 22.722770723000053, 41.243874616000028 ], [ 22.706630493000034, 41.227483254000049 ], [ 22.710980584000026, 41.202044149000074 ], [ 22.724341224000057, 41.181754679000051 ], [ 22.731895172000065, 41.174378645000047 ], [ 22.748711, 41.173064999000076 ], [ 22.746910238000055, 41.163230368000029 ], [ 22.732275150000078, 41.146975747000056 ], [ 22.71150702400007, 41.140460664000045 ], [ 22.704892, 41.144662499000049 ], [ 22.682813500000066, 41.165442499000051 ], [ 22.66647, 41.186339499000042 ], [ 22.669514384000024, 41.19193056000006 ], [ 22.667964393000034, 41.201569014000029 ], [ 22.670507187000055, 41.21228842000005 ], [ 22.662445639000055, 41.221352940000031 ], [ 22.638813746000039, 41.231270003000077 ], [ 22.634132914000077, 41.228527542000052 ], [ 22.598958265000078, 41.226450849000059 ], [ 22.588285020000058, 41.239093076000074 ], [ 22.574342500000057, 41.249840999000071 ], [ 22.591434467000056, 41.254327366000041 ], [ 22.606876449000026, 41.273829679000073 ], [ 22.629561100000046, 41.274641681000048 ], [ 22.656997294000064, 41.280581049000034 ], [ 22.656788966000079, 41.292064077000077 ], [ 22.651756942000077, 41.297191954000027 ], [ 22.661818102000041, 41.301216539000052 ], [ 22.666111203000071, 41.309961396000062 ], [ 22.674870579000071, 41.306891212000039 ], [ 22.680002539000043, 41.300789578000035 ], [ 22.702287698000077, 41.30227837800004 ], [ 22.716228798000031, 41.297546297000054 ], [ 22.742307350000033, 41.295035921000078 ], [ 22.757237, 41.302990999000031 ] ] ] ] } },
{ "type": "Feature", "properties": { "GISCO_ID": "MK_MK00407", "CNTR_CODE": "MK", "LAU_ID": "MK00407", "LAU_NAME": "Конче", "cell_coverage": [ [ 0, 0.1356, 0.5148, 0.248, 0.1294, 0, 0 ], [ 0.2894, 0.9668, 1, 1, 0.951, 0.2215, 0 ], [ 0.0144, 0.7509, 1, 1, 1, 0.7837, 0.1359 ], [ 0, 0.1028, 0.8042, 1, 0.9992, 0.704, 0.278 ], [ 0, 0, 0.2864, 0.1181, 0.047, 0, 0 ] ], "xmin": 22.25, "xmax": 22.541666666666668, "ymin": 41.41666666666665, "ymax": 41.625 }, "geometry": { "type": "MultiPolygon", "coordinates": [ [ [ [ 22.341295, 41.610884999000064 ], [ 22.368849956000076, 41.601086976000033 ], [ 22.381539962000033, 41.587725941000031 ], [ 22.399058084000046, 41.597371070000065 ], [ 22.442124790000037, 41.589215257000035 ], [ 22.456577749000076, 41.57073640200008 ], [ 22.467088948000026, 41.56433392200006 ], [ 22.477862218000041, 41.550111235000031 ], [ 22.476168276000067, 41.537610569000037 ], [ 22.470735899000033, 41.52879401000007 ], [ 22.491377831000023, 41.527356596000061 ], [ 22.516776, 41.514588999000068 ], [ 22.510161567000068, 41.507923527000059 ], [ 22.508288071000038, 41.496453605000056 ], [ 22.522379, 41.471854499000074 ], [ 22.520629774000042, 41.462720988000058 ], [ 22.515492555000037, 41.467525415000068 ], [ 22.486671031000071, 41.475834083000052 ], [ 22.460195175000024, 41.463475223000046 ], [ 22.457006, 41.457925999000054 ], [ 22.445686500000022, 41.453373999000064 ], [ 22.436426500000039, 41.458626499000047 ], [ 22.417161500000077, 41.455160999000043 ], [ 22.395817500000078, 41.452920999000071 ], [ 22.385113500000045, 41.453314999000042 ], [ 22.349954500000024, 41.447576499000036 ], [ 22.344128500000068, 41.430029499000057 ], [ 22.334132397000076, 41.445812880000062 ], [ 22.348282786000027, 41.474362403000043 ], [ 22.348044762000029, 41.481734561000053 ], [ 22.345627065000031, 41.484464802000048 ], [ 22.322612824000032, 41.489889262000077 ], [ 22.314205500000071, 41.49694499900005 ], [ 22.310863147000077, 41.510803581000062 ], [ 22.289967685000079, 41.534723500000041 ], [ 22.288470778000033, 41.540502581000055 ], [ 22.283361361000061, 41.540831741000034 ], [ 22.277688424000075, 41.546816533000026 ], [ 22.270814586000029, 41.547521798000048 ], [ 22.266379500000028, 41.556371999000078 ], [ 22.313623656000061, 41.589854899000045 ], [ 22.328152577000026, 41.59470219800005 ], [ 22.341295, 41.610884999000064 ] ] ] ] } },
{ "type": "Feature", "properties": { "GISCO_ID": "MK_MK00408", "CNTR_CODE": "MK", "LAU_ID": "MK00408", "LAU_NAME": "Ново Село", "cell_coverage": [ [ 0, 0, 0.0027, 0.5902, 0.594, 0.1231 ], [ 0, 0.0043, 0.5112, 1, 0.9998, 0.115 ], [ 0, 0.4813, 1, 1, 0.9849, 0.2687 ], [ 0.0003, 0.7449, 1, 1, 0.9875, 0.1003 ], [ 0, 0.6913, 0.8986, 0.8432, 0.7283, 0.0808 ] ], "xmin": 22.75, "xmax": 23.0, "ymin": 41.333333333333321, "ymax": 41.541666666666657 }, "geometry": { "type": "MultiPolygon", "coordinates": [ [ [ [ 22.968327500000044, 41.519835499000067 ], [ 22.97110273900006, 41.515846386000078 ], [ 22.969512133000023, 41.50424018700005 ], [ 22.962564798000074, 41.500064495000061 ], [ 22.957827383000051, 41.49404635500008 ], [ 22.960170025000025, 41.492030291000049 ], [ 22.962010804000045, 41.484185763000028 ], [ 22.961230988000068, 41.477220989000045 ], [ 22.967460462000076, 41.474207523000075 ], [ 22.964353364000033, 41.464854158000037 ], [ 22.967097268000032, 41.460380328000042 ], [ 22.976845284000035, 41.452772841000069 ], [ 22.979197100000079, 41.446708718000025 ], [ 22.97745204000006, 41.442220642000052 ], [ 22.973542193000071, 41.439366838000069 ], [ 22.969142752000039, 41.431092170000056 ], [ 22.963856132000046, 41.431127956000068 ], [ 22.952352327000028, 41.417568364000033 ], [ 22.955342242000029, 41.412189586000068 ], [ 22.961079837000057, 41.408569358000079 ], [ 22.96275963100004, 41.401007635000042 ], [ 22.966247723000038, 41.395452350000028 ], [ 22.966249653000034, 41.393160901000044 ], [ 22.963044311000033, 41.385888845000068 ], [ 22.962148381000077, 41.379505735000066 ], [ 22.964774254000076, 41.365353654000046 ], [ 22.965567784000029, 41.353712065000025 ], [ 22.964473347000023, 41.352080498000078 ], [ 22.958039948000078, 41.353377795000029 ], [ 22.949177481000049, 41.351555720000079 ], [ 22.937841730000059, 41.341411923000067 ], [ 22.928802400000052, 41.341074309000078 ], [ 22.927591500000062, 41.338539499000035 ], [ 22.913314648000039, 41.341167617000053 ], [ 22.898152451000044, 41.338530161000051 ], [ 22.879178500000023, 41.340652999000042 ], [ 22.857547500000067, 41.337785999000062 ], [ 22.82634833700007, 41.334623478000026 ], [ 22.819460556000024, 41.33579277900003 ], [ 22.812402935000023, 41.342596704000073 ], [ 22.805675500000063, 41.339101999000036 ], [ 22.799353, 41.340899499000045 ], [ 22.793954195000026, 41.347240965000026 ], [ 22.802285162000032, 41.355550411000024 ], [ 22.801339676000055, 41.364758502000029 ], [ 22.80586734700006, 41.368978880000043 ], [ 22.80779252800005, 41.37622237100004 ], [ 22.798296539000034, 41.39877682000008 ], [ 22.790685, 41.404107999000075 ], [ 22.795819021000057, 41.40581041300004 ], [ 22.796553405000054, 41.410216495000043 ], [ 22.803003887000045, 41.408590593000042 ], [ 22.812181654000028, 41.413285991000066 ], [ 22.808341988000052, 41.422319138000034 ], [ 22.814803955000059, 41.448465904000045 ], [ 22.826138636000053, 41.459366641000031 ], [ 22.836875601000031, 41.459126022000078 ], [ 22.843681785000058, 41.462029743000073 ], [ 22.847047123000038, 41.473564427000042 ], [ 22.858286658000054, 41.481316843000059 ], [ 22.863395357000059, 41.496646257000066 ], [ 22.873613099000067, 41.499953211000047 ], [ 22.876648404000036, 41.514872507000064 ], [ 22.875419500000078, 41.52334249900008 ], [ 22.88645297000005, 41.530390030000035 ], [ 22.903892413000051, 41.521289565000075 ], [ 22.946217434000062, 41.527096477000043 ], [ 22.962285818000055, 41.518822742000054 ], [ 22.968327500000044, 41.519835499000067 ] ] ] ] } },
{ "type": "Feature", "properties": { "GISCO_ID": "MK_MK00409", "CNTR_CODE": "MK", "LAU_ID": "MK00409", "LAU_NAME": "Радовиш", "cell_coverage": [ [ 0, 0, 0, 0.3184, 0.6991, 0.3807, 0.4517, 0.1324, 0 ], [ 0, 0, 0.0354, 0.8372, 1, 1, 1, 0.9893, 0.2463 ], [ 0.2641, 0.5253, 0.6827, 1, 1, 1, 1, 1, 0.5943 ], [ 0.379, 1, 1, 1, 1, 1, 1, 0.8526, 0.2716 ], [ 0.0292, 0.442, 0.752, 0.8706, 1, 1, 1, 0.3823, 0 ], [ 0, 0, 0, 0.049, 0.7785, 0.9544, 0.6311, 0.8824, 0 ], [ 0, 0, 0, 0, 0.2163, 0.2917, 0, 0.0975, 0 ] ], "xmin": 22.291666666666664, "xmax": 22.666666666666664, "ymin": 41.5, "ymax": 41.791666666666657 }, "geometry": { "type": "MultiPolygon", "coordinates": [ [ [ [ 22.64161050000007, 41.640892499000074 ], [ 22.623982263000073, 41.637930108000035 ], [ 22.613945771000033, 41.639347286000032 ], [ 22.591147081000031, 41.617153460000054 ], [ 22.602621283000076, 41.59846483900003 ], [ 22.596808371000066, 41.590075048000074 ], [ 22.617735948000075, 41.585100391000026 ], [ 22.620379073000038, 41.569930231000058 ], [ 22.624873955000055, 41.557450864000032 ], [ 22.619128531000058, 41.548674671000072 ], [ 22.617611885000031, 41.537847180000028 ], [ 22.606992895000076, 41.53154986900006 ], [ 22.597053338000023, 41.536188050000078 ], [ 22.58061271400004, 41.550943122000035 ], [ 22.570768593000025, 41.55258082000006 ], [ 22.556119813000066, 41.564588624000066 ], [ 22.546258675000047, 41.559607165000045 ], [ 22.536236926000072, 41.547734976000072 ], [ 22.520520265000073, 41.53765392400004 ], [ 22.519578448000061, 41.530438751000077 ], [ 22.524297602000047, 41.521803006000027 ], [ 22.516776, 41.514588999000068 ], [ 22.491377831000023, 41.527356596000061 ], [ 22.470735899000033, 41.52879401000007 ], [ 22.476168276000067, 41.537610569000037 ], [ 22.477862218000041, 41.550111235000031 ], [ 22.467088948000026, 41.56433392200006 ], [ 22.456577749000076, 41.57073640200008 ], [ 22.442124790000037, 41.589215257000035 ], [ 22.399058084000046, 41.597371070000065 ], [ 22.381539962000033, 41.587725941000031 ], [ 22.368849956000076, 41.601086976000033 ], [ 22.341295, 41.610884999000064 ], [ 22.337056526000026, 41.616480368000055 ], [ 22.316434234000042, 41.62592813200007 ], [ 22.326533295000047, 41.636516763000031 ], [ 22.320025498000064, 41.647054874000048 ], [ 22.310726763000048, 41.654095098000028 ], [ 22.310396834000073, 41.676230416000067 ], [ 22.318151895000028, 41.685438223000062 ], [ 22.33384176900006, 41.694186219000073 ], [ 22.349434302000077, 41.691646483000056 ], [ 22.356032378000066, 41.685546156000044 ], [ 22.385641329000066, 41.683222906000026 ], [ 22.392410095000059, 41.687728057000072 ], [ 22.398578428000064, 41.700634043000036 ], [ 22.412023513000065, 41.709284445000037 ], [ 22.415623, 41.729039999000065 ], [ 22.42511164900003, 41.731333414000062 ], [ 22.433844094000051, 41.743307413000025 ], [ 22.437063141000067, 41.75602477700005 ], [ 22.432573601000058, 41.75858957500003 ], [ 22.436186531000033, 41.76628534200006 ], [ 22.465575500000057, 41.787293999000042 ], [ 22.471844741000041, 41.781858106000072 ], [ 22.488208971000063, 41.777208089000055 ], [ 22.500508316000037, 41.766854928000043 ], [ 22.528161703000023, 41.76443094900003 ], [ 22.546258675000047, 41.769355484000073 ], [ 22.565079939000043, 41.770526547000031 ], [ 22.594685577000064, 41.761332156000037 ], [ 22.611130759000048, 41.748320475000071 ], [ 22.625272013000028, 41.749283862000027 ], [ 22.637195, 41.727842999000075 ], [ 22.645033316000024, 41.701217843000052 ], [ 22.652461540000047, 41.699202487000036 ], [ 22.660365259000059, 41.690329863000045 ], [ 22.648580653000067, 41.682027012000049 ], [ 22.64603984200005, 41.67157489300007 ], [ 22.640772188000028, 41.66588104200008 ], [ 22.643770283000038, 41.650679404000073 ], [ 22.64161050000007, 41.640892499000074 ] ] ] ] } },
{ "type": "Feature", "properties": { "GISCO_ID": "MK_MK00410", "CNTR_CODE": "MK", "LAU_ID": "MK00410", "LAU_NAME": "Струмица", "cell_coverage": [ [ 0.0006, 0.296, 0.3751, 0.9162, 0.4123, 0.2286, 0.3273, 0.0183, 0, 0 ], [ 0.0007, 0.419, 0.9029, 1, 1, 1, 0.8994, 0.1521, 0, 0 ], [ 0, 0, 0.2521, 1, 1, 1, 1, 0.9261, 0.5167, 0.1679 ], [ 0, 0, 0.0838, 0.7656, 0.9613, 1, 0.8448, 0.6435, 0.9335, 0.2064 ], [ 0, 0, 0, 0, 0.159, 0.32, 0.1111, 0, 0.0452, 0.0029 ] ], "xmin": 22.416666666666664, "xmax": 22.833333333333332, "ymin": 41.29166666666665, "ymax": 41.5 }, "geometry": { "type": "MultiPolygon", "coordinates": [ [ [ [ 22.522379, 41.471854499000074 ], [ 22.537059, 41.48323686100008 ], [ 22.542322606000027, 41.496584078000069 ], [ 22.546258675000047, 41.499793744000044 ], [ 22.572241079000037, 41.49736024200007 ], [ 22.582474655000055, 41.48577870500003 ], [ 22.588368975000037, 41.483849263000025 ], [ 22.595770812000069, 41.487263407000057 ], [ 22.601684337000052, 41.485208545000035 ], [ 22.60632438600004, 41.471800399000074 ], [ 22.615642003000062, 41.462067126000079 ], [ 22.647312293000027, 41.46784342400008 ], [ 22.657123360000071, 41.473612483000068 ], [ 22.664459009000041, 41.467366432000063 ], [ 22.672329101000059, 41.465481645000068 ], [ 22.69131550000003, 41.482505499000069 ], [ 22.700556931000051, 41.468465647000073 ], [ 22.716081275000079, 41.462928502000068 ], [ 22.70792037700005, 41.456992838000076 ], [ 22.707549928000049, 41.447685764000028 ], [ 22.695903112000053, 41.433909592000077 ], [ 22.697876423000025, 41.42913408000004 ], [ 22.709789794000073, 41.424060928000074 ], [ 22.720657216000063, 41.427419839000038 ], [ 22.737609589000044, 41.423227962000055 ], [ 22.744487497000023, 41.400967560000026 ], [ 22.765868463000061, 41.395689258000061 ], [ 22.770659273000035, 41.391585769000073 ], [ 22.779499197000064, 41.393379791000029 ], [ 22.790685, 41.404107999000075 ], [ 22.798296539000034, 41.39877682000008 ], [ 22.80779252800005, 41.37622237100004 ], [ 22.80586734700006, 41.368978880000043 ], [ 22.801339676000055, 41.364758502000029 ], [ 22.802285162000032, 41.355550411000024 ], [ 22.793954195000026, 41.347240965000026 ], [ 22.799353, 41.340899499000045 ], [ 22.79203644100005, 41.329959993000045 ], [ 22.779613500000039, 41.32705899900003 ], [ 22.772409237000033, 41.334193566000067 ], [ 22.739178209000045, 41.346883657000035 ], [ 22.702619560000073, 41.352772105000042 ], [ 22.69754054200007, 41.350767436000069 ], [ 22.69521842000006, 41.342718599000079 ], [ 22.676428332000057, 41.319922130000066 ], [ 22.66151377400007, 41.323718502000077 ], [ 22.653896003000057, 41.317851068000039 ], [ 22.625460919000034, 41.320601176000025 ], [ 22.608311398000069, 41.317313556000045 ], [ 22.605782133000048, 41.328852870000048 ], [ 22.60113696600007, 41.333800788000076 ], [ 22.579780561000064, 41.341718482000033 ], [ 22.568689612000071, 41.340418172000057 ], [ 22.544275144000039, 41.343954470000028 ], [ 22.546715305000077, 41.355586060000064 ], [ 22.538654144000077, 41.358906317000049 ], [ 22.52410646800007, 41.378692138000076 ], [ 22.538533001000076, 41.413149687000043 ], [ 22.520773249000058, 41.423792627000068 ], [ 22.508287178000046, 41.421437595000043 ], [ 22.501121528000056, 41.42398544100007 ], [ 22.457006, 41.457925999000054 ], [ 22.460195175000024, 41.463475223000046 ], [ 22.486671031000071, 41.475834083000052 ], [ 22.515492555000037, 41.467525415000068 ], [ 22.520629774000042, 41.462720988000058 ], [ 22.522379, 41.471854499000074 ] ] ] ] } },
{ "type": "Feature", "properties": { "GISCO_ID": "MK_MK00501", "CNTR_CODE": "MK", "LAU_ID": "MK00501", "LAU_NAME": "Битола", "cell_coverage": [ [ 0, 0, 0, 0, 0, 0.1728, 0.169, 0, 0, 0, 0, 0 ], [ 0, 0, 0, 0.0105, 0.3967, 0.9423, 0.6306, 0, 0, 0, 0, 0 ], [ 0, 0.147, 0.5444, 0.8318, 1, 1, 0.9355, 0.319, 0, 0, 0, 0 ], [ 0, 0.571, 1, 1, 1, 1, 1, 0.748, 0.1171, 0.1482, 0, 0 ], [ 0.1286, 0.8825, 1, 1, 1, 1, 1, 1, 1, 0.4422, 0, 0 ], [ 0, 0.4449, 1, 1, 1, 1, 1, 1, 1, 0.8609, 0.0316, 0 ], [ 0, 0.0154, 0.3988, 0.6661, 1, 1, 1, 1, 1, 1, 0.5462, 0.0036 ], [ 0, 0, 0, 0.0331, 0.3114, 0.9984, 1, 1, 1, 0.9951, 1, 0.1771 ], [ 0, 0, 0, 0, 0.0233, 0.9508, 1, 0.912, 0.3361, 0.0354, 0.1628, 0.0178 ], [ 0, 0, 0, 0, 0.0227, 0.2807, 0.1694, 0.0128, 0, 0, 0, 0 ] ], "xmin": 21.041666666666664, "xmax": 21.541666666666664, "ymin": 40.833333333333321, "ymax": 41.25 }, "geometry": { "type": "MultiPolygon", "coordinates": [ [ [ [ 21.502939, 40.910607499000037 ], [ 21.499217, 40.911108999000078 ], [ 21.489546583000049, 40.911943178000058 ], [ 21.465535746000057, 40.907224906000067 ], [ 21.451675500000079, 40.912339999000039 ], [ 21.440158265000036, 40.916748081000037 ], [ 21.417556465000075, 40.917312197000058 ], [ 21.390346500000078, 40.899035999000034 ], [ 21.388381500000037, 40.897682499000041 ], [ 21.365783500000077, 40.881999999000072 ], [ 21.363351922000049, 40.880176101000075 ], [ 21.341821, 40.873610499000051 ], [ 21.301112395000075, 40.865485440000043 ], [ 21.272106379000036, 40.864705800000024 ], [ 21.25947350000007, 40.859504499000025 ], [ 21.251821763000066, 40.862408953000056 ], [ 21.242826500000035, 40.874185999000076 ], [ 21.251202001000024, 40.889202542000078 ], [ 21.254815370000074, 40.911944070000061 ], [ 21.248117985000079, 40.922663612000065 ], [ 21.248347382000077, 40.934021900000062 ], [ 21.23966118900006, 40.944253217000039 ], [ 21.225848376000044, 40.949176923000039 ], [ 21.202484411000057, 40.950715193000065 ], [ 21.19687699900004, 40.96451597500004 ], [ 21.185148898000023, 40.973451134000072 ], [ 21.17835145500004, 40.985157901000036 ], [ 21.150278412000034, 40.981455869000058 ], [ 21.128694905000032, 40.985035585000048 ], [ 21.110922135000067, 41.012911490000079 ], [ 21.102633526000034, 41.018645303000028 ], [ 21.098931091000054, 41.027783648000025 ], [ 21.106222542000069, 41.043778432000067 ], [ 21.075900234000073, 41.052830198000038 ], [ 21.068940731000055, 41.064254156000061 ], [ 21.072419265000065, 41.069673547000036 ], [ 21.088458461000073, 41.075552623000078 ], [ 21.100546508000036, 41.086359007000055 ], [ 21.103852815000039, 41.113833808000038 ], [ 21.095277500000066, 41.124553499000058 ], [ 21.115134153000042, 41.135658694000028 ], [ 21.127627178000068, 41.148089922000054 ], [ 21.154459690000067, 41.146562936000066 ], [ 21.182398420000027, 41.156154795000077 ], [ 21.201222655000038, 41.168503333000046 ], [ 21.216274615000032, 41.170096718000025 ], [ 21.228723457000058, 41.181750142000055 ], [ 21.233519998000077, 41.192274886000064 ], [ 21.250778037000032, 41.196078401000079 ], [ 21.259158371000069, 41.204262112000038 ], [ 21.270415763000074, 41.208462292000036 ], [ 21.273547759000053, 41.219767137000076 ], [ 21.289016, 41.226724499000056 ], [ 21.290664500000048, 41.228149999000038 ], [ 21.29820989600006, 41.225774845000046 ], [ 21.307165363000024, 41.21638159500003 ], [ 21.313733385000035, 41.215778709000062 ], [ 21.315394209000033, 41.209286862000056 ], [ 21.326304727000036, 41.198658975000058 ], [ 21.315447322000068, 41.186626799000067 ], [ 21.307977053000059, 41.183211793000055 ], [ 21.315451123000059, 41.175955043000044 ], [ 21.323467734000076, 41.159815348000052 ], [ 21.331154792000063, 41.155384128000037 ], [ 21.333926568000038, 41.14830224800005 ], [ 21.344571633000044, 41.143883089000042 ], [ 21.353010089000065, 41.144517746000076 ], [ 21.363351922000049, 41.136421635000033 ], [ 21.363351922000049, 41.132611300000065 ], [ 21.361369399000068, 41.12435114200008 ], [ 21.361984069000073, 41.107185793000042 ], [ 21.359506062000037, 41.098411416000033 ], [ 21.363351922000049, 41.096677551000028 ], [ 21.367507313000033, 41.095245791000025 ], [ 21.371166422000044, 41.088997772000027 ], [ 21.387551908000034, 41.083843496000043 ], [ 21.391531751000059, 41.086807941000075 ], [ 21.398320476000038, 41.085890803000041 ], [ 21.415408373000048, 41.095748009000033 ], [ 21.428982, 41.098012499000049 ], [ 21.435786704000066, 41.091394047000051 ], [ 21.438446930000055, 41.084237999000038 ], [ 21.432370482000067, 41.066622405000032 ], [ 21.434909795000067, 41.050161174000038 ], [ 21.447098793000066, 41.030781460000071 ], [ 21.455312470000024, 41.020548176000034 ], [ 21.476006217000077, 40.980078861000038 ], [ 21.500522643000068, 40.962325356000065 ], [ 21.505710451000027, 40.951944194000077 ], [ 21.512406343000066, 40.949532766000061 ], [ 21.510821953000061, 40.943609223000067 ], [ 21.502961748000075, 40.939725488000079 ], [ 21.50932653600006, 40.925877563000029 ], [ 21.507873966000034, 40.917233488000079 ], [ 21.502939, 40.910607499000037 ] ] ] ] } },
{ "type": "Feature", "properties": { "GISCO_ID": "MK_MK00502", "CNTR_CODE": "MK", "LAU_ID": "MK00502", "LAU_NAME": "Демир Хисар", "cell_coverage": [ [ 0, 0, 0, 0, 0.0841, 0.3942, 0.0075, 0, 0, 0 ], [ 0, 0.1724, 0.6207, 0.6245, 0.8459, 1, 0.811, 0.1435, 0, 0 ], [ 0.0218, 0.8952, 1, 1, 1, 1, 1, 0.6528, 0.1777, 0 ], [ 0, 0.0643, 0.8461, 1, 1, 1, 1, 1, 0.8235, 0.0254 ], [ 0, 0, 0.2892, 0.9904, 1, 1, 1, 1, 0.8019, 0.0117 ], [ 0, 0, 0, 0.3276, 1, 1, 0.9895, 0.6033, 0.0577, 0 ], [ 0, 0, 0, 0.0578, 0.8068, 0.4556, 0.1682, 0, 0, 0 ], [ 0, 0, 0, 0, 0.0002, 0, 0, 0, 0, 0 ] ], "xmin": 20.916666666666664, "xmax": 21.333333333333332, "ymin": 41.083333333333321, "ymax": 41.416666666666657 }, "geometry": { "type": "MultiPolygon", "coordinates": [ [ [ [ 21.289016, 41.226724499000056 ], [ 21.273547759000053, 41.219767137000076 ], [ 21.270415763000074, 41.208462292000036 ], [ 21.259158371000069, 41.204262112000038 ], [ 21.250778037000032, 41.196078401000079 ], [ 21.233519998000077, 41.192274886000064 ], [ 21.228723457000058, 41.181750142000055 ], [ 21.216274615000032, 41.170096718000025 ], [ 21.201222655000038, 41.168503333000046 ], [ 21.182398420000027, 41.156154795000077 ], [ 21.154459690000067, 41.146562936000066 ], [ 21.127627178000068, 41.148089922000054 ], [ 21.115134153000042, 41.135658694000028 ], [ 21.095277500000066, 41.124553499000058 ], [ 21.089672398000062, 41.128556199000059 ], [ 21.078560501000027, 41.155554480000035 ], [ 21.07439179000005, 41.16869721300003 ], [ 21.076852859000041, 41.17796986500008 ], [ 21.064976428000023, 41.199457616000075 ], [ 21.059967369000049, 41.205176940000058 ], [ 21.049238310000078, 41.207813385000065 ], [ 21.039126500000066, 41.215005999000027 ], [ 21.035384970000052, 41.224124673000063 ], [ 21.017893, 41.242116499000076 ], [ 21.017138032000048, 41.254810889000055 ], [ 21.011346997000032, 41.264431897000065 ], [ 20.998807170000077, 41.273583493000046 ], [ 20.997168672000043, 41.282008379000047 ], [ 20.992845096000053, 41.286647770000059 ], [ 20.965867864000074, 41.296335355000053 ], [ 20.964198190000047, 41.306095093000067 ], [ 20.95453909400004, 41.317118425000046 ], [ 20.954759500000023, 41.323895999000058 ], [ 20.96759664800004, 41.333360814000059 ], [ 20.979383519000066, 41.337000559000046 ], [ 20.986476386000049, 41.346422712000049 ], [ 21.020387236000033, 41.361682441000028 ], [ 21.059324126000035, 41.359938695000039 ], [ 21.068820648000042, 41.355572528000039 ], [ 21.074228052000024, 41.359839776000058 ], [ 21.09349517000004, 41.360925020000025 ], [ 21.105877043000078, 41.37039296100005 ], [ 21.112337757000034, 41.382096974000035 ], [ 21.134503500000051, 41.393782999000052 ], [ 21.162343332000034, 41.390406231000043 ], [ 21.168208720000052, 41.382317497000031 ], [ 21.167953269000066, 41.376683772000035 ], [ 21.178078566000067, 41.365353559000027 ], [ 21.187404146000063, 41.364098469000055 ], [ 21.199770698000066, 41.367407679000053 ], [ 21.213263364000056, 41.363213490000078 ], [ 21.218367061000038, 41.349258514000041 ], [ 21.218306900000073, 41.341597915000079 ], [ 21.214862949000064, 41.335651920000032 ], [ 21.215355527000042, 41.318155623000052 ], [ 21.233908112000051, 41.313323685000057 ], [ 21.25368306300004, 41.320795259000079 ], [ 21.257577018000063, 41.314377661000037 ], [ 21.256519475000061, 41.305405258000064 ], [ 21.267426355000055, 41.299635279000029 ], [ 21.268525448000048, 41.290277595000077 ], [ 21.280684627000028, 41.282489798000029 ], [ 21.283440032000044, 41.27104240500006 ], [ 21.295187193000061, 41.260143701000061 ], [ 21.295779670000059, 41.248877174000029 ], [ 21.286032162000026, 41.230849541000055 ], [ 21.289016, 41.226724499000056 ] ] ] ] } },
{ "type": "Feature", "properties": { "GISCO_ID": "MK_MK00503", "CNTR_CODE": "MK", "LAU_ID": "MK00503", "LAU_NAME": "Долнени", "cell_coverage": [ [ 0, 0, 0.0504, 0.4359, 0.0886, 0, 0, 0, 0 ], [ 0, 0, 0.4962, 1, 0.7747, 0.0582, 0, 0, 0 ], [ 0.0204, 0.1767, 0.917, 1, 1, 0.3048, 0.0099, 0, 0 ], [ 0.5822, 1, 1, 1, 1, 1, 0.9633, 0.4643, 0.0779 ], [ 0.213, 0.9261, 1, 1, 1, 1, 1, 0.9516, 0.1065 ], [ 0.1064, 0.5674, 0.8347, 1, 0.8352, 0.5096, 0.339, 0.1215, 0 ], [ 0, 0, 0.1815, 0.3009, 0.0903, 0, 0, 0, 0 ] ], "xmin": 21.25, "xmax": 21.625, "ymin": 41.333333333333321, "ymax": 41.625 }, "geometry": { "type": "MultiPolygon", "coordinates": [ [ [ [ 21.373880500000041, 41.605520999000078 ], [ 21.375821133000045, 41.605757436000033 ], [ 21.391461530000072, 41.603995706000035 ], [ 21.407218642000032, 41.597274574000039 ], [ 21.424198889000024, 41.596144922000065 ], [ 21.429297688000077, 41.59070635300003 ], [ 21.430669855000076, 41.581461262000062 ], [ 21.444105126000068, 41.569930231000058 ], [ 21.44572813700006, 41.566407462000029 ], [ 21.464036333000024, 41.554801008000027 ], [ 21.466546625000035, 41.541181722000033 ], [ 21.460593318000065, 41.530440334000048 ], [ 21.47847237600007, 41.505435052000053 ], [ 21.484071799000048, 41.502413183000044 ], [ 21.49272632900005, 41.504708502000028 ], [ 21.510766937000028, 41.49949001400006 ], [ 21.520567534000065, 41.500972869000066 ], [ 21.532227462000037, 41.498631480000029 ], [ 21.538574007000022, 41.494683715000065 ], [ 21.540746144000025, 41.484713773000067 ], [ 21.58450513300005, 41.470562907000044 ], [ 21.600771416000043, 41.460632709000038 ], [ 21.607867500000054, 41.452956999000037 ], [ 21.586595901000067, 41.448932961000025 ], [ 21.57713116900004, 41.430440634000036 ], [ 21.582218256000033, 41.420186428000079 ], [ 21.579291639000076, 41.41655864300003 ], [ 21.563060617000076, 41.413944087000061 ], [ 21.553291867000041, 41.406595406000065 ], [ 21.540005981000036, 41.404959724000037 ], [ 21.533930854000062, 41.399631372000044 ], [ 21.507804157000066, 41.404857608000043 ], [ 21.478415271000074, 41.392280204000031 ], [ 21.471432866000043, 41.391979979000041 ], [ 21.459748733000026, 41.397105233000048 ], [ 21.447584918000075, 41.390598453000052 ], [ 21.440445874000034, 41.38183487200007 ], [ 21.436763003000067, 41.370278449000068 ], [ 21.420947983000076, 41.365487482000049 ], [ 21.406399022000073, 41.365453866000053 ], [ 21.394245707000039, 41.360847645000035 ], [ 21.365608, 41.359597499000074 ], [ 21.363351922000049, 41.362425340000073 ], [ 21.350110218000054, 41.367597708000062 ], [ 21.346460989000036, 41.379403485000068 ], [ 21.348875295000028, 41.388367057000039 ], [ 21.344573485000069, 41.395358688000044 ], [ 21.327501917000063, 41.396447020000039 ], [ 21.304775500000062, 41.388614999000026 ], [ 21.294974231000026, 41.393707620000043 ], [ 21.288684311000054, 41.403257394000036 ], [ 21.261877044000073, 41.420733730000052 ], [ 21.266935882000041, 41.428921643000081 ], [ 21.285180240000045, 41.428521551000074 ], [ 21.304046809000056, 41.434701031000031 ], [ 21.299739152000029, 41.438197409000054 ], [ 21.297322487000031, 41.446195360000047 ], [ 21.264429, 41.472097999000027 ], [ 21.256667037000057, 41.482974579000029 ], [ 21.260852656000054, 41.491510634000065 ], [ 21.270897888000036, 41.492925083000046 ], [ 21.275505808000048, 41.498209993000046 ], [ 21.28407022500005, 41.496363276000068 ], [ 21.28907975900006, 41.507760877000067 ], [ 21.294416242000068, 41.511083026000051 ], [ 21.310103454000057, 41.51045894300006 ], [ 21.330927247000034, 41.500040261000038 ], [ 21.33517517000007, 41.500469186000032 ], [ 21.333565185000054, 41.518670235000059 ], [ 21.340587689000074, 41.531668096000033 ], [ 21.342145122000034, 41.551760103000049 ], [ 21.353372634000038, 41.558874845000048 ], [ 21.360251490000053, 41.569930231000058 ], [ 21.366762128000062, 41.577544222000029 ], [ 21.373880500000041, 41.605520999000078 ] ] ] ] } },
{ "type": "Feature", "properties": { "GISCO_ID": "MK_MK00505", "CNTR_CODE": "MK", "LAU_ID": "MK00505", "LAU_NAME": "Крушево", "cell_coverage": [ [ 0, 0, 0.0015, 0.1708, 0, 0 ], [ 0.2582, 0.4535, 0.7119, 0.787, 0.0739, 0 ], [ 0.5106, 0.9925, 1, 0.8936, 0.1541, 0 ], [ 0, 0.189, 0.8565, 1, 0.4626, 0 ], [ 0, 0, 0.3472, 0.8223, 0.9698, 0.0506 ], [ 0, 0, 0, 0.1765, 0.8121, 0.008 ], [ 0, 0, 0, 0.0251, 0.1457, 0 ] ], "xmin": 21.125, "xmax": 21.375, "ymin": 41.208333333333321, "ymax": 41.5 }, "geometry": { "type": "MultiPolygon", "coordinates": [ [ [ [ 21.289016, 41.226724499000056 ], [ 21.286032162000026, 41.230849541000055 ], [ 21.295779670000059, 41.248877174000029 ], [ 21.295187193000061, 41.260143701000061 ], [ 21.283440032000044, 41.27104240500006 ], [ 21.280684627000028, 41.282489798000029 ], [ 21.268525448000048, 41.290277595000077 ], [ 21.267426355000055, 41.299635279000029 ], [ 21.256519475000061, 41.305405258000064 ], [ 21.257577018000063, 41.314377661000037 ], [ 21.25368306300004, 41.320795259000079 ], [ 21.233908112000051, 41.313323685000057 ], [ 21.215355527000042, 41.318155623000052 ], [ 21.214862949000064, 41.335651920000032 ], [ 21.218306900000073, 41.341597915000079 ], [ 21.218367061000038, 41.349258514000041 ], [ 21.213263364000056, 41.363213490000078 ], [ 21.199770698000066, 41.367407679000053 ], [ 21.187404146000063, 41.364098469000055 ], [ 21.178078566000067, 41.365353559000027 ], [ 21.167953269000066, 41.376683772000035 ], [ 21.168208720000052, 41.382317497000031 ], [ 21.162343332000034, 41.390406231000043 ], [ 21.134503500000051, 41.393782999000052 ], [ 21.127432500000054, 41.41816299900006 ], [ 21.133157062000066, 41.417734297000038 ], [ 21.137657215000047, 41.425610706000043 ], [ 21.148704131000045, 41.430334318000064 ], [ 21.152809989000048, 41.435175695000055 ], [ 21.163004662000048, 41.43179265200007 ], [ 21.180029635000039, 41.434372250000081 ], [ 21.187384, 41.438165499000036 ], [ 21.203086733000077, 41.435602424000081 ], [ 21.225641937000034, 41.44109437000003 ], [ 21.22903511100003, 41.448276132000046 ], [ 21.242263610000066, 41.452727010000046 ], [ 21.251430442000071, 41.462072148000061 ], [ 21.253095388000077, 41.47229582600005 ], [ 21.264429, 41.472097999000027 ], [ 21.297322487000031, 41.446195360000047 ], [ 21.299739152000029, 41.438197409000054 ], [ 21.304046809000056, 41.434701031000031 ], [ 21.285180240000045, 41.428521551000074 ], [ 21.266935882000041, 41.428921643000081 ], [ 21.261877044000073, 41.420733730000052 ], [ 21.288684311000054, 41.403257394000036 ], [ 21.294974231000026, 41.393707620000043 ], [ 21.304775500000062, 41.388614999000026 ], [ 21.309320186000036, 41.378566557000056 ], [ 21.309237956000061, 41.356004282000072 ], [ 21.30549945100006, 41.34982326800008 ], [ 21.334517431000052, 41.322351652000066 ], [ 21.338961725000047, 41.311395766000032 ], [ 21.339457860000039, 41.307220443000062 ], [ 21.332689253000069, 41.298953195000081 ], [ 21.334400802000062, 41.291576269000075 ], [ 21.329650917000038, 41.282723687000043 ], [ 21.337218, 41.272590999000045 ], [ 21.325773639000033, 41.268682918000025 ], [ 21.325936661000071, 41.263651812000035 ], [ 21.312587382000061, 41.252891462000036 ], [ 21.307376986000065, 41.239230861000067 ], [ 21.290664500000048, 41.228149999000038 ], [ 21.289016, 41.226724499000056 ] ] ] ] } },
{ "type": "Feature", "properties": { "GISCO_ID": "MK_MK00506", "CNTR_CODE": "MK", "LAU_ID": "MK00506", "LAU_NAME": "Могила", "cell_coverage": [ [ 0, 0.15, 0.2379, 0, 0, 0, 0, 0, 0 ], [ 0.0003, 0.6737, 0.9793, 0.6971, 0.0834, 0, 0, 0, 0 ], [ 0, 0.3694, 1, 1, 0.8251, 0.5157, 0.3222, 0.1864, 0.0055 ], [ 0, 0.0645, 0.681, 1, 1, 1, 1, 0.9666, 0.1894 ], [ 0, 0, 0.252, 0.8829, 0.5859, 0.361, 0.4742, 0.2633, 0 ] ], "xmin": 21.25, "xmax": 21.625, "ymin": 41.083333333333321, "ymax": 41.291666666666657 }, "geometry": { "type": "MultiPolygon", "coordinates": [ [ [ [ 21.290664500000048, 41.228149999000038 ], [ 21.307376986000065, 41.239230861000067 ], [ 21.312587382000061, 41.252891462000036 ], [ 21.325936661000071, 41.263651812000035 ], [ 21.325773639000033, 41.268682918000025 ], [ 21.337218, 41.272590999000045 ], [ 21.337546142000065, 41.268679476000045 ], [ 21.347093191000056, 41.266673339000079 ], [ 21.363351922000049, 41.251691616000073 ], [ 21.365633, 41.250737499000024 ], [ 21.371682657000065, 41.24408089700006 ], [ 21.388622398000052, 41.242766405000054 ], [ 21.407703778000041, 41.234385290000034 ], [ 21.414589097000032, 41.220494444000053 ], [ 21.422132447000024, 41.220584938000059 ], [ 21.42965266300007, 41.21501296100007 ], [ 21.435644112000034, 41.19533669100008 ], [ 21.466851294000037, 41.197388164000074 ], [ 21.471665327000039, 41.186550374000035 ], [ 21.499941904000025, 41.183087893000049 ], [ 21.508092268000041, 41.176521630000025 ], [ 21.514950689000045, 41.176993093000078 ], [ 21.52985626800006, 41.18436983600003 ], [ 21.534735406000038, 41.180664874000058 ], [ 21.554610567000054, 41.181362168000078 ], [ 21.559488520000059, 41.174110890000065 ], [ 21.569364137000036, 41.169377113000053 ], [ 21.587503192000042, 41.168330418000039 ], [ 21.597275, 41.161899499000072 ], [ 21.592264884000031, 41.146497206000049 ], [ 21.595183054000074, 41.140400926000041 ], [ 21.576368741000067, 41.129636185000038 ], [ 21.563632210000037, 41.118045020000068 ], [ 21.560698611000078, 41.10832900500003 ], [ 21.548994628000059, 41.102241191000076 ], [ 21.521708063000062, 41.103975910000031 ], [ 21.512651344000062, 41.10769708600003 ], [ 21.483756035000056, 41.108199353000032 ], [ 21.472674793000067, 41.112918179000076 ], [ 21.458673485000077, 41.110453025000027 ], [ 21.454619176000051, 41.105488072000071 ], [ 21.444983281000077, 41.104473669000072 ], [ 21.44306718100006, 41.099302758000078 ], [ 21.428982, 41.098012499000049 ], [ 21.415408373000048, 41.095748009000033 ], [ 21.398320476000038, 41.085890803000041 ], [ 21.391531751000059, 41.086807941000075 ], [ 21.387551908000034, 41.083843496000043 ], [ 21.371166422000044, 41.088997772000027 ], [ 21.367507313000033, 41.095245791000025 ], [ 21.363351922000049, 41.096677551000028 ], [ 21.359506062000037, 41.098411416000033 ], [ 21.361984069000073, 41.107185793000042 ], [ 21.361369399000068, 41.12435114200008 ], [ 21.363351922000049, 41.132611300000065 ], [ 21.363351922000049, 41.136421635000033 ], [ 21.353010089000065, 41.144517746000076 ], [ 21.344571633000044, 41.143883089000042 ], [ 21.333926568000038, 41.14830224800005 ], [ 21.331154792000063, 41.155384128000037 ], [ 21.323467734000076, 41.159815348000052 ], [ 21.315451123000059, 41.175955043000044 ], [ 21.307977053000059, 41.183211793000055 ], [ 21.315447322000068, 41.186626799000067 ], [ 21.326304727000036, 41.198658975000058 ], [ 21.315394209000033, 41.209286862000056 ], [ 21.313733385000035, 41.215778709000062 ], [ 21.307165363000024, 41.21638159500003 ], [ 21.29820989600006, 41.225774845000046 ], [ 21.290664500000048, 41.228149999000038 ] ] ] ] } },
{ "type": "Feature", "properties": { "GISCO_ID": "MK_MK00507", "CNTR_CODE": "MK", "LAU_ID": "MK00507", "LAU_NAME": "Новаци", "cell_coverage": [ [ 0, 0, 0, 0, 0.0326, 0.0003, 0, 0, 0, 0, 0, 0 ], [ 0, 0, 0, 0.0334, 0.7856, 0.4574, 0.2568, 0.0862, 0, 0, 0, 0 ], [ 0.2659, 0.639, 0.5258, 0.7367, 1, 1, 1, 0.9685, 0.716, 0.354, 0.1202, 0 ], [ 0.5578, 1, 1, 1, 1, 1, 1, 1, 1, 1, 0.9812, 0.7197 ], [ 0.1391, 0.9684, 1, 1, 1, 1, 1, 1, 1, 1, 0.7323, 0.0894 ], [ 0, 0.4538, 0.9964, 1, 1, 1, 1, 1, 1, 0.4946, 0.0355, 0 ], [ 0, 0, 0.8229, 1, 1, 1, 0.5236, 0.5902, 0.7058, 0.1172, 0, 0 ], [ 0, 0, 0.208, 0.8908, 0.8952, 0.4622, 0.0342, 0, 0, 0, 0, 0 ], [ 0, 0, 0, 0.075, 0.0556, 0, 0, 0, 0, 0, 0, 0 ] ], "xmin": 21.416666666666664, "xmax": 21.916666666666664, "ymin": 40.833333333333321, "ymax": 41.208333333333321 }, "geometry": { "type": "MultiPolygon", "coordinates": [ [ [ [ 21.502939, 40.910607499000037 ], [ 21.507873966000034, 40.917233488000079 ], [ 21.50932653600006, 40.925877563000029 ], [ 21.502961748000075, 40.939725488000079 ], [ 21.510821953000061, 40.943609223000067 ], [ 21.512406343000066, 40.949532766000061 ], [ 21.505710451000027, 40.951944194000077 ], [ 21.500522643000068, 40.962325356000065 ], [ 21.476006217000077, 40.980078861000038 ], [ 21.455312470000024, 41.020548176000034 ], [ 21.447098793000066, 41.030781460000071 ], [ 21.434909795000067, 41.050161174000038 ], [ 21.432370482000067, 41.066622405000032 ], [ 21.438446930000055, 41.084237999000038 ], [ 21.435786704000066, 41.091394047000051 ], [ 21.428982, 41.098012499000049 ], [ 21.44306718100006, 41.099302758000078 ], [ 21.444983281000077, 41.104473669000072 ], [ 21.454619176000051, 41.105488072000071 ], [ 21.458673485000077, 41.110453025000027 ], [ 21.472674793000067, 41.112918179000076 ], [ 21.483756035000056, 41.108199353000032 ], [ 21.512651344000062, 41.10769708600003 ], [ 21.521708063000062, 41.103975910000031 ], [ 21.548994628000059, 41.102241191000076 ], [ 21.560698611000078, 41.10832900500003 ], [ 21.563632210000037, 41.118045020000068 ], [ 21.576368741000067, 41.129636185000038 ], [ 21.595183054000074, 41.140400926000041 ], [ 21.592264884000031, 41.146497206000049 ], [ 21.597275, 41.161899499000072 ], [ 21.613636241000052, 41.170894026000042 ], [ 21.621690694000051, 41.170453695000049 ], [ 21.625810199000057, 41.167144228000041 ], [ 21.623290564000058, 41.16256407000003 ], [ 21.625254403000042, 41.158883958000047 ], [ 21.639169964000075, 41.150159156000029 ], [ 21.647303749000059, 41.13855489000008 ], [ 21.658724008000036, 41.135672361000047 ], [ 21.675582349000024, 41.132375258000025 ], [ 21.696732365000059, 41.139705696000078 ], [ 21.71063967300006, 41.133125393000057 ], [ 21.724072340000077, 41.131049530000041 ], [ 21.74734400400007, 41.118676548000053 ], [ 21.767605144000072, 41.117258376000052 ], [ 21.777588115000071, 41.108943584000031 ], [ 21.790488438000068, 41.106004314000074 ], [ 21.814906731000065, 41.093667789000051 ], [ 21.834127184000067, 41.099043149000067 ], [ 21.846198025000035, 41.092532305000077 ], [ 21.849553367000055, 41.087676859000055 ], [ 21.867061410000076, 41.08058352300003 ], [ 21.89673509000005, 41.079149618000031 ], [ 21.91015, 41.081946499000026 ], [ 21.904492353000023, 41.070141782000064 ], [ 21.91203, 41.049392499000078 ], [ 21.898951193000073, 41.03967534800006 ], [ 21.883004181000047, 41.040056256000071 ], [ 21.884123272000068, 41.030781460000071 ], [ 21.872279251000066, 41.02180386200007 ], [ 21.861237207000045, 41.019471184000054 ], [ 21.85193683500006, 41.011581006000029 ], [ 21.845104177000053, 40.996504884000046 ], [ 21.832143612000039, 40.993184684000028 ], [ 21.824921, 40.987980499000059 ], [ 21.815955279000036, 40.986224076000042 ], [ 21.800639118000049, 40.975201009000045 ], [ 21.800367197000071, 40.959187842000063 ], [ 21.806107500000053, 40.951178999000035 ], [ 21.802816628000073, 40.944474133000028 ], [ 21.790564135000068, 40.938032288000045 ], [ 21.787378, 40.931125499000075 ], [ 21.756725231000075, 40.925677649000079 ], [ 21.744995821000032, 40.930629476000036 ], [ 21.731092199000045, 40.930861065000045 ], [ 21.705686849000074, 40.943431825000062 ], [ 21.685573924000039, 40.94061202000006 ], [ 21.666958988000033, 40.919516978000047 ], [ 21.67146817500003, 40.90628526200004 ], [ 21.670250180000039, 40.899494115000039 ], [ 21.65068496400005, 40.901123175000066 ], [ 21.637747016000048, 40.89792996400007 ], [ 21.628786500000047, 40.887925999000061 ], [ 21.620806440000024, 40.887870961000033 ], [ 21.609677461000047, 40.879285430000039 ], [ 21.60367474800006, 40.879098766000027 ], [ 21.593141492000029, 40.866807048000055 ], [ 21.585012635000055, 40.869047066000064 ], [ 21.568152562000023, 40.866529412000034 ], [ 21.563465536000024, 40.875451889000033 ], [ 21.554159500000026, 40.880626499000073 ], [ 21.531013660000042, 40.907614628000033 ], [ 21.502939, 40.910607499000037 ] ] ] ] } },
{ "type": "Feature", "properties": { "GISCO_ID": "MK_MK00508", "CNTR_CODE": "MK", "LAU_ID": "MK00508", "LAU_NAME": "Прилеп", "cell_coverage": [ [ 0, 0, 0, 0, 0, 0, 0, 0, 0.2182, 0.602, 0.1685, 0, 0, 0, 0 ], [ 0, 0, 0, 0, 0, 0.0484, 0.8636, 0.6951, 0.9387, 1, 0.8081, 0.2801, 0, 0, 0 ], [ 0, 0, 0.1648, 0.4904, 0.661, 0.8785, 1, 1, 1, 1, 1, 0.7509, 0, 0, 0 ], [ 0.0377, 0.4402, 0.9097, 1, 1, 1, 1, 1, 1, 1, 1, 0.9321, 0.0687, 0, 0 ], [ 0, 0.0196, 0.8854, 1, 1, 1, 1, 1, 1, 1, 1, 0.6625, 0, 0, 0 ], [ 0.0119, 0.364, 0.9656, 1, 1, 1, 1, 1, 1, 1, 1, 0.9837, 0.712, 0.1495, 0 ], [ 0.0207, 0.3029, 0.9166, 1, 1, 1, 1, 1, 1, 1, 1, 1, 0.9102, 0.0014, 0 ], [ 0, 0, 0.1749, 0.4843, 0.6778, 0.8136, 0.9619, 0.9997, 1, 1, 1, 1, 1, 0.2885, 0 ], [ 0, 0, 0, 0, 0, 0, 0.025, 0.5426, 0.7432, 0.9138, 1, 1, 1, 0.6697, 0.0876 ], [ 0, 0, 0, 0, 0, 0, 0, 0, 0, 0.0315, 0.284, 0.646, 0.8798, 0.9668, 0.1432 ], [ 0, 0, 0, 0, 0, 0, 0, 0, 0, 0, 0, 0, 0.0188, 0.0673, 0 ] ], "xmin": 21.333333333333329, "xmax": 21.958333333333329, "ymin": 41.04166666666665, "ymax": 41.5 }, "geometry": { "type": "MultiPolygon", "coordinates": [ [ [ [ 21.929438, 41.100350499000058 ], [ 21.92205253700007, 41.094805031000078 ], [ 21.910487844000045, 41.091605711000057 ], [ 21.91015, 41.081946499000026 ], [ 21.89673509000005, 41.079149618000031 ], [ 21.867061410000076, 41.08058352300003 ], [ 21.849553367000055, 41.087676859000055 ], [ 21.846198025000035, 41.092532305000077 ], [ 21.834127184000067, 41.099043149000067 ], [ 21.814906731000065, 41.093667789000051 ], [ 21.790488438000068, 41.106004314000074 ], [ 21.777588115000071, 41.108943584000031 ], [ 21.767605144000072, 41.117258376000052 ], [ 21.74734400400007, 41.118676548000053 ], [ 21.724072340000077, 41.131049530000041 ], [ 21.71063967300006, 41.133125393000057 ], [ 21.696732365000059, 41.139705696000078 ], [ 21.675582349000024, 41.132375258000025 ], [ 21.658724008000036, 41.135672361000047 ], [ 21.647303749000059, 41.13855489000008 ], [ 21.639169964000075, 41.150159156000029 ], [ 21.625254403000042, 41.158883958000047 ], [ 21.623290564000058, 41.16256407000003 ], [ 21.625810199000057, 41.167144228000041 ], [ 21.621690694000051, 41.170453695000049 ], [ 21.613636241000052, 41.170894026000042 ], [ 21.597275, 41.161899499000072 ], [ 21.587503192000042, 41.168330418000039 ], [ 21.569364137000036, 41.169377113000053 ], [ 21.559488520000059, 41.174110890000065 ], [ 21.554610567000054, 41.181362168000078 ], [ 21.534735406000038, 41.180664874000058 ], [ 21.52985626800006, 41.18436983600003 ], [ 21.514950689000045, 41.176993093000078 ], [ 21.508092268000041, 41.176521630000025 ], [ 21.499941904000025, 41.183087893000049 ], [ 21.471665327000039, 41.186550374000035 ], [ 21.466851294000037, 41.197388164000074 ], [ 21.435644112000034, 41.19533669100008 ], [ 21.42965266300007, 41.21501296100007 ], [ 21.422132447000024, 41.220584938000059 ], [ 21.414589097000032, 41.220494444000053 ], [ 21.407703778000041, 41.234385290000034 ], [ 21.388622398000052, 41.242766405000054 ], [ 21.371682657000065, 41.24408089700006 ], [ 21.365633, 41.250737499000024 ], [ 21.397223947000043, 41.260872984000059 ], [ 21.401479588000029, 41.274356811000075 ], [ 21.419825587000048, 41.278276062000032 ], [ 21.423425528000053, 41.28377937700003 ], [ 21.418433245000074, 41.290706095000075 ], [ 21.421156580000059, 41.297366426000053 ], [ 21.416104292000057, 41.310846458000071 ], [ 21.428428396000072, 41.313096087000076 ], [ 21.431007400000055, 41.318346692000034 ], [ 21.428324409000027, 41.323864705000062 ], [ 21.41457414100006, 41.32391930700004 ], [ 21.409548996000069, 41.340014531000065 ], [ 21.388425643000062, 41.348682648000079 ], [ 21.371998308000059, 41.349367098000073 ], [ 21.365608, 41.359597499000074 ], [ 21.394245707000039, 41.360847645000035 ], [ 21.406399022000073, 41.365453866000053 ], [ 21.420947983000076, 41.365487482000049 ], [ 21.436763003000067, 41.370278449000068 ], [ 21.440445874000034, 41.38183487200007 ], [ 21.447584918000075, 41.390598453000052 ], [ 21.459748733000026, 41.397105233000048 ], [ 21.471432866000043, 41.391979979000041 ], [ 21.478415271000074, 41.392280204000031 ], [ 21.507804157000066, 41.404857608000043 ], [ 21.533930854000062, 41.399631372000044 ], [ 21.540005981000036, 41.404959724000037 ], [ 21.553291867000041, 41.406595406000065 ], [ 21.563060617000076, 41.413944087000061 ], [ 21.579291639000076, 41.41655864300003 ], [ 21.582218256000033, 41.420186428000079 ], [ 21.57713116900004, 41.430440634000036 ], [ 21.586595901000067, 41.448932961000025 ], [ 21.607867500000054, 41.452956999000037 ], [ 21.618350082000063, 41.457371765000062 ], [ 21.628866453000057, 41.457861054000034 ], [ 21.63751065200006, 41.449731237000037 ], [ 21.644930302000034, 41.447464146000073 ], [ 21.650187120000055, 41.437103447000027 ], [ 21.658724008000036, 41.438313512000036 ], [ 21.666860706000023, 41.439257055000041 ], [ 21.672965842000053, 41.444588464000049 ], [ 21.673364125000035, 41.459936233000064 ], [ 21.683303554000076, 41.466447287000051 ], [ 21.69296647300007, 41.468613140000059 ], [ 21.715150577000031, 41.484341362000066 ], [ 21.728041927000049, 41.481407839000042 ], [ 21.734722316000045, 41.48592886800003 ], [ 21.749369375000072, 41.483056684000076 ], [ 21.757945042000074, 41.476899458000048 ], [ 21.769041093000055, 41.460831898000038 ], [ 21.776065500000072, 41.456858499000077 ], [ 21.775001436000025, 41.452560070000061 ], [ 21.78861511100007, 41.428304750000052 ], [ 21.808464723000043, 41.429180154000051 ], [ 21.819914948000076, 41.43747869200007 ], [ 21.824828558000036, 41.429219666000051 ], [ 21.826369773000067, 41.419438927000044 ], [ 21.818751194000072, 41.406514951000077 ], [ 21.822854715000062, 41.387302179000073 ], [ 21.839528804000054, 41.364306280000051 ], [ 21.841875918000028, 41.357229694000068 ], [ 21.839294102000053, 41.353006623000056 ], [ 21.826603800000044, 41.345863200000053 ], [ 21.820541208000066, 41.321103751000066 ], [ 21.812012733000074, 41.309701097000072 ], [ 21.83711502400007, 41.278595051000025 ], [ 21.859642284000074, 41.278212307000047 ], [ 21.874434869000027, 41.283989661000078 ], [ 21.893183746000034, 41.279212462000032 ], [ 21.882003290000057, 41.267119740000055 ], [ 21.867263439000055, 41.227684940000074 ], [ 21.872945387000073, 41.212685800000031 ], [ 21.889348636000022, 41.194335567000053 ], [ 21.89055959600006, 41.178983861000063 ], [ 21.882549463000032, 41.160901635000073 ], [ 21.893232323000063, 41.155761923000057 ], [ 21.904791320000072, 41.143230864000031 ], [ 21.927542235000033, 41.138374197000076 ], [ 21.926662929000031, 41.125240750000046 ], [ 21.920207038000058, 41.120668790000025 ], [ 21.929438, 41.100350499000058 ] ] ] ] } },
{ "type": "Feature", "properties": { "GISCO_ID": "MK_MK00509", "CNTR_CODE": "MK", "LAU_ID": "MK00509", "LAU_NAME": "Ресен", "cell_coverage": [ [ 0, 0, 0, 0, 0, 0.0253, 0.0096, 0, 0, 0, 0, 0 ], [ 0, 0, 0, 0.008, 0.2517, 0.8407, 0.6724, 0, 0, 0, 0, 0 ], [ 0, 0, 0.0401, 0.6535, 1, 1, 0.9422, 0.0462, 0, 0, 0, 0 ], [ 0, 0, 0.375, 1, 1, 1, 1, 0.4288, 0, 0, 0, 0 ], [ 0, 0, 0.637, 1, 1, 1, 0.8714, 0.1175, 0, 0, 0, 0 ], [ 0, 0.0348, 0.9638, 0.9204, 0.8085, 0.9664, 1, 0.5551, 0, 0, 0, 0 ], [ 2.729e-06, 0.5528, 0.8971, 0.1215, 0, 0.0192, 0.7048, 0.9846, 0.6012, 0.3339, 0, 0 ], [ 0.029, 0.6219, 0.7074, 0.292, 0.044, 0, 0.099, 0.9742, 1, 0.9669, 0.6886, 0.0016 ], [ 0, 0, 0, 0.0018, 0.1973, 0, 0, 0.5293, 1, 0.944, 0.905, 0.0492 ], [ 0, 0, 0, 0, 0, 0, 0, 0.0925, 0.4143, 0.0325, 0.0009, 0 ] ], "xmin": 20.791666666666664, "xmax": 21.291666666666664, "ymin": 40.833333333333321, "ymax": 41.25 }, "geometry": { "type": "MultiPolygon", "coordinates": [ [ [ [ 21.039126500000066, 41.215005999000027 ], [ 21.049238310000078, 41.207813385000065 ], [ 21.059967369000049, 41.205176940000058 ], [ 21.064976428000023, 41.199457616000075 ], [ 21.076852859000041, 41.17796986500008 ], [ 21.07439179000005, 41.16869721300003 ], [ 21.078560501000027, 41.155554480000035 ], [ 21.089672398000062, 41.128556199000059 ], [ 21.095277500000066, 41.124553499000058 ], [ 21.103852815000039, 41.113833808000038 ], [ 21.100546508000036, 41.086359007000055 ], [ 21.088458461000073, 41.075552623000078 ], [ 21.072419265000065, 41.069673547000036 ], [ 21.068940731000055, 41.064254156000061 ], [ 21.075900234000073, 41.052830198000038 ], [ 21.106222542000069, 41.043778432000067 ], [ 21.098931091000054, 41.027783648000025 ], [ 21.102633526000034, 41.018645303000028 ], [ 21.110922135000067, 41.012911490000079 ], [ 21.128694905000032, 40.985035585000048 ], [ 21.150278412000034, 40.981455869000058 ], [ 21.17835145500004, 40.985157901000036 ], [ 21.185148898000023, 40.973451134000072 ], [ 21.19687699900004, 40.96451597500004 ], [ 21.202484411000057, 40.950715193000065 ], [ 21.225848376000044, 40.949176923000039 ], [ 21.23966118900006, 40.944253217000039 ], [ 21.248347382000077, 40.934021900000062 ], [ 21.248117985000079, 40.922663612000065 ], [ 21.254815370000074, 40.911944070000061 ], [ 21.251202001000024, 40.889202542000078 ], [ 21.242826500000035, 40.874185999000076 ], [ 21.206082818000027, 40.883523199000081 ], [ 21.194327377000036, 40.877205390000029 ], [ 21.176782702000025, 40.874469045000069 ], [ 21.168716652000057, 40.866428228000075 ], [ 21.152443, 40.856943499000067 ], [ 21.119612, 40.854682999000033 ], [ 21.117621085000053, 40.86628402100007 ], [ 21.09988185900005, 40.895255898000073 ], [ 21.101691119000066, 40.910719134000033 ], [ 21.083188545000041, 40.925137454000037 ], [ 21.078649092000035, 40.94552628100007 ], [ 21.070480728000064, 40.956022202000042 ], [ 21.066638113000067, 40.967529160000026 ], [ 21.052979256000071, 40.976524466000058 ], [ 21.042482225000072, 40.993908292000071 ], [ 21.035501321000027, 40.998059825000041 ], [ 20.972527436000064, 41.009762997000053 ], [ 20.952318490000039, 41.00891323500008 ], [ 20.937257504000058, 41.002053731000046 ], [ 20.932426419000024, 40.994079778000071 ], [ 20.917097400000046, 40.980888333000053 ], [ 20.909954549000076, 40.968603217000066 ], [ 20.900245331000065, 40.962198857000033 ], [ 20.897673581000049, 40.954204209000068 ], [ 20.902817682000034, 40.946418200000039 ], [ 20.917318543000079, 40.936985782000079 ], [ 20.928708673000074, 40.933642772000042 ], [ 20.944446852000056, 40.935481855000035 ], [ 20.967855884000073, 40.91969591700007 ], [ 20.990476122000075, 40.913590684000042 ], [ 20.983657536000067, 40.90735103600008 ], [ 20.985638297000037, 40.900884623000024 ], [ 20.983691071000067, 40.893582055000024 ], [ 20.977663500000062, 40.889660999000057 ], [ 20.977486482000074, 40.899485220000031 ], [ 20.968370459000027, 40.910092249000058 ], [ 20.939671356000076, 40.923942234000037 ], [ 20.928243799000029, 40.921820783000044 ], [ 20.917926480000062, 40.923585253000056 ], [ 20.899409492000075, 40.919045732000029 ], [ 20.848710225000048, 40.937151031000042 ], [ 20.837823, 40.927682999000069 ], [ 20.830213670000035, 40.943120423000039 ], [ 20.830550870000025, 40.955444992000025 ], [ 20.861387486000069, 40.988573164000059 ], [ 20.880066456000066, 41.02537568200006 ], [ 20.874565902000029, 41.041479446000039 ], [ 20.893991641000071, 41.058922395000025 ], [ 20.894469134000076, 41.089696373000038 ], [ 20.899046418000069, 41.103829236000081 ], [ 20.908375469000077, 41.110744545000045 ], [ 20.905252210000071, 41.126311628000053 ], [ 20.91705534700003, 41.136236318000044 ], [ 20.927261186000067, 41.140624959000036 ], [ 20.937954739000077, 41.155423927000072 ], [ 20.949804898000025, 41.158606740000039 ], [ 20.946332030000065, 41.167776088000039 ], [ 20.959831488000077, 41.167941539000026 ], [ 20.978146718000062, 41.173260513000059 ], [ 20.987212040000031, 41.183891345000063 ], [ 21.004181770000059, 41.191099533000056 ], [ 21.014234251000062, 41.200347302000068 ], [ 21.025792425000077, 41.204874465000046 ], [ 21.039126500000066, 41.215005999000027 ] ] ] ] } },
{ "type": "Feature", "properties": { "GISCO_ID": "MK_MK00601", "CNTR_CODE": "MK", "LAU_ID": "MK00601", "LAU_NAME": "Боговиње", "cell_coverage": [ [ 0, 0.0228, 0.1429, 0.0025, 0, 0 ], [ 0.2382, 0.8056, 1, 0.8431, 0.5394, 0.0075 ], [ 0.457, 0.7515, 0.9308, 1, 0.958, 0.3597 ], [ 0, 0, 0.0016, 0.2441, 0.5237, 0.0334 ] ], "xmin": 20.75, "xmax": 21.0, "ymin": 41.875, "ymax": 42.041666666666657 }, "geometry": { "type": "MultiPolygon", "coordinates": [ [ [ [ 20.772944, 41.926757999000074 ], [ 20.755791823000038, 41.946338067000056 ], [ 20.765610932000072, 41.954279253000038 ], [ 20.767117, 41.962758999000073 ], [ 20.774479034000024, 41.965624708000064 ], [ 20.777629682000054, 41.978939550000064 ], [ 20.793506252000043, 41.984668814000031 ], [ 20.797474140000077, 41.990677696000034 ], [ 20.814572817000055, 41.987668717000076 ], [ 20.820659655000043, 41.992007583000031 ], [ 20.825802674000045, 42.004764001000069 ], [ 20.83688522500006, 42.004409690000045 ], [ 20.846112584000025, 42.008832676000054 ], [ 20.870240712000054, 42.00413812100004 ], [ 20.904496980000033, 41.988646720000077 ], [ 20.927130314000067, 41.991184915000076 ], [ 20.935699628000066, 41.981391985000073 ], [ 20.940421935000074, 41.980577154000059 ], [ 20.941211598000052, 41.976538371000061 ], [ 20.952096093000023, 41.973459164000076 ], [ 20.955189639000025, 41.965633903000025 ], [ 20.963402, 41.962639999000032 ], [ 20.95238280600006, 41.95549187000006 ], [ 20.950031209000031, 41.94533251200005 ], [ 20.968611974000055, 41.950839410000071 ], [ 20.973834499000077, 41.948554925000053 ], [ 20.971204051000029, 41.943801428000029 ], [ 20.983052957000041, 41.936138532000029 ], [ 20.974449435000054, 41.91628875400005 ], [ 20.955424394000033, 41.908700575000069 ], [ 20.956323995000048, 41.901282364000053 ], [ 20.952084141000057, 41.895687714000076 ], [ 20.95497929000004, 41.892105409000067 ], [ 20.954603917000043, 41.885957782000048 ], [ 20.945857, 41.884539499000027 ], [ 20.946309221000035, 41.889037410000071 ], [ 20.942581990000065, 41.893027911000047 ], [ 20.889268322000078, 41.90774734200005 ], [ 20.865672678000067, 41.91969503200005 ], [ 20.852629584000056, 41.921070572000076 ], [ 20.841082853000046, 41.918787148000035 ], [ 20.815281962000029, 41.926115946000039 ], [ 20.806998983000028, 41.924926855000081 ], [ 20.802360750000048, 41.932036313000026 ], [ 20.797763235000048, 41.933949803000075 ], [ 20.780840337000029, 41.932612576000054 ], [ 20.772944, 41.926757999000074 ] ] ] ] } },
{ "type": "Feature", "properties": { "GISCO_ID": "MK_MK00602", "CNTR_CODE": "MK", "LAU_ID": "MK00602", "LAU_NAME": "Брвеница", "cell_coverage": [ [ 0.0005, 0.4247, 0.093, 0, 0, 0, 0 ], [ 0.042, 0.6403, 0.9161, 0.1721, 0, 0, 0 ], [ 0.1207, 0.9666, 1, 0.7669, 0.0292, 0, 0 ], [ 0.0624, 0.532, 0.7474, 0.9425, 0.7616, 0.386, 0.3216 ], [ 0, 0, 0.0521, 0.5465, 0.6905, 0.0421, 0 ] ], "xmin": 20.916666666666664, "xmax": 21.208333333333332, "ymin": 41.79166666666665, "ymax": 41.999999999999986 }, "geometry": { "type": "MultiPolygon", "coordinates": [ [ [ [ 21.190648500000066, 41.847656499000038 ], [ 21.159403914000052, 41.846828681000034 ], [ 21.142553746000033, 41.841850095000041 ], [ 21.131483071000048, 41.826582892000033 ], [ 21.114110593000078, 41.815951922000067 ], [ 21.106455448000077, 41.801495446000047 ], [ 21.088031500000056, 41.792196499000056 ], [ 21.054305460000023, 41.817009340000027 ], [ 21.025595513000042, 41.831841884000028 ], [ 21.028225625000061, 41.841439070000035 ], [ 21.02371873900006, 41.85050986300007 ], [ 20.98690515800007, 41.848304615000075 ], [ 20.96620783700007, 41.856586145000051 ], [ 20.958741230000044, 41.864473745000055 ], [ 20.947031500000037, 41.866688999000075 ], [ 20.945857, 41.884539499000027 ], [ 20.954603917000043, 41.885957782000048 ], [ 20.95497929000004, 41.892105409000067 ], [ 20.952084141000057, 41.895687714000076 ], [ 20.956323995000048, 41.901282364000053 ], [ 20.955424394000033, 41.908700575000069 ], [ 20.974449435000054, 41.91628875400005 ], [ 20.983052957000041, 41.936138532000029 ], [ 20.971204051000029, 41.943801428000029 ], [ 20.973834499000077, 41.948554925000053 ], [ 20.968611974000055, 41.950839410000071 ], [ 20.950031209000031, 41.94533251200005 ], [ 20.95238280600006, 41.95549187000006 ], [ 20.963402, 41.962639999000032 ], [ 20.969436317000032, 41.975622013000077 ], [ 20.968950960000029, 41.982968265000068 ], [ 20.978879196000037, 41.983076410000081 ], [ 21.010912, 41.968887499000061 ], [ 21.012939342000038, 41.960931135000067 ], [ 21.041896421000047, 41.945925113000044 ], [ 21.053403133000074, 41.944385888000056 ], [ 21.051547748000075, 41.922643126000025 ], [ 21.048368690000075, 41.91848522500004 ], [ 21.061082645000056, 41.915433739000036 ], [ 21.067698119000056, 41.910777861000042 ], [ 21.078127386000062, 41.917608180000059 ], [ 21.086854311000025, 41.90583334300004 ], [ 21.08932199000003, 41.898653657000068 ], [ 21.076300343000071, 41.89270164900006 ], [ 21.068747120000069, 41.893053511000062 ], [ 21.065828605000036, 41.888528089000033 ], [ 21.063003461000051, 41.877441952000027 ], [ 21.066884814000048, 41.870676478000064 ], [ 21.094001490000039, 41.865998475000026 ], [ 21.107950922000043, 41.867131193000034 ], [ 21.133886872000062, 41.853609184000049 ], [ 21.146601990000022, 41.852959031000069 ], [ 21.160460887000056, 41.85790554700003 ], [ 21.161498683000048, 41.869242753000037 ], [ 21.179655892000028, 41.873223344000053 ], [ 21.19032485200006, 41.865986882000072 ], [ 21.190648500000066, 41.847656499000038 ] ] ] ] } },
{ "type": "Feature", "properties": { "GISCO_ID": "MK_MK00603", "CNTR_CODE": "MK", "LAU_ID": "MK00603", "LAU_NAME": "Врапчиште", "cell_coverage": [ [ 0, 0.1612, 0.2485, 0.0692, 0, 0 ], [ 0.1423, 0.8921, 1, 0.9984, 0.7559, 0.3556 ], [ 0.2059, 0.6401, 0.9929, 1, 1, 0.5452 ], [ 0, 0, 0.1674, 0.3093, 0.2758, 0.1045 ] ], "xmin": 20.708333333333329, "xmax": 20.958333333333329, "ymin": 41.791666666666657, "ymax": 41.958333333333321 }, "geometry": { "type": "MultiPolygon", "coordinates": [ [ [ [ 20.945857, 41.884539499000027 ], [ 20.947031500000037, 41.866688999000075 ], [ 20.932928166000067, 41.850165634000064 ], [ 20.932609961000026, 41.845852892000039 ], [ 20.939077890000078, 41.833905241000025 ], [ 20.931806477000066, 41.824024490000056 ], [ 20.896081949000063, 41.821338980000064 ], [ 20.851710019000052, 41.822331001000066 ], [ 20.846186891000059, 41.815934801000026 ], [ 20.823644369000078, 41.823409149000042 ], [ 20.811345020000033, 41.824229008000032 ], [ 20.770305897000071, 41.851689431000068 ], [ 20.745657898000047, 41.853198802000065 ], [ 20.727972500000078, 41.864276999000026 ], [ 20.740149482000049, 41.89184292200008 ], [ 20.750174014000038, 41.895672261000072 ], [ 20.756385516000023, 41.906134534000046 ], [ 20.775190747000067, 41.918293627000025 ], [ 20.771208201000036, 41.923555934000035 ], [ 20.772944, 41.926757999000074 ], [ 20.780840337000029, 41.932612576000054 ], [ 20.797763235000048, 41.933949803000075 ], [ 20.802360750000048, 41.932036313000026 ], [ 20.806998983000028, 41.924926855000081 ], [ 20.815281962000029, 41.926115946000039 ], [ 20.841082853000046, 41.918787148000035 ], [ 20.852629584000056, 41.921070572000076 ], [ 20.865672678000067, 41.91969503200005 ], [ 20.889268322000078, 41.90774734200005 ], [ 20.942581990000065, 41.893027911000047 ], [ 20.946309221000035, 41.889037410000071 ], [ 20.945857, 41.884539499000027 ] ] ] ] } },
{ "type": "Feature", "properties": { "GISCO_ID": "MK_MK00604", "CNTR_CODE": "MK", "LAU_ID": "MK00604", "LAU_NAME": "Гостивар", "cell_coverage": [ [ 0.0025, 0.012, 0, 0, 0, 0, 0, 0, 0, 0, 0, 0, 0, 0 ], [ 0.5106, 0.7819, 0.8151, 0.7516, 0.6591, 0.3599, 0.0071, 0, 0, 0.3924, 0.468, 0.2526, 0, 0 ], [ 0.389, 0.9636, 1, 1, 1, 1, 0.8326, 0.6907, 0.7242, 0.8955, 1, 0.9479, 0.453, 0.005 ], [ 0, 0.1067, 0.6447, 0.609, 0.1279, 0.2271, 0.7439, 1, 1, 1, 1, 0.454, 0.0523, 0 ], [ 0, 0, 0, 0, 0, 0, 0.1657, 0.5146, 1, 1, 1, 0.7981, 0, 0 ], [ 0, 0, 0, 0, 0, 0, 0, 0.0534, 0.6484, 0.987, 1, 0.9916, 0.2294, 0 ], [ 0, 0, 0, 0, 0, 0, 0, 0, 0, 0.0954, 0.5237, 0.2508, 0.0317, 0 ] ], "xmin": 20.541666666666664, "xmax": 21.125, "ymin": 41.625, "ymax": 41.916666666666657 }, "geometry": { "type": "MultiPolygon", "coordinates": [ [ [ [ 21.052090500000077, 41.660563999000033 ], [ 21.03830944300006, 41.664081577000047 ], [ 21.023877330000062, 41.654573865000032 ], [ 21.002243029000056, 41.652322540000057 ], [ 20.984430893000024, 41.643335662000027 ], [ 20.973309796000024, 41.641896880000047 ], [ 20.961866991000022, 41.643738836000068 ], [ 20.957063259000051, 41.654726871000037 ], [ 20.946249426000065, 41.660801248000041 ], [ 20.901994500000058, 41.675327499000048 ], [ 20.894230363000077, 41.679642278000074 ], [ 20.892381967000063, 41.686750472000028 ], [ 20.879724969000051, 41.690889488000039 ], [ 20.869271411000057, 41.699567295000065 ], [ 20.856985102000067, 41.715901003000056 ], [ 20.859234511000068, 41.723673714000029 ], [ 20.867223889000059, 41.731962446000068 ], [ 20.864504199000066, 41.736586079000062 ], [ 20.844936879000045, 41.737820732000046 ], [ 20.836200574000031, 41.741743321000058 ], [ 20.831533714000045, 41.737970314000052 ], [ 20.81420160600004, 41.733846630000073 ], [ 20.812202411000044, 41.737918162000028 ], [ 20.813696499000059, 41.744566392000024 ], [ 20.807513971000049, 41.756077238000046 ], [ 20.815945377000048, 41.76701282700003 ], [ 20.794804785000053, 41.775691497000025 ], [ 20.782952431000069, 41.775616868000043 ], [ 20.764199161000022, 41.787913941000056 ], [ 20.744641362000038, 41.784858729000064 ], [ 20.719624149000026, 41.79009736900008 ], [ 20.702558669000041, 41.772624373000042 ], [ 20.691325272000029, 41.76922090000005 ], [ 20.682587150000074, 41.761513120000075 ], [ 20.668564176000075, 41.759053059000053 ], [ 20.635723944000063, 41.765898593000031 ], [ 20.623045990000037, 41.777839368000059 ], [ 20.593621943000073, 41.795815429000072 ], [ 20.573575500000061, 41.798247999000068 ], [ 20.566912924000064, 41.802703314000041 ], [ 20.564541367000061, 41.817013541000051 ], [ 20.55996379100003, 41.824336113000072 ], [ 20.562872, 41.846136499000067 ], [ 20.55930945700004, 41.86185258200004 ], [ 20.560354715000074, 41.868800336000049 ], [ 20.573455786000068, 41.874831805000042 ], [ 20.594286, 41.877327499000046 ], [ 20.611702187000049, 41.858944702000031 ], [ 20.621497309000063, 41.853466715000025 ], [ 20.638389611000036, 41.861462050000057 ], [ 20.647668081000063, 41.872407764000059 ], [ 20.654207790000044, 41.874769081000068 ], [ 20.672207799000034, 41.872349842000062 ], [ 20.67803856300003, 41.868358909000051 ], [ 20.683932629000026, 41.858467996000059 ], [ 20.706010599000024, 41.864466102000051 ], [ 20.727972500000078, 41.864276999000026 ], [ 20.745657898000047, 41.853198802000065 ], [ 20.770305897000071, 41.851689431000068 ], [ 20.811345020000033, 41.824229008000032 ], [ 20.823644369000078, 41.823409149000042 ], [ 20.846186891000059, 41.815934801000026 ], [ 20.851710019000052, 41.822331001000066 ], [ 20.896081949000063, 41.821338980000064 ], [ 20.931806477000066, 41.824024490000056 ], [ 20.939077890000078, 41.833905241000025 ], [ 20.932609961000026, 41.845852892000039 ], [ 20.932928166000067, 41.850165634000064 ], [ 20.947031500000037, 41.866688999000075 ], [ 20.958741230000044, 41.864473745000055 ], [ 20.96620783700007, 41.856586145000051 ], [ 20.98690515800007, 41.848304615000075 ], [ 21.02371873900006, 41.85050986300007 ], [ 21.028225625000061, 41.841439070000035 ], [ 21.025595513000042, 41.831841884000028 ], [ 21.054305460000023, 41.817009340000027 ], [ 21.088031500000056, 41.792196499000056 ], [ 21.067814483000063, 41.791154531000075 ], [ 21.047545211000056, 41.786327154000048 ], [ 21.023136499000032, 41.789661918000036 ], [ 21.016946327000028, 41.786601699000073 ], [ 21.011842927000032, 41.777843998000037 ], [ 21.018712771000025, 41.759765354000081 ], [ 21.027341996000075, 41.747938058000045 ], [ 21.029427783000074, 41.733943404000058 ], [ 21.037094264000075, 41.725542364000034 ], [ 21.039482658000054, 41.702966828000058 ], [ 21.053239528000063, 41.694891192000057 ], [ 21.055412197000066, 41.672093077000056 ], [ 21.052090500000077, 41.660563999000033 ] ] ] ] } },
{ "type": "Feature", "properties": { "GISCO_ID": "MK_MK00605", "CNTR_CODE": "MK", "LAU_ID": "MK00605", "LAU_NAME": "Желино", "cell_coverage": [ [ 0.2438, 0.3167, 0.0234, 0.1638, 0, 0 ], [ 0.271, 0.922, 0.9375, 0.976, 0.3196, 0 ], [ 0.0839, 0.8279, 1, 1, 0.4337, 0 ], [ 0, 0.2331, 0.9708, 1, 0.7893, 0.2972 ], [ 0, 0.0575, 0.2384, 0.4352, 0.3169, 0.6911 ], [ 0, 0, 0, 0, 0, 0.0115 ] ], "xmin": 21.0, "xmax": 21.25, "ymin": 41.791666666666657, "ymax": 42.041666666666657 }, "geometry": { "type": "MultiPolygon", "coordinates": [ [ [ [ 21.216754, 41.894167499000048 ], [ 21.23790555100004, 41.88504099000005 ], [ 21.242462708000062, 41.879343648000031 ], [ 21.241411295000034, 41.864106618000051 ], [ 21.236165794000044, 41.850405497000054 ], [ 21.237886, 41.830001999000046 ], [ 21.214999639000041, 41.836229866000053 ], [ 21.204739210000071, 41.852215523000041 ], [ 21.190648500000066, 41.847656499000038 ], [ 21.19032485200006, 41.865986882000072 ], [ 21.179655892000028, 41.873223344000053 ], [ 21.161498683000048, 41.869242753000037 ], [ 21.160460887000056, 41.85790554700003 ], [ 21.146601990000022, 41.852959031000069 ], [ 21.133886872000062, 41.853609184000049 ], [ 21.107950922000043, 41.867131193000034 ], [ 21.094001490000039, 41.865998475000026 ], [ 21.066884814000048, 41.870676478000064 ], [ 21.063003461000051, 41.877441952000027 ], [ 21.065828605000036, 41.888528089000033 ], [ 21.068747120000069, 41.893053511000062 ], [ 21.076300343000071, 41.89270164900006 ], [ 21.08932199000003, 41.898653657000068 ], [ 21.086854311000025, 41.90583334300004 ], [ 21.078127386000062, 41.917608180000059 ], [ 21.067698119000056, 41.910777861000042 ], [ 21.061082645000056, 41.915433739000036 ], [ 21.048368690000075, 41.91848522500004 ], [ 21.051547748000075, 41.922643126000025 ], [ 21.053403133000074, 41.944385888000056 ], [ 21.041896421000047, 41.945925113000044 ], [ 21.012939342000038, 41.960931135000067 ], [ 21.010912, 41.968887499000061 ], [ 21.017847347000043, 41.969274153000072 ], [ 21.028491728000063, 41.97909770800004 ], [ 21.035204456000031, 41.977791905000061 ], [ 21.040616776000036, 41.972031056000048 ], [ 21.048162175000073, 41.976600212000051 ], [ 21.047439397000062, 41.981337531000065 ], [ 21.051085598000043, 41.986281295000026 ], [ 21.047024954000051, 41.989397306000058 ], [ 21.047211670000024, 41.992920278000042 ], [ 21.035224877000076, 42.001187724000033 ], [ 21.016822734000073, 42.007105968000076 ], [ 21.016972696000039, 42.014956811000047 ], [ 21.029702, 42.023121999000068 ], [ 21.052717149000046, 42.016663454000025 ], [ 21.069838912000023, 42.018258275000051 ], [ 21.074597981000068, 42.014252255000031 ], [ 21.069132753000076, 42.004522570000063 ], [ 21.084893355000077, 41.997659493000072 ], [ 21.101377716000059, 41.994744713000046 ], [ 21.108152941000071, 41.994743116000052 ], [ 21.110638069000061, 41.999595287000034 ], [ 21.126202561000071, 42.006588228000055 ], [ 21.149873500000069, 42.012815499000055 ], [ 21.157668644000069, 41.999232204000066 ], [ 21.173372087000075, 41.985831037000025 ], [ 21.188230778000047, 41.978511862000062 ], [ 21.187965733000055, 41.95925829600003 ], [ 21.183616365000034, 41.94866550200004 ], [ 21.185322034000023, 41.934572464000041 ], [ 21.183339154000066, 41.930111348000025 ], [ 21.186378332000061, 41.921113037000055 ], [ 21.177953922000029, 41.913658154000075 ], [ 21.194337188000077, 41.902752433000046 ], [ 21.216754, 41.894167499000048 ] ] ] ] } },
{ "type": "Feature", "properties": { "GISCO_ID": "MK_MK00606", "CNTR_CODE": "MK", "LAU_ID": "MK00606", "LAU_NAME": "Јегуновце", "cell_coverage": [ [ 0, 0.291, 0.8349, 0.7758, 0.106, 0 ], [ 0, 0.1552, 0.882, 1, 0.7814, 0.0399 ], [ 0, 0, 0.1116, 0.8454, 0.5743, 0.055 ], [ 0, 0.007, 0.6068, 0.9899, 0.4036, 0 ], [ 0.1302, 0.6223, 0.9766, 0.6912, 0.0651, 0 ], [ 0, 0.0018, 0.0625, 0, 0, 0 ] ], "xmin": 21.0, "xmax": 21.25, "ymin": 41.958333333333321, "ymax": 42.208333333333321 }, "geometry": { "type": "MultiPolygon", "coordinates": [ [ [ [ 21.029702, 42.023121999000068 ], [ 21.027941500000054, 42.027637999000035 ], [ 21.029992427000025, 42.036662068000055 ], [ 21.036543829000038, 42.041249427000025 ], [ 21.047680983000078, 42.036901778000072 ], [ 21.057251489000066, 42.040336007000064 ], [ 21.072447168000053, 42.036822351000069 ], [ 21.076475715000072, 42.042535011000041 ], [ 21.088679797000054, 42.045572711000034 ], [ 21.092519671000048, 42.055600712000057 ], [ 21.097822348000022, 42.06226024700004 ], [ 21.102564803000064, 42.06378528700003 ], [ 21.111049024000067, 42.079678796000053 ], [ 21.121964965000075, 42.082184544000029 ], [ 21.132897764000063, 42.088645513000074 ], [ 21.136184215000071, 42.097296061000065 ], [ 21.117069120000053, 42.118095421000078 ], [ 21.108004399000038, 42.11553520700005 ], [ 21.097630310000056, 42.130938853000032 ], [ 21.069133007000062, 42.161095555000031 ], [ 21.061881267000047, 42.163081028000079 ], [ 21.052633423000032, 42.161374021000029 ], [ 21.049343500000077, 42.166252499000052 ], [ 21.061175442000035, 42.180691577000061 ], [ 21.091274308000038, 42.194654301000071 ], [ 21.103893243000073, 42.205553026000075 ], [ 21.117996936000054, 42.206393558000059 ], [ 21.125943963000054, 42.202298924000047 ], [ 21.160777867000036, 42.19702840900004 ], [ 21.167327853000074, 42.191299318000063 ], [ 21.180335317000072, 42.167724071000066 ], [ 21.214345020000053, 42.132270042000073 ], [ 21.216493688000071, 42.123786816000063 ], [ 21.212697500000047, 42.110700999000073 ], [ 21.191925563000041, 42.102401506000035 ], [ 21.157623872000045, 42.099223493000068 ], [ 21.161851306000074, 42.094087574000071 ], [ 21.159759720000068, 42.07937344700008 ], [ 21.174167167000064, 42.084606871000062 ], [ 21.179134073000057, 42.091259474000026 ], [ 21.184073334000061, 42.091575198000044 ], [ 21.189298786000052, 42.079497123000067 ], [ 21.194031434000067, 42.075233366000077 ], [ 21.194429356000057, 42.067144798000072 ], [ 21.167872255000077, 42.048613800000055 ], [ 21.176638233000062, 42.033071936000056 ], [ 21.164762567000025, 42.021580700000072 ], [ 21.149873500000069, 42.012815499000055 ], [ 21.126202561000071, 42.006588228000055 ], [ 21.110638069000061, 41.999595287000034 ], [ 21.108152941000071, 41.994743116000052 ], [ 21.101377716000059, 41.994744713000046 ], [ 21.084893355000077, 41.997659493000072 ], [ 21.069132753000076, 42.004522570000063 ], [ 21.074597981000068, 42.014252255000031 ], [ 21.069838912000023, 42.018258275000051 ], [ 21.052717149000046, 42.016663454000025 ], [ 21.029702, 42.023121999000068 ] ] ] ] } },
{ "type": "Feature", "properties": { "GISCO_ID": "MK_MK00607", "CNTR_CODE": "MK", "LAU_ID": "MK00607", "LAU_NAME": "Маврово и Ростуше", "cell_coverage": [ [ 0, 0.0357, 0.0364, 0, 0, 0, 0, 0, 0, 0 ], [ 0.1906, 0.9069, 0.8933, 0.3553, 0.391, 0.8721, 0.7729, 0.2561, 0, 0 ], [ 0.5668, 1, 1, 1, 1, 1, 0.9348, 0.8258, 0.4854, 0 ], [ 0.3797, 1, 1, 1, 1, 0.8409, 0.5715, 0.9605, 0.8658, 0.199 ], [ 0.376, 1, 1, 1, 1, 0.9994, 0.9358, 0.3434, 0, 0 ], [ 0.0006, 0.7848, 1, 1, 1, 1, 1, 0.7281, 0, 0 ], [ 0, 0.1835, 0.6748, 0.9098, 0.9924, 1, 1, 0.4322, 0, 0 ], [ 0, 0, 0, 0.0269, 0.5722, 0.8896, 0.9554, 0.13, 0, 0 ], [ 0, 0, 0, 0, 0, 0.0146, 0.0891, 0, 0, 0 ] ], "xmin": 20.5, "xmax": 20.916666666666668, "ymin": 41.458333333333321, "ymax": 41.833333333333321 }, "geometry": { "type": "MultiPolygon", "coordinates": [ [ [ [ 20.901994500000058, 41.675327499000048 ], [ 20.863993201000028, 41.669013842000027 ], [ 20.852500977000034, 41.67123889100003 ], [ 20.835348040000042, 41.669250389000069 ], [ 20.815597787000058, 41.649051353000061 ], [ 20.799277511000071, 41.650424853000061 ], [ 20.783140867000043, 41.635544363000065 ], [ 20.780230551000045, 41.630793306000044 ], [ 20.78226926800005, 41.628428275000033 ], [ 20.813125550000052, 41.624333526000044 ], [ 20.823928090000038, 41.598061074000043 ], [ 20.832492700000046, 41.59115330700007 ], [ 20.826115958000059, 41.58356430300006 ], [ 20.811376534000033, 41.582345595000049 ], [ 20.808664103000069, 41.549150738000037 ], [ 20.803945358000078, 41.537556980000033 ], [ 20.796820870000033, 41.52944500600006 ], [ 20.799011301000064, 41.517067793000081 ], [ 20.782572655000024, 41.502563976000033 ], [ 20.780448109000076, 41.492437475000031 ], [ 20.758944689000032, 41.494700410000064 ], [ 20.749968832000036, 41.506787741000039 ], [ 20.74532367300003, 41.508581333000052 ], [ 20.733265442000061, 41.504368249000038 ], [ 20.729024500000037, 41.49346299900003 ], [ 20.721902433000025, 41.502359382000066 ], [ 20.660366948000046, 41.528874829000074 ], [ 20.661532462000025, 41.534527318000073 ], [ 20.676074439000047, 41.540886489000059 ], [ 20.675999021000052, 41.543166033000034 ], [ 20.648562641000069, 41.542658139000025 ], [ 20.618963811000071, 41.554633744000057 ], [ 20.612067400000058, 41.551271492000069 ], [ 20.585778121000033, 41.560138162000044 ], [ 20.568220082000039, 41.569930231000058 ], [ 20.564809690000061, 41.578720958000076 ], [ 20.557774, 41.581870499000047 ], [ 20.554098074000024, 41.601865391000047 ], [ 20.54761441900007, 41.608246736000069 ], [ 20.543008824000026, 41.622569815000077 ], [ 20.526063013000055, 41.636421962000043 ], [ 20.52665877000004, 41.650541947000079 ], [ 20.517113893000044, 41.66119795600008 ], [ 20.528880580000077, 41.686847244000035 ], [ 20.52657313800006, 41.705051071000071 ], [ 20.516432687000076, 41.717400883000039 ], [ 20.514635392000059, 41.72902567400007 ], [ 20.518835304000049, 41.736087543000053 ], [ 20.51985750700004, 41.748660462000032 ], [ 20.534273980000023, 41.767412526000044 ], [ 20.533462523000026, 41.777088781000032 ], [ 20.545638613000051, 41.78076358800007 ], [ 20.548620538000023, 41.789476875000048 ], [ 20.56445741400006, 41.786251251000067 ], [ 20.571868645000052, 41.78764764500005 ], [ 20.573575500000061, 41.798247999000068 ], [ 20.593621943000073, 41.795815429000072 ], [ 20.623045990000037, 41.777839368000059 ], [ 20.635723944000063, 41.765898593000031 ], [ 20.668564176000075, 41.759053059000053 ], [ 20.682587150000074, 41.761513120000075 ], [ 20.691325272000029, 41.76922090000005 ], [ 20.702558669000041, 41.772624373000042 ], [ 20.719624149000026, 41.79009736900008 ], [ 20.744641362000038, 41.784858729000064 ], [ 20.764199161000022, 41.787913941000056 ], [ 20.782952431000069, 41.775616868000043 ], [ 20.794804785000053, 41.775691497000025 ], [ 20.815945377000048, 41.76701282700003 ], [ 20.807513971000049, 41.756077238000046 ], [ 20.813696499000059, 41.744566392000024 ], [ 20.812202411000044, 41.737918162000028 ], [ 20.81420160600004, 41.733846630000073 ], [ 20.831533714000045, 41.737970314000052 ], [ 20.836200574000031, 41.741743321000058 ], [ 20.844936879000045, 41.737820732000046 ], [ 20.864504199000066, 41.736586079000062 ], [ 20.867223889000059, 41.731962446000068 ], [ 20.859234511000068, 41.723673714000029 ], [ 20.856985102000067, 41.715901003000056 ], [ 20.869271411000057, 41.699567295000065 ], [ 20.879724969000051, 41.690889488000039 ], [ 20.892381967000063, 41.686750472000028 ], [ 20.894230363000077, 41.679642278000074 ], [ 20.901994500000058, 41.675327499000048 ] ], [ [ 20.744319246000032, 41.697492014000034 ], [ 20.736220772000024, 41.674580044000038 ], [ 20.73773759900007, 41.665351227000031 ], [ 20.754319004000024, 41.680974554000045 ], [ 20.769383817000062, 41.68381925500006 ], [ 20.775203834000024, 41.694101223000075 ], [ 20.795621072000074, 41.69849636500004 ], [ 20.80198761500003, 41.709531395000056 ], [ 20.788860549000049, 41.710250574000042 ], [ 20.778349738000031, 41.717195022000055 ], [ 20.758259838000072, 41.701855291000072 ], [ 20.744319246000032, 41.697492014000034 ] ] ] ] } },
{ "type": "Feature", "properties": { "GISCO_ID": "MK_MK00608", "CNTR_CODE": "MK", "LAU_ID": "MK00608", "LAU_NAME": "Теарце", "cell_coverage": [ [ 0.1659, 0.3755, 0.6821, 0.8402, 0.118, 0 ], [ 0.0962, 0.8703, 1, 1, 0.8884, 0.0974 ], [ 0, 0.0331, 0.8625, 0.993, 0.3932, 0 ], [ 0, 0, 0.1242, 0.061, 0, 0 ] ], "xmin": 20.916666666666664, "xmax": 21.166666666666664, "ymin": 41.999999999999993, "ymax": 42.166666666666657 }, "geometry": { "type": "MultiPolygon", "coordinates": [ [ [ [ 21.027941500000054, 42.027637999000035 ], [ 21.015316683000037, 42.033301962000053 ], [ 21.005878839000047, 42.044425267000065 ], [ 21.010188675000052, 42.051269775000037 ], [ 21.010710392000078, 42.059477165000033 ], [ 21.003488598000047, 42.067678329000046 ], [ 21.001084155000058, 42.076395246000061 ], [ 20.995330229000047, 42.080190124000069 ], [ 20.973742339000069, 42.083173162000037 ], [ 20.965781804000073, 42.094808020000073 ], [ 20.964668751000033, 42.105546166000067 ], [ 20.954467821000037, 42.11601870100003 ], [ 20.934909448000042, 42.121871658000032 ], [ 20.927939, 42.127326499000048 ], [ 20.944681525000078, 42.137495105000028 ], [ 20.968477451000069, 42.136674070000026 ], [ 21.009515217000057, 42.15018991200003 ], [ 21.024231555000028, 42.151886274000049 ], [ 21.043444642000054, 42.165475481000044 ], [ 21.049343500000077, 42.166252499000052 ], [ 21.052633423000032, 42.161374021000029 ], [ 21.061881267000047, 42.163081028000079 ], [ 21.069133007000062, 42.161095555000031 ], [ 21.097630310000056, 42.130938853000032 ], [ 21.108004399000038, 42.11553520700005 ], [ 21.117069120000053, 42.118095421000078 ], [ 21.136184215000071, 42.097296061000065 ], [ 21.132897764000063, 42.088645513000074 ], [ 21.121964965000075, 42.082184544000029 ], [ 21.111049024000067, 42.079678796000053 ], [ 21.102564803000064, 42.06378528700003 ], [ 21.097822348000022, 42.06226024700004 ], [ 21.092519671000048, 42.055600712000057 ], [ 21.088679797000054, 42.045572711000034 ], [ 21.076475715000072, 42.042535011000041 ], [ 21.072447168000053, 42.036822351000069 ], [ 21.057251489000066, 42.040336007000064 ], [ 21.047680983000078, 42.036901778000072 ], [ 21.036543829000038, 42.041249427000025 ], [ 21.029992427000025, 42.036662068000055 ], [ 21.027941500000054, 42.027637999000035 ] ] ] ] } },
{ "type": "Feature", "properties": { "GISCO_ID": "MK_MK00609", "CNTR_CODE": "MK", "LAU_ID": "MK00609", "LAU_NAME": "Тетово", "cell_coverage": [ [ 0, 0, 0, 0, 0, 0.0134, 0, 0, 0 ], [ 0, 0, 0.0146, 0.3222, 0.494, 0.9005, 0.1297, 0, 0 ], [ 0, 0.4323, 0.9871, 1, 1, 1, 0.9669, 0.1375, 0 ], [ 0.0021, 0.9363, 0.9772, 0.8571, 0.9975, 1, 1, 0.5018, 0 ], [ 0.0086, 0.6135, 0.1944, 0, 0.1569, 0.4601, 0.5678, 0.636, 0.0762 ] ], "xmin": 20.708333333333329, "xmax": 21.083333333333329, "ymin": 41.958333333333321, "ymax": 42.166666666666657 }, "geometry": { "type": "MultiPolygon", "coordinates": [ [ [ [ 20.767117, 41.962758999000073 ], [ 20.748243383000045, 41.986373506000064 ], [ 20.751498585000036, 42.014158620000046 ], [ 20.74888616100003, 42.025834487000054 ], [ 20.763349078000033, 42.041884267000057 ], [ 20.75946175100006, 42.053714434000028 ], [ 20.771435605000022, 42.059983344000045 ], [ 20.784571687000039, 42.071579074000056 ], [ 20.784864752000033, 42.078225554000028 ], [ 20.790252145000068, 42.082470478000062 ], [ 20.806988755000077, 42.08202658700003 ], [ 20.832672671000068, 42.08603901400005 ], [ 20.846018464000053, 42.098989559000074 ], [ 20.890353892000064, 42.097417869000026 ], [ 20.914547844000026, 42.115852049000068 ], [ 20.92024045900007, 42.127448360000074 ], [ 20.927939, 42.127326499000048 ], [ 20.934909448000042, 42.121871658000032 ], [ 20.954467821000037, 42.11601870100003 ], [ 20.964668751000033, 42.105546166000067 ], [ 20.965781804000073, 42.094808020000073 ], [ 20.973742339000069, 42.083173162000037 ], [ 20.995330229000047, 42.080190124000069 ], [ 21.001084155000058, 42.076395246000061 ], [ 21.003488598000047, 42.067678329000046 ], [ 21.010710392000078, 42.059477165000033 ], [ 21.010188675000052, 42.051269775000037 ], [ 21.005878839000047, 42.044425267000065 ], [ 21.015316683000037, 42.033301962000053 ], [ 21.027941500000054, 42.027637999000035 ], [ 21.029702, 42.023121999000068 ], [ 21.016972696000039, 42.014956811000047 ], [ 21.016822734000073, 42.007105968000076 ], [ 21.035224877000076, 42.001187724000033 ], [ 21.047211670000024, 41.992920278000042 ], [ 21.047024954000051, 41.989397306000058 ], [ 21.051085598000043, 41.986281295000026 ], [ 21.047439397000062, 41.981337531000065 ], [ 21.048162175000073, 41.976600212000051 ], [ 21.040616776000036, 41.972031056000048 ], [ 21.035204456000031, 41.977791905000061 ], [ 21.028491728000063, 41.97909770800004 ], [ 21.017847347000043, 41.969274153000072 ], [ 21.010912, 41.968887499000061 ], [ 20.978879196000037, 41.983076410000081 ], [ 20.968950960000029, 41.982968265000068 ], [ 20.969436317000032, 41.975622013000077 ], [ 20.963402, 41.962639999000032 ], [ 20.955189639000025, 41.965633903000025 ], [ 20.952096093000023, 41.973459164000076 ], [ 20.941211598000052, 41.976538371000061 ], [ 20.940421935000074, 41.980577154000059 ], [ 20.935699628000066, 41.981391985000073 ], [ 20.927130314000067, 41.991184915000076 ], [ 20.904496980000033, 41.988646720000077 ], [ 20.870240712000054, 42.00413812100004 ], [ 20.846112584000025, 42.008832676000054 ], [ 20.83688522500006, 42.004409690000045 ], [ 20.825802674000045, 42.004764001000069 ], [ 20.820659655000043, 41.992007583000031 ], [ 20.814572817000055, 41.987668717000076 ], [ 20.797474140000077, 41.990677696000034 ], [ 20.793506252000043, 41.984668814000031 ], [ 20.777629682000054, 41.978939550000064 ], [ 20.774479034000024, 41.965624708000064 ], [ 20.767117, 41.962758999000073 ] ] ] ] } },
{ "type": "Feature", "properties": { "GISCO_ID": "MK_MK00701", "CNTR_CODE": "MK", "LAU_ID": "MK00701", "LAU_NAME": "Кратово", "cell_coverage": [ [ 0, 0.0001, 0.3839, 0.0405, 0, 0, 0, 0, 0, 0, 0, 0 ], [ 0.0003, 0.0936, 0.9887, 0.8616, 0.4613, 0.0375, 0.0028, 0.2259, 0.2262, 0.2401, 0.016, 0 ], [ 0.1632, 0.9485, 1, 1, 1, 0.8657, 0.7898, 1, 1, 1, 0.7995, 0.0608 ], [ 0.2703, 0.8632, 1, 1, 1, 0.93, 0.8589, 0.977, 0.636, 0.3622, 0.5594, 0.0082 ], [ 0, 0.2311, 0.5316, 0.6093, 0.2147, 0.007, 0.0096, 0.0884, 0.1884, 0, 0, 0 ] ], "xmin": 21.916666666666664, "xmax": 22.416666666666664, "ymin": 41.999999999999986, "ymax": 42.208333333333321 }, "geometry": { "type": "MultiPolygon", "coordinates": [ [ [ [ 22.224676500000044, 42.136555999000052 ], [ 22.236806366000053, 42.132390790000045 ], [ 22.243244445000073, 42.13536663900004 ], [ 22.264760271000057, 42.132891757000039 ], [ 22.298413510000046, 42.137668247000079 ], [ 22.304134805000047, 42.145652537000046 ], [ 22.308259603000067, 42.139255356000035 ], [ 22.306923047000055, 42.133014005000064 ], [ 22.309041180000065, 42.131268677000037 ], [ 22.329815057000076, 42.132585077000044 ], [ 22.356455407000055, 42.117542421000053 ], [ 22.363319500000046, 42.114769999000032 ], [ 22.366193602000067, 42.106592817000035 ], [ 22.386963515000048, 42.087879094000073 ], [ 22.368842030000053, 42.073889171000076 ], [ 22.367231968000056, 42.066160857000057 ], [ 22.361523046000059, 42.059190013000034 ], [ 22.363021610000033, 42.047899170000051 ], [ 22.361001, 42.041982499000028 ], [ 22.35618591900004, 42.050385266000035 ], [ 22.348031283000068, 42.05436968500004 ], [ 22.341245701000048, 42.062343770000041 ], [ 22.321781065000039, 42.069449466000037 ], [ 22.304278234000037, 42.069615338000062 ], [ 22.297968743000069, 42.066289575000042 ], [ 22.268228241000031, 42.069305440000051 ], [ 22.264714027000025, 42.061081505000061 ], [ 22.269809176000024, 42.050284157000078 ], [ 22.269478906000074, 42.033525577000034 ], [ 22.262431897000056, 42.021291598000062 ], [ 22.25581561000007, 42.023453992000043 ], [ 22.249233271000037, 42.026394584000059 ], [ 22.244518799000048, 42.034817854000039 ], [ 22.23734016800006, 42.037139240000045 ], [ 22.229077611000037, 42.045868689000031 ], [ 22.222418190000042, 42.045291962000078 ], [ 22.217389290000028, 42.039309155000069 ], [ 22.209640383000078, 42.036258019000059 ], [ 22.202118773000052, 42.04093911800004 ], [ 22.197218699000075, 42.051244717000031 ], [ 22.188948197000059, 42.052488034000078 ], [ 22.177700524000045, 42.045717654000043 ], [ 22.167912447000049, 42.047491904000026 ], [ 22.158866974000034, 42.043380880000029 ], [ 22.156005489000052, 42.046441146000063 ], [ 22.14798210500004, 42.047394647000033 ], [ 22.124399268000047, 42.038384590000078 ], [ 22.108684130000029, 42.038254564000056 ], [ 22.096676363000029, 42.032044231000043 ], [ 22.078550241000073, 42.009333140000081 ], [ 22.041303353000046, 42.024394677000032 ], [ 22.03418350000004, 42.015945499000054 ], [ 22.017675414000053, 42.020816090000039 ], [ 22.007941, 42.019330499000034 ], [ 21.985701463000055, 42.025211209000076 ], [ 21.978552612000044, 42.031048766000026 ], [ 21.970967564000034, 42.041193884000052 ], [ 21.96788302300007, 42.059283867000033 ], [ 21.963163432000044, 42.065684293000061 ], [ 21.952693424000074, 42.06275241700007 ], [ 21.940321159000064, 42.063926324000079 ], [ 21.929609982000045, 42.074148412000056 ], [ 21.930698472000074, 42.078424247000044 ], [ 21.935261968000077, 42.078038225000057 ], [ 21.946887742000058, 42.091811497000037 ], [ 21.955891092000059, 42.091736096000034 ], [ 21.959172778000038, 42.094515685000033 ], [ 21.959325982000053, 42.099437042000034 ], [ 21.948595195000053, 42.105957756000066 ], [ 21.952003970000078, 42.117542421000053 ], [ 21.956440500000042, 42.125718499000072 ], [ 21.96788302300007, 42.119323645000065 ], [ 21.985552784000049, 42.124400287000071 ], [ 21.995893398000078, 42.13949146200008 ], [ 22.003470134000054, 42.167449544000078 ], [ 22.003985946000057, 42.179337500000031 ], [ 21.999442697000063, 42.186225152000077 ], [ 22.023767587000066, 42.184966972000041 ], [ 22.037895, 42.180753999000046 ], [ 22.054941079000059, 42.166347852000058 ], [ 22.06996192500003, 42.164387806000036 ], [ 22.067838276000032, 42.156097266000074 ], [ 22.073003809000056, 42.150245986000073 ], [ 22.081659634000061, 42.151310871000078 ], [ 22.087053294000043, 42.145947161000038 ], [ 22.096253618000048, 42.143948085000034 ], [ 22.116411288000052, 42.146934986000076 ], [ 22.123260401000039, 42.13394598900004 ], [ 22.140813812000033, 42.125162081000042 ], [ 22.157982196000034, 42.111055523000061 ], [ 22.202904149000062, 42.118599327000027 ], [ 22.207283423000035, 42.120951492000074 ], [ 22.207091996000031, 42.128368758000079 ], [ 22.211584677000076, 42.133473137000067 ], [ 22.224676500000044, 42.136555999000052 ] ] ] ] } },
{ "type": "Feature", "properties": { "GISCO_ID": "MK_MK00702", "CNTR_CODE": "MK", "LAU_ID": "MK00702", "LAU_NAME": "Крива Паланка", "cell_coverage": [ [ 0, 0.0579, 0.1786, 0.7523, 0.1572, 0, 0, 0, 0, 0 ], [ 0.4312, 0.8781, 1, 1, 0.9636, 0.5559, 0.1069, 0, 0, 0 ], [ 0.2033, 0.7173, 0.9609, 1, 1, 1, 0.8397, 0.1194, 0, 0 ], [ 0, 0, 0.7574, 1, 1, 1, 1, 0.8632, 0.0319, 0 ], [ 0, 0, 0.6312, 1, 1, 1, 1, 1, 0.8538, 0.0668 ], [ 0, 0, 0.3466, 0.7738, 0.7599, 0.984, 1, 0.9944, 0.6106, 0.1004 ], [ 0, 0, 0, 0, 0, 0.1224, 0.1825, 0.1095, 0, 0 ] ], "xmin": 22.125, "xmax": 22.541666666666668, "ymin": 42.083333333333321, "ymax": 42.375 }, "geometry": { "type": "MultiPolygon", "coordinates": [ [ [ [ 22.360206500000061, 42.311156999000048 ], [ 22.379680140000062, 42.307749667000053 ], [ 22.389491660000033, 42.295131686000047 ], [ 22.400827976000073, 42.289699082000027 ], [ 22.401819679000027, 42.281230470000025 ], [ 22.415395158000024, 42.267233473000033 ], [ 22.423621929000035, 42.263158453000074 ], [ 22.425469779000025, 42.256896039000026 ], [ 22.433359195000037, 42.257460296000033 ], [ 22.438167390000046, 42.253451356000028 ], [ 22.440459544000078, 42.247914822000041 ], [ 22.449001718000034, 42.242497563000029 ], [ 22.44958486400003, 42.235242672000027 ], [ 22.470536673000026, 42.202368340000078 ], [ 22.486029856000073, 42.201055505000056 ], [ 22.501277711000057, 42.195082633000027 ], [ 22.506093784000029, 42.16967238400008 ], [ 22.515037807000056, 42.158560726000076 ], [ 22.510412, 42.155158499000038 ], [ 22.503639539000062, 42.150110383000026 ], [ 22.492244648000053, 42.149818219000053 ], [ 22.484080689000052, 42.146351171000049 ], [ 22.470576342000072, 42.137528711000073 ], [ 22.463867866000044, 42.127964082000062 ], [ 22.451838, 42.12580299900003 ], [ 22.438404708000064, 42.119966322000039 ], [ 22.41287305000003, 42.11440047800005 ], [ 22.384663157000034, 42.120072213000071 ], [ 22.363319500000046, 42.114769999000032 ], [ 22.356455407000055, 42.117542421000053 ], [ 22.329815057000076, 42.132585077000044 ], [ 22.309041180000065, 42.131268677000037 ], [ 22.306923047000055, 42.133014005000064 ], [ 22.308259603000067, 42.139255356000035 ], [ 22.304134805000047, 42.145652537000046 ], [ 22.298413510000046, 42.137668247000079 ], [ 22.264760271000057, 42.132891757000039 ], [ 22.243244445000073, 42.13536663900004 ], [ 22.236806366000053, 42.132390790000045 ], [ 22.224676500000044, 42.136555999000052 ], [ 22.22683373600006, 42.143090480000069 ], [ 22.235705878000033, 42.151300749000029 ], [ 22.233354167000073, 42.167834685000059 ], [ 22.231510935000074, 42.171523142000069 ], [ 22.225440832000061, 42.173147996000068 ], [ 22.226938362000055, 42.187892561000069 ], [ 22.210819532000073, 42.209735144000035 ], [ 22.220018896000056, 42.221035834000077 ], [ 22.220900417000053, 42.229518060000032 ], [ 22.217849844000057, 42.238046687000065 ], [ 22.222055835000049, 42.249411439000028 ], [ 22.204785363000042, 42.263305478000063 ], [ 22.199729469000033, 42.255000449000079 ], [ 22.175896637000051, 42.266030998000076 ], [ 22.161544948000028, 42.267308297000056 ], [ 22.147097649000045, 42.287470257000052 ], [ 22.140481058000034, 42.289752201000056 ], [ 22.137292905000038, 42.302303897000058 ], [ 22.132615, 42.307213999000055 ], [ 22.145793303000062, 42.320630588000029 ], [ 22.167436417000033, 42.313313531000063 ], [ 22.180832036000027, 42.325530166000078 ], [ 22.183114649000061, 42.332749654000054 ], [ 22.197419241000034, 42.340216594000026 ], [ 22.206524197000078, 42.337079336000045 ], [ 22.229587214000048, 42.336231523000038 ], [ 22.241248620000079, 42.344654910000031 ], [ 22.237548224000022, 42.349424509000073 ], [ 22.250206624000043, 42.350678181000035 ], [ 22.253064383000037, 42.35979547800008 ], [ 22.260776431000068, 42.365947399000049 ], [ 22.272473818000037, 42.361837149000053 ], [ 22.291147056000057, 42.372748139000066 ], [ 22.297706, 42.37096899900007 ], [ 22.298334689000058, 42.36534073100006 ], [ 22.291674238000041, 42.353226537000069 ], [ 22.293399841000053, 42.348894185000063 ], [ 22.314420358000064, 42.333096694000062 ], [ 22.322691654000039, 42.333039149000058 ], [ 22.334407354000064, 42.321077896000077 ], [ 22.350412949000031, 42.317473534000044 ], [ 22.360206500000061, 42.311156999000048 ] ] ] ] } },
{ "type": "Feature", "properties": { "GISCO_ID": "MK_MK00703", "CNTR_CODE": "MK", "LAU_ID": "MK00703", "LAU_NAME": "Куманово", "cell_coverage": [ [ 0, 0, 0, 0.1977, 0.2467, 0, 0, 0, 0, 0, 0 ], [ 0, 0, 0.3152, 0.9739, 0.6653, 0.0064, 0, 0, 0, 0, 0 ], [ 0, 0, 0.5261, 1, 0.5315, 0, 0, 0, 0, 0, 0 ], [ 0, 0.3761, 0.9734, 1, 0.6601, 0.0598, 0.3732, 0.1185, 0.2649, 0, 0 ], [ 0.0664, 0.8505, 1, 1, 1, 0.9981, 1, 1, 0.8368, 0.0029, 0 ], [ 0.0216, 0.5767, 1, 1, 1, 1, 1, 1, 0.7297, 0.1368, 0 ], [ 0, 0, 0.4112, 1, 1, 1, 0.9678, 0.6542, 0.8564, 0.6636, 0.0194 ], [ 0, 0, 0.0041, 0.3234, 0.477, 0.7517, 0.2824, 0, 0.0973, 0.0017, 0 ] ], "xmin": 21.583333333333329, "xmax": 22.041666666666661, "ymin": 41.958333333333321, "ymax": 42.291666666666657 }, "geometry": { "type": "MultiPolygon", "coordinates": [ [ [ [ 21.63822, 42.058334999000067 ], [ 21.643474712000057, 42.063595443000054 ], [ 21.64301230500007, 42.072672973000067 ], [ 21.62771275700004, 42.079408209000064 ], [ 21.611245, 42.081422499000041 ], [ 21.612600840000027, 42.089791870000056 ], [ 21.627381309000043, 42.095919181000056 ], [ 21.630483894000065, 42.106571854000038 ], [ 21.639064924000024, 42.117950073000031 ], [ 21.647720310000068, 42.152747380000051 ], [ 21.656954880000058, 42.155246200000079 ], [ 21.669408922000059, 42.154089490000047 ], [ 21.671590046000063, 42.168327316000045 ], [ 21.67571668100004, 42.172544277000043 ], [ 21.673558995000064, 42.177085444000056 ], [ 21.699119291000045, 42.191278386000079 ], [ 21.692932227000028, 42.196870686000068 ], [ 21.69484366100005, 42.223515114000065 ], [ 21.687845793000065, 42.227273610000054 ], [ 21.675934500000039, 42.240684999000052 ], [ 21.685261765000064, 42.241459366000072 ], [ 21.699188574000061, 42.233004976000075 ], [ 21.713027784000076, 42.243086464000044 ], [ 21.714807076000056, 42.25179100500003 ], [ 21.729323023000063, 42.262415602000033 ], [ 21.749142281000047, 42.260859246000052 ], [ 21.757645442000069, 42.257477718000075 ], [ 21.764113128000076, 42.259629443000051 ], [ 21.769027791000042, 42.265226047000056 ], [ 21.777148, 42.26499749900006 ], [ 21.783445265000069, 42.260687670000038 ], [ 21.795490589000053, 42.243264682000074 ], [ 21.78349722400003, 42.24242662000006 ], [ 21.776311790000022, 42.235356305000039 ], [ 21.768641221000053, 42.23249166800008 ], [ 21.775952004000033, 42.215375206000033 ], [ 21.777247359000057, 42.200373651000064 ], [ 21.768218931000035, 42.187501251000072 ], [ 21.773219394000023, 42.157648405000032 ], [ 21.770359720000044, 42.153616155000066 ], [ 21.787888204000069, 42.126803168000038 ], [ 21.820804038000063, 42.124314671000036 ], [ 21.830039601000067, 42.136297199000069 ], [ 21.845235174000038, 42.142480127000056 ], [ 21.861167185000056, 42.144364920000044 ], [ 21.866879424000047, 42.137471015000074 ], [ 21.888094286000069, 42.12650442100005 ], [ 21.912326134000068, 42.132727574000057 ], [ 21.920506850000038, 42.129519800000025 ], [ 21.927057882000042, 42.131086585000048 ], [ 21.932612837000022, 42.14263602300008 ], [ 21.946735528000033, 42.140353230000073 ], [ 21.956076788000075, 42.132093040000029 ], [ 21.956440500000042, 42.125718499000072 ], [ 21.952003970000078, 42.117542421000053 ], [ 21.948595195000053, 42.105957756000066 ], [ 21.959325982000053, 42.099437042000034 ], [ 21.959172778000038, 42.094515685000033 ], [ 21.955891092000059, 42.091736096000034 ], [ 21.946887742000058, 42.091811497000037 ], [ 21.935261968000077, 42.078038225000057 ], [ 21.930698472000074, 42.078424247000044 ], [ 21.929609982000045, 42.074148412000056 ], [ 21.940321159000064, 42.063926324000079 ], [ 21.952693424000074, 42.06275241700007 ], [ 21.963163432000044, 42.065684293000061 ], [ 21.96788302300007, 42.059283867000033 ], [ 21.970967564000034, 42.041193884000052 ], [ 21.978552612000044, 42.031048766000026 ], [ 21.985701463000055, 42.025211209000076 ], [ 22.007941, 42.019330499000034 ], [ 21.990303747000041, 42.005176001000052 ], [ 21.96788302300007, 42.002605972000026 ], [ 21.945263252000075, 41.992626636000068 ], [ 21.937549601000057, 41.985865944000068 ], [ 21.931600588000038, 42.00763581700005 ], [ 21.926383963000035, 42.015582209000058 ], [ 21.918819979000034, 42.020718635000037 ], [ 21.911734897000031, 42.017043562000026 ], [ 21.902719275000038, 42.017733101000033 ], [ 21.89186767800004, 42.01208131900006 ], [ 21.874722278000036, 42.010589279000044 ], [ 21.869080305000068, 42.005818180000063 ], [ 21.866234784000028, 41.998680654000054 ], [ 21.857010771000034, 41.999526341000035 ], [ 21.850197563000052, 41.995336438000038 ], [ 21.853366104000031, 41.981664160000037 ], [ 21.834774167000035, 41.969376640000064 ], [ 21.829184873000031, 41.962175283000079 ], [ 21.821308500000043, 41.960566499000038 ], [ 21.800544933000026, 41.973094609000043 ], [ 21.795096241000067, 41.985105772000054 ], [ 21.741564931000028, 41.974117328000034 ], [ 21.737909105000028, 41.976388310000061 ], [ 21.73724033600007, 41.981021482000074 ], [ 21.717301906000046, 41.996611453000071 ], [ 21.694350500000041, 42.001024499000039 ], [ 21.69209956900005, 42.006843212000035 ], [ 21.700103646000059, 42.018045703000041 ], [ 21.699973572000033, 42.030922159000056 ], [ 21.669925990000024, 42.034499949000065 ], [ 21.664378695000039, 42.046726490000026 ], [ 21.650987873000076, 42.045426913000028 ], [ 21.63822, 42.058334999000067 ] ] ] ] } },
{ "type": "Feature", "properties": { "GISCO_ID": "MK_MK00704", "CNTR_CODE": "MK", "LAU_ID": "MK00704", "LAU_NAME": "Липково", "cell_coverage": [ [ 0.3129, 0.6261, 0.2114, 0.0835, 0.1587, 0.0156, 0 ], [ 0.1394, 0.4626, 0.8721, 1, 1, 0.9742, 0.4229 ], [ 0, 0.0024, 0.6312, 1, 1, 1, 0.4739 ], [ 0, 0.0767, 0.8982, 1, 1, 0.6239, 0.0266 ], [ 0, 0, 0.2384, 0.9625, 0.9336, 0.1495, 0 ], [ 0, 0, 0, 0.3195, 0.4353, 0, 0 ] ], "xmin": 21.416666666666664, "xmax": 21.708333333333332, "ymin": 42.041666666666657, "ymax": 42.291666666666657 }, "geometry": { "type": "MultiPolygon", "coordinates": [ [ [ [ 21.559101, 42.06717799900008 ], [ 21.546868498000038, 42.085144172000071 ], [ 21.545826818000023, 42.09557393800003 ], [ 21.530023563000043, 42.106015610000043 ], [ 21.52072550400004, 42.117542421000053 ], [ 21.518371500000057, 42.119480999000075 ], [ 21.517023, 42.122381999000027 ], [ 21.512243, 42.12616299900003 ], [ 21.504643480000027, 42.14429124600008 ], [ 21.489154, 42.156716999000025 ], [ 21.488353639000024, 42.162932277000039 ], [ 21.49573981900005, 42.163751320000074 ], [ 21.49980692500003, 42.169911526000078 ], [ 21.513272123000036, 42.17311584600003 ], [ 21.518534588000023, 42.193550094000045 ], [ 21.522474104000025, 42.197051811000051 ], [ 21.520392830000048, 42.203573572000039 ], [ 21.507888321000053, 42.21341753300004 ], [ 21.502333398000076, 42.222003573000052 ], [ 21.488813930000049, 42.223866949000069 ], [ 21.470014180000078, 42.237527260000036 ], [ 21.459117781000032, 42.238579433000041 ], [ 21.444318500000065, 42.234930499000029 ], [ 21.433111617000066, 42.25806448700007 ], [ 21.439828199000033, 42.262806947000058 ], [ 21.440926261000072, 42.273640681000074 ], [ 21.447094686000071, 42.278304878000029 ], [ 21.457181252000055, 42.276762371000075 ], [ 21.473787508000044, 42.279248289000066 ], [ 21.487585396000043, 42.273918045000073 ], [ 21.509644734000062, 42.270783097000049 ], [ 21.51892371200006, 42.261281335000035 ], [ 21.521397276000073, 42.243394978000026 ], [ 21.524862447000032, 42.241199875000063 ], [ 21.532161688000031, 42.24150766300005 ], [ 21.539024644000051, 42.250216161000026 ], [ 21.54527878500005, 42.253353966000077 ], [ 21.569470441000078, 42.251224140000033 ], [ 21.586946500000067, 42.26281749900005 ], [ 21.597755606000078, 42.256650095000055 ], [ 21.658206924000069, 42.24805101100003 ], [ 21.675934500000039, 42.240684999000052 ], [ 21.687845793000065, 42.227273610000054 ], [ 21.69484366100005, 42.223515114000065 ], [ 21.692932227000028, 42.196870686000068 ], [ 21.699119291000045, 42.191278386000079 ], [ 21.673558995000064, 42.177085444000056 ], [ 21.67571668100004, 42.172544277000043 ], [ 21.671590046000063, 42.168327316000045 ], [ 21.669408922000059, 42.154089490000047 ], [ 21.656954880000058, 42.155246200000079 ], [ 21.647720310000068, 42.152747380000051 ], [ 21.639064924000024, 42.117950073000031 ], [ 21.630483894000065, 42.106571854000038 ], [ 21.627381309000043, 42.095919181000056 ], [ 21.612600840000027, 42.089791870000056 ], [ 21.611245, 42.081422499000041 ], [ 21.60707792200003, 42.074021362000053 ], [ 21.610993607000069, 42.066458227000055 ], [ 21.609008777000042, 42.055877776000045 ], [ 21.604261446000066, 42.051749920000077 ], [ 21.590405911000062, 42.055287587000066 ], [ 21.567193261000057, 42.066658484000072 ], [ 21.559101, 42.06717799900008 ] ] ] ] } },
{ "type": "Feature", "properties": { "GISCO_ID": "MK_MK00705", "CNTR_CODE": "MK", "LAU_ID": "MK00705", "LAU_NAME": "Ранковце", "cell_coverage": [ [ 0, 0.0984, 0.3995, 0.1199, 0, 0 ], [ 0.0276, 0.7337, 1, 0.7967, 0.2827, 0.0391 ], [ 0, 0.83, 1, 1, 1, 0.2426 ], [ 0.0049, 0.7509, 1, 1, 1, 0.3688 ], [ 0, 0.1384, 0.5387, 0.9625, 0.9972, 0.4275 ], [ 0, 0, 0, 0.1343, 0.2102, 0 ] ], "xmin": 22.0, "xmax": 22.25, "ymin": 42.083333333333321, "ymax": 42.333333333333321 }, "geometry": { "type": "MultiPolygon", "coordinates": [ [ [ [ 22.224676500000044, 42.136555999000052 ], [ 22.211584677000076, 42.133473137000067 ], [ 22.207091996000031, 42.128368758000079 ], [ 22.207283423000035, 42.120951492000074 ], [ 22.202904149000062, 42.118599327000027 ], [ 22.157982196000034, 42.111055523000061 ], [ 22.140813812000033, 42.125162081000042 ], [ 22.123260401000039, 42.13394598900004 ], [ 22.116411288000052, 42.146934986000076 ], [ 22.096253618000048, 42.143948085000034 ], [ 22.087053294000043, 42.145947161000038 ], [ 22.081659634000061, 42.151310871000078 ], [ 22.073003809000056, 42.150245986000073 ], [ 22.067838276000032, 42.156097266000074 ], [ 22.06996192500003, 42.164387806000036 ], [ 22.054941079000059, 42.166347852000058 ], [ 22.037895, 42.180753999000046 ], [ 22.055780559000027, 42.187111665000032 ], [ 22.060252125000034, 42.19209919900004 ], [ 22.048889025000051, 42.218583382000077 ], [ 22.043715217000056, 42.223659591000057 ], [ 22.051178056000026, 42.240594908000048 ], [ 22.047454161000076, 42.254060176000053 ], [ 22.034432628000047, 42.264041053000028 ], [ 22.040563212000052, 42.270664792000048 ], [ 22.062520236000069, 42.276825070000029 ], [ 22.068834528000025, 42.28936916400005 ], [ 22.065601, 42.298496999000065 ], [ 22.07483157300004, 42.302529591000052 ], [ 22.101459439000052, 42.306280853000032 ], [ 22.118380443000035, 42.314135898000075 ], [ 22.132615, 42.307213999000055 ], [ 22.137292905000038, 42.302303897000058 ], [ 22.140481058000034, 42.289752201000056 ], [ 22.147097649000045, 42.287470257000052 ], [ 22.161544948000028, 42.267308297000056 ], [ 22.175896637000051, 42.266030998000076 ], [ 22.199729469000033, 42.255000449000079 ], [ 22.204785363000042, 42.263305478000063 ], [ 22.222055835000049, 42.249411439000028 ], [ 22.217849844000057, 42.238046687000065 ], [ 22.220900417000053, 42.229518060000032 ], [ 22.220018896000056, 42.221035834000077 ], [ 22.210819532000073, 42.209735144000035 ], [ 22.226938362000055, 42.187892561000069 ], [ 22.225440832000061, 42.173147996000068 ], [ 22.231510935000074, 42.171523142000069 ], [ 22.233354167000073, 42.167834685000059 ], [ 22.235705878000033, 42.151300749000029 ], [ 22.22683373600006, 42.143090480000069 ], [ 22.224676500000044, 42.136555999000052 ] ] ] ] } },
{ "type": "Feature", "properties": { "GISCO_ID": "MK_MK00706", "CNTR_CODE": "MK", "LAU_ID": "MK00706", "LAU_NAME": "Старо Нагоричане", "cell_coverage": [ [ 0, 0, 0, 0, 0.1151, 0.0101, 0, 0 ], [ 0, 0.1383, 0.6669, 0.3382, 0.7979, 0.8499, 0.3469, 0.1755 ], [ 0.19, 0.9995, 1, 1, 1, 1, 0.9724, 0.2663 ], [ 0.3347, 0.9936, 1, 1, 1, 1, 1, 0.17 ], [ 0.4685, 1, 1, 1, 1, 0.9999, 0.6112, 0.2086 ], [ 0.3399, 0.9402, 0.6268, 0.8815, 0.7347, 0.9064, 0.0113, 0 ], [ 0, 0.0019, 0, 0, 0.0001, 0.0486, 0, 0 ] ], "xmin": 21.75, "xmax": 22.083333333333332, "ymin": 42.083333333333321, "ymax": 42.375 }, "geometry": { "type": "MultiPolygon", "coordinates": [ [ [ [ 21.956440500000042, 42.125718499000072 ], [ 21.956076788000075, 42.132093040000029 ], [ 21.946735528000033, 42.140353230000073 ], [ 21.932612837000022, 42.14263602300008 ], [ 21.927057882000042, 42.131086585000048 ], [ 21.920506850000038, 42.129519800000025 ], [ 21.912326134000068, 42.132727574000057 ], [ 21.888094286000069, 42.12650442100005 ], [ 21.866879424000047, 42.137471015000074 ], [ 21.861167185000056, 42.144364920000044 ], [ 21.845235174000038, 42.142480127000056 ], [ 21.830039601000067, 42.136297199000069 ], [ 21.820804038000063, 42.124314671000036 ], [ 21.787888204000069, 42.126803168000038 ], [ 21.770359720000044, 42.153616155000066 ], [ 21.773219394000023, 42.157648405000032 ], [ 21.768218931000035, 42.187501251000072 ], [ 21.777247359000057, 42.200373651000064 ], [ 21.775952004000033, 42.215375206000033 ], [ 21.768641221000053, 42.23249166800008 ], [ 21.776311790000022, 42.235356305000039 ], [ 21.78349722400003, 42.24242662000006 ], [ 21.795490589000053, 42.243264682000074 ], [ 21.783445265000069, 42.260687670000038 ], [ 21.777148, 42.26499749900006 ], [ 21.779075557000056, 42.277186650000033 ], [ 21.78990820000007, 42.28609537400007 ], [ 21.795237835000023, 42.297346053000069 ], [ 21.806270766000068, 42.293270691000032 ], [ 21.814442518000078, 42.293757609000068 ], [ 21.822570066000026, 42.298493731000065 ], [ 21.831321500000058, 42.308778499000027 ], [ 21.83493383800004, 42.312024288000032 ], [ 21.835519957000031, 42.322022169000036 ], [ 21.850918705000026, 42.325440061000052 ], [ 21.865625488000035, 42.316688984000052 ], [ 21.870364152000036, 42.309320319000051 ], [ 21.884033298000077, 42.312430071000051 ], [ 21.893890329000044, 42.300792328000057 ], [ 21.922781340000029, 42.30678299300007 ], [ 21.928597050000064, 42.311957833000065 ], [ 21.934319, 42.340811999000039 ], [ 21.94684342100004, 42.343567370000073 ], [ 21.96788302300007, 42.332640704000028 ], [ 22.004788614000063, 42.315619982000044 ], [ 22.024081620000061, 42.300685015000056 ], [ 22.032935438000038, 42.298939181000037 ], [ 22.042098288000034, 42.305794468000045 ], [ 22.049443887000052, 42.307262862000073 ], [ 22.065601, 42.298496999000065 ], [ 22.068834528000025, 42.28936916400005 ], [ 22.062520236000069, 42.276825070000029 ], [ 22.040563212000052, 42.270664792000048 ], [ 22.034432628000047, 42.264041053000028 ], [ 22.047454161000076, 42.254060176000053 ], [ 22.051178056000026, 42.240594908000048 ], [ 22.043715217000056, 42.223659591000057 ], [ 22.048889025000051, 42.218583382000077 ], [ 22.060252125000034, 42.19209919900004 ], [ 22.055780559000027, 42.187111665000032 ], [ 22.037895, 42.180753999000046 ], [ 22.023767587000066, 42.184966972000041 ], [ 21.999442697000063, 42.186225152000077 ], [ 22.003985946000057, 42.179337500000031 ], [ 22.003470134000054, 42.167449544000078 ], [ 21.995893398000078, 42.13949146200008 ], [ 21.985552784000049, 42.124400287000071 ], [ 21.96788302300007, 42.119323645000065 ], [ 21.956440500000042, 42.125718499000072 ] ] ] ] } },
{ "type": "Feature", "properties": { "GISCO_ID": "MK_MK00802", "CNTR_CODE": "MK", "LAU_ID": "MK00802", "LAU_NAME": "Арачиново", "cell_coverage": [ [ 0.3427, 0.5266, 0.2334 ], [ 0.5419, 0.3051, 0 ] ], "xmin": 21.541666666666664, "xmax": 21.666666666666664, "ymin": 41.999999999999986, "ymax": 42.083333333333321 }, "geometry": { "type": "MultiPolygon", "coordinates": [ [ [ [ 21.63822, 42.058334999000067 ], [ 21.628785543000049, 42.052236204000053 ], [ 21.629900605000046, 42.043221189000064 ], [ 21.621974758000079, 42.046555362000049 ], [ 21.61125075700005, 42.038404187000026 ], [ 21.599986957000056, 42.019932931000028 ], [ 21.571362511000075, 42.01581892400003 ], [ 21.556494261000068, 42.002750926000033 ], [ 21.550495500000068, 42.007662499000048 ], [ 21.546956532000024, 42.016686653000079 ], [ 21.549742178000031, 42.025984636000032 ], [ 21.55803465300005, 42.029612612000051 ], [ 21.555544630000043, 42.050303174000078 ], [ 21.558709500000077, 42.05404887900005 ], [ 21.556644560000052, 42.060362283000075 ], [ 21.559101, 42.06717799900008 ], [ 21.567193261000057, 42.066658484000072 ], [ 21.590405911000062, 42.055287587000066 ], [ 21.604261446000066, 42.051749920000077 ], [ 21.609008777000042, 42.055877776000045 ], [ 21.610993607000069, 42.066458227000055 ], [ 21.60707792200003, 42.074021362000053 ], [ 21.611245, 42.081422499000041 ], [ 21.62771275700004, 42.079408209000064 ], [ 21.64301230500007, 42.072672973000067 ], [ 21.643474712000057, 42.063595443000054 ], [ 21.63822, 42.058334999000067 ] ] ] ] } },
{ "type": "Feature", "properties": { "GISCO_ID": "MK_MK00803", "CNTR_CODE": "MK", "LAU_ID": "MK00803", "LAU_NAME": "Бутел", "cell_coverage": [ [ 0, 0.0909, 0.6693, 0.1011 ], [ 0, 0.4074, 0.7743, 0.0538 ], [ 0.0656, 0.3648, 0.3482, 0 ], [ 0.1851, 0.3392, 0.0103, 0 ] ], "xmin": 21.375, "xmax": 21.541666666666668, "ymin": 41.999999999999993, "ymax": 42.166666666666657 }, "geometry": { "type": "MultiPolygon", "coordinates": [ [ [ [ 21.427971, 42.046652499000061 ], [ 21.437227172000064, 42.04451664000004 ], [ 21.450122369000042, 42.053555829000061 ], [ 21.44575530700007, 42.055595170000061 ], [ 21.442960111000048, 42.082943428000078 ], [ 21.43697879900003, 42.09565656500007 ], [ 21.444907702000023, 42.117542421000053 ], [ 21.445297413000048, 42.129717920000076 ], [ 21.461723059000064, 42.148279534000039 ], [ 21.466780518000064, 42.149095633000059 ], [ 21.473371863000068, 42.155678599000055 ], [ 21.489154, 42.156716999000025 ], [ 21.504643480000027, 42.14429124600008 ], [ 21.512243, 42.12616299900003 ], [ 21.509109, 42.120184499000061 ], [ 21.508271775000026, 42.117542421000053 ], [ 21.494615102000068, 42.109343385000045 ], [ 21.480386863000035, 42.09088246500005 ], [ 21.477927350000073, 42.07460440400007 ], [ 21.466634288000023, 42.046037118000072 ], [ 21.452194192000036, 42.026297956000064 ], [ 21.457040801000062, 42.018751449000035 ], [ 21.450439, 42.016891999000052 ], [ 21.447029534000023, 42.021221017000073 ], [ 21.430377500000077, 42.022544999000047 ], [ 21.402023445000054, 42.027308607000066 ], [ 21.392488064000077, 42.035911648000081 ], [ 21.388845500000059, 42.044469499000058 ], [ 21.393848500000047, 42.048867499000039 ], [ 21.412386751000042, 42.04408430400008 ], [ 21.420084747000033, 42.028385891000028 ], [ 21.431606056000078, 42.027718138000068 ], [ 21.433710275000067, 42.03230571000006 ], [ 21.427971, 42.046652499000061 ] ] ] ] } },
{ "type": "Feature", "properties": { "GISCO_ID": "MK_MK00804", "CNTR_CODE": "MK", "LAU_ID": "MK00804", "LAU_NAME": "Гази Баба", "cell_coverage": [ [ 0, 0, 0.0007, 0, 0 ], [ 0, 0.2257, 0.7078, 0.0375, 0 ], [ 0, 0.6518, 1, 0.3379, 0 ], [ 0.129, 0.9897, 1, 0.2388, 0 ], [ 0.0338, 0.2655, 0.6142, 0.4215, 0.0023 ], [ 0, 0, 0, 0.293, 0.0484 ] ], "xmin": 21.416666666666664, "xmax": 21.625, "ymin": 41.916666666666657, "ymax": 42.166666666666657 }, "geometry": { "type": "MultiPolygon", "coordinates": [ [ [ [ 21.550495500000068, 42.007662499000048 ], [ 21.546873057000028, 41.998709382000072 ], [ 21.537023423000051, 41.994781454000076 ], [ 21.535148445000061, 41.98846293400004 ], [ 21.544984140000054, 41.981697689000043 ], [ 21.572003703000064, 41.975676435000025 ], [ 21.571943658000066, 41.972405263000041 ], [ 21.579129782000052, 41.969772702000057 ], [ 21.584563418000073, 41.96320884000005 ], [ 21.583507044000044, 41.959298480000029 ], [ 21.587269008000078, 41.950425199000051 ], [ 21.584681365000051, 41.945416895000051 ], [ 21.58984, 41.936920499000053 ], [ 21.583800175000079, 41.931298512000069 ], [ 21.570454, 41.933113499000058 ], [ 21.567778412000052, 41.936624110000025 ], [ 21.571870101000059, 41.941595792000044 ], [ 21.561969500000032, 41.946944999000038 ], [ 21.560724841000024, 41.952192781000065 ], [ 21.550749950000068, 41.956894973000033 ], [ 21.548107807000065, 41.961830941000073 ], [ 21.537607126000069, 41.969055658000059 ], [ 21.526911881000046, 41.969197210000061 ], [ 21.521865032000051, 41.974895925000055 ], [ 21.51560995400007, 41.972773860000075 ], [ 21.51310649800007, 41.97841094000006 ], [ 21.502437155000052, 41.976853737000056 ], [ 21.481928509000056, 41.990271531000076 ], [ 21.465340730000037, 41.994139916000051 ], [ 21.456390191000025, 41.991240221000055 ], [ 21.449827, 41.994733499000063 ], [ 21.45106050000004, 41.999046999000029 ], [ 21.44690498600005, 42.010912795000024 ], [ 21.450439, 42.016891999000052 ], [ 21.457040801000062, 42.018751449000035 ], [ 21.452194192000036, 42.026297956000064 ], [ 21.466634288000023, 42.046037118000072 ], [ 21.477927350000073, 42.07460440400007 ], [ 21.480386863000035, 42.09088246500005 ], [ 21.494615102000068, 42.109343385000045 ], [ 21.508271775000026, 42.117542421000053 ], [ 21.509109, 42.120184499000061 ], [ 21.512243, 42.12616299900003 ], [ 21.517023, 42.122381999000027 ], [ 21.518371500000057, 42.119480999000075 ], [ 21.52072550400004, 42.117542421000053 ], [ 21.530023563000043, 42.106015610000043 ], [ 21.545826818000023, 42.09557393800003 ], [ 21.546868498000038, 42.085144172000071 ], [ 21.559101, 42.06717799900008 ], [ 21.556644560000052, 42.060362283000075 ], [ 21.558709500000077, 42.05404887900005 ], [ 21.555544630000043, 42.050303174000078 ], [ 21.55803465300005, 42.029612612000051 ], [ 21.549742178000031, 42.025984636000032 ], [ 21.546956532000024, 42.016686653000079 ], [ 21.550495500000068, 42.007662499000048 ] ] ] ] } },
{ "type": "Feature", "properties": { "GISCO_ID": "MK_MK00805", "CNTR_CODE": "MK", "LAU_ID": "MK00805", "LAU_NAME": "Ѓорче Петров", "cell_coverage": [ [ 0.0064, 0.3276, 0.546, 0.0165, 0 ], [ 0.0054, 0.5058, 0.9908, 0.667, 0 ], [ 0, 0, 0.2953, 0.8192, 0.0004 ], [ 0, 0, 0, 0.008, 0 ] ], "xmin": 21.208333333333329, "xmax": 21.416666666666661, "ymin": 41.958333333333321, "ymax": 42.125 }, "geometry": { "type": "MultiPolygon", "coordinates": [ [ [ [ 21.369166500000063, 42.045146499000055 ], [ 21.365081642000064, 42.025396283000077 ], [ 21.371313361000034, 42.014288176000036 ], [ 21.369884794000029, 42.006589335000058 ], [ 21.376056884000036, 42.001181296000027 ], [ 21.368437, 41.998027999000044 ], [ 21.363769495000042, 42.000612627000066 ], [ 21.353603780000071, 41.998830315000077 ], [ 21.33613820100004, 42.005636608000032 ], [ 21.322769172000051, 42.007016091000025 ], [ 21.323732260000043, 42.015187141000069 ], [ 21.313560786000039, 42.028236556000024 ], [ 21.315257940000038, 42.030727796000065 ], [ 21.320707532000029, 42.029044534000036 ], [ 21.322083461000034, 42.033059467000044 ], [ 21.313121053000032, 42.039848988000074 ], [ 21.305280341000071, 42.039644056000043 ], [ 21.292913824000038, 42.044734774000062 ], [ 21.272490604000041, 42.064404338000031 ], [ 21.250969906000023, 42.071745231000079 ], [ 21.247969266000041, 42.082177296000054 ], [ 21.248944, 42.090752499000075 ], [ 21.272462621000045, 42.096159851000039 ], [ 21.290445193000039, 42.105117446000065 ], [ 21.296513048000065, 42.111442182000076 ], [ 21.304403399000023, 42.105144676000066 ], [ 21.32123450000006, 42.107988999000042 ], [ 21.328128172000049, 42.103767025000025 ], [ 21.340317662000075, 42.080460125000059 ], [ 21.354805981000027, 42.077313255000035 ], [ 21.362764903000027, 42.070385188000046 ], [ 21.363212474000022, 42.059862527000064 ], [ 21.369166500000063, 42.045146499000055 ] ] ] ] } },
{ "type": "Feature", "properties": { "GISCO_ID": "MK_MK00806", "CNTR_CODE": "MK", "LAU_ID": "MK00806", "LAU_NAME": "Зелениково", "cell_coverage": [ [ 0, 0.0028, 0.4517, 0.8043, 0.3819 ], [ 0.0514, 0.3927, 1, 1, 0.5021 ], [ 0.62, 1, 1, 1, 0.2405 ], [ 0.2497, 0.7163, 0.8639, 0.7355, 0.0219 ], [ 0, 0, 0.0005, 0, 0 ] ], "xmin": 21.458333333333329, "xmax": 21.666666666666661, "ymin": 41.708333333333321, "ymax": 41.916666666666657 }, "geometry": { "type": "MultiPolygon", "coordinates": [ [ [ [ 21.638832, 41.834985499000027 ], [ 21.634056843000053, 41.831936499000051 ], [ 21.631960627000069, 41.819741811000029 ], [ 21.639580786000067, 41.79738689800007 ], [ 21.628175626000029, 41.787285424000061 ], [ 21.623159028000032, 41.774104258000079 ], [ 21.61391496300007, 41.767342585000051 ], [ 21.611530596000023, 41.760153778000074 ], [ 21.601420633000032, 41.758741946000043 ], [ 21.578629, 41.74931949900008 ], [ 21.567695635000064, 41.758697227000027 ], [ 21.528406898000071, 41.75450569800006 ], [ 21.52712131800007, 41.761509644000057 ], [ 21.522582119000049, 41.766064272000051 ], [ 21.503668100000027, 41.765370361000066 ], [ 21.493007, 41.76034099900005 ], [ 21.49173849500005, 41.772791616000063 ], [ 21.473938707000059, 41.788429939000025 ], [ 21.479405616000065, 41.799544146000073 ], [ 21.469326043000024, 41.811898456000051 ], [ 21.469416160000037, 41.824157064000076 ], [ 21.49127567000005, 41.83661750400006 ], [ 21.49700808700004, 41.846016406000047 ], [ 21.507758461000037, 41.836553886000047 ], [ 21.515992273000052, 41.837110815000074 ], [ 21.520150896000075, 41.840983065000046 ], [ 21.524003997000023, 41.853902688000062 ], [ 21.537076773000024, 41.864942008000071 ], [ 21.538828932000058, 41.874935949000076 ], [ 21.552488554000035, 41.892148578000047 ], [ 21.580333409000048, 41.900447714000052 ], [ 21.594323, 41.909837499000048 ], [ 21.605132679000064, 41.906930096000053 ], [ 21.612640691000024, 41.913510168000073 ], [ 21.620738997000046, 41.908140365000065 ], [ 21.642580606000024, 41.90204686900006 ], [ 21.648258516000055, 41.895488237000052 ], [ 21.646783785000025, 41.887213751000047 ], [ 21.65225575200003, 41.875035174000061 ], [ 21.645208448000062, 41.865575823000029 ], [ 21.650247749000073, 41.856267746000071 ], [ 21.638832, 41.834985499000027 ] ] ] ] } },
{ "type": "Feature", "properties": { "GISCO_ID": "MK_MK00807", "CNTR_CODE": "MK", "LAU_ID": "MK00807", "LAU_NAME": "Илинден", "cell_coverage": [ [ 0, 0, 0.0165, 0.1899, 3.7803e-08 ], [ 0, 0.2194, 0.6949, 1, 0.5857 ], [ 0.0312, 0.5554, 0.9977, 0.9606, 0.3712 ], [ 0, 0, 0.2745, 0.0702, 0.0903 ] ], "xmin": 21.5, "xmax": 21.708333333333332, "ymin": 41.916666666666657, "ymax": 42.083333333333321 }, "geometry": { "type": "MultiPolygon", "coordinates": [ [ [ [ 21.58984, 41.936920499000053 ], [ 21.584681365000051, 41.945416895000051 ], [ 21.587269008000078, 41.950425199000051 ], [ 21.583507044000044, 41.959298480000029 ], [ 21.584563418000073, 41.96320884000005 ], [ 21.579129782000052, 41.969772702000057 ], [ 21.571943658000066, 41.972405263000041 ], [ 21.572003703000064, 41.975676435000025 ], [ 21.544984140000054, 41.981697689000043 ], [ 21.535148445000061, 41.98846293400004 ], [ 21.537023423000051, 41.994781454000076 ], [ 21.546873057000028, 41.998709382000072 ], [ 21.550495500000068, 42.007662499000048 ], [ 21.556494261000068, 42.002750926000033 ], [ 21.571362511000075, 42.01581892400003 ], [ 21.599986957000056, 42.019932931000028 ], [ 21.61125075700005, 42.038404187000026 ], [ 21.621974758000079, 42.046555362000049 ], [ 21.629900605000046, 42.043221189000064 ], [ 21.628785543000049, 42.052236204000053 ], [ 21.63822, 42.058334999000067 ], [ 21.650987873000076, 42.045426913000028 ], [ 21.664378695000039, 42.046726490000026 ], [ 21.669925990000024, 42.034499949000065 ], [ 21.699973572000033, 42.030922159000056 ], [ 21.700103646000059, 42.018045703000041 ], [ 21.69209956900005, 42.006843212000035 ], [ 21.694350500000041, 42.001024499000039 ], [ 21.686114543000031, 41.999379262000048 ], [ 21.683562327000061, 41.98603951900003 ], [ 21.678556634000074, 41.980772408000064 ], [ 21.67759430600006, 41.969958319000057 ], [ 21.689975357000037, 41.956633546000035 ], [ 21.681921834000036, 41.950219336000032 ], [ 21.655611280000073, 41.951389561000042 ], [ 21.651380148000044, 41.957073007000076 ], [ 21.633531100000027, 41.964845853000043 ], [ 21.629596186000072, 41.961269064000078 ], [ 21.626791533000073, 41.949953752000056 ], [ 21.616832802000033, 41.952982405000057 ], [ 21.608184907000066, 41.948869855000055 ], [ 21.60557534700007, 41.944707349000055 ], [ 21.59684124000006, 41.94532792900003 ], [ 21.595562648000055, 41.93898312500005 ], [ 21.58984, 41.936920499000053 ] ] ] ] } },
{ "type": "Feature", "properties": { "GISCO_ID": "MK_MK00808", "CNTR_CODE": "MK", "LAU_ID": "MK00808", "LAU_NAME": "Карпош", "cell_coverage": [ [ 0.0104, 0.0203, 0 ], [ 0.1472, 0.8035, 0.1108 ], [ 0.2563, 0.7783, 0.132 ] ], "xmin": 21.333333333333329, "xmax": 21.458333333333329, "ymin": 41.958333333333321, "ymax": 42.083333333333321 }, "geometry": { "type": "MultiPolygon", "coordinates": [ [ [ [ 21.42642, 41.977982499000063 ], [ 21.439129255000068, 41.969295516000045 ], [ 21.435074500000042, 41.965872999000055 ], [ 21.375821133000045, 41.963835724000035 ], [ 21.363892, 41.963625499000045 ], [ 21.358592147000024, 41.982396146000042 ], [ 21.368437, 41.998027999000044 ], [ 21.376056884000036, 42.001181296000027 ], [ 21.369884794000029, 42.006589335000058 ], [ 21.371313361000034, 42.014288176000036 ], [ 21.365081642000064, 42.025396283000077 ], [ 21.369166500000063, 42.045146499000055 ], [ 21.375821133000045, 42.043745372000046 ], [ 21.388845500000059, 42.044469499000058 ], [ 21.392488064000077, 42.035911648000081 ], [ 21.402023445000054, 42.027308607000066 ], [ 21.430377500000077, 42.022544999000047 ], [ 21.429909271000042, 42.013514173000033 ], [ 21.426719500000047, 42.011774499000069 ], [ 21.423014318000071, 42.011770382000066 ], [ 21.422862344000066, 42.008223292000025 ], [ 21.415062139000042, 42.003182388000027 ], [ 21.406341257000065, 41.989821818000053 ], [ 21.413768287000039, 41.981573879000052 ], [ 21.42642, 41.977982499000063 ] ] ] ] } },
{ "type": "Feature", "properties": { "GISCO_ID": "MK_MK00809", "CNTR_CODE": "MK", "LAU_ID": "MK00809", "LAU_NAME": "Кисела Вода", "cell_coverage": [ [ 0.3611, 0.2044, 0, 0 ], [ 0.1138, 0.6551, 0.67, 0.0602 ], [ 0, 0.0101, 0.0144, 0 ] ], "xmin": 21.416666666666664, "xmax": 21.583333333333332, "ymin": 41.875, "ymax": 41.999999999999986 }, "geometry": { "type": "MultiPolygon", "coordinates": [ [ [ [ 21.435074500000042, 41.965872999000055 ], [ 21.439129255000068, 41.969295516000045 ], [ 21.42642, 41.977982499000063 ], [ 21.429178207000064, 41.986626994000062 ], [ 21.441828, 41.987324499000067 ], [ 21.446107504000054, 41.981780558000025 ], [ 21.504457256000023, 41.955383726000036 ], [ 21.532039255000029, 41.94654790800007 ], [ 21.544792694000023, 41.947968895000031 ], [ 21.552256008000029, 41.943926634000036 ], [ 21.552342, 41.94133449900005 ], [ 21.545615201000032, 41.934234624000055 ], [ 21.539690470000039, 41.935810563000075 ], [ 21.534536770000045, 41.933409094000069 ], [ 21.519342047000066, 41.91608623500008 ], [ 21.507528023000077, 41.914453997000066 ], [ 21.502901919000067, 41.916446302000054 ], [ 21.493999822000035, 41.91203379500007 ], [ 21.495928681000066, 41.927037772000062 ], [ 21.487976642000035, 41.92637409200006 ], [ 21.477290525000058, 41.935976501000027 ], [ 21.462681500000031, 41.935955499000045 ], [ 21.453061725000055, 41.940045600000076 ], [ 21.446585649000042, 41.950772156000028 ], [ 21.44756250000006, 41.954895753000073 ], [ 21.437613925000051, 41.958372518000033 ], [ 21.435074500000042, 41.965872999000055 ] ] ] ] } },
{ "type": "Feature", "properties": { "GISCO_ID": "MK_MK00810", "CNTR_CODE": "MK", "LAU_ID": "MK00810", "LAU_NAME": "Петровец", "cell_coverage": [ [ 0, 0, 0, 0.0031, 0, 0, 0 ], [ 0, 0, 0.0394, 0.6247, 0.6766, 0.523, 0.2184 ], [ 0.0972, 0.6737, 0.9298, 0.9097, 1, 0.9966, 0.4877 ], [ 0.0015, 0.1362, 0.6181, 1, 0.9849, 0.1808, 0 ], [ 0, 0, 0.4954, 0.9987, 0.7591, 0.0013, 0 ], [ 0, 0, 0.0423, 0.0798, 0.17, 0, 0 ] ], "xmin": 21.541666666666664, "xmax": 21.833333333333332, "ymin": 41.791666666666657, "ymax": 42.041666666666657 }, "geometry": { "type": "MultiPolygon", "coordinates": [ [ [ [ 21.58984, 41.936920499000053 ], [ 21.595562648000055, 41.93898312500005 ], [ 21.59684124000006, 41.94532792900003 ], [ 21.60557534700007, 41.944707349000055 ], [ 21.608184907000066, 41.948869855000055 ], [ 21.616832802000033, 41.952982405000057 ], [ 21.626791533000073, 41.949953752000056 ], [ 21.629596186000072, 41.961269064000078 ], [ 21.633531100000027, 41.964845853000043 ], [ 21.651380148000044, 41.957073007000076 ], [ 21.655611280000073, 41.951389561000042 ], [ 21.681921834000036, 41.950219336000032 ], [ 21.689975357000037, 41.956633546000035 ], [ 21.67759430600006, 41.969958319000057 ], [ 21.678556634000074, 41.980772408000064 ], [ 21.683562327000061, 41.98603951900003 ], [ 21.686114543000031, 41.999379262000048 ], [ 21.694350500000041, 42.001024499000039 ], [ 21.717301906000046, 41.996611453000071 ], [ 21.73724033600007, 41.981021482000074 ], [ 21.737909105000028, 41.976388310000061 ], [ 21.741564931000028, 41.974117328000034 ], [ 21.795096241000067, 41.985105772000054 ], [ 21.800544933000026, 41.973094609000043 ], [ 21.821308500000043, 41.960566499000038 ], [ 21.808817782000062, 41.931417581000062 ], [ 21.810224677000065, 41.920767027000068 ], [ 21.80588, 41.918516999000076 ], [ 21.788638883000033, 41.918042163000052 ], [ 21.765619534000052, 41.904904239000075 ], [ 21.752772324000034, 41.904467553000075 ], [ 21.747548675000075, 41.901018934000035 ], [ 21.751002376000031, 41.873199345000046 ], [ 21.735061891000043, 41.851252169000077 ], [ 21.735509638000053, 41.827587575000052 ], [ 21.731021521000059, 41.820483858000046 ], [ 21.715426631000071, 41.821716503000061 ], [ 21.698767059000033, 41.834575194000081 ], [ 21.680186694000042, 41.823866331000033 ], [ 21.674916063000069, 41.83277804800008 ], [ 21.649263760000053, 41.828752457000064 ], [ 21.638832, 41.834985499000027 ], [ 21.650247749000073, 41.856267746000071 ], [ 21.645208448000062, 41.865575823000029 ], [ 21.65225575200003, 41.875035174000061 ], [ 21.646783785000025, 41.887213751000047 ], [ 21.648258516000055, 41.895488237000052 ], [ 21.642580606000024, 41.90204686900006 ], [ 21.620738997000046, 41.908140365000065 ], [ 21.612640691000024, 41.913510168000073 ], [ 21.605132679000064, 41.906930096000053 ], [ 21.594323, 41.909837499000048 ], [ 21.591603765000059, 41.919183647000068 ], [ 21.584260288000053, 41.914483076000067 ], [ 21.571385430000078, 41.921584193000058 ], [ 21.570454, 41.933113499000058 ], [ 21.583800175000079, 41.931298512000069 ], [ 21.58984, 41.936920499000053 ] ] ] ] } },
{ "type": "Feature", "properties": { "GISCO_ID": "MK_MK00812", "CNTR_CODE": "MK", "LAU_ID": "MK00812", "LAU_NAME": "Сопиште", "cell_coverage": [ [ 0, 0, 0.0104, 0.1014, 0.1486, 0.0821, 0 ], [ 0, 0.0886, 0.7445, 1, 1, 0.838, 0.0041 ], [ 0.3991, 0.9864, 1, 0.5041, 0.1546, 0.2107, 0 ], [ 0.269, 1, 1, 0.703, 0.05, 0, 0 ], [ 0.045, 0.7746, 1, 0.406, 0, 0, 0 ], [ 0, 0.1064, 0.8948, 0.2481, 0, 0, 0 ], [ 0, 0, 0.0545, 0.056, 0, 0, 0 ] ], "xmin": 21.208333333333329, "xmax": 21.5, "ymin": 41.708333333333321, "ymax": 41.999999999999986 }, "geometry": { "type": "MultiPolygon", "coordinates": [ [ [ [ 21.363892, 41.963625499000045 ], [ 21.375821133000045, 41.963835724000035 ], [ 21.435074500000042, 41.965872999000055 ], [ 21.437613925000051, 41.958372518000033 ], [ 21.44756250000006, 41.954895753000073 ], [ 21.446585649000042, 41.950772156000028 ], [ 21.453061725000055, 41.940045600000076 ], [ 21.462681500000031, 41.935955499000045 ], [ 21.454518518000043, 41.933289426000044 ], [ 21.452085980000049, 41.914483225000026 ], [ 21.438717718000078, 41.902796152000064 ], [ 21.433036205000064, 41.905281081000055 ], [ 21.42414937500007, 41.903339521000078 ], [ 21.4149, 41.910977269000057 ], [ 21.406932719000054, 41.911159357000031 ], [ 21.400269454000068, 41.907028127000046 ], [ 21.375821133000045, 41.913674099000048 ], [ 21.352329854000061, 41.906592351000029 ], [ 21.344064099000036, 41.894371654000054 ], [ 21.349053825000055, 41.884683319000032 ], [ 21.359979043000067, 41.876933332000078 ], [ 21.367110426000067, 41.874425530000053 ], [ 21.375821133000045, 41.876008590000026 ], [ 21.380415303000063, 41.875791645000049 ], [ 21.384398617000045, 41.869433636000053 ], [ 21.38250137600005, 41.864516031000051 ], [ 21.375821133000045, 41.863913703000037 ], [ 21.361073574000045, 41.860644456000045 ], [ 21.34701878900006, 41.81402316100008 ], [ 21.353144168000028, 41.795982840000079 ], [ 21.346458662000032, 41.776998137000078 ], [ 21.339701497000078, 41.770064933000072 ], [ 21.34109330900003, 41.759675020000032 ], [ 21.33779557500003, 41.749870648000069 ], [ 21.342815, 41.731289999000069 ], [ 21.310778786000071, 41.754738849000034 ], [ 21.295788423000033, 41.759625622000044 ], [ 21.290325324000037, 41.772513182000068 ], [ 21.26112009600007, 41.806662083000049 ], [ 21.255724619000034, 41.820912707000048 ], [ 21.237886, 41.830001999000046 ], [ 21.236165794000044, 41.850405497000054 ], [ 21.241411295000034, 41.864106618000051 ], [ 21.242462708000062, 41.879343648000031 ], [ 21.23790555100004, 41.88504099000005 ], [ 21.216754, 41.894167499000048 ], [ 21.22446255400007, 41.901952091000055 ], [ 21.242872418000047, 41.91188518000007 ], [ 21.280710200000044, 41.920185102000062 ], [ 21.282669268000063, 41.927030930000058 ], [ 21.304463537000061, 41.937156899000058 ], [ 21.304398316000061, 41.947234971000057 ], [ 21.319112461000032, 41.95253905800007 ], [ 21.323941379000075, 41.959731956000041 ], [ 21.363892, 41.963625499000045 ] ] ] ] } },
{ "type": "Feature", "properties": { "GISCO_ID": "MK_MK00813", "CNTR_CODE": "MK", "LAU_ID": "MK00813", "LAU_NAME": "Студеничани", "cell_coverage": [ [ 0, 0, 0.0482, 0.3402, 0.1456, 0.4263, 0.0034 ], [ 0.4959, 0.8454, 0.7893, 0.9899, 0.9828, 0.5468, 0.0595 ], [ 0.297, 0.95, 1, 0.9486, 0.6073, 0, 0 ], [ 0.594, 1, 1, 0.38, 0, 0, 0 ], [ 0.7519, 1, 0.9755, 0.4884, 0, 0, 0 ], [ 0.2616, 0.7968, 0.4997, 0, 0, 0, 0 ], [ 0, 0.0097, 0, 0, 0, 0, 0 ] ], "xmin": 21.333333333333329, "xmax": 21.625, "ymin": 41.666666666666657, "ymax": 41.958333333333321 }, "geometry": { "type": "MultiPolygon", "coordinates": [ [ [ [ 21.462681500000031, 41.935955499000045 ], [ 21.477290525000058, 41.935976501000027 ], [ 21.487976642000035, 41.92637409200006 ], [ 21.495928681000066, 41.927037772000062 ], [ 21.493999822000035, 41.91203379500007 ], [ 21.502901919000067, 41.916446302000054 ], [ 21.507528023000077, 41.914453997000066 ], [ 21.519342047000066, 41.91608623500008 ], [ 21.534536770000045, 41.933409094000069 ], [ 21.539690470000039, 41.935810563000075 ], [ 21.545615201000032, 41.934234624000055 ], [ 21.552342, 41.94133449900005 ], [ 21.561969500000032, 41.946944999000038 ], [ 21.571870101000059, 41.941595792000044 ], [ 21.567778412000052, 41.936624110000025 ], [ 21.570454, 41.933113499000058 ], [ 21.571385430000078, 41.921584193000058 ], [ 21.584260288000053, 41.914483076000067 ], [ 21.591603765000059, 41.919183647000068 ], [ 21.594323, 41.909837499000048 ], [ 21.580333409000048, 41.900447714000052 ], [ 21.552488554000035, 41.892148578000047 ], [ 21.538828932000058, 41.874935949000076 ], [ 21.537076773000024, 41.864942008000071 ], [ 21.524003997000023, 41.853902688000062 ], [ 21.520150896000075, 41.840983065000046 ], [ 21.515992273000052, 41.837110815000074 ], [ 21.507758461000037, 41.836553886000047 ], [ 21.49700808700004, 41.846016406000047 ], [ 21.49127567000005, 41.83661750400006 ], [ 21.469416160000037, 41.824157064000076 ], [ 21.469326043000024, 41.811898456000051 ], [ 21.479405616000065, 41.799544146000073 ], [ 21.473938707000059, 41.788429939000025 ], [ 21.49173849500005, 41.772791616000063 ], [ 21.493007, 41.76034099900005 ], [ 21.470669537000049, 41.761880955000038 ], [ 21.453689901000075, 41.756539411000063 ], [ 21.442517486000042, 41.729299338000033 ], [ 21.43508827900007, 41.726917145000073 ], [ 21.42971749700007, 41.717535447000046 ], [ 21.405305342000077, 41.704895099000055 ], [ 21.393491, 41.717965999000057 ], [ 21.380728656000031, 41.725438198000063 ], [ 21.375821133000045, 41.736510428000031 ], [ 21.37381, 41.737450499000033 ], [ 21.369984, 41.739892499000064 ], [ 21.367397500000038, 41.740657499000065 ], [ 21.358422500000074, 41.738865999000041 ], [ 21.352772500000071, 41.736703999000042 ], [ 21.346388500000046, 41.732639999000071 ], [ 21.342815, 41.731289999000069 ], [ 21.33779557500003, 41.749870648000069 ], [ 21.34109330900003, 41.759675020000032 ], [ 21.339701497000078, 41.770064933000072 ], [ 21.346458662000032, 41.776998137000078 ], [ 21.353144168000028, 41.795982840000079 ], [ 21.34701878900006, 41.81402316100008 ], [ 21.361073574000045, 41.860644456000045 ], [ 21.375821133000045, 41.863913703000037 ], [ 21.38250137600005, 41.864516031000051 ], [ 21.384398617000045, 41.869433636000053 ], [ 21.380415303000063, 41.875791645000049 ], [ 21.375821133000045, 41.876008590000026 ], [ 21.367110426000067, 41.874425530000053 ], [ 21.359979043000067, 41.876933332000078 ], [ 21.349053825000055, 41.884683319000032 ], [ 21.344064099000036, 41.894371654000054 ], [ 21.352329854000061, 41.906592351000029 ], [ 21.375821133000045, 41.913674099000048 ], [ 21.400269454000068, 41.907028127000046 ], [ 21.406932719000054, 41.911159357000031 ], [ 21.4149, 41.910977269000057 ], [ 21.42414937500007, 41.903339521000078 ], [ 21.433036205000064, 41.905281081000055 ], [ 21.438717718000078, 41.902796152000064 ], [ 21.452085980000049, 41.914483225000026 ], [ 21.454518518000043, 41.933289426000044 ], [ 21.462681500000031, 41.935955499000045 ] ] ] ] } },
{ "type": "Feature", "properties": { "GISCO_ID": "MK_MK00814", "CNTR_CODE": "MK", "LAU_ID": "MK00814", "LAU_NAME": "Центар", "cell_coverage": [ [ 0.0053, 0.0947 ], [ 0.0732, 0.2759 ] ], "xmin": 21.375, "xmax": 21.458333333333332, "ymin": 41.958333333333321, "ymax": 42.041666666666657 }, "geometry": { "type": "MultiPolygon", "coordinates": [ [ [ [ 21.45106050000004, 41.999046999000029 ], [ 21.449827, 41.994733499000063 ], [ 21.441828, 41.987324499000067 ], [ 21.429178207000064, 41.986626994000062 ], [ 21.42642, 41.977982499000063 ], [ 21.413768287000039, 41.981573879000052 ], [ 21.406341257000065, 41.989821818000053 ], [ 21.415062139000042, 42.003182388000027 ], [ 21.422862344000066, 42.008223292000025 ], [ 21.423014318000071, 42.011770382000066 ], [ 21.426719500000047, 42.011774499000069 ], [ 21.43385805500003, 42.007751363000068 ], [ 21.436921744000074, 41.999356796000029 ], [ 21.45106050000004, 41.999046999000029 ] ] ] ] } },
{ "type": "Feature", "properties": { "GISCO_ID": "MK_MK00815", "CNTR_CODE": "MK", "LAU_ID": "MK00815", "LAU_NAME": "Чаир", "cell_coverage": [ [ 0.2127 ], [ 0.0065 ] ], "xmin": 21.416666666666664, "xmax": 21.458333333333332, "ymin": 41.958333333333321, "ymax": 42.041666666666657 }, "geometry": { "type": "MultiPolygon", "coordinates": [ [ [ [ 21.430377500000077, 42.022544999000047 ], [ 21.447029534000023, 42.021221017000073 ], [ 21.450439, 42.016891999000052 ], [ 21.44690498600005, 42.010912795000024 ], [ 21.45106050000004, 41.999046999000029 ], [ 21.436921744000074, 41.999356796000029 ], [ 21.43385805500003, 42.007751363000068 ], [ 21.426719500000047, 42.011774499000069 ], [ 21.429909271000042, 42.013514173000033 ], [ 21.430377500000077, 42.022544999000047 ] ] ] ] } },
{ "type": "Feature", "properties": { "GISCO_ID": "MK_MK00816", "CNTR_CODE": "MK", "LAU_ID": "MK00816", "LAU_NAME": "Чучер - Сандево", "cell_coverage": [ [ 0, 0.1888, 0.8778, 0.6883, 0.5374, 0.058 ], [ 0.0995, 0.973, 1, 1, 0.9976, 0.3688 ], [ 0.5165, 1, 1, 0.9091, 0.254, 0 ], [ 0.2018, 0.9835, 1, 0.5926, 0, 0 ], [ 0, 0.3226, 0.6666, 0.5402, 0, 0 ] ], "xmin": 21.291666666666664, "xmax": 21.541666666666664, "ymin": 42.04166666666665, "ymax": 42.25 }, "geometry": { "type": "MultiPolygon", "coordinates": [ [ [ [ 21.489154, 42.156716999000025 ], [ 21.473371863000068, 42.155678599000055 ], [ 21.466780518000064, 42.149095633000059 ], [ 21.461723059000064, 42.148279534000039 ], [ 21.445297413000048, 42.129717920000076 ], [ 21.444907702000023, 42.117542421000053 ], [ 21.43697879900003, 42.09565656500007 ], [ 21.442960111000048, 42.082943428000078 ], [ 21.44575530700007, 42.055595170000061 ], [ 21.450122369000042, 42.053555829000061 ], [ 21.437227172000064, 42.04451664000004 ], [ 21.427971, 42.046652499000061 ], [ 21.423608860000058, 42.051014846000044 ], [ 21.425263556000061, 42.057487799000057 ], [ 21.416756240000041, 42.060598501000072 ], [ 21.406872932000056, 42.069702889000041 ], [ 21.399887626000066, 42.062022207000041 ], [ 21.393431686000042, 42.06041932100004 ], [ 21.393848500000047, 42.048867499000039 ], [ 21.388845500000059, 42.044469499000058 ], [ 21.375821133000045, 42.043745372000046 ], [ 21.369166500000063, 42.045146499000055 ], [ 21.363212474000022, 42.059862527000064 ], [ 21.362764903000027, 42.070385188000046 ], [ 21.354805981000027, 42.077313255000035 ], [ 21.340317662000075, 42.080460125000059 ], [ 21.328128172000049, 42.103767025000025 ], [ 21.32123450000006, 42.107988999000042 ], [ 21.302842025000075, 42.140382442000032 ], [ 21.309650441000031, 42.144834623000065 ], [ 21.319881828000064, 42.160466832000054 ], [ 21.319500825000034, 42.173036883000066 ], [ 21.32704646600007, 42.177482963000045 ], [ 21.334006869000063, 42.188732638000033 ], [ 21.331768044000057, 42.199219259000074 ], [ 21.333995647000052, 42.204347777000066 ], [ 21.344914627000037, 42.205338881000046 ], [ 21.359239153000033, 42.220771303000049 ], [ 21.368794960000059, 42.222928139000032 ], [ 21.375821133000045, 42.236177810000072 ], [ 21.383990027000038, 42.24043428400006 ], [ 21.384511240000052, 42.245572925000033 ], [ 21.399612793000074, 42.248418451000077 ], [ 21.418532699000025, 42.24469947700004 ], [ 21.43372501500005, 42.232586705000074 ], [ 21.444318500000065, 42.234930499000029 ], [ 21.459117781000032, 42.238579433000041 ], [ 21.470014180000078, 42.237527260000036 ], [ 21.488813930000049, 42.223866949000069 ], [ 21.502333398000076, 42.222003573000052 ], [ 21.507888321000053, 42.21341753300004 ], [ 21.520392830000048, 42.203573572000039 ], [ 21.522474104000025, 42.197051811000051 ], [ 21.518534588000023, 42.193550094000045 ], [ 21.513272123000036, 42.17311584600003 ], [ 21.49980692500003, 42.169911526000078 ], [ 21.49573981900005, 42.163751320000074 ], [ 21.488353639000024, 42.162932277000039 ], [ 21.489154, 42.156716999000025 ] ] ] ] } },
{ "type": "Feature", "properties": { "GISCO_ID": "MK_MK00817", "CNTR_CODE": "MK", "LAU_ID": "MK00817", "LAU_NAME": "Шуто Оризари", "cell_coverage": [ [ 0.2475, 0.095 ], [ 0.0056, 0.1137 ] ], "xmin": 21.375, "xmax": 21.458333333333332, "ymin": 41.999999999999986, "ymax": 42.083333333333321 }, "geometry": { "type": "MultiPolygon", "coordinates": [ [ [ [ 21.393848500000047, 42.048867499000039 ], [ 21.393431686000042, 42.06041932100004 ], [ 21.399887626000066, 42.062022207000041 ], [ 21.406872932000056, 42.069702889000041 ], [ 21.416756240000041, 42.060598501000072 ], [ 21.425263556000061, 42.057487799000057 ], [ 21.423608860000058, 42.051014846000044 ], [ 21.427971, 42.046652499000061 ], [ 21.433710275000067, 42.03230571000006 ], [ 21.431606056000078, 42.027718138000068 ], [ 21.420084747000033, 42.028385891000028 ], [ 21.412386751000042, 42.04408430400008 ], [ 21.393848500000047, 42.048867499000039 ] ] ] ] } },
{ "type": "Feature", "properties": { "GISCO_ID": "MK_MK00202", "CNTR_CODE": "MK", "LAU_ID": "MK00202", "LAU_NAME": "Виница", "cell_coverage": [ [ 0, 0.0761, 0.0197, 0.0656, 0.6334, 0.1473, 0, 0 ], [ 0, 0.6941, 0.7605, 0.9799, 1, 0.6037, 0.2138, 0 ], [ 0.0255, 0.9086, 1, 1, 1, 1, 0.9998, 0.4061 ], [ 0, 0.6738, 1, 1, 1, 1, 0.9619, 0.1202 ], [ 0, 0.654, 1, 1, 1, 1, 0.7754, 0 ], [ 0, 0.2683, 0.6193, 0.5483, 0.8676, 1, 0.6183, 0 ], [ 0, 0, 0, 0, 0.0107, 0.2311, 0.0651, 0 ] ], "xmin": 22.416666666666664, "xmax": 22.75, "ymin": 41.708333333333321, "ymax": 41.999999999999986 }, "geometry": { "type": "MultiPolygon", "coordinates": [ [ [ [ 22.637195, 41.727842999000075 ], [ 22.625272013000028, 41.749283862000027 ], [ 22.611130759000048, 41.748320475000071 ], [ 22.594685577000064, 41.761332156000037 ], [ 22.565079939000043, 41.770526547000031 ], [ 22.546258675000047, 41.769355484000073 ], [ 22.528161703000023, 41.76443094900003 ], [ 22.500508316000037, 41.766854928000043 ], [ 22.488208971000063, 41.777208089000055 ], [ 22.471844741000041, 41.781858106000072 ], [ 22.465575500000057, 41.787293999000042 ], [ 22.469821, 41.793763499000079 ], [ 22.474638005000031, 41.799922978000041 ], [ 22.47388679900007, 41.80938532700003 ], [ 22.469283818000065, 41.818212152000058 ], [ 22.473356839000076, 41.823237668000047 ], [ 22.476056838000034, 41.84094792500008 ], [ 22.46651298300003, 41.857621276000032 ], [ 22.474315897000054, 41.866267038000046 ], [ 22.471260538000024, 41.872517803000051 ], [ 22.452707500000031, 41.880659999000045 ], [ 22.455525435000027, 41.888974099000052 ], [ 22.465010498000026, 41.894562664000034 ], [ 22.463351339000042, 41.898149709000052 ], [ 22.466470552000033, 41.904076244000066 ], [ 22.462328856000056, 41.912223985000026 ], [ 22.46838017400006, 41.921001463000039 ], [ 22.467389212000057, 41.929827310000064 ], [ 22.47346133800005, 41.942581593000057 ], [ 22.475204098000063, 41.95670582200006 ], [ 22.490808941000068, 41.96710438100007 ], [ 22.498734703000025, 41.966029063000065 ], [ 22.509806247000029, 41.95847019100006 ], [ 22.514205520000075, 41.943339147000074 ], [ 22.524067802000047, 41.94045120800007 ], [ 22.53846298600007, 41.946643741000059 ], [ 22.538877998000032, 41.956301683000049 ], [ 22.546258675000047, 41.956962211000075 ], [ 22.549679500000025, 41.958692499000051 ], [ 22.553927400000077, 41.961066284000026 ], [ 22.557943027000078, 41.955658553000035 ], [ 22.572050445000059, 41.957728501000076 ], [ 22.577036933000045, 41.96862434600007 ], [ 22.585535119000042, 41.975233418000073 ], [ 22.586749507000036, 41.981220526000072 ], [ 22.596231590000059, 41.982361068000046 ], [ 22.596111811000071, 41.988553979000073 ], [ 22.606058116000042, 41.98543481400003 ], [ 22.618213500000024, 41.988835499000061 ], [ 22.643071987000042, 41.965953910000053 ], [ 22.642367626000066, 41.963255979000053 ], [ 22.633572721000064, 41.959669852000047 ], [ 22.631529613000055, 41.955065230000059 ], [ 22.650554781000039, 41.934538719000045 ], [ 22.66154461800005, 41.929963225000051 ], [ 22.689845716000036, 41.927782230000048 ], [ 22.706480351000039, 41.91670358600004 ], [ 22.72146007300006, 41.913060788000053 ], [ 22.733750644000054, 41.905756491000034 ], [ 22.724652825000078, 41.892424961000074 ], [ 22.723862957000051, 41.87950883600007 ], [ 22.71718385500003, 41.873082517000057 ], [ 22.717599367000048, 41.864672079000059 ], [ 22.711305775000028, 41.846627234000039 ], [ 22.701417379000077, 41.839361524000026 ], [ 22.696868557000073, 41.827253552000059 ], [ 22.696709, 41.817452499000069 ], [ 22.698462047000078, 41.807153033000077 ], [ 22.702657955000063, 41.801769789000048 ], [ 22.702042539000047, 41.793006278000064 ], [ 22.693699492000064, 41.780031985000051 ], [ 22.695412378000071, 41.76539904100008 ], [ 22.682287488000043, 41.754469832000041 ], [ 22.674332195000034, 41.738357892000067 ], [ 22.669555464000041, 41.738045405000037 ], [ 22.666665699000077, 41.74593260100005 ], [ 22.64878643000003, 41.741797138000038 ], [ 22.640867585000024, 41.735880077000047 ], [ 22.637195, 41.727842999000075 ] ] ] ] } },
{ "type": "Feature", "properties": { "GISCO_ID": "MK_MK00303", "CNTR_CODE": "MK", "LAU_ID": "MK00303", "LAU_NAME": "Дебар", "cell_coverage": [ [ 0.002, 0.3975, 0.6057, 0.7811, 0.3252, 0.0902, 0.0076, 0 ], [ 0.0201, 0.8377, 0.8195, 0.5133, 0.5313, 0.9731, 0.4278, 0.0426 ], [ 0, 0.1115, 0.3212, 0, 0.0215, 0.5482, 0.8106, 0.1079 ], [ 0, 0, 0.3307, 0.291, 0, 0.0418, 0.3032, 0 ], [ 0, 0, 0, 0.0553, 0, 0, 0, 0 ] ], "xmin": 20.416666666666664, "xmax": 20.75, "ymin": 41.375, "ymax": 41.583333333333321 }, "geometry": { "type": "MultiPolygon", "coordinates": [ [ [ [ 20.557774, 41.581870499000047 ], [ 20.564809690000061, 41.578720958000076 ], [ 20.568220082000039, 41.569930231000058 ], [ 20.585778121000033, 41.560138162000044 ], [ 20.612067400000058, 41.551271492000069 ], [ 20.618963811000071, 41.554633744000057 ], [ 20.648562641000069, 41.542658139000025 ], [ 20.675999021000052, 41.543166033000034 ], [ 20.676074439000047, 41.540886489000059 ], [ 20.661532462000025, 41.534527318000073 ], [ 20.660366948000046, 41.528874829000074 ], [ 20.721902433000025, 41.502359382000066 ], [ 20.729024500000037, 41.49346299900003 ], [ 20.704239410000071, 41.485455588000036 ], [ 20.699966114000063, 41.481625205000057 ], [ 20.694358951000027, 41.47184995300006 ], [ 20.693670292000036, 41.456609747000073 ], [ 20.688390888000072, 41.44577342000008 ], [ 20.688945, 41.437482499000055 ], [ 20.68491350000005, 41.432197999000039 ], [ 20.682322500000055, 41.431110499000056 ], [ 20.674055639000073, 41.435907684000028 ], [ 20.661374739000053, 41.453058942000041 ], [ 20.652986934000069, 41.457512381000072 ], [ 20.647865681000042, 41.469480967000038 ], [ 20.648503965000032, 41.489996871000073 ], [ 20.63545266400007, 41.492413222000039 ], [ 20.629004810000026, 41.490053228000079 ], [ 20.620981332000042, 41.493381358000079 ], [ 20.61296515600003, 41.517071967000049 ], [ 20.603058229000055, 41.530575831000078 ], [ 20.590824459000032, 41.524932684000078 ], [ 20.572780626000053, 41.52630307000004 ], [ 20.563599925000062, 41.530344656000068 ], [ 20.559970762000034, 41.526569085000062 ], [ 20.564007115000038, 41.52008449300007 ], [ 20.560749500000043, 41.516812499000025 ], [ 20.551227191000066, 41.511224205000076 ], [ 20.531087537000076, 41.51191755800005 ], [ 20.518393615000036, 41.508638861000065 ], [ 20.507262108000077, 41.501770258000079 ], [ 20.504734382000038, 41.497083134000036 ], [ 20.512113628000066, 41.487300323000056 ], [ 20.516128867000077, 41.470450672000027 ], [ 20.524147059000029, 41.467838368000059 ], [ 20.525462460000028, 41.46108733300008 ], [ 20.533164041000077, 41.449816736000059 ], [ 20.552287836000062, 41.444678377000059 ], [ 20.574118, 41.411951999000053 ], [ 20.57228850000007, 41.411409499000058 ], [ 20.56203, 41.409155499000065 ], [ 20.560363, 41.408458499000062 ], [ 20.556335670000067, 41.417076246000079 ], [ 20.539579263000064, 41.426909195000064 ], [ 20.538563689000057, 41.435740674000044 ], [ 20.511346122000077, 41.44012735900003 ], [ 20.508307854000066, 41.444684038000048 ], [ 20.511438007000038, 41.450695575000054 ], [ 20.502840629000048, 41.466021219000027 ], [ 20.502486794000049, 41.476265338000076 ], [ 20.494993825000051, 41.490400310000041 ], [ 20.479357661000051, 41.497379856000066 ], [ 20.470454594000046, 41.496938490000048 ], [ 20.469686103000072, 41.50015142500007 ], [ 20.476118364000058, 41.507123964000073 ], [ 20.465130468000041, 41.508451540000067 ], [ 20.455009102000076, 41.51415055800004 ], [ 20.455373292000047, 41.523109200000079 ], [ 20.462145905000057, 41.528728957000055 ], [ 20.469121414000028, 41.529474236000055 ], [ 20.472203218000061, 41.53365649400007 ], [ 20.456284500000038, 41.554023999000037 ], [ 20.467488936000052, 41.558102658000053 ], [ 20.518991444000051, 41.563711485000056 ], [ 20.52931370500005, 41.569930231000058 ], [ 20.542139881000026, 41.577279839000028 ], [ 20.557774, 41.581870499000047 ] ] ] ] } },
{ "type": "Feature", "properties": { "GISCO_ID": "MK_MK00403", "CNTR_CODE": "MK", "LAU_ID": "MK00403", "LAU_NAME": "Валандово", "cell_coverage": [ [ 0, 0, 0.0002, 0, 0, 0, 0, 0, 0, 0, 0 ], [ 0.5841, 0.8819, 0.9523, 0.581, 0.0971, 0, 0, 0, 0, 0, 0 ], [ 0.631, 0.9632, 1, 1, 0.7479, 0, 0, 0, 0, 0, 0 ], [ 0, 0.0488, 0.7606, 1, 0.9162, 0.2344, 0.0387, 0, 0.1552, 0.3565, 0.0665 ], [ 0, 0, 0.022, 0.5513, 1, 1, 0.841, 0.6047, 0.6141, 0.8737, 0.2773 ], [ 0, 0, 0, 0.3299, 0.9685, 0.9477, 0.6074, 0.2664, 0, 0, 0 ], [ 0, 0, 0, 0.0343, 0.4397, 0.007, 0, 0, 0, 0, 0 ] ], "xmin": 22.333333333333329, "xmax": 22.791666666666661, "ymin": 41.208333333333321, "ymax": 41.5 }, "geometry": { "type": "MultiPolygon", "coordinates": [ [ [ [ 22.779613500000039, 41.32705899900003 ], [ 22.768747353000037, 41.325303707000046 ], [ 22.764153680000049, 41.321742735000043 ], [ 22.757237, 41.302990999000031 ], [ 22.742307350000033, 41.295035921000078 ], [ 22.716228798000031, 41.297546297000054 ], [ 22.702287698000077, 41.30227837800004 ], [ 22.680002539000043, 41.300789578000035 ], [ 22.674870579000071, 41.306891212000039 ], [ 22.666111203000071, 41.309961396000062 ], [ 22.661818102000041, 41.301216539000052 ], [ 22.651756942000077, 41.297191954000027 ], [ 22.656788966000079, 41.292064077000077 ], [ 22.656997294000064, 41.280581049000034 ], [ 22.629561100000046, 41.274641681000048 ], [ 22.606876449000026, 41.273829679000073 ], [ 22.591434467000056, 41.254327366000041 ], [ 22.574342500000057, 41.249840999000071 ], [ 22.566518087000077, 41.248135051000077 ], [ 22.546258675000047, 41.256432996000058 ], [ 22.538492002000055, 41.25760301300005 ], [ 22.532756934000076, 41.252910732000032 ], [ 22.530918760000077, 41.246035526000071 ], [ 22.537617340000054, 41.23842908000006 ], [ 22.528172961000053, 41.234369487000038 ], [ 22.511480732000052, 41.220502049000061 ], [ 22.513228500000025, 41.216894499000034 ], [ 22.50455523200003, 41.221320117000062 ], [ 22.500023484000053, 41.236920774000055 ], [ 22.491443065000055, 41.249155262000045 ], [ 22.484039295000059, 41.274560446000066 ], [ 22.485834492000038, 41.28470511900008 ], [ 22.477110324000023, 41.297026957000071 ], [ 22.484916338000062, 41.30499935000006 ], [ 22.479743945000052, 41.319617322000056 ], [ 22.463459323000052, 41.329963511000074 ], [ 22.450280423000038, 41.329218395000055 ], [ 22.442475118000061, 41.338801433000071 ], [ 22.426937733000045, 41.349739387000056 ], [ 22.411096463000035, 41.369243606000055 ], [ 22.397888539000064, 41.375755711000068 ], [ 22.379761130000077, 41.377760368000054 ], [ 22.37333145100007, 41.388142067000047 ], [ 22.36894, 41.385325499000032 ], [ 22.363137290000054, 41.38370771600006 ], [ 22.354432219000046, 41.389409546000024 ], [ 22.342940336000026, 41.389348624000036 ], [ 22.337539750000076, 41.393209909000063 ], [ 22.338395987000069, 41.402081198000076 ], [ 22.334389821000059, 41.415493102000028 ], [ 22.344128500000068, 41.430029499000057 ], [ 22.349954500000024, 41.447576499000036 ], [ 22.385113500000045, 41.453314999000042 ], [ 22.395817500000078, 41.452920999000071 ], [ 22.417161500000077, 41.455160999000043 ], [ 22.436426500000039, 41.458626499000047 ], [ 22.445686500000022, 41.453373999000064 ], [ 22.457006, 41.457925999000054 ], [ 22.501121528000056, 41.42398544100007 ], [ 22.508287178000046, 41.421437595000043 ], [ 22.520773249000058, 41.423792627000068 ], [ 22.538533001000076, 41.413149687000043 ], [ 22.52410646800007, 41.378692138000076 ], [ 22.538654144000077, 41.358906317000049 ], [ 22.546715305000077, 41.355586060000064 ], [ 22.544275144000039, 41.343954470000028 ], [ 22.568689612000071, 41.340418172000057 ], [ 22.579780561000064, 41.341718482000033 ], [ 22.60113696600007, 41.333800788000076 ], [ 22.605782133000048, 41.328852870000048 ], [ 22.608311398000069, 41.317313556000045 ], [ 22.625460919000034, 41.320601176000025 ], [ 22.653896003000057, 41.317851068000039 ], [ 22.66151377400007, 41.323718502000077 ], [ 22.676428332000057, 41.319922130000066 ], [ 22.69521842000006, 41.342718599000079 ], [ 22.69754054200007, 41.350767436000069 ], [ 22.702619560000073, 41.352772105000042 ], [ 22.739178209000045, 41.346883657000035 ], [ 22.772409237000033, 41.334193566000067 ], [ 22.779613500000039, 41.32705899900003 ] ] ] ] } },
{ "type": "Feature", "properties": { "GISCO_ID": "MK_MK00504", "CNTR_CODE": "MK", "LAU_ID": "MK00504", "LAU_NAME": "Кривогаштани", "cell_coverage": [ [ 0.2784, 0.1653, 0, 0 ], [ 0.5374, 0.7808, 0.2589, 0 ], [ 0.0302, 0.9494, 0.9804, 0.1146 ], [ 0.0125, 0.7422, 0.636, 0.0344 ] ], "xmin": 21.291666666666664, "xmax": 21.458333333333332, "ymin": 41.25, "ymax": 41.416666666666657 }, "geometry": { "type": "MultiPolygon", "coordinates": [ [ [ [ 21.304775500000062, 41.388614999000026 ], [ 21.327501917000063, 41.396447020000039 ], [ 21.344573485000069, 41.395358688000044 ], [ 21.348875295000028, 41.388367057000039 ], [ 21.346460989000036, 41.379403485000068 ], [ 21.350110218000054, 41.367597708000062 ], [ 21.363351922000049, 41.362425340000073 ], [ 21.365608, 41.359597499000074 ], [ 21.371998308000059, 41.349367098000073 ], [ 21.388425643000062, 41.348682648000079 ], [ 21.409548996000069, 41.340014531000065 ], [ 21.41457414100006, 41.32391930700004 ], [ 21.428324409000027, 41.323864705000062 ], [ 21.431007400000055, 41.318346692000034 ], [ 21.428428396000072, 41.313096087000076 ], [ 21.416104292000057, 41.310846458000071 ], [ 21.421156580000059, 41.297366426000053 ], [ 21.418433245000074, 41.290706095000075 ], [ 21.423425528000053, 41.28377937700003 ], [ 21.419825587000048, 41.278276062000032 ], [ 21.401479588000029, 41.274356811000075 ], [ 21.397223947000043, 41.260872984000059 ], [ 21.365633, 41.250737499000024 ], [ 21.363351922000049, 41.251691616000073 ], [ 21.347093191000056, 41.266673339000079 ], [ 21.337546142000065, 41.268679476000045 ], [ 21.337218, 41.272590999000045 ], [ 21.329650917000038, 41.282723687000043 ], [ 21.334400802000062, 41.291576269000075 ], [ 21.332689253000069, 41.298953195000081 ], [ 21.339457860000039, 41.307220443000062 ], [ 21.338961725000047, 41.311395766000032 ], [ 21.334517431000052, 41.322351652000066 ], [ 21.30549945100006, 41.34982326800008 ], [ 21.309237956000061, 41.356004282000072 ], [ 21.309320186000036, 41.378566557000056 ], [ 21.304775500000062, 41.388614999000026 ] ] ] ] } },
{ "type": "Feature", "properties": { "GISCO_ID": "MK_MK00801", "CNTR_CODE": "MK", "LAU_ID": "MK00801", "LAU_NAME": "Аеродром", "cell_coverage": [ [ 0.1086, 0.5301, 0.3546, 0.0231 ], [ 0, 0.0006, 0.1844, 0.1233 ] ], "xmin": 21.416666666666664, "xmax": 21.583333333333332, "ymin": 41.91666666666665, "ymax": 41.999999999999986 }, "geometry": { "type": "MultiPolygon", "coordinates": [ [ [ [ 21.561969500000032, 41.946944999000038 ], [ 21.552342, 41.94133449900005 ], [ 21.552256008000029, 41.943926634000036 ], [ 21.544792694000023, 41.947968895000031 ], [ 21.532039255000029, 41.94654790800007 ], [ 21.504457256000023, 41.955383726000036 ], [ 21.446107504000054, 41.981780558000025 ], [ 21.441828, 41.987324499000067 ], [ 21.449827, 41.994733499000063 ], [ 21.456390191000025, 41.991240221000055 ], [ 21.465340730000037, 41.994139916000051 ], [ 21.481928509000056, 41.990271531000076 ], [ 21.502437155000052, 41.976853737000056 ], [ 21.51310649800007, 41.97841094000006 ], [ 21.51560995400007, 41.972773860000075 ], [ 21.521865032000051, 41.974895925000055 ], [ 21.526911881000046, 41.969197210000061 ], [ 21.537607126000069, 41.969055658000059 ], [ 21.548107807000065, 41.961830941000073 ], [ 21.550749950000068, 41.956894973000033 ], [ 21.560724841000024, 41.952192781000065 ], [ 21.561969500000032, 41.946944999000038 ] ] ] ] } },
{ "type": "Feature", "properties": { "GISCO_ID": "MK_MK00811", "CNTR_CODE": "MK", "LAU_ID": "MK00811", "LAU_NAME": "Сарај", "cell_coverage": [ [ 0.0572, 0.4257, 0.3569, 0, 0, 0 ], [ 0.0101, 0.5964, 0.9946, 0.4942, 0.0092, 0 ], [ 0.145, 0.9349, 1, 1, 0.7047, 0.0336 ], [ 0.024, 0.6804, 1, 1, 0.9896, 0.6343 ], [ 0, 0.5663, 1, 0.9114, 0.2555, 0 ], [ 0, 0.2107, 0.3037, 0.0136, 0, 0 ] ], "xmin": 21.125, "xmax": 21.375, "ymin": 41.875, "ymax": 42.125 }, "geometry": { "type": "MultiPolygon", "coordinates": [ [ [ [ 21.216754, 41.894167499000048 ], [ 21.194337188000077, 41.902752433000046 ], [ 21.177953922000029, 41.913658154000075 ], [ 21.186378332000061, 41.921113037000055 ], [ 21.183339154000066, 41.930111348000025 ], [ 21.185322034000023, 41.934572464000041 ], [ 21.183616365000034, 41.94866550200004 ], [ 21.187965733000055, 41.95925829600003 ], [ 21.188230778000047, 41.978511862000062 ], [ 21.173372087000075, 41.985831037000025 ], [ 21.157668644000069, 41.999232204000066 ], [ 21.149873500000069, 42.012815499000055 ], [ 21.164762567000025, 42.021580700000072 ], [ 21.176638233000062, 42.033071936000056 ], [ 21.167872255000077, 42.048613800000055 ], [ 21.194429356000057, 42.067144798000072 ], [ 21.194031434000067, 42.075233366000077 ], [ 21.189298786000052, 42.079497123000067 ], [ 21.184073334000061, 42.091575198000044 ], [ 21.179134073000057, 42.091259474000026 ], [ 21.174167167000064, 42.084606871000062 ], [ 21.159759720000068, 42.07937344700008 ], [ 21.161851306000074, 42.094087574000071 ], [ 21.157623872000045, 42.099223493000068 ], [ 21.191925563000041, 42.102401506000035 ], [ 21.212697500000047, 42.110700999000073 ], [ 21.223587390000034, 42.095482276000041 ], [ 21.232756108000046, 42.097233704000075 ], [ 21.248944, 42.090752499000075 ], [ 21.247969266000041, 42.082177296000054 ], [ 21.250969906000023, 42.071745231000079 ], [ 21.272490604000041, 42.064404338000031 ], [ 21.292913824000038, 42.044734774000062 ], [ 21.305280341000071, 42.039644056000043 ], [ 21.313121053000032, 42.039848988000074 ], [ 21.322083461000034, 42.033059467000044 ], [ 21.320707532000029, 42.029044534000036 ], [ 21.315257940000038, 42.030727796000065 ], [ 21.313560786000039, 42.028236556000024 ], [ 21.323732260000043, 42.015187141000069 ], [ 21.322769172000051, 42.007016091000025 ], [ 21.33613820100004, 42.005636608000032 ], [ 21.353603780000071, 41.998830315000077 ], [ 21.363769495000042, 42.000612627000066 ], [ 21.368437, 41.998027999000044 ], [ 21.358592147000024, 41.982396146000042 ], [ 21.363892, 41.963625499000045 ], [ 21.323941379000075, 41.959731956000041 ], [ 21.319112461000032, 41.95253905800007 ], [ 21.304398316000061, 41.947234971000057 ], [ 21.304463537000061, 41.937156899000058 ], [ 21.282669268000063, 41.927030930000058 ], [ 21.280710200000044, 41.920185102000062 ], [ 21.242872418000047, 41.91188518000007 ], [ 21.22446255400007, 41.901952091000055 ], [ 21.216754, 41.894167499000048 ] ] ] ] } }
]
}
