{
"type": "FeatureCollection",
"name": "NL",
"crs": { "type": "name", "properties": { "name": "urn:ogc:def:crs:OGC:1.3:CRS84" } },
"features": [
{ "type": "Feature", "properties": { "GISCO_ID": "NL_GM0384", "CNTR_CODE": "NL", "LAU_ID": "GM0384", "LAU_NAME": "Diemen", "cell_coverage": [ [ 0.044, 0.3766, 0.2838 ], [ 0.061, 0.1663, 0.1184 ] ], "xmin": 4.9166666666666643, "xmax": 5.0416666666666643, "ymin": 52.29166666666665, "ymax": 52.375 }, "geometry": { "type": "MultiPolygon", "coordinates": [ [ [ [ 5.039059, 52.354575999000076 ], [ 5.039062147000038, 52.341596920000029 ], [ 5.015223212000024, 52.331860261000031 ], [ 5.013662195000052, 52.329563237000059 ], [ 5.016103500000042, 52.324512499000036 ], [ 4.998777713000038, 52.314871369000059 ], [ 4.989485897000066, 52.327169747000028 ], [ 4.983955494000043, 52.330323270000065 ], [ 4.976328563000038, 52.33039995200005 ], [ 4.959697281000047, 52.325129747000062 ], [ 4.954070020000074, 52.323346552000032 ], [ 4.944715500000029, 52.32712949900008 ], [ 4.95035450000006, 52.338630499000033 ], [ 4.959697281000047, 52.34660720200003 ], [ 4.969579260000046, 52.355044264000071 ], [ 5.000288115000046, 52.341980492000062 ], [ 5.009557805000043, 52.342483844000071 ], [ 5.017171612000027, 52.348519305000082 ], [ 5.039059, 52.354575999000076 ] ] ] ] } },
{ "type": "Feature", "properties": { "GISCO_ID": "NL_GM0385", "CNTR_CODE": "NL", "LAU_ID": "GM0385", "LAU_NAME": "Edam-Volendam", "cell_coverage": [ [ 0.0422, 0.3018, 0.5758, 0.0602, 0 ], [ 0.0041, 0.4211, 1, 0.6723, 0 ], [ 0.0006, 0.3818, 0.7955, 0.9985, 0.2563 ], [ 0, 0.0016, 0.2744, 0.2707, 0.093 ] ], "xmin": 4.9166666666666643, "xmax": 5.125, "ymin": 52.458333333333321, "ymax": 52.625 }, "geometry": { "type": "MultiPolygon", "coordinates": [ [ [ [ 4.99802550000004, 52.494674499000041 ], [ 5.022985042000073, 52.522105212000042 ], [ 5.007185484000047, 52.527442540000038 ], [ 4.990882928000076, 52.520324641000059 ], [ 4.959697281000047, 52.528393621000077 ], [ 4.957002, 52.529090999000061 ], [ 4.959697281000047, 52.531537666000077 ], [ 4.975315033000072, 52.54571482800003 ], [ 4.978072505000057, 52.562309464000066 ], [ 4.996441614000048, 52.576423829000078 ], [ 4.991696691000072, 52.58194727800003 ], [ 4.979623584000024, 52.586497838000071 ], [ 4.959697281000047, 52.581601022000029 ], [ 4.955968111000061, 52.580684592000068 ], [ 4.952498606000063, 52.588935560000039 ], [ 4.949831, 52.595279499000071 ], [ 4.959697281000047, 52.595762554000032 ], [ 5.003527157000065, 52.597908475000054 ], [ 5.007948489000057, 52.610259171000052 ], [ 5.027034, 52.612613499000076 ], [ 5.05051260700003, 52.588935560000039 ], [ 5.060426500000062, 52.578937499000062 ], [ 5.080070500000033, 52.544402999000056 ], [ 5.100719500000025, 52.508041499000058 ], [ 5.112987, 52.49788649900006 ], [ 5.061067566000077, 52.485904928000082 ], [ 5.05632915700005, 52.490404866000063 ], [ 5.023884989000067, 52.485425642000052 ], [ 4.99802550000004, 52.494674499000041 ] ] ] ] } },
{ "type": "Feature", "properties": { "GISCO_ID": "NL_GM0388", "CNTR_CODE": "NL", "LAU_ID": "GM0388", "LAU_NAME": "Enkhuizen", "cell_coverage": [ [ 0, 0.0457, 0, 0, 0 ], [ 0.3991, 0.9408, 0.5825, 0.0225, 0 ], [ 0.1651, 0.8582, 1, 0.7706, 0.0093 ], [ 0, 0.7983, 1, 0.8996, 0 ], [ 0, 0.4229, 0.4806, 0.5194, 0 ] ], "xmin": 5.2083333333333321, "xmax": 5.4166666666666652, "ymin": 52.66666666666665, "ymax": 52.875 }, "geometry": { "type": "MultiPolygon", "coordinates": [ [ [ [ 5.363853858000027, 52.690686245000052 ], [ 5.361148, 52.67572799900006 ], [ 5.304064698000047, 52.690686245000052 ], [ 5.297479259000056, 52.692411909000043 ], [ 5.287556792000032, 52.690886908000039 ], [ 5.28720542700006, 52.690686245000052 ], [ 5.268962, 52.680267499000081 ], [ 5.259806315000048, 52.687594790000048 ], [ 5.25955949300004, 52.690686245000052 ], [ 5.257527500000037, 52.716136999000071 ], [ 5.255732040000055, 52.738180321000073 ], [ 5.255248338000058, 52.744118861000061 ], [ 5.25954770200002, 52.744567698000026 ], [ 5.269469104000052, 52.745603456000026 ], [ 5.273148727000034, 52.751244143000065 ], [ 5.25954770200002, 52.762306620000061 ], [ 5.212567295000042, 52.800518422000039 ], [ 5.25954770200002, 52.827986168000052 ], [ 5.263749992000044, 52.830443095000078 ], [ 5.281179500000064, 52.840633499000035 ], [ 5.294103394000047, 52.830443095000078 ], [ 5.337842, 52.795955499000058 ], [ 5.359626424000055, 52.778740777000053 ], [ 5.377261500000031, 52.764804999000035 ], [ 5.37244525400007, 52.738180321000073 ], [ 5.363853858000027, 52.690686245000052 ] ] ] ] } },
{ "type": "Feature", "properties": { "GISCO_ID": "NL_GM0392", "CNTR_CODE": "NL", "LAU_ID": "GM0392", "LAU_NAME": "Haarlem", "cell_coverage": [ [ 0, 0.1113, 0.036 ], [ 0.1844, 0.9314, 0.2548 ], [ 0.1493, 0.6271, 0.095 ] ], "xmin": 4.5833333333333321, "xmax": 4.7083333333333321, "ymin": 52.333333333333321, "ymax": 52.458333333333321 }, "geometry": { "type": "MultiPolygon", "coordinates": [ [ [ [ 4.639818, 52.338908999000068 ], [ 4.640765561000023, 52.346518379000031 ], [ 4.635953819000065, 52.355415537000056 ], [ 4.636230242000067, 52.360721047000027 ], [ 4.605505, 52.363345999000046 ], [ 4.606255231000034, 52.366421798000033 ], [ 4.600142494000067, 52.376083116000075 ], [ 4.600967716000071, 52.38282296400007 ], [ 4.611359863000075, 52.389041845000065 ], [ 4.62170132600005, 52.388965577000079 ], [ 4.631682, 52.411670499000081 ], [ 4.637043617000074, 52.412174758000049 ], [ 4.652126728000042, 52.428074451000043 ], [ 4.680789505000064, 52.418750443000079 ], [ 4.682429500000069, 52.413310999000032 ], [ 4.673355070000071, 52.409515628000065 ], [ 4.669300193000026, 52.403155946000027 ], [ 4.67603946600002, 52.399205959000028 ], [ 4.674527907000027, 52.391843368000082 ], [ 4.685989912000025, 52.386219288000063 ], [ 4.672084970000071, 52.371980627000028 ], [ 4.675216559000035, 52.354182217000073 ], [ 4.65312880700003, 52.342163583000058 ], [ 4.639818, 52.338908999000068 ] ] ] ] } },
{ "type": "Feature", "properties": { "GISCO_ID": "NL_GM0394", "CNTR_CODE": "NL", "LAU_ID": "GM0394", "LAU_NAME": "Haarlemmermeer", "cell_coverage": [ [ 0, 0, 0, 0.0709, 0.2423, 0, 0 ], [ 0, 0, 0, 0.739, 0.8184, 0.1031, 0 ], [ 0, 0.0036, 0.1891, 0.905, 1, 0.486, 0.0302 ], [ 0, 0.4199, 1, 1, 1, 0.9999, 0.4209 ], [ 0.1951, 0.9406, 1, 1, 0.6904, 0.2712, 0 ], [ 0.4336, 0.8248, 0.6917, 0.2463, 0, 0, 0 ] ], "xmin": 4.5416666666666643, "xmax": 4.8333333333333313, "ymin": 52.208333333333321, "ymax": 52.458333333333321 }, "geometry": { "type": "MultiPolygon", "coordinates": [ [ [ [ 4.722983500000055, 52.43333399900007 ], [ 4.739188500000068, 52.431220999000061 ], [ 4.72953145200006, 52.401582917000042 ], [ 4.757470821000027, 52.395768993000047 ], [ 4.758955601000025, 52.381281985000044 ], [ 4.75641330600007, 52.357020975000069 ], [ 4.789462712000045, 52.342382862000079 ], [ 4.818786500000044, 52.325477499000044 ], [ 4.816044153000064, 52.311166831000037 ], [ 4.809793, 52.305773999000053 ], [ 4.797274900000048, 52.300240745000053 ], [ 4.790256010000064, 52.290186765000044 ], [ 4.77933872400007, 52.282909784000026 ], [ 4.727432016000023, 52.263934569000071 ], [ 4.701878732000068, 52.244836340000063 ], [ 4.682471879000047, 52.239336165000054 ], [ 4.670348, 52.230754999000055 ], [ 4.66479350000003, 52.227435999000079 ], [ 4.658608, 52.226108499000077 ], [ 4.647292, 52.221252499000059 ], [ 4.644316500000059, 52.220512499000051 ], [ 4.632223, 52.216079999000044 ], [ 4.618068500000049, 52.214442999000028 ], [ 4.602580500000045, 52.214638499000046 ], [ 4.58355350000005, 52.21890649900007 ], [ 4.581386500000065, 52.218780999000046 ], [ 4.573896, 52.217269999000052 ], [ 4.570877, 52.216994999000065 ], [ 4.557989500000076, 52.218887499000061 ], [ 4.553827500000068, 52.222324499000081 ], [ 4.551630971000066, 52.227695776000076 ], [ 4.56326318400005, 52.236140448000072 ], [ 4.569144954000024, 52.257379901000036 ], [ 4.568488104000039, 52.267129437000051 ], [ 4.572662, 52.271152499000038 ], [ 4.588421, 52.280459999000072 ], [ 4.591074, 52.285705499000073 ], [ 4.59588750000006, 52.291106999000078 ], [ 4.597224, 52.296302999000034 ], [ 4.604433, 52.305938499000035 ], [ 4.611221, 52.311748499000032 ], [ 4.611684, 52.313586999000051 ], [ 4.611386500000037, 52.322204499000065 ], [ 4.611384500000042, 52.32441699900005 ], [ 4.612146, 52.326457499000071 ], [ 4.616562, 52.331439999000054 ], [ 4.618547500000034, 52.333057499000063 ], [ 4.63005, 52.337424999000064 ], [ 4.639818, 52.338908999000068 ], [ 4.65312880700003, 52.342163583000058 ], [ 4.675216559000035, 52.354182217000073 ], [ 4.672084970000071, 52.371980627000028 ], [ 4.685989912000025, 52.386219288000063 ], [ 4.674527907000027, 52.391843368000082 ], [ 4.67603946600002, 52.399205959000028 ], [ 4.669300193000026, 52.403155946000027 ], [ 4.673355070000071, 52.409515628000065 ], [ 4.682429500000069, 52.413310999000032 ], [ 4.700680378000072, 52.424605774000042 ], [ 4.722983500000055, 52.43333399900007 ] ] ] ] } },
{ "type": "Feature", "properties": { "GISCO_ID": "NL_GM0396", "CNTR_CODE": "NL", "LAU_ID": "GM0396", "LAU_NAME": "Heemskerk", "cell_coverage": [ [ 0.566, 0.7402, 0.5084, 0 ], [ 0.0805, 0.0273, 0.1925, 0.0341 ] ], "xmin": 4.5833333333333321, "xmax": 4.75, "ymin": 52.458333333333321, "ymax": 52.541666666666657 }, "geometry": { "type": "MultiPolygon", "coordinates": [ [ [ [ 4.720249500000023, 52.494960999000057 ], [ 4.714666500000021, 52.493190999000035 ], [ 4.70846, 52.488647499000081 ], [ 4.707984, 52.486327999000082 ], [ 4.677948108000066, 52.493803995000064 ], [ 4.66597190300007, 52.501103636000039 ], [ 4.604458847000046, 52.494753247000062 ], [ 4.58702, 52.499065499000039 ], [ 4.590048500000023, 52.505689999000026 ], [ 4.596471500000064, 52.523881499000026 ], [ 4.598908, 52.531808499000078 ], [ 4.603743500000064, 52.531158499000071 ], [ 4.652638, 52.530677999000034 ], [ 4.656214, 52.531524499000056 ], [ 4.659949, 52.531783999000027 ], [ 4.685714500000074, 52.528377499000044 ], [ 4.690164, 52.527438999000026 ], [ 4.69578, 52.526717999000027 ], [ 4.690988377000053, 52.518380347000061 ], [ 4.692662252000048, 52.511262642000077 ], [ 4.697147474000076, 52.508104829000047 ], [ 4.708061137000072, 52.50961796100006 ], [ 4.705051272000048, 52.501015602000052 ], [ 4.720249500000023, 52.494960999000057 ] ] ] ] } },
{ "type": "Feature", "properties": { "GISCO_ID": "NL_GM0397", "CNTR_CODE": "NL", "LAU_ID": "GM0397", "LAU_NAME": "Heemstede", "cell_coverage": [ [ 0.4358, 0.1838 ], [ 0.1019, 0 ] ], "xmin": 4.5833333333333321, "xmax": 4.6666666666666652, "ymin": 52.29166666666665, "ymax": 52.375 }, "geometry": { "type": "MultiPolygon", "coordinates": [ [ [ [ 4.611386500000037, 52.322204499000065 ], [ 4.590954693000072, 52.32954754800005 ], [ 4.605505, 52.363345999000046 ], [ 4.636230242000067, 52.360721047000027 ], [ 4.635953819000065, 52.355415537000056 ], [ 4.640765561000023, 52.346518379000031 ], [ 4.639818, 52.338908999000068 ], [ 4.63005, 52.337424999000064 ], [ 4.618547500000034, 52.333057499000063 ], [ 4.616562, 52.331439999000054 ], [ 4.612146, 52.326457499000071 ], [ 4.611384500000042, 52.32441699900005 ], [ 4.611386500000037, 52.322204499000065 ] ] ] ] } },
{ "type": "Feature", "properties": { "GISCO_ID": "NL_GM0398", "CNTR_CODE": "NL", "LAU_ID": "GM0398", "LAU_NAME": "Heerhugowaard", "cell_coverage": [ [ 0, 0.0376, 0.2741, 0.0223 ], [ 0, 0.2692, 0.989, 0.2535 ], [ 0.0052, 0.6832, 0.5225, 0.0013 ] ], "xmin": 4.75, "xmax": 4.916666666666667, "ymin": 52.625, "ymax": 52.75 }, "geometry": { "type": "MultiPolygon", "coordinates": [ [ [ [ 4.886272176000034, 52.690686245000052 ], [ 4.877407832000074, 52.686201780000033 ], [ 4.878532723000035, 52.680123618000039 ], [ 4.863501396000061, 52.656068188000063 ], [ 4.864687936000053, 52.650333940000053 ], [ 4.876338167000029, 52.640471242000046 ], [ 4.872847, 52.634444999000038 ], [ 4.840833402000044, 52.645824110000035 ], [ 4.829306638000048, 52.633365972000036 ], [ 4.807394629000044, 52.634343185000034 ], [ 4.788676352000039, 52.639945329000057 ], [ 4.800582500000075, 52.660281999000063 ], [ 4.801934230000029, 52.66626446500004 ], [ 4.808303860000024, 52.671463703000029 ], [ 4.821562198000038, 52.673095987000067 ], [ 4.825918821000073, 52.67642752200004 ], [ 4.82604458000003, 52.690686245000052 ], [ 4.82196043700003, 52.707176816000072 ], [ 4.828878403000033, 52.713538006000078 ], [ 4.826188500000058, 52.717429999000046 ], [ 4.828873, 52.718097499000066 ], [ 4.839271500000052, 52.719066499000064 ], [ 4.847604, 52.720290999000042 ], [ 4.852834, 52.722644999000067 ], [ 4.8581, 52.723350499000048 ], [ 4.861556, 52.720596499000067 ], [ 4.872406, 52.716064499000026 ], [ 4.876305, 52.713432499000078 ], [ 4.877748500000052, 52.711948999000072 ], [ 4.894246500000065, 52.70767199900007 ], [ 4.899045500000057, 52.706828999000038 ], [ 4.899933500000031, 52.69759749900004 ], [ 4.886272176000034, 52.690686245000052 ] ] ] ] } },
{ "type": "Feature", "properties": { "GISCO_ID": "NL_GM0399", "CNTR_CODE": "NL", "LAU_ID": "GM0399", "LAU_NAME": "Heiloo", "cell_coverage": [ [ 0.6683, 0.6562, 0.0008 ], [ 0.0395, 0.063, 0 ] ], "xmin": 4.6666666666666643, "xmax": 4.7916666666666643, "ymin": 52.54166666666665, "ymax": 52.625 }, "geometry": { "type": "MultiPolygon", "coordinates": [ [ [ [ 4.714564, 52.624789999000029 ], [ 4.737599868000075, 52.615289928000038 ], [ 4.734420139000065, 52.60783917200007 ], [ 4.738219009000034, 52.594524361000026 ], [ 4.752209, 52.591876999000078 ], [ 4.744986375000053, 52.58899735600005 ], [ 4.734490807000043, 52.579240951000031 ], [ 4.692627629000071, 52.580066715000044 ], [ 4.675257919000046, 52.586305118000041 ], [ 4.672590500000069, 52.590903999000034 ], [ 4.674290163000023, 52.601992015000064 ], [ 4.688513562000026, 52.622150868000062 ], [ 4.707300295000039, 52.620800920000079 ], [ 4.714564, 52.624789999000029 ] ] ] ] } },
{ "type": "Feature", "properties": { "GISCO_ID": "NL_GM0400", "CNTR_CODE": "NL", "LAU_ID": "GM0400", "LAU_NAME": "Den Helder", "cell_coverage": [ [ 0.0433, 0.0885, 0.0142 ], [ 0.7877, 0.9847, 0.1728 ], [ 0.7757, 0.7291, 0.048 ] ], "xmin": 4.7083333333333321, "xmax": 4.8333333333333321, "ymin": 52.875, "ymax": 52.999999999999986 }, "geometry": { "type": "MultiPolygon", "coordinates": [ [ [ [ 4.709465500000022, 52.883574999000075 ], [ 4.715959289000068, 52.941853442000081 ], [ 4.721524138000063, 52.952326795000033 ], [ 4.734176808000029, 52.962030020000043 ], [ 4.775846863000027, 52.964643963000071 ], [ 4.781043048000072, 52.955646971000078 ], [ 4.792373950000069, 52.956474139000079 ], [ 4.795294864000027, 52.962559203000069 ], [ 4.799579996000034, 52.962575406000042 ], [ 4.801396314000044, 52.955398918000071 ], [ 4.79274898500006, 52.936547110000049 ], [ 4.810279500000036, 52.913645999000039 ], [ 4.794125506000057, 52.911148873000059 ], [ 4.774701744000026, 52.883946105000064 ], [ 4.770890500000064, 52.878608499000052 ], [ 4.709465500000022, 52.883574999000075 ] ] ] ] } },
{ "type": "Feature", "properties": { "GISCO_ID": "NL_GM0405", "CNTR_CODE": "NL", "LAU_ID": "GM0405", "LAU_NAME": "Hoorn", "cell_coverage": [ [ 0.0132, 0.2285, 0.0954, 0 ], [ 0.2962, 1, 0.5349, 0 ], [ 0.184, 0.9306, 0.7071, 0.0429 ], [ 0, 0.0222, 0, 0 ] ], "xmin": 5.0, "xmax": 5.166666666666667, "ymin": 52.541666666666657, "ymax": 52.708333333333321 }, "geometry": { "type": "MultiPolygon", "coordinates": [ [ [ [ 5.074623, 52.583678999000028 ], [ 5.060426500000062, 52.578937499000062 ], [ 5.05051260700003, 52.588935560000039 ], [ 5.027034, 52.612613499000076 ], [ 5.020722119000027, 52.628633741000044 ], [ 5.01403850500003, 52.633048572000064 ], [ 5.037622034000037, 52.649224137000033 ], [ 5.038643125000021, 52.655990329000076 ], [ 5.034713500000066, 52.666557499000078 ], [ 5.037296432000062, 52.670562549000067 ], [ 5.061423360000049, 52.673155185000041 ], [ 5.064535497000065, 52.677399759000082 ], [ 5.083111490000022, 52.683799520000036 ], [ 5.091316, 52.678939999000079 ], [ 5.098234642000023, 52.668151428000044 ], [ 5.117113461000031, 52.651696306000076 ], [ 5.102743954000061, 52.647083765000048 ], [ 5.105166362000034, 52.63625556900007 ], [ 5.096199204000072, 52.631947818000071 ], [ 5.124561361000076, 52.615409687000067 ], [ 5.135306, 52.603938999000036 ], [ 5.090367516000072, 52.588935560000039 ], [ 5.074623, 52.583678999000028 ] ] ] ] } },
{ "type": "Feature", "properties": { "GISCO_ID": "NL_GM0406", "CNTR_CODE": "NL", "LAU_ID": "GM0406", "LAU_NAME": "Huizen", "cell_coverage": [ [ 0.0678, 0.5028, 0.5938, 0.0547 ], [ 0.1994, 0.3, 0.0471, 0 ] ], "xmin": 5.1666666666666643, "xmax": 5.3333333333333313, "ymin": 52.25, "ymax": 52.333333333333321 }, "geometry": { "type": "MultiPolygon", "coordinates": [ [ [ [ 5.22459, 52.325763499000061 ], [ 5.229321, 52.325256999000032 ], [ 5.25954770200002, 52.320307927000044 ], [ 5.281140500000049, 52.316772499000081 ], [ 5.287397, 52.315055999000037 ], [ 5.30108, 52.309668999000053 ], [ 5.305455, 52.307632499000078 ], [ 5.282614004000038, 52.294674132000068 ], [ 5.277118779000034, 52.29512937100003 ], [ 5.26917975200007, 52.290420470000072 ], [ 5.25954770200002, 52.287461819000043 ], [ 5.227178031000051, 52.277518912000062 ], [ 5.210757683000054, 52.276842898000041 ], [ 5.204188500000043, 52.267516999000065 ], [ 5.203871, 52.26695249900007 ], [ 5.201023, 52.268218999000055 ], [ 5.187536621000049, 52.276852535000046 ], [ 5.194818785000052, 52.283102824000082 ], [ 5.194454771000039, 52.288104268000041 ], [ 5.189730500000053, 52.292447927000069 ], [ 5.197731143000055, 52.299714163000033 ], [ 5.216410406000023, 52.29884376800004 ], [ 5.228778583000064, 52.302109728000062 ], [ 5.229814701000066, 52.306735358000026 ], [ 5.22459, 52.325763499000061 ] ] ] ] } },
{ "type": "Feature", "properties": { "GISCO_ID": "NL_GM0415", "CNTR_CODE": "NL", "LAU_ID": "GM0415", "LAU_NAME": "Landsmeer", "cell_coverage": [ [ 0.2209, 0.53 ], [ 0.4398, 0.7868 ], [ 0, 0.0413 ] ], "xmin": 4.875, "xmax": 4.958333333333333, "ymin": 52.375, "ymax": 52.5 }, "geometry": { "type": "MultiPolygon", "coordinates": [ [ [ [ 4.920621, 52.490386999000066 ], [ 4.939114962000076, 52.485972077000042 ], [ 4.946314531000041, 52.487000846000058 ], [ 4.948289, 52.484035499000072 ], [ 4.947250500000052, 52.479823999000075 ], [ 4.946882, 52.469302999000035 ], [ 4.950732500000072, 52.458472999000037 ], [ 4.948022, 52.452079999000034 ], [ 4.950915500000065, 52.437000499000078 ], [ 4.950558500000056, 52.42340099900008 ], [ 4.947778, 52.42157749900008 ], [ 4.943577464000043, 52.414717618000054 ], [ 4.931603406000022, 52.411872981000045 ], [ 4.898693500000036, 52.424434499000029 ], [ 4.893503555000052, 52.455989144000057 ], [ 4.906541, 52.479915499000072 ], [ 4.920621, 52.490386999000066 ] ] ] ] } },
{ "type": "Feature", "properties": { "GISCO_ID": "NL_GM0416", "CNTR_CODE": "NL", "LAU_ID": "GM0416", "LAU_NAME": "Langedijk", "cell_coverage": [ [ 0, 0.184, 0.1657 ], [ 0.109, 0.6797, 0.7308 ], [ 0, 0.1225, 0.045 ] ], "xmin": 4.7083333333333321, "xmax": 4.8333333333333321, "ymin": 52.625, "ymax": 52.75 }, "geometry": { "type": "MultiPolygon", "coordinates": [ [ [ [ 4.82604458000003, 52.690686245000052 ], [ 4.825918821000073, 52.67642752200004 ], [ 4.821562198000038, 52.673095987000067 ], [ 4.808303860000024, 52.671463703000029 ], [ 4.801934230000029, 52.66626446500004 ], [ 4.800582500000075, 52.660281999000063 ], [ 4.776507777000063, 52.650268682000046 ], [ 4.773843125000042, 52.654330999000081 ], [ 4.777171237000061, 52.663106735000042 ], [ 4.776988958000061, 52.676024193000046 ], [ 4.751702576000071, 52.681960051000033 ], [ 4.741727500000025, 52.680838999000059 ], [ 4.738800500000025, 52.684032499000068 ], [ 4.729856728000073, 52.690686245000052 ], [ 4.728919500000075, 52.69138349900004 ], [ 4.769018195000058, 52.699213107000048 ], [ 4.773506617000066, 52.719497197000067 ], [ 4.779527238000071, 52.730330196000068 ], [ 4.785367971000028, 52.728031413000053 ], [ 4.78706584300005, 52.721427929000072 ], [ 4.804772129000071, 52.714781219000031 ], [ 4.826188500000058, 52.717429999000046 ], [ 4.828878403000033, 52.713538006000078 ], [ 4.82196043700003, 52.707176816000072 ], [ 4.82604458000003, 52.690686245000052 ] ] ] ] } },
{ "type": "Feature", "properties": { "GISCO_ID": "NL_GM0417", "CNTR_CODE": "NL", "LAU_ID": "GM0417", "LAU_NAME": "Laren", "cell_coverage": [ [ 0.1069, 0.3231 ], [ 0.1183, 0.4038 ] ], "xmin": 5.1666666666666643, "xmax": 5.25, "ymin": 52.208333333333321, "ymax": 52.291666666666657 }, "geometry": { "type": "MultiPolygon", "coordinates": [ [ [ [ 5.224596, 52.225196999000048 ], [ 5.218925, 52.212199999000063 ], [ 5.199164500000052, 52.240394499000047 ], [ 5.189244500000029, 52.247595999000055 ], [ 5.203871, 52.26695249900007 ], [ 5.204188500000043, 52.267516999000065 ], [ 5.210450122000054, 52.266706893000048 ], [ 5.22440193500006, 52.272061836000034 ], [ 5.244038500000045, 52.254619499000057 ], [ 5.224596, 52.225196999000048 ] ] ] ] } },
{ "type": "Feature", "properties": { "GISCO_ID": "NL_GM0420", "CNTR_CODE": "NL", "LAU_ID": "GM0420", "LAU_NAME": "Medemblik", "cell_coverage": [ [ 0, 0, 0, 0, 0.0082, 0.4878, 0.4229, 0 ], [ 0, 0, 0, 0.0288, 0.7259, 1, 0.9647, 0.3251 ], [ 0, 0, 0, 0.19, 1, 1, 0.6009, 0.0588 ], [ 0.0037, 0.0629, 0.2811, 0.677, 1, 1, 0.8349, 0.1418 ], [ 0.1202, 0.9545, 1, 1, 1, 0.9395, 0.8023, 0.1662 ], [ 0.3494, 0.9571, 0.7715, 0.5773, 0.2797, 0.039, 0, 0 ], [ 0, 0.0097, 0, 0, 0, 0, 0, 0 ] ], "xmin": 4.9583333333333321, "xmax": 5.2916666666666652, "ymin": 52.625, "ymax": 52.916666666666657 }, "geometry": { "type": "MultiPolygon", "coordinates": [ [ [ [ 4.979184, 52.679733499000065 ], [ 4.982535031000054, 52.690686245000052 ], [ 4.984312350000039, 52.699622595000051 ], [ 4.97483334900005, 52.712586821000059 ], [ 4.982690120000029, 52.715716108000038 ], [ 4.99183570100007, 52.715148482000075 ], [ 5.00966052900003, 52.724195682000072 ], [ 4.998001631000022, 52.738019758000064 ], [ 4.996880500000032, 52.752094499000066 ], [ 5.044106340000042, 52.753130609000038 ], [ 5.058082094000042, 52.758327767000026 ], [ 5.071267917000057, 52.768253843000082 ], [ 5.092610438000065, 52.769684296000037 ], [ 5.108232465000071, 52.776029509000068 ], [ 5.112257563000071, 52.781452333000061 ], [ 5.119874160000052, 52.830443095000078 ], [ 5.122324069000058, 52.846201173000054 ], [ 5.164533801000061, 52.878016406000029 ], [ 5.172400818000028, 52.883946105000064 ], [ 5.21506450000004, 52.91610349900003 ], [ 5.233129395000049, 52.883946105000064 ], [ 5.236460491000059, 52.878016406000029 ], [ 5.238682500000039, 52.874060999000051 ], [ 5.25954770200002, 52.857648746000052 ], [ 5.281179500000064, 52.840633499000035 ], [ 5.263749992000044, 52.830443095000078 ], [ 5.25954770200002, 52.827986168000052 ], [ 5.212567295000042, 52.800518422000039 ], [ 5.25954770200002, 52.762306620000061 ], [ 5.273148727000034, 52.751244143000065 ], [ 5.269469104000052, 52.745603456000026 ], [ 5.25954770200002, 52.744567698000026 ], [ 5.255248338000058, 52.744118861000061 ], [ 5.255732040000055, 52.738180321000073 ], [ 5.257527500000037, 52.716136999000071 ], [ 5.211817452000048, 52.716898936000064 ], [ 5.187590601000068, 52.710731429000077 ], [ 5.18700750000005, 52.70745849900004 ], [ 5.171741589000021, 52.703811016000031 ], [ 5.124050605000036, 52.690686245000052 ], [ 5.091316, 52.678939999000079 ], [ 5.083111490000022, 52.683799520000036 ], [ 5.064535497000065, 52.677399759000082 ], [ 5.061423360000049, 52.673155185000041 ], [ 5.037296432000062, 52.670562549000067 ], [ 5.034713500000066, 52.666557499000078 ], [ 5.020605045000025, 52.664985384000033 ], [ 5.004953533000048, 52.67034878700008 ], [ 5.001123859000074, 52.674779649000072 ], [ 4.984108763000052, 52.675366301000054 ], [ 4.979184, 52.679733499000065 ] ] ] ] } },
{ "type": "Feature", "properties": { "GISCO_ID": "NL_GM0431", "CNTR_CODE": "NL", "LAU_ID": "GM0431", "LAU_NAME": "Oostzaan", "cell_coverage": [ [ 0.176, 0.2766 ], [ 0.3895, 0.3842 ] ], "xmin": 4.8333333333333321, "xmax": 4.9166666666666652, "ymin": 52.41666666666665, "ymax": 52.5 }, "geometry": { "type": "MultiPolygon", "coordinates": [ [ [ [ 4.898693500000036, 52.424434499000029 ], [ 4.862699, 52.430019499000082 ], [ 4.844020645000057, 52.451734139000052 ], [ 4.852457500000071, 52.470359999000038 ], [ 4.86297793600005, 52.468998428000077 ], [ 4.889868312000033, 52.478410446000055 ], [ 4.906541, 52.479915499000072 ], [ 4.893503555000052, 52.455989144000057 ], [ 4.898693500000036, 52.424434499000029 ] ] ] ] } },
{ "type": "Feature", "properties": { "GISCO_ID": "NL_GM0432", "CNTR_CODE": "NL", "LAU_ID": "GM0432", "LAU_NAME": "Opmeer", "cell_coverage": [ [ 0, 0.0341, 0.0691, 0 ], [ 0.0819, 0.8548, 0.8798, 0.0455 ], [ 0.1292, 0.7439, 0.4115, 0 ] ], "xmin": 4.875, "xmax": 5.041666666666667, "ymin": 52.666666666666657, "ymax": 52.791666666666657 }, "geometry": { "type": "MultiPolygon", "coordinates": [ [ [ [ 4.982535031000054, 52.690686245000052 ], [ 4.979184, 52.679733499000065 ], [ 4.968399962000035, 52.678949992000071 ], [ 4.960772237000072, 52.673765167000056 ], [ 4.959697281000047, 52.673634041000071 ], [ 4.952127186000041, 52.672710625000036 ], [ 4.906658367000034, 52.686478648000048 ], [ 4.912777994000066, 52.690686245000052 ], [ 4.916876566000042, 52.693504249000057 ], [ 4.915592943000036, 52.698918816000059 ], [ 4.899933500000031, 52.69759749900004 ], [ 4.899045500000057, 52.706828999000038 ], [ 4.928070495000043, 52.738180321000073 ], [ 4.935163808000027, 52.748980946000074 ], [ 4.951499495000064, 52.754479543000059 ], [ 4.996880500000032, 52.752094499000066 ], [ 4.998001631000022, 52.738019758000064 ], [ 5.00966052900003, 52.724195682000072 ], [ 4.99183570100007, 52.715148482000075 ], [ 4.982690120000029, 52.715716108000038 ], [ 4.97483334900005, 52.712586821000059 ], [ 4.984312350000039, 52.699622595000051 ], [ 4.982535031000054, 52.690686245000052 ] ] ] ] } },
{ "type": "Feature", "properties": { "GISCO_ID": "NL_GM0437", "CNTR_CODE": "NL", "LAU_ID": "GM0437", "LAU_NAME": "Ouder-Amstel", "cell_coverage": [ [ 0, 0, 0.04 ], [ 0, 0.2405, 0.5297 ], [ 0.0113, 0.8066, 0.3424 ] ], "xmin": 4.8333333333333321, "xmax": 4.9583333333333321, "ymin": 52.25, "ymax": 52.375 }, "geometry": { "type": "MultiPolygon", "coordinates": [ [ [ [ 4.955408, 52.278316499000027 ], [ 4.927644599000075, 52.279602763000071 ], [ 4.928329953000059, 52.268704129000071 ], [ 4.911344163000024, 52.253292840000029 ], [ 4.898716912000054, 52.251440989000059 ], [ 4.870071, 52.253307499000073 ], [ 4.874495732000071, 52.260228903000041 ], [ 4.881112423000047, 52.263603568000065 ], [ 4.880341122000061, 52.280471680000062 ], [ 4.893030533000058, 52.294393022000065 ], [ 4.900119590000031, 52.296622053000078 ], [ 4.900330301000054, 52.30109060400008 ], [ 4.906749451000053, 52.307083679000073 ], [ 4.905484423000075, 52.314210356000046 ], [ 4.909239500000069, 52.318576999000072 ], [ 4.913076281000031, 52.319831350000072 ], [ 4.914896769000052, 52.330813384000066 ], [ 4.926708298000051, 52.336001078000038 ], [ 4.937145370000053, 52.334965692000026 ], [ 4.95035450000006, 52.338630499000033 ], [ 4.944715500000029, 52.32712949900008 ], [ 4.939035102000048, 52.32372904500005 ], [ 4.93958741900002, 52.316685143000029 ], [ 4.930414881000047, 52.307677043000069 ], [ 4.955408, 52.278316499000027 ] ] ] ] } },
{ "type": "Feature", "properties": { "GISCO_ID": "NL_GM0439", "CNTR_CODE": "NL", "LAU_ID": "GM0439", "LAU_NAME": "Purmerend", "cell_coverage": [ [ 0.256, 0.5772, 0.2045 ], [ 0.3063, 0.4983, 0.0026 ] ], "xmin": 4.9166666666666643, "xmax": 5.0416666666666643, "ymin": 52.458333333333321, "ymax": 52.541666666666657 }, "geometry": { "type": "MultiPolygon", "coordinates": [ [ [ [ 4.959697281000047, 52.528393621000077 ], [ 4.990882928000076, 52.520324641000059 ], [ 5.007185484000047, 52.527442540000038 ], [ 5.022985042000073, 52.522105212000042 ], [ 4.99802550000004, 52.494674499000041 ], [ 4.973710598000025, 52.470941586000038 ], [ 4.959697281000047, 52.471908043000042 ], [ 4.95752016900002, 52.472058192000077 ], [ 4.953307616000075, 52.482225412000048 ], [ 4.948289, 52.484035499000072 ], [ 4.946314531000041, 52.487000846000058 ], [ 4.939114962000076, 52.485972077000042 ], [ 4.920621, 52.490386999000066 ], [ 4.925928480000039, 52.505254463000028 ], [ 4.934380500000032, 52.511611999000081 ], [ 4.946014196000021, 52.512388947000034 ], [ 4.952803399000061, 52.515845967000075 ], [ 4.957002, 52.529090999000061 ], [ 4.959697281000047, 52.528393621000077 ] ] ] ] } },
{ "type": "Feature", "properties": { "GISCO_ID": "NL_GM0441", "CNTR_CODE": "NL", "LAU_ID": "GM0441", "LAU_NAME": "Schagen", "cell_coverage": [ [ 0, 0.004, 0.1666, 0.0522, 0, 0 ], [ 0, 0.2612, 1, 0.6172, 0.0972, 0 ], [ 0, 0.6828, 1, 1, 0.8273, 0 ], [ 0.2038, 0.9967, 1, 1, 0.736, 0 ], [ 0.0153, 0.434, 0.9796, 0.816, 0.7828, 0.1298 ], [ 0, 0, 0.2621, 0.1255, 0, 0 ] ], "xmin": 4.625, "xmax": 4.875, "ymin": 52.666666666666657, "ymax": 52.916666666666657 }, "geometry": { "type": "MultiPolygon", "coordinates": [ [ [ [ 4.649071, 52.756177499000046 ], [ 4.678759430000071, 52.808431079000059 ], [ 4.687754203000054, 52.830443095000078 ], [ 4.707194092000066, 52.878016406000029 ], [ 4.709465500000022, 52.883574999000075 ], [ 4.770890500000064, 52.878608499000052 ], [ 4.760488376000069, 52.84979119500008 ], [ 4.781628573000035, 52.850922382000078 ], [ 4.795717572000058, 52.846267388000058 ], [ 4.809750296000061, 52.836127403000035 ], [ 4.832771783000055, 52.808757613000068 ], [ 4.827933144000042, 52.777361614000029 ], [ 4.818443182000067, 52.770468724000068 ], [ 4.809060834000036, 52.768235606000076 ], [ 4.846215721000021, 52.729477412000051 ], [ 4.847604, 52.720290999000042 ], [ 4.839271500000052, 52.719066499000064 ], [ 4.828873, 52.718097499000066 ], [ 4.826188500000058, 52.717429999000046 ], [ 4.804772129000071, 52.714781219000031 ], [ 4.78706584300005, 52.721427929000072 ], [ 4.785367971000028, 52.728031413000053 ], [ 4.779527238000071, 52.730330196000068 ], [ 4.773506617000066, 52.719497197000067 ], [ 4.769018195000058, 52.699213107000048 ], [ 4.728919500000075, 52.69138349900004 ], [ 4.720089210000026, 52.698352027000055 ], [ 4.714351488000034, 52.711219311000036 ], [ 4.692547976000071, 52.730673490000072 ], [ 4.676993220000043, 52.738180321000073 ], [ 4.67014514400006, 52.74148524800006 ], [ 4.649071, 52.756177499000046 ] ] ] ] } },
{ "type": "Feature", "properties": { "GISCO_ID": "NL_GM0450", "CNTR_CODE": "NL", "LAU_ID": "GM0450", "LAU_NAME": "Uitgeest", "cell_coverage": [ [ 0.0328, 0.0825, 0 ], [ 0.2781, 0.9542, 0.2656 ], [ 0.0001, 0.0502, 0 ] ], "xmin": 4.6666666666666643, "xmax": 4.7916666666666643, "ymin": 52.458333333333321, "ymax": 52.583333333333321 }, "geometry": { "type": "MultiPolygon", "coordinates": [ [ [ [ 4.782528, 52.51953499900003 ], [ 4.751278419000073, 52.520386915000074 ], [ 4.749148464000029, 52.516327538000041 ], [ 4.750376772000038, 52.508981514000027 ], [ 4.732529086000056, 52.497063680000053 ], [ 4.720249500000023, 52.494960999000057 ], [ 4.705051272000048, 52.501015602000052 ], [ 4.708061137000072, 52.50961796100006 ], [ 4.697147474000076, 52.508104829000047 ], [ 4.692662252000048, 52.511262642000077 ], [ 4.690988377000053, 52.518380347000061 ], [ 4.69578, 52.526717999000027 ], [ 4.695464053000023, 52.544096065000076 ], [ 4.717403718000071, 52.550898045000054 ], [ 4.720473291000076, 52.544975583000053 ], [ 4.727441420000048, 52.54600703300008 ], [ 4.753829091000057, 52.536557025000036 ], [ 4.777723500000036, 52.533916499000043 ], [ 4.777876, 52.531806999000082 ], [ 4.782528, 52.51953499900003 ] ] ] ] } },
{ "type": "Feature", "properties": { "GISCO_ID": "NL_GM0451", "CNTR_CODE": "NL", "LAU_ID": "GM0451", "LAU_NAME": "Uithoorn", "cell_coverage": [ [ 0, 0.0512, 0.1447, 0.0001 ], [ 0.1701, 0.4809, 0.5071, 0.0939 ], [ 0.0003, 0, 0, 0 ] ], "xmin": 4.7083333333333321, "xmax": 4.875, "ymin": 52.166666666666657, "ymax": 52.291666666666657 }, "geometry": { "type": "MultiPolygon", "coordinates": [ [ [ [ 4.728766, 52.209819499000048 ], [ 4.723764, 52.216573499000049 ], [ 4.770876332000057, 52.239980683000056 ], [ 4.768925027000023, 52.245797371000037 ], [ 4.771366873000034, 52.24985063400004 ], [ 4.795947, 52.260818499000038 ], [ 4.832805918000076, 52.250510779000081 ], [ 4.852118500000074, 52.241962499000067 ], [ 4.828391143000033, 52.230527131000031 ], [ 4.794524, 52.226726499000051 ], [ 4.778902706000054, 52.227716226000041 ], [ 4.76327653200002, 52.218736210000031 ], [ 4.743350554000074, 52.214041210000062 ], [ 4.73564239600006, 52.207904013000075 ], [ 4.728766, 52.209819499000048 ] ] ] ] } },
{ "type": "Feature", "properties": { "GISCO_ID": "NL_GM0453", "CNTR_CODE": "NL", "LAU_ID": "GM0453", "LAU_NAME": "Velsen", "cell_coverage": [ [ 0.1207, 0.5789, 0.441, 0.0008, 0 ], [ 0.3054, 0.6963, 0.8848, 0.6571, 0.0405 ], [ 0, 0, 0.0253, 0.0062, 0 ] ], "xmin": 4.5416666666666643, "xmax": 4.75, "ymin": 52.375, "ymax": 52.5 }, "geometry": { "type": "MultiPolygon", "coordinates": [ [ [ [ 4.581894500000033, 52.489189999000075 ], [ 4.60435084300002, 52.482106310000063 ], [ 4.615317632000028, 52.483413006000035 ], [ 4.65359948400004, 52.47665315900008 ], [ 4.666305688000023, 52.468741439000041 ], [ 4.663302993000059, 52.461251582000045 ], [ 4.674783500000046, 52.455444499000066 ], [ 4.705297500000029, 52.438895999000067 ], [ 4.71381, 52.435554499000034 ], [ 4.722983500000055, 52.43333399900007 ], [ 4.700680378000072, 52.424605774000042 ], [ 4.682429500000069, 52.413310999000032 ], [ 4.680789505000064, 52.418750443000079 ], [ 4.652126728000042, 52.428074451000043 ], [ 4.637043617000074, 52.412174758000049 ], [ 4.631682, 52.411670499000081 ], [ 4.622923442000058, 52.42391434700005 ], [ 4.58735116500003, 52.434340513000052 ], [ 4.560596500000031, 52.437425999000027 ], [ 4.560622996000063, 52.446918202000063 ], [ 4.555568196000024, 52.459812394000039 ], [ 4.566266978000044, 52.459011021000038 ], [ 4.586586985000054, 52.463687476000075 ], [ 4.593679419000068, 52.469123240000044 ], [ 4.592135781000025, 52.472640350000063 ], [ 4.567581472000029, 52.469429929000057 ], [ 4.581894500000033, 52.489189999000075 ] ] ] ] } },
{ "type": "Feature", "properties": { "GISCO_ID": "NL_GM0457", "CNTR_CODE": "NL", "LAU_ID": "GM0457", "LAU_NAME": "Weesp", "cell_coverage": [ [ 0.4774, 0.7343, 0.2122 ], [ 0.072, 0.2082, 0.1241 ] ], "xmin": 5.0, "xmax": 5.125, "ymin": 52.25, "ymax": 52.333333333333321 }, "geometry": { "type": "MultiPolygon", "coordinates": [ [ [ [ 5.021941, 52.28280249900007 ], [ 5.021537500000022, 52.30249849900008 ], [ 5.017666, 52.32326499900006 ], [ 5.018684055000051, 52.330098007000061 ], [ 5.030897903000039, 52.330454791000079 ], [ 5.05921395200005, 52.324202537000076 ], [ 5.05931649200005, 52.317790481000031 ], [ 5.068391344000077, 52.321626796000032 ], [ 5.090961391000064, 52.314498126000046 ], [ 5.099056768000025, 52.310305291000077 ], [ 5.096648203000029, 52.305557773000032 ], [ 5.097860672000024, 52.300321519000079 ], [ 5.10659632900007, 52.296801444000039 ], [ 5.099540446000049, 52.291471628000068 ], [ 5.105012, 52.285567999000079 ], [ 5.104260500000066, 52.283073499000068 ], [ 5.10216250000002, 52.281711499000039 ], [ 5.102114500000027, 52.279872999000077 ], [ 5.089083689000063, 52.281319566000036 ], [ 5.07315490700006, 52.278074091000065 ], [ 5.064631, 52.280727499000079 ], [ 5.064233395000031, 52.285553526000058 ], [ 5.059156341000062, 52.288678265000044 ], [ 5.042573388000051, 52.28318564500006 ], [ 5.030499917000043, 52.287528328000064 ], [ 5.021941, 52.28280249900007 ] ] ] ] } },
{ "type": "Feature", "properties": { "GISCO_ID": "NL_GM0473", "CNTR_CODE": "NL", "LAU_ID": "GM0473", "LAU_NAME": "Zandvoort", "cell_coverage": [ [ 0, 0.1362, 0.5234, 0.0309 ], [ 0.0036, 0.7409, 0.6796, 0 ], [ 0.0161, 0.2962, 0.1209, 0 ] ], "xmin": 4.4583333333333321, "xmax": 4.625, "ymin": 52.291666666666657, "ymax": 52.416666666666657 }, "geometry": { "type": "MultiPolygon", "coordinates": [ [ [ [ 4.547204500000021, 52.313945999000055 ], [ 4.543263500000023, 52.31494899900008 ], [ 4.493847500000072, 52.328259999000068 ], [ 4.541317, 52.401468499000032 ], [ 4.590687412000023, 52.390728218000049 ], [ 4.547204500000021, 52.313945999000055 ] ] ] ] } },
{ "type": "Feature", "properties": { "GISCO_ID": "NL_GM0479", "CNTR_CODE": "NL", "LAU_ID": "GM0479", "LAU_NAME": "Zaanstad", "cell_coverage": [ [ 0, 0.0345, 0.4608, 0.0052, 0 ], [ 0.2096, 0.9157, 1, 0.6546, 0.1552 ], [ 0.2277, 0.6109, 0.7439, 0.8667, 0.4735 ] ], "xmin": 4.6666666666666643, "xmax": 4.875, "ymin": 52.416666666666657, "ymax": 52.541666666666657 }, "geometry": { "type": "MultiPolygon", "coordinates": [ [ [ [ 4.852457500000071, 52.470359999000038 ], [ 4.844020645000057, 52.451734139000052 ], [ 4.862699, 52.430019499000082 ], [ 4.858798107000041, 52.425005167000052 ], [ 4.858692086000076, 52.419588603000079 ], [ 4.854781795000065, 52.417027800000028 ], [ 4.739188500000068, 52.431220999000061 ], [ 4.722983500000055, 52.43333399900007 ], [ 4.71381, 52.435554499000034 ], [ 4.705297500000029, 52.438895999000067 ], [ 4.674783500000046, 52.455444499000066 ], [ 4.696475735000035, 52.47028632100006 ], [ 4.700031181000043, 52.478630708000026 ], [ 4.707984, 52.486327999000082 ], [ 4.70846, 52.488647499000081 ], [ 4.714666500000021, 52.493190999000035 ], [ 4.720249500000023, 52.494960999000057 ], [ 4.732529086000056, 52.497063680000053 ], [ 4.750376772000038, 52.508981514000027 ], [ 4.749148464000029, 52.516327538000041 ], [ 4.751278419000073, 52.520386915000074 ], [ 4.782528, 52.51953499900003 ], [ 4.789845, 52.51922249900008 ], [ 4.78894537900004, 52.511739027000033 ], [ 4.79449416600005, 52.500254316000053 ], [ 4.793563276000043, 52.491555494000067 ], [ 4.816919344000041, 52.482796760000042 ], [ 4.83563958000002, 52.47980228800003 ], [ 4.842915585000071, 52.472216130000049 ], [ 4.852457500000071, 52.470359999000038 ] ] ] ] } },
{ "type": "Feature", "properties": { "GISCO_ID": "NL_GM0482", "CNTR_CODE": "NL", "LAU_ID": "GM0482", "LAU_NAME": "Alblasserdam", "cell_coverage": [ [ 0.064, 0.0201 ], [ 0.3007, 0.3416 ] ], "xmin": 4.625, "xmax": 4.708333333333333, "ymin": 51.833333333333321, "ymax": 51.916666666666657 }, "geometry": { "type": "MultiPolygon", "coordinates": [ [ [ [ 4.635218500000065, 51.869876999000041 ], [ 4.630328500000076, 51.875293499000065 ], [ 4.626396, 51.880607499000064 ], [ 4.667371282000033, 51.875399238000057 ], [ 4.693149282000036, 51.877421531000039 ], [ 4.683289961000071, 51.860836762000076 ], [ 4.683213, 51.848510499000042 ], [ 4.672893, 51.83864199900006 ], [ 4.648938064000049, 51.861876081000048 ], [ 4.635218500000065, 51.869876999000041 ] ] ] ] } },
{ "type": "Feature", "properties": { "GISCO_ID": "NL_GM0484", "CNTR_CODE": "NL", "LAU_ID": "GM0484", "LAU_NAME": "Alphen aan den Rijn", "cell_coverage": [ [ 0, 0, 0, 0, 0.0005, 0, 0 ], [ 0, 0.3561, 0.7714, 0.8779, 0.843, 0.7418, 0.0754 ], [ 0.1131, 0.9974, 1, 1, 0.9999, 0.5419, 0.0154 ], [ 0.056, 0.5125, 0.3479, 0.3833, 0.3556, 0.015, 0 ] ], "xmin": 4.5, "xmax": 4.791666666666667, "ymin": 52.041666666666657, "ymax": 52.208333333333321 }, "geometry": { "type": "MultiPolygon", "coordinates": [ [ [ [ 4.607465, 52.065559499000074 ], [ 4.565002, 52.05859749900003 ], [ 4.557198500000027, 52.061237499000072 ], [ 4.535396123000055, 52.072462582000071 ], [ 4.534944624000047, 52.077032819000067 ], [ 4.53061150000002, 52.080482499000027 ], [ 4.536885362000021, 52.085736503000078 ], [ 4.535669596000048, 52.118810613000051 ], [ 4.541079282000055, 52.119667035000077 ], [ 4.550768500000061, 52.138408499000036 ], [ 4.554703500000073, 52.136005499000078 ], [ 4.557773500000053, 52.133388999000033 ], [ 4.560288, 52.131881999000029 ], [ 4.562128500000028, 52.132640999000046 ], [ 4.563349, 52.134174499000039 ], [ 4.565815, 52.134952499000065 ], [ 4.567493, 52.137126999000031 ], [ 4.570423500000061, 52.142810999000062 ], [ 4.57163550000007, 52.153106499000046 ], [ 4.641641691000075, 52.16178708700005 ], [ 4.67748391300006, 52.162755030000028 ], [ 4.681166500000074, 52.167514999000048 ], [ 4.703355234000071, 52.154143653000062 ], [ 4.705624550000039, 52.145678344000032 ], [ 4.727972549000071, 52.15916178100008 ], [ 4.74275349100003, 52.161032133000049 ], [ 4.759527107000054, 52.131252262000032 ], [ 4.755793072000074, 52.123363750000067 ], [ 4.73879850000003, 52.106506499000034 ], [ 4.734767530000056, 52.102089749000072 ], [ 4.708082466000064, 52.095590530000038 ], [ 4.713700198000026, 52.07845806000006 ], [ 4.698374190000038, 52.074368142000026 ], [ 4.693400900000029, 52.068333802000041 ], [ 4.685821952000026, 52.068564923000054 ], [ 4.681587598000021, 52.059890129000053 ], [ 4.675229341000033, 52.065451204000055 ], [ 4.659760500000061, 52.063972499000045 ], [ 4.64013747000007, 52.064755588000082 ], [ 4.635456325000064, 52.073469901000067 ], [ 4.611454055000024, 52.076919944000053 ], [ 4.60738236100002, 52.075802972000076 ], [ 4.607465, 52.065559499000074 ] ] ] ] } },
{ "type": "Feature", "properties": { "GISCO_ID": "NL_GM0489", "CNTR_CODE": "NL", "LAU_ID": "GM0489", "LAU_NAME": "Barendrecht", "cell_coverage": [ [ 0.2604, 0.8561, 0.4586 ], [ 0, 0.0431, 0.016 ] ], "xmin": 4.4583333333333321, "xmax": 4.5833333333333321, "ymin": 51.79166666666665, "ymax": 51.875 }, "geometry": { "type": "MultiPolygon", "coordinates": [ [ [ [ 4.553419, 51.829990499000075 ], [ 4.548653, 51.831763999000032 ], [ 4.545748, 51.831943499000033 ], [ 4.53995, 51.831664999000054 ], [ 4.531272500000057, 51.830196499000067 ], [ 4.525476, 51.829852999000082 ], [ 4.519655500000056, 51.830726499000036 ], [ 4.502165, 51.834869499000035 ], [ 4.496349500000065, 51.835498999000038 ], [ 4.489014500000053, 51.835487499000067 ], [ 4.491057628000021, 51.841883387000053 ], [ 4.48893049000003, 51.851110658000039 ], [ 4.481261701000051, 51.855372424000052 ], [ 4.480419, 51.862331999000048 ], [ 4.482158448000064, 51.865588402000071 ], [ 4.493605371000058, 51.868670515000076 ], [ 4.532930863000047, 51.869063247000042 ], [ 4.549380500000041, 51.874023499000032 ], [ 4.563933444000043, 51.854855701000076 ], [ 4.569638119000047, 51.851941710000062 ], [ 4.571005500000069, 51.84718299900004 ], [ 4.553419, 51.829990499000075 ] ] ] ] } },
{ "type": "Feature", "properties": { "GISCO_ID": "NL_GM0498", "CNTR_CODE": "NL", "LAU_ID": "GM0498", "LAU_NAME": "Drechterland", "cell_coverage": [ [ 0.3272, 0.7203, 0.7478, 0.4373, 0.0896 ], [ 0.4651, 1, 0.991, 0.7563, 0.1191 ], [ 0.0479, 0.3786, 0.0979, 0, 0 ] ], "xmin": 5.0833333333333321, "xmax": 5.2916666666666652, "ymin": 52.583333333333321, "ymax": 52.708333333333321 }, "geometry": { "type": "MultiPolygon", "coordinates": [ [ [ [ 5.25954770200002, 52.659516163000035 ], [ 5.257185500000048, 52.64446999900008 ], [ 5.135306, 52.603938999000036 ], [ 5.124561361000076, 52.615409687000067 ], [ 5.096199204000072, 52.631947818000071 ], [ 5.105166362000034, 52.63625556900007 ], [ 5.102743954000061, 52.647083765000048 ], [ 5.117113461000031, 52.651696306000076 ], [ 5.098234642000023, 52.668151428000044 ], [ 5.091316, 52.678939999000079 ], [ 5.124050605000036, 52.690686245000052 ], [ 5.171741589000021, 52.703811016000031 ], [ 5.18700750000005, 52.70745849900004 ], [ 5.197097282000072, 52.690686245000052 ], [ 5.203357510000046, 52.680279861000031 ], [ 5.210694686000068, 52.683791775000032 ], [ 5.244053086000065, 52.686272160000044 ], [ 5.25954770200002, 52.678239678000068 ], [ 5.262266, 52.676830499000062 ], [ 5.25954770200002, 52.659516163000035 ] ] ] ] } },
{ "type": "Feature", "properties": { "GISCO_ID": "NL_GM0502", "CNTR_CODE": "NL", "LAU_ID": "GM0502", "LAU_NAME": "Capelle aan den IJssel", "cell_coverage": [ [ 0, 0.036, 0.0191 ], [ 0.0029, 0.4934, 0.4723 ], [ 0.0106, 0.1231, 0 ] ], "xmin": 4.5, "xmax": 4.625, "ymin": 51.875, "ymax": 51.999999999999986 }, "geometry": { "type": "MultiPolygon", "coordinates": [ [ [ [ 4.5499, 51.906730499000048 ], [ 4.556115480000074, 51.911077083000066 ], [ 4.555719317000069, 51.914834535000068 ], [ 4.55158771400005, 51.915223178000076 ], [ 4.542846993000069, 51.906941712000048 ], [ 4.53835977500006, 51.912868268000068 ], [ 4.539459040000054, 51.918670596000027 ], [ 4.556230581000023, 51.920011278000061 ], [ 4.564607212000055, 51.924216284000067 ], [ 4.561389538000071, 51.94005314900005 ], [ 4.571610727000063, 51.943659314000058 ], [ 4.564029765000043, 51.951509098000031 ], [ 4.562498926000046, 51.957204037000054 ], [ 4.583835, 51.965507499000068 ], [ 4.599617532000025, 51.951781910000079 ], [ 4.601788136000039, 51.946270745000049 ], [ 4.619478, 51.933479499000043 ], [ 4.617682, 51.93104149900006 ], [ 4.614327500000059, 51.926638999000033 ], [ 4.612579500000038, 51.925655499000072 ], [ 4.609285500000055, 51.925342499000067 ], [ 4.60442, 51.926299999000037 ], [ 4.601578, 51.926558999000065 ], [ 4.597571500000072, 51.925861499000064 ], [ 4.588494500000024, 51.921909499000037 ], [ 4.582234, 51.92049399900003 ], [ 4.580488500000058, 51.919105499000068 ], [ 4.579509, 51.917064499000048 ], [ 4.577435, 51.91469199900007 ], [ 4.571030500000063, 51.911788999000066 ], [ 4.567661500000042, 51.909797499000035 ], [ 4.563693500000056, 51.90870299900007 ], [ 4.559336, 51.908359499000028 ], [ 4.5499, 51.906730499000048 ] ] ] ] } },
{ "type": "Feature", "properties": { "GISCO_ID": "NL_GM0503", "CNTR_CODE": "NL", "LAU_ID": "GM0503", "LAU_NAME": "Delft", "cell_coverage": [ [ 0.0444, 0.5804, 0.2096 ], [ 0.035, 0.6263, 0.3136 ] ], "xmin": 4.2916666666666643, "xmax": 4.4166666666666643, "ymin": 51.958333333333321, "ymax": 52.041666666666657 }, "geometry": { "type": "MultiPolygon", "coordinates": [ [ [ [ 4.380346, 52.027023499000052 ], [ 4.393318239000052, 52.012859023000033 ], [ 4.386843824000039, 52.00274653300005 ], [ 4.396271923000029, 51.980898769000078 ], [ 4.407886500000075, 51.968177999000034 ], [ 4.403009, 51.966224499000077 ], [ 4.393356662000031, 51.977002452000079 ], [ 4.385128082000051, 51.975771217000045 ], [ 4.383917086000054, 51.971826367000062 ], [ 4.371198543000048, 51.969385868000074 ], [ 4.360404890000041, 51.970799990000046 ], [ 4.356109133000075, 51.976776057000052 ], [ 4.337764587000038, 51.975175638000053 ], [ 4.325105361000055, 51.990141595000068 ], [ 4.331810801000074, 51.993358666000063 ], [ 4.332546302000026, 51.997446098000069 ], [ 4.339923185000032, 52.003601806000063 ], [ 4.332505781000066, 52.007185092000043 ], [ 4.323087197000063, 52.005503575000034 ], [ 4.321628649000047, 52.008859810000047 ], [ 4.325991500000043, 52.012828999000078 ], [ 4.330232500000022, 52.014648499000032 ], [ 4.357776, 52.026885999000058 ], [ 4.373180760000025, 52.031895250000048 ], [ 4.380346, 52.027023499000052 ] ] ] ] } },
{ "type": "Feature", "properties": { "GISCO_ID": "NL_GM0505", "CNTR_CODE": "NL", "LAU_ID": "GM0505", "LAU_NAME": "Dordrecht", "cell_coverage": [ [ 0.015, 0.417, 0.7159, 0.7408, 0.5573, 0.456, 0.3927, 0.0228 ], [ 0.001, 0.9457, 1, 0.8867, 0.0796, 0, 0, 0 ], [ 0.0126, 0.6777, 0.4717, 0.0619, 0, 0, 0, 0 ] ], "xmin": 4.5833333333333321, "xmax": 4.9166666666666652, "ymin": 51.708333333333321, "ymax": 51.833333333333321 }, "geometry": { "type": "MultiPolygon", "coordinates": [ [ [ [ 4.884839500000055, 51.816570499000079 ], [ 4.876177, 51.811897499000054 ], [ 4.865608, 51.805480999000054 ], [ 4.859855, 51.802657999000076 ], [ 4.854541, 51.800838499000065 ], [ 4.845998500000064, 51.798755499000038 ], [ 4.836137, 51.797801999000058 ], [ 4.828857, 51.797992499000031 ], [ 4.81618050000003, 51.799678999000037 ], [ 4.806893, 51.800376999000036 ], [ 4.797274500000071, 51.799789499000042 ], [ 4.781813, 51.795943999000031 ], [ 4.773718, 51.793224499000075 ], [ 4.765597500000069, 51.78924549900006 ], [ 4.758403, 51.784415999000032 ], [ 4.755239, 51.781612499000062 ], [ 4.750567500000045, 51.775760499000057 ], [ 4.744787500000029, 51.76348899900006 ], [ 4.740769, 51.758819499000026 ], [ 4.736630500000047, 51.755569499000046 ], [ 4.729445500000054, 51.750709499000038 ], [ 4.724591, 51.74790499900007 ], [ 4.703745, 51.736926999000048 ], [ 4.693263, 51.732280499000069 ], [ 4.681597, 51.728420499000038 ], [ 4.67629450000004, 51.724918499000069 ], [ 4.645137500000033, 51.719066499000064 ], [ 4.620420500000023, 51.714126499000031 ], [ 4.626636500000075, 51.728381999000078 ], [ 4.630564, 51.739345499000081 ], [ 4.631526, 51.74402599900003 ], [ 4.631604, 51.747169499000051 ], [ 4.630738500000064, 51.751624999000057 ], [ 4.627441, 51.759216499000047 ], [ 4.626193, 51.764774499000055 ], [ 4.626267, 51.769489499000031 ], [ 4.627693500000021, 51.77684799900004 ], [ 4.627429, 51.782539499000052 ], [ 4.626474, 51.78577049900008 ], [ 4.622744, 51.793746999000064 ], [ 4.621221, 51.801089999000055 ], [ 4.626860500000021, 51.801276999000038 ], [ 4.632189, 51.802108999000041 ], [ 4.637428500000055, 51.803493499000069 ], [ 4.641685500000051, 51.805042499000081 ], [ 4.645244500000047, 51.807079499000054 ], [ 4.653483, 51.813518499000054 ], [ 4.661472500000059, 51.818183999000041 ], [ 4.665345, 51.819686999000055 ], [ 4.67158, 51.82093799900008 ], [ 4.677240500000039, 51.820380999000065 ], [ 4.680382500000064, 51.820411499000045 ], [ 4.689964, 51.821342499000082 ], [ 4.702347, 51.823077999000077 ], [ 4.706641, 51.823364499000036 ], [ 4.729982500000062, 51.822429499000066 ], [ 4.749471, 51.821944999000038 ], [ 4.752853500000072, 51.82120149900004 ], [ 4.762703500000043, 51.817264499000032 ], [ 4.766653500000075, 51.816077999000072 ], [ 4.770432500000027, 51.815501999000048 ], [ 4.775716500000044, 51.815162499000053 ], [ 4.78802950000005, 51.815166499000043 ], [ 4.799005, 51.817466499000034 ], [ 4.811415, 51.818629999000052 ], [ 4.826452, 51.819244499000035 ], [ 4.841068500000063, 51.819175499000039 ], [ 4.872502500000053, 51.817458999000053 ], [ 4.877619500000037, 51.81771849900008 ], [ 4.88340850000003, 51.818576999000072 ], [ 4.884839500000055, 51.816570499000079 ] ] ] ] } },
{ "type": "Feature", "properties": { "GISCO_ID": "NL_GM0512", "CNTR_CODE": "NL", "LAU_ID": "GM0512", "LAU_NAME": "Gorinchem", "cell_coverage": [ [ 0.3628, 0.5461, 0.1628 ], [ 0.1116, 0.2602, 0.2128 ] ], "xmin": 4.9166666666666643, "xmax": 5.0416666666666643, "ymin": 51.79166666666665, "ymax": 51.875 }, "geometry": { "type": "MultiPolygon", "coordinates": [ [ [ [ 4.959697281000047, 51.861412600000051 ], [ 4.962320183000031, 51.862221534000071 ], [ 4.98133109500003, 51.857499953000058 ], [ 4.983906979000039, 51.851491687000077 ], [ 4.99496905500007, 51.849756185000047 ], [ 4.998569500000031, 51.851829499000075 ], [ 5.000335901000028, 51.84497960200008 ], [ 5.030486795000058, 51.840461375000075 ], [ 5.026677500000062, 51.818736999000066 ], [ 5.012532, 51.820598499000027 ], [ 5.000534, 51.82093799900008 ], [ 4.99273450000004, 51.820815999000047 ], [ 4.987757, 51.821059999000056 ], [ 4.969583500000056, 51.823653999000044 ], [ 4.959697281000047, 51.825028818000078 ], [ 4.936063, 51.828315499000041 ], [ 4.931143, 51.828529499000069 ], [ 4.926900500000045, 51.828300499000079 ], [ 4.924613500000021, 51.839702499000055 ], [ 4.94207573400007, 51.845582869000054 ], [ 4.939959027000043, 51.863057666000032 ], [ 4.95536794700007, 51.860077382000043 ], [ 4.959697281000047, 51.861412600000051 ] ] ] ] } },
{ "type": "Feature", "properties": { "GISCO_ID": "NL_GM0513", "CNTR_CODE": "NL", "LAU_ID": "GM0513", "LAU_NAME": "Gouda", "cell_coverage": [ [ 0.0142, 0.7075, 0.5657, 0.022 ], [ 0, 0.0294, 0.0019, 0 ] ], "xmin": 4.625, "xmax": 4.791666666666667, "ymin": 51.958333333333321, "ymax": 52.041666666666657 }, "geometry": { "type": "MultiPolygon", "coordinates": [ [ [ [ 4.688698, 51.996238499000071 ], [ 4.661475584000073, 52.004240121000066 ], [ 4.667034, 52.012744499000064 ], [ 4.679314225000041, 52.019376677000082 ], [ 4.672235933000024, 52.025708830000042 ], [ 4.706179, 52.040076999000064 ], [ 4.718734312000038, 52.03504358400005 ], [ 4.720875009000054, 52.026849794000043 ], [ 4.74256618000004, 52.022298935000038 ], [ 4.750769, 52.014079999000046 ], [ 4.756067718000054, 52.001923372000078 ], [ 4.729769500000032, 52.007084646000067 ], [ 4.723992789000022, 52.005392677000032 ], [ 4.724540054000045, 52.001026028000069 ], [ 4.720931971000027, 51.99915803500005 ], [ 4.707096448000073, 52.001059724000072 ], [ 4.688698, 51.996238499000071 ] ] ] ] } },
{ "type": "Feature", "properties": { "GISCO_ID": "NL_GM0518", "CNTR_CODE": "NL", "LAU_ID": "GM0518", "LAU_NAME": "'s-Gravenhage", "cell_coverage": [ [ 0, 0, 0, 0.009, 0, 0, 0 ], [ 0, 0.0404, 0.5905, 0.8216, 0.3255, 0, 0 ], [ 0.0693, 0.8274, 1, 0.7991, 0.5224, 0.5712, 0.0272 ], [ 0.0028, 0.1891, 0.3111, 0.1192, 0.1609, 0.0743, 0 ] ], "xmin": 4.1666666666666643, "xmax": 4.4583333333333313, "ymin": 51.999999999999993, "ymax": 52.166666666666657 }, "geometry": { "type": "MultiPolygon", "coordinates": [ [ [ [ 4.380346, 52.027023499000052 ], [ 4.373180760000025, 52.031895250000048 ], [ 4.357776, 52.026885999000058 ], [ 4.347367770000062, 52.042632268000034 ], [ 4.351243346000047, 52.049609233000069 ], [ 4.339228723000076, 52.06106741800005 ], [ 4.291842128000042, 52.041510557000038 ], [ 4.307601500000033, 52.018199999000046 ], [ 4.293808217000048, 52.015868720000071 ], [ 4.271978327000056, 52.035168290000058 ], [ 4.249236448000033, 52.025940923000064 ], [ 4.234824679000042, 52.038295430000062 ], [ 4.212163091000036, 52.031623740000043 ], [ 4.198018500000046, 52.054144499000074 ], [ 4.261344066000049, 52.102285618000053 ], [ 4.303328500000021, 52.128266499000063 ], [ 4.331933740000068, 52.106403535000027 ], [ 4.331740182000033, 52.103342573000077 ], [ 4.32463343400002, 52.09935942900006 ], [ 4.326942573000053, 52.096467259000065 ], [ 4.343298116000028, 52.098159300000077 ], [ 4.358421360000023, 52.104544259000079 ], [ 4.372691, 52.094787499000063 ], [ 4.371003637000058, 52.091230594000081 ], [ 4.33831372800006, 52.075955672000077 ], [ 4.352841787000045, 52.068122355000071 ], [ 4.343591251000021, 52.061508103000051 ], [ 4.345716218000064, 52.058389182000042 ], [ 4.358132607000073, 52.057491585000037 ], [ 4.357568564000076, 52.062013819000072 ], [ 4.38183243800006, 52.07531238100006 ], [ 4.40343195600002, 52.077172292000057 ], [ 4.420818, 52.062602999000035 ], [ 4.421647760000042, 52.058104035000042 ], [ 4.417738925000037, 52.055825394000067 ], [ 4.422058500000048, 52.051696999000058 ], [ 4.394543199000054, 52.053193046000047 ], [ 4.385513820000028, 52.049484539000048 ], [ 4.373905415000024, 52.040541577000056 ], [ 4.379689718000066, 52.036665363000054 ], [ 4.387849275000065, 52.037809534000075 ], [ 4.392723728000021, 52.033313821000036 ], [ 4.380346, 52.027023499000052 ] ] ] ] } },
{ "type": "Feature", "properties": { "GISCO_ID": "NL_GM0523", "CNTR_CODE": "NL", "LAU_ID": "GM0523", "LAU_NAME": "Hardinxveld-Giessendam", "cell_coverage": [ [ 0.3258, 0.1509, 0.0505, 0.0287 ], [ 0.2269, 0.345, 0.2823, 0.0309 ] ], "xmin": 4.7916666666666643, "xmax": 4.9583333333333313, "ymin": 51.79166666666665, "ymax": 51.875 }, "geometry": { "type": "MultiPolygon", "coordinates": [ [ [ [ 4.884839500000055, 51.816570499000079 ], [ 4.88340850000003, 51.818576999000072 ], [ 4.877619500000037, 51.81771849900008 ], [ 4.872502500000053, 51.817458999000053 ], [ 4.841068500000063, 51.819175499000039 ], [ 4.826452, 51.819244499000035 ], [ 4.811415, 51.818629999000052 ], [ 4.805195583000057, 51.823417367000047 ], [ 4.803391500000032, 51.846442999000033 ], [ 4.836965894000059, 51.859911398000065 ], [ 4.850003556000047, 51.832524325000065 ], [ 4.876505175000034, 51.832388436000031 ], [ 4.924613500000021, 51.839702499000055 ], [ 4.926900500000045, 51.828300499000079 ], [ 4.92272, 51.828075499000079 ], [ 4.918606500000067, 51.827479999000047 ], [ 4.911253, 51.825977499000032 ], [ 4.904166500000031, 51.823971499000038 ], [ 4.889427, 51.81890499900004 ], [ 4.884839500000055, 51.816570499000079 ] ] ] ] } },
{ "type": "Feature", "properties": { "GISCO_ID": "NL_GM0530", "CNTR_CODE": "NL", "LAU_ID": "GM0530", "LAU_NAME": "Hellevoetsluis", "cell_coverage": [ [ 0, 0, 0.0574, 0, 0 ], [ 0.2048, 0.5399, 0.9509, 0.4203, 0.0009 ], [ 0.2214, 0.5266, 0.7092, 0.84, 0.0807 ], [ 0, 0, 0, 0.0013, 0 ] ], "xmin": 4.0416666666666643, "xmax": 4.25, "ymin": 51.75, "ymax": 51.916666666666657 }, "geometry": { "type": "MultiPolygon", "coordinates": [ [ [ [ 4.155226500000026, 51.881622499000059 ], [ 4.157232799000042, 51.878577948000043 ], [ 4.154914069000029, 51.873856372000034 ], [ 4.159504775000073, 51.86812050900005 ], [ 4.182804850000025, 51.862780335000082 ], [ 4.176889564000021, 51.855832550000059 ], [ 4.185181, 51.849700999000049 ], [ 4.197018456000023, 51.849400514000081 ], [ 4.197289729000033, 51.835947948000069 ], [ 4.208286115000021, 51.83481191900006 ], [ 4.22005538600007, 51.826968709000028 ], [ 4.211160903000064, 51.814036995000038 ], [ 4.195297159000063, 51.80703208400007 ], [ 4.192632500000059, 51.791113499000062 ], [ 4.173164127000064, 51.792429487000049 ], [ 4.146740918000035, 51.806026214000042 ], [ 4.122991040000045, 51.806902922000063 ], [ 4.071341730000029, 51.819194494000044 ], [ 4.061241862000031, 51.822822803000065 ], [ 4.048836, 51.831939999000042 ], [ 4.053726653000069, 51.839148140000077 ], [ 4.067505500000038, 51.845299999000076 ], [ 4.116284381000071, 51.857855923000045 ], [ 4.119863113000065, 51.86048280600005 ], [ 4.12058604200007, 51.866407905000074 ], [ 4.131387264000068, 51.87608132500003 ], [ 4.155226500000026, 51.881622499000059 ] ] ] ] } },
{ "type": "Feature", "properties": { "GISCO_ID": "NL_GM0531", "CNTR_CODE": "NL", "LAU_ID": "GM0531", "LAU_NAME": "Hendrik-Ido-Ambacht", "cell_coverage": [ [ 0.2039, 0.5131, 0.028 ], [ 0.0102, 0.1218, 0.0137 ] ], "xmin": 4.5833333333333321, "xmax": 4.7083333333333321, "ymin": 51.79166666666665, "ymax": 51.875 }, "geometry": { "type": "MultiPolygon", "coordinates": [ [ [ [ 4.670186, 51.824485999000046 ], [ 4.66525, 51.827487999000027 ], [ 4.661968, 51.831493499000032 ], [ 4.636873500000036, 51.825454499000045 ], [ 4.600129, 51.838763999000037 ], [ 4.606695756000022, 51.848804492000056 ], [ 4.626113082000074, 51.853774040000076 ], [ 4.636506356000041, 51.850188284000069 ], [ 4.645429267000054, 51.855634572000042 ], [ 4.635218500000065, 51.869876999000041 ], [ 4.648938064000049, 51.861876081000048 ], [ 4.672893, 51.83864199900006 ], [ 4.672776500000055, 51.83608999900008 ], [ 4.670013500000039, 51.83240949900005 ], [ 4.669294, 51.830363999000042 ], [ 4.670186, 51.824485999000046 ] ] ] ] } },
{ "type": "Feature", "properties": { "GISCO_ID": "NL_GM0534", "CNTR_CODE": "NL", "LAU_ID": "GM0534", "LAU_NAME": "Hillegom", "cell_coverage": [ [ 0.3531, 0.2955 ], [ 0.3214, 0.0594 ] ], "xmin": 4.5416666666666643, "xmax": 4.625, "ymin": 52.25, "ymax": 52.333333333333321 }, "geometry": { "type": "MultiPolygon", "coordinates": [ [ [ [ 4.611684, 52.313586999000051 ], [ 4.611221, 52.311748499000032 ], [ 4.604433, 52.305938499000035 ], [ 4.597224, 52.296302999000034 ], [ 4.59588750000006, 52.291106999000078 ], [ 4.591074, 52.285705499000073 ], [ 4.588421, 52.280459999000072 ], [ 4.572662, 52.271152499000038 ], [ 4.54257350000006, 52.286617499000045 ], [ 4.563628, 52.309226999000032 ], [ 4.566860500000075, 52.312957999000048 ], [ 4.56897, 52.316501499000026 ], [ 4.573222500000043, 52.315330499000027 ], [ 4.583546, 52.318473999000048 ], [ 4.591097500000046, 52.317756499000041 ], [ 4.596237500000029, 52.317756499000041 ], [ 4.599911, 52.316970999000034 ], [ 4.605743, 52.315017499000078 ], [ 4.611684, 52.313586999000051 ] ] ] ] } },
{ "type": "Feature", "properties": { "GISCO_ID": "NL_GM0537", "CNTR_CODE": "NL", "LAU_ID": "GM0537", "LAU_NAME": "Katwijk", "cell_coverage": [ [ 0, 0.0946, 0.0942, 0.0177 ], [ 0.0003, 0.6963, 0.884, 0.0479 ], [ 0, 0.0104, 0.1395, 0 ] ], "xmin": 4.3333333333333321, "xmax": 4.5, "ymin": 52.125, "ymax": 52.25 }, "geometry": { "type": "MultiPolygon", "coordinates": [ [ [ [ 4.463506, 52.200191499000027 ], [ 4.465187345000061, 52.19566857500007 ], [ 4.45892439000005, 52.184538953000072 ], [ 4.442275948000031, 52.180692847000046 ], [ 4.447986707000041, 52.175985026000035 ], [ 4.445720595000068, 52.167646414000046 ], [ 4.448348500000066, 52.161884499000053 ], [ 4.444155, 52.158126999000046 ], [ 4.440516500000058, 52.155658499000026 ], [ 4.41347440100003, 52.163128356000072 ], [ 4.409028864000049, 52.168387795000058 ], [ 4.403586198000028, 52.168772862000026 ], [ 4.374232500000062, 52.187089999000079 ], [ 4.405349500000057, 52.21953299900008 ], [ 4.418163781000032, 52.21500912700003 ], [ 4.425417651000032, 52.215590317000078 ], [ 4.440351718000045, 52.208135537000032 ], [ 4.464103, 52.215984499000058 ], [ 4.464934503000052, 52.212527347000048 ], [ 4.457054796000023, 52.207140270000082 ], [ 4.463506, 52.200191499000027 ] ] ] ] } },
{ "type": "Feature", "properties": { "GISCO_ID": "NL_GM0542", "CNTR_CODE": "NL", "LAU_ID": "GM0542", "LAU_NAME": "Krimpen aan den IJssel", "cell_coverage": [ [ 0.0065, 0.2105, 0.0151 ], [ 0.1225, 0.216, 0.0257 ] ], "xmin": 4.5416666666666643, "xmax": 4.6666666666666643, "ymin": 51.875, "ymax": 51.958333333333321 }, "geometry": { "type": "MultiPolygon", "coordinates": [ [ [ [ 4.617682, 51.93104149900006 ], [ 4.636115793000045, 51.912913907000075 ], [ 4.575958, 51.903030499000067 ], [ 4.572871, 51.903861999000071 ], [ 4.569486, 51.904342499000052 ], [ 4.555089500000065, 51.905647499000054 ], [ 4.549234500000068, 51.904884499000048 ], [ 4.5499, 51.906730499000048 ], [ 4.559336, 51.908359499000028 ], [ 4.563693500000056, 51.90870299900007 ], [ 4.567661500000042, 51.909797499000035 ], [ 4.571030500000063, 51.911788999000066 ], [ 4.577435, 51.91469199900007 ], [ 4.579509, 51.917064499000048 ], [ 4.580488500000058, 51.919105499000068 ], [ 4.582234, 51.92049399900003 ], [ 4.588494500000024, 51.921909499000037 ], [ 4.597571500000072, 51.925861499000064 ], [ 4.601578, 51.926558999000065 ], [ 4.60442, 51.926299999000037 ], [ 4.609285500000055, 51.925342499000067 ], [ 4.612579500000038, 51.925655499000072 ], [ 4.614327500000059, 51.926638999000033 ], [ 4.617682, 51.93104149900006 ] ] ] ] } },
{ "type": "Feature", "properties": { "GISCO_ID": "NL_GM0546", "CNTR_CODE": "NL", "LAU_ID": "GM0546", "LAU_NAME": "Leiden", "cell_coverage": [ [ 0.0115, 0.2264, 0.1618 ], [ 0.1839, 0.8431, 0.2995 ], [ 0, 0.0223, 0 ] ], "xmin": 4.4166666666666643, "xmax": 4.5416666666666643, "ymin": 52.083333333333321, "ymax": 52.208333333333321 }, "geometry": { "type": "MultiPolygon", "coordinates": [ [ [ [ 4.448348500000066, 52.161884499000053 ], [ 4.454469901000039, 52.170512715000029 ], [ 4.465802727000039, 52.170394072000079 ], [ 4.479387952000025, 52.17921248500005 ], [ 4.493206165000061, 52.176430819000075 ], [ 4.497729500000048, 52.183974999000043 ], [ 4.518357500000036, 52.182101499000055 ], [ 4.515316678000033, 52.161710225000036 ], [ 4.524107, 52.147407999000052 ], [ 4.520801500000061, 52.146485999000049 ], [ 4.517435, 52.145282499000075 ], [ 4.515037, 52.144115499000065 ], [ 4.513499500000023, 52.143062499000052 ], [ 4.51127450000007, 52.140723999000045 ], [ 4.513058, 52.13991149900005 ], [ 4.492064, 52.129131499000039 ], [ 4.488097, 52.127628499000082 ], [ 4.472972, 52.118911499000035 ], [ 4.470416628000066, 52.126209279000079 ], [ 4.464434, 52.127246999000079 ], [ 4.468590517000052, 52.134213343000056 ], [ 4.464800336000053, 52.148843470000031 ], [ 4.459059207000053, 52.148993622000035 ], [ 4.448278253000069, 52.14117506000008 ], [ 4.44459164400007, 52.141511445000049 ], [ 4.442916, 52.145301999000026 ], [ 4.440516500000058, 52.155658499000026 ], [ 4.444155, 52.158126999000046 ], [ 4.448348500000066, 52.161884499000053 ] ] ] ] } },
{ "type": "Feature", "properties": { "GISCO_ID": "NL_GM0547", "CNTR_CODE": "NL", "LAU_ID": "GM0547", "LAU_NAME": "Leiderdorp", "cell_coverage": [ [ 0.1967, 0.0151 ], [ 0.3026, 0.4441 ] ], "xmin": 4.5, "xmax": 4.583333333333333, "ymin": 52.125, "ymax": 52.208333333333321 }, "geometry": { "type": "MultiPolygon", "coordinates": [ [ [ [ 4.518357500000036, 52.182101499000055 ], [ 4.538155500000073, 52.180053499000053 ], [ 4.548670681000033, 52.165491819000067 ], [ 4.559112500000026, 52.164826801000061 ], [ 4.57163550000007, 52.153106499000046 ], [ 4.570423500000061, 52.142810999000062 ], [ 4.567493, 52.137126999000031 ], [ 4.565815, 52.134952499000065 ], [ 4.563349, 52.134174499000039 ], [ 4.562128500000028, 52.132640999000046 ], [ 4.560288, 52.131881999000029 ], [ 4.557773500000053, 52.133388999000033 ], [ 4.554703500000073, 52.136005499000078 ], [ 4.550768500000061, 52.138408499000036 ], [ 4.529940368000041, 52.142741795000063 ], [ 4.524107, 52.147407999000052 ], [ 4.515316678000033, 52.161710225000036 ], [ 4.518357500000036, 52.182101499000055 ] ] ] ] } },
{ "type": "Feature", "properties": { "GISCO_ID": "NL_GM0553", "CNTR_CODE": "NL", "LAU_ID": "GM0553", "LAU_NAME": "Lisse", "cell_coverage": [ [ 0.3076, 0.4738 ], [ 0.1599, 0.279 ] ], "xmin": 4.5, "xmax": 4.583333333333333, "ymin": 52.208333333333321, "ymax": 52.291666666666657 }, "geometry": { "type": "MultiPolygon", "coordinates": [ [ [ [ 4.54257350000006, 52.286617499000045 ], [ 4.572662, 52.271152499000038 ], [ 4.568488104000039, 52.267129437000051 ], [ 4.569144954000024, 52.257379901000036 ], [ 4.56326318400005, 52.236140448000072 ], [ 4.551630971000066, 52.227695776000076 ], [ 4.553827500000068, 52.222324499000081 ], [ 4.526631, 52.234898354000052 ], [ 4.529287339000064, 52.240115426000045 ], [ 4.525285504000067, 52.247201956000026 ], [ 4.513243, 52.254970499000081 ], [ 4.530213395000033, 52.27030101400004 ], [ 4.531558060000066, 52.275269169000069 ], [ 4.54257350000006, 52.286617499000045 ] ] ] ] } },
{ "type": "Feature", "properties": { "GISCO_ID": "NL_GM0556", "CNTR_CODE": "NL", "LAU_ID": "GM0556", "LAU_NAME": "Maassluis", "cell_coverage": [ [ 0.4087, 0.2222, 0.0002 ], [ 0.0171, 0.1412, 0 ] ], "xmin": 4.2083333333333321, "xmax": 4.3333333333333321, "ymin": 51.875, "ymax": 51.958333333333321 }, "geometry": { "type": "MultiPolygon", "coordinates": [ [ [ [ 4.292683500000066, 51.921279999000035 ], [ 4.28302350000007, 51.914882499000043 ], [ 4.26757850000007, 51.905334499000048 ], [ 4.240129598000067, 51.915586261000044 ], [ 4.214684626000064, 51.932868468000038 ], [ 4.219527, 51.94140999900003 ], [ 4.227576382000052, 51.946972637000044 ], [ 4.240317, 51.942870999000036 ], [ 4.266931551000027, 51.924929251000037 ], [ 4.292683500000066, 51.921279999000035 ] ] ] ] } },
{ "type": "Feature", "properties": { "GISCO_ID": "NL_GM0569", "CNTR_CODE": "NL", "LAU_ID": "GM0569", "LAU_NAME": "Nieuwkoop", "cell_coverage": [ [ 0, 0.0448, 0.3412, 0.0881, 0, 0 ], [ 0.3713, 0.9596, 1, 0.7962, 0.2764, 0.0061 ], [ 0.1283, 0.2582, 0.9246, 0.7619, 0.6393, 0.0629 ], [ 0, 0.03, 0.2296, 0.006, 0, 0 ] ], "xmin": 4.6666666666666643, "xmax": 4.9166666666666643, "ymin": 52.083333333333321, "ymax": 52.25 }, "geometry": { "type": "MultiPolygon", "coordinates": [ [ [ [ 4.728766, 52.209819499000048 ], [ 4.73564239600006, 52.207904013000075 ], [ 4.743350554000074, 52.214041210000062 ], [ 4.76327653200002, 52.218736210000031 ], [ 4.778902706000054, 52.227716226000041 ], [ 4.794524, 52.226726499000051 ], [ 4.801717001000043, 52.216741021000075 ], [ 4.803293573000076, 52.201783426000077 ], [ 4.812708172000043, 52.201426656000081 ], [ 4.842510264000055, 52.180994871000053 ], [ 4.856434618000037, 52.178394800000035 ], [ 4.892281, 52.161811999000065 ], [ 4.874540696000054, 52.155768465000051 ], [ 4.872786776000055, 52.13881611100004 ], [ 4.856345487000056, 52.137367991000076 ], [ 4.831828706000067, 52.14412849100006 ], [ 4.812628276000055, 52.139220736000027 ], [ 4.806046863000063, 52.12763719700007 ], [ 4.792076, 52.122359999000082 ], [ 4.755645095000034, 52.109253015000036 ], [ 4.73879850000003, 52.106506499000034 ], [ 4.755793072000074, 52.123363750000067 ], [ 4.759527107000054, 52.131252262000032 ], [ 4.74275349100003, 52.161032133000049 ], [ 4.727972549000071, 52.15916178100008 ], [ 4.705624550000039, 52.145678344000032 ], [ 4.703355234000071, 52.154143653000062 ], [ 4.681166500000074, 52.167514999000048 ], [ 4.689105792000021, 52.190805915000055 ], [ 4.695808245000023, 52.19033958700004 ], [ 4.707974509000053, 52.204206490000047 ], [ 4.719881369000063, 52.202062023000053 ], [ 4.723839688000055, 52.21052854900006 ], [ 4.728766, 52.209819499000048 ] ] ] ] } },
{ "type": "Feature", "properties": { "GISCO_ID": "NL_GM0575", "CNTR_CODE": "NL", "LAU_ID": "GM0575", "LAU_NAME": "Noordwijk", "cell_coverage": [ [ 0, 0, 0.4198, 0.7038, 0.1791 ], [ 0, 0.2248, 0.9775, 0.6703, 0.0097 ], [ 0.0543, 0.8244, 0.4466, 0.0055, 0 ], [ 0, 0.0001, 0, 0, 0 ] ], "xmin": 4.375, "xmax": 4.583333333333333, "ymin": 52.166666666666657, "ymax": 52.333333333333321 }, "geometry": { "type": "MultiPolygon", "coordinates": [ [ [ [ 4.563628, 52.309226999000032 ], [ 4.54257350000006, 52.286617499000045 ], [ 4.531558060000066, 52.275269169000069 ], [ 4.530213395000033, 52.27030101400004 ], [ 4.513243, 52.254970499000081 ], [ 4.468086329000073, 52.226086686000031 ], [ 4.469925525000065, 52.220342346000052 ], [ 4.464103, 52.215984499000058 ], [ 4.440351718000045, 52.208135537000032 ], [ 4.425417651000032, 52.215590317000078 ], [ 4.418163781000032, 52.21500912700003 ], [ 4.405349500000057, 52.21953299900008 ], [ 4.444817753000052, 52.26374820500007 ], [ 4.493847500000072, 52.328259999000068 ], [ 4.543263500000023, 52.31494899900008 ], [ 4.547204500000021, 52.313945999000055 ], [ 4.563628, 52.309226999000032 ] ] ] ] } },
{ "type": "Feature", "properties": { "GISCO_ID": "NL_GM0579", "CNTR_CODE": "NL", "LAU_ID": "GM0579", "LAU_NAME": "Oegstgeest", "cell_coverage": [ [ 0.1035, 0.4877 ], [ 0.0077, 0 ] ], "xmin": 4.4166666666666643, "xmax": 4.5, "ymin": 52.125, "ymax": 52.208333333333321 }, "geometry": { "type": "MultiPolygon", "coordinates": [ [ [ [ 4.497729500000048, 52.183974999000043 ], [ 4.493206165000061, 52.176430819000075 ], [ 4.479387952000025, 52.17921248500005 ], [ 4.465802727000039, 52.170394072000079 ], [ 4.454469901000039, 52.170512715000029 ], [ 4.448348500000066, 52.161884499000053 ], [ 4.445720595000068, 52.167646414000046 ], [ 4.447986707000041, 52.175985026000035 ], [ 4.442275948000031, 52.180692847000046 ], [ 4.45892439000005, 52.184538953000072 ], [ 4.465187345000061, 52.19566857500007 ], [ 4.463506, 52.200191499000027 ], [ 4.477731314000039, 52.203732763000062 ], [ 4.490415200000029, 52.203398892000052 ], [ 4.49290200300004, 52.196301743000049 ], [ 4.488753135000024, 52.190431740000065 ], [ 4.490554453000072, 52.18241297000003 ], [ 4.497729500000048, 52.183974999000043 ] ] ] ] } },
{ "type": "Feature", "properties": { "GISCO_ID": "NL_GM0589", "CNTR_CODE": "NL", "LAU_ID": "GM0589", "LAU_NAME": "Oudewater", "cell_coverage": [ [ 0.0356, 0.3929, 0.2441, 0 ], [ 0.3904, 0.8622, 0.8173, 0.0347 ], [ 0.0469, 0.1789, 0.0003, 0 ] ], "xmin": 4.7916666666666643, "xmax": 4.9583333333333313, "ymin": 51.958333333333321, "ymax": 52.083333333333321 }, "geometry": { "type": "MultiPolygon", "coordinates": [ [ [ [ 4.798712500000022, 52.022166999000035 ], [ 4.80874702400007, 52.026712888000077 ], [ 4.807847729000059, 52.032810319000077 ], [ 4.818257981000045, 52.038002926000047 ], [ 4.830478225000036, 52.050153277000049 ], [ 4.868229, 52.063510999000073 ], [ 4.894026588000031, 52.049320370000032 ], [ 4.906343586000048, 52.052858893000064 ], [ 4.914848611000025, 52.045897061000062 ], [ 4.912766971000053, 52.039629637000075 ], [ 4.925536729000044, 52.028965157000073 ], [ 4.921198047000075, 52.025953620000053 ], [ 4.907750380000039, 52.024427615000036 ], [ 4.919857500000035, 52.010158499000056 ], [ 4.907405323000035, 52.010252630000082 ], [ 4.835227, 51.986175499000069 ], [ 4.820465180000042, 51.99923048200003 ], [ 4.855157901000041, 52.005498777000071 ], [ 4.84814547700006, 52.016555200000028 ], [ 4.805392968000035, 52.014094111000077 ], [ 4.798712500000022, 52.022166999000035 ] ] ] ] } },
{ "type": "Feature", "properties": { "GISCO_ID": "NL_GM0597", "CNTR_CODE": "NL", "LAU_ID": "GM0597", "LAU_NAME": "Ridderkerk", "cell_coverage": [ [ 0.2008, 0.4201, 0.0119 ], [ 0.3902, 0.6994, 0.1862 ] ], "xmin": 4.5416666666666643, "xmax": 4.6666666666666643, "ymin": 51.833333333333321, "ymax": 51.916666666666657 }, "geometry": { "type": "MultiPolygon", "coordinates": [ [ [ [ 4.575958, 51.903030499000067 ], [ 4.579395, 51.90229049900006 ], [ 4.583455500000071, 51.900990999000044 ], [ 4.590157500000032, 51.896259999000051 ], [ 4.595176500000036, 51.894132999000078 ], [ 4.605322, 51.891903999000078 ], [ 4.613749, 51.890510499000072 ], [ 4.619486, 51.889606499000081 ], [ 4.626396, 51.880607499000064 ], [ 4.630328500000076, 51.875293499000065 ], [ 4.635218500000065, 51.869876999000041 ], [ 4.645429267000054, 51.855634572000042 ], [ 4.636506356000041, 51.850188284000069 ], [ 4.626113082000074, 51.853774040000076 ], [ 4.606695756000022, 51.848804492000056 ], [ 4.600129, 51.838763999000037 ], [ 4.585731, 51.842414999000027 ], [ 4.571005500000069, 51.84718299900004 ], [ 4.569638119000047, 51.851941710000062 ], [ 4.563933444000043, 51.854855701000076 ], [ 4.549380500000041, 51.874023499000032 ], [ 4.568918885000073, 51.879346684000041 ], [ 4.575958, 51.903030499000067 ] ] ] ] } },
{ "type": "Feature", "properties": { "GISCO_ID": "NL_GM0599", "CNTR_CODE": "NL", "LAU_ID": "GM0599", "LAU_NAME": "Rotterdam", "cell_coverage": [ [ 0, 0, 0, 0, 0.0003, 0, 0, 0, 0, 0, 0, 0, 0, 0, 0, 0 ], [ 0.4631, 0.6744, 0.5334, 0.7386, 0.6879, 0.1523, 0, 0, 0, 0, 0.1535, 0.282, 0.374, 0.174, 0.353, 0.1821 ], [ 0.5978, 0.8719, 0.6582, 0.6216, 0.6733, 0.9187, 0.232, 0, 0, 0, 0.3549, 1, 1, 0.9971, 0.5001, 0 ], [ 0.0001, 0, 0, 0, 0, 0.1213, 0.7193, 0.7038, 0.4911, 0.5454, 0.6104, 1, 1, 0.9894, 0.5472, 0 ], [ 0, 0, 0, 0, 0, 0, 0.026, 0.2326, 0.2549, 0.5807, 0.2602, 0.1664, 0.2447, 0.139, 0.0105, 0 ] ], "xmin": 3.9583333333333321, "xmax": 4.625, "ymin": 51.833333333333321, "ymax": 52.041666666666657 }, "geometry": { "type": "MultiPolygon", "coordinates": [ [ [ [ 4.26757850000007, 51.905334499000048 ], [ 4.27877, 51.901138499000069 ], [ 4.289389500000027, 51.898261999000056 ], [ 4.30065, 51.896487999000044 ], [ 4.323719500000038, 51.894172499000035 ], [ 4.330957500000068, 51.894103999000038 ], [ 4.338089, 51.894805999000027 ], [ 4.357152500000041, 51.899127999000029 ], [ 4.366032500000074, 51.899650499000074 ], [ 4.370493500000066, 51.899368499000047 ], [ 4.397666027000071, 51.897343687000046 ], [ 4.41038762200003, 51.900414104000049 ], [ 4.413809312000069, 51.904509976000043 ], [ 4.411063237000064, 51.911974883000028 ], [ 4.415604272000053, 51.920677276000049 ], [ 4.409625265000045, 51.932311325000057 ], [ 4.413208391000069, 51.937879726000062 ], [ 4.402644563000024, 51.938610484000037 ], [ 4.39029539400002, 51.945786713000075 ], [ 4.379322, 51.963393999000061 ], [ 4.394484803000068, 51.963128746000052 ], [ 4.403009, 51.966224499000077 ], [ 4.407886500000075, 51.968177999000034 ], [ 4.427855500000021, 51.976466999000081 ], [ 4.446873303000075, 51.963711949000071 ], [ 4.459002992000023, 51.968799478000051 ], [ 4.463464617000056, 51.977230133000035 ], [ 4.469595869000045, 51.979792721000081 ], [ 4.493102386000032, 51.968661320000081 ], [ 4.497879223000041, 51.97074077700006 ], [ 4.517608214000063, 51.961021069000026 ], [ 4.547514, 51.972770499000035 ], [ 4.556733313000052, 51.968965906000051 ], [ 4.572390594000069, 51.972567260000062 ], [ 4.571292017000076, 51.978480550000029 ], [ 4.577945192000072, 51.981548007000072 ], [ 4.57997186800003, 51.989664215000062 ], [ 4.594050284000048, 51.993557070000065 ], [ 4.598085345000072, 51.987913744000082 ], [ 4.594586467000056, 51.976660105000065 ], [ 4.59865278500007, 51.971918199000072 ], [ 4.583835, 51.965507499000068 ], [ 4.562498926000046, 51.957204037000054 ], [ 4.564029765000043, 51.951509098000031 ], [ 4.571610727000063, 51.943659314000058 ], [ 4.561389538000071, 51.94005314900005 ], [ 4.564607212000055, 51.924216284000067 ], [ 4.556230581000023, 51.920011278000061 ], [ 4.539459040000054, 51.918670596000027 ], [ 4.53835977500006, 51.912868268000068 ], [ 4.542846993000069, 51.906941712000048 ], [ 4.55158771400005, 51.915223178000076 ], [ 4.555719317000069, 51.914834535000068 ], [ 4.556115480000074, 51.911077083000066 ], [ 4.5499, 51.906730499000048 ], [ 4.549234500000068, 51.904884499000048 ], [ 4.555089500000065, 51.905647499000054 ], [ 4.569486, 51.904342499000052 ], [ 4.572871, 51.903861999000071 ], [ 4.575958, 51.903030499000067 ], [ 4.568918885000073, 51.879346684000041 ], [ 4.549380500000041, 51.874023499000032 ], [ 4.532930863000047, 51.869063247000042 ], [ 4.493605371000058, 51.868670515000076 ], [ 4.482158448000064, 51.865588402000071 ], [ 4.480419, 51.862331999000048 ], [ 4.462441114000057, 51.862534651000033 ], [ 4.419646822000061, 51.872068995000063 ], [ 4.394747473000052, 51.872062621000055 ], [ 4.385681522000027, 51.864346537000074 ], [ 4.383665500000063, 51.84211749900004 ], [ 4.37446250000005, 51.842872499000066 ], [ 4.367606500000022, 51.844382999000061 ], [ 4.359969500000034, 51.846717999000077 ], [ 4.352581, 51.849502499000039 ], [ 4.348387, 51.851909499000044 ], [ 4.342679500000031, 51.855903499000078 ], [ 4.33555350000006, 51.864303499000073 ], [ 4.283797, 51.864475499000037 ], [ 4.268385500000022, 51.864532499000063 ], [ 4.262279, 51.865200499000082 ], [ 4.258012, 51.866355999000064 ], [ 4.239296, 51.872996999000065 ], [ 4.235328, 51.875354999000081 ], [ 4.232448, 51.878085999000064 ], [ 4.23105, 51.880252999000049 ], [ 4.228385, 51.886756999000056 ], [ 4.221815500000048, 51.894363499000065 ], [ 4.214928500000042, 51.899440999000035 ], [ 4.208988500000032, 51.90209949900003 ], [ 4.20668, 51.903564499000026 ], [ 4.19747, 51.908118999000067 ], [ 4.185224500000061, 51.912959999000066 ], [ 4.180619, 51.915282999000055 ], [ 4.176221, 51.918014499000037 ], [ 4.168187500000045, 51.919051999000033 ], [ 4.167016, 51.923003999000059 ], [ 4.164321, 51.925563999000076 ], [ 4.162396, 51.926704499000039 ], [ 4.157991, 51.928039499000079 ], [ 4.152351, 51.928569999000047 ], [ 4.148770500000069, 51.930206499000064 ], [ 4.144895500000075, 51.931403999000054 ], [ 4.109098525000036, 51.935817710000038 ], [ 4.100087277000057, 51.926130096000065 ], [ 4.091125428000055, 51.932615159000079 ], [ 4.070878854000057, 51.933273744000076 ], [ 3.99612, 51.916437999000038 ], [ 3.980631663000054, 51.926154842000074 ], [ 3.961057432000075, 51.959548288000065 ], [ 3.966114846000039, 51.969640208000044 ], [ 3.982133235000049, 51.983061571000064 ], [ 3.999920063000047, 51.987786765000067 ], [ 4.021776621000072, 51.98545778600004 ], [ 4.034675499000059, 51.987112899000067 ], [ 4.072020330000043, 51.976605919000065 ], [ 4.08165660700007, 51.981975635000026 ], [ 4.09770706200004, 51.984923878000075 ], [ 4.127788500000065, 52.000542499000062 ], [ 4.135863143000051, 51.992899529000056 ], [ 4.149483605000057, 51.987789123000027 ], [ 4.148897846000068, 51.981290331000082 ], [ 4.185609474000046, 51.967453105000061 ], [ 4.192921356000056, 51.954840404000038 ], [ 4.219527, 51.94140999900003 ], [ 4.214684626000064, 51.932868468000038 ], [ 4.240129598000067, 51.915586261000044 ], [ 4.26757850000007, 51.905334499000048 ] ] ] ] } },
{ "type": "Feature", "properties": { "GISCO_ID": "NL_GM0603", "CNTR_CODE": "NL", "LAU_ID": "GM0603", "LAU_NAME": "Rijswijk", "cell_coverage": [ [ 0.2009, 0.1466 ], [ 0.4857, 0.243 ] ], "xmin": 4.2916666666666643, "xmax": 4.375, "ymin": 51.999999999999986, "ymax": 52.083333333333321 }, "geometry": { "type": "MultiPolygon", "coordinates": [ [ [ [ 4.309833, 52.015655499000047 ], [ 4.307601500000033, 52.018199999000046 ], [ 4.291842128000042, 52.041510557000038 ], [ 4.339228723000076, 52.06106741800005 ], [ 4.351243346000047, 52.049609233000069 ], [ 4.347367770000062, 52.042632268000034 ], [ 4.357776, 52.026885999000058 ], [ 4.330232500000022, 52.014648499000032 ], [ 4.325991500000043, 52.012828999000078 ], [ 4.319328376000044, 52.019109419000074 ], [ 4.309833, 52.015655499000047 ] ] ] ] } },
{ "type": "Feature", "properties": { "GISCO_ID": "NL_GM0606", "CNTR_CODE": "NL", "LAU_ID": "GM0606", "LAU_NAME": "Schiedam", "cell_coverage": [ [ 0.0191, 0.0163 ], [ 0.3546, 0.6451 ], [ 0.0716, 0.3896 ] ], "xmin": 4.3333333333333321, "xmax": 4.4166666666666652, "ymin": 51.875, "ymax": 51.999999999999986 }, "geometry": { "type": "MultiPolygon", "coordinates": [ [ [ [ 4.350699500000076, 51.951469499000041 ], [ 4.365439439000056, 51.955160119000027 ], [ 4.365585026000076, 51.961049432000038 ], [ 4.379322, 51.963393999000061 ], [ 4.39029539400002, 51.945786713000075 ], [ 4.402644563000024, 51.938610484000037 ], [ 4.413208391000069, 51.937879726000062 ], [ 4.409625265000045, 51.932311325000057 ], [ 4.415604272000053, 51.920677276000049 ], [ 4.411063237000064, 51.911974883000028 ], [ 4.413809312000069, 51.904509976000043 ], [ 4.41038762200003, 51.900414104000049 ], [ 4.397666027000071, 51.897343687000046 ], [ 4.370493500000066, 51.899368499000047 ], [ 4.362448005000033, 51.925793105000082 ], [ 4.362330031000056, 51.934915433000072 ], [ 4.350699500000076, 51.951469499000041 ] ] ] ] } },
{ "type": "Feature", "properties": { "GISCO_ID": "NL_GM0610", "CNTR_CODE": "NL", "LAU_ID": "GM0610", "LAU_NAME": "Sliedrecht", "cell_coverage": [ [ 0.0481, 0.2818, 0.0909 ], [ 0.1051, 0.3964, 0.1333 ] ], "xmin": 4.7083333333333321, "xmax": 4.8333333333333321, "ymin": 51.79166666666665, "ymax": 51.875 }, "geometry": { "type": "MultiPolygon", "coordinates": [ [ [ [ 4.742759, 51.841064499000026 ], [ 4.755674341000031, 51.844572507000066 ], [ 4.803391500000032, 51.846442999000033 ], [ 4.805195583000057, 51.823417367000047 ], [ 4.811415, 51.818629999000052 ], [ 4.799005, 51.817466499000034 ], [ 4.78802950000005, 51.815166499000043 ], [ 4.775716500000044, 51.815162499000053 ], [ 4.770432500000027, 51.815501999000048 ], [ 4.766653500000075, 51.816077999000072 ], [ 4.762703500000043, 51.817264499000032 ], [ 4.752853500000072, 51.82120149900004 ], [ 4.749471, 51.821944999000038 ], [ 4.729982500000062, 51.822429499000066 ], [ 4.742759, 51.841064499000026 ] ] ] ] } },
{ "type": "Feature", "properties": { "GISCO_ID": "NL_GM0613", "CNTR_CODE": "NL", "LAU_ID": "GM0613", "LAU_NAME": "Albrandswaard", "cell_coverage": [ [ 0.5188, 0.7631, 0.4719 ], [ 0, 0.0087, 0.0114 ] ], "xmin": 4.375, "xmax": 4.5, "ymin": 51.79166666666665, "ymax": 51.875 }, "geometry": { "type": "MultiPolygon", "coordinates": [ [ [ [ 4.480419, 51.862331999000048 ], [ 4.481261701000051, 51.855372424000052 ], [ 4.48893049000003, 51.851110658000039 ], [ 4.491057628000021, 51.841883387000053 ], [ 4.489014500000053, 51.835487499000067 ], [ 4.478962500000023, 51.834216999000034 ], [ 4.473188500000049, 51.832813499000054 ], [ 4.467402500000048, 51.83197799900006 ], [ 4.45870350000007, 51.831649999000035 ], [ 4.449988, 51.832179999000061 ], [ 4.444158500000071, 51.833358999000041 ], [ 4.432489, 51.83704749900005 ], [ 4.422270500000025, 51.840526499000077 ], [ 4.415284500000041, 51.842525499000033 ], [ 4.412641, 51.842982999000071 ], [ 4.40684, 51.843200499000034 ], [ 4.392382, 51.842052499000033 ], [ 4.383665500000063, 51.84211749900004 ], [ 4.385681522000027, 51.864346537000074 ], [ 4.394747473000052, 51.872062621000055 ], [ 4.419646822000061, 51.872068995000063 ], [ 4.462441114000057, 51.862534651000033 ], [ 4.480419, 51.862331999000048 ] ] ] ] } },
{ "type": "Feature", "properties": { "GISCO_ID": "NL_GM0614", "CNTR_CODE": "NL", "LAU_ID": "GM0614", "LAU_NAME": "Westvoorne", "cell_coverage": [ [ 0.0003, 0.0396, 0.3219, 0.3784, 0.2042 ], [ 0, 0.0879, 0.9361, 1, 0.4857 ], [ 0, 0, 0.4316, 0.4601, 0.0069 ] ], "xmin": 3.9583333333333321, "xmax": 4.1666666666666652, "ymin": 51.833333333333321, "ymax": 51.958333333333321 }, "geometry": { "type": "MultiPolygon", "coordinates": [ [ [ [ 4.067505500000038, 51.845299999000076 ], [ 4.064363682000021, 51.853408957000056 ], [ 4.031426531000022, 51.886650576000079 ], [ 4.035105017000035, 51.89620512700003 ], [ 4.054361988000039, 51.913589341000034 ], [ 4.052981630000033, 51.917176256000062 ], [ 4.039223355000047, 51.923344401000065 ], [ 3.99612, 51.916437999000038 ], [ 4.070878854000057, 51.933273744000076 ], [ 4.091125428000055, 51.932615159000079 ], [ 4.100087277000057, 51.926130096000065 ], [ 4.109098525000036, 51.935817710000038 ], [ 4.144895500000075, 51.931403999000054 ], [ 4.143917152000029, 51.926902189000032 ], [ 4.151749980000034, 51.920320814000036 ], [ 4.147562901000072, 51.914939976000028 ], [ 4.137989369000024, 51.912207034000062 ], [ 4.136132363000058, 51.906672918000027 ], [ 4.158186999000065, 51.884240633000047 ], [ 4.155226500000026, 51.881622499000059 ], [ 4.131387264000068, 51.87608132500003 ], [ 4.12058604200007, 51.866407905000074 ], [ 4.119863113000065, 51.86048280600005 ], [ 4.116284381000071, 51.857855923000045 ], [ 4.067505500000038, 51.845299999000076 ] ] ] ] } },
{ "type": "Feature", "properties": { "GISCO_ID": "NL_GM0622", "CNTR_CODE": "NL", "LAU_ID": "GM0622", "LAU_NAME": "Vlaardingen", "cell_coverage": [ [ 0.0068, 0.4323, 0.5048 ], [ 0.155, 0.5089, 0.3831 ] ], "xmin": 4.25, "xmax": 4.375, "ymin": 51.875, "ymax": 51.958333333333321 }, "geometry": { "type": "MultiPolygon", "coordinates": [ [ [ [ 4.370493500000066, 51.899368499000047 ], [ 4.366032500000074, 51.899650499000074 ], [ 4.357152500000041, 51.899127999000029 ], [ 4.338089, 51.894805999000027 ], [ 4.330957500000068, 51.894103999000038 ], [ 4.323719500000038, 51.894172499000035 ], [ 4.30065, 51.896487999000044 ], [ 4.289389500000027, 51.898261999000056 ], [ 4.27877, 51.901138499000069 ], [ 4.26757850000007, 51.905334499000048 ], [ 4.28302350000007, 51.914882499000043 ], [ 4.292683500000066, 51.921279999000035 ], [ 4.321265174000075, 51.94154271900004 ], [ 4.350699500000076, 51.951469499000041 ], [ 4.362330031000056, 51.934915433000072 ], [ 4.362448005000033, 51.925793105000082 ], [ 4.370493500000066, 51.899368499000047 ] ] ] ] } },
{ "type": "Feature", "properties": { "GISCO_ID": "NL_GM0626", "CNTR_CODE": "NL", "LAU_ID": "GM0626", "LAU_NAME": "Voorschoten", "cell_coverage": [ [ 0, 0.3155, 0.1093 ], [ 0.0788, 0.3558, 0.0017 ] ], "xmin": 4.375, "xmax": 4.5, "ymin": 52.083333333333321, "ymax": 52.166666666666657 }, "geometry": { "type": "MultiPolygon", "coordinates": [ [ [ [ 4.442916, 52.145301999000026 ], [ 4.44459164400007, 52.141511445000049 ], [ 4.448278253000069, 52.14117506000008 ], [ 4.459059207000053, 52.148993622000035 ], [ 4.464800336000053, 52.148843470000031 ], [ 4.468590517000052, 52.134213343000056 ], [ 4.464434, 52.127246999000079 ], [ 4.429021976000058, 52.102255669000044 ], [ 4.401231, 52.111911999000029 ], [ 4.442916, 52.145301999000026 ] ] ] ] } },
{ "type": "Feature", "properties": { "GISCO_ID": "NL_GM0627", "CNTR_CODE": "NL", "LAU_ID": "GM0627", "LAU_NAME": "Waddinxveen", "cell_coverage": [ [ 0.357, 0.6005, 0.0903 ], [ 0.2936, 0.5737, 0.274 ] ], "xmin": 4.5833333333333321, "xmax": 4.7083333333333321, "ymin": 51.999999999999986, "ymax": 52.083333333333321 }, "geometry": { "type": "MultiPolygon", "coordinates": [ [ [ [ 4.607465, 52.065559499000074 ], [ 4.60738236100002, 52.075802972000076 ], [ 4.611454055000024, 52.076919944000053 ], [ 4.635456325000064, 52.073469901000067 ], [ 4.64013747000007, 52.064755588000082 ], [ 4.659760500000061, 52.063972499000045 ], [ 4.670096049000051, 52.052772860000061 ], [ 4.678789307000045, 52.051364055000079 ], [ 4.678777213000046, 52.044252738000068 ], [ 4.706179, 52.040076999000064 ], [ 4.672235933000024, 52.025708830000042 ], [ 4.679314225000041, 52.019376677000082 ], [ 4.667034, 52.012744499000064 ], [ 4.667109251000056, 52.021312481000052 ], [ 4.662151576000042, 52.023288354000044 ], [ 4.649867148000055, 52.020351737000055 ], [ 4.637367950000055, 52.012351477000038 ], [ 4.627060346000064, 52.014093111000079 ], [ 4.592789667000034, 52.034249099000078 ], [ 4.609677115000068, 52.047777032000056 ], [ 4.606244567000033, 52.051458728000057 ], [ 4.607465, 52.065559499000074 ] ] ] ] } },
{ "type": "Feature", "properties": { "GISCO_ID": "NL_GM0629", "CNTR_CODE": "NL", "LAU_ID": "GM0629", "LAU_NAME": "Wassenaar", "cell_coverage": [ [ 0, 0.138, 0.1883, 0 ], [ 0.2497, 0.9185, 0.9896, 0.3534 ], [ 0.1711, 0.6106, 0.385, 0.0002 ] ], "xmin": 4.2916666666666643, "xmax": 4.4583333333333313, "ymin": 52.083333333333321, "ymax": 52.208333333333321 }, "geometry": { "type": "MultiPolygon", "coordinates": [ [ [ [ 4.401231, 52.111911999000029 ], [ 4.388925500000028, 52.103675999000075 ], [ 4.372691, 52.094787499000063 ], [ 4.358421360000023, 52.104544259000079 ], [ 4.343298116000028, 52.098159300000077 ], [ 4.326942573000053, 52.096467259000065 ], [ 4.32463343400002, 52.09935942900006 ], [ 4.331740182000033, 52.103342573000077 ], [ 4.331933740000068, 52.106403535000027 ], [ 4.303328500000021, 52.128266499000063 ], [ 4.306005500000026, 52.130073499000048 ], [ 4.324505500000043, 52.144431999000062 ], [ 4.3315, 52.150001499000041 ], [ 4.341083500000025, 52.157623499000067 ], [ 4.365566500000057, 52.178653499000063 ], [ 4.374232500000062, 52.187089999000079 ], [ 4.403586198000028, 52.168772862000026 ], [ 4.409028864000049, 52.168387795000058 ], [ 4.41347440100003, 52.163128356000072 ], [ 4.440516500000058, 52.155658499000026 ], [ 4.442916, 52.145301999000026 ], [ 4.401231, 52.111911999000029 ] ] ] ] } },
{ "type": "Feature", "properties": { "GISCO_ID": "NL_GM0637", "CNTR_CODE": "NL", "LAU_ID": "GM0637", "LAU_NAME": "Zoetermeer", "cell_coverage": [ [ 0, 0.0581, 0.0756, 0 ], [ 0.4786, 0.9686, 0.8759, 0.1026 ], [ 0.0022, 0.1649, 0.0713, 0 ] ], "xmin": 4.4166666666666643, "xmax": 4.5833333333333313, "ymin": 51.999999999999986, "ymax": 52.125 }, "geometry": { "type": "MultiPolygon", "coordinates": [ [ [ [ 4.53061150000002, 52.080482499000027 ], [ 4.534944624000047, 52.077032819000067 ], [ 4.535396123000055, 52.072462582000071 ], [ 4.557198500000027, 52.061237499000072 ], [ 4.546276505000037, 52.04982594300003 ], [ 4.532525557000042, 52.048472083000036 ], [ 4.505928249000021, 52.032561860000044 ], [ 4.476731, 52.031676999000069 ], [ 4.470288040000071, 52.039802869000027 ], [ 4.457425457000056, 52.039532368000039 ], [ 4.449362748000055, 52.049103019000029 ], [ 4.422058500000048, 52.051696999000058 ], [ 4.417738925000037, 52.055825394000067 ], [ 4.421647760000042, 52.058104035000042 ], [ 4.420818, 52.062602999000035 ], [ 4.455382564000047, 52.078147471000079 ], [ 4.473523482000076, 52.081060696000065 ], [ 4.476013108000075, 52.085288460000072 ], [ 4.490966984000067, 52.087612739000065 ], [ 4.492239, 52.089996499000051 ], [ 4.497157597000069, 52.08859173500008 ], [ 4.505387745000064, 52.092536448000033 ], [ 4.53061150000002, 52.080482499000027 ] ] ] ] } },
{ "type": "Feature", "properties": { "GISCO_ID": "NL_GM0638", "CNTR_CODE": "NL", "LAU_ID": "GM0638", "LAU_NAME": "Zoeterwoude", "cell_coverage": [ [ 0.0394, 0.3979, 0.0485 ], [ 0.3593, 0.8113, 0.0026 ], [ 0, 0.0077, 0 ] ], "xmin": 4.4583333333333321, "xmax": 4.5833333333333321, "ymin": 52.041666666666657, "ymax": 52.166666666666657 }, "geometry": { "type": "MultiPolygon", "coordinates": [ [ [ [ 4.550768500000061, 52.138408499000036 ], [ 4.541079282000055, 52.119667035000077 ], [ 4.535669596000048, 52.118810613000051 ], [ 4.536885362000021, 52.085736503000078 ], [ 4.53061150000002, 52.080482499000027 ], [ 4.505387745000064, 52.092536448000033 ], [ 4.497157597000069, 52.08859173500008 ], [ 4.492239, 52.089996499000051 ], [ 4.489668122000069, 52.098403516000076 ], [ 4.472739880000063, 52.115991487000031 ], [ 4.472972, 52.118911499000035 ], [ 4.488097, 52.127628499000082 ], [ 4.492064, 52.129131499000039 ], [ 4.513058, 52.13991149900005 ], [ 4.51127450000007, 52.140723999000045 ], [ 4.513499500000023, 52.143062499000052 ], [ 4.515037, 52.144115499000065 ], [ 4.517435, 52.145282499000075 ], [ 4.520801500000061, 52.146485999000049 ], [ 4.524107, 52.147407999000052 ], [ 4.529940368000041, 52.142741795000063 ], [ 4.550768500000061, 52.138408499000036 ] ] ] ] } },
{ "type": "Feature", "properties": { "GISCO_ID": "NL_GM0642", "CNTR_CODE": "NL", "LAU_ID": "GM0642", "LAU_NAME": "Zwijndrecht", "cell_coverage": [ [ 0.1407, 0.0967, 0, 0 ], [ 0.316, 0.6817, 0.4612, 0.0122 ] ], "xmin": 4.5416666666666643, "xmax": 4.7083333333333313, "ymin": 51.79166666666665, "ymax": 51.875 }, "geometry": { "type": "MultiPolygon", "coordinates": [ [ [ [ 4.553419, 51.829990499000075 ], [ 4.571005500000069, 51.84718299900004 ], [ 4.585731, 51.842414999000027 ], [ 4.600129, 51.838763999000037 ], [ 4.636873500000036, 51.825454499000045 ], [ 4.661968, 51.831493499000032 ], [ 4.66525, 51.827487999000027 ], [ 4.670186, 51.824485999000046 ], [ 4.67158, 51.82093799900008 ], [ 4.665345, 51.819686999000055 ], [ 4.661472500000059, 51.818183999000041 ], [ 4.653483, 51.813518499000054 ], [ 4.645244500000047, 51.807079499000054 ], [ 4.641685500000051, 51.805042499000081 ], [ 4.637428500000055, 51.803493499000069 ], [ 4.632189, 51.802108999000041 ], [ 4.626860500000021, 51.801276999000038 ], [ 4.621221, 51.801089999000055 ], [ 4.616213, 51.801784499000064 ], [ 4.597847, 51.806365999000036 ], [ 4.583465, 51.807586499000081 ], [ 4.578902, 51.808311499000069 ], [ 4.574099, 51.809657499000082 ], [ 4.56933250000003, 51.811496499000043 ], [ 4.566404500000033, 51.813007499000037 ], [ 4.564457, 51.814334999000039 ], [ 4.561202, 51.817905499000062 ], [ 4.560160500000052, 51.819698499000026 ], [ 4.559262, 51.823283999000068 ], [ 4.557238, 51.826865999000063 ], [ 4.555587, 51.828651499000046 ], [ 4.553419, 51.829990499000075 ] ] ] ] } },
{ "type": "Feature", "properties": { "GISCO_ID": "NL_GM0654", "CNTR_CODE": "NL", "LAU_ID": "GM0654", "LAU_NAME": "Borsele", "cell_coverage": [ [ 0.0048, 0.0197, 0, 0, 0, 0, 0 ], [ 0.1049, 0.9418, 0.9127, 0.6469, 0.5968, 0.4705, 0.0216 ], [ 0.0423, 0.8586, 1, 1, 1, 0.9962, 0.1554 ], [ 0, 0.05, 0.2087, 0.66, 0.6027, 0.4, 0 ] ], "xmin": 3.6666666666666643, "xmax": 3.9583333333333308, "ymin": 51.375, "ymax": 51.541666666666657 }, "geometry": { "type": "MultiPolygon", "coordinates": [ [ [ [ 3.715020500000037, 51.426261499000077 ], [ 3.716249609000045, 51.428665723000051 ], [ 3.697562189000053, 51.445187128000043 ], [ 3.704076500000042, 51.450613499000042 ], [ 3.706782331000056, 51.444189818000041 ], [ 3.717810305000057, 51.444953357000031 ], [ 3.709967500000062, 51.45430649900004 ], [ 3.714429, 51.463582999000039 ], [ 3.718499805000022, 51.472946659000058 ], [ 3.711974027000053, 51.471615943000074 ], [ 3.704161, 51.475882499000079 ], [ 3.703655500000025, 51.48226949900004 ], [ 3.700288272000023, 51.484350416000041 ], [ 3.699354055000072, 51.491182152000079 ], [ 3.70554, 51.502494999000078 ], [ 3.77413016600002, 51.497279131000028 ], [ 3.809528796000052, 51.48339332300003 ], [ 3.841106447000072, 51.485210499000061 ], [ 3.875040025000033, 51.480368371000054 ], [ 3.912949500000025, 51.479114499000048 ], [ 3.909048767000058, 51.469107523000048 ], [ 3.927109718000054, 51.459017007000057 ], [ 3.926516022000044, 51.451642040000081 ], [ 3.934107, 51.448173999000062 ], [ 3.927040755000064, 51.449872464000066 ], [ 3.922666861000039, 51.444081210000036 ], [ 3.925652177000075, 51.434767320000049 ], [ 3.899146461000043, 51.394599043000028 ], [ 3.892354502000046, 51.39315560700004 ], [ 3.872559936000073, 51.396977851000031 ], [ 3.857818007000049, 51.39133707600007 ], [ 3.816348614000049, 51.385006203000046 ], [ 3.776881512000045, 51.404612403000044 ], [ 3.774409952000042, 51.409707351000066 ], [ 3.754021543000022, 51.414253218000056 ], [ 3.734386326000049, 51.411802150000028 ], [ 3.725786471000049, 51.415547693000065 ], [ 3.719922421000035, 51.425956949000067 ], [ 3.715020500000037, 51.426261499000077 ] ] ], [ [ [ 3.702042, 51.474261499000079 ], [ 3.705216500000063, 51.470796999000072 ], [ 3.698580776000028, 51.469900947000042 ], [ 3.696260264000045, 51.470918432000076 ], [ 3.702042, 51.474261499000079 ] ] ] ] } },
{ "type": "Feature", "properties": { "GISCO_ID": "NL_GM0664", "CNTR_CODE": "NL", "LAU_ID": "GM0664", "LAU_NAME": "Goes", "cell_coverage": [ [ 0, 0.0421, 0.1804, 0.1341, 0.0763, 0.0235, 0.0144, 0 ], [ 0.0015, 0.5516, 1, 1, 1, 0.9993, 0.7941, 0.0973 ], [ 0, 0.003, 0.0873, 0.3531, 0.4032, 0.4809, 0.1582, 0 ] ], "xmin": 3.6666666666666643, "xmax": 3.9999999999999978, "ymin": 51.458333333333321, "ymax": 51.583333333333321 }, "geometry": { "type": "MultiPolygon", "coordinates": [ [ [ [ 3.713539, 51.530414499000074 ], [ 3.741187270000069, 51.546362736000049 ], [ 3.76097044200003, 51.552818684000044 ], [ 3.794478291000075, 51.543436501000031 ], [ 3.834484613000029, 51.55180658300003 ], [ 3.85621708900004, 51.542273701000056 ], [ 3.869229, 51.541687999000033 ], [ 3.897288295000067, 51.54155808400003 ], [ 3.91426627900006, 51.545547354000064 ], [ 3.927401024000062, 51.542870902000061 ], [ 3.931372998000029, 51.534828643000026 ], [ 3.940488554000069, 51.526657047000072 ], [ 3.955247030000066, 51.529753265000068 ], [ 3.971697, 51.528248499000028 ], [ 3.963976224000021, 51.520426367000027 ], [ 3.963742034000063, 51.506162798000048 ], [ 3.939497836000044, 51.493422270000053 ], [ 3.926863039000068, 51.491451982000058 ], [ 3.924162395000053, 51.486274841000068 ], [ 3.916392977000044, 51.484878671000047 ], [ 3.912949500000025, 51.479114499000048 ], [ 3.875040025000033, 51.480368371000054 ], [ 3.841106447000072, 51.485210499000061 ], [ 3.809528796000052, 51.48339332300003 ], [ 3.77413016600002, 51.497279131000028 ], [ 3.70554, 51.502494999000078 ], [ 3.713449313000069, 51.507033428000057 ], [ 3.742852545000062, 51.51214113900005 ], [ 3.745960412000045, 51.51473027600008 ], [ 3.744526546000031, 51.517758121000043 ], [ 3.713539, 51.530414499000074 ] ] ] ] } },
{ "type": "Feature", "properties": { "GISCO_ID": "NL_GM0668", "CNTR_CODE": "NL", "LAU_ID": "GM0668", "LAU_NAME": "West Maas en Waal", "cell_coverage": [ [ 0, 0.1285, 0.3396, 0.3888, 0.2374, 0 ], [ 0.0941, 0.9312, 1, 1, 0.8094, 0.0778 ], [ 0.0371, 0.5053, 0.2841, 0.2996, 0.1867, 0.0686 ] ], "xmin": 5.375, "xmax": 5.625, "ymin": 51.791666666666657, "ymax": 51.916666666666657 }, "geometry": { "type": "MultiPolygon", "coordinates": [ [ [ [ 5.415201500000023, 51.851817999000048 ], [ 5.419402500000047, 51.861133499000061 ], [ 5.42298, 51.86644749900006 ], [ 5.428687500000024, 51.87285599900008 ], [ 5.432895500000029, 51.876483999000072 ], [ 5.440537500000062, 51.881786499000043 ], [ 5.44323, 51.883334999000056 ], [ 5.449215500000037, 51.886008999000069 ], [ 5.455979, 51.887977499000044 ], [ 5.464115, 51.888908499000081 ], [ 5.473016, 51.889415499000052 ], [ 5.498384, 51.889137499000071 ], [ 5.503629500000045, 51.889384999000072 ], [ 5.510985500000061, 51.890174999000067 ], [ 5.522248500000046, 51.892116499000053 ], [ 5.53111750000005, 51.894790499000067 ], [ 5.53256122800002, 51.891880783000033 ], [ 5.546073057000058, 51.888176541000064 ], [ 5.57587120900007, 51.891804421000074 ], [ 5.572142220000046, 51.885272255000075 ], [ 5.567548773000055, 51.883269596000048 ], [ 5.567822659000058, 51.87702629100005 ], [ 5.554152680000072, 51.869303906000027 ], [ 5.553617530000054, 51.863625869000032 ], [ 5.576492442000074, 51.863838043000044 ], [ 5.583927947000063, 51.856691100000035 ], [ 5.581679458000053, 51.850474616000042 ], [ 5.58544035500006, 51.839864506000026 ], [ 5.609975, 51.836307499000043 ], [ 5.606893355000068, 51.830113445000052 ], [ 5.597879500000033, 51.82808299900006 ], [ 5.558667351000054, 51.827369237000028 ], [ 5.539321092000023, 51.816503110000042 ], [ 5.518671119000032, 51.819302616000073 ], [ 5.501252623000028, 51.829167181000059 ], [ 5.490065560000062, 51.830239 ], [ 5.481687608000072, 51.826322923000077 ], [ 5.473402836000048, 51.814525912000079 ], [ 5.452581839000061, 51.809922817000029 ], [ 5.430011174000072, 51.811404224000057 ], [ 5.414846500000067, 51.821288999000046 ], [ 5.413765758000068, 51.825504067000054 ], [ 5.401161, 51.838126999000053 ], [ 5.406377500000076, 51.841499499000065 ], [ 5.409544500000038, 51.844226999000057 ], [ 5.412689500000056, 51.847835499000041 ], [ 5.415201500000023, 51.851817999000048 ] ] ] ] } },
{ "type": "Feature", "properties": { "GISCO_ID": "NL_GM0677", "CNTR_CODE": "NL", "LAU_ID": "GM0677", "LAU_NAME": "Hulst", "cell_coverage": [ [ 0, 0.5734, 0.4552, 0, 0, 0, 0, 0 ], [ 0.0423, 0.9776, 1, 0.8123, 0.548, 0.6284, 0.9073, 0.3343 ], [ 0.0236, 0.8691, 1, 1, 1, 0.9985, 0.5549, 0.0145 ], [ 0, 0.4554, 1, 0.9805, 0.6417, 0.1917, 0, 0 ], [ 0, 0.0341, 0.1616, 0.0875, 0, 0, 0, 0 ] ], "xmin": 3.9166666666666643, "xmax": 4.25, "ymin": 51.208333333333321, "ymax": 51.416666666666657 }, "geometry": { "type": "MultiPolygon", "coordinates": [ [ [ [ 4.165755500000046, 51.292728499000077 ], [ 4.071155500000032, 51.250026499000057 ], [ 4.052782148000063, 51.242749955000079 ], [ 4.041521783000064, 51.241847421000045 ], [ 4.035664411000027, 51.244829716000027 ], [ 4.025770715000021, 51.242029535000029 ], [ 4.017788678000045, 51.245224452000059 ], [ 4.00567650000005, 51.241822499000079 ], [ 3.996778562000031, 51.242002197000033 ], [ 3.992438772000071, 51.247557973000028 ], [ 3.982762636000075, 51.250268087000052 ], [ 3.978596516000039, 51.299542373000065 ], [ 3.958799864000071, 51.304413687000078 ], [ 3.953930600000035, 51.308673422000027 ], [ 3.961280841000075, 51.333380006000027 ], [ 3.959285565000073, 51.349796640000079 ], [ 3.955140966000045, 51.356249478000052 ], [ 3.95694786100006, 51.364213119000055 ], [ 3.941548500000067, 51.365613499000062 ], [ 3.958075415000053, 51.369652765000069 ], [ 3.965401431000032, 51.383808456000054 ], [ 3.968359804000045, 51.399984773000028 ], [ 3.974332769000057, 51.404578179000055 ], [ 3.983689337000044, 51.40584171200004 ], [ 4.01772631700004, 51.399874857000043 ], [ 4.027048416000071, 51.393453908000026 ], [ 4.035523677000072, 51.380563370000061 ], [ 4.04950431900005, 51.368597446000081 ], [ 4.089652975000035, 51.362612024000043 ], [ 4.125488564000023, 51.345500253000068 ], [ 4.126370358000031, 51.352263852000078 ], [ 4.118038779000074, 51.361415128000033 ], [ 4.13627927400006, 51.361496829000032 ], [ 4.160576364000065, 51.346483374000059 ], [ 4.160116466000034, 51.355088265000063 ], [ 4.154071824000027, 51.361960017000058 ], [ 4.153964592000023, 51.366445936000048 ], [ 4.167741746000047, 51.370208905000027 ], [ 4.176777367000057, 51.364376036000067 ], [ 4.18096648900007, 51.37026194200007 ], [ 4.190840318000028, 51.375148725000031 ], [ 4.21048705000004, 51.370820329000026 ], [ 4.234817500000077, 51.348253999000065 ], [ 4.231869500000073, 51.34588399900008 ], [ 4.206818500000054, 51.325742999000056 ], [ 4.165755500000046, 51.292728499000077 ] ] ] ] } },
{ "type": "Feature", "properties": { "GISCO_ID": "NL_GM0678", "CNTR_CODE": "NL", "LAU_ID": "GM0678", "LAU_NAME": "Kapelle", "cell_coverage": [ [ 0, 0.006, 0.5281, 0.129 ], [ 0.0486, 0.8201, 0.9893, 0.1415 ], [ 0, 0.1244, 0.053, 0.0041 ] ], "xmin": 3.875, "xmax": 4.041666666666667, "ymin": 51.416666666666657, "ymax": 51.541666666666657 }, "geometry": { "type": "MultiPolygon", "coordinates": [ [ [ [ 3.934107, 51.448173999000062 ], [ 3.926516022000044, 51.451642040000081 ], [ 3.927109718000054, 51.459017007000057 ], [ 3.909048767000058, 51.469107523000048 ], [ 3.912949500000025, 51.479114499000048 ], [ 3.916392977000044, 51.484878671000047 ], [ 3.924162395000053, 51.486274841000068 ], [ 3.926863039000068, 51.491451982000058 ], [ 3.939497836000044, 51.493422270000053 ], [ 3.963742034000063, 51.506162798000048 ], [ 3.963976224000021, 51.520426367000027 ], [ 3.971697, 51.528248499000028 ], [ 4.001048253000022, 51.520972548000032 ], [ 4.003476674000069, 51.517014041000039 ], [ 4.006328922000023, 51.520454811000036 ], [ 4.013714, 51.518428999000037 ], [ 4.016207551000036, 51.511213268000063 ], [ 4.00487561500006, 51.50263764400006 ], [ 4.006803340000033, 51.459444201000053 ], [ 3.992734, 51.451193999000054 ], [ 3.975129648000063, 51.461071523000044 ], [ 3.934107, 51.448173999000062 ] ] ] ] } },
{ "type": "Feature", "properties": { "GISCO_ID": "NL_GM0687", "CNTR_CODE": "NL", "LAU_ID": "GM0687", "LAU_NAME": "Middelburg", "cell_coverage": [ [ 0.0323, 0.6844, 0.528, 0.7246, 0.3276 ], [ 0.0099, 0.5384, 0.6466, 0.4733, 0 ] ], "xmin": 3.5416666666666643, "xmax": 3.75, "ymin": 51.458333333333321, "ymax": 51.541666666666657 }, "geometry": { "type": "MultiPolygon", "coordinates": [ [ [ [ 3.713539, 51.530414499000074 ], [ 3.744526546000031, 51.517758121000043 ], [ 3.745960412000045, 51.51473027600008 ], [ 3.742852545000062, 51.51214113900005 ], [ 3.713449313000069, 51.507033428000057 ], [ 3.70554, 51.502494999000078 ], [ 3.699354055000072, 51.491182152000079 ], [ 3.700288272000023, 51.484350416000041 ], [ 3.703655500000025, 51.48226949900004 ], [ 3.658967988000029, 51.468405092000069 ], [ 3.647853483000063, 51.470318311000028 ], [ 3.62966566700004, 51.480171078000069 ], [ 3.621771285000023, 51.476415539000072 ], [ 3.609555831000023, 51.476011102000029 ], [ 3.587045500000045, 51.479209999000034 ], [ 3.580590269000027, 51.487987166000039 ], [ 3.584234515000048, 51.495267910000052 ], [ 3.576358785000025, 51.505882648000068 ], [ 3.582065055000044, 51.508722455000054 ], [ 3.58010736500006, 51.51222658000006 ], [ 3.584632830000032, 51.519398012000067 ], [ 3.595609512000067, 51.522875421000037 ], [ 3.591745581000055, 51.532158674000073 ], [ 3.612023080000029, 51.534661049000078 ], [ 3.618336458000044, 51.525619834000054 ], [ 3.632303719000049, 51.525707302000058 ], [ 3.638462724000021, 51.520094684000071 ], [ 3.659052096000039, 51.520211744000051 ], [ 3.680457931000035, 51.534364809000067 ], [ 3.696383500000024, 51.535182999000028 ], [ 3.696113068000045, 51.528656871000067 ], [ 3.699760221000076, 51.523189893000051 ], [ 3.713539, 51.530414499000074 ] ] ] ] } },
{ "type": "Feature", "properties": { "GISCO_ID": "NL_GM0703", "CNTR_CODE": "NL", "LAU_ID": "GM0703", "LAU_NAME": "Reimerswaal", "cell_coverage": [ [ 0, 0.2012, 0.0167, 0, 0, 0, 0, 0 ], [ 0, 0.8585, 0.5, 0, 0, 0, 0.3656, 0.0019 ], [ 0.0188, 0.4627, 0.931, 0.6632, 0.4218, 0.5862, 0.8519, 0.3595 ], [ 0, 0, 0.0777, 0.3204, 0.4719, 0.3391, 0.6262, 0.4465 ], [ 0, 0, 0, 0, 0, 0, 0.0006, 0 ] ], "xmin": 3.9583333333333321, "xmax": 4.2916666666666652, "ymin": 51.333333333333321, "ymax": 51.541666666666657 }, "geometry": { "type": "MultiPolygon", "coordinates": [ [ [ [ 4.217558, 51.487451999000029 ], [ 4.230463500000042, 51.488742999000067 ], [ 4.265473500000041, 51.439677999000025 ], [ 4.274809481000034, 51.425628581000069 ], [ 4.264255737000042, 51.416339105000077 ], [ 4.268842006000057, 51.399372415000073 ], [ 4.267306938000047, 51.385694460000082 ], [ 4.279565, 51.376017499000056 ], [ 4.243669500000067, 51.374729499000068 ], [ 4.241168094000045, 51.384157998000035 ], [ 4.231670213000029, 51.393876842000054 ], [ 4.206722371000069, 51.399753306000036 ], [ 4.199991903000068, 51.405308819000027 ], [ 4.190605097000059, 51.405034348000072 ], [ 4.153535481000063, 51.39473029100003 ], [ 4.078821840000046, 51.407727454000053 ], [ 4.053713223000045, 51.418540269000061 ], [ 4.047248247000027, 51.425644576000082 ], [ 4.04789630700003, 51.42974685400003 ], [ 4.015261490000057, 51.440264651000064 ], [ 4.011786132000054, 51.447341492000078 ], [ 4.008335787000021, 51.441020801000036 ], [ 3.992734, 51.451193999000054 ], [ 4.006803340000033, 51.459444201000053 ], [ 4.00487561500006, 51.50263764400006 ], [ 4.016207551000036, 51.511213268000063 ], [ 4.013714, 51.518428999000037 ], [ 4.042982358000074, 51.502904216000047 ], [ 4.052606309000055, 51.502059859000042 ], [ 4.058215711000059, 51.488099429000044 ], [ 4.057635860000062, 51.477928259000066 ], [ 4.077621173000068, 51.460344962000079 ], [ 4.084849306000024, 51.457656906000068 ], [ 4.093305633000057, 51.447130704000074 ], [ 4.134650908000026, 51.432410595000079 ], [ 4.151855394000052, 51.433386197000061 ], [ 4.18233546600004, 51.443611063000048 ], [ 4.21156585600005, 51.438091160000056 ], [ 4.222386303000064, 51.438996060000079 ], [ 4.22034341400007, 51.456165045000034 ], [ 4.222151590000067, 51.46391311900004 ], [ 4.217558, 51.487451999000029 ] ] ] ] } },
{ "type": "Feature", "properties": { "GISCO_ID": "NL_GM0715", "CNTR_CODE": "NL", "LAU_ID": "GM0715", "LAU_NAME": "Terneuzen", "cell_coverage": [ [ 0.18, 0.5601, 0.421, 0.2882, 0.1938, 0.103, 0.4707, 0.7113, 0.0189, 0 ], [ 0.0464, 0.3666, 0.9991, 1, 1, 1, 1, 0.9764, 0.1309, 0 ], [ 0, 0.0855, 0.471, 0.6907, 0.9951, 1, 1, 1, 0.5446, 0 ], [ 0, 0, 0, 0.0307, 0.928, 0.884, 0.9137, 0.8276, 0.4785, 0.0043 ], [ 0, 0, 0, 0, 0, 0, 0.1017, 0.0005, 0, 0 ] ], "xmin": 3.625, "xmax": 4.041666666666667, "ymin": 51.16666666666665, "ymax": 51.375 }, "geometry": { "type": "MultiPolygon", "coordinates": [ [ [ [ 3.856339500000047, 51.211055999000052 ], [ 3.837073664000059, 51.213154157000076 ], [ 3.823176577000027, 51.209143891000053 ], [ 3.807578314000068, 51.212912908000078 ], [ 3.802008902000068, 51.210523140000078 ], [ 3.790755500000046, 51.214389999000048 ], [ 3.789392384000053, 51.243222778000074 ], [ 3.793982184000072, 51.256124078000028 ], [ 3.776003320000029, 51.262982711000063 ], [ 3.764384881000069, 51.26144458400006 ], [ 3.754498448000049, 51.269142101000057 ], [ 3.693957, 51.276073499000063 ], [ 3.699090626000043, 51.284967725000058 ], [ 3.705859008000061, 51.289361757000052 ], [ 3.704994081000052, 51.310110007000048 ], [ 3.709760754000058, 51.31607560100008 ], [ 3.685651379000035, 51.320893143000035 ], [ 3.666898046000028, 51.320341899000027 ], [ 3.66015094100004, 51.325833359000057 ], [ 3.657637591000025, 51.332253373000071 ], [ 3.652549351000062, 51.333014926000033 ], [ 3.645272937000072, 51.34129858700004 ], [ 3.649924712000029, 51.348863474000041 ], [ 3.684950210000068, 51.355300285000055 ], [ 3.692838391000066, 51.353185921000033 ], [ 3.693069500000036, 51.365264999000033 ], [ 3.72424359300004, 51.350048928000035 ], [ 3.75785690500004, 51.347270266000066 ], [ 3.758364266000058, 51.340431204000026 ], [ 3.766143175000025, 51.337256574000037 ], [ 3.770138733000067, 51.338827390000063 ], [ 3.771990555000059, 51.348827654000047 ], [ 3.790641847000074, 51.348546480000039 ], [ 3.80645637300006, 51.343494627000041 ], [ 3.813818624000021, 51.333110653000062 ], [ 3.816274927000052, 51.341055815000061 ], [ 3.843858971000031, 51.336065235000035 ], [ 3.864106002000028, 51.336704036000071 ], [ 3.876638356000058, 51.345464441000047 ], [ 3.907469199000047, 51.357775580000066 ], [ 3.941548500000067, 51.365613499000062 ], [ 3.95694786100006, 51.364213119000055 ], [ 3.955140966000045, 51.356249478000052 ], [ 3.959285565000073, 51.349796640000079 ], [ 3.961280841000075, 51.333380006000027 ], [ 3.953930600000035, 51.308673422000027 ], [ 3.958799864000071, 51.304413687000078 ], [ 3.978596516000039, 51.299542373000065 ], [ 3.982762636000075, 51.250268087000052 ], [ 3.992438772000071, 51.247557973000028 ], [ 3.996778562000031, 51.242002197000033 ], [ 4.00567650000005, 51.241822499000079 ], [ 3.98542464600007, 51.232925378000061 ], [ 3.977666500000055, 51.225131999000041 ], [ 3.965860560000067, 51.223872907000043 ], [ 3.958236060000047, 51.216503669000076 ], [ 3.938451775000033, 51.21253009600008 ], [ 3.929279371000064, 51.219246612000063 ], [ 3.919854021000049, 51.216682485000035 ], [ 3.916953206000073, 51.213997231000064 ], [ 3.918489, 51.208186999000077 ], [ 3.901673668000058, 51.202471492000029 ], [ 3.886246923000044, 51.201282905000028 ], [ 3.878921499000057, 51.207888335000064 ], [ 3.891694625000071, 51.216389776000028 ], [ 3.891850767000051, 51.219587210000043 ], [ 3.88798375600004, 51.222293901000057 ], [ 3.856339500000047, 51.211055999000052 ] ] ] ] } },
{ "type": "Feature", "properties": { "GISCO_ID": "NL_GM0716", "CNTR_CODE": "NL", "LAU_ID": "GM0716", "LAU_NAME": "Tholen", "cell_coverage": [ [ 0, 0, 0, 0.2874, 0.5776, 0.4736, 0.4269 ], [ 0.0635, 0.3536, 0.6387, 0.5965, 0.8047, 0.6619, 0 ], [ 0.0542, 0.4387, 0.9224, 1, 1, 0.9922, 0.4151 ], [ 0, 0, 0.1326, 0.399, 0.4579, 0.951, 0.3968 ], [ 0, 0, 0, 0, 0, 0.0475, 0.1124 ] ], "xmin": 3.9583333333333321, "xmax": 4.25, "ymin": 51.458333333333321, "ymax": 51.666666666666657 }, "geometry": { "type": "MultiPolygon", "coordinates": [ [ [ [ 4.242535500000031, 51.647120999000038 ], [ 4.238168, 51.634296499000072 ], [ 4.227822500000059, 51.631023499000037 ], [ 4.217071, 51.62843299900004 ], [ 4.211945, 51.626788999000041 ], [ 4.207211, 51.624732999000059 ], [ 4.201043, 51.620959999000036 ], [ 4.197659500000043, 51.618049499000051 ], [ 4.193829, 51.61321999900008 ], [ 4.191166500000065, 51.608096999000054 ], [ 4.190279, 51.604545499000039 ], [ 4.19016350000004, 51.600951999000074 ], [ 4.190817, 51.59738549900004 ], [ 4.193216, 51.592212499000027 ], [ 4.195718, 51.588973499000076 ], [ 4.198892500000056, 51.585975499000028 ], [ 4.226360500000055, 51.565139999000053 ], [ 4.229726500000027, 51.562221499000032 ], [ 4.232444, 51.559055499000067 ], [ 4.234464, 51.555690999000035 ], [ 4.236132, 51.55022449900008 ], [ 4.236057, 51.54502099900003 ], [ 4.235067500000071, 51.541480999000044 ], [ 4.220911500000057, 51.516006499000071 ], [ 4.219477500000039, 51.512527499000043 ], [ 4.2188, 51.508960499000068 ], [ 4.218991, 51.504794999000069 ], [ 4.230463500000042, 51.488742999000067 ], [ 4.217558, 51.487451999000029 ], [ 4.210830518000023, 51.492239387000041 ], [ 4.174231319000057, 51.503169519000039 ], [ 4.166091377000043, 51.510255081000082 ], [ 4.171273450000058, 51.515799946000072 ], [ 4.163135913000076, 51.521909075000053 ], [ 4.142926632000069, 51.521592181000074 ], [ 4.13178124500007, 51.525042090000056 ], [ 4.10067173300007, 51.524375539000062 ], [ 4.073504981000042, 51.528253383000049 ], [ 4.050372134000042, 51.551002577000077 ], [ 4.030871254000033, 51.555677092000053 ], [ 4.02245990800003, 51.567032067000071 ], [ 4.004228126000044, 51.574554925000029 ], [ 3.989595896000026, 51.576996055000052 ], [ 3.984212079000031, 51.582484778000037 ], [ 3.991930800000034, 51.59237119800008 ], [ 4.023169430000053, 51.597611010000037 ], [ 4.053433160000054, 51.608924910000042 ], [ 4.070441080000023, 51.61233866200007 ], [ 4.097859956000036, 51.610804728000062 ], [ 4.108216310000046, 51.604292309000073 ], [ 4.118725637000068, 51.60241751600006 ], [ 4.170297015000074, 51.607187077000049 ], [ 4.170995742000059, 51.61457236900003 ], [ 4.15281681600004, 51.612296269000069 ], [ 4.126657240000043, 51.613550926000073 ], [ 4.11591082800004, 51.624341485000059 ], [ 4.102171343000066, 51.63126713500003 ], [ 4.101120927000068, 51.641114207000044 ], [ 4.120326057000057, 51.652762855000049 ], [ 4.152800021000076, 51.648680461000026 ], [ 4.189044737000074, 51.636464898000042 ], [ 4.193432, 51.638825499000063 ], [ 4.202700500000049, 51.660762999000042 ], [ 4.242535500000031, 51.647120999000038 ] ] ] ] } },
{ "type": "Feature", "properties": { "GISCO_ID": "NL_GM0717", "CNTR_CODE": "NL", "LAU_ID": "GM0717", "LAU_NAME": "Veere", "cell_coverage": [ [ 0, 0, 0, 0, 0, 0, 0.1229, 0.0317 ], [ 0, 0, 0.0005, 0.1695, 0.2115, 0.0411, 0.0363, 0 ], [ 0.0544, 0.4158, 0.82, 1, 1, 0.816, 0.2732, 0 ], [ 0.3016, 0.9264, 1, 0.9677, 0.3156, 0.472, 0.1596, 0 ], [ 0, 0.0415, 0.6595, 0.6465, 0.008, 0, 0, 0 ] ], "xmin": 3.4166666666666643, "xmax": 3.75, "ymin": 51.458333333333321, "ymax": 51.666666666666657 }, "geometry": { "type": "MultiPolygon", "coordinates": [ [ [ [ 3.709996069000056, 51.642448124000055 ], [ 3.713235860000054, 51.641194846000076 ], [ 3.713080220000052, 51.637935085000038 ], [ 3.716559400000051, 51.638343055000064 ], [ 3.709813905000033, 51.632447263000074 ], [ 3.715224206000073, 51.629061592000028 ], [ 3.707386905000021, 51.630486524000048 ], [ 3.704797155000051, 51.624101316000065 ], [ 3.697629205000055, 51.627688770000077 ], [ 3.686426097000037, 51.61734384600004 ], [ 3.679607891000046, 51.622916344000032 ], [ 3.698735793000026, 51.637037138000039 ], [ 3.709996069000056, 51.642448124000055 ] ] ], [ [ [ 3.696383500000024, 51.535182999000028 ], [ 3.680457931000035, 51.534364809000067 ], [ 3.659052096000039, 51.520211744000051 ], [ 3.638462724000021, 51.520094684000071 ], [ 3.632303719000049, 51.525707302000058 ], [ 3.618336458000044, 51.525619834000054 ], [ 3.612023080000029, 51.534661049000078 ], [ 3.591745581000055, 51.532158674000073 ], [ 3.595609512000067, 51.522875421000037 ], [ 3.584632830000032, 51.519398012000067 ], [ 3.58010736500006, 51.51222658000006 ], [ 3.582065055000044, 51.508722455000054 ], [ 3.576358785000025, 51.505882648000068 ], [ 3.584234515000048, 51.495267910000052 ], [ 3.580590269000027, 51.487987166000039 ], [ 3.587045500000045, 51.479209999000034 ], [ 3.577905397000052, 51.474955026000032 ], [ 3.567216966000046, 51.477506009000081 ], [ 3.563957742000071, 51.470994588000053 ], [ 3.550598366000031, 51.470089691000055 ], [ 3.526885, 51.463062499000046 ], [ 3.514760041000045, 51.475208753000061 ], [ 3.495742687000075, 51.49420972300004 ], [ 3.454753025000059, 51.512144427000067 ], [ 3.433871758000066, 51.529342722000081 ], [ 3.435844552000049, 51.537927963000072 ], [ 3.440315870000063, 51.543195035000053 ], [ 3.514760041000045, 51.573461610000038 ], [ 3.552448576000074, 51.588446946000033 ], [ 3.579899170000033, 51.594563224000069 ], [ 3.633690500000057, 51.589207999000052 ], [ 3.652998395000054, 51.569055652000031 ], [ 3.670666873000073, 51.564013069000055 ], [ 3.694179486000053, 51.550091877000057 ], [ 3.698033486000043, 51.544389280000075 ], [ 3.696383500000024, 51.535182999000028 ] ] ] ] } },
{ "type": "Feature", "properties": { "GISCO_ID": "NL_GM0718", "CNTR_CODE": "NL", "LAU_ID": "GM0718", "LAU_NAME": "Vlissingen", "cell_coverage": [ [ 0.0469, 0.3436, 0.4536, 0.3534, 0.3163, 0.016 ], [ 0.0055, 0.2976, 0.3789, 0.2296, 0.1554, 0.016 ] ], "xmin": 3.5, "xmax": 3.75, "ymin": 51.41666666666665, "ymax": 51.5 }, "geometry": { "type": "MultiPolygon", "coordinates": [ [ [ [ 3.715020500000037, 51.426261499000077 ], [ 3.709600278000039, 51.433226869000066 ], [ 3.679440622000072, 51.450544059000038 ], [ 3.68717147600006, 51.456874739000057 ], [ 3.704076500000042, 51.450613499000042 ], [ 3.697562189000053, 51.445187128000043 ], [ 3.716249609000045, 51.428665723000051 ], [ 3.715020500000037, 51.426261499000077 ] ] ], [ [ [ 3.714429, 51.463582999000039 ], [ 3.709967500000062, 51.45430649900004 ], [ 3.704470182000023, 51.453688438000029 ], [ 3.693246313000031, 51.458818683000061 ], [ 3.707489334000059, 51.464455036000061 ], [ 3.714429, 51.463582999000039 ] ] ], [ [ [ 3.705216500000063, 51.470796999000072 ], [ 3.688857792000022, 51.462037033000058 ], [ 3.675194643000054, 51.460835706000069 ], [ 3.673624534000055, 51.457762781000042 ], [ 3.661740523000049, 51.458448869000051 ], [ 3.654144204000033, 51.451113170000042 ], [ 3.644777957000031, 51.44892778600007 ], [ 3.637842357000068, 51.443010060000063 ], [ 3.622182033000058, 51.44093416000004 ], [ 3.604738067000028, 51.442205926000042 ], [ 3.59892360200007, 51.451177428000051 ], [ 3.594583617000069, 51.441340525000044 ], [ 3.572716079000031, 51.43940041500008 ], [ 3.560124796000025, 51.44832352700007 ], [ 3.552273165000031, 51.449438676000057 ], [ 3.526885, 51.463062499000046 ], [ 3.550598366000031, 51.470089691000055 ], [ 3.563957742000071, 51.470994588000053 ], [ 3.567216966000046, 51.477506009000081 ], [ 3.577905397000052, 51.474955026000032 ], [ 3.587045500000045, 51.479209999000034 ], [ 3.609555831000023, 51.476011102000029 ], [ 3.621771285000023, 51.476415539000072 ], [ 3.62966566700004, 51.480171078000069 ], [ 3.647853483000063, 51.470318311000028 ], [ 3.658967988000029, 51.468405092000069 ], [ 3.703655500000025, 51.48226949900004 ], [ 3.704161, 51.475882499000079 ], [ 3.702042, 51.474261499000079 ], [ 3.696260264000045, 51.470918432000076 ], [ 3.698580776000028, 51.469900947000042 ], [ 3.705216500000063, 51.470796999000072 ] ] ] ] } },
{ "type": "Feature", "properties": { "GISCO_ID": "NL_GM0737", "CNTR_CODE": "NL", "LAU_ID": "GM0737", "LAU_NAME": "Tytsjerksteradiel", "cell_coverage": [ [ 0.0085, 0.7629, 0.464, 0.052, 0, 0, 0, 0 ], [ 0.0008, 0.2843, 0.7632, 0.8992, 0.5285, 0.6298, 0.2991, 0 ], [ 0, 0.313, 0.9023, 0.9804, 1, 1, 0.9903, 0.3221 ], [ 0, 0, 0.017, 0.8232, 0.6957, 0.3084, 0.2304, 0.1761 ], [ 0, 0, 0, 0.0081, 0, 0, 0, 0 ] ], "xmin": 5.7916666666666643, "xmax": 6.125, "ymin": 53.083333333333321, "ymax": 53.291666666666657 }, "geometry": { "type": "MultiPolygon", "coordinates": [ [ [ [ 6.105036, 53.151797999000053 ], [ 6.088950543000067, 53.154854207000028 ], [ 6.08457968700003, 53.158223687000032 ], [ 6.014116089000026, 53.154525190000072 ], [ 5.998760784000069, 53.146915358000058 ], [ 5.974564373000021, 53.134924023000053 ], [ 5.94546391800003, 53.124865640000053 ], [ 5.94357350000007, 53.121757499000068 ], [ 5.933496578000074, 53.126668823000045 ], [ 5.923139888000037, 53.131716500000039 ], [ 5.910964615000069, 53.143440887000054 ], [ 5.915037469000026, 53.146915358000058 ], [ 5.929400678000036, 53.159168327000032 ], [ 5.931253493000042, 53.168712117000041 ], [ 5.866548573000046, 53.171533341000043 ], [ 5.861795473000029, 53.17382770100005 ], [ 5.853353319000064, 53.189854256000046 ], [ 5.860163990000046, 53.194630976000042 ], [ 5.859846692000076, 53.20348612600003 ], [ 5.900940442000035, 53.209857139000064 ], [ 5.902995188000034, 53.213861930000064 ], [ 5.877535590000036, 53.231622929000082 ], [ 5.856600160000028, 53.231720796000047 ], [ 5.854926283000054, 53.242354459000069 ], [ 5.833343663000051, 53.245170503000054 ], [ 5.831526948000032, 53.259283866000033 ], [ 5.838859, 53.274905999000055 ], [ 5.848299650000058, 53.284876481000026 ], [ 5.859651566000025, 53.287912470000038 ], [ 5.882314500000064, 53.276778999000044 ], [ 5.904319674000021, 53.264193209000041 ], [ 5.923056709000036, 53.256920897000043 ], [ 5.92761030500003, 53.252291253000067 ], [ 5.942576443000064, 53.249990559000082 ], [ 5.958085393000033, 53.228143543000044 ], [ 5.981201413000065, 53.229450584000062 ], [ 6.02003250000007, 53.240958999000043 ], [ 6.029485479000073, 53.229918530000077 ], [ 6.081037840000022, 53.216063504000033 ], [ 6.082574280000074, 53.209857139000064 ], [ 6.080414313000063, 53.204217695000068 ], [ 6.084784662000061, 53.195954844000028 ], [ 6.11269119800005, 53.175109137000049 ], [ 6.105036, 53.151797999000053 ] ] ] ] } },
{ "type": "Feature", "properties": { "GISCO_ID": "NL_GM0743", "CNTR_CODE": "NL", "LAU_ID": "GM0743", "LAU_NAME": "Asten", "cell_coverage": [ [ 0.1331, 0.5149, 0.1889, 0, 0 ], [ 0.0196, 0.6087, 0.9859, 0.7209, 0.1395 ], [ 0, 0.0354, 0.7846, 0.7987, 0.3715 ] ], "xmin": 5.6666666666666643, "xmax": 5.875, "ymin": 51.333333333333321, "ymax": 51.458333333333321 }, "geometry": { "type": "MultiPolygon", "coordinates": [ [ [ [ 5.840245500000037, 51.346923999000069 ], [ 5.770454500000028, 51.333831499000041 ], [ 5.747587837000026, 51.367817587000047 ], [ 5.745805220000022, 51.369270848000042 ], [ 5.740310507000061, 51.371204050000074 ], [ 5.734605400000021, 51.390569308000067 ], [ 5.704119781000031, 51.411293467000064 ], [ 5.69389, 51.439323499000068 ], [ 5.718245, 51.438731999000026 ], [ 5.735983701000066, 51.43854637700008 ], [ 5.745805220000022, 51.436308979000046 ], [ 5.75404151400005, 51.434432704000073 ], [ 5.789587819000076, 51.412373964000039 ], [ 5.832278749000068, 51.398723895000046 ], [ 5.852430109000068, 51.377651624000066 ], [ 5.85744816600004, 51.355421599000067 ], [ 5.870371500000033, 51.352523999000027 ], [ 5.840245500000037, 51.346923999000069 ] ] ] ] } },
{ "type": "Feature", "properties": { "GISCO_ID": "NL_GM0744", "CNTR_CODE": "NL", "LAU_ID": "GM0744", "LAU_NAME": "Baarle-Nassau", "cell_coverage": [ [ 0, 0, 0.4414, 0.392, 0.0436, 0.0331, 0.0018 ], [ 0.173, 0.3374, 0.9858, 1, 0.8322, 0.664, 0.057 ], [ 0.052, 0.1116, 0.091, 0.1199, 0.3003, 0, 0 ] ], "xmin": 4.75, "xmax": 5.041666666666667, "ymin": 51.375, "ymax": 51.5 }, "geometry": { "type": "MultiPolygon", "coordinates": [ [ [ [ 4.826864500000056, 51.422202999000035 ], [ 4.826734165000062, 51.421239059000072 ], [ 4.828500612000028, 51.42097242400007 ], [ 4.829268794000029, 51.421512117000077 ], [ 4.829165, 51.422525999000072 ], [ 4.824053007000032, 51.447917444000041 ], [ 4.83423827200005, 51.457059837000031 ], [ 4.842583245000071, 51.458681531000082 ], [ 4.836720625000055, 51.463702012000056 ], [ 4.841390500000045, 51.480712999000048 ], [ 4.892830839000055, 51.477591540000049 ], [ 4.931857641000022, 51.45952684100007 ], [ 4.942331770000067, 51.457283184000062 ], [ 4.959697281000047, 51.45885660700003 ], [ 4.97844985100005, 51.460555706000036 ], [ 5.010374, 51.458251999000026 ], [ 5.002623389000064, 51.443423126000027 ], [ 4.963693981000063, 51.422371738000038 ], [ 4.959697281000047, 51.419368872000064 ], [ 4.928706, 51.396083999000041 ], [ 4.927667920000033, 51.399157570000057 ], [ 4.924832908000042, 51.398664757000063 ], [ 4.927639500000055, 51.395424499000057 ], [ 4.920863, 51.393687999000065 ], [ 4.914105500000062, 51.395023999000045 ], [ 4.916712261000043, 51.40018410600004 ], [ 4.899838987000066, 51.414008190000061 ], [ 4.883668472000068, 51.416011715000081 ], [ 4.86973183200007, 51.413095462000058 ], [ 4.867409, 51.409118999000043 ], [ 4.859726500000022, 51.411399999000082 ], [ 4.859071759000074, 51.412979808000046 ], [ 4.851650838000069, 51.414072359000045 ], [ 4.846174, 51.412914499000067 ], [ 4.83742884000003, 51.414411991000065 ], [ 4.788114498000027, 51.409673940000062 ], [ 4.771909928000071, 51.415533394000079 ], [ 4.769377517000066, 51.428712871000073 ], [ 4.784911439000041, 51.432247134000079 ], [ 4.826864500000056, 51.422202999000035 ] ], [ [ 4.945291257000065, 51.444650483000032 ], [ 4.947193288000051, 51.442621339000027 ], [ 4.951524353000025, 51.442653551000035 ], [ 4.949531402000048, 51.447288740000033 ], [ 4.946814416000052, 51.447151716000064 ], [ 4.945291257000065, 51.444650483000032 ] ], [ [ 4.918603085000029, 51.435108779000075 ], [ 4.928332105000038, 51.430580320000047 ], [ 4.938129464000042, 51.430915193000033 ], [ 4.941276039000059, 51.436783698000056 ], [ 4.937795505000054, 51.442849626000054 ], [ 4.941995828000074, 51.449191497000072 ], [ 4.935986236000076, 51.449683609000033 ], [ 4.928577840000059, 51.442332064000027 ], [ 4.923902101000067, 51.442658059000053 ], [ 4.918603085000029, 51.435108779000075 ] ], [ [ 4.929847866000046, 51.407158713000058 ], [ 4.93356844300007, 51.404574576000073 ], [ 4.937353978000033, 51.406419096000036 ], [ 4.935608494000064, 51.409748981000064 ], [ 4.929847866000046, 51.407158713000058 ] ], [ [ 4.831769287000043, 51.419013118000066 ], [ 4.836986400000058, 51.417195022000044 ], [ 4.840163474000065, 51.420550678000041 ], [ 4.835651496000025, 51.421757230000026 ], [ 4.831769287000043, 51.419013118000066 ] ] ] ] } },
{ "type": "Feature", "properties": { "GISCO_ID": "NL_GM0748", "CNTR_CODE": "NL", "LAU_ID": "GM0748", "LAU_NAME": "Bergen op Zoom", "cell_coverage": [ [ 0.1428, 0.5756, 0.1618, 0 ], [ 0.6032, 1, 0.9299, 0.2234 ], [ 0.3068, 0.9981, 0.9038, 0.7147 ], [ 0, 0.3358, 0.0294, 0.0043 ] ], "xmin": 4.2083333333333321, "xmax": 4.375, "ymin": 51.416666666666657, "ymax": 51.583333333333321 }, "geometry": { "type": "MultiPolygon", "coordinates": [ [ [ [ 4.236132, 51.55022449900008 ], [ 4.239711, 51.550937499000042 ], [ 4.243293, 51.559673499000041 ], [ 4.242891500000042, 51.563052999000035 ], [ 4.252026500000056, 51.570659499000044 ], [ 4.267622, 51.56800849900003 ], [ 4.267342500000041, 51.564940999000044 ], [ 4.273129500000039, 51.564437999000063 ], [ 4.298596500000031, 51.558849499000075 ], [ 4.297814, 51.555904499000064 ], [ 4.296173, 51.553798499000038 ], [ 4.317849500000023, 51.551223999000058 ], [ 4.315920430000062, 51.546382493000067 ], [ 4.309094043000073, 51.546169839000072 ], [ 4.308038158000045, 51.543528860000038 ], [ 4.326160144000028, 51.535567137000044 ], [ 4.330720608000036, 51.528438148000077 ], [ 4.341616741000053, 51.526086989000078 ], [ 4.342150035000031, 51.519197548000079 ], [ 4.351550399000075, 51.515555769000059 ], [ 4.350040707000062, 51.504223913000033 ], [ 4.352037885000072, 51.499565031000031 ], [ 4.358141433000071, 51.493124956000031 ], [ 4.372183242000062, 51.486982155000078 ], [ 4.371086644000059, 51.479526391000036 ], [ 4.36163840200004, 51.474106225000071 ], [ 4.367012, 51.456660999000064 ], [ 4.328572228000041, 51.46348740500008 ], [ 4.313183085000048, 51.460311180000076 ], [ 4.30717463700006, 51.465487622000069 ], [ 4.300328961000048, 51.466339904000051 ], [ 4.293839533000039, 51.446242719000054 ], [ 4.282027773000038, 51.439968975000056 ], [ 4.265473500000041, 51.439677999000025 ], [ 4.230463500000042, 51.488742999000067 ], [ 4.218991, 51.504794999000069 ], [ 4.2188, 51.508960499000068 ], [ 4.219477500000039, 51.512527499000043 ], [ 4.220911500000057, 51.516006499000071 ], [ 4.235067500000071, 51.541480999000044 ], [ 4.236057, 51.54502099900003 ], [ 4.236132, 51.55022449900008 ] ] ] ] } },
{ "type": "Feature", "properties": { "GISCO_ID": "NL_GM0753", "CNTR_CODE": "NL", "LAU_ID": "GM0753", "LAU_NAME": "Best", "cell_coverage": [ [ 0.0281, 0.082, 0 ], [ 0.4581, 0.9976, 0.4396 ], [ 0.0834, 0.3777, 0.1449 ] ], "xmin": 5.3333333333333321, "xmax": 5.4583333333333321, "ymin": 51.458333333333321, "ymax": 51.583333333333321 }, "geometry": { "type": "MultiPolygon", "coordinates": [ [ [ [ 5.404231500000037, 51.548270999000067 ], [ 5.423792, 51.533981499000049 ], [ 5.446591563000027, 51.512415063000049 ], [ 5.441572162000057, 51.49780252000005 ], [ 5.442673, 51.493808499000068 ], [ 5.410442011000043, 51.484824721000052 ], [ 5.397545717000071, 51.484345204000078 ], [ 5.397399752000069, 51.477810127000055 ], [ 5.391171, 51.471820999000045 ], [ 5.389339022000058, 51.486703433000059 ], [ 5.364795344000072, 51.491582423000068 ], [ 5.359626424000055, 51.49530020800006 ], [ 5.354584131000024, 51.498926916000073 ], [ 5.350257873000032, 51.516912167000044 ], [ 5.355529230000059, 51.528170120000027 ], [ 5.359626424000055, 51.52947916200003 ], [ 5.367595048000055, 51.532025116000057 ], [ 5.359626424000055, 51.54147299400006 ], [ 5.356862500000034, 51.544749999000032 ], [ 5.359626424000055, 51.544697647000078 ], [ 5.385871518000044, 51.544200531000058 ], [ 5.404231500000037, 51.548270999000067 ] ] ] ] } },
{ "type": "Feature", "properties": { "GISCO_ID": "NL_GM0755", "CNTR_CODE": "NL", "LAU_ID": "GM0755", "LAU_NAME": "Boekel", "cell_coverage": [ [ 0.0329, 0.048, 0.0015, 0 ], [ 0.6113, 0.9849, 0.8382, 0.0791 ], [ 0.0061, 0.0011, 0, 0 ] ], "xmin": 5.625, "xmax": 5.791666666666667, "ymin": 51.541666666666657, "ymax": 51.666666666666657 }, "geometry": { "type": "MultiPolygon", "coordinates": [ [ [ [ 5.651356500000077, 51.582359499000063 ], [ 5.643123941000056, 51.605353968000031 ], [ 5.62653750000004, 51.623393999000029 ], [ 5.663646663000065, 51.628614481000056 ], [ 5.745805220000022, 51.623053304000052 ], [ 5.750522500000045, 51.622733999000047 ], [ 5.758603500000049, 51.593959999000049 ], [ 5.745805220000022, 51.591887854000049 ], [ 5.698233301000073, 51.584185577000028 ], [ 5.651356500000077, 51.582359499000063 ] ] ] ] } },
{ "type": "Feature", "properties": { "GISCO_ID": "NL_GM0756", "CNTR_CODE": "NL", "LAU_ID": "GM0756", "LAU_NAME": "Boxmeer", "cell_coverage": [ [ 0, 0, 0.0799, 0, 0, 0 ], [ 0.0526, 0.4993, 0.9834, 0.0708, 0, 0 ], [ 0.1038, 0.5752, 0.9476, 0.5093, 0.0404, 0 ], [ 0, 0.074, 0.6569, 1, 0.6222, 0 ], [ 0.0255, 0.5996, 0.6814, 0.4894, 0.4883, 0.0125 ] ], "xmin": 5.8333333333333321, "xmax": 6.0833333333333321, "ymin": 51.54166666666665, "ymax": 51.75 }, "geometry": { "type": "MultiPolygon", "coordinates": [ [ [ [ 5.860094500000059, 51.670081999000047 ], [ 5.895395690000043, 51.682239147000075 ], [ 5.902246168000033, 51.694433244000038 ], [ 5.934030500000063, 51.716430499000069 ], [ 5.954869416000065, 51.708990611000047 ], [ 5.96406379900003, 51.678411696000069 ], [ 5.964407882000046, 51.654733693000026 ], [ 5.968766865000021, 51.648544533000063 ], [ 5.976887500000032, 51.644134499000074 ], [ 5.981719, 51.642623999000079 ], [ 5.996483500000068, 51.636729999000067 ], [ 6.001637500000072, 51.633342499000037 ], [ 6.006681, 51.630611499000054 ], [ 6.010352524000041, 51.627854505000073 ], [ 6.022884734000058, 51.61733498600006 ], [ 6.025035657000046, 51.598708355000042 ], [ 6.038525468000046, 51.58406786200004 ], [ 6.038462978000041, 51.568621643000029 ], [ 6.047766500000023, 51.558505999000033 ], [ 6.035343441000066, 51.557499449000034 ], [ 6.030769154000041, 51.553557002000048 ], [ 6.017138739000075, 51.563804700000048 ], [ 6.010352524000041, 51.566786506000028 ], [ 6.003686075000076, 51.569715689000077 ], [ 5.975066047000041, 51.561369114000058 ], [ 5.933496578000074, 51.553922931000045 ], [ 5.930308435000029, 51.553351851000059 ], [ 5.907032187000027, 51.552338106000036 ], [ 5.890428751000059, 51.560153694000064 ], [ 5.870946500000059, 51.562671499000032 ], [ 5.871383005000041, 51.57255949000006 ], [ 5.878949291000026, 51.578589862000058 ], [ 5.897292907000065, 51.587677657000029 ], [ 5.905542298000057, 51.587944549000042 ], [ 5.929266554000037, 51.596059945000036 ], [ 5.933496578000074, 51.601735221000069 ], [ 5.946290296000029, 51.608023654000078 ], [ 5.935303599000065, 51.616579013000035 ], [ 5.933496578000074, 51.619094523000058 ], [ 5.924640104000048, 51.632422315000042 ], [ 5.897739614000045, 51.643833846000064 ], [ 5.883905657000071, 51.646163237000053 ], [ 5.873069197000063, 51.643938830000081 ], [ 5.872731050000027, 51.65354312900007 ], [ 5.869031957000061, 51.656129877000069 ], [ 5.85716456800003, 51.661865531000046 ], [ 5.860094500000059, 51.670081999000047 ] ] ] ] } },
{ "type": "Feature", "properties": { "GISCO_ID": "NL_GM0757", "CNTR_CODE": "NL", "LAU_ID": "GM0757", "LAU_NAME": "Boxtel", "cell_coverage": [ [ 0, 0, 0.0775, 0.0006, 0 ], [ 0.0083, 0.4066, 0.7964, 0.5038, 0.101 ], [ 0.0134, 0.6312, 0.8352, 0.9133, 0.5499 ] ], "xmin": 5.2083333333333321, "xmax": 5.4166666666666652, "ymin": 51.541666666666657, "ymax": 51.666666666666657 }, "geometry": { "type": "MultiPolygon", "coordinates": [ [ [ [ 5.25954770200002, 51.563192679000053 ], [ 5.24608, 51.579463999000041 ], [ 5.247213500000043, 51.587039999000069 ], [ 5.25954770200002, 51.596965614000055 ], [ 5.262631620000036, 51.599447313000042 ], [ 5.277196494000066, 51.604226352000069 ], [ 5.294143134000024, 51.60335986900003 ], [ 5.314888630000041, 51.617075859000067 ], [ 5.310979, 51.633659499000032 ], [ 5.314985, 51.63370149900004 ], [ 5.317765500000064, 51.634608999000079 ], [ 5.341905089000022, 51.62138972300005 ], [ 5.341611433000025, 51.616034235000029 ], [ 5.332638693000035, 51.61088114100005 ], [ 5.335639882000066, 51.603907446000051 ], [ 5.343335068000044, 51.601279179000073 ], [ 5.349339498000063, 51.603418124000029 ], [ 5.354634973000032, 51.601017046000038 ], [ 5.359626424000055, 51.601369349000038 ], [ 5.380739, 51.602859499000033 ], [ 5.384989837000035, 51.600477229000035 ], [ 5.382542656000055, 51.596462725000038 ], [ 5.384488851000071, 51.586897340000064 ], [ 5.392425895000031, 51.58004193000005 ], [ 5.392632139000057, 51.576594674000035 ], [ 5.401923433000036, 51.57480819500006 ], [ 5.398362038000073, 51.565981254000064 ], [ 5.403864746000067, 51.561382324000078 ], [ 5.404231500000037, 51.548270999000067 ], [ 5.385871518000044, 51.544200531000058 ], [ 5.359626424000055, 51.544697647000078 ], [ 5.356862500000034, 51.544749999000032 ], [ 5.341915003000054, 51.545096034000039 ], [ 5.330411454000057, 51.551200585000061 ], [ 5.307340744000044, 51.546338970000079 ], [ 5.273257, 51.55282949900004 ], [ 5.269404500000064, 51.553642499000034 ], [ 5.264564, 51.557803999000043 ], [ 5.261324500000057, 51.561045999000044 ], [ 5.25954770200002, 51.563192679000053 ] ] ] ] } },
{ "type": "Feature", "properties": { "GISCO_ID": "NL_GM0758", "CNTR_CODE": "NL", "LAU_ID": "GM0758", "LAU_NAME": "Breda", "cell_coverage": [ [ 0.0185, 0.255, 0.3905, 0.2262, 0.1402, 0 ], [ 0.0726, 0.8082, 1, 1, 0.9967, 0.1647 ], [ 0, 0.3343, 0.982, 1, 0.9389, 0.5299 ], [ 0, 0, 0.2715, 0.4103, 0.0506, 0 ], [ 0, 0, 0.0796, 0.0034, 0, 0 ] ], "xmin": 4.625, "xmax": 4.875, "ymin": 51.458333333333321, "ymax": 51.666666666666657 }, "geometry": { "type": "MultiPolygon", "coordinates": [ [ [ [ 4.694032500000048, 51.54473899900006 ], [ 4.693120131000057, 51.568859836000058 ], [ 4.682736254000076, 51.596813826000073 ], [ 4.674320044000069, 51.603497766000032 ], [ 4.664576877000059, 51.60459959800005 ], [ 4.659176402000071, 51.614151495000044 ], [ 4.658506266000074, 51.61966939000007 ], [ 4.665370500000051, 51.634299999000064 ], [ 4.67225650000006, 51.632621999000037 ], [ 4.675214, 51.632400499000028 ], [ 4.678513, 51.632594999000048 ], [ 4.682754500000044, 51.633636499000033 ], [ 4.688806, 51.63666149900007 ], [ 4.690958500000022, 51.637359999000068 ], [ 4.693452, 51.637862999000049 ], [ 4.699077, 51.638049999000032 ], [ 4.703963, 51.638168499000074 ], [ 4.732471500000031, 51.643146499000068 ], [ 4.737599, 51.642966999000066 ], [ 4.741454500000032, 51.642040499000075 ], [ 4.748138500000039, 51.639240499000039 ], [ 4.756569, 51.637798499000041 ], [ 4.760361500000045, 51.636462999000059 ], [ 4.762908500000037, 51.634876499000029 ], [ 4.764393, 51.633476499000039 ], [ 4.765789500000039, 51.629157999000029 ], [ 4.76799950000003, 51.628864499000031 ], [ 4.787506500000063, 51.637046999000063 ], [ 4.792444815000067, 51.634313761000044 ], [ 4.817263009000044, 51.631620775000044 ], [ 4.840642134000063, 51.618251572000077 ], [ 4.839817413000048, 51.609366993000037 ], [ 4.842456395000056, 51.604013417000033 ], [ 4.836291784000025, 51.598319163000042 ], [ 4.841605155000025, 51.59517919700005 ], [ 4.843359448000058, 51.585818192000033 ], [ 4.852787932000069, 51.580068719000053 ], [ 4.864234, 51.579086499000027 ], [ 4.86542593300004, 51.57340732800003 ], [ 4.870692752000025, 51.568247966000058 ], [ 4.867875195000067, 51.560487099000056 ], [ 4.862969500000077, 51.557265999000037 ], [ 4.828282422000029, 51.549366916000054 ], [ 4.798498689000041, 51.535621211000034 ], [ 4.771387590000074, 51.527500383000074 ], [ 4.759618057000068, 51.519669839000073 ], [ 4.749362710000071, 51.518409929000029 ], [ 4.747785744000055, 51.514907188000052 ], [ 4.750963194000065, 51.509388088000037 ], [ 4.759926, 51.502464499000041 ], [ 4.751085723000074, 51.498286576000055 ], [ 4.745838165000066, 51.489520870000035 ], [ 4.734006500000021, 51.485591499000066 ], [ 4.743245214000069, 51.510690993000026 ], [ 4.740865381000049, 51.531712277000054 ], [ 4.732503123000072, 51.535586997000053 ], [ 4.724261336000041, 51.534032731000082 ], [ 4.724573381000027, 51.538843528000029 ], [ 4.705279550000057, 51.549017880000065 ], [ 4.694032500000048, 51.54473899900006 ] ] ] ] } },
{ "type": "Feature", "properties": { "GISCO_ID": "NL_GM0762", "CNTR_CODE": "NL", "LAU_ID": "GM0762", "LAU_NAME": "Deurne", "cell_coverage": [ [ 0, 0, 0.0001, 0.0276, 0, 0 ], [ 0.3989, 0.745, 0.9036, 0.7315, 0, 0 ], [ 0.3186, 0.8111, 1, 0.9755, 0.2372, 0 ], [ 0, 0.0141, 0.2791, 0.8605, 0.9394, 0.1052 ], [ 0, 0, 0, 0.2402, 0.2421, 0 ] ], "xmin": 5.7083333333333321, "xmax": 5.9583333333333321, "ymin": 51.333333333333321, "ymax": 51.541666666666657 }, "geometry": { "type": "MultiPolygon", "coordinates": [ [ [ [ 5.874845500000049, 51.446456999000077 ], [ 5.902804, 51.416660499000045 ], [ 5.914969, 51.403613999000072 ], [ 5.931195500000058, 51.384604999000032 ], [ 5.895950500000026, 51.364925499000037 ], [ 5.874235500000054, 51.353214499000046 ], [ 5.870371500000033, 51.352523999000027 ], [ 5.85744816600004, 51.355421599000067 ], [ 5.852430109000068, 51.377651624000066 ], [ 5.832278749000068, 51.398723895000046 ], [ 5.789587819000076, 51.412373964000039 ], [ 5.75404151400005, 51.434432704000073 ], [ 5.745805220000022, 51.436308979000046 ], [ 5.735983701000066, 51.43854637700008 ], [ 5.718245, 51.438731999000026 ], [ 5.719235914000024, 51.443983697000078 ], [ 5.727905644000032, 51.445783598000048 ], [ 5.717800486000044, 51.46701749600004 ], [ 5.735279648000073, 51.471151977000034 ], [ 5.721738500000072, 51.485072999000067 ], [ 5.745805220000022, 51.48716457200004 ], [ 5.786532070000021, 51.490704032000053 ], [ 5.852591, 51.504146499000058 ], [ 5.860910500000045, 51.491728999000031 ], [ 5.869031957000061, 51.460251052000046 ], [ 5.871615500000075, 51.450237499000082 ], [ 5.874845500000049, 51.446456999000077 ] ] ] ] } },
{ "type": "Feature", "properties": { "GISCO_ID": "NL_GM0765", "CNTR_CODE": "NL", "LAU_ID": "GM0765", "LAU_NAME": "Pekela", "cell_coverage": [ [ 0, 0.0502, 0.7388, 0.6153 ], [ 0.0182, 0.7074, 0.8835, 0.1603 ], [ 0.0307, 0.4908, 0.1549, 0 ] ], "xmin": 6.875, "xmax": 7.041666666666667, "ymin": 52.999999999999986, "ymax": 53.125 }, "geometry": { "type": "MultiPolygon", "coordinates": [ [ [ [ 6.907698500000038, 53.038848999000038 ], [ 6.906869374000053, 53.043635693000056 ], [ 6.917592975000048, 53.046460250000052 ], [ 6.932700809000039, 53.050439599000072 ], [ 6.932264430000032, 53.053554547000033 ], [ 6.925261558000045, 53.058455250000065 ], [ 6.928135467000061, 53.068064218000075 ], [ 6.930314332000023, 53.073167218000037 ], [ 6.959974083000077, 53.096256529000073 ], [ 6.961766, 53.110061499000039 ], [ 6.965328, 53.110873999000034 ], [ 6.980982538000035, 53.118894306000072 ], [ 6.989831246000051, 53.116259980000052 ], [ 7.029996500000038, 53.115161999000065 ], [ 7.027602311000066, 53.110763916000053 ], [ 7.041362273000061, 53.100917153000069 ], [ 7.01545150000004, 53.071796499000072 ], [ 7.013293500000032, 53.069488499000045 ], [ 7.010179, 53.07368849900007 ], [ 7.005085567000037, 53.068064218000075 ], [ 6.98508485900004, 53.046460250000052 ], [ 6.955492179000032, 53.014495416000045 ], [ 6.936200072000076, 53.01950813600007 ], [ 6.907698500000038, 53.038848999000038 ] ] ] ] } },
{ "type": "Feature", "properties": { "GISCO_ID": "NL_GM0770", "CNTR_CODE": "NL", "LAU_ID": "GM0770", "LAU_NAME": "Eersel", "cell_coverage": [ [ 0, 0, 0.0377, 0.1384, 0 ], [ 0.0667, 0.7762, 0.9145, 0.4155, 0 ], [ 0, 0.1905, 0.7537, 0.6936, 0.0568 ], [ 0, 0.2788, 0.9981, 0.4442, 0.0227 ], [ 0, 0.1634, 0.2005, 0, 0 ] ], "xmin": 5.2083333333333321, "xmax": 5.4166666666666652, "ymin": 51.29166666666665, "ymax": 51.5 }, "geometry": { "type": "MultiPolygon", "coordinates": [ [ [ [ 5.25954770200002, 51.447241215000076 ], [ 5.330673185000023, 51.463048572000048 ], [ 5.335591577000059, 51.467181893000031 ], [ 5.353302376000045, 51.463449487000048 ], [ 5.360591630000044, 51.46620392300008 ], [ 5.369446500000038, 51.465327999000067 ], [ 5.367260943000076, 51.460707668000055 ], [ 5.359626424000055, 51.455465968000055 ], [ 5.357875795000041, 51.454264023000064 ], [ 5.359626424000055, 51.449609704000068 ], [ 5.360951637000028, 51.446086423000054 ], [ 5.359626424000055, 51.443453720000036 ], [ 5.356925, 51.438086999000063 ], [ 5.354555832000074, 51.433703832000049 ], [ 5.343185177000066, 51.430120771000077 ], [ 5.340412680000043, 51.426089727000033 ], [ 5.320726626000067, 51.423516693000067 ], [ 5.316868459000034, 51.418642930000033 ], [ 5.317876430000069, 51.414078046000043 ], [ 5.325254715000028, 51.40630287700003 ], [ 5.356323752000037, 51.407362468000031 ], [ 5.359626424000055, 51.40517985300005 ], [ 5.369583349000038, 51.398599687000058 ], [ 5.374721927000053, 51.38819518300005 ], [ 5.388905500000021, 51.376460999000074 ], [ 5.378849872000046, 51.370061322000026 ], [ 5.367298661000063, 51.36809283000008 ], [ 5.359626424000055, 51.364402369000061 ], [ 5.347488497000029, 51.358563845000049 ], [ 5.343460444000073, 51.353221684000061 ], [ 5.34571341000003, 51.337601242000062 ], [ 5.323958706000042, 51.332345541000052 ], [ 5.316235156000062, 51.323597533000054 ], [ 5.292328936000047, 51.318412144000035 ], [ 5.263539, 51.319194999000047 ], [ 5.285114651000072, 51.336477426000044 ], [ 5.276038466000045, 51.362433354000075 ], [ 5.281189908000044, 51.377474242000062 ], [ 5.290694046000056, 51.38872884500006 ], [ 5.309888042000068, 51.391252406000035 ], [ 5.31264070900005, 51.399705289000053 ], [ 5.304254635000063, 51.406635848000064 ], [ 5.28275986400007, 51.40465720900005 ], [ 5.25954770200002, 51.416970552000066 ], [ 5.237703, 51.428558499000076 ], [ 5.240161826000076, 51.433700649000059 ], [ 5.251212045000045, 51.437980441000036 ], [ 5.250404680000031, 51.445777962000079 ], [ 5.25954770200002, 51.447241215000076 ] ] ] ] } },
{ "type": "Feature", "properties": { "GISCO_ID": "NL_GM0772", "CNTR_CODE": "NL", "LAU_ID": "GM0772", "LAU_NAME": "Eindhoven", "cell_coverage": [ [ 0.0299, 0.4365, 0.8071, 0.922, 0.2748, 0 ], [ 0.1968, 0.5545, 0.9206, 1, 0.8265, 0.0188 ], [ 0, 0, 0.2248, 0.2865, 0.1925, 0 ] ], "xmin": 5.3333333333333321, "xmax": 5.5833333333333321, "ymin": 51.375, "ymax": 51.5 }, "geometry": { "type": "MultiPolygon", "coordinates": [ [ [ [ 5.369446500000038, 51.465327999000067 ], [ 5.379626409000025, 51.464511536000032 ], [ 5.391171, 51.471820999000045 ], [ 5.397399752000069, 51.477810127000055 ], [ 5.397545717000071, 51.484345204000078 ], [ 5.410442011000043, 51.484824721000052 ], [ 5.442673, 51.493808499000068 ], [ 5.463194717000022, 51.496723159000055 ], [ 5.510674, 51.496913999000071 ], [ 5.514399329000071, 51.493435587000079 ], [ 5.506593430000066, 51.484037768000064 ], [ 5.509294065000063, 51.46985135500006 ], [ 5.531356815000038, 51.457153677000065 ], [ 5.53891849200005, 51.448700388000077 ], [ 5.539797035000049, 51.442895617000033 ], [ 5.548687, 51.434669499000051 ], [ 5.541063325000039, 51.431609341000069 ], [ 5.532628166000052, 51.431774661000077 ], [ 5.530245953000076, 51.427640722000035 ], [ 5.525480353000034, 51.427318186000036 ], [ 5.525812500000029, 51.404697499000065 ], [ 5.508066565000036, 51.404421003000039 ], [ 5.504780500000038, 51.400096999000027 ], [ 5.497248789000025, 51.404203597000048 ], [ 5.469746188000045, 51.405324467000071 ], [ 5.427156500000024, 51.402555499000073 ], [ 5.42934703700007, 51.409463728000048 ], [ 5.425035886000046, 51.430604939000034 ], [ 5.413455414000055, 51.431053427000052 ], [ 5.405613384000048, 51.436213548000069 ], [ 5.399580359000026, 51.433507811000027 ], [ 5.388255780000065, 51.437561625000058 ], [ 5.36360806700003, 51.435875193000072 ], [ 5.359626424000055, 51.43719294400006 ], [ 5.356925, 51.438086999000063 ], [ 5.359626424000055, 51.443453720000036 ], [ 5.360951637000028, 51.446086423000054 ], [ 5.359626424000055, 51.449609704000068 ], [ 5.357875795000041, 51.454264023000064 ], [ 5.359626424000055, 51.455465968000055 ], [ 5.367260943000076, 51.460707668000055 ], [ 5.369446500000038, 51.465327999000067 ] ] ] ] } },
{ "type": "Feature", "properties": { "GISCO_ID": "NL_GM0777", "CNTR_CODE": "NL", "LAU_ID": "GM0777", "LAU_NAME": "Etten-Leur", "cell_coverage": [ [ 0.0276, 0.1243, 0 ], [ 0.4846, 0.9239, 0.1918 ], [ 0.4748, 0.9699, 0.6124 ], [ 0, 0.2842, 0.0468 ] ], "xmin": 4.5833333333333321, "xmax": 4.7083333333333321, "ymin": 51.5, "ymax": 51.666666666666657 }, "geometry": { "type": "MultiPolygon", "coordinates": [ [ [ [ 4.591761, 51.561031999000079 ], [ 4.597956852000038, 51.582621292000056 ], [ 4.597609899000076, 51.590373566000039 ], [ 4.612813748000065, 51.607592544000056 ], [ 4.601364500000045, 51.625293499000065 ], [ 4.604666, 51.627094499000066 ], [ 4.607737, 51.628082499000072 ], [ 4.609711, 51.628429499000049 ], [ 4.612467500000037, 51.628447999000059 ], [ 4.616295, 51.627723499000069 ], [ 4.618595, 51.626861499000029 ], [ 4.621447, 51.625221499000077 ], [ 4.623941500000058, 51.624362999000027 ], [ 4.626695500000039, 51.623973999000043 ], [ 4.629327, 51.624057999000058 ], [ 4.632007500000043, 51.624595499000066 ], [ 4.634765500000071, 51.625671499000077 ], [ 4.637934, 51.629715499000042 ], [ 4.639838500000053, 51.63093199900004 ], [ 4.643297500000074, 51.632236499000044 ], [ 4.659023500000046, 51.634689499000046 ], [ 4.661741500000062, 51.634750499000063 ], [ 4.665370500000051, 51.634299999000064 ], [ 4.658506266000074, 51.61966939000007 ], [ 4.659176402000071, 51.614151495000044 ], [ 4.664576877000059, 51.60459959800005 ], [ 4.674320044000069, 51.603497766000032 ], [ 4.682736254000076, 51.596813826000073 ], [ 4.693120131000057, 51.568859836000058 ], [ 4.694032500000048, 51.54473899900006 ], [ 4.680461369000056, 51.540154442000073 ], [ 4.644920007000053, 51.518873436000035 ], [ 4.638855804000059, 51.518125782000027 ], [ 4.638774, 51.524421499000027 ], [ 4.639120624000043, 51.542534522000039 ], [ 4.633005872000069, 51.543522118000055 ], [ 4.623400141000047, 51.552237292000029 ], [ 4.591761, 51.561031999000079 ] ] ] ] } },
{ "type": "Feature", "properties": { "GISCO_ID": "NL_GM0779", "CNTR_CODE": "NL", "LAU_ID": "GM0779", "LAU_NAME": "Geertruidenberg", "cell_coverage": [ [ 0.0135, 0.1922, 0.2655, 0.0221 ], [ 0.0456, 0.6497, 0.8083, 0.2155 ] ], "xmin": 4.7916666666666643, "xmax": 4.9583333333333313, "ymin": 51.66666666666665, "ymax": 51.75 }, "geometry": { "type": "MultiPolygon", "coordinates": [ [ [ [ 4.925032, 51.673007999000049 ], [ 4.911866162000024, 51.676362698000048 ], [ 4.879079356000034, 51.672880160000034 ], [ 4.845363350000071, 51.685350044000074 ], [ 4.842368, 51.679653999000038 ], [ 4.830372752000073, 51.694973204000064 ], [ 4.824571331000072, 51.710157484000035 ], [ 4.836899500000072, 51.71274549900005 ], [ 4.864389, 51.718635499000072 ], [ 4.871104, 51.719615999000041 ], [ 4.877825500000029, 51.720081499000059 ], [ 4.88433, 51.720100499000068 ], [ 4.890698, 51.719623499000079 ], [ 4.896352, 51.718849499000044 ], [ 4.902655, 51.718620499000053 ], [ 4.909262, 51.71896349900004 ], [ 4.917944500000033, 51.719939999000076 ], [ 4.933116, 51.676799999000082 ], [ 4.925073, 51.674979999000072 ], [ 4.925032, 51.673007999000049 ] ] ] ] } },
{ "type": "Feature", "properties": { "GISCO_ID": "NL_GM0784", "CNTR_CODE": "NL", "LAU_ID": "GM0784", "LAU_NAME": "Gilze en Rijen", "cell_coverage": [ [ 0, 0, 0.2227, 0.685, 0.1513 ], [ 0, 0.2769, 1, 0.9665, 0.1666 ], [ 0.0008, 0.1872, 0.5127, 0.6344, 0.1081 ] ], "xmin": 4.7916666666666643, "xmax": 4.9999999999999973, "ymin": 51.5, "ymax": 51.625 }, "geometry": { "type": "MultiPolygon", "coordinates": [ [ [ [ 4.864234, 51.579086499000027 ], [ 4.917081532000054, 51.601126344000079 ], [ 4.917425755000068, 51.607764067000062 ], [ 4.911879500000055, 51.615401499000029 ], [ 4.947831, 51.611167999000031 ], [ 4.959697281000047, 51.60614312000007 ], [ 4.96620019300002, 51.603389406000076 ], [ 4.972788852000065, 51.595736019000071 ], [ 4.967404516000045, 51.568496284000048 ], [ 4.959697281000047, 51.563629217000027 ], [ 4.951377035000064, 51.558375038000065 ], [ 4.954463753000027, 51.550810574000081 ], [ 4.959697281000047, 51.549444858000072 ], [ 4.977960437000036, 51.544678991000069 ], [ 4.975465500000041, 51.540103999000053 ], [ 4.962567, 51.52588649900008 ], [ 4.959697281000047, 51.523189553000066 ], [ 4.954558059000021, 51.51835974100004 ], [ 4.912311984000041, 51.510295602000042 ], [ 4.866558565000048, 51.537583332000054 ], [ 4.846123785000032, 51.533142395000027 ], [ 4.842912041000034, 51.527591499000039 ], [ 4.832379844000059, 51.528007209000066 ], [ 4.836008670000069, 51.538598934000049 ], [ 4.86169785900006, 51.550530734000063 ], [ 4.862969500000077, 51.557265999000037 ], [ 4.867875195000067, 51.560487099000056 ], [ 4.870692752000025, 51.568247966000058 ], [ 4.86542593300004, 51.57340732800003 ], [ 4.864234, 51.579086499000027 ] ] ] ] } },
{ "type": "Feature", "properties": { "GISCO_ID": "NL_GM0785", "CNTR_CODE": "NL", "LAU_ID": "GM0785", "LAU_NAME": "Goirle", "cell_coverage": [ [ 0.5001, 0.8574, 0.8121, 0.2477 ], [ 0.068, 0.4837, 0.2742, 0 ] ], "xmin": 4.9583333333333321, "xmax": 5.125, "ymin": 51.458333333333321, "ymax": 51.541666666666657 }, "geometry": { "type": "MultiPolygon", "coordinates": [ [ [ [ 4.975465500000041, 51.540103999000053 ], [ 5.020804446000056, 51.538700801000061 ], [ 5.032229510000036, 51.530051469000057 ], [ 5.050931578000075, 51.530183654000041 ], [ 5.052856889000054, 51.535241351000082 ], [ 5.060524120000025, 51.537526443000047 ], [ 5.093286119000027, 51.534940920000054 ], [ 5.10980150000006, 51.539370999000027 ], [ 5.10141873300006, 51.531518438000035 ], [ 5.10381310300005, 51.528236142000026 ], [ 5.099271957000042, 51.52488655500008 ], [ 5.096415550000074, 51.511368017000052 ], [ 5.087442127000031, 51.510602805000076 ], [ 5.07622092400004, 51.504227447000062 ], [ 5.075075630000072, 51.499930093000046 ], [ 5.06393537200006, 51.493133472000068 ], [ 5.067817824000031, 51.486074834000078 ], [ 5.052205808000053, 51.486382107000054 ], [ 5.049744, 51.471122999000045 ], [ 5.039047023000023, 51.478609981000034 ], [ 5.039456425000026, 51.485584755000048 ], [ 5.036698208000075, 51.486931936000076 ], [ 5.022609516000045, 51.481458107000037 ], [ 5.016353500000037, 51.475558999000043 ], [ 5.007343659000071, 51.474258903000077 ], [ 4.997935179000024, 51.481777120000061 ], [ 4.991317060000029, 51.483333162000065 ], [ 4.998717344000056, 51.491514732000041 ], [ 4.993637832000047, 51.493898822000062 ], [ 4.993220830000041, 51.497008106000067 ], [ 4.986840112000039, 51.497193379000066 ], [ 4.991203724000059, 51.511944377000077 ], [ 4.984170825000035, 51.514071631000036 ], [ 4.983772589000068, 51.517628684000044 ], [ 4.978192970000066, 51.52077354000005 ], [ 4.969054770000071, 51.521654603000059 ], [ 4.962567, 51.52588649900008 ], [ 4.975465500000041, 51.540103999000053 ] ] ] ] } },
{ "type": "Feature", "properties": { "GISCO_ID": "NL_GM0786", "CNTR_CODE": "NL", "LAU_ID": "GM0786", "LAU_NAME": "Grave", "cell_coverage": [ [ 0.1241, 0.4708, 0.0745, 0 ], [ 0.061, 0.6428, 0.6724, 0.0544 ] ], "xmin": 5.6666666666666643, "xmax": 5.8333333333333313, "ymin": 51.708333333333321, "ymax": 51.791666666666657 }, "geometry": { "type": "MultiPolygon", "coordinates": [ [ [ [ 5.745805220000022, 51.758829761000072 ], [ 5.74929, 51.756919999000047 ], [ 5.754086, 51.755225999000061 ], [ 5.762106, 51.753253999000037 ], [ 5.767786500000057, 51.752464499000041 ], [ 5.773379, 51.752097999000057 ], [ 5.78247, 51.752399499000035 ], [ 5.790482, 51.753516999000055 ], [ 5.787308203000066, 51.74423119000005 ], [ 5.794958957000063, 51.740417935000039 ], [ 5.79495870900007, 51.736557505000064 ], [ 5.798828249000053, 51.733599820000052 ], [ 5.795631590000028, 51.729072520000045 ], [ 5.797230418000026, 51.722021537000046 ], [ 5.792417500000056, 51.72053149900006 ], [ 5.784185841000067, 51.719105599000045 ], [ 5.76759516900006, 51.72312626300004 ], [ 5.752958849000038, 51.722095483000032 ], [ 5.747720263000076, 51.718895435000036 ], [ 5.745805220000022, 51.719470234000028 ], [ 5.735123564000048, 51.72267632300003 ], [ 5.727999599000043, 51.720652432000065 ], [ 5.713056, 51.726356499000076 ], [ 5.712967445000061, 51.731547051000064 ], [ 5.700070957000037, 51.739329483000063 ], [ 5.700795010000036, 51.753892288000031 ], [ 5.690789, 51.75911349900008 ], [ 5.711123500000042, 51.775001499000041 ], [ 5.721883500000047, 51.77480299900003 ], [ 5.726566500000047, 51.773910499000067 ], [ 5.729744, 51.77289199900008 ], [ 5.732327500000054, 51.771689999000046 ], [ 5.734452500000032, 51.770122499000081 ], [ 5.740037, 51.763908499000081 ], [ 5.745141500000045, 51.759193499000048 ], [ 5.745805220000022, 51.758829761000072 ] ] ] ] } },
{ "type": "Feature", "properties": { "GISCO_ID": "NL_GM0788", "CNTR_CODE": "NL", "LAU_ID": "GM0788", "LAU_NAME": "Haaren", "cell_coverage": [ [ 0.0013, 0.0641, 0.0007, 0, 0 ], [ 0.2403, 1, 0.7126, 0.0293, 0.0254 ], [ 0.0054, 0.6454, 0.9202, 0.5499, 0.1986 ] ], "xmin": 5.125, "xmax": 5.333333333333333, "ymin": 51.583333333333321, "ymax": 51.708333333333321 }, "geometry": { "type": "MultiPolygon", "coordinates": [ [ [ [ 5.310979, 51.633659499000032 ], [ 5.314888630000041, 51.617075859000067 ], [ 5.294143134000024, 51.60335986900003 ], [ 5.277196494000066, 51.604226352000069 ], [ 5.262631620000036, 51.599447313000042 ], [ 5.25954770200002, 51.596965614000055 ], [ 5.247213500000043, 51.587039999000069 ], [ 5.21555402000007, 51.585765663000075 ], [ 5.192960371000026, 51.594726033000029 ], [ 5.18735053100005, 51.600849518000075 ], [ 5.179572500000063, 51.597644499000069 ], [ 5.170738879000055, 51.603633462000062 ], [ 5.174105074000067, 51.609451109000076 ], [ 5.165982426000028, 51.612772236000069 ], [ 5.167521681000039, 51.620346186000063 ], [ 5.14564050000007, 51.640403499000058 ], [ 5.150048500000025, 51.639586999000073 ], [ 5.16020450000002, 51.639476999000067 ], [ 5.154337, 51.654815499000051 ], [ 5.156958, 51.657687999000075 ], [ 5.157704500000023, 51.663158499000076 ], [ 5.161598500000025, 51.663211999000055 ], [ 5.166754, 51.668975999000054 ], [ 5.204768500000057, 51.669799999000077 ], [ 5.227041283000062, 51.657591403000026 ], [ 5.230850177000036, 51.651287225000033 ], [ 5.243360547000066, 51.648258328000054 ], [ 5.249223010000037, 51.63910594500004 ], [ 5.248055854000029, 51.632601115000057 ], [ 5.25954770200002, 51.627483389000076 ], [ 5.275597416000039, 51.620335884000042 ], [ 5.303353695000055, 51.625446753000062 ], [ 5.310979, 51.633659499000032 ] ] ] ] } },
{ "type": "Feature", "properties": { "GISCO_ID": "NL_GM0794", "CNTR_CODE": "NL", "LAU_ID": "GM0794", "LAU_NAME": "Helmond", "cell_coverage": [ [ 0.0017, 0.0907, 0.0495, 0.1043, 0 ], [ 0.0641, 0.8834, 0.9683, 0.9964, 0.3043 ], [ 0, 0.1119, 0.085, 0.2893, 0.1665 ] ], "xmin": 5.5416666666666643, "xmax": 5.75, "ymin": 51.416666666666657, "ymax": 51.541666666666657 }, "geometry": { "type": "MultiPolygon", "coordinates": [ [ [ [ 5.684202, 51.507693999000026 ], [ 5.706516234000048, 51.502092373000039 ], [ 5.70650672000005, 51.497283912000057 ], [ 5.721738500000072, 51.485072999000067 ], [ 5.735279648000073, 51.471151977000034 ], [ 5.717800486000044, 51.46701749600004 ], [ 5.727905644000032, 51.445783598000048 ], [ 5.719235914000024, 51.443983697000078 ], [ 5.718245, 51.438731999000026 ], [ 5.69389, 51.439323499000068 ], [ 5.672842833000061, 51.456855660000031 ], [ 5.656482, 51.456557499000041 ], [ 5.611287336000032, 51.449758865000035 ], [ 5.584719500000062, 51.460506499000076 ], [ 5.588194184000031, 51.465806232000034 ], [ 5.601196902000027, 51.471917116000043 ], [ 5.582009925000023, 51.483540196000035 ], [ 5.572429921000037, 51.495283057000051 ], [ 5.576961500000039, 51.499469999000041 ], [ 5.609167269000068, 51.508589989000029 ], [ 5.616236941000068, 51.499885126000038 ], [ 5.63424380400005, 51.495252568000069 ], [ 5.656219092000072, 51.506450464000068 ], [ 5.670685474000038, 51.500529113000027 ], [ 5.671861048000039, 51.504750695000041 ], [ 5.681485829000053, 51.504866936000042 ], [ 5.684202, 51.507693999000026 ] ] ] ] } },
{ "type": "Feature", "properties": { "GISCO_ID": "NL_GM0796", "CNTR_CODE": "NL", "LAU_ID": "GM0796", "LAU_NAME": "'s-Hertogenbosch", "cell_coverage": [ [ 0, 0, 0, 0, 0.0643, 0.2315, 0.193, 0 ], [ 0.0014, 0.4734, 0.717, 0.822, 1, 1, 0.9083, 0.2902 ], [ 0, 0.1386, 0.6271, 0.9207, 0.7104, 0.1915, 0.2872, 0.2285 ], [ 0, 0, 0, 0, 0.0035, 0, 0, 0 ] ], "xmin": 5.1666666666666643, "xmax": 5.5, "ymin": 51.625, "ymax": 51.791666666666657 }, "geometry": { "type": "MultiPolygon", "coordinates": [ [ [ [ 5.25954770200002, 51.683220970000036 ], [ 5.244635187000029, 51.68395732700003 ], [ 5.226242500000069, 51.689922499000033 ], [ 5.246849059000056, 51.694728590000068 ], [ 5.249694759000022, 51.699695083000051 ], [ 5.239011929000071, 51.70259354500007 ], [ 5.238810547000071, 51.712065521000056 ], [ 5.229583800000057, 51.712438582000061 ], [ 5.229720412000063, 51.724995390000061 ], [ 5.21229827600007, 51.732676446000028 ], [ 5.206698500000073, 51.741492999000059 ], [ 5.211501, 51.742751999000063 ], [ 5.215535, 51.743346999000039 ], [ 5.220693, 51.74353049900003 ], [ 5.224126500000068, 51.743137499000056 ], [ 5.23073050000005, 51.741389999000035 ], [ 5.238690500000075, 51.737682499000073 ], [ 5.242841, 51.735175999000035 ], [ 5.245036500000026, 51.734267999000053 ], [ 5.248213, 51.733695999000076 ], [ 5.251446, 51.73386399900005 ], [ 5.255719, 51.734927999000035 ], [ 5.25954770200002, 51.736717287000033 ], [ 5.262347, 51.738025499000059 ], [ 5.265633500000035, 51.73917749900005 ], [ 5.272569500000031, 51.740058999000041 ], [ 5.279135, 51.740142999000057 ], [ 5.283293, 51.739799499000071 ], [ 5.292429500000026, 51.737182499000028 ], [ 5.297150500000043, 51.736831499000061 ], [ 5.300759, 51.737465499000052 ], [ 5.304811, 51.738918499000079 ], [ 5.316568500000074, 51.744365499000025 ], [ 5.323323, 51.746890999000072 ], [ 5.334917500000074, 51.750388999000052 ], [ 5.349557, 51.754131499000039 ], [ 5.353578500000026, 51.755500999000049 ], [ 5.357032829000048, 51.751776503000031 ], [ 5.359626424000055, 51.751731092000057 ], [ 5.364634575000025, 51.751643405000038 ], [ 5.391960616000063, 51.759978539000031 ], [ 5.437604005000026, 51.76446977300003 ], [ 5.453789077000067, 51.73286810500008 ], [ 5.46402867200004, 51.72672192400006 ], [ 5.474299500000029, 51.728976999000054 ], [ 5.484963970000024, 51.713554344000045 ], [ 5.496818878000056, 51.711269297000058 ], [ 5.498640235000039, 51.708216377000042 ], [ 5.478222519000042, 51.700636105000058 ], [ 5.469609078000076, 51.689771114000052 ], [ 5.458843085000069, 51.690746412000067 ], [ 5.456884500000058, 51.687671499000032 ], [ 5.446553625000035, 51.688514359000067 ], [ 5.44640174400007, 51.694649799000047 ], [ 5.436328374000027, 51.70071945400008 ], [ 5.376356659000066, 51.70018396100005 ], [ 5.360529303000021, 51.697950528000035 ], [ 5.371915014000024, 51.681271819000074 ], [ 5.359626424000055, 51.68108071100005 ], [ 5.353239835000068, 51.680981389000067 ], [ 5.35174235300002, 51.677541885000039 ], [ 5.354925800000046, 51.673472672000059 ], [ 5.352117346000057, 51.670590576000052 ], [ 5.338870833000044, 51.664854899000034 ], [ 5.327639066000074, 51.672624323000036 ], [ 5.319120500000054, 51.670364499000073 ], [ 5.299819097000068, 51.667501497000046 ], [ 5.292428240000049, 51.672632124000074 ], [ 5.28672298400005, 51.681879096000046 ], [ 5.25954770200002, 51.683220970000036 ] ] ] ] } },
{ "type": "Feature", "properties": { "GISCO_ID": "NL_GM0798", "CNTR_CODE": "NL", "LAU_ID": "GM0798", "LAU_NAME": "Hilvarenbeek", "cell_coverage": [ [ 0, 0.0069, 0, 0, 0, 0 ], [ 0.027, 0.6656, 0.5685, 0.2509, 0.2794, 0.0003 ], [ 0.421, 0.9937, 1, 0.9971, 0.3101, 0 ], [ 0, 0.4877, 0.6937, 0.5251, 0, 0 ] ], "xmin": 5.0416666666666643, "xmax": 5.2916666666666643, "ymin": 51.416666666666657, "ymax": 51.583333333333321 }, "geometry": { "type": "MultiPolygon", "coordinates": [ [ [ [ 5.130196, 51.530296499000031 ], [ 5.143059437000034, 51.522726887000033 ], [ 5.149768287000029, 51.522736239000039 ], [ 5.181310953000036, 51.508267788000069 ], [ 5.214581306000071, 51.512085597000066 ], [ 5.224490500000059, 51.517162499000051 ], [ 5.227253577000056, 51.508258912000031 ], [ 5.237294372000065, 51.513292744000069 ], [ 5.250736263000022, 51.507644695000067 ], [ 5.245998357000076, 51.499269212000058 ], [ 5.229237881000074, 51.497975831000076 ], [ 5.229167247000021, 51.490693715000077 ], [ 5.225076674000036, 51.487252023000053 ], [ 5.220482920000052, 51.473832019000042 ], [ 5.20929886600004, 51.46445200800008 ], [ 5.191002, 51.430213999000046 ], [ 5.173610303000032, 51.428859180000075 ], [ 5.160518512000067, 51.431645955000079 ], [ 5.15540315800007, 51.428949791000036 ], [ 5.10218, 51.429004999000028 ], [ 5.102768139000034, 51.433749080000041 ], [ 5.079378776000055, 51.470366014000035 ], [ 5.049744, 51.471122999000045 ], [ 5.052205808000053, 51.486382107000054 ], [ 5.067817824000031, 51.486074834000078 ], [ 5.06393537200006, 51.493133472000068 ], [ 5.075075630000072, 51.499930093000046 ], [ 5.07622092400004, 51.504227447000062 ], [ 5.087442127000031, 51.510602805000076 ], [ 5.096415550000074, 51.511368017000052 ], [ 5.099271957000042, 51.52488655500008 ], [ 5.10381310300005, 51.528236142000026 ], [ 5.10141873300006, 51.531518438000035 ], [ 5.10980150000006, 51.539370999000027 ], [ 5.118896960000029, 51.544786510000051 ], [ 5.130196, 51.530296499000031 ] ] ] ] } },
{ "type": "Feature", "properties": { "GISCO_ID": "NL_GM0809", "CNTR_CODE": "NL", "LAU_ID": "GM0809", "LAU_NAME": "Loon op Zand", "cell_coverage": [ [ 0.0382, 0.0674, 0.0573, 0.0854 ], [ 0.2027, 0.9938, 0.9619, 0.4854 ], [ 0.0032, 0.4142, 0.3731, 0.1246 ] ], "xmin": 4.9583333333333321, "xmax": 5.125, "ymin": 51.583333333333321, "ymax": 51.708333333333321 }, "geometry": { "type": "MultiPolygon", "coordinates": [ [ [ [ 5.004228, 51.607864499000073 ], [ 4.987242500000036, 51.654575499000032 ], [ 4.993174162000059, 51.67554080900004 ], [ 5.053893860000073, 51.661662540000066 ], [ 5.057756650000044, 51.662572265000051 ], [ 5.062039913000035, 51.670716021000032 ], [ 5.078424658000074, 51.67117432100008 ], [ 5.101363, 51.676749999000037 ], [ 5.106194500000072, 51.636108499000045 ], [ 5.099555486000042, 51.630968116000076 ], [ 5.101163538000037, 51.619122538000056 ], [ 5.093542586000069, 51.611541152000029 ], [ 5.073198138000066, 51.608601027000077 ], [ 5.046384189000037, 51.610615707000079 ], [ 5.040661754000041, 51.606303417000049 ], [ 5.004228, 51.607864499000073 ] ] ] ] } },
{ "type": "Feature", "properties": { "GISCO_ID": "NL_GM0815", "CNTR_CODE": "NL", "LAU_ID": "GM0815", "LAU_NAME": "Mill en Sint Hubert", "cell_coverage": [ [ 0.0485, 0.3379, 0.3136, 0.0082, 0 ], [ 0.0074, 0.6334, 1, 0.7672, 0.0388 ], [ 0, 0.1419, 0.5891, 0.078, 0 ] ], "xmin": 5.6666666666666643, "xmax": 5.875, "ymin": 51.625, "ymax": 51.75 }, "geometry": { "type": "MultiPolygon", "coordinates": [ [ [ [ 5.745805220000022, 51.719470234000028 ], [ 5.747720263000076, 51.718895435000036 ], [ 5.752958849000038, 51.722095483000032 ], [ 5.76759516900006, 51.72312626300004 ], [ 5.784185841000067, 51.719105599000045 ], [ 5.792417500000056, 51.72053149900006 ], [ 5.793271169000036, 51.708008935000066 ], [ 5.805065206000052, 51.701025751000032 ], [ 5.82245496400003, 51.699038859000041 ], [ 5.842842500000074, 51.680030999000053 ], [ 5.819885796000051, 51.667237796000052 ], [ 5.798668034000059, 51.660123889000033 ], [ 5.788204815000029, 51.64912414500003 ], [ 5.747749500000054, 51.632594999000048 ], [ 5.745805220000022, 51.639253663000034 ], [ 5.742653500000074, 51.650047499000038 ], [ 5.734387, 51.677535999000042 ], [ 5.700033, 51.711494499000082 ], [ 5.705426500000044, 51.722400499000059 ], [ 5.707625500000063, 51.72332749900005 ], [ 5.709969500000057, 51.725993999000082 ], [ 5.713056, 51.726356499000076 ], [ 5.727999599000043, 51.720652432000065 ], [ 5.735123564000048, 51.72267632300003 ], [ 5.745805220000022, 51.719470234000028 ] ] ] ] } },
{ "type": "Feature", "properties": { "GISCO_ID": "NL_GM0820", "CNTR_CODE": "NL", "LAU_ID": "GM0820", "LAU_NAME": "Nuenen, Gerwen en Nederwetten", "cell_coverage": [ [ 0.1031, 0.2848, 0 ], [ 0.7, 0.935, 0.1057 ], [ 0.0481, 0.361, 0 ] ], "xmin": 5.5, "xmax": 5.625, "ymin": 51.416666666666657, "ymax": 51.541666666666657 }, "geometry": { "type": "MultiPolygon", "coordinates": [ [ [ [ 5.576961500000039, 51.499469999000041 ], [ 5.572429921000037, 51.495283057000051 ], [ 5.582009925000023, 51.483540196000035 ], [ 5.601196902000027, 51.471917116000043 ], [ 5.588194184000031, 51.465806232000034 ], [ 5.584719500000062, 51.460506499000076 ], [ 5.571318500000075, 51.447849499000029 ], [ 5.566253, 51.441463499000065 ], [ 5.548687, 51.434669499000051 ], [ 5.539797035000049, 51.442895617000033 ], [ 5.53891849200005, 51.448700388000077 ], [ 5.531356815000038, 51.457153677000065 ], [ 5.509294065000063, 51.46985135500006 ], [ 5.506593430000066, 51.484037768000064 ], [ 5.514399329000071, 51.493435587000079 ], [ 5.510674, 51.496913999000071 ], [ 5.545033660000058, 51.512328387000082 ], [ 5.54173626000005, 51.519591200000036 ], [ 5.543362729000023, 51.524114196000028 ], [ 5.530916, 51.525058499000068 ], [ 5.54748, 51.537738999000055 ], [ 5.558128249000049, 51.50937785900004 ], [ 5.566573679000044, 51.502006003000076 ], [ 5.576961500000039, 51.499469999000041 ] ] ] ] } },
{ "type": "Feature", "properties": { "GISCO_ID": "NL_GM0823", "CNTR_CODE": "NL", "LAU_ID": "GM0823", "LAU_NAME": "Oirschot", "cell_coverage": [ [ 0, 0, 0.1044, 0.1648, 0.0586, 0 ], [ 0, 0.2311, 0.9854, 1, 0.5419, 0 ], [ 0.0029, 0.6899, 1, 0.9623, 0.7482, 0.1858 ], [ 0.1313, 0.6529, 0.2082, 0.0203, 0, 0 ] ], "xmin": 5.1666666666666643, "xmax": 5.4166666666666643, "ymin": 51.416666666666657, "ymax": 51.583333333333321 }, "geometry": { "type": "MultiPolygon", "coordinates": [ [ [ [ 5.25954770200002, 51.447241215000076 ], [ 5.250404680000031, 51.445777962000079 ], [ 5.251212045000045, 51.437980441000036 ], [ 5.240161826000076, 51.433700649000059 ], [ 5.237703, 51.428558499000076 ], [ 5.224776679000058, 51.425499889000037 ], [ 5.215160652000066, 51.433650426000042 ], [ 5.208110383000076, 51.435698126000034 ], [ 5.191002, 51.430213999000046 ], [ 5.20929886600004, 51.46445200800008 ], [ 5.220482920000052, 51.473832019000042 ], [ 5.225076674000036, 51.487252023000053 ], [ 5.229167247000021, 51.490693715000077 ], [ 5.229237881000074, 51.497975831000076 ], [ 5.245998357000076, 51.499269212000058 ], [ 5.250736263000022, 51.507644695000067 ], [ 5.237294372000065, 51.513292744000069 ], [ 5.227253577000056, 51.508258912000031 ], [ 5.224490500000059, 51.517162499000051 ], [ 5.230816781000044, 51.52141197900005 ], [ 5.234835854000039, 51.530010203000074 ], [ 5.244558030000064, 51.52685493000007 ], [ 5.254145038000047, 51.539933623000081 ], [ 5.25954770200002, 51.541333531000078 ], [ 5.276265195000065, 51.545665275000033 ], [ 5.273257, 51.55282949900004 ], [ 5.307340744000044, 51.546338970000079 ], [ 5.330411454000057, 51.551200585000061 ], [ 5.341915003000054, 51.545096034000039 ], [ 5.356862500000034, 51.544749999000032 ], [ 5.359626424000055, 51.54147299400006 ], [ 5.367595048000055, 51.532025116000057 ], [ 5.359626424000055, 51.52947916200003 ], [ 5.355529230000059, 51.528170120000027 ], [ 5.350257873000032, 51.516912167000044 ], [ 5.354584131000024, 51.498926916000073 ], [ 5.359626424000055, 51.49530020800006 ], [ 5.364795344000072, 51.491582423000068 ], [ 5.389339022000058, 51.486703433000059 ], [ 5.391171, 51.471820999000045 ], [ 5.379626409000025, 51.464511536000032 ], [ 5.369446500000038, 51.465327999000067 ], [ 5.360591630000044, 51.46620392300008 ], [ 5.353302376000045, 51.463449487000048 ], [ 5.335591577000059, 51.467181893000031 ], [ 5.330673185000023, 51.463048572000048 ], [ 5.25954770200002, 51.447241215000076 ] ] ] ] } },
{ "type": "Feature", "properties": { "GISCO_ID": "NL_GM0824", "CNTR_CODE": "NL", "LAU_ID": "GM0824", "LAU_NAME": "Oisterwijk", "cell_coverage": [ [ 0.0195, 0.269, 0.0715, 0 ], [ 0.5834, 1, 0.9866, 0.2644 ], [ 0.3723, 0.7491, 0.4895, 0.0142 ] ], "xmin": 5.125, "xmax": 5.291666666666667, "ymin": 51.5, "ymax": 51.625 }, "geometry": { "type": "MultiPolygon", "coordinates": [ [ [ [ 5.273257, 51.55282949900004 ], [ 5.276265195000065, 51.545665275000033 ], [ 5.25954770200002, 51.541333531000078 ], [ 5.254145038000047, 51.539933623000081 ], [ 5.244558030000064, 51.52685493000007 ], [ 5.234835854000039, 51.530010203000074 ], [ 5.230816781000044, 51.52141197900005 ], [ 5.224490500000059, 51.517162499000051 ], [ 5.214581306000071, 51.512085597000066 ], [ 5.181310953000036, 51.508267788000069 ], [ 5.149768287000029, 51.522736239000039 ], [ 5.143059437000034, 51.522726887000033 ], [ 5.130196, 51.530296499000031 ], [ 5.14059544600002, 51.541295572000081 ], [ 5.139942123000026, 51.545574181000063 ], [ 5.144337448000044, 51.547252290000074 ], [ 5.138544679000063, 51.551897773000064 ], [ 5.137343388000033, 51.556747266000059 ], [ 5.138014247000058, 51.563136969000027 ], [ 5.144160940000063, 51.572630783000079 ], [ 5.151980755000068, 51.580797802000063 ], [ 5.179572500000063, 51.597644499000069 ], [ 5.18735053100005, 51.600849518000075 ], [ 5.192960371000026, 51.594726033000029 ], [ 5.21555402000007, 51.585765663000075 ], [ 5.247213500000043, 51.587039999000069 ], [ 5.24608, 51.579463999000041 ], [ 5.25954770200002, 51.563192679000053 ], [ 5.261324500000057, 51.561045999000044 ], [ 5.264564, 51.557803999000043 ], [ 5.269404500000064, 51.553642499000034 ], [ 5.273257, 51.55282949900004 ] ] ] ] } },
{ "type": "Feature", "properties": { "GISCO_ID": "NL_GM0826", "CNTR_CODE": "NL", "LAU_ID": "GM0826", "LAU_NAME": "Oosterhout", "cell_coverage": [ [ 0, 0.1259, 0.3142, 0.1917, 0.0425 ], [ 0.0583, 0.8548, 1, 0.9698, 0.2029 ], [ 0, 0.0033, 0.8352, 0.7504, 0.0025 ], [ 0, 0, 0.0422, 0, 0 ] ], "xmin": 4.75, "xmax": 4.958333333333333, "ymin": 51.541666666666657, "ymax": 51.708333333333321 }, "geometry": { "type": "MultiPolygon", "coordinates": [ [ [ [ 4.911879500000055, 51.615401499000029 ], [ 4.917425755000068, 51.607764067000062 ], [ 4.917081532000054, 51.601126344000079 ], [ 4.864234, 51.579086499000027 ], [ 4.852787932000069, 51.580068719000053 ], [ 4.843359448000058, 51.585818192000033 ], [ 4.841605155000025, 51.59517919700005 ], [ 4.836291784000025, 51.598319163000042 ], [ 4.842456395000056, 51.604013417000033 ], [ 4.839817413000048, 51.609366993000037 ], [ 4.840642134000063, 51.618251572000077 ], [ 4.817263009000044, 51.631620775000044 ], [ 4.792444815000067, 51.634313761000044 ], [ 4.787506500000063, 51.637046999000063 ], [ 4.794207516000029, 51.641968157000065 ], [ 4.782532544000048, 51.664140711000073 ], [ 4.842368, 51.679653999000038 ], [ 4.845363350000071, 51.685350044000074 ], [ 4.879079356000034, 51.672880160000034 ], [ 4.911866162000024, 51.676362698000048 ], [ 4.925032, 51.673007999000049 ], [ 4.933357586000056, 51.658947233000049 ], [ 4.932359993000034, 51.65125544600005 ], [ 4.911438047000047, 51.631470324000077 ], [ 4.909454504000053, 51.624218479000035 ], [ 4.914596559000074, 51.62157863300007 ], [ 4.91094672600002, 51.618070145000047 ], [ 4.911879500000055, 51.615401499000029 ] ] ] ] } },
{ "type": "Feature", "properties": { "GISCO_ID": "NL_GM0828", "CNTR_CODE": "NL", "LAU_ID": "GM0828", "LAU_NAME": "Oss", "cell_coverage": [ [ 0.0042, 0.4956, 0.4947, 0.7159, 0.7004, 0.8133, 0.7952, 0.4307, 0.0071, 0 ], [ 0.2944, 0.7685, 0.807, 1, 1, 1, 0.956, 0.7747, 0.5786, 0.0023 ], [ 0, 0, 0.0917, 0.4731, 0.2868, 0.3553, 0.0181, 0, 0, 0 ] ], "xmin": 5.3333333333333321, "xmax": 5.75, "ymin": 51.708333333333321, "ymax": 51.833333333333321 }, "geometry": { "type": "MultiPolygon", "coordinates": [ [ [ [ 5.580909500000075, 51.731437499000037 ], [ 5.562437617000057, 51.732120146000057 ], [ 5.538478506000047, 51.739481613000066 ], [ 5.527164966000043, 51.740067547000081 ], [ 5.474299500000029, 51.728976999000054 ], [ 5.46402867200004, 51.72672192400006 ], [ 5.453789077000067, 51.73286810500008 ], [ 5.437604005000026, 51.76446977300003 ], [ 5.391960616000063, 51.759978539000031 ], [ 5.364634575000025, 51.751643405000038 ], [ 5.359626424000055, 51.751731092000057 ], [ 5.357032829000048, 51.751776503000031 ], [ 5.353578500000026, 51.755500999000049 ], [ 5.359626424000055, 51.761477158000048 ], [ 5.36245109500004, 51.777947272000063 ], [ 5.37138892400003, 51.792020204000039 ], [ 5.401226335000047, 51.81963972300008 ], [ 5.414846500000067, 51.821288999000046 ], [ 5.430011174000072, 51.811404224000057 ], [ 5.452581839000061, 51.809922817000029 ], [ 5.473402836000048, 51.814525912000079 ], [ 5.481687608000072, 51.826322923000077 ], [ 5.490065560000062, 51.830239 ], [ 5.501252623000028, 51.829167181000059 ], [ 5.518671119000032, 51.819302616000073 ], [ 5.539321092000023, 51.816503110000042 ], [ 5.558667351000054, 51.827369237000028 ], [ 5.597879500000033, 51.82808299900006 ], [ 5.606476, 51.825237499000082 ], [ 5.618844, 51.819759499000043 ], [ 5.623545, 51.819141499000068 ], [ 5.630567, 51.819644999000047 ], [ 5.634581500000024, 51.819564999000079 ], [ 5.63846650000005, 51.818912499000078 ], [ 5.64183950000006, 51.817622999000037 ], [ 5.644062, 51.816211499000076 ], [ 5.64562, 51.814624999000046 ], [ 5.649863, 51.806251499000041 ], [ 5.652333500000054, 51.802871499000048 ], [ 5.65561450000007, 51.799567999000033 ], [ 5.660025500000074, 51.796348499000032 ], [ 5.664824, 51.793922499000075 ], [ 5.668945, 51.792823999000063 ], [ 5.682384500000069, 51.791839499000048 ], [ 5.686915500000055, 51.790889499000059 ], [ 5.689901, 51.789783499000066 ], [ 5.69279, 51.78835299900004 ], [ 5.695226500000047, 51.786655499000062 ], [ 5.697442, 51.784293999000056 ], [ 5.700759, 51.779491499000073 ], [ 5.703107, 51.777659999000036 ], [ 5.706338500000072, 51.776118999000062 ], [ 5.711123500000042, 51.775001499000041 ], [ 5.690789, 51.75911349900008 ], [ 5.682077389000028, 51.760734439000032 ], [ 5.673514357000045, 51.766464935000045 ], [ 5.666317652000032, 51.75313630200003 ], [ 5.649633429000062, 51.763475167000081 ], [ 5.636099760000036, 51.76111895300005 ], [ 5.633325243000058, 51.757998345000033 ], [ 5.577918897000075, 51.744853075000037 ], [ 5.577562605000026, 51.737269845000071 ], [ 5.580909500000075, 51.731437499000037 ] ] ] ] } },
{ "type": "Feature", "properties": { "GISCO_ID": "NL_GM0840", "CNTR_CODE": "NL", "LAU_ID": "GM0840", "LAU_NAME": "Rucphen", "cell_coverage": [ [ 0.0043, 0.46, 0.3263, 0.3718, 0.0301 ], [ 0.0152, 0.7249, 0.9988, 0.7627, 0.1527 ], [ 0.1081, 0.4722, 0.3899, 0.0106, 0 ] ], "xmin": 4.4583333333333321, "xmax": 4.6666666666666652, "ymin": 51.458333333333321, "ymax": 51.583333333333321 }, "geometry": { "type": "MultiPolygon", "coordinates": [ [ [ [ 4.486697500000048, 51.477360499000042 ], [ 4.486349549000067, 51.481147899000064 ], [ 4.49181664200006, 51.483830696000041 ], [ 4.491231778000042, 51.48852699400004 ], [ 4.500965338000071, 51.514400271000056 ], [ 4.513256328000068, 51.51829814000007 ], [ 4.521452096000075, 51.531703647000029 ], [ 4.521948348000024, 51.542302188000065 ], [ 4.498685393000073, 51.545665017000033 ], [ 4.500204, 51.55853649900007 ], [ 4.510686462000024, 51.568114198000046 ], [ 4.534638897000036, 51.56589869000004 ], [ 4.528740466000045, 51.553144248000081 ], [ 4.532825148000029, 51.549412176000033 ], [ 4.591761, 51.561031999000079 ], [ 4.623400141000047, 51.552237292000029 ], [ 4.633005872000069, 51.543522118000055 ], [ 4.639120624000043, 51.542534522000039 ], [ 4.638774, 51.524421499000027 ], [ 4.626465377000045, 51.521353728000065 ], [ 4.616378945000065, 51.508552918000078 ], [ 4.581837411000038, 51.509900335000054 ], [ 4.588509581000039, 51.497053796000046 ], [ 4.57664051200004, 51.492315 ], [ 4.571979565000049, 51.483384596000064 ], [ 4.556192970000041, 51.484768766000059 ], [ 4.548236, 51.473228499000072 ], [ 4.53676187700006, 51.482076569000071 ], [ 4.486697500000048, 51.477360499000042 ] ] ] ] } },
{ "type": "Feature", "properties": { "GISCO_ID": "NL_GM0845", "CNTR_CODE": "NL", "LAU_ID": "GM0845", "LAU_NAME": "Sint-Michielsgestel", "cell_coverage": [ [ 0.0467, 0.2896, 0.8085, 0.6306 ], [ 0.3777, 0.989, 0.4836, 0.1093 ], [ 0.0004, 0.4962, 0.1822, 0 ] ], "xmin": 5.2916666666666643, "xmax": 5.4583333333333313, "ymin": 51.583333333333321, "ymax": 51.708333333333321 }, "geometry": { "type": "MultiPolygon", "coordinates": [ [ [ [ 5.319120500000054, 51.670364499000073 ], [ 5.327639066000074, 51.672624323000036 ], [ 5.338870833000044, 51.664854899000034 ], [ 5.352117346000057, 51.670590576000052 ], [ 5.354925800000046, 51.673472672000059 ], [ 5.35174235300002, 51.677541885000039 ], [ 5.353239835000068, 51.680981389000067 ], [ 5.359626424000055, 51.68108071100005 ], [ 5.371915014000024, 51.681271819000074 ], [ 5.360529303000021, 51.697950528000035 ], [ 5.376356659000066, 51.70018396100005 ], [ 5.436328374000027, 51.70071945400008 ], [ 5.44640174400007, 51.694649799000047 ], [ 5.446553625000035, 51.688514359000067 ], [ 5.456884500000058, 51.687671499000032 ], [ 5.445944445000066, 51.665866892000054 ], [ 5.433974615000068, 51.663738787000057 ], [ 5.42337550000002, 51.653747499000076 ], [ 5.41388409700005, 51.655159768000033 ], [ 5.402560358000073, 51.64727756700006 ], [ 5.382071947000043, 51.645921261000069 ], [ 5.373333650000063, 51.641989293000051 ], [ 5.375229397000055, 51.63871668400003 ], [ 5.37164143800004, 51.634005583000032 ], [ 5.382722600000022, 51.631024179000065 ], [ 5.393830599000069, 51.606788911000081 ], [ 5.380739, 51.602859499000033 ], [ 5.359626424000055, 51.601369349000038 ], [ 5.354634973000032, 51.601017046000038 ], [ 5.349339498000063, 51.603418124000029 ], [ 5.343335068000044, 51.601279179000073 ], [ 5.335639882000066, 51.603907446000051 ], [ 5.332638693000035, 51.61088114100005 ], [ 5.341611433000025, 51.616034235000029 ], [ 5.341905089000022, 51.62138972300005 ], [ 5.317765500000064, 51.634608999000079 ], [ 5.320389294000051, 51.63770385600003 ], [ 5.318894760000035, 51.649081013000057 ], [ 5.304556501000036, 51.664591980000068 ], [ 5.319120500000054, 51.670364499000073 ] ] ] ] } },
{ "type": "Feature", "properties": { "GISCO_ID": "NL_GM0847", "CNTR_CODE": "NL", "LAU_ID": "GM0847", "LAU_NAME": "Someren", "cell_coverage": [ [ 0.4805, 0.5777, 0, 0 ], [ 0.643, 0.9804, 0.3913, 0 ], [ 0.2877, 1, 0.9646, 0.1846 ], [ 0.0042, 0.3372, 0.1775, 0.0175 ] ], "xmin": 5.625, "xmax": 5.791666666666667, "ymin": 51.291666666666657, "ymax": 51.458333333333321 }, "geometry": { "type": "MultiPolygon", "coordinates": [ [ [ [ 5.770454500000028, 51.333831499000041 ], [ 5.745805220000022, 51.329118514000072 ], [ 5.672037500000044, 51.31501399900003 ], [ 5.671128142000043, 51.323466187000065 ], [ 5.666221412000027, 51.328589616000045 ], [ 5.654762500000061, 51.353888999000048 ], [ 5.639054, 51.389194499000041 ], [ 5.63881850000007, 51.40388499900007 ], [ 5.637943, 51.407428499000048 ], [ 5.639289, 51.42250049900008 ], [ 5.644168790000037, 51.43955700600003 ], [ 5.652853967000055, 51.446476765000057 ], [ 5.656482, 51.456557499000041 ], [ 5.672842833000061, 51.456855660000031 ], [ 5.69389, 51.439323499000068 ], [ 5.704119781000031, 51.411293467000064 ], [ 5.734605400000021, 51.390569308000067 ], [ 5.740310507000061, 51.371204050000074 ], [ 5.745805220000022, 51.369270848000042 ], [ 5.747587837000026, 51.367817587000047 ], [ 5.770454500000028, 51.333831499000041 ] ] ] ] } },
{ "type": "Feature", "properties": { "GISCO_ID": "NL_GM0851", "CNTR_CODE": "NL", "LAU_ID": "GM0851", "LAU_NAME": "Steenbergen", "cell_coverage": [ [ 0, 0.2161, 0.4766, 0.6089, 0.7988, 0.3969, 0.0304 ], [ 0.3215, 1, 1, 1, 1, 1, 0.3338 ], [ 0.0078, 0.4421, 0.4244, 0.7357, 0.8768, 0.847, 0.3827 ] ], "xmin": 4.1666666666666643, "xmax": 4.4583333333333313, "ymin": 51.541666666666657, "ymax": 51.666666666666657 }, "geometry": { "type": "MultiPolygon", "coordinates": [ [ [ [ 4.437685, 51.617095999000071 ], [ 4.427265220000038, 51.609325923000029 ], [ 4.430657582000038, 51.588244229000054 ], [ 4.443868, 51.569202499000028 ], [ 4.437970541000027, 51.556730739000045 ], [ 4.376606156000037, 51.544063996000034 ], [ 4.317849500000023, 51.551223999000058 ], [ 4.296173, 51.553798499000038 ], [ 4.297814, 51.555904499000064 ], [ 4.298596500000031, 51.558849499000075 ], [ 4.273129500000039, 51.564437999000063 ], [ 4.267342500000041, 51.564940999000044 ], [ 4.267622, 51.56800849900003 ], [ 4.252026500000056, 51.570659499000044 ], [ 4.242891500000042, 51.563052999000035 ], [ 4.243293, 51.559673499000041 ], [ 4.239711, 51.550937499000042 ], [ 4.236132, 51.55022449900008 ], [ 4.234464, 51.555690999000035 ], [ 4.232444, 51.559055499000067 ], [ 4.229726500000027, 51.562221499000032 ], [ 4.226360500000055, 51.565139999000053 ], [ 4.198892500000056, 51.585975499000028 ], [ 4.195718, 51.588973499000076 ], [ 4.193216, 51.592212499000027 ], [ 4.190817, 51.59738549900004 ], [ 4.19016350000004, 51.600951999000074 ], [ 4.190279, 51.604545499000039 ], [ 4.191166500000065, 51.608096999000054 ], [ 4.193829, 51.61321999900008 ], [ 4.197659500000043, 51.618049499000051 ], [ 4.201043, 51.620959999000036 ], [ 4.207211, 51.624732999000059 ], [ 4.211945, 51.626788999000041 ], [ 4.217071, 51.62843299900004 ], [ 4.227822500000059, 51.631023499000037 ], [ 4.238168, 51.634296499000072 ], [ 4.242535500000031, 51.647120999000038 ], [ 4.249017, 51.645801499000072 ], [ 4.272688, 51.643901999000036 ], [ 4.275003, 51.64377999900006 ], [ 4.277075500000024, 51.644077499000048 ], [ 4.299388, 51.647567499000047 ], [ 4.309106, 51.65024549900005 ], [ 4.313377500000058, 51.651111499000081 ], [ 4.326247500000022, 51.652576499000077 ], [ 4.33255, 51.653747499000076 ], [ 4.346598, 51.657478499000035 ], [ 4.354343500000027, 51.660064499000043 ], [ 4.362527, 51.66332249900006 ], [ 4.370635500000049, 51.657264499000064 ], [ 4.374185, 51.653671499000041 ], [ 4.376658500000076, 51.651916499000038 ], [ 4.381467500000042, 51.649917499000026 ], [ 4.386984, 51.646060999000042 ], [ 4.393356, 51.64467249900008 ], [ 4.39569350000005, 51.643634999000028 ], [ 4.397399, 51.642341499000054 ], [ 4.39874750000007, 51.639938499000039 ], [ 4.400201, 51.638377999000056 ], [ 4.408555, 51.63302999900003 ], [ 4.412497, 51.631438999000068 ], [ 4.420650500000022, 51.631046499000036 ], [ 4.423903, 51.630275999000048 ], [ 4.425231500000052, 51.628986499000064 ], [ 4.427039, 51.625121999000044 ], [ 4.428832500000055, 51.623191499000029 ], [ 4.432791500000064, 51.620177499000079 ], [ 4.437685, 51.617095999000071 ] ] ] ] } },
{ "type": "Feature", "properties": { "GISCO_ID": "NL_GM0852", "CNTR_CODE": "NL", "LAU_ID": "GM0852", "LAU_NAME": "Waterland", "cell_coverage": [ [ 0.129, 0.5001, 0.723, 0.7293, 0.8564, 0.2945, 0 ], [ 0.1768, 0.8263, 0.9244, 1, 1, 0.956, 0.1392 ], [ 0, 0, 0.0006, 0.1226, 0.3948, 0.0465, 0.0111 ] ], "xmin": 4.9166666666666643, "xmax": 5.2083333333333313, "ymin": 52.375, "ymax": 52.5 }, "geometry": { "type": "MultiPolygon", "coordinates": [ [ [ [ 5.112987, 52.49788649900006 ], [ 5.151022, 52.466357999000081 ], [ 5.185487500000022, 52.41564549900005 ], [ 5.13733, 52.415553999000053 ], [ 5.079161, 52.388652999000044 ], [ 5.074277129000052, 52.412505137000039 ], [ 5.066285093000033, 52.416455899000027 ], [ 5.031163292000031, 52.416596845000072 ], [ 5.024319600000069, 52.420301187000064 ], [ 5.016078974000038, 52.419880359000047 ], [ 4.997879956000077, 52.425381885000036 ], [ 4.986885880000045, 52.423768404000043 ], [ 4.981710587000066, 52.425992449000034 ], [ 4.972279456000024, 52.422849497000072 ], [ 4.959697281000047, 52.422196291000034 ], [ 4.947778, 52.42157749900008 ], [ 4.950558500000056, 52.42340099900008 ], [ 4.950915500000065, 52.437000499000078 ], [ 4.948022, 52.452079999000034 ], [ 4.950732500000072, 52.458472999000037 ], [ 4.946882, 52.469302999000035 ], [ 4.947250500000052, 52.479823999000075 ], [ 4.948289, 52.484035499000072 ], [ 4.953307616000075, 52.482225412000048 ], [ 4.95752016900002, 52.472058192000077 ], [ 4.959697281000047, 52.471908043000042 ], [ 4.973710598000025, 52.470941586000038 ], [ 4.99802550000004, 52.494674499000041 ], [ 5.023884989000067, 52.485425642000052 ], [ 5.05632915700005, 52.490404866000063 ], [ 5.061067566000077, 52.485904928000082 ], [ 5.112987, 52.49788649900006 ] ] ] ] } },
{ "type": "Feature", "properties": { "GISCO_ID": "NL_GM0855", "CNTR_CODE": "NL", "LAU_ID": "GM0855", "LAU_NAME": "Tilburg", "cell_coverage": [ [ 0, 0, 0, 0, 0.1627, 0.2443, 0 ], [ 0.0252, 0.4835, 0.5718, 0.6269, 0.8754, 0.9751, 0.0856 ], [ 0.0335, 0.8334, 1, 1, 0.9931, 0.4166, 0 ], [ 0, 0.0271, 0.1426, 0.1609, 0.0867, 0.0592, 0 ] ], "xmin": 4.9166666666666643, "xmax": 5.2083333333333313, "ymin": 51.5, "ymax": 51.666666666666657 }, "geometry": { "type": "MultiPolygon", "coordinates": [ [ [ [ 4.959697281000047, 51.549444858000072 ], [ 4.954463753000027, 51.550810574000081 ], [ 4.951377035000064, 51.558375038000065 ], [ 4.959697281000047, 51.563629217000027 ], [ 4.967404516000045, 51.568496284000048 ], [ 4.972788852000065, 51.595736019000071 ], [ 4.96620019300002, 51.603389406000076 ], [ 4.959697281000047, 51.60614312000007 ], [ 4.947831, 51.611167999000031 ], [ 4.955333296000049, 51.614350673000047 ], [ 4.959697281000047, 51.613342841000076 ], [ 4.980306753000036, 51.608583227000054 ], [ 5.004228, 51.607864499000073 ], [ 5.040661754000041, 51.606303417000049 ], [ 5.046384189000037, 51.610615707000079 ], [ 5.073198138000066, 51.608601027000077 ], [ 5.093542586000069, 51.611541152000029 ], [ 5.101163538000037, 51.619122538000056 ], [ 5.099555486000042, 51.630968116000076 ], [ 5.106194500000072, 51.636108499000045 ], [ 5.14564050000007, 51.640403499000058 ], [ 5.167521681000039, 51.620346186000063 ], [ 5.165982426000028, 51.612772236000069 ], [ 5.174105074000067, 51.609451109000076 ], [ 5.170738879000055, 51.603633462000062 ], [ 5.179572500000063, 51.597644499000069 ], [ 5.151980755000068, 51.580797802000063 ], [ 5.144160940000063, 51.572630783000079 ], [ 5.138014247000058, 51.563136969000027 ], [ 5.137343388000033, 51.556747266000059 ], [ 5.138544679000063, 51.551897773000064 ], [ 5.144337448000044, 51.547252290000074 ], [ 5.139942123000026, 51.545574181000063 ], [ 5.14059544600002, 51.541295572000081 ], [ 5.130196, 51.530296499000031 ], [ 5.118896960000029, 51.544786510000051 ], [ 5.10980150000006, 51.539370999000027 ], [ 5.093286119000027, 51.534940920000054 ], [ 5.060524120000025, 51.537526443000047 ], [ 5.052856889000054, 51.535241351000082 ], [ 5.050931578000075, 51.530183654000041 ], [ 5.032229510000036, 51.530051469000057 ], [ 5.020804446000056, 51.538700801000061 ], [ 4.975465500000041, 51.540103999000053 ], [ 4.977960437000036, 51.544678991000069 ], [ 4.959697281000047, 51.549444858000072 ] ] ] ] } },
{ "type": "Feature", "properties": { "GISCO_ID": "NL_GM0856", "CNTR_CODE": "NL", "LAU_ID": "GM0856", "LAU_NAME": "Uden", "cell_coverage": [ [ 0.1017, 0.7314, 0.4292, 0.0347, 0.0719, 0 ], [ 0.1628, 0.8235, 0.9671, 0.9488, 0.7979, 0 ], [ 0, 0.0003, 0.0063, 0, 0.0212, 0.0003 ] ], "xmin": 5.5416666666666643, "xmax": 5.7916666666666643, "ymin": 51.583333333333321, "ymax": 51.708333333333321 }, "geometry": { "type": "MultiPolygon", "coordinates": [ [ [ [ 5.750522500000045, 51.622733999000047 ], [ 5.745805220000022, 51.623053304000052 ], [ 5.663646663000065, 51.628614481000056 ], [ 5.62653750000004, 51.623393999000029 ], [ 5.609677355000031, 51.632711642000061 ], [ 5.601947263000056, 51.630281869000044 ], [ 5.592323100000044, 51.63458888100007 ], [ 5.587063918000069, 51.638883204000081 ], [ 5.586559413000032, 51.643120470000042 ], [ 5.57029250000005, 51.651408999000068 ], [ 5.569697126000051, 51.657366086000081 ], [ 5.563595840000062, 51.664494058000059 ], [ 5.576034612000058, 51.679485695000039 ], [ 5.596425064000073, 51.690826256000037 ], [ 5.599578271000041, 51.697525805000055 ], [ 5.596962, 51.701995999000076 ], [ 5.622727248000047, 51.703071950000037 ], [ 5.625165584000058, 51.697474355000054 ], [ 5.676256913000032, 51.665527606000069 ], [ 5.730864745000076, 51.673311409000064 ], [ 5.735886641000036, 51.663424421000059 ], [ 5.731721489000051, 51.659259662000068 ], [ 5.734048614000073, 51.653334548000032 ], [ 5.742653500000074, 51.650047499000038 ], [ 5.745805220000022, 51.639253663000034 ], [ 5.747749500000054, 51.632594999000048 ], [ 5.750522500000045, 51.622733999000047 ] ] ] ] } },
{ "type": "Feature", "properties": { "GISCO_ID": "NL_GM0858", "CNTR_CODE": "NL", "LAU_ID": "GM0858", "LAU_NAME": "Valkenswaard", "cell_coverage": [ [ 0, 0, 0, 0.0079 ], [ 0, 0.7595, 0.7696, 0.1667 ], [ 0.3056, 0.8646, 0.5995, 0 ], [ 0.2667, 0.3744, 0.0434, 0 ] ], "xmin": 5.375, "xmax": 5.541666666666667, "ymin": 51.25, "ymax": 51.416666666666657 }, "geometry": { "type": "MultiPolygon", "coordinates": [ [ [ [ 5.438299500000028, 51.276057999000045 ], [ 5.43226962500006, 51.275140398000076 ], [ 5.417375, 51.262225999000066 ], [ 5.38905679800007, 51.285029938000037 ], [ 5.395802956000068, 51.290183493000029 ], [ 5.393875647000073, 51.300254559000052 ], [ 5.397326676000034, 51.313014086000067 ], [ 5.41264147000004, 51.319634497000038 ], [ 5.425491916000055, 51.312765487000036 ], [ 5.432908648000023, 51.322691620000057 ], [ 5.422333493000053, 51.337166004000039 ], [ 5.424291173000029, 51.345330721000039 ], [ 5.419944004000058, 51.359528014000034 ], [ 5.419875277000074, 51.371204160000048 ], [ 5.423224, 51.374866499000063 ], [ 5.437815315000023, 51.366752828000074 ], [ 5.490485982000052, 51.373789159000069 ], [ 5.507926238000039, 51.373265268000068 ], [ 5.516415500000051, 51.378333999000063 ], [ 5.525733849000062, 51.36677796400005 ], [ 5.495533547000036, 51.355791487000033 ], [ 5.495230027000048, 51.346710174000066 ], [ 5.480274578000035, 51.339825728000051 ], [ 5.474547107000035, 51.334282140000028 ], [ 5.477926115000059, 51.326779786000031 ], [ 5.490639533000035, 51.315070662000039 ], [ 5.484878500000036, 51.300053499000057 ], [ 5.465571230000023, 51.28538667600003 ], [ 5.443318205000026, 51.282096230000036 ], [ 5.438299500000028, 51.276057999000045 ] ] ] ] } },
{ "type": "Feature", "properties": { "GISCO_ID": "NL_GM0861", "CNTR_CODE": "NL", "LAU_ID": "GM0861", "LAU_NAME": "Veldhoven", "cell_coverage": [ [ 0.0653, 0.3877, 0.4455, 0.0794 ], [ 0.0755, 0.3064, 0.8518, 0.1523 ] ], "xmin": 5.2916666666666643, "xmax": 5.4583333333333313, "ymin": 51.375, "ymax": 51.458333333333321 }, "geometry": { "type": "MultiPolygon", "coordinates": [ [ [ [ 5.388905500000021, 51.376460999000074 ], [ 5.374721927000053, 51.38819518300005 ], [ 5.369583349000038, 51.398599687000058 ], [ 5.359626424000055, 51.40517985300005 ], [ 5.356323752000037, 51.407362468000031 ], [ 5.325254715000028, 51.40630287700003 ], [ 5.317876430000069, 51.414078046000043 ], [ 5.316868459000034, 51.418642930000033 ], [ 5.320726626000067, 51.423516693000067 ], [ 5.340412680000043, 51.426089727000033 ], [ 5.343185177000066, 51.430120771000077 ], [ 5.354555832000074, 51.433703832000049 ], [ 5.356925, 51.438086999000063 ], [ 5.359626424000055, 51.43719294400006 ], [ 5.36360806700003, 51.435875193000072 ], [ 5.388255780000065, 51.437561625000058 ], [ 5.399580359000026, 51.433507811000027 ], [ 5.405613384000048, 51.436213548000069 ], [ 5.413455414000055, 51.431053427000052 ], [ 5.425035886000046, 51.430604939000034 ], [ 5.42934703700007, 51.409463728000048 ], [ 5.427156500000024, 51.402555499000073 ], [ 5.418058232000021, 51.389881716000048 ], [ 5.421846500000072, 51.383357999000054 ], [ 5.397676597000043, 51.380545875000053 ], [ 5.388905500000021, 51.376460999000074 ] ] ] ] } },
{ "type": "Feature", "properties": { "GISCO_ID": "NL_GM0865", "CNTR_CODE": "NL", "LAU_ID": "GM0865", "LAU_NAME": "Vught", "cell_coverage": [ [ 0.0052, 0.3582, 0.3729, 0.0326 ], [ 0, 0.2874, 0.9707, 0.5194 ], [ 0, 0, 0.0435, 0.0045 ] ], "xmin": 5.1666666666666643, "xmax": 5.3333333333333313, "ymin": 51.583333333333321, "ymax": 51.708333333333321 }, "geometry": { "type": "MultiPolygon", "coordinates": [ [ [ [ 5.317765500000064, 51.634608999000079 ], [ 5.314985, 51.63370149900004 ], [ 5.310979, 51.633659499000032 ], [ 5.303353695000055, 51.625446753000062 ], [ 5.275597416000039, 51.620335884000042 ], [ 5.25954770200002, 51.627483389000076 ], [ 5.248055854000029, 51.632601115000057 ], [ 5.249223010000037, 51.63910594500004 ], [ 5.243360547000066, 51.648258328000054 ], [ 5.230850177000036, 51.651287225000033 ], [ 5.227041283000062, 51.657591403000026 ], [ 5.204768500000057, 51.669799999000077 ], [ 5.20858368200004, 51.673171969000066 ], [ 5.222805266000023, 51.674637552000036 ], [ 5.226242500000069, 51.689922499000033 ], [ 5.244635187000029, 51.68395732700003 ], [ 5.25954770200002, 51.683220970000036 ], [ 5.28672298400005, 51.681879096000046 ], [ 5.292428240000049, 51.672632124000074 ], [ 5.299819097000068, 51.667501497000046 ], [ 5.319120500000054, 51.670364499000073 ], [ 5.304556501000036, 51.664591980000068 ], [ 5.318894760000035, 51.649081013000057 ], [ 5.320389294000051, 51.63770385600003 ], [ 5.317765500000064, 51.634608999000079 ] ] ] ] } },
{ "type": "Feature", "properties": { "GISCO_ID": "NL_GM0866", "CNTR_CODE": "NL", "LAU_ID": "GM0866", "LAU_NAME": "Waalre", "cell_coverage": [ [ 0.591, 0.7135, 0.1528 ], [ 0.1165, 0.0696, 0.0088 ] ], "xmin": 5.4166666666666643, "xmax": 5.5416666666666643, "ymin": 51.333333333333321, "ymax": 51.416666666666657 }, "geometry": { "type": "MultiPolygon", "coordinates": [ [ [ [ 5.421846500000072, 51.383357999000054 ], [ 5.418058232000021, 51.389881716000048 ], [ 5.427156500000024, 51.402555499000073 ], [ 5.469746188000045, 51.405324467000071 ], [ 5.497248789000025, 51.404203597000048 ], [ 5.504780500000038, 51.400096999000027 ], [ 5.512003500000048, 51.383811499000046 ], [ 5.513635, 51.381351499000061 ], [ 5.516415500000051, 51.378333999000063 ], [ 5.507926238000039, 51.373265268000068 ], [ 5.490485982000052, 51.373789159000069 ], [ 5.437815315000023, 51.366752828000074 ], [ 5.423224, 51.374866499000063 ], [ 5.424396713000021, 51.379205374000037 ], [ 5.421846500000072, 51.383357999000054 ] ] ] ] } },
{ "type": "Feature", "properties": { "GISCO_ID": "NL_GM0867", "CNTR_CODE": "NL", "LAU_ID": "GM0867", "LAU_NAME": "Waalwijk", "cell_coverage": [ [ 0.3065, 0.2553, 0.0886, 0.1602, 0.1159 ], [ 0.594, 0.9618, 0.9326, 0.9427, 0.4259 ], [ 0.0097, 0.2339, 0.0062, 0.0381, 0 ] ], "xmin": 4.9166666666666643, "xmax": 5.125, "ymin": 51.625, "ymax": 51.75 }, "geometry": { "type": "MultiPolygon", "coordinates": [ [ [ [ 4.959697281000047, 51.722511243000042 ], [ 4.961043, 51.722419499000068 ], [ 4.969887, 51.721122499000046 ], [ 4.977333, 51.719714999000075 ], [ 4.988566500000047, 51.716884499000059 ], [ 5.003155500000048, 51.713805999000044 ], [ 5.017269500000054, 51.711951999000064 ], [ 5.027887500000077, 51.711105499000041 ], [ 5.043285, 51.710979499000075 ], [ 5.053347500000029, 51.711814999000069 ], [ 5.057791, 51.712669499000071 ], [ 5.064557, 51.714496499000063 ], [ 5.071325, 51.717040999000062 ], [ 5.081756, 51.722289999000054 ], [ 5.097970429000043, 51.716957122000053 ], [ 5.110059195000076, 51.705655034000074 ], [ 5.103711796000027, 51.701392061000035 ], [ 5.106309189000058, 51.678829772000029 ], [ 5.101363, 51.676749999000037 ], [ 5.078424658000074, 51.67117432100008 ], [ 5.062039913000035, 51.670716021000032 ], [ 5.057756650000044, 51.662572265000051 ], [ 5.053893860000073, 51.661662540000066 ], [ 4.993174162000059, 51.67554080900004 ], [ 4.987242500000036, 51.654575499000032 ], [ 4.959697281000047, 51.652016785000058 ], [ 4.954846522000025, 51.667389678000063 ], [ 4.949242818000073, 51.675014664000059 ], [ 4.943101510000076, 51.678153903000066 ], [ 4.933116, 51.676799999000082 ], [ 4.917944500000033, 51.719939999000076 ], [ 4.937557, 51.72259499900008 ], [ 4.945884, 51.72305699900005 ], [ 4.95337150000006, 51.722942499000055 ], [ 4.959697281000047, 51.722511243000042 ] ] ] ] } },
{ "type": "Feature", "properties": { "GISCO_ID": "NL_GM0873", "CNTR_CODE": "NL", "LAU_ID": "GM0873", "LAU_NAME": "Woensdrecht", "cell_coverage": [ [ 0, 0.0962, 0.0301, 0, 0 ], [ 0.3047, 0.9706, 0.9861, 0.3691, 0 ], [ 0.537, 0.955, 0.9999, 0.7164, 0.0487 ], [ 0, 0, 0.3857, 0.4115, 0.0695 ] ], "xmin": 4.25, "xmax": 4.458333333333333, "ymin": 51.333333333333321, "ymax": 51.5 }, "geometry": { "type": "MultiPolygon", "coordinates": [ [ [ [ 4.419809500000042, 51.364547499000082 ], [ 4.394777500000032, 51.355804499000044 ], [ 4.368139, 51.356033499000034 ], [ 4.341517416000045, 51.358309170000041 ], [ 4.332638024000062, 51.377418066000075 ], [ 4.279565, 51.376017499000056 ], [ 4.267306938000047, 51.385694460000082 ], [ 4.268842006000057, 51.399372415000073 ], [ 4.264255737000042, 51.416339105000077 ], [ 4.274809481000034, 51.425628581000069 ], [ 4.265473500000041, 51.439677999000025 ], [ 4.282027773000038, 51.439968975000056 ], [ 4.293839533000039, 51.446242719000054 ], [ 4.300328961000048, 51.466339904000051 ], [ 4.30717463700006, 51.465487622000069 ], [ 4.313183085000048, 51.460311180000076 ], [ 4.328572228000041, 51.46348740500008 ], [ 4.367012, 51.456660999000064 ], [ 4.383448, 51.455123999000079 ], [ 4.391183, 51.451369999000065 ], [ 4.385435071000074, 51.447677618000057 ], [ 4.395889615000044, 51.440905856000029 ], [ 4.397580723000033, 51.434119599000041 ], [ 4.395133500000043, 51.426872499000069 ], [ 4.384403502000055, 51.420634731000064 ], [ 4.390423687000066, 51.409731246000035 ], [ 4.430247745000031, 51.375365042000055 ], [ 4.426078258000075, 51.37109844400004 ], [ 4.430036124000026, 51.364471998000056 ], [ 4.419809500000042, 51.364547499000082 ] ] ] ] } },
{ "type": "Feature", "properties": { "GISCO_ID": "NL_GM0879", "CNTR_CODE": "NL", "LAU_ID": "GM0879", "LAU_NAME": "Zundert", "cell_coverage": [ [ 0, 0, 0, 0, 0.0533, 0.018 ], [ 0, 0.0012, 0.2373, 0.5631, 0.9532, 0.7231 ], [ 0.0094, 0.5848, 0.9894, 1, 0.9647, 0.3943 ], [ 0.1733, 0.7011, 0.7214, 0.8024, 0.179, 0 ] ], "xmin": 4.5, "xmax": 4.75, "ymin": 51.416666666666657, "ymax": 51.583333333333321 }, "geometry": { "type": "MultiPolygon", "coordinates": [ [ [ [ 4.532992500000034, 51.453407499000036 ], [ 4.541656, 51.464889499000037 ], [ 4.548236, 51.473228499000072 ], [ 4.556192970000041, 51.484768766000059 ], [ 4.571979565000049, 51.483384596000064 ], [ 4.57664051200004, 51.492315 ], [ 4.588509581000039, 51.497053796000046 ], [ 4.581837411000038, 51.509900335000054 ], [ 4.616378945000065, 51.508552918000078 ], [ 4.626465377000045, 51.521353728000065 ], [ 4.638774, 51.524421499000027 ], [ 4.638855804000059, 51.518125782000027 ], [ 4.644920007000053, 51.518873436000035 ], [ 4.680461369000056, 51.540154442000073 ], [ 4.694032500000048, 51.54473899900006 ], [ 4.705279550000057, 51.549017880000065 ], [ 4.724573381000027, 51.538843528000029 ], [ 4.724261336000041, 51.534032731000082 ], [ 4.732503123000072, 51.535586997000053 ], [ 4.740865381000049, 51.531712277000054 ], [ 4.743245214000069, 51.510690993000026 ], [ 4.734006500000021, 51.485591499000066 ], [ 4.715535168000031, 51.469143640000027 ], [ 4.704591840000035, 51.46661748300005 ], [ 4.692656963000047, 51.452350264000074 ], [ 4.667547132000038, 51.444440254000028 ], [ 4.669544, 51.426383999000052 ], [ 4.651581527000076, 51.426106149000077 ], [ 4.640089492000072, 51.422771242000067 ], [ 4.575945052000066, 51.43260097700005 ], [ 4.535450500000024, 51.422889499000064 ], [ 4.53054002500005, 51.447516952000058 ], [ 4.532992500000034, 51.453407499000036 ] ] ] ] } },
{ "type": "Feature", "properties": { "GISCO_ID": "NL_GM0880", "CNTR_CODE": "NL", "LAU_ID": "GM0880", "LAU_NAME": "Wormerland", "cell_coverage": [ [ 0, 1.0941e-06, 0, 0, 0 ], [ 0.0146, 0.727, 0.613, 0.4291, 0.078 ], [ 0, 0.3454, 0.6688, 0.5025, 0.0347 ] ], "xmin": 4.75, "xmax": 4.958333333333333, "ymin": 52.458333333333321, "ymax": 52.583333333333321 }, "geometry": { "type": "MultiPolygon", "coordinates": [ [ [ [ 4.906541, 52.479915499000072 ], [ 4.889868312000033, 52.478410446000055 ], [ 4.86297793600005, 52.468998428000077 ], [ 4.852457500000071, 52.470359999000038 ], [ 4.842915585000071, 52.472216130000049 ], [ 4.83563958000002, 52.47980228800003 ], [ 4.816919344000041, 52.482796760000042 ], [ 4.793563276000043, 52.491555494000067 ], [ 4.79449416600005, 52.500254316000053 ], [ 4.78894537900004, 52.511739027000033 ], [ 4.789845, 52.51922249900008 ], [ 4.819732803000022, 52.531684054000038 ], [ 4.821258639000064, 52.534028380000052 ], [ 4.818113224000058, 52.536743576000049 ], [ 4.824392555000031, 52.541695259000051 ], [ 4.833982500000047, 52.538856999000075 ], [ 4.837812120000024, 52.530858484000078 ], [ 4.845315398000025, 52.526378890000046 ], [ 4.877231509000069, 52.519688447000078 ], [ 4.908168304000071, 52.517075246000047 ], [ 4.923816421000026, 52.511339310000039 ], [ 4.934380500000032, 52.511611999000081 ], [ 4.925928480000039, 52.505254463000028 ], [ 4.920621, 52.490386999000066 ], [ 4.906541, 52.479915499000072 ] ] ] ] } },
{ "type": "Feature", "properties": { "GISCO_ID": "NL_GM0882", "CNTR_CODE": "NL", "LAU_ID": "GM0882", "LAU_NAME": "Landgraaf", "cell_coverage": [ [ 0, 0.3015, 0.1881, 0.0163 ], [ 0.049, 0.8761, 0.3463, 0.0143 ], [ 0, 0.031, 0, 0 ] ], "xmin": 5.9583333333333321, "xmax": 6.125, "ymin": 50.833333333333321, "ymax": 50.958333333333321 }, "geometry": { "type": "MultiPolygon", "coordinates": [ [ [ [ 6.017141, 50.870303999000043 ], [ 6.007866211000021, 50.88442793400003 ], [ 5.996791325000061, 50.89432262300005 ], [ 5.993120407000049, 50.904181750000077 ], [ 6.010352524000041, 50.92659352000004 ], [ 6.018124, 50.934592999000074 ], [ 6.052143449000027, 50.929099936000057 ], [ 6.056279647000054, 50.922097927000038 ], [ 6.073860230000037, 50.922728871000061 ], [ 6.092122612000026, 50.919480966000037 ], [ 6.086947500000065, 50.913134999000079 ], [ 6.079752, 50.905487999000059 ], [ 6.043740915000058, 50.899731590000044 ], [ 6.044309941000051, 50.889146482000058 ], [ 6.036944151000057, 50.885605938000026 ], [ 6.031760662000067, 50.87339287900005 ], [ 6.017141, 50.870303999000043 ] ] ] ] } },
{ "type": "Feature", "properties": { "GISCO_ID": "NL_GM0888", "CNTR_CODE": "NL", "LAU_ID": "GM0888", "LAU_NAME": "Beek", "cell_coverage": [ [ 0.2832, 0.8001, 0.2849 ], [ 0.1253, 0.0289, 0 ] ], "xmin": 5.75, "xmax": 5.875, "ymin": 50.875, "ymax": 50.958333333333321 }, "geometry": { "type": "MultiPolygon", "coordinates": [ [ [ [ 5.788206, 50.948741999000049 ], [ 5.79426907800007, 50.950682956000037 ], [ 5.803232499000046, 50.948852081000041 ], [ 5.813072810000051, 50.953707337000026 ], [ 5.835162987000047, 50.947026189000042 ], [ 5.839992500000051, 50.950305999000079 ], [ 5.842118500000026, 50.948135499000045 ], [ 5.844409737000035, 50.946791250000047 ], [ 5.854239790000065, 50.945677248000038 ], [ 5.856542993000062, 50.941931558000078 ], [ 5.851365929000053, 50.929542764000075 ], [ 5.842416054000068, 50.921051638000051 ], [ 5.801653, 50.914157999000054 ], [ 5.774590225000054, 50.910624133000056 ], [ 5.756972957000073, 50.899716014000035 ], [ 5.757134397000073, 50.904044333000058 ], [ 5.774194093000062, 50.924414979000062 ], [ 5.771215500000039, 50.927974499000072 ], [ 5.778138093000052, 50.934132430000034 ], [ 5.781145121000066, 50.945220106000079 ], [ 5.784818400000063, 50.946791250000047 ], [ 5.788206, 50.948741999000049 ] ] ] ] } },
{ "type": "Feature", "properties": { "GISCO_ID": "NL_GM0889", "CNTR_CODE": "NL", "LAU_ID": "GM0889", "LAU_NAME": "Beesel", "cell_coverage": [ [ 0, 0.0168, 0.0248 ], [ 0.3757, 0.9353, 0.6665 ], [ 0.0364, 0.0726, 0.0056 ] ], "xmin": 6.0, "xmax": 6.125, "ymin": 51.208333333333321, "ymax": 51.333333333333321 }, "geometry": { "type": "MultiPolygon", "coordinates": [ [ [ [ 6.084910500000035, 51.297237499000062 ], [ 6.102230619000068, 51.289519300000052 ], [ 6.114571554000065, 51.28876869700008 ], [ 6.1248, 51.277592499000036 ], [ 6.124481, 51.274584999000069 ], [ 6.121706, 51.272675499000059 ], [ 6.119641500000057, 51.271254999000064 ], [ 6.09299, 51.252913499000044 ], [ 6.090262, 51.251066499000046 ], [ 6.088385, 51.249795499000072 ], [ 6.085001500000033, 51.247393999000053 ], [ 6.081167500000049, 51.245862499000054 ], [ 6.078998, 51.244995999000082 ], [ 6.077076, 51.24422849900003 ], [ 6.072657, 51.242587499000081 ], [ 6.052692497000066, 51.252023046000033 ], [ 6.041221583000038, 51.246669634000057 ], [ 6.027309973000058, 51.246211380000034 ], [ 6.010352524000041, 51.256101787000034 ], [ 6.00532, 51.259036999000045 ], [ 6.01035950000005, 51.265952999000035 ], [ 6.025491524000074, 51.266848791000029 ], [ 6.032222961000059, 51.275181595000049 ], [ 6.047764544000074, 51.286283040000058 ], [ 6.057826510000041, 51.289927992000059 ], [ 6.06637267900004, 51.289570125000068 ], [ 6.084910500000035, 51.297237499000062 ] ] ] ] } },
{ "type": "Feature", "properties": { "GISCO_ID": "NL_GM0893", "CNTR_CODE": "NL", "LAU_ID": "GM0893", "LAU_NAME": "Bergen (L.)", "cell_coverage": [ [ 0, 0.0674, 0.0396, 0, 0, 0, 0 ], [ 0.1254, 0.8426, 0.9699, 0.5072, 0, 0, 0 ], [ 0, 0.3778, 1, 0.5159, 0.0057, 0, 0 ], [ 0, 0.0301, 0.6906, 0.9122, 0.7255, 0.029, 0 ], [ 0, 0, 0, 0.0509, 0.5625, 0.7009, 0.0211 ] ], "xmin": 5.9583333333333321, "xmax": 6.25, "ymin": 51.5, "ymax": 51.708333333333321 }, "geometry": { "type": "MultiPolygon", "coordinates": [ [ [ [ 6.141231, 51.519640999000046 ], [ 6.120038553000029, 51.531916719000037 ], [ 6.109692024000026, 51.546904872000027 ], [ 6.079499215000055, 51.547333471000059 ], [ 6.060111074000076, 51.55640072500006 ], [ 6.047766500000023, 51.558505999000033 ], [ 6.038462978000041, 51.568621643000029 ], [ 6.038525468000046, 51.58406786200004 ], [ 6.025035657000046, 51.598708355000042 ], [ 6.022884734000058, 51.61733498600006 ], [ 6.010352524000041, 51.627854505000073 ], [ 6.006681, 51.630611499000054 ], [ 6.001637500000072, 51.633342499000037 ], [ 5.996483500000068, 51.636729999000067 ], [ 5.981719, 51.642623999000079 ], [ 5.976887500000032, 51.644134499000074 ], [ 6.010352524000041, 51.658930615000031 ], [ 6.015279468000074, 51.661108998000032 ], [ 6.029702518000022, 51.662230237000074 ], [ 6.025383244000068, 51.670015271000068 ], [ 6.031969500000059, 51.676179499000057 ], [ 6.069078426000033, 51.664720166000052 ], [ 6.116822761000037, 51.65610616400005 ], [ 6.099721178000038, 51.624564114000066 ], [ 6.094486607000022, 51.620984540000052 ], [ 6.094343500000036, 51.616164499000035 ], [ 6.092770631000064, 51.605434936000051 ], [ 6.120761130000062, 51.592544113000031 ], [ 6.132365451000055, 51.579973911000081 ], [ 6.157022500000039, 51.566678499000034 ], [ 6.171010774000024, 51.54745592200004 ], [ 6.177056965000077, 51.539147293000042 ], [ 6.200742, 51.526583499000026 ], [ 6.211315032000073, 51.514531323000028 ], [ 6.213423, 51.507841499000051 ], [ 6.203865069000074, 51.504535219000047 ], [ 6.169505, 51.502747499000066 ], [ 6.161257421000073, 51.511937509000063 ], [ 6.141231, 51.519640999000046 ] ] ] ] } },
{ "type": "Feature", "properties": { "GISCO_ID": "NL_GM0899", "CNTR_CODE": "NL", "LAU_ID": "GM0899", "LAU_NAME": "Brunssum", "cell_coverage": [ [ 0, 0.028, 0 ], [ 0.3052, 0.6844, 0.2637 ] ], "xmin": 5.9166666666666643, "xmax": 6.0416666666666643, "ymin": 50.91666666666665, "ymax": 50.999999999999986 }, "geometry": { "type": "MultiPolygon", "coordinates": [ [ [ [ 6.018124, 50.934592999000074 ], [ 6.010352524000041, 50.92659352000004 ], [ 5.976992037000059, 50.929096478000076 ], [ 5.961171324000077, 50.933732687000031 ], [ 5.941852238000024, 50.927805717000069 ], [ 5.933496578000074, 50.933292392000055 ], [ 5.928448, 50.936607499000047 ], [ 5.937164739000025, 50.94648303200006 ], [ 5.965307550000034, 50.960980525000082 ], [ 6.006087, 50.957567999000048 ], [ 6.010352524000041, 50.955317369000056 ], [ 6.015529522000065, 50.952585816000067 ], [ 6.015087, 50.947785499000076 ], [ 6.016183500000068, 50.943021999000052 ], [ 6.018124, 50.934592999000074 ] ] ] ] } },
{ "type": "Feature", "properties": { "GISCO_ID": "NL_GM0917", "CNTR_CODE": "NL", "LAU_ID": "GM0917", "LAU_NAME": "Heerlen", "cell_coverage": [ [ 0.1057, 0.3637, 0.3149, 0.0397 ], [ 0.0336, 0.6119, 0.951, 0.0782 ], [ 0, 0.0021, 0.5347, 0.2962 ], [ 0, 0, 0, 0.0541 ] ], "xmin": 5.875, "xmax": 6.041666666666667, "ymin": 50.791666666666657, "ymax": 50.958333333333321 }, "geometry": { "type": "MultiPolygon", "coordinates": [ [ [ [ 6.017985, 50.843796499000064 ], [ 6.017291579000073, 50.832874361000052 ], [ 6.023301989000061, 50.826341150000076 ], [ 6.023832, 50.818276499000035 ], [ 6.013165171000026, 50.829183992000026 ], [ 6.010352524000041, 50.830339440000046 ], [ 6.005954583000062, 50.832146133000037 ], [ 6.002336725000021, 50.838210064000066 ], [ 5.978816025000071, 50.849722063000058 ], [ 5.969614, 50.86022549900008 ], [ 5.957282922000047, 50.87339287900005 ], [ 5.933496578000074, 50.894831827000075 ], [ 5.923101, 50.904201499000067 ], [ 5.896376547000045, 50.920716029000062 ], [ 5.903237618000048, 50.926333241000066 ], [ 5.912256663000051, 50.927981682000052 ], [ 5.928448, 50.936607499000047 ], [ 5.933496578000074, 50.933292392000055 ], [ 5.941852238000024, 50.927805717000069 ], [ 5.961171324000077, 50.933732687000031 ], [ 5.976992037000059, 50.929096478000076 ], [ 6.010352524000041, 50.92659352000004 ], [ 5.993120407000049, 50.904181750000077 ], [ 5.996791325000061, 50.89432262300005 ], [ 6.007866211000021, 50.88442793400003 ], [ 6.017141, 50.870303999000043 ], [ 6.016309875000047, 50.866858340000078 ], [ 6.010352524000041, 50.862934333000055 ], [ 6.001663363000034, 50.857210928000029 ], [ 6.010352524000041, 50.850069479000069 ], [ 6.017985, 50.843796499000064 ] ] ] ] } },
{ "type": "Feature", "properties": { "GISCO_ID": "NL_GM0928", "CNTR_CODE": "NL", "LAU_ID": "GM0928", "LAU_NAME": "Kerkrade", "cell_coverage": [ [ 0.0457, 0.5802, 0.0039 ], [ 0.46, 0.5111, 0.0095 ] ], "xmin": 6.0, "xmax": 6.125, "ymin": 50.833333333333321, "ymax": 50.916666666666657 }, "geometry": { "type": "MultiPolygon", "coordinates": [ [ [ [ 6.05778250000003, 50.850992999000027 ], [ 6.054177307000032, 50.856492783000078 ], [ 6.017985, 50.843796499000064 ], [ 6.010352524000041, 50.850069479000069 ], [ 6.001663363000034, 50.857210928000029 ], [ 6.010352524000041, 50.862934333000055 ], [ 6.016309875000047, 50.866858340000078 ], [ 6.017141, 50.870303999000043 ], [ 6.031760662000067, 50.87339287900005 ], [ 6.036944151000057, 50.885605938000026 ], [ 6.044309941000051, 50.889146482000058 ], [ 6.043740915000058, 50.899731590000044 ], [ 6.079752, 50.905487999000059 ], [ 6.076017910000076, 50.890945800000054 ], [ 6.087308682000071, 50.87339287900005 ], [ 6.077347007000071, 50.859676367000077 ], [ 6.073631367000075, 50.847816217000059 ], [ 6.05778250000003, 50.850992999000027 ] ] ] ] } },
{ "type": "Feature", "properties": { "GISCO_ID": "NL_GM0935", "CNTR_CODE": "NL", "LAU_ID": "GM0935", "LAU_NAME": "Maastricht", "cell_coverage": [ [ 0.0198, 0.4467, 0.3085, 0 ], [ 0.5566, 1, 0.9584, 0.1176 ], [ 0.1166, 0.5203, 0.3865, 0 ] ], "xmin": 5.625, "xmax": 5.791666666666667, "ymin": 50.791666666666657, "ymax": 50.916666666666657 }, "geometry": { "type": "MultiPolygon", "coordinates": [ [ [ [ 5.762745, 50.866534999000066 ], [ 5.753285264000056, 50.858858845000043 ], [ 5.757396, 50.855357999000034 ], [ 5.75536928300005, 50.84304244100008 ], [ 5.745805220000022, 50.840502324000056 ], [ 5.741574442000058, 50.839378673000056 ], [ 5.745805220000022, 50.831586179000055 ], [ 5.745805220000022, 50.829474468000058 ], [ 5.74255695100004, 50.821522197000036 ], [ 5.71819802400006, 50.814013134000049 ], [ 5.715651175000062, 50.804322711000054 ], [ 5.693788500000039, 50.809723999000028 ], [ 5.687622, 50.811923999000044 ], [ 5.65568330800005, 50.819718705000071 ], [ 5.654859859000055, 50.824742076000064 ], [ 5.645124500000065, 50.837104999000076 ], [ 5.639793558000065, 50.846864087000029 ], [ 5.642459953000071, 50.864089338000042 ], [ 5.648112212000058, 50.868218355000067 ], [ 5.645646061000036, 50.871986504000063 ], [ 5.669000277000066, 50.881094336000046 ], [ 5.679018767000059, 50.881350219000069 ], [ 5.682615048000059, 50.887997848000055 ], [ 5.694177214000035, 50.896131761000049 ], [ 5.699051535000024, 50.909771956000043 ], [ 5.707046790000049, 50.911519883000039 ], [ 5.71537950000004, 50.908508999000048 ], [ 5.713469373000066, 50.902789772000062 ], [ 5.723985852000055, 50.893143057000032 ], [ 5.727122750000035, 50.884655448000046 ], [ 5.735255591000055, 50.881790222000063 ], [ 5.73438191300005, 50.875229732000037 ], [ 5.745805220000022, 50.872859064000068 ], [ 5.754873283000052, 50.870977178000032 ], [ 5.762745, 50.866534999000066 ] ] ] ] } },
{ "type": "Feature", "properties": { "GISCO_ID": "NL_GM0938", "CNTR_CODE": "NL", "LAU_ID": "GM0938", "LAU_NAME": "Meerssen", "cell_coverage": [ [ 0.2403, 0.1845, 0 ], [ 0.6257, 0.7997, 0.1322 ], [ 0.0126, 0.0576, 0 ] ], "xmin": 5.7083333333333321, "xmax": 5.8333333333333321, "ymin": 50.833333333333321, "ymax": 50.958333333333321 }, "geometry": { "type": "MultiPolygon", "coordinates": [ [ [ [ 5.745805220000022, 50.943052529000056 ], [ 5.750450110000031, 50.935088223000037 ], [ 5.771215500000039, 50.927974499000072 ], [ 5.774194093000062, 50.924414979000062 ], [ 5.757134397000073, 50.904044333000058 ], [ 5.756972957000073, 50.899716014000035 ], [ 5.774590225000054, 50.910624133000056 ], [ 5.801653, 50.914157999000054 ], [ 5.797638522000057, 50.906902894000041 ], [ 5.802744071000063, 50.899268357000039 ], [ 5.796697830000028, 50.895243273000062 ], [ 5.799839, 50.885627499000066 ], [ 5.796184456000049, 50.882921967000073 ], [ 5.777631917000065, 50.882871333000026 ], [ 5.771822535000069, 50.873602851000044 ], [ 5.766762834000076, 50.872240662000081 ], [ 5.762745, 50.866534999000066 ], [ 5.754873283000052, 50.870977178000032 ], [ 5.745805220000022, 50.872859064000068 ], [ 5.73438191300005, 50.875229732000037 ], [ 5.735255591000055, 50.881790222000063 ], [ 5.727122750000035, 50.884655448000046 ], [ 5.723985852000055, 50.893143057000032 ], [ 5.713469373000066, 50.902789772000062 ], [ 5.71537950000004, 50.908508999000048 ], [ 5.72373250000004, 50.910526499000071 ], [ 5.728360856000052, 50.925126466000052 ], [ 5.745539, 50.943508999000073 ], [ 5.745805220000022, 50.943052529000056 ] ] ] ] } },
{ "type": "Feature", "properties": { "GISCO_ID": "NL_GM0944", "CNTR_CODE": "NL", "LAU_ID": "GM0944", "LAU_NAME": "Mook en Middelaar", "cell_coverage": [ [ 0.0823, 0.5047, 0.0066 ], [ 0, 0.5578, 0.238 ] ], "xmin": 5.8333333333333321, "xmax": 5.9583333333333321, "ymin": 51.708333333333321, "ymax": 51.791666666666657 }, "geometry": { "type": "MultiPolygon", "coordinates": [ [ [ [ 5.919379, 51.717559999000059 ], [ 5.900587194000025, 51.719901281000034 ], [ 5.888095148000048, 51.725348632000077 ], [ 5.877767923000022, 51.75019620900008 ], [ 5.869031957000061, 51.756078305000074 ], [ 5.865158500000064, 51.757407999000066 ], [ 5.868471731000056, 51.762813614000038 ], [ 5.869507942000041, 51.775229654000043 ], [ 5.893650500000035, 51.777633499000046 ], [ 5.911365624000041, 51.761740990000078 ], [ 5.91520911300006, 51.753056942000057 ], [ 5.929612259000066, 51.74873462000005 ], [ 5.931700177000039, 51.743184320000069 ], [ 5.933496578000074, 51.742720123000026 ], [ 5.938288, 51.74148199900003 ], [ 5.933496578000074, 51.735420314000066 ], [ 5.919379, 51.717559999000059 ] ] ] ] } },
{ "type": "Feature", "properties": { "GISCO_ID": "NL_GM0946", "CNTR_CODE": "NL", "LAU_ID": "GM0946", "LAU_NAME": "Nederweert", "cell_coverage": [ [ 0, 0, 0, 0.0308, 0.2004, 0.0169, 0 ], [ 0.1174, 0.6258, 0.8225, 0.9825, 1, 0.5243, 0.0008 ], [ 0.1218, 0.2756, 0.3472, 0.9045, 1, 0.2387, 0 ], [ 0, 0, 0, 0.0475, 0.2354, 0.067, 0 ] ], "xmin": 5.625, "xmax": 5.916666666666667, "ymin": 51.208333333333321, "ymax": 51.375 }, "geometry": { "type": "MultiPolygon", "coordinates": [ [ [ [ 5.745805220000022, 51.329118514000072 ], [ 5.770454500000028, 51.333831499000041 ], [ 5.840245500000037, 51.346923999000069 ], [ 5.832129, 51.337939999000071 ], [ 5.85209, 51.320647999000073 ], [ 5.869031957000061, 51.317850983000028 ], [ 5.877366500000051, 51.316474999000036 ], [ 5.869031957000061, 51.313640649000035 ], [ 5.860530528000027, 51.309891618000051 ], [ 5.850812888000064, 51.292151191000073 ], [ 5.83479649700007, 51.27445391100008 ], [ 5.845955724000021, 51.257048177000058 ], [ 5.854495174000022, 51.253346314000055 ], [ 5.853439673000025, 51.245613164000076 ], [ 5.791728500000033, 51.237437999000065 ], [ 5.778898551000054, 51.249609512000063 ], [ 5.748117336000064, 51.262644134000027 ], [ 5.745805220000022, 51.265410385000052 ], [ 5.736442922000037, 51.276611579000075 ], [ 5.728297026000064, 51.281443209000031 ], [ 5.705758545000037, 51.283370231000049 ], [ 5.667643104000035, 51.27674610300005 ], [ 5.655776828000057, 51.280559771000071 ], [ 5.643995500000074, 51.290530999000055 ], [ 5.653950500000064, 51.299560499000052 ], [ 5.672037500000044, 51.31501399900003 ], [ 5.745805220000022, 51.329118514000072 ] ] ] ] } },
{ "type": "Feature", "properties": { "GISCO_ID": "NL_GM0957", "CNTR_CODE": "NL", "LAU_ID": "GM0957", "LAU_NAME": "Roermond", "cell_coverage": [ [ 0, 0, 0.0295, 0.005, 0 ], [ 0, 0.2842, 0.9032, 0.7543, 0.0012 ], [ 0.5532, 0.9271, 1, 0.5721, 0 ], [ 0.084, 0.0217, 0.084, 0.043, 0 ] ], "xmin": 5.9166666666666643, "xmax": 6.125, "ymin": 51.125, "ymax": 51.291666666666657 }, "geometry": { "type": "MultiPolygon", "coordinates": [ [ [ [ 6.00532, 51.259036999000045 ], [ 6.010352524000041, 51.256101787000034 ], [ 6.027309973000058, 51.246211380000034 ], [ 6.041221583000038, 51.246669634000057 ], [ 6.052692497000066, 51.252023046000033 ], [ 6.072657, 51.242587499000081 ], [ 6.081143500000053, 51.230286999000043 ], [ 6.082774500000028, 51.227921999000046 ], [ 6.084546514000067, 51.223024923000025 ], [ 6.072205764000046, 51.221921110000039 ], [ 6.068275308000068, 51.218866200000036 ], [ 6.073566, 51.182692499000041 ], [ 6.056503921000058, 51.182679755000038 ], [ 6.052721088000055, 51.173290747000067 ], [ 6.061730143000034, 51.166300125000078 ], [ 6.052737369000056, 51.162138152000068 ], [ 6.031862572000023, 51.161254222000082 ], [ 6.014429849000066, 51.165200879000054 ], [ 6.010352524000041, 51.164646720000064 ], [ 6.001080753000053, 51.163386571000046 ], [ 5.984692621000022, 51.175229329000047 ], [ 5.955483, 51.159000499000058 ], [ 5.94077578200006, 51.161284394000063 ], [ 5.933496578000074, 51.16476285300007 ], [ 5.921690632000036, 51.17040447200003 ], [ 5.924871248000045, 51.176828231000059 ], [ 5.922428385000046, 51.179911535000031 ], [ 5.926455714000042, 51.185309165000035 ], [ 5.933496578000074, 51.189820395000027 ], [ 5.951213500000051, 51.201171999000053 ], [ 5.961434500000053, 51.206687999000053 ], [ 5.968002500000068, 51.21066649900007 ], [ 5.972264500000051, 51.214183999000056 ], [ 5.975876500000027, 51.217925999000045 ], [ 5.979367500000023, 51.222312999000053 ], [ 5.982244500000036, 51.224879999000052 ], [ 5.986579500000062, 51.227287499000056 ], [ 5.991902500000037, 51.228519499000072 ], [ 5.996102500000063, 51.230128999000044 ], [ 5.999447, 51.23200999900007 ], [ 6.001877, 51.233943999000076 ], [ 6.003828500000054, 51.235862499000064 ], [ 6.005937500000073, 51.238929499000051 ], [ 6.009096500000055, 51.250190499000041 ], [ 6.008594, 51.252834499000073 ], [ 6.0058, 51.257236499000044 ], [ 6.00532, 51.259036999000045 ] ] ] ] } },
{ "type": "Feature", "properties": { "GISCO_ID": "NL_GM0965", "CNTR_CODE": "NL", "LAU_ID": "GM0965", "LAU_NAME": "Simpelveld", "cell_coverage": [ [ 0.0273, 0.4057, 0.0114 ], [ 0, 0.4512, 0.2885 ] ], "xmin": 5.9166666666666643, "xmax": 6.0416666666666643, "ymin": 50.79166666666665, "ymax": 50.875 }, "geometry": { "type": "MultiPolygon", "coordinates": [ [ [ [ 5.983193, 50.809629499000039 ], [ 5.97891095500006, 50.814342386000078 ], [ 5.970812721000073, 50.816722325000057 ], [ 5.970667132000074, 50.821040095000058 ], [ 5.959388748000038, 50.828705077000052 ], [ 5.954803, 50.845966499000042 ], [ 5.955037995000055, 50.85208971000003 ], [ 5.969614, 50.86022549900008 ], [ 5.978816025000071, 50.849722063000058 ], [ 6.002336725000021, 50.838210064000066 ], [ 6.005954583000062, 50.832146133000037 ], [ 6.010352524000041, 50.830339440000046 ], [ 6.013165171000026, 50.829183992000026 ], [ 6.023832, 50.818276499000035 ], [ 6.021718641000064, 50.812651462000076 ], [ 6.010352524000041, 50.805549012000029 ], [ 6.004843723000022, 50.80210667700004 ], [ 5.983193, 50.809629499000039 ] ] ] ] } },
{ "type": "Feature", "properties": { "GISCO_ID": "NL_GM0971", "CNTR_CODE": "NL", "LAU_ID": "GM0971", "LAU_NAME": "Stein", "cell_coverage": [ [ 0, 0.145 ], [ 0.2568, 0.7577 ], [ 0.0322, 0.4772 ] ], "xmin": 5.7083333333333321, "xmax": 5.7916666666666652, "ymin": 50.916666666666657, "ymax": 51.041666666666657 }, "geometry": { "type": "MultiPolygon", "coordinates": [ [ [ [ 5.745805220000022, 50.943052529000056 ], [ 5.745539, 50.943508999000073 ], [ 5.745805220000022, 50.944320201000039 ], [ 5.74661616700007, 50.946791250000047 ], [ 5.757025063000071, 50.951464975000079 ], [ 5.757386373000031, 50.955017465000026 ], [ 5.753724805000047, 50.958523308000053 ], [ 5.745805220000022, 50.960736420000046 ], [ 5.745354593000059, 50.960862346000056 ], [ 5.729271064000045, 50.955509904000053 ], [ 5.722679398000025, 50.957732151000073 ], [ 5.721172197000044, 50.961865566000029 ], [ 5.73821180300007, 50.978569586000049 ], [ 5.745805220000022, 50.981284255000048 ], [ 5.748649110000031, 50.982300954000038 ], [ 5.765256334000071, 50.99741528800007 ], [ 5.766125500000044, 51.008715499000061 ], [ 5.773411500000066, 51.018817499000079 ], [ 5.785991830000057, 51.018364413000029 ], [ 5.77596567300003, 51.004885793000028 ], [ 5.788485844000036, 51.000107695000054 ], [ 5.782558909000045, 50.984625526000059 ], [ 5.785940467000046, 50.974747010000044 ], [ 5.784468857000036, 50.967769865000037 ], [ 5.788206, 50.948741999000049 ], [ 5.784818400000063, 50.946791250000047 ], [ 5.781145121000066, 50.945220106000079 ], [ 5.778138093000052, 50.934132430000034 ], [ 5.771215500000039, 50.927974499000072 ], [ 5.750450110000031, 50.935088223000037 ], [ 5.745805220000022, 50.943052529000056 ] ] ] ] } },
{ "type": "Feature", "properties": { "GISCO_ID": "NL_GM0981", "CNTR_CODE": "NL", "LAU_ID": "GM0981", "LAU_NAME": "Vaals", "cell_coverage": [ [ 0.03, 0.1345, 0 ], [ 0.4237, 0.8346, 0.3313 ] ], "xmin": 5.9166666666666643, "xmax": 6.0416666666666643, "ymin": 50.75, "ymax": 50.833333333333321 }, "geometry": { "type": "MultiPolygon", "coordinates": [ [ [ [ 5.936111, 50.756801999000061 ], [ 5.933496578000074, 50.759021573000041 ], [ 5.922064841000065, 50.768726810000032 ], [ 5.923376726000072, 50.77382381700005 ], [ 5.933496578000074, 50.77341137600007 ], [ 5.94203301500005, 50.773063468000032 ], [ 5.945069428000068, 50.794742491000079 ], [ 5.952126412000041, 50.794650424000054 ], [ 5.963709601000062, 50.801571573000047 ], [ 5.976727500000038, 50.803536499000074 ], [ 5.977651826000056, 50.796536982000077 ], [ 5.990117719000068, 50.792938547000062 ], [ 6.002388304000021, 50.783946465000042 ], [ 6.010352524000041, 50.780651128000045 ], [ 6.026304713000059, 50.774050630000033 ], [ 6.019085735000033, 50.763295437000068 ], [ 6.020999, 50.754295499000079 ], [ 6.010352524000041, 50.753970629000037 ], [ 5.982808152000075, 50.753130132000081 ], [ 5.975516817000027, 50.755224589000079 ], [ 5.971311123000021, 50.759777001000032 ], [ 5.959681015000058, 50.761975411000037 ], [ 5.936111, 50.756801999000061 ] ] ] ] } },
{ "type": "Feature", "properties": { "GISCO_ID": "NL_GM0984", "CNTR_CODE": "NL", "LAU_ID": "GM0984", "LAU_NAME": "Venray", "cell_coverage": [ [ 0.4408, 0.373, 0.3186, 0.5106, 0.4816, 0.2969, 0.0878, 0 ], [ 0.6289, 1, 1, 1, 1, 0.788, 0.4893, 0.0948 ], [ 0.2685, 1, 0.9203, 0.6854, 0.489, 0.1933, 0, 0 ], [ 0.0245, 0.1642, 0.0041, 0, 0, 0, 0, 0 ] ], "xmin": 5.8333333333333321, "xmax": 6.1666666666666652, "ymin": 51.416666666666657, "ymax": 51.583333333333321 }, "geometry": { "type": "MultiPolygon", "coordinates": [ [ [ [ 6.047766500000023, 51.558505999000033 ], [ 6.060111074000076, 51.55640072500006 ], [ 6.079499215000055, 51.547333471000059 ], [ 6.109692024000026, 51.546904872000027 ], [ 6.120038553000029, 51.531916719000037 ], [ 6.141231, 51.519640999000046 ], [ 6.133139002000064, 51.512844793000056 ], [ 6.121383035000065, 51.510917849000066 ], [ 6.104306319000045, 51.522180153000079 ], [ 6.068819180000048, 51.523783033000029 ], [ 6.065095940000049, 51.514007053000057 ], [ 6.073229956000034, 51.495323357000075 ], [ 6.067322146000038, 51.48815938100006 ], [ 6.045698903000073, 51.489295791000075 ], [ 6.029508133000036, 51.480103878000079 ], [ 6.010352524000041, 51.477379649000056 ], [ 5.99416569400006, 51.475077627000076 ], [ 5.933496578000074, 51.460525286000063 ], [ 5.874845500000049, 51.446456999000077 ], [ 5.871615500000075, 51.450237499000082 ], [ 5.869031957000061, 51.460251052000046 ], [ 5.860910500000045, 51.491728999000031 ], [ 5.852591, 51.504146499000058 ], [ 5.838077, 51.566467499000055 ], [ 5.869031957000061, 51.562892604000069 ], [ 5.870946500000059, 51.562671499000032 ], [ 5.890428751000059, 51.560153694000064 ], [ 5.907032187000027, 51.552338106000036 ], [ 5.930308435000029, 51.553351851000059 ], [ 5.933496578000074, 51.553922931000045 ], [ 5.975066047000041, 51.561369114000058 ], [ 6.003686075000076, 51.569715689000077 ], [ 6.010352524000041, 51.566786506000028 ], [ 6.017138739000075, 51.563804700000048 ], [ 6.030769154000041, 51.553557002000048 ], [ 6.035343441000066, 51.557499449000034 ], [ 6.047766500000023, 51.558505999000033 ] ] ] ] } },
{ "type": "Feature", "properties": { "GISCO_ID": "NL_GM0988", "CNTR_CODE": "NL", "LAU_ID": "GM0988", "LAU_NAME": "Weert", "cell_coverage": [ [ 0, 0.0059, 0.7601, 0.7244, 0.6528, 0.0955, 0 ], [ 0.0369, 0.4354, 1, 1, 1, 0.7031, 2.8989e-06 ], [ 0, 0.0109, 0.2919, 0.5811, 0.5359, 0.0126, 0 ] ], "xmin": 5.5416666666666643, "xmax": 5.8333333333333313, "ymin": 51.166666666666657, "ymax": 51.291666666666657 }, "geometry": { "type": "MultiPolygon", "coordinates": [ [ [ [ 5.745805220000022, 51.265410385000052 ], [ 5.748117336000064, 51.262644134000027 ], [ 5.778898551000054, 51.249609512000063 ], [ 5.791728500000033, 51.237437999000065 ], [ 5.78231119000003, 51.221579440000028 ], [ 5.774543367000035, 51.216481368000075 ], [ 5.752592872000037, 51.213571909000052 ], [ 5.750901765000037, 51.209678412000073 ], [ 5.753246026000056, 51.202929079000057 ], [ 5.745805220000022, 51.189745250000044 ], [ 5.745651, 51.189471999000034 ], [ 5.709940923000033, 51.181177301000048 ], [ 5.688808461000065, 51.185003039000037 ], [ 5.658136, 51.184715499000049 ], [ 5.651531414000033, 51.192177635000064 ], [ 5.653270643000042, 51.195617211000069 ], [ 5.650467927000022, 51.19835134300007 ], [ 5.566283500000054, 51.220836499000029 ], [ 5.618026805000056, 51.229839319000064 ], [ 5.623330143000032, 51.248457892000033 ], [ 5.626002227000072, 51.27270160900008 ], [ 5.643995500000074, 51.290530999000055 ], [ 5.655776828000057, 51.280559771000071 ], [ 5.667643104000035, 51.27674610300005 ], [ 5.705758545000037, 51.283370231000049 ], [ 5.728297026000064, 51.281443209000031 ], [ 5.736442922000037, 51.276611579000075 ], [ 5.745805220000022, 51.265410385000052 ] ] ] ] } },
{ "type": "Feature", "properties": { "GISCO_ID": "NL_GM0994", "CNTR_CODE": "NL", "LAU_ID": "GM0994", "LAU_NAME": "Valkenburg aan de Geul", "cell_coverage": [ [ 0.075, 0.2721, 0.1308, 0 ], [ 0.4026, 0.8162, 0.9035, 0.0363 ], [ 0, 0.0184, 0.0093, 0 ] ], "xmin": 5.75, "xmax": 5.916666666666667, "ymin": 50.791666666666657, "ymax": 50.916666666666657 }, "geometry": { "type": "MultiPolygon", "coordinates": [ [ [ [ 5.85943750000007, 50.833545499000081 ], [ 5.851530251000042, 50.831875350000075 ], [ 5.837476059000039, 50.835235242000067 ], [ 5.835039087000041, 50.830592381000031 ], [ 5.825142573000051, 50.830259987000034 ], [ 5.821383852000054, 50.832253670000057 ], [ 5.820033057000046, 50.838751301000059 ], [ 5.808229623000045, 50.841819628000053 ], [ 5.801490107000063, 50.848724522000055 ], [ 5.782244244000026, 50.849662379000051 ], [ 5.776842117000058, 50.85285611200004 ], [ 5.757396, 50.855357999000034 ], [ 5.753285264000056, 50.858858845000043 ], [ 5.762745, 50.866534999000066 ], [ 5.766762834000076, 50.872240662000081 ], [ 5.771822535000069, 50.873602851000044 ], [ 5.777631917000065, 50.882871333000026 ], [ 5.796184456000049, 50.882921967000073 ], [ 5.799839, 50.885627499000066 ], [ 5.808984156000065, 50.887589017000039 ], [ 5.819496216000061, 50.88456939200006 ], [ 5.833951957000068, 50.891791264000062 ], [ 5.83320709700007, 50.884784477000039 ], [ 5.835620431000052, 50.882341961000066 ], [ 5.861491, 50.88232799900004 ], [ 5.871782102000054, 50.865272928000081 ], [ 5.87016959500005, 50.857048947000067 ], [ 5.888143, 50.846988499000076 ], [ 5.877111813000056, 50.846113728000034 ], [ 5.875378812000065, 50.83966626800003 ], [ 5.869031957000061, 50.838434642000038 ], [ 5.85943750000007, 50.833545499000081 ] ] ] ] } },
{ "type": "Feature", "properties": { "GISCO_ID": "NL_GM0995", "CNTR_CODE": "NL", "LAU_ID": "GM0995", "LAU_NAME": "Lelystad", "cell_coverage": [ [ 0, 0, 0, 0, 0, 0.3111, 0.5194, 0.2714, 0.15, 0.0689, 0.005, 0, 0, 0 ], [ 0, 0, 0, 0.009, 0.2437, 0.8809, 1, 1, 1, 1, 0.9829, 0.6846, 0.0359, 0 ], [ 0.009, 0.245, 0.5785, 0.9021, 1, 1, 1, 1, 1, 1, 1, 1, 0.6371, 0 ], [ 0.0159, 0.5638, 0.9993, 1, 1, 1, 1, 1, 1, 1, 1, 1, 0.9838, 0.0678 ], [ 0, 0, 0.3713, 0.9684, 1, 1, 1, 1, 1, 1, 1, 1, 1, 0.1608 ], [ 0, 0, 0, 0.2091, 0.8912, 1, 1, 1, 1, 1, 1, 1, 0.8908, 0.1828 ], [ 0, 0, 0, 0, 0.0932, 0.7176, 0.9924, 1, 0.9007, 0.5379, 0.9176, 1, 0.8542, 0.0023 ], [ 0, 0, 0, 0, 0, 0, 0.101, 0.295, 0.0266, 0, 0.0683, 0.5627, 0.3753, 0.0114 ] ], "xmin": 5.0416666666666643, "xmax": 5.625, "ymin": 52.375, "ymax": 52.708333333333321 }, "geometry": { "type": "MultiPolygon", "coordinates": [ [ [ [ 5.262266, 52.676830499000062 ], [ 5.268962, 52.680267499000081 ], [ 5.28720542700006, 52.690686245000052 ], [ 5.287556792000032, 52.690886908000039 ], [ 5.297479259000056, 52.692411909000043 ], [ 5.304064698000047, 52.690686245000052 ], [ 5.361148, 52.67572799900006 ], [ 5.511294500000076, 52.663554999000041 ], [ 5.563988679000033, 52.615210820000073 ], [ 5.575793645000033, 52.588935560000039 ], [ 5.587013687000024, 52.563962214000071 ], [ 5.590956921000043, 52.516364365000072 ], [ 5.588967074000038, 52.509947128000078 ], [ 5.591903389000038, 52.499718919000031 ], [ 5.604724643000054, 52.484654343000045 ], [ 5.566590252000026, 52.469771096000045 ], [ 5.585272871000029, 52.448182972000041 ], [ 5.567807733000052, 52.435136175000082 ], [ 5.589011500000026, 52.411193999000034 ], [ 5.578014835000033, 52.409790573000066 ], [ 5.533077330000026, 52.384836508000035 ], [ 5.438260809000042, 52.44184991700007 ], [ 5.398215179000033, 52.420216087000028 ], [ 5.359626424000055, 52.403941746000044 ], [ 5.350772, 52.400207499000032 ], [ 5.268547659000035, 52.427209676000075 ], [ 5.25954770200002, 52.434471348000045 ], [ 5.074623, 52.583678999000028 ], [ 5.090367516000072, 52.588935560000039 ], [ 5.135306, 52.603938999000036 ], [ 5.257185500000048, 52.64446999900008 ], [ 5.25954770200002, 52.659516163000035 ], [ 5.262266, 52.676830499000062 ] ] ] ] } },
{ "type": "Feature", "properties": { "GISCO_ID": "NL_GM1507", "CNTR_CODE": "NL", "LAU_ID": "GM1507", "LAU_NAME": "Horst aan de Maas", "cell_coverage": [ [ 0, 0, 0, 0, 0, 0.212, 0.4598, 0.3427, 0.0067 ], [ 0, 0, 0.0797, 0.3146, 0.511, 0.8067, 1, 1, 0.1353 ], [ 8.9755e-06, 0.5986, 0.9959, 1, 1, 0.9903, 0.919, 0.8009, 0.0045 ], [ 0, 0.0595, 0.731, 0.921, 0.8085, 0.4647, 0.0017, 0.165, 0 ] ], "xmin": 5.8333333333333321, "xmax": 6.2083333333333321, "ymin": 51.375, "ymax": 51.541666666666657 }, "geometry": { "type": "MultiPolygon", "coordinates": [ [ [ [ 5.931195500000058, 51.384604999000032 ], [ 5.914969, 51.403613999000072 ], [ 5.902804, 51.416660499000045 ], [ 5.874845500000049, 51.446456999000077 ], [ 5.933496578000074, 51.460525286000063 ], [ 5.99416569400006, 51.475077627000076 ], [ 6.010352524000041, 51.477379649000056 ], [ 6.029508133000036, 51.480103878000079 ], [ 6.045698903000073, 51.489295791000075 ], [ 6.067322146000038, 51.48815938100006 ], [ 6.073229956000034, 51.495323357000075 ], [ 6.065095940000049, 51.514007053000057 ], [ 6.068819180000048, 51.523783033000029 ], [ 6.104306319000045, 51.522180153000079 ], [ 6.121383035000065, 51.510917849000066 ], [ 6.133139002000064, 51.512844793000056 ], [ 6.141231, 51.519640999000046 ], [ 6.161257421000073, 51.511937509000063 ], [ 6.169505, 51.502747499000066 ], [ 6.167087595000055, 51.486984953000047 ], [ 6.171010774000024, 51.481932369000049 ], [ 6.17682030900005, 51.474450383000033 ], [ 6.178654594000022, 51.467198943000028 ], [ 6.171010774000024, 51.458932208000078 ], [ 6.155691769000043, 51.442364819000034 ], [ 6.154420680000044, 51.436686492000035 ], [ 6.157606960000066, 51.422418959000026 ], [ 6.149695050000048, 51.409971985000027 ], [ 6.151768353000023, 51.396427021000079 ], [ 6.141317508000043, 51.395631236000042 ], [ 6.134884788000022, 51.415541212000051 ], [ 6.124432887000069, 51.415111157000069 ], [ 6.114412019000042, 51.421166902000039 ], [ 6.078977302000055, 51.419989519000069 ], [ 6.072497700000042, 51.403010112000061 ], [ 6.073122, 51.395732999000074 ], [ 6.017463500000076, 51.381831999000042 ], [ 6.010352524000041, 51.380567744000075 ], [ 6.00677950000005, 51.379932499000063 ], [ 5.989267500000039, 51.378143499000032 ], [ 5.957763500000056, 51.378158499000051 ], [ 5.947263, 51.383151999000063 ], [ 5.933496578000074, 51.384396910000078 ], [ 5.931195500000058, 51.384604999000032 ] ] ] ] } },
{ "type": "Feature", "properties": { "GISCO_ID": "NL_GM1509", "CNTR_CODE": "NL", "LAU_ID": "GM1509", "LAU_NAME": "Oude IJsselstreek", "cell_coverage": [ [ 0, 0, 0, 0.0635, 0.3204, 0.3843, 0.1584 ], [ 0.002, 0.3745, 0.21, 0.7819, 1, 0.9361, 0.1464 ], [ 0, 0.3261, 1, 1, 1, 0.5373, 0 ], [ 0, 0.3507, 0.7318, 0.6454, 0.2742, 0.135, 0 ], [ 0, 0, 0, 0.0353, 0, 0, 0 ] ], "xmin": 6.25, "xmax": 6.541666666666667, "ymin": 51.79166666666665, "ymax": 51.999999999999986 }, "geometry": { "type": "MultiPolygon", "coordinates": [ [ [ [ 6.467657, 51.97814949900004 ], [ 6.49561628400005, 51.97053124100006 ], [ 6.527493, 51.965980499000068 ], [ 6.531448202000036, 51.962034915000061 ], [ 6.520690494000064, 51.955684321000035 ], [ 6.517179125000041, 51.948705361000066 ], [ 6.504094308000049, 51.944253993000075 ], [ 6.492883624000058, 51.925701110000034 ], [ 6.491930743000069, 51.917287697000063 ], [ 6.486514170000021, 51.91195357600003 ], [ 6.473282720000043, 51.907259588000045 ], [ 6.479459433000045, 51.89558063700008 ], [ 6.483516670000029, 51.878377665000073 ], [ 6.472194632000026, 51.868463216000066 ], [ 6.464305, 51.855177499000035 ], [ 6.450346247000027, 51.864907230000028 ], [ 6.43226770800004, 51.86007212800007 ], [ 6.427340346000051, 51.865047721000053 ], [ 6.413626756000042, 51.869993299000043 ], [ 6.400730103000058, 51.869763317000036 ], [ 6.392139469000028, 51.872869921000074 ], [ 6.387910036000051, 51.863016344000073 ], [ 6.408074226000053, 51.852974243000062 ], [ 6.403145551000023, 51.84383415700006 ], [ 6.406962165000039, 51.837578252000071 ], [ 6.403767172000073, 51.835651946000041 ], [ 6.407779500000061, 51.828091999000037 ], [ 6.400756146000049, 51.827882226000042 ], [ 6.389543, 51.833271999000033 ], [ 6.365918849000025, 51.834333800000081 ], [ 6.359157787000072, 51.845980732000044 ], [ 6.34757780800004, 51.85030133500004 ], [ 6.342722835000075, 51.850256362000039 ], [ 6.306844553000076, 51.849924009000063 ], [ 6.298936, 51.867895499000042 ], [ 6.324496345000057, 51.869330215000048 ], [ 6.330270347000067, 51.875086056000043 ], [ 6.325239976000034, 51.888181333000034 ], [ 6.329945261000034, 51.893655804000048 ], [ 6.312896241000033, 51.899151454000048 ], [ 6.307110298000055, 51.905450436000081 ], [ 6.308443446000069, 51.910289700000078 ], [ 6.315621662000069, 51.91357464500004 ], [ 6.315139632000069, 51.918063906000043 ], [ 6.290907420000053, 51.924172012000042 ], [ 6.291000852000025, 51.928420162000066 ], [ 6.297664024000028, 51.937539936000064 ], [ 6.305601, 51.938838999000041 ], [ 6.320333706000042, 51.935450041000081 ], [ 6.332323011000028, 51.926203934000057 ], [ 6.342722835000075, 51.925268520000031 ], [ 6.362017459000072, 51.923533062000047 ], [ 6.379568019000033, 51.932158270000059 ], [ 6.382581549000065, 51.939051232000054 ], [ 6.416063500000064, 51.972606499000051 ], [ 6.44799818100006, 51.970340170000043 ], [ 6.467657, 51.97814949900004 ] ] ] ] } },
{ "type": "Feature", "properties": { "GISCO_ID": "NL_GM1525", "CNTR_CODE": "NL", "LAU_ID": "GM1525", "LAU_NAME": "Teylingen", "cell_coverage": [ [ 0, 0, 0.0222, 0 ], [ 0, 0.5357, 0.8346, 0.1387 ], [ 0.0008, 0.238, 0.6294, 0.1168 ] ], "xmin": 4.4166666666666643, "xmax": 4.5833333333333313, "ymin": 52.166666666666657, "ymax": 52.291666666666657 }, "geometry": { "type": "MultiPolygon", "coordinates": [ [ [ [ 4.464103, 52.215984499000058 ], [ 4.469925525000065, 52.220342346000052 ], [ 4.468086329000073, 52.226086686000031 ], [ 4.513243, 52.254970499000081 ], [ 4.525285504000067, 52.247201956000026 ], [ 4.529287339000064, 52.240115426000045 ], [ 4.526631, 52.234898354000052 ], [ 4.553827500000068, 52.222324499000081 ], [ 4.557989500000076, 52.218887499000061 ], [ 4.555465781000066, 52.212496370000054 ], [ 4.560212549000028, 52.201917086000037 ], [ 4.556304973000067, 52.198208781000062 ], [ 4.547056888000043, 52.197986297000057 ], [ 4.538155500000073, 52.180053499000053 ], [ 4.518357500000036, 52.182101499000055 ], [ 4.497729500000048, 52.183974999000043 ], [ 4.490554453000072, 52.18241297000003 ], [ 4.488753135000024, 52.190431740000065 ], [ 4.49290200300004, 52.196301743000049 ], [ 4.490415200000029, 52.203398892000052 ], [ 4.477731314000039, 52.203732763000062 ], [ 4.463506, 52.200191499000027 ], [ 4.457054796000023, 52.207140270000082 ], [ 4.464934503000052, 52.212527347000048 ], [ 4.464103, 52.215984499000058 ] ] ] ] } },
{ "type": "Feature", "properties": { "GISCO_ID": "NL_GM1581", "CNTR_CODE": "NL", "LAU_ID": "GM1581", "LAU_NAME": "Utrechtse Heuvelrug", "cell_coverage": [ [ 0, 0.0045, 0.002, 0.0015, 0, 0, 0, 0 ], [ 0.004, 0.7547, 0.8541, 0.9592, 0.7687, 0.3739, 0.2832, 0.146 ], [ 0, 0.4814, 0.5063, 0.6424, 0.9528, 1, 0.9983, 0.3406 ], [ 0, 0, 0, 0, 0.3109, 0.4137, 0.2732, 0 ] ], "xmin": 5.2083333333333321, "xmax": 5.5416666666666652, "ymin": 51.958333333333321, "ymax": 52.125 }, "geometry": { "type": "MultiPolygon", "coordinates": [ [ [ [ 5.332194500000071, 52.08424399900008 ], [ 5.359626424000055, 52.081061057000056 ], [ 5.381420899000034, 52.078532231000054 ], [ 5.389824847000057, 52.074894190000066 ], [ 5.404560374000027, 52.074982111000054 ], [ 5.405931118000069, 52.072520521000058 ], [ 5.399684055000023, 52.067864424000049 ], [ 5.401894024000057, 52.06517390700003 ], [ 5.420808878000059, 52.072582694000062 ], [ 5.436126130000048, 52.071915057000069 ], [ 5.436420125000041, 52.062296770000046 ], [ 5.429598405000036, 52.057516027000077 ], [ 5.429557494000051, 52.054062827000052 ], [ 5.435773082000026, 52.04795249700004 ], [ 5.44785482900005, 52.044268351000028 ], [ 5.453686154000025, 52.049053677000074 ], [ 5.460360392000041, 52.048010352000063 ], [ 5.485421569000039, 52.056141214000036 ], [ 5.497881500000062, 52.05697249900004 ], [ 5.514252265000039, 52.054387130000066 ], [ 5.517686238000067, 52.047206945000028 ], [ 5.529086, 52.040126999000051 ], [ 5.512508500000024, 52.018501499000081 ], [ 5.495487418000039, 51.997038719000045 ], [ 5.489456277000045, 51.995030400000076 ], [ 5.48425455000006, 51.988779280000074 ], [ 5.479279953000059, 51.988498073000073 ], [ 5.477736500000049, 51.983438999000043 ], [ 5.470753, 51.982856999000035 ], [ 5.461771, 51.983367999000052 ], [ 5.45444150000003, 51.983352499000034 ], [ 5.444338, 51.985507999000049 ], [ 5.437234, 51.985213999000052 ], [ 5.434294500000021, 51.984641999000075 ], [ 5.430964500000073, 51.983501499000056 ], [ 5.424123, 51.979144999000027 ], [ 5.418308500000023, 51.976703499000052 ], [ 5.414152, 51.975589999000078 ], [ 5.39949, 51.973224499000082 ], [ 5.39095750000007, 51.970748999000079 ], [ 5.393795300000022, 51.975162695000051 ], [ 5.386733602000049, 51.977466681000067 ], [ 5.379711287000021, 51.985808560000066 ], [ 5.399656407000066, 51.988320216000034 ], [ 5.411687512000071, 51.994794020000029 ], [ 5.412330474000044, 51.997589830000038 ], [ 5.399193474000072, 52.00261344900008 ], [ 5.380816387000039, 52.002735144000042 ], [ 5.359626424000055, 52.012680294000063 ], [ 5.344099572000061, 52.019967559000065 ], [ 5.315328532000024, 52.026355650000028 ], [ 5.292245348000051, 52.009435110000027 ], [ 5.279838500000039, 52.010726999000042 ], [ 5.272396227000058, 52.014595080000049 ], [ 5.264521235000075, 52.02355970900004 ], [ 5.269276657000034, 52.02865229400004 ], [ 5.25954770200002, 52.032245662000037 ], [ 5.259075455000072, 52.032420085000069 ], [ 5.257084963000068, 52.037792598000067 ], [ 5.250349791000076, 52.040728806000061 ], [ 5.250954774000036, 52.053557740000031 ], [ 5.247415500000045, 52.058616499000038 ], [ 5.25954770200002, 52.066353099000082 ], [ 5.289893753000058, 52.085704513000053 ], [ 5.32032672400004, 52.071098054000061 ], [ 5.331397516000038, 52.078281238000045 ], [ 5.332194500000071, 52.08424399900008 ] ] ] ] } },
{ "type": "Feature", "properties": { "GISCO_ID": "NL_GM1586", "CNTR_CODE": "NL", "LAU_ID": "GM1586", "LAU_NAME": "Oost Gelre", "cell_coverage": [ [ 0, 0.0048, 0, 0.3198, 0.4782, 0.0701 ], [ 0.6746, 0.8715, 0.7276, 0.9871, 0.8941, 0.1853 ], [ 0.4815, 0.7705, 0.66, 0.7271, 0.5493, 0 ] ], "xmin": 6.4583333333333321, "xmax": 6.7083333333333321, "ymin": 51.958333333333321, "ymax": 52.083333333333321 }, "geometry": { "type": "MultiPolygon", "coordinates": [ [ [ [ 6.462183, 52.021697999000082 ], [ 6.491663019000043, 52.037566982000044 ], [ 6.500117291000038, 52.036794525000062 ], [ 6.508626712000023, 52.043388962000051 ], [ 6.518884569000022, 52.041028227000027 ], [ 6.539198867000039, 52.025794071000064 ], [ 6.573755019000032, 52.031957294000051 ], [ 6.595041698000045, 52.042876665000051 ], [ 6.597337004000053, 52.047708766000028 ], [ 6.604555494000067, 52.051823646000059 ], [ 6.607037356000035, 52.065014839000071 ], [ 6.612620785000047, 52.067523751000067 ], [ 6.635522719000051, 52.063930815000049 ], [ 6.632743247000064, 52.059552888000042 ], [ 6.635608672000046, 52.057768311000075 ], [ 6.647069162000037, 52.064606498000046 ], [ 6.657723030000056, 52.062953426000036 ], [ 6.663081611000052, 52.057988845000068 ], [ 6.663421233000065, 52.051334869000073 ], [ 6.687805, 52.044441499000072 ], [ 6.687726, 52.039898999000059 ], [ 6.683498473000043, 52.029274022000038 ], [ 6.65679331900003, 52.013614118000078 ], [ 6.653018263000035, 51.996820706000051 ], [ 6.655245845000024, 51.976270660000068 ], [ 6.639014, 51.962547499000038 ], [ 6.62670782500004, 51.967482897000082 ], [ 6.559183855000072, 51.974136854000051 ], [ 6.527493, 51.965980499000068 ], [ 6.49561628400005, 51.97053124100006 ], [ 6.467657, 51.97814949900004 ], [ 6.474660390000054, 51.987747826000032 ], [ 6.460027690000061, 51.996315868000067 ], [ 6.466171879000058, 52.000857144000065 ], [ 6.461498970000036, 52.005822629000079 ], [ 6.46452221100003, 52.008144851000054 ], [ 6.460308345000044, 52.018493502000069 ], [ 6.462183, 52.021697999000082 ] ] ] ] } },
{ "type": "Feature", "properties": { "GISCO_ID": "NL_GM1598", "CNTR_CODE": "NL", "LAU_ID": "GM1598", "LAU_NAME": "Koggenland", "cell_coverage": [ [ 0.011, 0.6133, 0.2561, 0.2391, 0.0297 ], [ 0.1145, 0.9481, 1, 1, 0.6941 ], [ 0, 0.2165, 0.411, 0.6788, 0.2402 ] ], "xmin": 4.8333333333333321, "xmax": 5.0416666666666652, "ymin": 52.583333333333321, "ymax": 52.708333333333321 }, "geometry": { "type": "MultiPolygon", "coordinates": [ [ [ [ 4.959697281000047, 52.673634041000071 ], [ 4.960772237000072, 52.673765167000056 ], [ 4.968399962000035, 52.678949992000071 ], [ 4.979184, 52.679733499000065 ], [ 4.984108763000052, 52.675366301000054 ], [ 5.001123859000074, 52.674779649000072 ], [ 5.004953533000048, 52.67034878700008 ], [ 5.020605045000025, 52.664985384000033 ], [ 5.034713500000066, 52.666557499000078 ], [ 5.038643125000021, 52.655990329000076 ], [ 5.037622034000037, 52.649224137000033 ], [ 5.01403850500003, 52.633048572000064 ], [ 5.020722119000027, 52.628633741000044 ], [ 5.027034, 52.612613499000076 ], [ 5.007948489000057, 52.610259171000052 ], [ 5.003527157000065, 52.597908475000054 ], [ 4.959697281000047, 52.595762554000032 ], [ 4.949831, 52.595279499000071 ], [ 4.95022450600004, 52.599230633000047 ], [ 4.95859114700005, 52.605030459000034 ], [ 4.952912876000028, 52.61300162200007 ], [ 4.932943314000056, 52.605952056000035 ], [ 4.926488, 52.607051999000078 ], [ 4.921310168000048, 52.61133876100007 ], [ 4.885439760000054, 52.613508589000048 ], [ 4.887995747000048, 52.627078749000077 ], [ 4.881572136000045, 52.632950697000069 ], [ 4.872847, 52.634444999000038 ], [ 4.876338167000029, 52.640471242000046 ], [ 4.864687936000053, 52.650333940000053 ], [ 4.863501396000061, 52.656068188000063 ], [ 4.878532723000035, 52.680123618000039 ], [ 4.877407832000074, 52.686201780000033 ], [ 4.886272176000034, 52.690686245000052 ], [ 4.899933500000031, 52.69759749900004 ], [ 4.915592943000036, 52.698918816000059 ], [ 4.916876566000042, 52.693504249000057 ], [ 4.912777994000066, 52.690686245000052 ], [ 4.906658367000034, 52.686478648000048 ], [ 4.952127186000041, 52.672710625000036 ], [ 4.959697281000047, 52.673634041000071 ] ] ] ] } },
{ "type": "Feature", "properties": { "GISCO_ID": "NL_GM1621", "CNTR_CODE": "NL", "LAU_ID": "GM1621", "LAU_NAME": "Lansingerland", "cell_coverage": [ [ 0, 0, 0.0605, 0.1821 ], [ 0.0112, 0.7045, 0.9287, 0.3841 ], [ 0.3955, 0.626, 0.826, 0.1216 ] ], "xmin": 4.4166666666666643, "xmax": 4.5833333333333313, "ymin": 51.958333333333321, "ymax": 52.083333333333321 }, "geometry": { "type": "MultiPolygon", "coordinates": [ [ [ [ 4.476731, 52.031676999000069 ], [ 4.505928249000021, 52.032561860000044 ], [ 4.532525557000042, 52.048472083000036 ], [ 4.546276505000037, 52.04982594300003 ], [ 4.557198500000027, 52.061237499000072 ], [ 4.565002, 52.05859749900003 ], [ 4.562774512000033, 52.036171995000075 ], [ 4.558326043000022, 52.028331963000028 ], [ 4.555996115000028, 52.010057963000065 ], [ 4.547012037000059, 51.992581308000069 ], [ 4.548152602000073, 51.984569778000036 ], [ 4.552957585000058, 51.977869862000034 ], [ 4.547514, 51.972770499000035 ], [ 4.517608214000063, 51.961021069000026 ], [ 4.497879223000041, 51.97074077700006 ], [ 4.493102386000032, 51.968661320000081 ], [ 4.469595869000045, 51.979792721000081 ], [ 4.463464617000056, 51.977230133000035 ], [ 4.459002992000023, 51.968799478000051 ], [ 4.446873303000075, 51.963711949000071 ], [ 4.427855500000021, 51.976466999000081 ], [ 4.427583741000035, 51.980837554000061 ], [ 4.448916113000053, 51.993868681000038 ], [ 4.451239970000074, 52.000533845000064 ], [ 4.458160211000063, 52.002762433000044 ], [ 4.45634388000002, 52.007336040000041 ], [ 4.460348081000063, 52.012630477000073 ], [ 4.45874814900003, 52.022011114000065 ], [ 4.476731, 52.031676999000069 ] ] ] ] } },
{ "type": "Feature", "properties": { "GISCO_ID": "NL_GM1640", "CNTR_CODE": "NL", "LAU_ID": "GM1640", "LAU_NAME": "Leudal", "cell_coverage": [ [ 0, 0, 0, 0.2299, 0.499, 0.3121, 0.0318, 0 ], [ 0, 0, 0, 0.7613, 1, 1, 0.9186, 0.1387 ], [ 0, 0.2493, 0.7646, 0.933, 0.9185, 1, 0.7158, 0.0603 ], [ 0.0116, 0.7497, 0.9828, 0.5918, 0.0095, 0.1152, 0.0057, 0 ], [ 0, 0.1069, 0.1019, 0, 0, 0, 0, 0 ] ], "xmin": 5.7083333333333321, "xmax": 6.0416666666666652, "ymin": 51.125, "ymax": 51.333333333333321 }, "geometry": { "type": "MultiPolygon", "coordinates": [ [ [ [ 5.745651, 51.189471999000034 ], [ 5.745805220000022, 51.189745250000044 ], [ 5.753246026000056, 51.202929079000057 ], [ 5.750901765000037, 51.209678412000073 ], [ 5.752592872000037, 51.213571909000052 ], [ 5.774543367000035, 51.216481368000075 ], [ 5.78231119000003, 51.221579440000028 ], [ 5.791728500000033, 51.237437999000065 ], [ 5.853439673000025, 51.245613164000076 ], [ 5.854495174000022, 51.253346314000055 ], [ 5.845955724000021, 51.257048177000058 ], [ 5.83479649700007, 51.27445391100008 ], [ 5.850812888000064, 51.292151191000073 ], [ 5.860530528000027, 51.309891618000051 ], [ 5.869031957000061, 51.313640649000035 ], [ 5.877366500000051, 51.316474999000036 ], [ 5.904631183000049, 51.309592710000061 ], [ 5.914636027000029, 51.311130716000037 ], [ 5.956678059000069, 51.299263761000077 ], [ 6.006147955000074, 51.278000717000054 ], [ 6.009937087000026, 51.272986265000043 ], [ 6.01035950000005, 51.265952999000035 ], [ 6.00532, 51.259036999000045 ], [ 6.0058, 51.257236499000044 ], [ 6.008594, 51.252834499000073 ], [ 6.009096500000055, 51.250190499000041 ], [ 6.005937500000073, 51.238929499000051 ], [ 6.003828500000054, 51.235862499000064 ], [ 6.001877, 51.233943999000076 ], [ 5.999447, 51.23200999900007 ], [ 5.996102500000063, 51.230128999000044 ], [ 5.991902500000037, 51.228519499000072 ], [ 5.986579500000062, 51.227287499000056 ], [ 5.982244500000036, 51.224879999000052 ], [ 5.979367500000023, 51.222312999000053 ], [ 5.975876500000027, 51.217925999000045 ], [ 5.972264500000051, 51.214183999000056 ], [ 5.968002500000068, 51.21066649900007 ], [ 5.961434500000053, 51.206687999000053 ], [ 5.951213500000051, 51.201171999000053 ], [ 5.933496578000074, 51.203686163000043 ], [ 5.911122397000042, 51.206861226000058 ], [ 5.905958423000072, 51.212088068000071 ], [ 5.895359352000071, 51.215463801000055 ], [ 5.879928340000049, 51.210833502000071 ], [ 5.869031957000061, 51.197472563000076 ], [ 5.869031957000061, 51.194436962000054 ], [ 5.873724, 51.190967499000067 ], [ 5.869031957000061, 51.188930686000049 ], [ 5.829522361000045, 51.171640680000053 ], [ 5.826478, 51.166755499000033 ], [ 5.821418533000042, 51.165914249000082 ], [ 5.814570467000067, 51.159790731000044 ], [ 5.805112698000073, 51.162117850000072 ], [ 5.778343821000021, 51.152087952000045 ], [ 5.775879255000063, 51.154981605000046 ], [ 5.778789682000024, 51.163064059000078 ], [ 5.769862009000065, 51.167068927000059 ], [ 5.775429875000043, 51.170906148000029 ], [ 5.775152290000051, 51.179041880000057 ], [ 5.745805220000022, 51.189417475000027 ], [ 5.745651, 51.189471999000034 ] ] ] ] } },
{ "type": "Feature", "properties": { "GISCO_ID": "NL_GM1652", "CNTR_CODE": "NL", "LAU_ID": "GM1652", "LAU_NAME": "Gemert-Bakel", "cell_coverage": [ [ 0, 0.0151, 0.1407, 0.2844, 0.0099, 0 ], [ 0.215, 0.9989, 1, 1, 0.7683, 0.1098 ], [ 3.588e-06, 0.6221, 1, 1, 0.9999, 0.3435 ], [ 0, 0.0036, 0.2968, 0.255, 0.0964, 0 ] ], "xmin": 5.625, "xmax": 5.875, "ymin": 51.458333333333321, "ymax": 51.625 }, "geometry": { "type": "MultiPolygon", "coordinates": [ [ [ [ 5.651356500000077, 51.582359499000063 ], [ 5.698233301000073, 51.584185577000028 ], [ 5.745805220000022, 51.591887854000049 ], [ 5.758603500000049, 51.593959999000049 ], [ 5.78664550000002, 51.598186499000064 ], [ 5.788414, 51.594119999000043 ], [ 5.800519, 51.578616999000076 ], [ 5.820409, 51.56861899900008 ], [ 5.838077, 51.566467499000055 ], [ 5.852591, 51.504146499000058 ], [ 5.786532070000021, 51.490704032000053 ], [ 5.745805220000022, 51.48716457200004 ], [ 5.721738500000072, 51.485072999000067 ], [ 5.70650672000005, 51.497283912000057 ], [ 5.706516234000048, 51.502092373000039 ], [ 5.684202, 51.507693999000026 ], [ 5.683964365000065, 51.516864718000079 ], [ 5.678084568000031, 51.524380048000069 ], [ 5.680992016000062, 51.528106346000072 ], [ 5.665851674000066, 51.542323820000036 ], [ 5.652513, 51.569694499000036 ], [ 5.654877, 51.571670499000049 ], [ 5.656554500000027, 51.57464999900003 ], [ 5.654153500000064, 51.576320999000075 ], [ 5.652672, 51.578314999000042 ], [ 5.651806, 51.579944499000078 ], [ 5.651356500000077, 51.582359499000063 ] ] ] ] } },
{ "type": "Feature", "properties": { "GISCO_ID": "NL_GM1655", "CNTR_CODE": "NL", "LAU_ID": "GM1655", "LAU_NAME": "Halderberge", "cell_coverage": [ [ 0, 0, 0, 0.0482, 0.0131 ], [ 0.5297, 0.7932, 0.6704, 0.9667, 0.5147 ], [ 0.1891, 0.5578, 0.5118, 0.6737, 0.1533 ] ], "xmin": 4.4166666666666643, "xmax": 4.625, "ymin": 51.541666666666657, "ymax": 51.666666666666657 }, "geometry": { "type": "MultiPolygon", "coordinates": [ [ [ [ 4.601364500000045, 51.625293499000065 ], [ 4.612813748000065, 51.607592544000056 ], [ 4.597609899000076, 51.590373566000039 ], [ 4.597956852000038, 51.582621292000056 ], [ 4.591761, 51.561031999000079 ], [ 4.532825148000029, 51.549412176000033 ], [ 4.528740466000045, 51.553144248000081 ], [ 4.534638897000036, 51.56589869000004 ], [ 4.510686462000024, 51.568114198000046 ], [ 4.500204, 51.55853649900007 ], [ 4.458389523000051, 51.561626671000056 ], [ 4.443868, 51.569202499000028 ], [ 4.430657582000038, 51.588244229000054 ], [ 4.427265220000038, 51.609325923000029 ], [ 4.437685, 51.617095999000071 ], [ 4.458298851000052, 51.614383328000031 ], [ 4.485536741000033, 51.619713326000067 ], [ 4.500759366000068, 51.610045134000075 ], [ 4.511519780000071, 51.607077135000054 ], [ 4.54508405200005, 51.618611424000051 ], [ 4.563071243000024, 51.629416310000067 ], [ 4.601364500000045, 51.625293499000065 ] ] ] ] } },
{ "type": "Feature", "properties": { "GISCO_ID": "NL_GM1658", "CNTR_CODE": "NL", "LAU_ID": "GM1658", "LAU_NAME": "Heeze-Leende", "cell_coverage": [ [ 0, 0, 0, 0.044, 0.0405 ], [ 0, 0.5384, 0.7699, 0.989, 0.357 ], [ 0.1607, 0.8244, 1, 1, 0.5111 ], [ 0.3109, 0.8038, 0.3687, 0.1056, 0.0247 ] ], "xmin": 5.4583333333333321, "xmax": 5.6666666666666652, "ymin": 51.291666666666657, "ymax": 51.458333333333321 }, "geometry": { "type": "MultiPolygon", "coordinates": [ [ [ [ 5.484878500000036, 51.300053499000057 ], [ 5.490639533000035, 51.315070662000039 ], [ 5.477926115000059, 51.326779786000031 ], [ 5.474547107000035, 51.334282140000028 ], [ 5.480274578000035, 51.339825728000051 ], [ 5.495230027000048, 51.346710174000066 ], [ 5.495533547000036, 51.355791487000033 ], [ 5.525733849000062, 51.36677796400005 ], [ 5.516415500000051, 51.378333999000063 ], [ 5.513635, 51.381351499000061 ], [ 5.512003500000048, 51.383811499000046 ], [ 5.504780500000038, 51.400096999000027 ], [ 5.508066565000036, 51.404421003000039 ], [ 5.525812500000029, 51.404697499000065 ], [ 5.563896458000045, 51.405481113000064 ], [ 5.595866261000026, 51.417608587000075 ], [ 5.639289, 51.42250049900008 ], [ 5.637943, 51.407428499000048 ], [ 5.63881850000007, 51.40388499900007 ], [ 5.639054, 51.389194499000041 ], [ 5.654762500000061, 51.353888999000048 ], [ 5.640955427000051, 51.346698306000064 ], [ 5.637070749000031, 51.339145839000082 ], [ 5.642967325000029, 51.335059570000055 ], [ 5.63523099400004, 51.332474823000041 ], [ 5.632204518000037, 51.328504790000068 ], [ 5.600371544000041, 51.330387650000034 ], [ 5.564191971000071, 51.319750136000039 ], [ 5.515765, 51.29532449900006 ], [ 5.484878500000036, 51.300053499000057 ] ] ] ] } },
{ "type": "Feature", "properties": { "GISCO_ID": "NL_GM1659", "CNTR_CODE": "NL", "LAU_ID": "GM1659", "LAU_NAME": "Laarbeek", "cell_coverage": [ [ 0.0242, 0.4421, 0.4196, 0.4395, 0 ], [ 0, 0.6848, 0.9093, 0.9505, 0.2736 ], [ 0, 0.0006, 0.0063, 0.0317, 0 ] ], "xmin": 5.5, "xmax": 5.708333333333333, "ymin": 51.458333333333321, "ymax": 51.583333333333321 }, "geometry": { "type": "MultiPolygon", "coordinates": [ [ [ [ 5.54748, 51.537738999000055 ], [ 5.534451041000068, 51.557493074000035 ], [ 5.584967587000051, 51.562503457000048 ], [ 5.60631462300006, 51.559766368000055 ], [ 5.62272073500003, 51.553984860000071 ], [ 5.652513, 51.569694499000036 ], [ 5.665851674000066, 51.542323820000036 ], [ 5.680992016000062, 51.528106346000072 ], [ 5.678084568000031, 51.524380048000069 ], [ 5.683964365000065, 51.516864718000079 ], [ 5.684202, 51.507693999000026 ], [ 5.681485829000053, 51.504866936000042 ], [ 5.671861048000039, 51.504750695000041 ], [ 5.670685474000038, 51.500529113000027 ], [ 5.656219092000072, 51.506450464000068 ], [ 5.63424380400005, 51.495252568000069 ], [ 5.616236941000068, 51.499885126000038 ], [ 5.609167269000068, 51.508589989000029 ], [ 5.576961500000039, 51.499469999000041 ], [ 5.566573679000044, 51.502006003000076 ], [ 5.558128249000049, 51.50937785900004 ], [ 5.54748, 51.537738999000055 ] ] ] ] } },
{ "type": "Feature", "properties": { "GISCO_ID": "NL_GM1667", "CNTR_CODE": "NL", "LAU_ID": "GM1667", "LAU_NAME": "Reusel-De Mierden", "cell_coverage": [ [ 0, 0.2004, 0.3063, 0.1869 ], [ 0.0805, 0.9404, 1, 0.6996 ], [ 0, 0.1664, 0.9356, 0.6533 ], [ 0, 0, 0.3883, 0.3195 ] ], "xmin": 5.0416666666666643, "xmax": 5.2083333333333313, "ymin": 51.291666666666657, "ymax": 51.458333333333321 }, "geometry": { "type": "MultiPolygon", "coordinates": [ [ [ [ 5.134464500000036, 51.315490499000077 ], [ 5.131070114000067, 51.347219568000071 ], [ 5.11500257900002, 51.362245062000056 ], [ 5.071045, 51.393420999000057 ], [ 5.10218, 51.429004999000028 ], [ 5.15540315800007, 51.428949791000036 ], [ 5.160518512000067, 51.431645955000079 ], [ 5.173610303000032, 51.428859180000075 ], [ 5.191002, 51.430213999000046 ], [ 5.194197018000068, 51.403038439000056 ], [ 5.200206451000042, 51.389899117000027 ], [ 5.197838782000076, 51.380867514000045 ], [ 5.188272249000022, 51.374557265000078 ], [ 5.195067148000021, 51.362244713000052 ], [ 5.192082769000024, 51.358687084000053 ], [ 5.194658877000052, 51.344085690000043 ], [ 5.203639095000028, 51.326812578000045 ], [ 5.200245, 51.322619499000041 ], [ 5.162550550000049, 51.310798810000051 ], [ 5.134464500000036, 51.315490499000077 ] ] ] ] } },
{ "type": "Feature", "properties": { "GISCO_ID": "NL_GM1669", "CNTR_CODE": "NL", "LAU_ID": "GM1669", "LAU_NAME": "Roerdalen", "cell_coverage": [ [ 0, 0, 0.0672, 0, 0.2244, 0.1859, 0.4218, 0.039 ], [ 0.0062, 0.5471, 0.9783, 0.916, 0.957, 0.7269, 0.4475, 0.0066 ], [ 0, 0.2365, 0.1701, 0.3683, 0.2708, 0, 0, 0 ] ], "xmin": 5.875, "xmax": 6.208333333333333, "ymin": 51.083333333333321, "ymax": 51.208333333333321 }, "geometry": { "type": "MultiPolygon", "coordinates": [ [ [ [ 6.08044650000005, 51.122205499000074 ], [ 6.061908179000056, 51.116498424000042 ], [ 6.051878500000043, 51.106220499000074 ], [ 6.036585, 51.09657899900003 ], [ 6.021697932000052, 51.112977241000067 ], [ 6.012777508000056, 51.117375200000026 ], [ 6.010352524000041, 51.116835176000052 ], [ 6.00144494400007, 51.114851531000056 ], [ 5.996488026000065, 51.118894344000068 ], [ 5.987199388000022, 51.120517629000062 ], [ 5.97848362700006, 51.116618024000047 ], [ 5.965044168000077, 51.117627858000048 ], [ 5.953610157000071, 51.113385730000061 ], [ 5.933496578000074, 51.113968677000059 ], [ 5.92725785500005, 51.11414949300007 ], [ 5.919622705000052, 51.120365322000055 ], [ 5.913943, 51.133334999000056 ], [ 5.933496578000074, 51.14538551000004 ], [ 5.94327050000004, 51.151408999000068 ], [ 5.946047, 51.152839499000038 ], [ 5.955483, 51.159000499000058 ], [ 5.984692621000022, 51.175229329000047 ], [ 6.001080753000053, 51.163386571000046 ], [ 6.010352524000041, 51.164646720000064 ], [ 6.014429849000066, 51.165200879000054 ], [ 6.031862572000023, 51.161254222000082 ], [ 6.052737369000056, 51.162138152000068 ], [ 6.061730143000034, 51.166300125000078 ], [ 6.052721088000055, 51.173290747000067 ], [ 6.056503921000058, 51.182679755000038 ], [ 6.073566, 51.182692499000041 ], [ 6.082860840000023, 51.171992912000064 ], [ 6.099154504000069, 51.170473530000038 ], [ 6.122996418000071, 51.181376389000036 ], [ 6.163762802000065, 51.193339250000065 ], [ 6.171010774000024, 51.190494637000029 ], [ 6.176976258000025, 51.188153362000037 ], [ 6.174812, 51.184513499000047 ], [ 6.148908494000068, 51.174176306000049 ], [ 6.170144019000077, 51.158927661000064 ], [ 6.163505023000027, 51.151102298000069 ], [ 6.154591, 51.148107999000047 ], [ 6.126874187000055, 51.144903831000079 ], [ 6.118315672000051, 51.140109747000054 ], [ 6.092874567000024, 51.134604007000064 ], [ 6.08044650000005, 51.122205499000074 ] ] ] ] } },
{ "type": "Feature", "properties": { "GISCO_ID": "NL_GM1674", "CNTR_CODE": "NL", "LAU_ID": "GM1674", "LAU_NAME": "Roosendaal", "cell_coverage": [ [ 0.1025, 0.1232, 0.153, 0.4282, 0.4379, 0.0282 ], [ 0.0701, 0.7766, 1, 1, 0.9848, 0.2751 ], [ 0, 0.2552, 0.9977, 0.8098, 0.4709, 0 ], [ 0, 0.0097, 0.0778, 0, 0, 0 ] ], "xmin": 4.2916666666666643, "xmax": 4.5416666666666643, "ymin": 51.416666666666657, "ymax": 51.583333333333321 }, "geometry": { "type": "MultiPolygon", "coordinates": [ [ [ [ 4.443868, 51.569202499000028 ], [ 4.458389523000051, 51.561626671000056 ], [ 4.500204, 51.55853649900007 ], [ 4.498685393000073, 51.545665017000033 ], [ 4.521948348000024, 51.542302188000065 ], [ 4.521452096000075, 51.531703647000029 ], [ 4.513256328000068, 51.51829814000007 ], [ 4.500965338000071, 51.514400271000056 ], [ 4.491231778000042, 51.48852699400004 ], [ 4.49181664200006, 51.483830696000041 ], [ 4.486349549000067, 51.481147899000064 ], [ 4.486697500000048, 51.477360499000042 ], [ 4.475487598000029, 51.47756862600005 ], [ 4.464193588000057, 51.471250118000057 ], [ 4.441146423000021, 51.468215229000066 ], [ 4.391183, 51.451369999000065 ], [ 4.383448, 51.455123999000079 ], [ 4.367012, 51.456660999000064 ], [ 4.36163840200004, 51.474106225000071 ], [ 4.371086644000059, 51.479526391000036 ], [ 4.372183242000062, 51.486982155000078 ], [ 4.358141433000071, 51.493124956000031 ], [ 4.352037885000072, 51.499565031000031 ], [ 4.350040707000062, 51.504223913000033 ], [ 4.351550399000075, 51.515555769000059 ], [ 4.342150035000031, 51.519197548000079 ], [ 4.341616741000053, 51.526086989000078 ], [ 4.330720608000036, 51.528438148000077 ], [ 4.326160144000028, 51.535567137000044 ], [ 4.308038158000045, 51.543528860000038 ], [ 4.309094043000073, 51.546169839000072 ], [ 4.315920430000062, 51.546382493000067 ], [ 4.317849500000023, 51.551223999000058 ], [ 4.376606156000037, 51.544063996000034 ], [ 4.437970541000027, 51.556730739000045 ], [ 4.443868, 51.569202499000028 ] ] ] ] } },
{ "type": "Feature", "properties": { "GISCO_ID": "NL_GM1676", "CNTR_CODE": "NL", "LAU_ID": "GM1676", "LAU_NAME": "Schouwen-Duiveland", "cell_coverage": [ [ 0, 0, 0, 0.0163, 0.0683, 0.1933, 0.5354, 0.3484, 0.0835, 0, 0, 0, 0 ], [ 0.2199, 0.683, 0.7986, 0.8477, 0.9935, 0.99, 1, 1, 0.7314, 0, 0, 0, 0 ], [ 0.5204, 0.9511, 0.6584, 0.3913, 0.7666, 1, 1, 1, 0.9902, 0.6481, 0.4577, 0.258, 0.0726 ], [ 0, 0.0043, 0, 0, 0, 0.645, 0.915, 1, 0.9896, 0.8332, 0.2071, 0.1176, 0.3858 ], [ 0, 0, 0, 0, 0, 0, 0.0171, 0.2193, 0.0861, 0, 0, 0, 0 ] ], "xmin": 3.6666666666666643, "xmax": 4.2083333333333313, "ymin": 51.583333333333321, "ymax": 51.791666666666657 }, "geometry": { "type": "MultiPolygon", "coordinates": [ [ [ [ 4.202700500000049, 51.660762999000042 ], [ 4.193432, 51.638825499000063 ], [ 4.184657929000025, 51.646552934000056 ], [ 4.171310393000056, 51.64770448400003 ], [ 4.15746802600006, 51.653044891000036 ], [ 4.156670254000062, 51.65803724500006 ], [ 4.150098190000051, 51.655196170000067 ], [ 4.139637099000026, 51.657343843000035 ], [ 4.156811077000043, 51.660630333000029 ], [ 4.152802904000055, 51.663994724000077 ], [ 4.157174398000052, 51.666269607000061 ], [ 4.157450334000032, 51.669470370000056 ], [ 4.149382512000045, 51.677767235000033 ], [ 4.101833052000075, 51.669950994000033 ], [ 4.097417306000068, 51.665694029000065 ], [ 4.104884975000061, 51.657994983000037 ], [ 4.099089466000066, 51.654059803000052 ], [ 4.098270592000063, 51.649676112000066 ], [ 4.06788087800004, 51.63130092800003 ], [ 4.058214177000025, 51.628511658000036 ], [ 4.047360042000037, 51.630298370000048 ], [ 4.008924319000073, 51.617727347000027 ], [ 3.970235262000074, 51.614040097000043 ], [ 3.945767040000021, 51.62565898500003 ], [ 3.938370257000031, 51.633438704000071 ], [ 3.928052897000043, 51.628742844000044 ], [ 3.890589906000059, 51.633351237000056 ], [ 3.885249116000068, 51.653308550000077 ], [ 3.876894567000022, 51.661103623000031 ], [ 3.874461518000032, 51.667825577000031 ], [ 3.858925578000026, 51.676535855000054 ], [ 3.825379827000063, 51.683369627000047 ], [ 3.822416233000069, 51.69128674600006 ], [ 3.815508858000044, 51.695532556000046 ], [ 3.795440557000063, 51.695558891000076 ], [ 3.78943689700003, 51.691968089000056 ], [ 3.786689843000033, 51.686337941000033 ], [ 3.777616196000054, 51.682323661000055 ], [ 3.723338746000024, 51.665336509000042 ], [ 3.707231703000048, 51.668440115000067 ], [ 3.695369681000045, 51.67407842700004 ], [ 3.68546391700005, 51.682599585000048 ], [ 3.679930049000063, 51.691762607000044 ], [ 3.678763317000062, 51.702859851000028 ], [ 3.683687446000022, 51.71292515600004 ], [ 3.695045812000046, 51.724349312000072 ], [ 3.715642364000075, 51.735277071000041 ], [ 3.771056183000042, 51.742538816000035 ], [ 3.816344590000028, 51.74047433000004 ], [ 3.829546410000034, 51.75432810500007 ], [ 3.839083, 51.758296999000038 ], [ 3.84743050000003, 51.75340249900006 ], [ 3.875896, 51.74769199900004 ], [ 3.886171500000046, 51.749358999000037 ], [ 3.895060500000056, 51.757411999000055 ], [ 3.905058, 51.764632999000071 ], [ 3.921445, 51.770744499000045 ], [ 3.940330500000073, 51.773799999000062 ], [ 3.958939, 51.772132999000064 ], [ 3.974492500000053, 51.763801499000067 ], [ 3.996776, 51.761054999000066 ], [ 4.013337, 51.759010499000055 ], [ 4.018886, 51.742717499000037 ], [ 4.02625850000004, 51.738307999000028 ], [ 4.035038, 51.730193999000051 ], [ 4.036427, 51.720473999000035 ], [ 4.036705, 51.711028999000064 ], [ 4.040038500000037, 51.702697999000065 ], [ 4.047814500000072, 51.694362499000079 ], [ 4.060590500000046, 51.69297799900005 ], [ 4.073643, 51.692699499000071 ], [ 4.098084, 51.690475499000058 ], [ 4.107966500000032, 51.68771749900003 ], [ 4.110027500000058, 51.687141499000063 ], [ 4.123080500000071, 51.685752999000044 ], [ 4.151825, 51.685233999000047 ], [ 4.155362, 51.683479499000043 ], [ 4.193764, 51.664397999000073 ], [ 4.202700500000049, 51.660762999000042 ] ] ] ] } },
{ "type": "Feature", "properties": { "GISCO_ID": "NL_GM1680", "CNTR_CODE": "NL", "LAU_ID": "GM1680", "LAU_NAME": "Aa en Hunze", "cell_coverage": [ [ 0, 0, 0.0002, 0, 0.0053, 0.1732, 0.0015, 0, 0, 0 ], [ 0, 0, 0.2421, 0.7362, 0.798, 1, 0.7235, 0.1298, 0, 0 ], [ 0, 0.0607, 0.7813, 1, 1, 1, 1, 0.9583, 0.4507, 0.0137 ], [ 0.0339, 0.6549, 1, 1, 1, 0.9488, 0.7207, 0.4704, 0.3102, 0.0693 ], [ 0.2518, 0.9552, 1, 1, 0.4974, 0.0014, 0, 0, 0, 0 ], [ 0, 0.0072, 0.1262, 0.7458, 0.5509, 0, 0, 0, 0, 0 ], [ 0, 0, 0, 0.0313, 0.0496, 0, 0, 0, 0, 0 ] ], "xmin": 6.5416666666666643, "xmax": 6.9583333333333313, "ymin": 52.833333333333321, "ymax": 53.125 }, "geometry": { "type": "MultiPolygon", "coordinates": [ [ [ [ 6.861316500000044, 53.040782499000045 ], [ 6.935702, 52.993362499000057 ], [ 6.841056904000027, 52.978431581000052 ], [ 6.788249786000051, 52.962789267000062 ], [ 6.762402724000026, 52.959226064000063 ], [ 6.729214, 52.954650761000039 ], [ 6.730781290000039, 52.938698209000052 ], [ 6.724760478000064, 52.935101519000057 ], [ 6.728264715000023, 52.907355015000064 ], [ 6.734857008000063, 52.883946105000064 ], [ 6.73633650000005, 52.878692499000067 ], [ 6.714564, 52.868159999000056 ], [ 6.686374, 52.875331999000082 ], [ 6.685344158000021, 52.878016406000029 ], [ 6.683069297000031, 52.883946105000064 ], [ 6.674985500000048, 52.905017499000053 ], [ 6.666734500000075, 52.909450499000059 ], [ 6.641706, 52.912002499000039 ], [ 6.62545, 52.912811499000043 ], [ 6.614871, 52.918323499000053 ], [ 6.585828, 52.919452499000045 ], [ 6.575262, 52.931709499000078 ], [ 6.565071500000045, 52.944980499000053 ], [ 6.561477500000024, 52.94666649900006 ], [ 6.579814307000049, 52.966124854000043 ], [ 6.595240047000061, 52.972973619000072 ], [ 6.597333200000037, 52.97959871300003 ], [ 6.606437024000058, 52.986361751000061 ], [ 6.615600450000045, 53.006980372000044 ], [ 6.63156568900007, 53.017425527000057 ], [ 6.631211, 53.026107999000033 ], [ 6.647673287000032, 53.026997299000072 ], [ 6.641887762000067, 53.044621790000065 ], [ 6.643844029000036, 53.046460250000052 ], [ 6.652182320000065, 53.054296406000049 ], [ 6.663753571000029, 53.057472813000061 ], [ 6.66916803600003, 53.06473657500004 ], [ 6.66666280100003, 53.068064218000075 ], [ 6.64999744000005, 53.081953957000053 ], [ 6.657533840000042, 53.083590187000027 ], [ 6.672356347000061, 53.079535369000041 ], [ 6.695372987000042, 53.068064218000075 ], [ 6.69901550000003, 53.065173999000081 ], [ 6.706280247000052, 53.068064218000075 ], [ 6.73449202200004, 53.075928968000028 ], [ 6.748494651000044, 53.081832920000068 ], [ 6.746381259000032, 53.084825764000072 ], [ 6.748940189000052, 53.086713686000053 ], [ 6.762402724000026, 53.09064552600006 ], [ 6.776506, 53.094764499000064 ], [ 6.81381, 53.071048499000028 ], [ 6.818494225000052, 53.068064218000075 ], [ 6.852404516000036, 53.046460250000052 ], [ 6.861316500000044, 53.040782499000045 ] ] ] ] } },
{ "type": "Feature", "properties": { "GISCO_ID": "NL_GM1681", "CNTR_CODE": "NL", "LAU_ID": "GM1681", "LAU_NAME": "Borger-Odoorn", "cell_coverage": [ [ 0, 0.0512, 0.2793, 0.5296, 0.6898, 0.6978, 0.0821, 0, 0 ], [ 0.5026, 0.9986, 1, 1, 1, 1, 0.8645, 0.1796, 0 ], [ 0.4374, 1, 1, 1, 1, 1, 1, 0.7427, 0.007 ], [ 0.0329, 0.629, 0.9895, 1, 0.9904, 0.7072, 0.2023, 0.0296, 0 ], [ 0, 0, 0.1617, 0.4925, 0.1113, 0, 0, 0, 0 ] ], "xmin": 6.7083333333333321, "xmax": 7.0833333333333321, "ymin": 52.79166666666665, "ymax": 52.999999999999986 }, "geometry": { "type": "MultiPolygon", "coordinates": [ [ [ [ 6.935702, 52.993362499000057 ], [ 7.013912697000023, 52.926332224000078 ], [ 7.026868, 52.919013999000072 ], [ 7.045606500000076, 52.915897499000039 ], [ 7.022801999000023, 52.883946105000064 ], [ 7.018569826000032, 52.878016406000029 ], [ 7.014979500000038, 52.872985999000036 ], [ 6.961359619000064, 52.863541320000081 ], [ 6.948410567000053, 52.848681272000078 ], [ 6.89944792700004, 52.830443095000078 ], [ 6.870007263000048, 52.81947669300007 ], [ 6.857119363000038, 52.812474075000068 ], [ 6.849805500000059, 52.804633999000032 ], [ 6.821121138000024, 52.823049859000037 ], [ 6.767958677000024, 52.849246787000027 ], [ 6.754835398000068, 52.858619385000054 ], [ 6.73633650000005, 52.878692499000067 ], [ 6.734857008000063, 52.883946105000064 ], [ 6.728264715000023, 52.907355015000064 ], [ 6.724760478000064, 52.935101519000057 ], [ 6.730781290000039, 52.938698209000052 ], [ 6.729214, 52.954650761000039 ], [ 6.762402724000026, 52.959226064000063 ], [ 6.788249786000051, 52.962789267000062 ], [ 6.841056904000027, 52.978431581000052 ], [ 6.935702, 52.993362499000057 ] ] ] ] } },
{ "type": "Feature", "properties": { "GISCO_ID": "NL_GM1685", "CNTR_CODE": "NL", "LAU_ID": "GM1685", "LAU_NAME": "Landerd", "cell_coverage": [ [ 0, 0.044, 0.2253, 0.1941, 0 ], [ 0.0422, 0.8846, 1, 0.8905, 0.0193 ], [ 0, 0.0978, 0.5708, 0.9579, 0.2947 ], [ 0, 0, 0, 0.0032, 0.053 ] ], "xmin": 5.5416666666666643, "xmax": 5.75, "ymin": 51.625, "ymax": 51.791666666666657 }, "geometry": { "type": "MultiPolygon", "coordinates": [ [ [ [ 5.742653500000074, 51.650047499000038 ], [ 5.734048614000073, 51.653334548000032 ], [ 5.731721489000051, 51.659259662000068 ], [ 5.735886641000036, 51.663424421000059 ], [ 5.730864745000076, 51.673311409000064 ], [ 5.676256913000032, 51.665527606000069 ], [ 5.625165584000058, 51.697474355000054 ], [ 5.622727248000047, 51.703071950000037 ], [ 5.596962, 51.701995999000076 ], [ 5.59605717900007, 51.706469693000031 ], [ 5.598766631000046, 51.710166332000028 ], [ 5.580909500000075, 51.731437499000037 ], [ 5.577562605000026, 51.737269845000071 ], [ 5.577918897000075, 51.744853075000037 ], [ 5.633325243000058, 51.757998345000033 ], [ 5.636099760000036, 51.76111895300005 ], [ 5.649633429000062, 51.763475167000081 ], [ 5.666317652000032, 51.75313630200003 ], [ 5.673514357000045, 51.766464935000045 ], [ 5.682077389000028, 51.760734439000032 ], [ 5.690789, 51.75911349900008 ], [ 5.700795010000036, 51.753892288000031 ], [ 5.700070957000037, 51.739329483000063 ], [ 5.712967445000061, 51.731547051000064 ], [ 5.713056, 51.726356499000076 ], [ 5.709969500000057, 51.725993999000082 ], [ 5.707625500000063, 51.72332749900005 ], [ 5.705426500000044, 51.722400499000059 ], [ 5.700033, 51.711494499000082 ], [ 5.734387, 51.677535999000042 ], [ 5.742653500000074, 51.650047499000038 ] ] ] ] } },
{ "type": "Feature", "properties": { "GISCO_ID": "NL_GM1690", "CNTR_CODE": "NL", "LAU_ID": "GM1690", "LAU_NAME": "De Wolden", "cell_coverage": [ [ 0, 0, 0.064, 0.068, 0, 0, 0, 0 ], [ 0.0142, 0.2427, 0.911, 0.8621, 0.7663, 0.2877, 0, 0 ], [ 0.5739, 1, 1, 1, 0.9116, 0.0342, 0, 0 ], [ 0.0492, 0.4338, 0.9713, 1, 0.9791, 0.8564, 0.5352, 0.1209 ], [ 0, 0.0092, 0.0398, 0.5033, 1, 0.9946, 1, 0.5053 ], [ 0, 0, 0, 0, 0.1869, 0.1386, 0.1302, 0.1002 ] ], "xmin": 6.2083333333333321, "xmax": 6.5416666666666652, "ymin": 52.583333333333321, "ymax": 52.833333333333321 }, "geometry": { "type": "MultiPolygon", "coordinates": [ [ [ [ 6.265508500000067, 52.667987999000047 ], [ 6.272449401000074, 52.680905954000082 ], [ 6.278659197000025, 52.68371258500008 ], [ 6.278302273000065, 52.688069117000055 ], [ 6.280438811000067, 52.690686245000052 ], [ 6.284678857000074, 52.695880039000031 ], [ 6.267998774000034, 52.706026343000076 ], [ 6.219066955000073, 52.705379223000079 ], [ 6.217994028000021, 52.719223352000029 ], [ 6.230307294000056, 52.735943715000076 ], [ 6.231438500000024, 52.741710499000078 ], [ 6.251851900000077, 52.757647811000027 ], [ 6.267703348000055, 52.758404278000057 ], [ 6.297911276000036, 52.766807386000039 ], [ 6.294230640000023, 52.778784079000047 ], [ 6.303072479000036, 52.790484741000057 ], [ 6.311403330000076, 52.795301401000074 ], [ 6.352148627000076, 52.79869227000006 ], [ 6.353561058000025, 52.794806526000059 ], [ 6.346133504000022, 52.789259023000056 ], [ 6.351861955000061, 52.787145681000027 ], [ 6.355503899000041, 52.780428190000066 ], [ 6.361478181000052, 52.78268061600005 ], [ 6.371486506000053, 52.780749244000049 ], [ 6.377895233000061, 52.784471679000035 ], [ 6.394783503000042, 52.778251728000043 ], [ 6.412828895000075, 52.787648193000052 ], [ 6.421018855000057, 52.781468690000054 ], [ 6.430858038000054, 52.784641441000076 ], [ 6.431127938000031, 52.78914295800007 ], [ 6.436661181000034, 52.791334929000072 ], [ 6.446920500000033, 52.785887999000067 ], [ 6.445648673000051, 52.776644529000066 ], [ 6.440123698000036, 52.772532033000061 ], [ 6.411216598000067, 52.764541044000055 ], [ 6.415620360000048, 52.756613625000057 ], [ 6.42502227500006, 52.751275609000061 ], [ 6.421532687000024, 52.748084639000069 ], [ 6.42201174500002, 52.743177376000062 ], [ 6.416431635000038, 52.740328720000036 ], [ 6.417345705000059, 52.738180321000073 ], [ 6.420115685000042, 52.731669848000081 ], [ 6.407959085000073, 52.728021074000026 ], [ 6.413634407000075, 52.717909554000073 ], [ 6.406284044000074, 52.712519593000081 ], [ 6.404453444000069, 52.707239298000047 ], [ 6.420176840000067, 52.702363277000075 ], [ 6.447486265000066, 52.70655950500003 ], [ 6.450529983000024, 52.70207853900007 ], [ 6.450248524000074, 52.694173062000061 ], [ 6.484512184000039, 52.693435141000066 ], [ 6.484837625000068, 52.690686245000052 ], [ 6.485488491000069, 52.685188585000049 ], [ 6.49258861800007, 52.68339119500007 ], [ 6.493906472000049, 52.676281090000032 ], [ 6.529562648000024, 52.671991296000044 ], [ 6.529386500000044, 52.654559999000071 ], [ 6.514467986000056, 52.645658619000073 ], [ 6.518066034000071, 52.616942421000033 ], [ 6.516397179000023, 52.614090732000079 ], [ 6.479934135000065, 52.618628892000061 ], [ 6.469496120000031, 52.624648449000063 ], [ 6.464071292000028, 52.623253949000059 ], [ 6.458393475000037, 52.615556725000033 ], [ 6.449788081000065, 52.614583266000068 ], [ 6.437818712000023, 52.617676822000078 ], [ 6.429922892000036, 52.627925244000039 ], [ 6.417979670000022, 52.619453254000064 ], [ 6.408265818000075, 52.620984102000079 ], [ 6.404280178000022, 52.616982490000055 ], [ 6.395856152000022, 52.617058506000035 ], [ 6.385291167000048, 52.61293455200007 ], [ 6.377544499000066, 52.616854439000065 ], [ 6.374126825000076, 52.628115438000066 ], [ 6.362455200000056, 52.643938312000046 ], [ 6.327775, 52.658706499000061 ], [ 6.328077221000058, 52.666610501000036 ], [ 6.322707905000073, 52.670170866000035 ], [ 6.299868365000066, 52.666718967000065 ], [ 6.293903611000076, 52.662693859000058 ], [ 6.280231675000039, 52.668553422000059 ], [ 6.271742593000056, 52.665154734000055 ], [ 6.265508500000067, 52.667987999000047 ] ] ] ] } },
{ "type": "Feature", "properties": { "GISCO_ID": "NL_GM1695", "CNTR_CODE": "NL", "LAU_ID": "GM1695", "LAU_NAME": "Noord-Beveland", "cell_coverage": [ [ 0.1731, 0.3671, 0.2548, 0.386, 0.4903, 0.405, 0.01 ], [ 0.184, 0.7268, 0.9579, 0.8196, 0.8659, 0.878, 0.2602 ], [ 0, 0.1095, 0.101, 0, 0, 0, 0 ] ], "xmin": 3.625, "xmax": 3.9166666666666665, "ymin": 51.5, "ymax": 51.625 }, "geometry": { "type": "MultiPolygon", "coordinates": [ [ [ [ 3.869229, 51.541687999000033 ], [ 3.85621708900004, 51.542273701000056 ], [ 3.834484613000029, 51.55180658300003 ], [ 3.794478291000075, 51.543436501000031 ], [ 3.76097044200003, 51.552818684000044 ], [ 3.741187270000069, 51.546362736000049 ], [ 3.713539, 51.530414499000074 ], [ 3.699760221000076, 51.523189893000051 ], [ 3.696113068000045, 51.528656871000067 ], [ 3.696383500000024, 51.535182999000028 ], [ 3.698033486000043, 51.544389280000075 ], [ 3.694179486000053, 51.550091877000057 ], [ 3.670666873000073, 51.564013069000055 ], [ 3.652998395000054, 51.569055652000031 ], [ 3.633690500000057, 51.589207999000052 ], [ 3.68053868800007, 51.599832974000037 ], [ 3.699400642000057, 51.598958473000039 ], [ 3.722669378000035, 51.591764620000049 ], [ 3.80546152200003, 51.604917903000057 ], [ 3.821830813000076, 51.602851108000038 ], [ 3.838251608000064, 51.604768353000054 ], [ 3.860870995000028, 51.599928525000053 ], [ 3.87144844900007, 51.593304828000043 ], [ 3.886763753000025, 51.576709824000034 ], [ 3.891997309000033, 51.575341481000066 ], [ 3.890240321000022, 51.573164406000046 ], [ 3.898495252000032, 51.56299526500004 ], [ 3.894795144000057, 51.558569842000054 ], [ 3.872922416000051, 51.553381860000059 ], [ 3.864571246000025, 51.544722184000079 ], [ 3.869229, 51.541687999000033 ] ] ] ] } },
{ "type": "Feature", "properties": { "GISCO_ID": "NL_GM1696", "CNTR_CODE": "NL", "LAU_ID": "GM1696", "LAU_NAME": "Wijdemeren", "cell_coverage": [ [ 0.1402, 0.709, 0.6499, 0.0714 ], [ 0.051, 0.9163, 0.9986, 0.2871 ], [ 0.101, 0.8962, 0.7332, 0.1883 ] ], "xmin": 5.0, "xmax": 5.166666666666667, "ymin": 52.166666666666657, "ymax": 52.291666666666657 }, "geometry": { "type": "MultiPolygon", "coordinates": [ [ [ [ 5.124134, 52.180877499000076 ], [ 5.12162950000004, 52.180965499000081 ], [ 5.115395, 52.179877999000041 ], [ 5.049191976000031, 52.166909906000058 ], [ 5.041974344000039, 52.18119719200007 ], [ 5.03482690200002, 52.184880444000044 ], [ 5.036610286000041, 52.196079615000031 ], [ 5.029930920000027, 52.201752319000036 ], [ 5.035022420000075, 52.204194781000069 ], [ 5.036988419000068, 52.222020266000072 ], [ 5.043098377000035, 52.22991078900003 ], [ 5.055372327000043, 52.236172557000032 ], [ 5.047221078000064, 52.243354152000052 ], [ 5.04247089100005, 52.25436502000008 ], [ 5.032451386000048, 52.256069180000054 ], [ 5.025038480000035, 52.27139121600004 ], [ 5.047172250000074, 52.277517694000039 ], [ 5.057936088000076, 52.283613503000026 ], [ 5.064631, 52.280727499000079 ], [ 5.07315490700006, 52.278074091000065 ], [ 5.089083689000063, 52.281319566000036 ], [ 5.102114500000027, 52.279872999000077 ], [ 5.118903487000068, 52.272976583000059 ], [ 5.12627180800007, 52.260723538000036 ], [ 5.13555229900004, 52.259261761000062 ], [ 5.141842589000021, 52.242615228000034 ], [ 5.141285610000068, 52.22591576700006 ], [ 5.129233379000027, 52.224094769000033 ], [ 5.123103029000049, 52.219558904000053 ], [ 5.137160524000024, 52.211235627000065 ], [ 5.14387223600005, 52.202880449000077 ], [ 5.144659525000066, 52.197359007000045 ], [ 5.13990697600002, 52.192627768000079 ], [ 5.123299950000046, 52.185490689000062 ], [ 5.124134, 52.180877499000076 ] ] ] ] } },
{ "type": "Feature", "properties": { "GISCO_ID": "NL_GM1699", "CNTR_CODE": "NL", "LAU_ID": "GM1699", "LAU_NAME": "Noordenveld", "cell_coverage": [ [ 0, 0, 0.0786, 0.5208, 0.8257, 0.4452 ], [ 0, 0.0304, 0.8419, 1, 1, 0.7778 ], [ 0.118, 0.4917, 1, 1, 0.788, 0.0141 ], [ 0.0842, 0.4486, 1, 1, 1, 0.2252 ], [ 0, 0.0949, 0.853, 1, 0.9096, 0.0591 ], [ 0, 0, 0.0902, 0.1932, 0.0069, 0 ] ], "xmin": 6.2916666666666643, "xmax": 6.5416666666666643, "ymin": 52.958333333333321, "ymax": 53.208333333333321 }, "geometry": { "type": "MultiPolygon", "coordinates": [ [ [ [ 6.505130500000064, 53.04635599900007 ], [ 6.499952, 53.038429499000074 ], [ 6.502893500000027, 53.032214999000075 ], [ 6.495529, 53.030898999000044 ], [ 6.503874, 53.016044499000031 ], [ 6.509978500000045, 53.017040499000075 ], [ 6.513037, 53.010558999000068 ], [ 6.505936500000075, 53.010131999000066 ], [ 6.488213, 53.005405499000062 ], [ 6.413328, 52.985538499000029 ], [ 6.362791, 53.033675999000081 ], [ 6.364282459000037, 53.046460250000052 ], [ 6.36481150000003, 53.050994999000068 ], [ 6.367695, 53.067325499000049 ], [ 6.364370765000047, 53.068064218000075 ], [ 6.332023500000048, 53.075252499000044 ], [ 6.305327, 53.081130499000039 ], [ 6.315237, 53.094051499000045 ], [ 6.34451572100005, 53.08811933800007 ], [ 6.356107473000066, 53.105780706000075 ], [ 6.363342427000021, 53.108637225000052 ], [ 6.366176935000055, 53.12234171800003 ], [ 6.379044533000069, 53.146915358000058 ], [ 6.382765168000049, 53.154020766000031 ], [ 6.402743509000061, 53.167478343000028 ], [ 6.408597513000075, 53.178004162000036 ], [ 6.439923891000035, 53.186593766000044 ], [ 6.449005388000046, 53.196478629000069 ], [ 6.463397, 53.20011899900004 ], [ 6.484594383000058, 53.203695182000047 ], [ 6.495303281000076, 53.198600730000067 ], [ 6.506340817000023, 53.199688266000067 ], [ 6.513395500000058, 53.196971999000027 ], [ 6.535916605000068, 53.16674435200008 ], [ 6.538404912000033, 53.135249089000069 ], [ 6.514140719000068, 53.130560668000044 ], [ 6.503760378000038, 53.122144690000027 ], [ 6.482078611000077, 53.119191734000026 ], [ 6.48889179300005, 53.100199475000068 ], [ 6.510154937000038, 53.075926649000053 ], [ 6.513453766000055, 53.068331885000077 ], [ 6.51201201300006, 53.057533878000072 ], [ 6.505130500000064, 53.04635599900007 ] ] ] ] } },
{ "type": "Feature", "properties": { "GISCO_ID": "NL_GM1700", "CNTR_CODE": "NL", "LAU_ID": "GM1700", "LAU_NAME": "Twenterand", "cell_coverage": [ [ 0.0396, 0.4478, 0.7259, 0.6607, 0.4075, 0.504, 0.7148, 0.0412 ], [ 0.0046, 0.3614, 0.4039, 0.2825, 0.8615, 1, 0.3395, 0 ], [ 0, 0, 0, 0.0201, 0.6285, 0.5094, 0.2622, 0 ] ], "xmin": 6.4166666666666643, "xmax": 6.75, "ymin": 52.375, "ymax": 52.5 }, "geometry": { "type": "MultiPolygon", "coordinates": [ [ [ [ 6.595364, 52.480334999000036 ], [ 6.601565359000062, 52.478547717000026 ], [ 6.613094769000043, 52.466706603000034 ], [ 6.626142683000069, 52.473086353000042 ], [ 6.648595323000052, 52.473149522000028 ], [ 6.648725665000029, 52.478925652000044 ], [ 6.65382668500007, 52.482727106000027 ], [ 6.655085959000075, 52.488030282000068 ], [ 6.668310532000021, 52.494229552000036 ], [ 6.697865500000034, 52.486285999000074 ], [ 6.710658500000022, 52.481080499000029 ], [ 6.717815, 52.478202999000075 ], [ 6.692734299000051, 52.448408551000057 ], [ 6.677549001000045, 52.444304754000029 ], [ 6.673259163000068, 52.439999053000065 ], [ 6.676502139000036, 52.429205082000067 ], [ 6.670848223000064, 52.416959445000032 ], [ 6.698627500000043, 52.393748999000081 ], [ 6.683501166000042, 52.391822023000032 ], [ 6.676765150000051, 52.395069052000053 ], [ 6.668167178000033, 52.389153600000043 ], [ 6.652486310000029, 52.397715033000054 ], [ 6.640386085000046, 52.398295633000032 ], [ 6.614945539000075, 52.387078210000027 ], [ 6.608604039000056, 52.388694871000041 ], [ 6.598791500000061, 52.383617499000081 ], [ 6.575974500000029, 52.417403999000044 ], [ 6.57392330600004, 52.423418698000035 ], [ 6.597435075000021, 52.439441290000048 ], [ 6.595536460000062, 52.453983712000081 ], [ 6.564951482000026, 52.446321092000062 ], [ 6.542510255000025, 52.450768122000056 ], [ 6.532654573000059, 52.44676626100005 ], [ 6.526485869000055, 52.440698984000051 ], [ 6.51019481000003, 52.43730019700007 ], [ 6.475827078000066, 52.441222088000075 ], [ 6.450152500000058, 52.461162499000068 ], [ 6.454242283000042, 52.468666164000069 ], [ 6.462419351000051, 52.473340338000071 ], [ 6.50148295300005, 52.482022354000037 ], [ 6.50877325600004, 52.490480448000028 ], [ 6.554663645000062, 52.487453213000038 ], [ 6.595364, 52.480334999000036 ] ] ] ] } },
{ "type": "Feature", "properties": { "GISCO_ID": "NL_GM1701", "CNTR_CODE": "NL", "LAU_ID": "GM1701", "LAU_NAME": "Westerveld", "cell_coverage": [ [ 0, 0, 0, 0.0276, 0.2338, 0.0848, 0.0318, 0.0028, 0, 0 ], [ 0, 0, 0.1876, 0.7867, 1, 0.9545, 0.8274, 0.2791, 0.0212, 0 ], [ 0.0098, 0.6727, 0.9993, 1, 1, 1, 1, 1, 0.6361, 0.0816 ], [ 0, 0.0987, 0.6868, 1, 1, 0.936, 0.932, 1, 0.963, 0.1105 ], [ 0, 0, 0.5996, 0.9858, 0.7573, 0.089, 0.1379, 0.2163, 0.0972, 0 ], [ 0, 0, 0.1359, 0.1111, 0, 0, 0, 0, 0, 0 ] ], "xmin": 6.0833333333333321, "xmax": 6.5, "ymin": 52.708333333333321, "ymax": 52.958333333333321 }, "geometry": { "type": "MultiPolygon", "coordinates": [ [ [ [ 6.231438500000024, 52.741710499000078 ], [ 6.218216452000036, 52.747284711000077 ], [ 6.209208129000046, 52.738180321000073 ], [ 6.201634041000034, 52.730525460000081 ], [ 6.196459386000072, 52.738180321000073 ], [ 6.172878500000024, 52.773063499000045 ], [ 6.193166792000056, 52.786250614000039 ], [ 6.200343596000039, 52.794464101000074 ], [ 6.178015643000037, 52.813009916000055 ], [ 6.171010774000024, 52.816860080000026 ], [ 6.15072759100002, 52.82800855000005 ], [ 6.147861446000036, 52.830443095000078 ], [ 6.119814, 52.85426699900006 ], [ 6.171010774000024, 52.875821381000037 ], [ 6.17622448000003, 52.878016406000029 ], [ 6.190308922000042, 52.883946105000064 ], [ 6.206066435000025, 52.890580184000044 ], [ 6.247213, 52.923331999000027 ], [ 6.258492015000058, 52.927488679000078 ], [ 6.301488753000058, 52.925007050000033 ], [ 6.334022639000068, 52.906913728000063 ], [ 6.369053, 52.921973499000046 ], [ 6.38339957900007, 52.914573650000079 ], [ 6.362003666000021, 52.895993458000078 ], [ 6.371023789000049, 52.889859400000034 ], [ 6.368045331000076, 52.882383781000044 ], [ 6.369504539000047, 52.877925069000071 ], [ 6.383511721000048, 52.888692539000033 ], [ 6.418070744000033, 52.88227439800005 ], [ 6.430532196000058, 52.869790789000035 ], [ 6.433055034000063, 52.860120744000028 ], [ 6.431813329000022, 52.85191857500007 ], [ 6.459412675000067, 52.851572193000038 ], [ 6.464314820000027, 52.83994668400004 ], [ 6.477507410000044, 52.836553601000048 ], [ 6.460946150000041, 52.814424913000039 ], [ 6.455449, 52.800555999000039 ], [ 6.449051500000053, 52.79154599900005 ], [ 6.446920500000033, 52.785887999000067 ], [ 6.436661181000034, 52.791334929000072 ], [ 6.431127938000031, 52.78914295800007 ], [ 6.430858038000054, 52.784641441000076 ], [ 6.421018855000057, 52.781468690000054 ], [ 6.412828895000075, 52.787648193000052 ], [ 6.394783503000042, 52.778251728000043 ], [ 6.377895233000061, 52.784471679000035 ], [ 6.371486506000053, 52.780749244000049 ], [ 6.361478181000052, 52.78268061600005 ], [ 6.355503899000041, 52.780428190000066 ], [ 6.351861955000061, 52.787145681000027 ], [ 6.346133504000022, 52.789259023000056 ], [ 6.353561058000025, 52.794806526000059 ], [ 6.352148627000076, 52.79869227000006 ], [ 6.311403330000076, 52.795301401000074 ], [ 6.303072479000036, 52.790484741000057 ], [ 6.294230640000023, 52.778784079000047 ], [ 6.297911276000036, 52.766807386000039 ], [ 6.267703348000055, 52.758404278000057 ], [ 6.251851900000077, 52.757647811000027 ], [ 6.231438500000024, 52.741710499000078 ] ] ] ] } },
{ "type": "Feature", "properties": { "GISCO_ID": "NL_GM1702", "CNTR_CODE": "NL", "LAU_ID": "GM1702", "LAU_NAME": "Sint Anthonis", "cell_coverage": [ [ 0, 0, 0.0337, 0.1343, 0, 0 ], [ 0.0058, 0.4109, 0.922, 0.8962, 0.4248, 0.0524 ], [ 0, 0.6363, 0.9901, 1, 0.926, 0.3431 ], [ 0, 0, 0.2317, 0.4239, 0.0275, 0 ] ], "xmin": 5.7083333333333321, "xmax": 5.9583333333333321, "ymin": 51.541666666666657, "ymax": 51.708333333333321 }, "geometry": { "type": "MultiPolygon", "coordinates": [ [ [ [ 5.758603500000049, 51.593959999000049 ], [ 5.750522500000045, 51.622733999000047 ], [ 5.747749500000054, 51.632594999000048 ], [ 5.788204815000029, 51.64912414500003 ], [ 5.798668034000059, 51.660123889000033 ], [ 5.819885796000051, 51.667237796000052 ], [ 5.842842500000074, 51.680030999000053 ], [ 5.846543500000053, 51.676570999000035 ], [ 5.860094500000059, 51.670081999000047 ], [ 5.85716456800003, 51.661865531000046 ], [ 5.869031957000061, 51.656129877000069 ], [ 5.872731050000027, 51.65354312900007 ], [ 5.873069197000063, 51.643938830000081 ], [ 5.883905657000071, 51.646163237000053 ], [ 5.897739614000045, 51.643833846000064 ], [ 5.924640104000048, 51.632422315000042 ], [ 5.933496578000074, 51.619094523000058 ], [ 5.935303599000065, 51.616579013000035 ], [ 5.946290296000029, 51.608023654000078 ], [ 5.933496578000074, 51.601735221000069 ], [ 5.929266554000037, 51.596059945000036 ], [ 5.905542298000057, 51.587944549000042 ], [ 5.897292907000065, 51.587677657000029 ], [ 5.878949291000026, 51.578589862000058 ], [ 5.871383005000041, 51.57255949000006 ], [ 5.870946500000059, 51.562671499000032 ], [ 5.869031957000061, 51.562892604000069 ], [ 5.838077, 51.566467499000055 ], [ 5.820409, 51.56861899900008 ], [ 5.800519, 51.578616999000076 ], [ 5.788414, 51.594119999000043 ], [ 5.78664550000002, 51.598186499000064 ], [ 5.758603500000049, 51.593959999000049 ] ] ] ] } },
{ "type": "Feature", "properties": { "GISCO_ID": "NL_GM1705", "CNTR_CODE": "NL", "LAU_ID": "GM1705", "LAU_NAME": "Lingewaard", "cell_coverage": [ [ 0, 0, 0.0002, 0, 0, 0 ], [ 0, 0.2982, 0.8578, 0.1933, 0, 0 ], [ 0.1034, 0.9078, 1, 0.9313, 0.3295, 0 ], [ 0, 0.0972, 0.1611, 0.3002, 0.0103, 0.002 ] ], "xmin": 5.8333333333333321, "xmax": 6.0833333333333321, "ymin": 51.833333333333321, "ymax": 51.999999999999986 }, "geometry": { "type": "MultiPolygon", "coordinates": [ [ [ [ 5.956992500000069, 51.947551499000042 ], [ 5.959794500000044, 51.944522999000071 ], [ 5.96098, 51.942107999000029 ], [ 5.961726, 51.938686499000028 ], [ 5.965789500000028, 51.938838999000041 ], [ 5.972060461000069, 51.926399064000066 ], [ 5.987213500000053, 51.913276499000062 ], [ 5.991841, 51.90991199900003 ], [ 5.996924, 51.907352499000069 ], [ 6.002292, 51.905101999000067 ], [ 6.010352524000041, 51.902579957000057 ], [ 6.013484500000061, 51.901599999000041 ], [ 6.016196, 51.900439999000071 ], [ 6.019165, 51.898647499000049 ], [ 6.021647, 51.896598999000048 ], [ 6.023768500000074, 51.89383699900003 ], [ 6.027612, 51.884330499000043 ], [ 6.030739, 51.880050499000049 ], [ 6.033846, 51.87744899900008 ], [ 6.03687750000006, 51.875514999000075 ], [ 6.042363500000022, 51.872581499000034 ], [ 6.046384500000045, 51.870868499000039 ], [ 6.040627, 51.871539999000049 ], [ 6.034546, 51.873412999000038 ], [ 6.019042, 51.880420499000081 ], [ 6.013459, 51.881618499000069 ], [ 6.010352524000041, 51.881775946000062 ], [ 6.008191, 51.881885499000077 ], [ 6.002939, 51.880962499000077 ], [ 5.996252, 51.877582499000027 ], [ 5.991198, 51.873767999000052 ], [ 5.985801500000036, 51.867820499000061 ], [ 5.981417, 51.860324999000056 ], [ 5.978954500000043, 51.857673499000043 ], [ 5.977029, 51.856551999000033 ], [ 5.972896, 51.855064499000036 ], [ 5.966635, 51.854251999000041 ], [ 5.961301500000047, 51.854556999000067 ], [ 5.956742500000075, 51.856075499000042 ], [ 5.950513, 51.86023349900006 ], [ 5.944759500000032, 51.866050499000039 ], [ 5.93954750000006, 51.86992649900003 ], [ 5.935812, 51.871837499000037 ], [ 5.933496578000074, 51.872584238000059 ], [ 5.931009, 51.873386499000048 ], [ 5.928426, 51.873871499000074 ], [ 5.922218500000042, 51.874408499000026 ], [ 5.916323500000033, 51.87425999900006 ], [ 5.912309, 51.873931999000035 ], [ 5.902394, 51.872291499000028 ], [ 5.895492, 51.870208499000057 ], [ 5.890160500000036, 51.867351499000051 ], [ 5.887033, 51.865100999000049 ], [ 5.880156725000063, 51.869441004000066 ], [ 5.873546399000077, 51.885324292000064 ], [ 5.869031957000061, 51.888332780000042 ], [ 5.858674135000058, 51.888830326000061 ], [ 5.857146500000056, 51.895022499000049 ], [ 5.85699, 51.89699549900007 ], [ 5.869031957000061, 51.89711853600005 ], [ 5.874540098000068, 51.898710184000038 ], [ 5.872715378000066, 51.903568048000068 ], [ 5.874720196000055, 51.90802891800007 ], [ 5.891463173000034, 51.908555099000068 ], [ 5.895982101000072, 51.920440580000047 ], [ 5.890709302000062, 51.92612028800005 ], [ 5.898031, 51.934306999000057 ], [ 5.903297893000058, 51.935090297000045 ], [ 5.91466116600003, 51.94928684100006 ], [ 5.929353703000061, 51.951596275000043 ], [ 5.933496578000074, 51.958893831000069 ], [ 5.956992500000069, 51.947551499000042 ] ] ] ] } },
{ "type": "Feature", "properties": { "GISCO_ID": "NL_GM1706", "CNTR_CODE": "NL", "LAU_ID": "GM1706", "LAU_NAME": "Cranendonck", "cell_coverage": [ [ 0, 0, 0, 0.2012, 0 ], [ 0.149, 0.6313, 0.8944, 0.8536, 0.037 ], [ 0.1291, 0.8321, 0.9941, 0.1181, 0 ], [ 0, 0.415, 0.4964, 0, 0 ] ], "xmin": 5.5, "xmax": 5.708333333333333, "ymin": 51.208333333333321, "ymax": 51.375 }, "geometry": { "type": "MultiPolygon", "coordinates": [ [ [ [ 5.560082, 51.22279099900004 ], [ 5.555609851000042, 51.243776457000081 ], [ 5.55666919600003, 51.265128932000039 ], [ 5.523077346000036, 51.286069811000061 ], [ 5.515765, 51.29532449900006 ], [ 5.564191971000071, 51.319750136000039 ], [ 5.600371544000041, 51.330387650000034 ], [ 5.632204518000037, 51.328504790000068 ], [ 5.63523099400004, 51.332474823000041 ], [ 5.642967325000029, 51.335059570000055 ], [ 5.637070749000031, 51.339145839000082 ], [ 5.640955427000051, 51.346698306000064 ], [ 5.654762500000061, 51.353888999000048 ], [ 5.666221412000027, 51.328589616000045 ], [ 5.671128142000043, 51.323466187000065 ], [ 5.672037500000044, 51.31501399900003 ], [ 5.653950500000064, 51.299560499000052 ], [ 5.643995500000074, 51.290530999000055 ], [ 5.626002227000072, 51.27270160900008 ], [ 5.623330143000032, 51.248457892000033 ], [ 5.618026805000056, 51.229839319000064 ], [ 5.566283500000054, 51.220836499000029 ], [ 5.560082, 51.22279099900004 ] ] ] ] } },
{ "type": "Feature", "properties": { "GISCO_ID": "NL_GM1709", "CNTR_CODE": "NL", "LAU_ID": "GM1709", "LAU_NAME": "Moerdijk", "cell_coverage": [ [ 0, 0, 0.0024, 0, 0, 0, 0.0456, 0.1308, 0, 0 ], [ 0.011, 0.6374, 0.9429, 0.7377, 0.6352, 0.76, 0.9567, 0.9322, 0.3879, 0 ], [ 0.0533, 0.6031, 0.9696, 1, 1, 0.9518, 0.9593, 0.8572, 0.5012, 0 ], [ 0, 0, 0.1365, 0.2068, 0.3296, 0.0333, 0.0008, 0.0035, 0, 0 ] ], "xmin": 4.3333333333333321, "xmax": 4.75, "ymin": 51.583333333333321, "ymax": 51.75 }, "geometry": { "type": "MultiPolygon", "coordinates": [ [ [ [ 4.665370500000051, 51.634299999000064 ], [ 4.661741500000062, 51.634750499000063 ], [ 4.659023500000046, 51.634689499000046 ], [ 4.643297500000074, 51.632236499000044 ], [ 4.639838500000053, 51.63093199900004 ], [ 4.637934, 51.629715499000042 ], [ 4.634765500000071, 51.625671499000077 ], [ 4.632007500000043, 51.624595499000066 ], [ 4.629327, 51.624057999000058 ], [ 4.626695500000039, 51.623973999000043 ], [ 4.623941500000058, 51.624362999000027 ], [ 4.621447, 51.625221499000077 ], [ 4.618595, 51.626861499000029 ], [ 4.616295, 51.627723499000069 ], [ 4.612467500000037, 51.628447999000059 ], [ 4.609711, 51.628429499000049 ], [ 4.607737, 51.628082499000072 ], [ 4.604666, 51.627094499000066 ], [ 4.601364500000045, 51.625293499000065 ], [ 4.563071243000024, 51.629416310000067 ], [ 4.54508405200005, 51.618611424000051 ], [ 4.511519780000071, 51.607077135000054 ], [ 4.500759366000068, 51.610045134000075 ], [ 4.485536741000033, 51.619713326000067 ], [ 4.458298851000052, 51.614383328000031 ], [ 4.437685, 51.617095999000071 ], [ 4.432791500000064, 51.620177499000079 ], [ 4.428832500000055, 51.623191499000029 ], [ 4.427039, 51.625121999000044 ], [ 4.425231500000052, 51.628986499000064 ], [ 4.423903, 51.630275999000048 ], [ 4.420650500000022, 51.631046499000036 ], [ 4.412497, 51.631438999000068 ], [ 4.408555, 51.63302999900003 ], [ 4.400201, 51.638377999000056 ], [ 4.39874750000007, 51.639938499000039 ], [ 4.397399, 51.642341499000054 ], [ 4.39569350000005, 51.643634999000028 ], [ 4.393356, 51.64467249900008 ], [ 4.386984, 51.646060999000042 ], [ 4.381467500000042, 51.649917499000026 ], [ 4.376658500000076, 51.651916499000038 ], [ 4.374185, 51.653671499000041 ], [ 4.370635500000049, 51.657264499000064 ], [ 4.362527, 51.66332249900006 ], [ 4.366519500000038, 51.665546499000072 ], [ 4.372194500000035, 51.669696999000053 ], [ 4.376484, 51.67438899900003 ], [ 4.378844, 51.678165499000045 ], [ 4.379493, 51.680824499000039 ], [ 4.379430500000069, 51.68359349900004 ], [ 4.393621, 51.693294499000046 ], [ 4.42355, 51.709472499000071 ], [ 4.469587500000046, 51.699607999000079 ], [ 4.488801, 51.695113999000057 ], [ 4.50043050000005, 51.692905499000062 ], [ 4.507106, 51.69250499900005 ], [ 4.514917500000024, 51.69247449900007 ], [ 4.530433500000072, 51.693443499000068 ], [ 4.535013500000048, 51.693969499000048 ], [ 4.54247, 51.694823499000051 ], [ 4.554929500000071, 51.696853499000042 ], [ 4.589300500000036, 51.703323499000078 ], [ 4.597493, 51.705508999000074 ], [ 4.617063, 51.71345149900003 ], [ 4.620420500000023, 51.714126499000031 ], [ 4.645137500000033, 51.719066499000064 ], [ 4.656445418000033, 51.706406129000072 ], [ 4.666641518000063, 51.687591525000073 ], [ 4.681972703000042, 51.687247375000027 ], [ 4.692288006000069, 51.682558834000076 ], [ 4.698067076000029, 51.686513839000042 ], [ 4.708531051000023, 51.674403161000043 ], [ 4.686128310000072, 51.666008672000032 ], [ 4.695462500000076, 51.656660784000053 ], [ 4.690254789000051, 51.651375371000029 ], [ 4.695801549000066, 51.646651577000057 ], [ 4.699077, 51.638049999000032 ], [ 4.693452, 51.637862999000049 ], [ 4.690958500000022, 51.637359999000068 ], [ 4.688806, 51.63666149900007 ], [ 4.682754500000044, 51.633636499000033 ], [ 4.678513, 51.632594999000048 ], [ 4.675214, 51.632400499000028 ], [ 4.67225650000006, 51.632621999000037 ], [ 4.665370500000051, 51.634299999000064 ] ] ] ] } },
{ "type": "Feature", "properties": { "GISCO_ID": "NL_GM1711", "CNTR_CODE": "NL", "LAU_ID": "GM1711", "LAU_NAME": "Echt-Susteren", "cell_coverage": [ [ 0, 0.0365, 0.2084, 0.0006, 0, 0 ], [ 0.2307, 0.7328, 1, 0.7635, 0.8295, 0.4104 ], [ 0.4276, 0.9157, 0.6252, 0.8975, 0.4359, 0 ], [ 0, 0.1537, 0.0078, 0.0747, 0.0049, 0 ] ], "xmin": 5.7916666666666643, "xmax": 6.0416666666666643, "ymin": 50.999999999999993, "ymax": 51.166666666666657 }, "geometry": { "type": "MultiPolygon", "coordinates": [ [ [ [ 5.96861350000006, 51.047973499000079 ], [ 5.956667198000048, 51.035828099000071 ], [ 5.938766087000033, 51.03580712400003 ], [ 5.933496578000074, 51.041226433000077 ], [ 5.926350651000064, 51.048575501000073 ], [ 5.91874460300005, 51.063331004000077 ], [ 5.913295205000054, 51.066009994000069 ], [ 5.891055111000071, 51.053020883000045 ], [ 5.869031957000061, 51.051678953000078 ], [ 5.866452975000072, 51.050403325000048 ], [ 5.867145099000027, 51.046961309000039 ], [ 5.869031957000061, 51.044680264000078 ], [ 5.87706449500007, 51.037467545000027 ], [ 5.877085, 51.032100999000079 ], [ 5.869031957000061, 51.030366754000056 ], [ 5.85408288800005, 51.02941179700008 ], [ 5.850242233000074, 51.034709570000075 ], [ 5.852011838000067, 51.039326944000038 ], [ 5.848518888000058, 51.045527958000037 ], [ 5.827992681000069, 51.048430820000078 ], [ 5.822748336000075, 51.072330648000047 ], [ 5.81850963200003, 51.071176004000051 ], [ 5.808261034000054, 51.059116076000066 ], [ 5.798274, 51.059853499000042 ], [ 5.800082382000028, 51.064224577000061 ], [ 5.797515, 51.073531499000069 ], [ 5.803991912000072, 51.07863136800006 ], [ 5.797318334000067, 51.087464135000062 ], [ 5.798163678000037, 51.092279836000046 ], [ 5.806817825000053, 51.095553272000075 ], [ 5.825389217000065, 51.093217182000046 ], [ 5.833172500000046, 51.099658999000042 ], [ 5.852481692000026, 51.110598740000057 ], [ 5.869031957000061, 51.130984973000068 ], [ 5.873638899000071, 51.134561118000079 ], [ 5.913943, 51.133334999000056 ], [ 5.919622705000052, 51.120365322000055 ], [ 5.92725785500005, 51.11414949300007 ], [ 5.933496578000074, 51.113968677000059 ], [ 5.953610157000071, 51.113385730000061 ], [ 5.965044168000077, 51.117627858000048 ], [ 5.97848362700006, 51.116618024000047 ], [ 5.987199388000022, 51.120517629000062 ], [ 5.996488026000065, 51.118894344000068 ], [ 6.00144494400007, 51.114851531000056 ], [ 6.010352524000041, 51.116835176000052 ], [ 6.012777508000056, 51.117375200000026 ], [ 6.021697932000052, 51.112977241000067 ], [ 6.036585, 51.09657899900003 ], [ 6.009251425000059, 51.090082247000055 ], [ 5.983451175000027, 51.073820156000068 ], [ 5.971181996000041, 51.060081787000058 ], [ 5.96861350000006, 51.047973499000079 ] ] ] ] } },
{ "type": "Feature", "properties": { "GISCO_ID": "NL_GM1714", "CNTR_CODE": "NL", "LAU_ID": "GM1714", "LAU_NAME": "Sluis", "cell_coverage": [ [ 7.6081e-06, 0.1667, 0.3617, 0.5315, 0.7434, 0.5449, 0.2328, 0.0286, 0, 0 ], [ 0.0489, 0.944, 1, 1, 1, 1, 1, 0.8125, 0.2611, 0 ], [ 0.134, 0.9892, 1, 1, 1, 0.9825, 0.8097, 0.9508, 0.6334, 0.0009 ], [ 0.0003, 0.5731, 0.9717, 1, 0.5753, 0.0233, 0.0001, 0.0487, 0.2104, 0 ], [ 0, 0, 0.1244, 0.1664, 0.0685, 0, 0, 0, 0, 0 ] ], "xmin": 3.3333333333333321, "xmax": 3.75, "ymin": 51.208333333333321, "ymax": 51.416666666666657 }, "geometry": { "type": "MultiPolygon", "coordinates": [ [ [ [ 3.693957, 51.276073499000063 ], [ 3.687064500000076, 51.280853499000045 ], [ 3.678907643000059, 51.280980039000042 ], [ 3.657539879000069, 51.290066717000059 ], [ 3.639012087000026, 51.288892610000062 ], [ 3.589636918000053, 51.305013970000061 ], [ 3.582191819000059, 51.298693849000074 ], [ 3.584960328000022, 51.294159553000043 ], [ 3.582112365000057, 51.287950619000071 ], [ 3.562113088000046, 51.295466748000081 ], [ 3.555507718000058, 51.290439281000033 ], [ 3.544133197000065, 51.290638859000069 ], [ 3.536877133000075, 51.283822026000053 ], [ 3.52792658900006, 51.288360819000047 ], [ 3.516652088000058, 51.286898183000062 ], [ 3.527222628000061, 51.247502329000042 ], [ 3.514760041000045, 51.245393239000066 ], [ 3.507805, 51.244916999000054 ], [ 3.481805, 51.243136499000059 ], [ 3.475020500000028, 51.242671999000038 ], [ 3.44930008800003, 51.24176076100008 ], [ 3.428513959000043, 51.245173316000034 ], [ 3.421795108000026, 51.256074532000071 ], [ 3.41613400500006, 51.258915615000035 ], [ 3.407783226000049, 51.257527075000041 ], [ 3.386965876000033, 51.273010609000039 ], [ 3.380661, 51.274299499000051 ], [ 3.37634558600007, 51.278042257000038 ], [ 3.38096940500003, 51.282247967000046 ], [ 3.380039680000039, 51.286747602000048 ], [ 3.367030982000074, 51.297052091000069 ], [ 3.375919890000034, 51.302205073000039 ], [ 3.370919, 51.306515499000056 ], [ 3.359694023000031, 51.315637736000042 ], [ 3.38471133500002, 51.335731739000039 ], [ 3.382990750000033, 51.341154595000035 ], [ 3.374455811000075, 51.349031069000034 ], [ 3.373970227000029, 51.359680938000054 ], [ 3.365787500000067, 51.369835499000033 ], [ 3.378210037000031, 51.376965579000057 ], [ 3.421915961000025, 51.389405252000074 ], [ 3.445722418000059, 51.390027819000068 ], [ 3.487067163000063, 51.398520431000065 ], [ 3.514760041000045, 51.407638508000048 ], [ 3.54393077900005, 51.40494538400003 ], [ 3.548925254000039, 51.401306798000064 ], [ 3.575612422000063, 51.394236721000027 ], [ 3.586576036000054, 51.387353791000066 ], [ 3.604233972000031, 51.385501370000043 ], [ 3.636507049000045, 51.376663164000036 ], [ 3.684671489000038, 51.371299361000069 ], [ 3.693069500000036, 51.365264999000033 ], [ 3.692838391000066, 51.353185921000033 ], [ 3.684950210000068, 51.355300285000055 ], [ 3.649924712000029, 51.348863474000041 ], [ 3.645272937000072, 51.34129858700004 ], [ 3.652549351000062, 51.333014926000033 ], [ 3.657637591000025, 51.332253373000071 ], [ 3.66015094100004, 51.325833359000057 ], [ 3.666898046000028, 51.320341899000027 ], [ 3.685651379000035, 51.320893143000035 ], [ 3.709760754000058, 51.31607560100008 ], [ 3.704994081000052, 51.310110007000048 ], [ 3.705859008000061, 51.289361757000052 ], [ 3.699090626000043, 51.284967725000058 ], [ 3.693957, 51.276073499000063 ] ] ] ] } },
{ "type": "Feature", "properties": { "GISCO_ID": "NL_GM1719", "CNTR_CODE": "NL", "LAU_ID": "GM1719", "LAU_NAME": "Drimmelen", "cell_coverage": [ [ 0, 0, 0, 0.2033, 0.1391, 0.0548 ], [ 0.1285, 0.3494, 0.689, 0.9999, 0.9865, 0.2892 ], [ 0.0678, 0.6121, 1, 1, 0.8285, 0.0361 ], [ 0, 0.2438, 0.6095, 0.7155, 0.0049, 0 ] ], "xmin": 4.625, "xmax": 4.875, "ymin": 51.625, "ymax": 51.791666666666657 }, "geometry": { "type": "MultiPolygon", "coordinates": [ [ [ [ 4.699077, 51.638049999000032 ], [ 4.695801549000066, 51.646651577000057 ], [ 4.690254789000051, 51.651375371000029 ], [ 4.695462500000076, 51.656660784000053 ], [ 4.686128310000072, 51.666008672000032 ], [ 4.708531051000023, 51.674403161000043 ], [ 4.698067076000029, 51.686513839000042 ], [ 4.692288006000069, 51.682558834000076 ], [ 4.681972703000042, 51.687247375000027 ], [ 4.666641518000063, 51.687591525000073 ], [ 4.656445418000033, 51.706406129000072 ], [ 4.645137500000033, 51.719066499000064 ], [ 4.67629450000004, 51.724918499000069 ], [ 4.679157191000058, 51.720479283000032 ], [ 4.699167636000027, 51.722482013000047 ], [ 4.720947435000028, 51.733742737000057 ], [ 4.733477404000041, 51.737051251000082 ], [ 4.761812055000064, 51.758490162000044 ], [ 4.772619156000076, 51.759993702000031 ], [ 4.781855372000052, 51.765525636000064 ], [ 4.787431907000041, 51.756338044000074 ], [ 4.850962340000024, 51.754963340000074 ], [ 4.852523738000059, 51.750451446000056 ], [ 4.846443156000021, 51.725480325000035 ], [ 4.836899500000072, 51.71274549900005 ], [ 4.824571331000072, 51.710157484000035 ], [ 4.830372752000073, 51.694973204000064 ], [ 4.842368, 51.679653999000038 ], [ 4.782532544000048, 51.664140711000073 ], [ 4.794207516000029, 51.641968157000065 ], [ 4.787506500000063, 51.637046999000063 ], [ 4.76799950000003, 51.628864499000031 ], [ 4.765789500000039, 51.629157999000029 ], [ 4.764393, 51.633476499000039 ], [ 4.762908500000037, 51.634876499000029 ], [ 4.760361500000045, 51.636462999000059 ], [ 4.756569, 51.637798499000041 ], [ 4.748138500000039, 51.639240499000039 ], [ 4.741454500000032, 51.642040499000075 ], [ 4.737599, 51.642966999000066 ], [ 4.732471500000031, 51.643146499000068 ], [ 4.703963, 51.638168499000074 ], [ 4.699077, 51.638049999000032 ] ] ] ] } },
{ "type": "Feature", "properties": { "GISCO_ID": "NL_GM1721", "CNTR_CODE": "NL", "LAU_ID": "GM1721", "LAU_NAME": "Bernheze", "cell_coverage": [ [ 0, 0.2367, 0.7132, 0.6025, 0.0973 ], [ 0.0822, 0.7715, 1, 0.8983, 0.1709 ], [ 0.2902, 0.7292, 0.8076, 0.3285, 0 ] ], "xmin": 5.4166666666666643, "xmax": 5.625, "ymin": 51.625, "ymax": 51.75 }, "geometry": { "type": "MultiPolygon", "coordinates": [ [ [ [ 5.474299500000029, 51.728976999000054 ], [ 5.527164966000043, 51.740067547000081 ], [ 5.538478506000047, 51.739481613000066 ], [ 5.562437617000057, 51.732120146000057 ], [ 5.580909500000075, 51.731437499000037 ], [ 5.598766631000046, 51.710166332000028 ], [ 5.59605717900007, 51.706469693000031 ], [ 5.596962, 51.701995999000076 ], [ 5.599578271000041, 51.697525805000055 ], [ 5.596425064000073, 51.690826256000037 ], [ 5.576034612000058, 51.679485695000039 ], [ 5.563595840000062, 51.664494058000059 ], [ 5.569697126000051, 51.657366086000081 ], [ 5.57029250000005, 51.651408999000068 ], [ 5.54521238500007, 51.641177006000078 ], [ 5.541024318000041, 51.634978912000065 ], [ 5.522918575000062, 51.630879604000029 ], [ 5.50576395500002, 51.635340646000031 ], [ 5.497040122000044, 51.627462263000041 ], [ 5.466839242000049, 51.642465192000031 ], [ 5.42337550000002, 51.653747499000076 ], [ 5.433974615000068, 51.663738787000057 ], [ 5.445944445000066, 51.665866892000054 ], [ 5.456884500000058, 51.687671499000032 ], [ 5.458843085000069, 51.690746412000067 ], [ 5.469609078000076, 51.689771114000052 ], [ 5.478222519000042, 51.700636105000058 ], [ 5.498640235000039, 51.708216377000042 ], [ 5.496818878000056, 51.711269297000058 ], [ 5.484963970000024, 51.713554344000045 ], [ 5.474299500000029, 51.728976999000054 ] ] ] ] } },
{ "type": "Feature", "properties": { "GISCO_ID": "NL_GM1723", "CNTR_CODE": "NL", "LAU_ID": "GM1723", "LAU_NAME": "Alphen-Chaam", "cell_coverage": [ [ 0, 0, 0.0611, 0.151, 0, 0, 0, 0 ], [ 0.0053, 0.5414, 0.9486, 0.8128, 0.4873, 0.3656, 0.3647, 0 ], [ 0, 0.0041, 0.207, 0.4802, 0.608, 0.9564, 0.8989, 0.1103 ], [ 0, 0, 0, 0, 0, 0.005, 0, 0 ] ], "xmin": 4.7083333333333321, "xmax": 5.0416666666666652, "ymin": 51.416666666666657, "ymax": 51.583333333333321 }, "geometry": { "type": "MultiPolygon", "coordinates": [ [ [ [ 5.016353500000037, 51.475558999000043 ], [ 5.008202096000048, 51.466024191000031 ], [ 5.010374, 51.458251999000026 ], [ 4.97844985100005, 51.460555706000036 ], [ 4.959697281000047, 51.45885660700003 ], [ 4.942331770000067, 51.457283184000062 ], [ 4.931857641000022, 51.45952684100007 ], [ 4.892830839000055, 51.477591540000049 ], [ 4.841390500000045, 51.480712999000048 ], [ 4.822348396000052, 51.483185477000063 ], [ 4.812864287000025, 51.495376840000063 ], [ 4.785085672000037, 51.499439199000051 ], [ 4.776398572000062, 51.504713050000078 ], [ 4.759926, 51.502464499000041 ], [ 4.750963194000065, 51.509388088000037 ], [ 4.747785744000055, 51.514907188000052 ], [ 4.749362710000071, 51.518409929000029 ], [ 4.759618057000068, 51.519669839000073 ], [ 4.771387590000074, 51.527500383000074 ], [ 4.798498689000041, 51.535621211000034 ], [ 4.828282422000029, 51.549366916000054 ], [ 4.862969500000077, 51.557265999000037 ], [ 4.86169785900006, 51.550530734000063 ], [ 4.836008670000069, 51.538598934000049 ], [ 4.832379844000059, 51.528007209000066 ], [ 4.842912041000034, 51.527591499000039 ], [ 4.846123785000032, 51.533142395000027 ], [ 4.866558565000048, 51.537583332000054 ], [ 4.912311984000041, 51.510295602000042 ], [ 4.954558059000021, 51.51835974100004 ], [ 4.959697281000047, 51.523189553000066 ], [ 4.962567, 51.52588649900008 ], [ 4.969054770000071, 51.521654603000059 ], [ 4.978192970000066, 51.52077354000005 ], [ 4.983772589000068, 51.517628684000044 ], [ 4.984170825000035, 51.514071631000036 ], [ 4.991203724000059, 51.511944377000077 ], [ 4.986840112000039, 51.497193379000066 ], [ 4.993220830000041, 51.497008106000067 ], [ 4.993637832000047, 51.493898822000062 ], [ 4.998717344000056, 51.491514732000041 ], [ 4.991317060000029, 51.483333162000065 ], [ 4.997935179000024, 51.481777120000061 ], [ 5.007343659000071, 51.474258903000077 ], [ 5.016353500000037, 51.475558999000043 ] ] ] ] } },
{ "type": "Feature", "properties": { "GISCO_ID": "NL_GM1724", "CNTR_CODE": "NL", "LAU_ID": "GM1724", "LAU_NAME": "Bergeijk", "cell_coverage": [ [ 0, 0, 0, 0, 0.0914, 0.0319 ], [ 0, 0, 0.0019, 0.5558, 0.9773, 0.124 ], [ 0.1096, 0.6039, 0.7995, 1, 0.6944, 0.1354 ], [ 0.3126, 0.6463, 0.6994, 0.504, 0.3428, 0.0001 ] ], "xmin": 5.2083333333333321, "xmax": 5.4583333333333321, "ymin": 51.25, "ymax": 51.416666666666657 }, "geometry": { "type": "MultiPolygon", "coordinates": [ [ [ [ 5.241098, 51.305662999000049 ], [ 5.245364862000031, 51.309401140000034 ], [ 5.25852691800003, 51.311850925000044 ], [ 5.25954770200002, 51.313346653000053 ], [ 5.263539, 51.319194999000047 ], [ 5.292328936000047, 51.318412144000035 ], [ 5.316235156000062, 51.323597533000054 ], [ 5.323958706000042, 51.332345541000052 ], [ 5.34571341000003, 51.337601242000062 ], [ 5.343460444000073, 51.353221684000061 ], [ 5.347488497000029, 51.358563845000049 ], [ 5.359626424000055, 51.364402369000061 ], [ 5.367298661000063, 51.36809283000008 ], [ 5.378849872000046, 51.370061322000026 ], [ 5.388905500000021, 51.376460999000074 ], [ 5.397676597000043, 51.380545875000053 ], [ 5.421846500000072, 51.383357999000054 ], [ 5.424396713000021, 51.379205374000037 ], [ 5.423224, 51.374866499000063 ], [ 5.419875277000074, 51.371204160000048 ], [ 5.419944004000058, 51.359528014000034 ], [ 5.424291173000029, 51.345330721000039 ], [ 5.422333493000053, 51.337166004000039 ], [ 5.432908648000023, 51.322691620000057 ], [ 5.425491916000055, 51.312765487000036 ], [ 5.41264147000004, 51.319634497000038 ], [ 5.397326676000034, 51.313014086000067 ], [ 5.393875647000073, 51.300254559000052 ], [ 5.395802956000068, 51.290183493000029 ], [ 5.38905679800007, 51.285029938000037 ], [ 5.417375, 51.262225999000066 ], [ 5.359626424000055, 51.273071186000038 ], [ 5.348005432000036, 51.27525360900006 ], [ 5.342206736000037, 51.26617815000003 ], [ 5.33590633600005, 51.263441793000027 ], [ 5.295344644000068, 51.26179576800007 ], [ 5.263422348000063, 51.266600757000049 ], [ 5.25954770200002, 51.265847067000038 ], [ 5.237716500000033, 51.261600499000053 ], [ 5.226787583000032, 51.269195770000067 ], [ 5.241098, 51.305662999000049 ] ] ] ] } },
{ "type": "Feature", "properties": { "GISCO_ID": "NL_GM1728", "CNTR_CODE": "NL", "LAU_ID": "GM1728", "LAU_NAME": "Bladel", "cell_coverage": [ [ 0.1567, 0.2805, 0.0156, 0 ], [ 0.3004, 1, 0.8095, 0.1708 ], [ 0.3467, 1, 0.7212, 0 ], [ 0.0473, 0.52, 0.2327, 0 ] ], "xmin": 5.1666666666666643, "xmax": 5.3333333333333313, "ymin": 51.291666666666657, "ymax": 51.458333333333321 }, "geometry": { "type": "MultiPolygon", "coordinates": [ [ [ [ 5.25954770200002, 51.416970552000066 ], [ 5.28275986400007, 51.40465720900005 ], [ 5.304254635000063, 51.406635848000064 ], [ 5.31264070900005, 51.399705289000053 ], [ 5.309888042000068, 51.391252406000035 ], [ 5.290694046000056, 51.38872884500006 ], [ 5.281189908000044, 51.377474242000062 ], [ 5.276038466000045, 51.362433354000075 ], [ 5.285114651000072, 51.336477426000044 ], [ 5.263539, 51.319194999000047 ], [ 5.25954770200002, 51.313346653000053 ], [ 5.25852691800003, 51.311850925000044 ], [ 5.245364862000031, 51.309401140000034 ], [ 5.241098, 51.305662999000049 ], [ 5.200245, 51.322619499000041 ], [ 5.203639095000028, 51.326812578000045 ], [ 5.194658877000052, 51.344085690000043 ], [ 5.192082769000024, 51.358687084000053 ], [ 5.195067148000021, 51.362244713000052 ], [ 5.188272249000022, 51.374557265000078 ], [ 5.197838782000076, 51.380867514000045 ], [ 5.200206451000042, 51.389899117000027 ], [ 5.194197018000068, 51.403038439000056 ], [ 5.191002, 51.430213999000046 ], [ 5.208110383000076, 51.435698126000034 ], [ 5.215160652000066, 51.433650426000042 ], [ 5.224776679000058, 51.425499889000037 ], [ 5.237703, 51.428558499000076 ], [ 5.25954770200002, 51.416970552000066 ] ] ] ] } },
{ "type": "Feature", "properties": { "GISCO_ID": "NL_GM1729", "CNTR_CODE": "NL", "LAU_ID": "GM1729", "LAU_NAME": "Gulpen-Wittem", "cell_coverage": [ [ 0, 0.0342, 0.2893, 0.2539, 0 ], [ 0.0874, 0.6984, 1, 0.97, 0.2403 ], [ 0.0059, 0.6157, 0.7903, 0.4163, 0 ] ], "xmin": 5.7916666666666643, "xmax": 5.9999999999999973, "ymin": 50.75, "ymax": 50.875 }, "geometry": { "type": "MultiPolygon", "coordinates": [ [ [ [ 5.85943750000007, 50.833545499000081 ], [ 5.869031957000061, 50.838434642000038 ], [ 5.875378812000065, 50.83966626800003 ], [ 5.877111813000056, 50.846113728000034 ], [ 5.888143, 50.846988499000076 ], [ 5.894365841000024, 50.843013468000038 ], [ 5.92324811800006, 50.848703059000059 ], [ 5.933496578000074, 50.840262370000062 ], [ 5.954803, 50.845966499000042 ], [ 5.959388748000038, 50.828705077000052 ], [ 5.970667132000074, 50.821040095000058 ], [ 5.970812721000073, 50.816722325000057 ], [ 5.97891095500006, 50.814342386000078 ], [ 5.983193, 50.809629499000039 ], [ 5.976727500000038, 50.803536499000074 ], [ 5.963709601000062, 50.801571573000047 ], [ 5.952126412000041, 50.794650424000054 ], [ 5.945069428000068, 50.794742491000079 ], [ 5.94203301500005, 50.773063468000032 ], [ 5.933496578000074, 50.77341137600007 ], [ 5.923376726000072, 50.77382381700005 ], [ 5.922064841000065, 50.768726810000032 ], [ 5.933496578000074, 50.759021573000041 ], [ 5.936111, 50.756801999000061 ], [ 5.933496578000074, 50.755953623000039 ], [ 5.918289026000025, 50.751018799000065 ], [ 5.913458838000054, 50.755234562000055 ], [ 5.900852511000039, 50.752161942000043 ], [ 5.892073, 50.755237499000032 ], [ 5.886264992000065, 50.769287425000073 ], [ 5.869031957000061, 50.764975349000053 ], [ 5.849345607000032, 50.754669260000071 ], [ 5.844917, 50.765384999000048 ], [ 5.842761611000071, 50.776195021000035 ], [ 5.835108036000065, 50.782947990000082 ], [ 5.834318378000034, 50.78700540400007 ], [ 5.822942820000037, 50.795564103000061 ], [ 5.820552237000072, 50.804672456000048 ], [ 5.839462258000026, 50.808322070000031 ], [ 5.85332485400005, 50.820140624000032 ], [ 5.862174739000068, 50.822587465000026 ], [ 5.86318863300005, 50.826087025000049 ], [ 5.85943750000007, 50.833545499000081 ] ] ] ] } },
{ "type": "Feature", "properties": { "GISCO_ID": "NL_GM1730", "CNTR_CODE": "NL", "LAU_ID": "GM1730", "LAU_NAME": "Tynaarlo", "cell_coverage": [ [ 0, 0.2109, 0.0937, 0, 0, 0, 0, 0 ], [ 0, 0.2222, 0.92, 0.3645, 0, 0, 0, 0 ], [ 0.212, 0.9859, 1, 0.9988, 0.7125, 0.8518, 0.8362, 0.1859 ], [ 0, 0.7213, 0.7115, 0.7736, 0.7579, 0.2638, 0.202, 0 ], [ 0, 0.0211, 0.0229, 0.1222, 0.1754, 0, 0, 0 ] ], "xmin": 6.4583333333333321, "xmax": 6.7916666666666652, "ymin": 52.999999999999986, "ymax": 53.208333333333321 }, "geometry": { "type": "MultiPolygon", "coordinates": [ [ [ [ 6.631211, 53.026107999000033 ], [ 6.605276451000066, 53.033547744000032 ], [ 6.607116769000072, 53.049253699000076 ], [ 6.599166775000072, 53.060621536000042 ], [ 6.579591117000064, 53.059186390000036 ], [ 6.573271033000026, 53.055927808000035 ], [ 6.567342186000076, 53.05910640500008 ], [ 6.557557792000068, 53.058162306000042 ], [ 6.55153561700007, 53.049045428000056 ], [ 6.550679161000062, 53.039923093000027 ], [ 6.54610377900002, 53.036059597000076 ], [ 6.533531268000047, 53.038824887000033 ], [ 6.523687128000063, 53.045182555000054 ], [ 6.505130500000064, 53.04635599900007 ], [ 6.51201201300006, 53.057533878000072 ], [ 6.513453766000055, 53.068331885000077 ], [ 6.510154937000038, 53.075926649000053 ], [ 6.48889179300005, 53.100199475000068 ], [ 6.482078611000077, 53.119191734000026 ], [ 6.503760378000038, 53.122144690000027 ], [ 6.514140719000068, 53.130560668000044 ], [ 6.538404912000033, 53.135249089000069 ], [ 6.535916605000068, 53.16674435200008 ], [ 6.513395500000058, 53.196971999000027 ], [ 6.529460438000058, 53.195334249000041 ], [ 6.535384160000035, 53.183728569000039 ], [ 6.552092139000024, 53.176892424000073 ], [ 6.563995671000043, 53.158534580000037 ], [ 6.580692665000072, 53.162544937000064 ], [ 6.585771169000054, 53.156394755000065 ], [ 6.588311834000024, 53.146915358000058 ], [ 6.600607708000041, 53.14367036200008 ], [ 6.611752541000044, 53.136732385000073 ], [ 6.638764565000031, 53.108584567000037 ], [ 6.694853, 53.121043999000051 ], [ 6.73781628200004, 53.119020167000031 ], [ 6.762402724000026, 53.103606238000054 ], [ 6.776506, 53.094764499000064 ], [ 6.762402724000026, 53.09064552600006 ], [ 6.748940189000052, 53.086713686000053 ], [ 6.746381259000032, 53.084825764000072 ], [ 6.748494651000044, 53.081832920000068 ], [ 6.73449202200004, 53.075928968000028 ], [ 6.706280247000052, 53.068064218000075 ], [ 6.69901550000003, 53.065173999000081 ], [ 6.695372987000042, 53.068064218000075 ], [ 6.672356347000061, 53.079535369000041 ], [ 6.657533840000042, 53.083590187000027 ], [ 6.64999744000005, 53.081953957000053 ], [ 6.66666280100003, 53.068064218000075 ], [ 6.66916803600003, 53.06473657500004 ], [ 6.663753571000029, 53.057472813000061 ], [ 6.652182320000065, 53.054296406000049 ], [ 6.643844029000036, 53.046460250000052 ], [ 6.641887762000067, 53.044621790000065 ], [ 6.647673287000032, 53.026997299000072 ], [ 6.631211, 53.026107999000033 ] ] ] ] } },
{ "type": "Feature", "properties": { "GISCO_ID": "NL_GM1731", "CNTR_CODE": "NL", "LAU_ID": "GM1731", "LAU_NAME": "Midden-Drenthe", "cell_coverage": [ [ 0, 0, 0, 0.0363, 0, 0, 0, 0, 0, 0 ], [ 0, 0.0041, 0.7339, 0.8102, 0, 0, 0, 0, 0, 0 ], [ 0.0098, 0.5169, 1, 0.9515, 0.6127, 0.6184, 0.0448, 0, 0, 0 ], [ 0.1051, 0.7209, 0.9788, 1, 1, 1, 0.9928, 0.8738, 0.2542, 0 ], [ 0, 0, 0.3639, 0.9184, 1, 1, 1, 1, 0.9477, 0.1643 ], [ 0, 0, 0.0066, 0.8004, 1, 1, 1, 0.9472, 0.4522, 0 ], [ 0, 0, 0, 0.0774, 0.6077, 0.8058, 0.8811, 0.1628, 0, 0 ], [ 0, 0, 0, 0, 0, 0.1208, 0.0984, 0, 0, 0 ] ], "xmin": 6.3333333333333321, "xmax": 6.75, "ymin": 52.708333333333321, "ymax": 53.041666666666657 }, "geometry": { "type": "MultiPolygon", "coordinates": [ [ [ [ 6.714564, 52.868159999000056 ], [ 6.720695102000036, 52.866124988000081 ], [ 6.720997646000058, 52.861160175000066 ], [ 6.727454033000072, 52.853841283000065 ], [ 6.719782366000061, 52.84917216000008 ], [ 6.705215838000072, 52.84659638800008 ], [ 6.706551475000026, 52.835895245000074 ], [ 6.698404602000039, 52.830443095000078 ], [ 6.690496058000065, 52.825150443000041 ], [ 6.693262307000055, 52.815421025000035 ], [ 6.691797643000029, 52.811466895000081 ], [ 6.681764289000057, 52.807382820000043 ], [ 6.675431263000064, 52.797813318000067 ], [ 6.658900407000033, 52.79947128200007 ], [ 6.590255981000041, 52.738180321000073 ], [ 6.587468, 52.735690999000042 ], [ 6.58027861000005, 52.738180321000073 ], [ 6.55854271100003, 52.745706362000078 ], [ 6.56502114500006, 52.765218559000061 ], [ 6.534005720000039, 52.767504184000074 ], [ 6.512956744000064, 52.762860983000053 ], [ 6.506511395000075, 52.768953353000029 ], [ 6.491584070000044, 52.771511744000065 ], [ 6.495563846000039, 52.785568390000037 ], [ 6.491354630000046, 52.792750077000051 ], [ 6.455449, 52.800555999000039 ], [ 6.460946150000041, 52.814424913000039 ], [ 6.477507410000044, 52.836553601000048 ], [ 6.464314820000027, 52.83994668400004 ], [ 6.459412675000067, 52.851572193000038 ], [ 6.431813329000022, 52.85191857500007 ], [ 6.433055034000063, 52.860120744000028 ], [ 6.430532196000058, 52.869790789000035 ], [ 6.418070744000033, 52.88227439800005 ], [ 6.383511721000048, 52.888692539000033 ], [ 6.369504539000047, 52.877925069000071 ], [ 6.368045331000076, 52.882383781000044 ], [ 6.371023789000049, 52.889859400000034 ], [ 6.362003666000021, 52.895993458000078 ], [ 6.38339957900007, 52.914573650000079 ], [ 6.369053, 52.921973499000046 ], [ 6.393538, 52.932819499000061 ], [ 6.42764150000005, 52.971793999000056 ], [ 6.413328, 52.985538499000029 ], [ 6.488213, 53.005405499000062 ], [ 6.49712560100005, 52.98893750600007 ], [ 6.487874755000064, 52.974206892000041 ], [ 6.493515589000026, 52.968353764000028 ], [ 6.489862785000071, 52.962531940000076 ], [ 6.491597972000022, 52.957892343000026 ], [ 6.48820581800004, 52.950504231000082 ], [ 6.502921932000049, 52.949251625000045 ], [ 6.533041054000023, 52.933962634000068 ], [ 6.543727804000071, 52.953409884000052 ], [ 6.561477500000024, 52.94666649900006 ], [ 6.565071500000045, 52.944980499000053 ], [ 6.575262, 52.931709499000078 ], [ 6.585828, 52.919452499000045 ], [ 6.614871, 52.918323499000053 ], [ 6.62545, 52.912811499000043 ], [ 6.641706, 52.912002499000039 ], [ 6.666734500000075, 52.909450499000059 ], [ 6.674985500000048, 52.905017499000053 ], [ 6.683069297000031, 52.883946105000064 ], [ 6.685344158000021, 52.878016406000029 ], [ 6.686374, 52.875331999000082 ], [ 6.714564, 52.868159999000056 ] ] ] ] } },
{ "type": "Feature", "properties": { "GISCO_ID": "NL_GM1734", "CNTR_CODE": "NL", "LAU_ID": "GM1734", "LAU_NAME": "Overbetuwe", "cell_coverage": [ [ 0, 0.0437, 0.1992, 0.1234, 0.2576, 0.0109, 0 ], [ 0.1005, 0.8419, 1, 1, 0.9774, 0.6428, 0.2362 ], [ 0, 0.0574, 0.7056, 0.8901, 0.9926, 0.5148, 0.0866 ], [ 0, 0, 0, 0, 0.041, 0, 0 ] ], "xmin": 5.625, "xmax": 5.916666666666667, "ymin": 51.833333333333321, "ymax": 51.999999999999986 }, "geometry": { "type": "MultiPolygon", "coordinates": [ [ [ [ 5.857146500000056, 51.895022499000049 ], [ 5.831312203000039, 51.893348419000063 ], [ 5.836991108000063, 51.884257994000052 ], [ 5.833493062000059, 51.875247002000037 ], [ 5.817139500000053, 51.870212499000047 ], [ 5.810227500000053, 51.872749499000065 ], [ 5.799972, 51.875426999000069 ], [ 5.794422500000053, 51.87634599900008 ], [ 5.772552500000074, 51.878776499000026 ], [ 5.767381, 51.879649999000037 ], [ 5.750311500000066, 51.883750999000029 ], [ 5.745805220000022, 51.884286338000038 ], [ 5.733068, 51.885799499000029 ], [ 5.727426500000036, 51.886871499000051 ], [ 5.723168, 51.887965499000074 ], [ 5.707116500000041, 51.893230499000026 ], [ 5.707984323000062, 51.899310737000064 ], [ 5.700572298000054, 51.912820520000082 ], [ 5.692508516000032, 51.918783999000027 ], [ 5.678890226000021, 51.921930587000077 ], [ 5.680838325000025, 51.931364661000032 ], [ 5.663924361000056, 51.930988690000049 ], [ 5.661591669000074, 51.934374381000055 ], [ 5.662898687000052, 51.940669289000027 ], [ 5.649954881000042, 51.942359221000061 ], [ 5.65266499300003, 51.947222068000031 ], [ 5.665807, 51.952785499000072 ], [ 5.669385500000033, 51.953686499000071 ], [ 5.67846650000007, 51.95834749900007 ], [ 5.683155500000055, 51.959426999000073 ], [ 5.706846, 51.962848499000074 ], [ 5.718366, 51.963290999000037 ], [ 5.722535500000049, 51.964103499000032 ], [ 5.731046, 51.967879999000047 ], [ 5.734573, 51.968978999000058 ], [ 5.738098, 51.969840999000041 ], [ 5.743923500000051, 51.970123499000067 ], [ 5.745805220000022, 51.969900005000056 ], [ 5.780466268000055, 51.959732796000026 ], [ 5.818502151000075, 51.971781621000048 ], [ 5.835524500000076, 51.973563999000078 ], [ 5.835336879000067, 51.965358510000044 ], [ 5.830379632000074, 51.960441973000059 ], [ 5.830090097000038, 51.945904461000055 ], [ 5.869031957000061, 51.942049120000036 ], [ 5.898031, 51.934306999000057 ], [ 5.890709302000062, 51.92612028800005 ], [ 5.895982101000072, 51.920440580000047 ], [ 5.891463173000034, 51.908555099000068 ], [ 5.874720196000055, 51.90802891800007 ], [ 5.872715378000066, 51.903568048000068 ], [ 5.874540098000068, 51.898710184000038 ], [ 5.869031957000061, 51.89711853600005 ], [ 5.85699, 51.89699549900007 ], [ 5.857146500000056, 51.895022499000049 ] ] ] ] } },
{ "type": "Feature", "properties": { "GISCO_ID": "NL_GM1740", "CNTR_CODE": "NL", "LAU_ID": "GM1740", "LAU_NAME": "Neder-Betuwe", "cell_coverage": [ [ 0.0017, 0.106, 0.1337, 0.5322, 0.6709, 0.6067, 0.1382 ], [ 0.0023, 0.566, 0.5779, 0.3807, 0.4142, 0.4514, 0.4603 ] ], "xmin": 5.4166666666666643, "xmax": 5.7083333333333313, "ymin": 51.875, "ymax": 51.958333333333321 }, "geometry": { "type": "MultiPolygon", "coordinates": [ [ [ [ 5.586777500000039, 51.950698999000053 ], [ 5.592587, 51.94916149900007 ], [ 5.601046500000052, 51.94505699900003 ], [ 5.606011500000022, 51.943248499000049 ], [ 5.634713690000069, 51.936708957000064 ], [ 5.644381209000073, 51.94385939700004 ], [ 5.64611317400005, 51.952470446000063 ], [ 5.665807, 51.952785499000072 ], [ 5.65266499300003, 51.947222068000031 ], [ 5.649954881000042, 51.942359221000061 ], [ 5.662898687000052, 51.940669289000027 ], [ 5.661591669000074, 51.934374381000055 ], [ 5.663924361000056, 51.930988690000049 ], [ 5.680838325000025, 51.931364661000032 ], [ 5.678890226000021, 51.921930587000077 ], [ 5.692508516000032, 51.918783999000027 ], [ 5.700572298000054, 51.912820520000082 ], [ 5.707984323000062, 51.899310737000064 ], [ 5.707116500000041, 51.893230499000026 ], [ 5.695556500000066, 51.895213999000077 ], [ 5.684944500000029, 51.895679499000039 ], [ 5.67419, 51.89545799900003 ], [ 5.664225500000043, 51.895862499000032 ], [ 5.642476500000043, 51.898441499000057 ], [ 5.631409500000075, 51.899276499000052 ], [ 5.620567, 51.899387499000056 ], [ 5.604560500000048, 51.899089999000068 ], [ 5.592151500000057, 51.899471499000072 ], [ 5.587019500000054, 51.899932999000043 ], [ 5.576827, 51.901500499000065 ], [ 5.568684500000074, 51.901900999000077 ], [ 5.560206, 51.901324999000053 ], [ 5.547567, 51.899623999000028 ], [ 5.541353500000071, 51.898071499000082 ], [ 5.53111750000005, 51.894790499000067 ], [ 5.522248500000046, 51.892116499000053 ], [ 5.510985500000061, 51.890174999000067 ], [ 5.503629500000045, 51.889384999000072 ], [ 5.498384, 51.889137499000071 ], [ 5.473016, 51.889415499000052 ], [ 5.464115, 51.888908499000081 ], [ 5.456431161000069, 51.902516830000081 ], [ 5.471257789000049, 51.908351136000078 ], [ 5.468690975000072, 51.919317098000079 ], [ 5.453275, 51.92275999900005 ], [ 5.48319185400004, 51.923038315000042 ], [ 5.491966225000056, 51.919271923000053 ], [ 5.507794911000076, 51.923444714000027 ], [ 5.553117839000038, 51.919164490000071 ], [ 5.554992326000047, 51.922211445000073 ], [ 5.553102538000076, 51.932509524000068 ], [ 5.540922195000064, 51.937296699000058 ], [ 5.537735028000043, 51.94227952500006 ], [ 5.57238824500007, 51.942547842000067 ], [ 5.586777500000039, 51.950698999000053 ] ] ] ] } },
{ "type": "Feature", "properties": { "GISCO_ID": "NL_GM1742", "CNTR_CODE": "NL", "LAU_ID": "GM1742", "LAU_NAME": "Rijssen-Holten", "cell_coverage": [ [ 0.0408, 0.5613, 0.7423, 0.7628, 0.7846, 0.7299, 0.1324 ], [ 0.0277, 0.5323, 0.9931, 0.8814, 0.4848, 0.2352, 0.0488 ], [ 0, 0, 0.143, 0.0274, 0, 0, 0 ] ], "xmin": 6.2916666666666643, "xmax": 6.5833333333333313, "ymin": 52.208333333333321, "ymax": 52.333333333333321 }, "geometry": { "type": "MultiPolygon", "coordinates": [ [ [ [ 6.416688, 52.242252999000073 ], [ 6.410802, 52.243034499000032 ], [ 6.405294, 52.242957999000055 ], [ 6.402172500000063, 52.243274499000051 ], [ 6.389979500000038, 52.242633999000077 ], [ 6.385974, 52.243159999000056 ], [ 6.383041, 52.24400349900003 ], [ 6.381997500000068, 52.246085999000059 ], [ 6.37677214100006, 52.252108501000066 ], [ 6.374870126000076, 52.259663644000057 ], [ 6.342722835000075, 52.274915786000065 ], [ 6.329958003000058, 52.280972005000081 ], [ 6.326621500000044, 52.30167749900005 ], [ 6.342722835000075, 52.310014290000026 ], [ 6.355815500000062, 52.318271499000048 ], [ 6.392504, 52.322334499000078 ], [ 6.403044, 52.323215499000071 ], [ 6.421877500000051, 52.325507999000081 ], [ 6.429699500000027, 52.324977999000055 ], [ 6.46097, 52.319873999000038 ], [ 6.468275500000061, 52.326434999000071 ], [ 6.498685033000072, 52.323656153000059 ], [ 6.518937185000027, 52.324903634000066 ], [ 6.526973614000042, 52.322975284000051 ], [ 6.53478919500003, 52.316193039000041 ], [ 6.545123327000056, 52.31735492100006 ], [ 6.551370647000056, 52.307041808000065 ], [ 6.553095081000038, 52.297736500000042 ], [ 6.55049821800003, 52.288248208000027 ], [ 6.553978, 52.28328299900005 ], [ 6.521089973000073, 52.283110528000066 ], [ 6.486170989000072, 52.274790678000045 ], [ 6.433400695000046, 52.252814558000068 ], [ 6.416688, 52.242252999000073 ] ] ] ] } },
{ "type": "Feature", "properties": { "GISCO_ID": "NL_GM1771", "CNTR_CODE": "NL", "LAU_ID": "GM1771", "LAU_NAME": "Geldrop-Mierlo", "cell_coverage": [ [ 0, 0.0002, 0.0046, 0 ], [ 0.1253, 0.6201, 0.8441, 0.394 ], [ 0.1084, 0.2301, 0.011, 0 ] ], "xmin": 5.5, "xmax": 5.666666666666667, "ymin": 51.375, "ymax": 51.5 }, "geometry": { "type": "MultiPolygon", "coordinates": [ [ [ [ 5.639289, 51.42250049900008 ], [ 5.595866261000026, 51.417608587000075 ], [ 5.563896458000045, 51.405481113000064 ], [ 5.525812500000029, 51.404697499000065 ], [ 5.525480353000034, 51.427318186000036 ], [ 5.530245953000076, 51.427640722000035 ], [ 5.532628166000052, 51.431774661000077 ], [ 5.541063325000039, 51.431609341000069 ], [ 5.548687, 51.434669499000051 ], [ 5.566253, 51.441463499000065 ], [ 5.571318500000075, 51.447849499000029 ], [ 5.584719500000062, 51.460506499000076 ], [ 5.611287336000032, 51.449758865000035 ], [ 5.656482, 51.456557499000041 ], [ 5.652853967000055, 51.446476765000057 ], [ 5.644168790000037, 51.43955700600003 ], [ 5.639289, 51.42250049900008 ] ] ] ] } },
{ "type": "Feature", "properties": { "GISCO_ID": "NL_GM1773", "CNTR_CODE": "NL", "LAU_ID": "GM1773", "LAU_NAME": "Olst-Wijhe", "cell_coverage": [ [ 0, 0.1313, 0.694, 0.3614, 0.0869 ], [ 0, 0.127, 0.9754, 0.9659, 0.3223 ], [ 0.0984, 0.9663, 1, 0.7999, 0.1899 ], [ 0.1189, 0.7859, 0.7146, 0.4724, 0.1954 ] ], "xmin": 6.0416666666666643, "xmax": 6.25, "ymin": 52.291666666666657, "ymax": 52.458333333333321 }, "geometry": { "type": "MultiPolygon", "coordinates": [ [ [ [ 6.077841, 52.364394999000069 ], [ 6.082197274000066, 52.371627080000053 ], [ 6.116257319000056, 52.377843403000043 ], [ 6.125714382000069, 52.385076 ], [ 6.129548992000025, 52.39922706200008 ], [ 6.112025720000076, 52.408059879000064 ], [ 6.118582948000039, 52.432928851000042 ], [ 6.109792500000026, 52.440574499000036 ], [ 6.139094611000075, 52.442120370000055 ], [ 6.147621564000076, 52.445129518000044 ], [ 6.154577500000073, 52.453181999000037 ], [ 6.160338333000027, 52.450443041000028 ], [ 6.171010774000024, 52.439346297000043 ], [ 6.17761327900007, 52.432481297000038 ], [ 6.228808507000053, 52.42230263600004 ], [ 6.223547039000039, 52.408839699000055 ], [ 6.23048873700003, 52.397568436000029 ], [ 6.229766511000037, 52.391654773000027 ], [ 6.219415191000053, 52.386437621000027 ], [ 6.20693970700006, 52.38558533500003 ], [ 6.202068548000057, 52.381114933000049 ], [ 6.200598810000031, 52.373659859000043 ], [ 6.191263506000041, 52.373979767000037 ], [ 6.189226125000062, 52.368175931000053 ], [ 6.198387551000053, 52.352727752000078 ], [ 6.222095852000052, 52.347058272000027 ], [ 6.232828288000064, 52.340968926000073 ], [ 6.235401, 52.319869999000048 ], [ 6.206832458000065, 52.320969138000066 ], [ 6.20015889900003, 52.316849643000069 ], [ 6.18281582700007, 52.31459774800004 ], [ 6.180149835000066, 52.309006443000044 ], [ 6.171010774000024, 52.307555835000073 ], [ 6.11187244100006, 52.298169034000068 ], [ 6.101319, 52.301246499000058 ], [ 6.085643443000038, 52.301441371000067 ], [ 6.083800721000046, 52.31112710900004 ], [ 6.079235692000054, 52.316909068000029 ], [ 6.067440478000037, 52.318516781000028 ], [ 6.073701, 52.330562499000052 ], [ 6.07699038100003, 52.349820214000033 ], [ 6.090917211000033, 52.357235308000043 ], [ 6.077841, 52.364394999000069 ] ] ] ] } },
{ "type": "Feature", "properties": { "GISCO_ID": "NL_GM1774", "CNTR_CODE": "NL", "LAU_ID": "GM1774", "LAU_NAME": "Dinkelland", "cell_coverage": [ [ 0, 0, 0, 0, 0, 0.091, 0, 0 ], [ 0, 0, 0.1426, 0.3668, 0.4318, 0.9197, 0.2242, 0 ], [ 0, 0, 0.3433, 1, 1, 0.9836, 0.9165, 0.3352 ], [ 0.3227, 0.7211, 0.7847, 1, 0.9674, 0.1728, 0.2105, 0.0731 ], [ 0.2277, 0.6079, 0.9017, 0.2217, 0.0348, 0, 0, 0 ], [ 0, 0, 0.2788, 0.1651, 0, 0, 0, 0 ] ], "xmin": 6.75, "xmax": 7.083333333333333, "ymin": 52.25, "ymax": 52.5 }, "geometry": { "type": "MultiPolygon", "coordinates": [ [ [ [ 6.937607, 52.332774999000037 ], [ 6.928747380000061, 52.329732835000073 ], [ 6.900784116000068, 52.332621993000032 ], [ 6.894466516000023, 52.325301584000044 ], [ 6.861156344000051, 52.304666358000077 ], [ 6.861926459000074, 52.298171912000043 ], [ 6.895457546000046, 52.292863639000075 ], [ 6.912096, 52.285475999000028 ], [ 6.88292294200005, 52.282601131000035 ], [ 6.876839802000063, 52.27545144700008 ], [ 6.869592720000071, 52.27328228600004 ], [ 6.840475500000025, 52.276283499000044 ], [ 6.85115471000006, 52.283491045000062 ], [ 6.848322921000033, 52.289324687000033 ], [ 6.821652712000059, 52.298134583000035 ], [ 6.820136231000049, 52.300572210000041 ], [ 6.824487139000041, 52.305827076000071 ], [ 6.82324533600007, 52.308341375000055 ], [ 6.802045500000077, 52.313567999000043 ], [ 6.774200424000071, 52.31915387500004 ], [ 6.762402724000026, 52.329206550000038 ], [ 6.759034, 52.332076999000037 ], [ 6.759581500000024, 52.339000499000065 ], [ 6.760539, 52.341899999000077 ], [ 6.762402724000026, 52.343263860000036 ], [ 6.775276619000067, 52.347752451000076 ], [ 6.785755305000066, 52.360247781000055 ], [ 6.817586627000026, 52.364862373000051 ], [ 6.855823387000044, 52.360815785000057 ], [ 6.862094632000037, 52.363382753000053 ], [ 6.862458669000034, 52.405012572000032 ], [ 6.852130583000076, 52.414779011000064 ], [ 6.854744502000074, 52.426965271000029 ], [ 6.898432057000036, 52.43283825900005 ], [ 6.94672046200003, 52.432829186000049 ], [ 6.947163500000045, 52.436614999000028 ], [ 6.963180105000049, 52.445075125000074 ], [ 6.977563, 52.465476499000033 ], [ 6.989419240000075, 52.46840891800008 ], [ 6.998651500000051, 52.456059999000047 ], [ 7.011528028000043, 52.429112015000044 ], [ 7.022367148000058, 52.422008045000041 ], [ 7.035866223000028, 52.403303582000035 ], [ 7.057684220000056, 52.399463008000055 ], [ 7.072438, 52.373116499000048 ], [ 7.041304, 52.368522499000051 ], [ 7.031340500000056, 52.367511499000045 ], [ 7.007698, 52.363933499000041 ], [ 6.985546, 52.372207499000069 ], [ 6.97102650000005, 52.379836999000077 ], [ 6.962496, 52.363605499000073 ], [ 6.970141, 52.348949499000071 ], [ 6.965888, 52.348476499000071 ], [ 6.962157, 52.347423499000058 ], [ 6.958665500000052, 52.345481999000071 ], [ 6.952972, 52.340625999000054 ], [ 6.951186500000063, 52.338096499000073 ], [ 6.953662500000064, 52.333907999000076 ], [ 6.945169, 52.332679499000051 ], [ 6.937607, 52.332774999000037 ] ] ] ] } },
{ "type": "Feature", "properties": { "GISCO_ID": "NL_GM1783", "CNTR_CODE": "NL", "LAU_ID": "GM1783", "LAU_NAME": "Westland", "cell_coverage": [ [ 0, 0.0869, 0, 0, 0 ], [ 0.3443, 0.9477, 0.8109, 0.6553, 0.0576 ], [ 0.3116, 0.8477, 1, 0.6957, 0.0351 ], [ 0, 0.0676, 0.2427, 0.0008, 0 ] ], "xmin": 4.125, "xmax": 4.333333333333333, "ymin": 51.916666666666657, "ymax": 52.083333333333321 }, "geometry": { "type": "MultiPolygon", "coordinates": [ [ [ [ 4.309833, 52.015655499000047 ], [ 4.266430946000071, 51.995735808000063 ], [ 4.283065542000031, 51.98676454200006 ], [ 4.288879226000063, 51.987849599000072 ], [ 4.301654650000046, 51.979688400000043 ], [ 4.285954067000034, 51.970552179000038 ], [ 4.273123386000066, 51.972407153000063 ], [ 4.275355406000074, 51.965447128000051 ], [ 4.272871304000034, 51.963674127000047 ], [ 4.235606523000058, 51.953587313000071 ], [ 4.23472463500002, 51.949711654000055 ], [ 4.240317, 51.942870999000036 ], [ 4.227576382000052, 51.946972637000044 ], [ 4.219527, 51.94140999900003 ], [ 4.192921356000056, 51.954840404000038 ], [ 4.185609474000046, 51.967453105000061 ], [ 4.148897846000068, 51.981290331000082 ], [ 4.149483605000057, 51.987789123000027 ], [ 4.135863143000051, 51.992899529000056 ], [ 4.127788500000065, 52.000542499000062 ], [ 4.198018500000046, 52.054144499000074 ], [ 4.212163091000036, 52.031623740000043 ], [ 4.234824679000042, 52.038295430000062 ], [ 4.249236448000033, 52.025940923000064 ], [ 4.271978327000056, 52.035168290000058 ], [ 4.293808217000048, 52.015868720000071 ], [ 4.307601500000033, 52.018199999000046 ], [ 4.309833, 52.015655499000047 ] ] ] ] } },
{ "type": "Feature", "properties": { "GISCO_ID": "NL_GM1842", "CNTR_CODE": "NL", "LAU_ID": "GM1842", "LAU_NAME": "Midden-Delfland", "cell_coverage": [ [ 0, 0.0336, 0.2931, 0.0152, 0 ], [ 0, 0.3043, 0.93, 0.3545, 0.1492 ], [ 0.1166, 0.7702, 0.5674, 0.1406, 0 ] ], "xmin": 4.2083333333333321, "xmax": 4.4166666666666652, "ymin": 51.916666666666657, "ymax": 52.041666666666657 }, "geometry": { "type": "MultiPolygon", "coordinates": [ [ [ [ 4.379322, 51.963393999000061 ], [ 4.365585026000076, 51.961049432000038 ], [ 4.365439439000056, 51.955160119000027 ], [ 4.350699500000076, 51.951469499000041 ], [ 4.321265174000075, 51.94154271900004 ], [ 4.292683500000066, 51.921279999000035 ], [ 4.266931551000027, 51.924929251000037 ], [ 4.240317, 51.942870999000036 ], [ 4.23472463500002, 51.949711654000055 ], [ 4.235606523000058, 51.953587313000071 ], [ 4.272871304000034, 51.963674127000047 ], [ 4.275355406000074, 51.965447128000051 ], [ 4.273123386000066, 51.972407153000063 ], [ 4.285954067000034, 51.970552179000038 ], [ 4.301654650000046, 51.979688400000043 ], [ 4.288879226000063, 51.987849599000072 ], [ 4.283065542000031, 51.98676454200006 ], [ 4.266430946000071, 51.995735808000063 ], [ 4.309833, 52.015655499000047 ], [ 4.319328376000044, 52.019109419000074 ], [ 4.325991500000043, 52.012828999000078 ], [ 4.321628649000047, 52.008859810000047 ], [ 4.323087197000063, 52.005503575000034 ], [ 4.332505781000066, 52.007185092000043 ], [ 4.339923185000032, 52.003601806000063 ], [ 4.332546302000026, 51.997446098000069 ], [ 4.331810801000074, 51.993358666000063 ], [ 4.325105361000055, 51.990141595000068 ], [ 4.337764587000038, 51.975175638000053 ], [ 4.356109133000075, 51.976776057000052 ], [ 4.360404890000041, 51.970799990000046 ], [ 4.371198543000048, 51.969385868000074 ], [ 4.383917086000054, 51.971826367000062 ], [ 4.385128082000051, 51.975771217000045 ], [ 4.393356662000031, 51.977002452000079 ], [ 4.403009, 51.966224499000077 ], [ 4.394484803000068, 51.963128746000052 ], [ 4.379322, 51.963393999000061 ] ] ] ] } },
{ "type": "Feature", "properties": { "GISCO_ID": "NL_GM1859", "CNTR_CODE": "NL", "LAU_ID": "GM1859", "LAU_NAME": "Berkelland", "cell_coverage": [ [ 0, 0, 0.0499, 0.3205, 0.2913, 0.1603, 0.0918, 0, 0, 0 ], [ 0, 0, 0.4652, 1, 1, 0.9898, 0.9969, 0.1285, 0, 0 ], [ 0.046, 0.4275, 0.6839, 1, 1, 1, 1, 0.9695, 0.8351, 0.1066 ], [ 0.1279, 0.9648, 1, 0.9952, 1, 0.6802, 0.5218, 0.6241, 0.1894, 0 ], [ 0, 0.234, 0.2695, 0.1285, 0.2724, 0.0129, 0, 0, 0, 0 ] ], "xmin": 6.375, "xmax": 6.791666666666667, "ymin": 51.999999999999986, "ymax": 52.208333333333321 }, "geometry": { "type": "MultiPolygon", "coordinates": [ [ [ [ 6.462183, 52.021697999000082 ], [ 6.440132903000062, 52.02507427200004 ], [ 6.431439967000074, 52.040372370000057 ], [ 6.414690173000054, 52.052502669000035 ], [ 6.412723127000049, 52.062765848000026 ], [ 6.401299993000066, 52.084893218000047 ], [ 6.404620557000044, 52.08823740400004 ], [ 6.415602131000071, 52.089786415000049 ], [ 6.423910500000034, 52.096805499000027 ], [ 6.454724166000062, 52.107522794000033 ], [ 6.468891369000062, 52.105706295000061 ], [ 6.475601564000044, 52.101116527000045 ], [ 6.479922198000054, 52.102723796000078 ], [ 6.482177223000065, 52.111076328000081 ], [ 6.491475293000065, 52.124518009000042 ], [ 6.481055015000038, 52.141652014000044 ], [ 6.472093068000049, 52.143864508000036 ], [ 6.46348871400005, 52.151206134000063 ], [ 6.485767328000065, 52.159030728000062 ], [ 6.493222501000048, 52.170449298000051 ], [ 6.492394500000046, 52.177669499000046 ], [ 6.515859403000036, 52.181246485000031 ], [ 6.555765127000029, 52.177431069000079 ], [ 6.590709821000075, 52.181812970000067 ], [ 6.604109769000047, 52.174446415000034 ], [ 6.604576006000059, 52.167981893000047 ], [ 6.611618263000025, 52.163510969000072 ], [ 6.630128887000069, 52.17284976600007 ], [ 6.640365773000042, 52.168450363000034 ], [ 6.645090500000038, 52.174262999000064 ], [ 6.673204783000074, 52.162895262000063 ], [ 6.67373165500004, 52.142640673000074 ], [ 6.664507248000064, 52.129729702000077 ], [ 6.716792490000046, 52.118361904000039 ], [ 6.760465, 52.118569499000046 ], [ 6.756910244000039, 52.098677544000054 ], [ 6.745395533000021, 52.092719013000078 ], [ 6.750277292000021, 52.086519243000055 ], [ 6.749092290000021, 52.083410165000032 ], [ 6.734978356000056, 52.074868351000077 ], [ 6.696424192000052, 52.070084437000048 ], [ 6.687683966000066, 52.055500132000077 ], [ 6.687805, 52.044441499000072 ], [ 6.663421233000065, 52.051334869000073 ], [ 6.663081611000052, 52.057988845000068 ], [ 6.657723030000056, 52.062953426000036 ], [ 6.647069162000037, 52.064606498000046 ], [ 6.635608672000046, 52.057768311000075 ], [ 6.632743247000064, 52.059552888000042 ], [ 6.635522719000051, 52.063930815000049 ], [ 6.612620785000047, 52.067523751000067 ], [ 6.607037356000035, 52.065014839000071 ], [ 6.604555494000067, 52.051823646000059 ], [ 6.597337004000053, 52.047708766000028 ], [ 6.595041698000045, 52.042876665000051 ], [ 6.573755019000032, 52.031957294000051 ], [ 6.539198867000039, 52.025794071000064 ], [ 6.518884569000022, 52.041028227000027 ], [ 6.508626712000023, 52.043388962000051 ], [ 6.500117291000038, 52.036794525000062 ], [ 6.491663019000043, 52.037566982000044 ], [ 6.462183, 52.021697999000082 ] ] ] ] } },
{ "type": "Feature", "properties": { "GISCO_ID": "NL_GM1876", "CNTR_CODE": "NL", "LAU_ID": "GM1876", "LAU_NAME": "Bronckhorst", "cell_coverage": [ [ 0, 0, 0, 0, 0.0013, 0.1829, 0.1727, 0.0371, 0, 0 ], [ 0, 0, 0.1585, 0.5235, 0.7937, 1, 0.9993, 0.7172, 0.0205, 0 ], [ 0.0644, 0.5418, 0.9819, 1, 1, 1, 1, 0.8721, 0.0352, 0 ], [ 0.0457, 0.1632, 0.8981, 1, 1, 1, 1, 1, 0.766, 0.0559 ], [ 0, 0.0636, 0.4903, 0.4765, 0.3236, 0.2244, 0.6102, 0.5896, 0.6796, 0.1342 ] ], "xmin": 6.0833333333333321, "xmax": 6.5, "ymin": 51.958333333333321, "ymax": 52.166666666666657 }, "geometry": { "type": "MultiPolygon", "coordinates": [ [ [ [ 6.423910500000034, 52.096805499000027 ], [ 6.415602131000071, 52.089786415000049 ], [ 6.404620557000044, 52.08823740400004 ], [ 6.401299993000066, 52.084893218000047 ], [ 6.412723127000049, 52.062765848000026 ], [ 6.414690173000054, 52.052502669000035 ], [ 6.431439967000074, 52.040372370000057 ], [ 6.440132903000062, 52.02507427200004 ], [ 6.462183, 52.021697999000082 ], [ 6.460308345000044, 52.018493502000069 ], [ 6.46452221100003, 52.008144851000054 ], [ 6.461498970000036, 52.005822629000079 ], [ 6.466171879000058, 52.000857144000065 ], [ 6.460027690000061, 51.996315868000067 ], [ 6.474660390000054, 51.987747826000032 ], [ 6.467657, 51.97814949900004 ], [ 6.44799818100006, 51.970340170000043 ], [ 6.416063500000064, 51.972606499000051 ], [ 6.402292095000064, 51.981420678000063 ], [ 6.384788294000032, 51.977881461000038 ], [ 6.389635411000029, 51.971604223000043 ], [ 6.387189681000052, 51.968302225000059 ], [ 6.367035568000063, 51.969166236000035 ], [ 6.368190491000064, 51.975910911000028 ], [ 6.342722835000075, 51.975672950000046 ], [ 6.32971996200007, 51.975551456000062 ], [ 6.334271929000067, 51.986005851000073 ], [ 6.317512016000023, 51.994131139000046 ], [ 6.296872970000038, 51.98916801200005 ], [ 6.291040480000049, 51.992413113000055 ], [ 6.271213034000027, 51.983945395000035 ], [ 6.252273482000021, 51.987448848000042 ], [ 6.249183103000064, 51.984423971000069 ], [ 6.256037376000052, 51.982184504000031 ], [ 6.249344719000021, 51.976830759000052 ], [ 6.228481478000049, 51.987108110000065 ], [ 6.223895743000071, 51.984528167000065 ], [ 6.230563060000065, 51.980777471000067 ], [ 6.228472510000074, 51.977456547000031 ], [ 6.171010774000024, 51.980421450000051 ], [ 6.159817500000031, 51.980998999000064 ], [ 6.161918704000072, 51.991237460000036 ], [ 6.160109, 51.999648999000044 ], [ 6.15654171400007, 52.004775158000029 ], [ 6.161480589000064, 52.012856014000079 ], [ 6.171010774000024, 52.017938472000026 ], [ 6.176074634000031, 52.020639034000055 ], [ 6.174908152000057, 52.038315473000068 ], [ 6.171010774000024, 52.038007409000045 ], [ 6.163008166000054, 52.037374851000038 ], [ 6.149286182000026, 52.041349404000073 ], [ 6.138602008000021, 52.035571265000044 ], [ 6.123818500000027, 52.033977499000059 ], [ 6.115774, 52.036163499000054 ], [ 6.112077, 52.038966999000081 ], [ 6.110770500000058, 52.041087999000069 ], [ 6.111928500000033, 52.045371999000054 ], [ 6.114037500000052, 52.047553999000058 ], [ 6.119260500000053, 52.050925999000071 ], [ 6.122538, 52.052417999000056 ], [ 6.131467500000042, 52.055442999000036 ], [ 6.13520950000003, 52.057292999000026 ], [ 6.137396500000023, 52.059119999000075 ], [ 6.140573500000073, 52.062034499000049 ], [ 6.148129500000039, 52.06475049900007 ], [ 6.151604500000076, 52.068092499000045 ], [ 6.156504, 52.070354499000075 ], [ 6.160010500000055, 52.073035999000069 ], [ 6.162174, 52.074001499000076 ], [ 6.1662, 52.07508449900007 ], [ 6.168291, 52.07625149900008 ], [ 6.170003, 52.077892499000029 ], [ 6.171010774000024, 52.079644272000053 ], [ 6.17726224200004, 52.090670467000052 ], [ 6.210183590000042, 52.09284810500003 ], [ 6.217916, 52.097865999000078 ], [ 6.22350429100004, 52.100652804000049 ], [ 6.223397178000027, 52.106339246000061 ], [ 6.236083201000042, 52.113109462000068 ], [ 6.257207731000051, 52.11054415600006 ], [ 6.269486529000062, 52.11206075900003 ], [ 6.279387734000068, 52.122309150000035 ], [ 6.328283500000055, 52.137714499000026 ], [ 6.342722835000075, 52.136527866000051 ], [ 6.356382913000061, 52.13540527300006 ], [ 6.360080511000035, 52.128161864000049 ], [ 6.367931505000058, 52.12438669900007 ], [ 6.393953389000046, 52.130924548000053 ], [ 6.392858370000056, 52.123884912000051 ], [ 6.397378475000039, 52.117613691000031 ], [ 6.393043545000069, 52.112664893000044 ], [ 6.423910500000034, 52.096805499000027 ] ], [ [ 6.214463370000033, 52.095544768000082 ], [ 6.215747211000064, 52.090910629000064 ], [ 6.220509415000038, 52.090826161000052 ], [ 6.220377965000068, 52.09584906300006 ], [ 6.214463370000033, 52.095544768000082 ] ] ] ] } },
{ "type": "Feature", "properties": { "GISCO_ID": "NL_GM1883", "CNTR_CODE": "NL", "LAU_ID": "GM1883", "LAU_NAME": "Sittard-Geleen", "cell_coverage": [ [ 0.2428, 0.4588, 0.0456, 0 ], [ 0.4411, 1, 0.8446, 0.2107 ], [ 0.1569, 1, 0.8652, 0.446 ], [ 0.0232, 0.186, 0.0393, 0 ] ], "xmin": 5.75, "xmax": 5.916666666666667, "ymin": 50.916666666666657, "ymax": 51.083333333333321 }, "geometry": { "type": "MultiPolygon", "coordinates": [ [ [ [ 5.788206, 50.948741999000049 ], [ 5.784468857000036, 50.967769865000037 ], [ 5.785940467000046, 50.974747010000044 ], [ 5.782558909000045, 50.984625526000059 ], [ 5.788485844000036, 51.000107695000054 ], [ 5.77596567300003, 51.004885793000028 ], [ 5.785991830000057, 51.018364413000029 ], [ 5.773411500000066, 51.018817499000079 ], [ 5.77570041000007, 51.02211055500004 ], [ 5.774344097000039, 51.025681891000033 ], [ 5.760721240000066, 51.030660139000076 ], [ 5.758785952000039, 51.033263889000068 ], [ 5.770977526000024, 51.050863939000067 ], [ 5.772464649000028, 51.060848938000049 ], [ 5.778226130000064, 51.062637323000047 ], [ 5.790055939000069, 51.059121865000066 ], [ 5.798274, 51.059853499000042 ], [ 5.808261034000054, 51.059116076000066 ], [ 5.81850963200003, 51.071176004000051 ], [ 5.822748336000075, 51.072330648000047 ], [ 5.827992681000069, 51.048430820000078 ], [ 5.848518888000058, 51.045527958000037 ], [ 5.852011838000067, 51.039326944000038 ], [ 5.850242233000074, 51.034709570000075 ], [ 5.85408288800005, 51.02941179700008 ], [ 5.869031957000061, 51.030366754000056 ], [ 5.877085, 51.032100999000079 ], [ 5.875426062000031, 51.028224278000039 ], [ 5.880503156000032, 51.016631916000051 ], [ 5.894249202000026, 51.011348888000043 ], [ 5.896578595000051, 51.00475335200008 ], [ 5.904824722000058, 51.001192278000076 ], [ 5.903234582000039, 50.987674911000056 ], [ 5.89380170000004, 50.98007311300006 ], [ 5.897198, 50.974845499000025 ], [ 5.876481665000028, 50.963707019000026 ], [ 5.869031957000061, 50.96640186500008 ], [ 5.865113632000032, 50.964640621000058 ], [ 5.851821972000039, 50.967240040000036 ], [ 5.844135219000066, 50.96359271700004 ], [ 5.840242998000065, 50.95737613600005 ], [ 5.839992500000051, 50.950305999000079 ], [ 5.835162987000047, 50.947026189000042 ], [ 5.813072810000051, 50.953707337000026 ], [ 5.803232499000046, 50.948852081000041 ], [ 5.79426907800007, 50.950682956000037 ], [ 5.788206, 50.948741999000049 ] ] ] ] } },
{ "type": "Feature", "properties": { "GISCO_ID": "NL_GM1884", "CNTR_CODE": "NL", "LAU_ID": "GM1884", "LAU_NAME": "Kaag en Braassem", "cell_coverage": [ [ 0, 0.1487, 0.1752, 0.3083, 0.5185, 0.2165 ], [ 0.0121, 0.8681, 1, 1, 0.6282, 0.0401 ], [ 0, 0.1514, 0.2286, 0.1221, 0.0287, 0 ] ], "xmin": 4.5, "xmax": 4.75, "ymin": 52.125, "ymax": 52.25 }, "geometry": { "type": "MultiPolygon", "coordinates": [ [ [ [ 4.538155500000073, 52.180053499000053 ], [ 4.547056888000043, 52.197986297000057 ], [ 4.556304973000067, 52.198208781000062 ], [ 4.560212549000028, 52.201917086000037 ], [ 4.555465781000066, 52.212496370000054 ], [ 4.557989500000076, 52.218887499000061 ], [ 4.570877, 52.216994999000065 ], [ 4.573896, 52.217269999000052 ], [ 4.581386500000065, 52.218780999000046 ], [ 4.58355350000005, 52.21890649900007 ], [ 4.602580500000045, 52.214638499000046 ], [ 4.618068500000049, 52.214442999000028 ], [ 4.632223, 52.216079999000044 ], [ 4.644316500000059, 52.220512499000051 ], [ 4.647292, 52.221252499000059 ], [ 4.658608, 52.226108499000077 ], [ 4.66479350000003, 52.227435999000079 ], [ 4.670348, 52.230754999000055 ], [ 4.679485615000033, 52.226146492000055 ], [ 4.703098384000043, 52.233474872000045 ], [ 4.722053285000072, 52.23225261400006 ], [ 4.723764, 52.216573499000049 ], [ 4.728766, 52.209819499000048 ], [ 4.723839688000055, 52.21052854900006 ], [ 4.719881369000063, 52.202062023000053 ], [ 4.707974509000053, 52.204206490000047 ], [ 4.695808245000023, 52.19033958700004 ], [ 4.689105792000021, 52.190805915000055 ], [ 4.681166500000074, 52.167514999000048 ], [ 4.67748391300006, 52.162755030000028 ], [ 4.641641691000075, 52.16178708700005 ], [ 4.57163550000007, 52.153106499000046 ], [ 4.559112500000026, 52.164826801000061 ], [ 4.548670681000033, 52.165491819000067 ], [ 4.538155500000073, 52.180053499000053 ] ] ] ] } },
{ "type": "Feature", "properties": { "GISCO_ID": "NL_GM1891", "CNTR_CODE": "NL", "LAU_ID": "GM1891", "LAU_NAME": "Dantumadiel", "cell_coverage": [ [ 0.1338, 0.5874, 0.5023, 0.5997, 0.5527 ], [ 0.3585, 0.948, 1, 1, 0.2196 ], [ 0, 0.1008, 0.4715, 0.2369, 0.0118 ] ], "xmin": 5.875, "xmax": 6.083333333333333, "ymin": 53.208333333333321, "ymax": 53.333333333333321 }, "geometry": { "type": "MultiPolygon", "coordinates": [ [ [ [ 6.02003250000007, 53.240958999000043 ], [ 5.981201413000065, 53.229450584000062 ], [ 5.958085393000033, 53.228143543000044 ], [ 5.942576443000064, 53.249990559000082 ], [ 5.92761030500003, 53.252291253000067 ], [ 5.923056709000036, 53.256920897000043 ], [ 5.904319674000021, 53.264193209000041 ], [ 5.882314500000064, 53.276778999000044 ], [ 5.905457530000035, 53.287903457000027 ], [ 5.898706633000074, 53.302466141000082 ], [ 5.924622510000063, 53.312978052000062 ], [ 5.957694660000072, 53.321403652000072 ], [ 5.971275583000022, 53.319955377000042 ], [ 5.972881254000072, 53.311758766000082 ], [ 5.97873407700007, 53.307754698000053 ], [ 6.018220504000055, 53.309516298000062 ], [ 6.022279792000063, 53.321521493000034 ], [ 6.027006748000076, 53.324424488000034 ], [ 6.072777121000058, 53.323706300000026 ], [ 6.071030677000067, 53.295021222000059 ], [ 6.054776483000069, 53.288480674000027 ], [ 6.043991500000061, 53.24351499900007 ], [ 6.02003250000007, 53.240958999000043 ] ] ] ] } },
{ "type": "Feature", "properties": { "GISCO_ID": "NL_GM1892", "CNTR_CODE": "NL", "LAU_ID": "GM1892", "LAU_NAME": "Zuidplas", "cell_coverage": [ [ 0.2028, 0.2951, 0, 0 ], [ 0.6159, 0.7064, 0.4121, 0.0093 ], [ 0.4893, 0.7989, 0.7107, 0.136 ], [ 0, 0.2905, 0.1737, 0 ] ], "xmin": 4.5416666666666643, "xmax": 4.7083333333333313, "ymin": 51.916666666666657, "ymax": 52.083333333333321 }, "geometry": { "type": "MultiPolygon", "coordinates": [ [ [ [ 4.583835, 51.965507499000068 ], [ 4.59865278500007, 51.971918199000072 ], [ 4.594586467000056, 51.976660105000065 ], [ 4.598085345000072, 51.987913744000082 ], [ 4.594050284000048, 51.993557070000065 ], [ 4.57997186800003, 51.989664215000062 ], [ 4.577945192000072, 51.981548007000072 ], [ 4.571292017000076, 51.978480550000029 ], [ 4.572390594000069, 51.972567260000062 ], [ 4.556733313000052, 51.968965906000051 ], [ 4.547514, 51.972770499000035 ], [ 4.552957585000058, 51.977869862000034 ], [ 4.548152602000073, 51.984569778000036 ], [ 4.547012037000059, 51.992581308000069 ], [ 4.555996115000028, 52.010057963000065 ], [ 4.558326043000022, 52.028331963000028 ], [ 4.562774512000033, 52.036171995000075 ], [ 4.565002, 52.05859749900003 ], [ 4.607465, 52.065559499000074 ], [ 4.606244567000033, 52.051458728000057 ], [ 4.609677115000068, 52.047777032000056 ], [ 4.592789667000034, 52.034249099000078 ], [ 4.627060346000064, 52.014093111000079 ], [ 4.637367950000055, 52.012351477000038 ], [ 4.649867148000055, 52.020351737000055 ], [ 4.662151576000042, 52.023288354000044 ], [ 4.667109251000056, 52.021312481000052 ], [ 4.667034, 52.012744499000064 ], [ 4.661475584000073, 52.004240121000066 ], [ 4.688698, 51.996238499000071 ], [ 4.673923105000028, 51.986404176000065 ], [ 4.668523680000021, 51.97921500700005 ], [ 4.633327352000038, 51.969830234000028 ], [ 4.633008179000058, 51.966447315000039 ], [ 4.644955518000074, 51.954325340000082 ], [ 4.639445730000034, 51.949979664000068 ], [ 4.633550977000027, 51.937406088000046 ], [ 4.619478, 51.933479499000043 ], [ 4.601788136000039, 51.946270745000049 ], [ 4.599617532000025, 51.951781910000079 ], [ 4.583835, 51.965507499000068 ] ] ] ] } },
{ "type": "Feature", "properties": { "GISCO_ID": "NL_GM1894", "CNTR_CODE": "NL", "LAU_ID": "GM1894", "LAU_NAME": "Peel en Maas", "cell_coverage": [ [ 0, 0, 0.0011, 0.1638, 0.079, 0.1915, 0.4055, 0.0189 ], [ 0.0008, 0.3714, 0.7579, 1, 1, 1, 1, 0.5504 ], [ 0, 0.2459, 0.5002, 0.6879, 0.9682, 1, 0.9832, 0.4772 ], [ 0, 0, 0, 0, 0.0814, 0.456, 0.0597, 0 ] ], "xmin": 5.7916666666666643, "xmax": 6.125, "ymin": 51.25, "ymax": 51.416666666666657 }, "geometry": { "type": "MultiPolygon", "coordinates": [ [ [ [ 6.073122, 51.395732999000074 ], [ 6.089990615000033, 51.387942119000058 ], [ 6.079346698000052, 51.377089157000057 ], [ 6.091097412000067, 51.370964400000048 ], [ 6.099780843000076, 51.357758944000068 ], [ 6.107901703000039, 51.355118232000052 ], [ 6.122027078000031, 51.343549411000026 ], [ 6.11736012800003, 51.338573259000043 ], [ 6.117727083000034, 51.330047936000028 ], [ 6.114363008000055, 51.321907818000057 ], [ 6.102778055000044, 51.309029199000065 ], [ 6.084910500000035, 51.297237499000062 ], [ 6.06637267900004, 51.289570125000068 ], [ 6.057826510000041, 51.289927992000059 ], [ 6.047764544000074, 51.286283040000058 ], [ 6.032222961000059, 51.275181595000049 ], [ 6.025491524000074, 51.266848791000029 ], [ 6.01035950000005, 51.265952999000035 ], [ 6.009937087000026, 51.272986265000043 ], [ 6.006147955000074, 51.278000717000054 ], [ 5.956678059000069, 51.299263761000077 ], [ 5.914636027000029, 51.311130716000037 ], [ 5.904631183000049, 51.309592710000061 ], [ 5.877366500000051, 51.316474999000036 ], [ 5.869031957000061, 51.317850983000028 ], [ 5.85209, 51.320647999000073 ], [ 5.832129, 51.337939999000071 ], [ 5.840245500000037, 51.346923999000069 ], [ 5.870371500000033, 51.352523999000027 ], [ 5.874235500000054, 51.353214499000046 ], [ 5.895950500000026, 51.364925499000037 ], [ 5.931195500000058, 51.384604999000032 ], [ 5.933496578000074, 51.384396910000078 ], [ 5.947263, 51.383151999000063 ], [ 5.957763500000056, 51.378158499000051 ], [ 5.989267500000039, 51.378143499000032 ], [ 6.00677950000005, 51.379932499000063 ], [ 6.010352524000041, 51.380567744000075 ], [ 6.017463500000076, 51.381831999000042 ], [ 6.073122, 51.395732999000074 ] ] ] ] } },
{ "type": "Feature", "properties": { "GISCO_ID": "NL_GM1895", "CNTR_CODE": "NL", "LAU_ID": "GM1895", "LAU_NAME": "Oldambt", "cell_coverage": [ [ 0, 0.0292, 0.3053, 0.239, 0.0372, 0.0791, 0.004, 0, 0 ], [ 0.0554, 0.7627, 1, 1, 0.9521, 1, 0.931, 0.7616, 0.086 ], [ 0.0607, 0.9387, 1, 1, 1, 1, 1, 0.9542, 0.1198 ], [ 0, 0.1401, 0.9948, 1, 0.7625, 0.5092, 0.2872, 0.2049, 0 ], [ 0, 0, 0.1997, 0.2018, 0.0013, 0, 0, 0, 0 ] ], "xmin": 6.875, "xmax": 7.25, "ymin": 53.083333333333321, "ymax": 53.291666666666657 }, "geometry": { "type": "MultiPolygon", "coordinates": [ [ [ [ 6.911510500000077, 53.242969499000026 ], [ 6.928728351000075, 53.237718182000037 ], [ 6.936812974000077, 53.243264178000061 ], [ 6.943902630000025, 53.243486879000045 ], [ 6.953509495000048, 53.25661692400007 ], [ 6.995925681000074, 53.266799246000062 ], [ 7.012198857000044, 53.266334036000046 ], [ 7.014384041000028, 53.260034265000058 ], [ 7.022004468000034, 53.253915531000075 ], [ 7.040613590000021, 53.259210704000054 ], [ 7.067590170000074, 53.243080478000081 ], [ 7.092712500000061, 53.257017499000028 ], [ 7.104871722000041, 53.252614854000058 ], [ 7.134039619000021, 53.250403470000037 ], [ 7.144348080000043, 53.246126464000042 ], [ 7.162420036000071, 53.24512396700004 ], [ 7.197107084000038, 53.237460404000046 ], [ 7.205498816000045, 53.23741480700005 ], [ 7.208935, 53.24306449900007 ], [ 7.216022380000027, 53.209857139000064 ], [ 7.217274965000058, 53.203988251000055 ], [ 7.210137437000071, 53.188917332000074 ], [ 7.221608049000054, 53.180613257000061 ], [ 7.202718897000068, 53.174700600000051 ], [ 7.19228968300007, 53.163273565000054 ], [ 7.18918050000002, 53.154935999000031 ], [ 7.179909319000046, 53.153605902000038 ], [ 7.17294662200004, 53.148773320000032 ], [ 7.145928581000021, 53.159912517000066 ], [ 7.13809932700002, 53.153882458000055 ], [ 7.115020707000042, 53.146915358000058 ], [ 7.106141859000047, 53.144234963000031 ], [ 7.081989910000061, 53.143952240000033 ], [ 7.052071281000053, 53.130467767000027 ], [ 7.029996500000038, 53.115161999000065 ], [ 6.989831246000051, 53.116259980000052 ], [ 6.980982538000035, 53.118894306000072 ], [ 6.965328, 53.110873999000034 ], [ 6.953649556000073, 53.146915358000058 ], [ 6.950042352000025, 53.158047711000052 ], [ 6.944173589000059, 53.159816455000055 ], [ 6.940942784000072, 53.166026686000066 ], [ 6.931305505000068, 53.165722680000044 ], [ 6.926977568000041, 53.168707798000071 ], [ 6.906596841000066, 53.167605428000059 ], [ 6.916432134000047, 53.188573887000075 ], [ 6.923851482000032, 53.192693434000034 ], [ 6.917714795000052, 53.196724360000076 ], [ 6.923413604000075, 53.204126631000065 ], [ 6.922119764000058, 53.208076153000036 ], [ 6.92442774500006, 53.209857139000064 ], [ 6.928257999000039, 53.21281280900007 ], [ 6.92148687200006, 53.225664842000072 ], [ 6.911526876000039, 53.22758000400006 ], [ 6.909127343000023, 53.234107648000077 ], [ 6.911510500000077, 53.242969499000026 ] ] ] ] } },
{ "type": "Feature", "properties": { "GISCO_ID": "NL_GM1896", "CNTR_CODE": "NL", "LAU_ID": "GM1896", "LAU_NAME": "Zwartewaterland", "cell_coverage": [ [ 0, 0, 0, 0.0013, 0 ], [ 0.0654, 0.4152, 0.703, 0.4407, 0 ], [ 0.4312, 0.9959, 1, 0.7042, 0.0163 ], [ 0.04, 0.2448, 0.5233, 0.573, 0.5508 ] ], "xmin": 5.9583333333333321, "xmax": 6.1666666666666652, "ymin": 52.541666666666657, "ymax": 52.708333333333321 }, "geometry": { "type": "MultiPolygon", "coordinates": [ [ [ [ 5.981053, 52.628307499000073 ], [ 6.007715942000061, 52.636805653000067 ], [ 6.017299500000036, 52.643230499000026 ], [ 6.023098363000031, 52.641878280000071 ], [ 6.038617050000028, 52.649258256000053 ], [ 6.055216494000035, 52.650563373000068 ], [ 6.085620943000038, 52.663064816000031 ], [ 6.09561224600003, 52.664243748000047 ], [ 6.100782855000034, 52.661769648000075 ], [ 6.119562500000029, 52.667922999000041 ], [ 6.118465923000031, 52.664275685000064 ], [ 6.104906057000051, 52.656209677000049 ], [ 6.101882448000026, 52.641564878000054 ], [ 6.096515932000045, 52.633433868000054 ], [ 6.097990425000035, 52.626957730000072 ], [ 6.103718542000024, 52.624725849000072 ], [ 6.105942046000052, 52.620215747000032 ], [ 6.104398958000047, 52.60510673400006 ], [ 6.121708993000027, 52.595934924000062 ], [ 6.126730532000067, 52.588935560000039 ], [ 6.131710922000025, 52.581993552000029 ], [ 6.147552, 52.584387999000057 ], [ 6.156709, 52.581076520000067 ], [ 6.165761026000041, 52.565606083000034 ], [ 6.141169674000025, 52.552764640000078 ], [ 6.118395556000053, 52.557620597000039 ], [ 6.110971076000055, 52.561420797000039 ], [ 6.107443940000053, 52.567283428000053 ], [ 6.102628511000034, 52.566206093000062 ], [ 6.089012367000066, 52.552431676000026 ], [ 6.070107541000027, 52.559109205000027 ], [ 6.062128365000035, 52.566628724000054 ], [ 6.033025500000065, 52.559379499000045 ], [ 6.013097221000066, 52.585041886000056 ], [ 6.010352524000041, 52.584371721000082 ], [ 5.984777737000059, 52.578127192000068 ], [ 5.980482968000047, 52.580835880000052 ], [ 5.975611984000068, 52.588935560000039 ], [ 5.972276989000022, 52.594481132000055 ], [ 5.99036374800005, 52.613652198000068 ], [ 5.99151843900006, 52.619176800000048 ], [ 5.981053, 52.628307499000073 ] ] ] ] } },
{ "type": "Feature", "properties": { "GISCO_ID": "NL_GM1900", "CNTR_CODE": "NL", "LAU_ID": "GM1900", "LAU_NAME": "Súdwest-Fryslân", "cell_coverage": [ [ 0, 0, 0, 0, 0, 0, 0.135, 0.6311, 0.4287, 0.4316, 0.209, 0.1517, 0.0105, 0.0327, 0.0001, 0.0008 ], [ 0, 0, 0, 0, 0, 0.0752, 0.7813, 1, 1, 1, 1, 1, 0.8795, 0.9456, 0.9239, 0.4346 ], [ 0, 0, 0.0114, 0.3746, 0.733, 0.9475, 1, 1, 1, 1, 1, 1, 1, 1, 1, 0.4109 ], [ 0.0017, 0.3156, 0.8337, 1, 1, 1, 1, 1, 1, 1, 1, 1, 1, 1, 0.7557, 3.2107e-07 ], [ 0.0005, 0.6947, 1, 1, 1, 1, 1, 1, 1, 1, 1, 1, 1, 0.6993, 0.0593, 0 ], [ 0, 0.1489, 0.979, 1, 1, 1, 1, 1, 0.9998, 0.6926, 0.409, 0.9315, 0.6853, 0.3041, 0, 0 ], [ 0, 0, 0.5652, 1, 1, 1, 1, 1, 0.7616, 0.0003, 0, 0.0018, 0, 0, 0, 0 ], [ 0, 0, 0.0353, 0.6292, 1, 1, 0.9909, 0.3872, 0.0656, 0, 0, 0, 0, 0, 0, 0 ], [ 0, 0, 0, 0.0003, 0.4175, 0.6833, 0.1742, 0, 0, 0, 0, 0, 0, 0, 0, 0 ] ], "xmin": 5.125, "xmax": 5.791666666666667, "ymin": 52.791666666666657, "ymax": 53.166666666666657 }, "geometry": { "type": "MultiPolygon", "coordinates": [ [ [ [ 5.637345, 53.124123999000062 ], [ 5.655963099000076, 53.113069084000074 ], [ 5.675488036000047, 53.126333980000027 ], [ 5.686828376000051, 53.129388040000038 ], [ 5.694334338000033, 53.126529981000033 ], [ 5.700616149000041, 53.116692550000039 ], [ 5.724064585000065, 53.122760434000043 ], [ 5.734812111000053, 53.12076305800008 ], [ 5.751999989000069, 53.125889960000052 ], [ 5.757899414000065, 53.113707041000055 ], [ 5.771011270000031, 53.103360332000079 ], [ 5.786222136000049, 53.098144497000078 ], [ 5.772970038000039, 53.089653181000074 ], [ 5.773244727000076, 53.083530096000061 ], [ 5.767075292000072, 53.079955018000078 ], [ 5.774799537000035, 53.068064218000075 ], [ 5.762884412000062, 53.060278200000027 ], [ 5.771412, 53.047197999000048 ], [ 5.76062974000007, 53.046460250000052 ], [ 5.754994784000075, 53.046074693000037 ], [ 5.736815730000046, 53.029916637000042 ], [ 5.733814824000035, 53.015932785000075 ], [ 5.747042107000027, 53.008126046000029 ], [ 5.741369167000073, 53.002342137000028 ], [ 5.721506355000031, 52.998190919000081 ], [ 5.705360969000026, 52.984938660000068 ], [ 5.689746455000034, 52.986468653000031 ], [ 5.688155465000023, 52.933691599000042 ], [ 5.643782588000022, 52.935738158000049 ], [ 5.638594442000056, 52.921986077000042 ], [ 5.59619162100006, 52.915753359000064 ], [ 5.572215114000073, 52.942672916000049 ], [ 5.565186409000034, 52.94678351500005 ], [ 5.519331475000058, 52.930321973000048 ], [ 5.478089256000032, 52.902766937000081 ], [ 5.492205818000059, 52.890553411000042 ], [ 5.491718698000057, 52.884955066000032 ], [ 5.493605971000022, 52.883946105000064 ], [ 5.500755791000074, 52.88012371700006 ], [ 5.49870896300007, 52.878016406000029 ], [ 5.49445610500004, 52.873637879000057 ], [ 5.477687195000044, 52.869465619000039 ], [ 5.471402602000069, 52.872489488000042 ], [ 5.430240697000045, 52.873925434000057 ], [ 5.437049983000065, 52.862160796000069 ], [ 5.439718743000071, 52.849531998000032 ], [ 5.403420828000037, 52.830443095000078 ], [ 5.359626424000055, 52.807411825000031 ], [ 5.337842, 52.795955499000058 ], [ 5.294103394000047, 52.830443095000078 ], [ 5.281179500000064, 52.840633499000035 ], [ 5.25954770200002, 52.857648746000052 ], [ 5.238682500000039, 52.874060999000051 ], [ 5.236460491000059, 52.878016406000029 ], [ 5.233129395000049, 52.883946105000064 ], [ 5.21506450000004, 52.91610349900003 ], [ 5.170660023000039, 52.994877648000056 ], [ 5.164383500000042, 53.000910499000042 ], [ 5.250407241000062, 53.046460250000052 ], [ 5.291207774000043, 53.068064218000075 ], [ 5.345570615000042, 53.078646672000048 ], [ 5.373035566000055, 53.094403662000047 ], [ 5.377869821000047, 53.099400578000029 ], [ 5.379388539000047, 53.10832651700008 ], [ 5.39608714700006, 53.115279919000045 ], [ 5.40398615600003, 53.122415173000036 ], [ 5.410040160000051, 53.146915358000058 ], [ 5.41122850000005, 53.151724499000068 ], [ 5.434506653000028, 53.153060448000076 ], [ 5.461583288000043, 53.146915358000058 ], [ 5.465174728000022, 53.143939017000037 ], [ 5.4721, 53.14658349900003 ], [ 5.483678821000069, 53.141328412000064 ], [ 5.484582698000054, 53.137707164000062 ], [ 5.494631974000072, 53.141358424000032 ], [ 5.504809996000063, 53.135444472000074 ], [ 5.511700630000064, 53.138345549000064 ], [ 5.51287863500005, 53.14548497800007 ], [ 5.529827809000039, 53.146915358000058 ], [ 5.532460671000024, 53.146915358000058 ], [ 5.551979088000053, 53.13384975300005 ], [ 5.558611024000072, 53.134331804000055 ], [ 5.568868584000029, 53.129943292000064 ], [ 5.579069807000053, 53.133616658000051 ], [ 5.597263036000072, 53.126953339000067 ], [ 5.621890535000034, 53.137053922000064 ], [ 5.626758405000032, 53.127659412000071 ], [ 5.637345, 53.124123999000062 ] ] ] ] } },
{ "type": "Feature", "properties": { "GISCO_ID": "NL_GM1901", "CNTR_CODE": "NL", "LAU_ID": "GM1901", "LAU_NAME": "Bodegraven-Reeuwijk", "cell_coverage": [ [ 0, 0.0001, 0.4282, 0.755, 0.5979, 0 ], [ 0.0162, 0.5541, 0.985, 1, 0.9282, 0.2291 ], [ 0, 0.0073, 0.3528, 0.6476, 0.2199, 0 ] ], "xmin": 4.625, "xmax": 4.875, "ymin": 51.999999999999986, "ymax": 52.125 }, "geometry": { "type": "MultiPolygon", "coordinates": [ [ [ [ 4.792076, 52.122359999000082 ], [ 4.823896226000045, 52.107377606000057 ], [ 4.825818842000047, 52.077547053000046 ], [ 4.833052710000061, 52.073631349000038 ], [ 4.83254874000005, 52.068076966000035 ], [ 4.873181, 52.068732999000076 ], [ 4.868229, 52.063510999000073 ], [ 4.830478225000036, 52.050153277000049 ], [ 4.818257981000045, 52.038002926000047 ], [ 4.807847729000059, 52.032810319000077 ], [ 4.80874702400007, 52.026712888000077 ], [ 4.798712500000022, 52.022166999000035 ], [ 4.784696500000052, 52.016364999000075 ], [ 4.780183, 52.015002999000046 ], [ 4.775047500000028, 52.013946499000042 ], [ 4.766539500000022, 52.013267499000051 ], [ 4.750769, 52.014079999000046 ], [ 4.74256618000004, 52.022298935000038 ], [ 4.720875009000054, 52.026849794000043 ], [ 4.718734312000038, 52.03504358400005 ], [ 4.706179, 52.040076999000064 ], [ 4.678777213000046, 52.044252738000068 ], [ 4.678789307000045, 52.051364055000079 ], [ 4.670096049000051, 52.052772860000061 ], [ 4.659760500000061, 52.063972499000045 ], [ 4.675229341000033, 52.065451204000055 ], [ 4.681587598000021, 52.059890129000053 ], [ 4.685821952000026, 52.068564923000054 ], [ 4.693400900000029, 52.068333802000041 ], [ 4.698374190000038, 52.074368142000026 ], [ 4.713700198000026, 52.07845806000006 ], [ 4.708082466000064, 52.095590530000038 ], [ 4.734767530000056, 52.102089749000072 ], [ 4.73879850000003, 52.106506499000034 ], [ 4.755645095000034, 52.109253015000036 ], [ 4.792076, 52.122359999000082 ] ] ] ] } },
{ "type": "Feature", "properties": { "GISCO_ID": "NL_GM1903", "CNTR_CODE": "NL", "LAU_ID": "GM1903", "LAU_NAME": "Eijsden-Margraten", "cell_coverage": [ [ 0, 0.0291, 0.4222, 0.1838, 0.005 ], [ 0.1343, 0.6135, 1, 0.8942, 0.2923 ], [ 0.3073, 0.7197, 0.3637, 0.7455, 0.1075 ] ], "xmin": 5.6666666666666643, "xmax": 5.875, "ymin": 50.75, "ymax": 50.875 }, "geometry": { "type": "MultiPolygon", "coordinates": [ [ [ [ 5.693788500000039, 50.809723999000028 ], [ 5.715651175000062, 50.804322711000054 ], [ 5.71819802400006, 50.814013134000049 ], [ 5.74255695100004, 50.821522197000036 ], [ 5.745805220000022, 50.829474468000058 ], [ 5.745805220000022, 50.831586179000055 ], [ 5.741574442000058, 50.839378673000056 ], [ 5.745805220000022, 50.840502324000056 ], [ 5.75536928300005, 50.84304244100008 ], [ 5.757396, 50.855357999000034 ], [ 5.776842117000058, 50.85285611200004 ], [ 5.782244244000026, 50.849662379000051 ], [ 5.801490107000063, 50.848724522000055 ], [ 5.808229623000045, 50.841819628000053 ], [ 5.820033057000046, 50.838751301000059 ], [ 5.821383852000054, 50.832253670000057 ], [ 5.825142573000051, 50.830259987000034 ], [ 5.835039087000041, 50.830592381000031 ], [ 5.837476059000039, 50.835235242000067 ], [ 5.851530251000042, 50.831875350000075 ], [ 5.85943750000007, 50.833545499000081 ], [ 5.86318863300005, 50.826087025000049 ], [ 5.862174739000068, 50.822587465000026 ], [ 5.85332485400005, 50.820140624000032 ], [ 5.839462258000026, 50.808322070000031 ], [ 5.820552237000072, 50.804672456000048 ], [ 5.822942820000037, 50.795564103000061 ], [ 5.834318378000034, 50.78700540400007 ], [ 5.835108036000065, 50.782947990000082 ], [ 5.842761611000071, 50.776195021000035 ], [ 5.844917, 50.765384999000048 ], [ 5.830133376000049, 50.758931661000076 ], [ 5.809475847000044, 50.756717326000057 ], [ 5.794131675000074, 50.768484920000049 ], [ 5.784165015000042, 50.769553504000044 ], [ 5.776656365000065, 50.780705596000075 ], [ 5.771355262000043, 50.782685323000067 ], [ 5.76395677000005, 50.781029227000033 ], [ 5.745805220000022, 50.769026020000069 ], [ 5.738103268000032, 50.757548692000057 ], [ 5.730613677000065, 50.757728579000059 ], [ 5.720391507000045, 50.76311822200006 ], [ 5.696972566000056, 50.755634450000059 ], [ 5.682000500000072, 50.757446499000082 ], [ 5.682367, 50.76007099900005 ], [ 5.685061, 50.763576499000067 ], [ 5.690336, 50.76768449900004 ], [ 5.692646, 50.769915499000035 ], [ 5.695372, 50.772713999000075 ], [ 5.69765, 50.775966499000049 ], [ 5.698540500000036, 50.778671499000041 ], [ 5.698803500000054, 50.781132999000079 ], [ 5.698585500000036, 50.783744999000078 ], [ 5.697677, 50.787048499000036 ], [ 5.694595, 50.794143999000028 ], [ 5.693976, 50.796635999000046 ], [ 5.69354450000003, 50.800115499000071 ], [ 5.693788500000039, 50.809723999000028 ] ] ] ] } },
{ "type": "Feature", "properties": { "GISCO_ID": "NL_GM1904", "CNTR_CODE": "NL", "LAU_ID": "GM1904", "LAU_NAME": "Stichtse Vecht", "cell_coverage": [ [ 0, 0, 0, 0.3533, 0.0828, 0 ], [ 0, 0, 0.2906, 0.8484, 0.0837, 0 ], [ 0, 0.3169, 0.9562, 0.899, 0.1038, 0.1909 ], [ 0.0593, 0.7181, 0.8254, 0.9096, 0.9577, 0.4917 ], [ 0, 0, 0.0029, 0.0486, 0.0065, 0 ] ], "xmin": 4.875, "xmax": 5.125, "ymin": 52.083333333333321, "ymax": 52.291666666666657 }, "geometry": { "type": "MultiPolygon", "coordinates": [ [ [ [ 4.959697281000047, 52.132131652000055 ], [ 4.944448521000027, 52.128252162000081 ], [ 4.92462916900007, 52.146291935000079 ], [ 4.912299418000032, 52.145139490000076 ], [ 4.909582, 52.161864999000045 ], [ 4.928737873000046, 52.168021024000041 ], [ 4.935405700000047, 52.178028483000048 ], [ 4.948446473000047, 52.186987438000074 ], [ 4.951425475000065, 52.198099255000045 ], [ 4.959697281000047, 52.199510695000072 ], [ 4.966064876000075, 52.200597215000073 ], [ 4.972793140000022, 52.218601847000059 ], [ 4.981533098000057, 52.222555082000042 ], [ 4.981690477000029, 52.226787521000062 ], [ 5.007029553000052, 52.232423299000061 ], [ 5.021941, 52.28280249900007 ], [ 5.030499917000043, 52.287528328000064 ], [ 5.042573388000051, 52.28318564500006 ], [ 5.059156341000062, 52.288678265000044 ], [ 5.064233395000031, 52.285553526000058 ], [ 5.064631, 52.280727499000079 ], [ 5.057936088000076, 52.283613503000026 ], [ 5.047172250000074, 52.277517694000039 ], [ 5.025038480000035, 52.27139121600004 ], [ 5.032451386000048, 52.256069180000054 ], [ 5.04247089100005, 52.25436502000008 ], [ 5.047221078000064, 52.243354152000052 ], [ 5.055372327000043, 52.236172557000032 ], [ 5.043098377000035, 52.22991078900003 ], [ 5.036988419000068, 52.222020266000072 ], [ 5.035022420000075, 52.204194781000069 ], [ 5.029930920000027, 52.201752319000036 ], [ 5.036610286000041, 52.196079615000031 ], [ 5.03482690200002, 52.184880444000044 ], [ 5.041974344000039, 52.18119719200007 ], [ 5.049191976000031, 52.166909906000058 ], [ 5.115395, 52.179877999000041 ], [ 5.118672500000059, 52.172298499000078 ], [ 5.094820500000026, 52.155311499000049 ], [ 5.12069850000006, 52.145679499000039 ], [ 5.107088, 52.133258999000077 ], [ 5.101218532000075, 52.130182629000046 ], [ 5.086969151000062, 52.134907426000041 ], [ 5.074909127000069, 52.126599346000035 ], [ 5.061382571000024, 52.123114231000045 ], [ 5.046758950000026, 52.129120537000063 ], [ 5.033130898000024, 52.117369676000067 ], [ 5.014794454000025, 52.127892086000031 ], [ 5.001451133000046, 52.141107781000073 ], [ 4.974446010000065, 52.129348958000037 ], [ 4.969930500000032, 52.122436499000059 ], [ 4.960981457000059, 52.132458364000058 ], [ 4.959697281000047, 52.132131652000055 ] ] ] ] } },
{ "type": "Feature", "properties": { "GISCO_ID": "NL_GM1911", "CNTR_CODE": "NL", "LAU_ID": "GM1911", "LAU_NAME": "Hollands Kroon", "cell_coverage": [ [ 0, 0, 0, 0, 0, 0, 0, 0, 0, 0.0007, 0, 0 ], [ 0, 0, 0, 0, 0, 0, 0, 0.0011, 0.2872, 0.7926, 0.3053, 0 ], [ 0, 0, 0, 0, 0.0072, 0.353, 0.4657, 0.7555, 1, 1, 0.8511, 0.021 ], [ 0.2186, 0.8529, 0.5352, 0.4395, 0.7476, 1, 1, 1, 1, 0.9918, 0.5122, 0.012 ], [ 0.3828, 0.9028, 1, 1, 1, 1, 1, 1, 0.9712, 0.2741, 0, 0 ], [ 0, 0.1727, 1, 1, 1, 1, 1, 1, 0.81, 0, 0, 0 ], [ 0, 0.264, 1, 1, 0.9659, 0.9272, 0.9371, 0.7189, 0.323, 0, 0, 0 ], [ 0, 0.0139, 0.5961, 0.8958, 0.1452, 0, 0, 0, 0, 0, 0, 0 ], [ 0, 0, 0, 0.0041, 0, 0, 0, 0, 0, 0, 0, 0 ] ], "xmin": 4.75, "xmax": 5.25, "ymin": 52.666666666666657, "ymax": 53.041666666666657 }, "geometry": { "type": "MultiPolygon", "coordinates": [ [ [ [ 4.810279500000036, 52.913645999000039 ], [ 4.87396826500003, 52.889917401000048 ], [ 4.908187302000044, 52.894998680000072 ], [ 4.939443599000072, 52.904978264000079 ], [ 4.954131044000064, 52.916228918000058 ], [ 4.959924145000059, 52.92554382000003 ], [ 4.970608632000051, 52.930523821000065 ], [ 5.002904382000054, 52.935906923000061 ], [ 5.028644025000062, 52.936913926000045 ], [ 5.042433531000029, 52.933896711000045 ], [ 5.049415993000025, 52.937583671000027 ], [ 5.049550600000032, 52.942533906000051 ], [ 5.164383500000042, 53.000910499000042 ], [ 5.170660023000039, 52.994877648000056 ], [ 5.21506450000004, 52.91610349900003 ], [ 5.172400818000028, 52.883946105000064 ], [ 5.164533801000061, 52.878016406000029 ], [ 5.122324069000058, 52.846201173000054 ], [ 5.119874160000052, 52.830443095000078 ], [ 5.112257563000071, 52.781452333000061 ], [ 5.108232465000071, 52.776029509000068 ], [ 5.092610438000065, 52.769684296000037 ], [ 5.071267917000057, 52.768253843000082 ], [ 5.058082094000042, 52.758327767000026 ], [ 5.044106340000042, 52.753130609000038 ], [ 4.996880500000032, 52.752094499000066 ], [ 4.951499495000064, 52.754479543000059 ], [ 4.935163808000027, 52.748980946000074 ], [ 4.928070495000043, 52.738180321000073 ], [ 4.899045500000057, 52.706828999000038 ], [ 4.894246500000065, 52.70767199900007 ], [ 4.877748500000052, 52.711948999000072 ], [ 4.876305, 52.713432499000078 ], [ 4.872406, 52.716064499000026 ], [ 4.861556, 52.720596499000067 ], [ 4.8581, 52.723350499000048 ], [ 4.852834, 52.722644999000067 ], [ 4.847604, 52.720290999000042 ], [ 4.846215721000021, 52.729477412000051 ], [ 4.809060834000036, 52.768235606000076 ], [ 4.818443182000067, 52.770468724000068 ], [ 4.827933144000042, 52.777361614000029 ], [ 4.832771783000055, 52.808757613000068 ], [ 4.809750296000061, 52.836127403000035 ], [ 4.795717572000058, 52.846267388000058 ], [ 4.781628573000035, 52.850922382000078 ], [ 4.760488376000069, 52.84979119500008 ], [ 4.770890500000064, 52.878608499000052 ], [ 4.774701744000026, 52.883946105000064 ], [ 4.794125506000057, 52.911148873000059 ], [ 4.810279500000036, 52.913645999000039 ] ] ] ] } },
{ "type": "Feature", "properties": { "GISCO_ID": "NL_GM1916", "CNTR_CODE": "NL", "LAU_ID": "GM1916", "LAU_NAME": "Leidschendam-Voorburg", "cell_coverage": [ [ 0, 0, 0, 0.0082 ], [ 0.0639, 0.5362, 0.644, 0.5586 ], [ 0.331, 0.2164, 0.3118, 0.0314 ] ], "xmin": 4.3333333333333321, "xmax": 4.5, "ymin": 52.041666666666657, "ymax": 52.166666666666657 }, "geometry": { "type": "MultiPolygon", "coordinates": [ [ [ [ 4.420818, 52.062602999000035 ], [ 4.40343195600002, 52.077172292000057 ], [ 4.38183243800006, 52.07531238100006 ], [ 4.357568564000076, 52.062013819000072 ], [ 4.358132607000073, 52.057491585000037 ], [ 4.345716218000064, 52.058389182000042 ], [ 4.343591251000021, 52.061508103000051 ], [ 4.352841787000045, 52.068122355000071 ], [ 4.33831372800006, 52.075955672000077 ], [ 4.371003637000058, 52.091230594000081 ], [ 4.372691, 52.094787499000063 ], [ 4.388925500000028, 52.103675999000075 ], [ 4.401231, 52.111911999000029 ], [ 4.429021976000058, 52.102255669000044 ], [ 4.464434, 52.127246999000079 ], [ 4.470416628000066, 52.126209279000079 ], [ 4.472972, 52.118911499000035 ], [ 4.472739880000063, 52.115991487000031 ], [ 4.489668122000069, 52.098403516000076 ], [ 4.492239, 52.089996499000051 ], [ 4.490966984000067, 52.087612739000065 ], [ 4.476013108000075, 52.085288460000072 ], [ 4.473523482000076, 52.081060696000065 ], [ 4.455382564000047, 52.078147471000079 ], [ 4.420818, 52.062602999000035 ] ] ] ] } },
{ "type": "Feature", "properties": { "GISCO_ID": "NL_GM1924", "CNTR_CODE": "NL", "LAU_ID": "GM1924", "LAU_NAME": "Goeree-Overflakkee", "cell_coverage": [ [ 0, 0, 0.0681, 0.2935, 0.1164, 0, 0, 0, 0, 0, 0, 0, 0, 0, 0 ], [ 0.2149, 0.7727, 0.9813, 1, 0.9536, 0.7693, 0.4734, 0.2908, 0.0116, 0, 0, 0, 0, 0, 0 ], [ 0.4533, 0.8067, 0.4646, 0.6516, 0.9165, 1, 1, 1, 0.9773, 0.5554, 0.0135, 0, 0, 0, 0 ], [ 0.0065, 0.01, 0, 0, 0.2686, 1, 1, 1, 1, 1, 0.7263, 0.2697, 0.0726, 0.0335, 0.004 ], [ 0, 0, 0, 0, 0.0098, 0.3519, 0.4699, 0.5821, 0.9274, 1, 1, 1, 0.989, 0.3626, 0.0036 ], [ 0, 0, 0, 0, 0, 0, 0, 0, 0.0463, 0.357, 0.5234, 0.3911, 0.148, 0, 0 ] ], "xmin": 3.8333333333333321, "xmax": 4.4583333333333321, "ymin": 51.625, "ymax": 51.875 }, "geometry": { "type": "MultiPolygon", "coordinates": [ [ [ [ 4.42355, 51.709472499000071 ], [ 4.393621, 51.693294499000046 ], [ 4.379430500000069, 51.68359349900004 ], [ 4.379493, 51.680824499000039 ], [ 4.378844, 51.678165499000045 ], [ 4.376484, 51.67438899900003 ], [ 4.372194500000035, 51.669696999000053 ], [ 4.366519500000038, 51.665546499000072 ], [ 4.362527, 51.66332249900006 ], [ 4.354343500000027, 51.660064499000043 ], [ 4.346598, 51.657478499000035 ], [ 4.33255, 51.653747499000076 ], [ 4.326247500000022, 51.652576499000077 ], [ 4.313377500000058, 51.651111499000081 ], [ 4.309106, 51.65024549900005 ], [ 4.299388, 51.647567499000047 ], [ 4.277075500000024, 51.644077499000048 ], [ 4.275003, 51.64377999900006 ], [ 4.272688, 51.643901999000036 ], [ 4.249017, 51.645801499000072 ], [ 4.242535500000031, 51.647120999000038 ], [ 4.202700500000049, 51.660762999000042 ], [ 4.193764, 51.664397999000073 ], [ 4.155362, 51.683479499000043 ], [ 4.151825, 51.685233999000047 ], [ 4.123080500000071, 51.685752999000044 ], [ 4.110027500000058, 51.687141499000063 ], [ 4.107966500000032, 51.68771749900003 ], [ 4.098084, 51.690475499000058 ], [ 4.073643, 51.692699499000071 ], [ 4.060590500000046, 51.69297799900005 ], [ 4.047814500000072, 51.694362499000079 ], [ 4.040038500000037, 51.702697999000065 ], [ 4.036705, 51.711028999000064 ], [ 4.036427, 51.720473999000035 ], [ 4.035038, 51.730193999000051 ], [ 4.02625850000004, 51.738307999000028 ], [ 4.018886, 51.742717499000037 ], [ 4.013337, 51.759010499000055 ], [ 3.996776, 51.761054999000066 ], [ 3.974492500000053, 51.763801499000067 ], [ 3.958939, 51.772132999000064 ], [ 3.940330500000073, 51.773799999000062 ], [ 3.921445, 51.770744499000045 ], [ 3.905058, 51.764632999000071 ], [ 3.895060500000056, 51.757411999000055 ], [ 3.886171500000046, 51.749358999000037 ], [ 3.875896, 51.74769199900004 ], [ 3.84743050000003, 51.75340249900006 ], [ 3.839083, 51.758296999000038 ], [ 3.855218277000063, 51.765915410000048 ], [ 3.864503066000054, 51.779700603000038 ], [ 3.857188853000025, 51.805700020000074 ], [ 3.869621315000074, 51.818452906000061 ], [ 3.910059500000045, 51.826707949000081 ], [ 3.960292048000042, 51.842604729000072 ], [ 4.005230563000055, 51.849667799000031 ], [ 4.014950025000076, 51.848143735000065 ], [ 4.00723453300003, 51.842422036000073 ], [ 4.028700188000073, 51.827560779000066 ], [ 4.048836, 51.831939999000042 ], [ 4.061241862000031, 51.822822803000065 ], [ 4.071341730000029, 51.819194494000044 ], [ 4.122991040000045, 51.806902922000063 ], [ 4.146740918000035, 51.806026214000042 ], [ 4.173164127000064, 51.792429487000049 ], [ 4.192632500000059, 51.791113499000062 ], [ 4.197875500000066, 51.789581499000064 ], [ 4.20836950000006, 51.787959999000066 ], [ 4.210215, 51.78720849900003 ], [ 4.213266500000032, 51.785258999000064 ], [ 4.249135091000028, 51.758029896000039 ], [ 4.267356225000071, 51.738397577000057 ], [ 4.314801302000035, 51.71741576200003 ], [ 4.359041061000028, 51.710071127000049 ], [ 4.42355, 51.709472499000071 ] ] ] ] } },
{ "type": "Feature", "properties": { "GISCO_ID": "NL_GM1926", "CNTR_CODE": "NL", "LAU_ID": "GM1926", "LAU_NAME": "Pijnacker-Nootdorp", "cell_coverage": [ [ 0, 0.2124, 0.1824, 0 ], [ 0.0005, 0.7161, 0.9866, 0.1306 ], [ 0, 0.3674, 0.3225, 0 ] ], "xmin": 4.3333333333333321, "xmax": 4.5, "ymin": 51.958333333333321, "ymax": 52.083333333333321 }, "geometry": { "type": "MultiPolygon", "coordinates": [ [ [ [ 4.380346, 52.027023499000052 ], [ 4.392723728000021, 52.033313821000036 ], [ 4.387849275000065, 52.037809534000075 ], [ 4.379689718000066, 52.036665363000054 ], [ 4.373905415000024, 52.040541577000056 ], [ 4.385513820000028, 52.049484539000048 ], [ 4.394543199000054, 52.053193046000047 ], [ 4.422058500000048, 52.051696999000058 ], [ 4.449362748000055, 52.049103019000029 ], [ 4.457425457000056, 52.039532368000039 ], [ 4.470288040000071, 52.039802869000027 ], [ 4.476731, 52.031676999000069 ], [ 4.45874814900003, 52.022011114000065 ], [ 4.460348081000063, 52.012630477000073 ], [ 4.45634388000002, 52.007336040000041 ], [ 4.458160211000063, 52.002762433000044 ], [ 4.451239970000074, 52.000533845000064 ], [ 4.448916113000053, 51.993868681000038 ], [ 4.427583741000035, 51.980837554000061 ], [ 4.427855500000021, 51.976466999000081 ], [ 4.407886500000075, 51.968177999000034 ], [ 4.396271923000029, 51.980898769000078 ], [ 4.386843824000039, 52.00274653300005 ], [ 4.393318239000052, 52.012859023000033 ], [ 4.380346, 52.027023499000052 ] ] ] ] } },
{ "type": "Feature", "properties": { "GISCO_ID": "NL_GM1930", "CNTR_CODE": "NL", "LAU_ID": "GM1930", "LAU_NAME": "Nissewaard", "cell_coverage": [ [ 0.1597, 0.8205, 0.7674, 0.7451, 0.4193, 0.2211, 0.0515 ], [ 0.1484, 0.9193, 0.777, 0.5722, 0.3845, 0.13, 0.0128 ], [ 0.0214, 0.1349, 0.001, 0, 0, 0, 0 ] ], "xmin": 4.1666666666666643, "xmax": 4.4583333333333313, "ymin": 51.75, "ymax": 51.875 }, "geometry": { "type": "MultiPolygon", "coordinates": [ [ [ [ 4.192632500000059, 51.791113499000062 ], [ 4.195297159000063, 51.80703208400007 ], [ 4.211160903000064, 51.814036995000038 ], [ 4.22005538600007, 51.826968709000028 ], [ 4.208286115000021, 51.83481191900006 ], [ 4.197289729000033, 51.835947948000069 ], [ 4.197018456000023, 51.849400514000081 ], [ 4.185181, 51.849700999000049 ], [ 4.239296, 51.872996999000065 ], [ 4.258012, 51.866355999000064 ], [ 4.262279, 51.865200499000082 ], [ 4.268385500000022, 51.864532499000063 ], [ 4.283797, 51.864475499000037 ], [ 4.33555350000006, 51.864303499000073 ], [ 4.342679500000031, 51.855903499000078 ], [ 4.348387, 51.851909499000044 ], [ 4.352581, 51.849502499000039 ], [ 4.359969500000034, 51.846717999000077 ], [ 4.367606500000022, 51.844382999000061 ], [ 4.37446250000005, 51.842872499000066 ], [ 4.383665500000063, 51.84211749900004 ], [ 4.392382, 51.842052499000033 ], [ 4.40684, 51.843200499000034 ], [ 4.412641, 51.842982999000071 ], [ 4.415284500000041, 51.842525499000033 ], [ 4.422270500000025, 51.840526499000077 ], [ 4.432489, 51.83704749900005 ], [ 4.421451469000033, 51.830243936000045 ], [ 4.397118007000074, 51.830887167000071 ], [ 4.369799178000051, 51.81762616900005 ], [ 4.339747512000031, 51.81694768400007 ], [ 4.308083099000044, 51.809248840000066 ], [ 4.296230280000032, 51.80276875800007 ], [ 4.267838902000051, 51.804401700000028 ], [ 4.241923085000053, 51.783404203000032 ], [ 4.223066165000034, 51.787452318000078 ], [ 4.213266500000032, 51.785258999000064 ], [ 4.210215, 51.78720849900003 ], [ 4.20836950000006, 51.787959999000066 ], [ 4.197875500000066, 51.789581499000064 ], [ 4.192632500000059, 51.791113499000062 ] ] ] ] } },
{ "type": "Feature", "properties": { "GISCO_ID": "NL_GM1931", "CNTR_CODE": "NL", "LAU_ID": "GM1931", "LAU_NAME": "Krimpenerwaard", "cell_coverage": [ [ 0, 0, 0, 0.0019, 0.0814, 0.3304, 0.3897, 0.1378, 0 ], [ 0, 0, 0.2893, 0.8346, 0.9981, 1, 0.9531, 0.2969, 0 ], [ 0, 0.0266, 0.8112, 1, 1, 0.9865, 0.7485, 0.4109, 0.0059 ], [ 0.0064, 0.3529, 0.6107, 0.5528, 0.3818, 0.0393, 0, 0, 0 ] ], "xmin": 4.5416666666666643, "xmax": 4.9166666666666643, "ymin": 51.875, "ymax": 52.041666666666657 }, "geometry": { "type": "MultiPolygon", "coordinates": [ [ [ [ 4.575958, 51.903030499000067 ], [ 4.636115793000045, 51.912913907000075 ], [ 4.617682, 51.93104149900006 ], [ 4.619478, 51.933479499000043 ], [ 4.633550977000027, 51.937406088000046 ], [ 4.639445730000034, 51.949979664000068 ], [ 4.644955518000074, 51.954325340000082 ], [ 4.633008179000058, 51.966447315000039 ], [ 4.633327352000038, 51.969830234000028 ], [ 4.668523680000021, 51.97921500700005 ], [ 4.673923105000028, 51.986404176000065 ], [ 4.688698, 51.996238499000071 ], [ 4.707096448000073, 52.001059724000072 ], [ 4.720931971000027, 51.99915803500005 ], [ 4.724540054000045, 52.001026028000069 ], [ 4.723992789000022, 52.005392677000032 ], [ 4.729769500000032, 52.007084646000067 ], [ 4.756067718000054, 52.001923372000078 ], [ 4.750769, 52.014079999000046 ], [ 4.766539500000022, 52.013267499000051 ], [ 4.775047500000028, 52.013946499000042 ], [ 4.780183, 52.015002999000046 ], [ 4.784696500000052, 52.016364999000075 ], [ 4.798712500000022, 52.022166999000035 ], [ 4.805392968000035, 52.014094111000077 ], [ 4.84814547700006, 52.016555200000028 ], [ 4.855157901000041, 52.005498777000071 ], [ 4.820465180000042, 51.99923048200003 ], [ 4.835227, 51.986175499000069 ], [ 4.844276429000047, 51.97644295200007 ], [ 4.861025639000047, 51.966953844000045 ], [ 4.871346374000041, 51.953888676000076 ], [ 4.877899500000069, 51.937835499000073 ], [ 4.873746, 51.937934999000049 ], [ 4.856427500000052, 51.941108499000052 ], [ 4.850546500000064, 51.941554999000061 ], [ 4.838433500000065, 51.940612999000052 ], [ 4.834906, 51.939849999000046 ], [ 4.832161, 51.938628999000059 ], [ 4.811692500000049, 51.924621499000068 ], [ 4.809457, 51.923667999000031 ], [ 4.803569500000037, 51.922012499000061 ], [ 4.789216500000066, 51.91953649900006 ], [ 4.780772500000069, 51.917117999000027 ], [ 4.771743500000071, 51.916629999000065 ], [ 4.766114, 51.915809499000034 ], [ 4.758281, 51.912971499000037 ], [ 4.743652, 51.905578499000057 ], [ 4.730891500000041, 51.900893999000061 ], [ 4.724331500000062, 51.897899499000061 ], [ 4.71589750000004, 51.896075999000061 ], [ 4.708273, 51.897079499000029 ], [ 4.702544, 51.896880999000075 ], [ 4.693836500000032, 51.894874499000082 ], [ 4.68226, 51.893279999000072 ], [ 4.674735500000054, 51.890388499000039 ], [ 4.670551500000045, 51.88962949900008 ], [ 4.649777500000027, 51.889983999000037 ], [ 4.637862, 51.890945499000054 ], [ 4.632326, 51.890517999000053 ], [ 4.62516050000005, 51.889312499000027 ], [ 4.619486, 51.889606499000081 ], [ 4.613749, 51.890510499000072 ], [ 4.605322, 51.891903999000078 ], [ 4.595176500000036, 51.894132999000078 ], [ 4.590157500000032, 51.896259999000051 ], [ 4.583455500000071, 51.900990999000044 ], [ 4.579395, 51.90229049900006 ], [ 4.575958, 51.903030499000067 ] ] ] ] } },
{ "type": "Feature", "properties": { "GISCO_ID": "NL_GM1940", "CNTR_CODE": "NL", "LAU_ID": "GM1940", "LAU_NAME": "De Fryske Marren", "cell_coverage": [ [ 0, 0, 0, 0, 0, 0, 0, 0, 0, 0, 0.1584, 0.0912, 0, 0, 0 ], [ 0, 0, 0, 0, 0, 0, 0, 0, 0, 0.2443, 1, 0.9557, 0.3905, 0, 0 ], [ 0, 0, 0, 0, 0, 0, 0, 0, 0.3007, 0.9407, 1, 1, 0.9342, 0.1409, 0 ], [ 0, 0, 0, 0.0002, 0.3074, 0.591, 0.0685, 0.3147, 0.6959, 1, 1, 1, 1, 0.9111, 0.1087 ], [ 0, 0, 0, 0.2384, 0.9997, 1, 0.9982, 1, 1, 1, 1, 1, 0.9644, 0.5304, 0.1218 ], [ 0, 0.0091, 0.6128, 0.9344, 1, 1, 1, 1, 0.9736, 0.8633, 0.9873, 0.996, 0.3055, 0, 0 ], [ 0.2942, 0.8258, 1, 1, 1, 0.9661, 0.8234, 0.382, 0.0089, 0, 0.2215, 0.3817, 0, 0, 0 ], [ 0.2291, 0.5761, 0.4266, 0.2758, 0.125, 0.0082, 0, 0, 0, 0, 0, 0, 0, 0, 0 ] ], "xmin": 5.3333333333333321, "xmax": 5.9583333333333321, "ymin": 52.75, "ymax": 53.083333333333321 }, "geometry": { "type": "MultiPolygon", "coordinates": [ [ [ [ 5.795148500000039, 52.80649949900004 ], [ 5.78972380700003, 52.804813576000072 ], [ 5.783178668000062, 52.818041885000071 ], [ 5.763450156000033, 52.830443095000078 ], [ 5.749618954000027, 52.838693450000051 ], [ 5.728108272000043, 52.843020759000069 ], [ 5.725318647000051, 52.835934852000037 ], [ 5.711327288000064, 52.83720551600004 ], [ 5.660105824000027, 52.830443095000078 ], [ 5.629291159000047, 52.802813679000053 ], [ 5.377261500000031, 52.764804999000035 ], [ 5.359626424000055, 52.778740777000053 ], [ 5.337842, 52.795955499000058 ], [ 5.359626424000055, 52.807411825000031 ], [ 5.403420828000037, 52.830443095000078 ], [ 5.439718743000071, 52.849531998000032 ], [ 5.437049983000065, 52.862160796000069 ], [ 5.430240697000045, 52.873925434000057 ], [ 5.471402602000069, 52.872489488000042 ], [ 5.477687195000044, 52.869465619000039 ], [ 5.49445610500004, 52.873637879000057 ], [ 5.49870896300007, 52.878016406000029 ], [ 5.500755791000074, 52.88012371700006 ], [ 5.493605971000022, 52.883946105000064 ], [ 5.491718698000057, 52.884955066000032 ], [ 5.492205818000059, 52.890553411000042 ], [ 5.478089256000032, 52.902766937000081 ], [ 5.519331475000058, 52.930321973000048 ], [ 5.565186409000034, 52.94678351500005 ], [ 5.572215114000073, 52.942672916000049 ], [ 5.59619162100006, 52.915753359000064 ], [ 5.638594442000056, 52.921986077000042 ], [ 5.643782588000022, 52.935738158000049 ], [ 5.688155465000023, 52.933691599000042 ], [ 5.689746455000034, 52.986468653000031 ], [ 5.705360969000026, 52.984938660000068 ], [ 5.721506355000031, 52.998190919000081 ], [ 5.741369167000073, 53.002342137000028 ], [ 5.747042107000027, 53.008126046000029 ], [ 5.733814824000035, 53.015932785000075 ], [ 5.736815730000046, 53.029916637000042 ], [ 5.754994784000075, 53.046074693000037 ], [ 5.76062974000007, 53.046460250000052 ], [ 5.771412, 53.047197999000048 ], [ 5.775615285000072, 53.047053625000046 ], [ 5.79638650000004, 53.058839999000043 ], [ 5.796590514000059, 53.052873648000059 ], [ 5.800488005000034, 53.047984729000063 ], [ 5.804045, 53.046460250000052 ], [ 5.824637145000054, 53.037634741000034 ], [ 5.85474513500003, 53.019350372000076 ], [ 5.869031957000061, 52.997837191000031 ], [ 5.882919, 52.986671499000067 ], [ 5.886127, 52.983970499000066 ], [ 5.887258, 52.98156749900005 ], [ 5.869031957000061, 52.978846216000079 ], [ 5.867225500000075, 52.978576499000042 ], [ 5.869031957000061, 52.969937400000049 ], [ 5.872000850000063, 52.964999213000056 ], [ 5.884677400000044, 52.966353608000077 ], [ 5.898555781000027, 52.961510286000077 ], [ 5.933496578000074, 52.917202145000033 ], [ 5.937807500000076, 52.911735499000031 ], [ 5.933496578000074, 52.909483205000072 ], [ 5.912127588000033, 52.898318713000037 ], [ 5.887568869000063, 52.894123527000033 ], [ 5.873582509000073, 52.883946105000064 ], [ 5.869031957000061, 52.880634816000054 ], [ 5.866514190000032, 52.878016406000029 ], [ 5.844792082000026, 52.855425999000033 ], [ 5.838868332000061, 52.842969106000055 ], [ 5.826939583000069, 52.830443095000078 ], [ 5.819569358000024, 52.822703850000039 ], [ 5.819826500000033, 52.817317499000069 ], [ 5.817441, 52.816776499000071 ], [ 5.80973750000004, 52.813712999000074 ], [ 5.795148500000039, 52.80649949900004 ] ] ] ] } },
{ "type": "Feature", "properties": { "GISCO_ID": "NL_GM1942", "CNTR_CODE": "NL", "LAU_ID": "GM1942", "LAU_NAME": "Gooise Meren", "cell_coverage": [ [ 0.0023, 0.1655, 0, 0, 0, 0 ], [ 0.1188, 0.9857, 0.4394, 0.0026, 0, 0 ], [ 0.0641, 0.2657, 0.7878, 0.7653, 0.6693, 0.2858 ], [ 0, 0, 0.1118, 0.5941, 0.4407, 0 ] ], "xmin": 5.0, "xmax": 5.25, "ymin": 52.25, "ymax": 52.416666666666657 }, "geometry": { "type": "MultiPolygon", "coordinates": [ [ [ [ 5.039059, 52.354575999000076 ], [ 5.037660500000072, 52.375358499000072 ], [ 5.079161, 52.388652999000044 ], [ 5.079288, 52.370406999000068 ], [ 5.135082, 52.328319499000031 ], [ 5.137311, 52.326576999000054 ], [ 5.146143500000051, 52.319671499000037 ], [ 5.148879, 52.318729499000028 ], [ 5.151132, 52.31864549900007 ], [ 5.205188500000077, 52.32418799900006 ], [ 5.220405, 52.326053499000068 ], [ 5.22459, 52.325763499000061 ], [ 5.229814701000066, 52.306735358000026 ], [ 5.228778583000064, 52.302109728000062 ], [ 5.216410406000023, 52.29884376800004 ], [ 5.197731143000055, 52.299714163000033 ], [ 5.189730500000053, 52.292447927000069 ], [ 5.194454771000039, 52.288104268000041 ], [ 5.194818785000052, 52.283102824000082 ], [ 5.187536621000049, 52.276852535000046 ], [ 5.201023, 52.268218999000055 ], [ 5.178888518000065, 52.263536799000065 ], [ 5.162003113000026, 52.256204812000078 ], [ 5.140319201000068, 52.25960518100004 ], [ 5.138108222000028, 52.261975035000034 ], [ 5.143422346000023, 52.26980437800006 ], [ 5.144569029000024, 52.283406608000064 ], [ 5.131923963000077, 52.278146684000035 ], [ 5.105012, 52.285567999000079 ], [ 5.099540446000049, 52.291471628000068 ], [ 5.10659632900007, 52.296801444000039 ], [ 5.097860672000024, 52.300321519000079 ], [ 5.096648203000029, 52.305557773000032 ], [ 5.099056768000025, 52.310305291000077 ], [ 5.090961391000064, 52.314498126000046 ], [ 5.068391344000077, 52.321626796000032 ], [ 5.05931649200005, 52.317790481000031 ], [ 5.05921395200005, 52.324202537000076 ], [ 5.030897903000039, 52.330454791000079 ], [ 5.018684055000051, 52.330098007000061 ], [ 5.017666, 52.32326499900006 ], [ 5.016103500000042, 52.324512499000036 ], [ 5.013662195000052, 52.329563237000059 ], [ 5.015223212000024, 52.331860261000031 ], [ 5.039062147000038, 52.341596920000029 ], [ 5.039059, 52.354575999000076 ] ] ] ] } },
{ "type": "Feature", "properties": { "GISCO_ID": "NL_GM1945", "CNTR_CODE": "NL", "LAU_ID": "GM1945", "LAU_NAME": "Berg en Dal", "cell_coverage": [ [ 0, 0, 0.0102, 0.0868, 0 ], [ 0.6434, 0.8389, 0.6897, 0.8137, 0.1917 ], [ 0.7118, 0.9194, 0.114, 0, 0 ], [ 0.3727, 0.9933, 0.505, 0, 0 ], [ 0, 0.0953, 0, 0, 0 ] ], "xmin": 5.875, "xmax": 6.083333333333333, "ymin": 51.708333333333321, "ymax": 51.916666666666657 }, "geometry": { "type": "MultiPolygon", "coordinates": [ [ [ [ 5.938288, 51.74148199900003 ], [ 5.933496578000074, 51.742720123000026 ], [ 5.931700177000039, 51.743184320000069 ], [ 5.929612259000066, 51.74873462000005 ], [ 5.91520911300006, 51.753056942000057 ], [ 5.911365624000041, 51.761740990000078 ], [ 5.893650500000035, 51.777633499000046 ], [ 5.888034, 51.782886499000028 ], [ 5.887274500000046, 51.785228499000027 ], [ 5.887471, 51.795261499000048 ], [ 5.881083, 51.801456499000039 ], [ 5.879223500000023, 51.809581999000045 ], [ 5.884302103000039, 51.811924246000046 ], [ 5.883208755000055, 51.820913645000076 ], [ 5.903770813000051, 51.829104018000066 ], [ 5.883921134000047, 51.844671002000041 ], [ 5.886376015000053, 51.855432372000053 ], [ 5.883725210000023, 51.860601154000051 ], [ 5.887033, 51.865100999000049 ], [ 5.890160500000036, 51.867351499000051 ], [ 5.895492, 51.870208499000057 ], [ 5.902394, 51.872291499000028 ], [ 5.912309, 51.873931999000035 ], [ 5.916323500000033, 51.87425999900006 ], [ 5.922218500000042, 51.874408499000026 ], [ 5.928426, 51.873871499000074 ], [ 5.931009, 51.873386499000048 ], [ 5.933496578000074, 51.872584238000059 ], [ 5.935812, 51.871837499000037 ], [ 5.93954750000006, 51.86992649900003 ], [ 5.944759500000032, 51.866050499000039 ], [ 5.950513, 51.86023349900006 ], [ 5.956742500000075, 51.856075499000042 ], [ 5.961301500000047, 51.854556999000067 ], [ 5.966635, 51.854251999000041 ], [ 5.972896, 51.855064499000036 ], [ 5.977029, 51.856551999000033 ], [ 5.978954500000043, 51.857673499000043 ], [ 5.981417, 51.860324999000056 ], [ 5.985801500000036, 51.867820499000061 ], [ 5.991198, 51.873767999000052 ], [ 5.996252, 51.877582499000027 ], [ 6.002939, 51.880962499000077 ], [ 6.008191, 51.881885499000077 ], [ 6.010352524000041, 51.881775946000062 ], [ 6.013459, 51.881618499000069 ], [ 6.019042, 51.880420499000081 ], [ 6.034546, 51.873412999000038 ], [ 6.040627, 51.871539999000049 ], [ 6.046384500000045, 51.870868499000039 ], [ 6.054300500000068, 51.869155999000043 ], [ 6.063382500000046, 51.865443999000036 ], [ 6.059384882000074, 51.858343124000044 ], [ 6.053076980000071, 51.856325135000077 ], [ 6.053635056000076, 51.852093210000078 ], [ 6.036769500000048, 51.844071499000052 ], [ 6.025641273000076, 51.843199869000046 ], [ 5.995092008000029, 51.831644389000076 ], [ 5.963755726000045, 51.835155072000077 ], [ 5.949898659000041, 51.826459770000042 ], [ 5.952916100000039, 51.818618472000026 ], [ 5.949439681000058, 51.813022017000037 ], [ 5.973221264000074, 51.799019331000068 ], [ 5.975042058000042, 51.788625257000035 ], [ 5.984007596000026, 51.782945359000053 ], [ 5.984653156000036, 51.775197985000034 ], [ 5.988710819000062, 51.768639317000066 ], [ 5.983796543000039, 51.76294123200006 ], [ 5.953192, 51.747845999000049 ], [ 5.949882076000051, 51.743808107000064 ], [ 5.938288, 51.74148199900003 ] ] ] ] } },
{ "type": "Feature", "properties": { "GISCO_ID": "NL_GM1948", "CNTR_CODE": "NL", "LAU_ID": "GM1948", "LAU_NAME": "Meierijstad", "cell_coverage": [ [ 0.0069, 0.5164, 0.6005, 0.2708, 0.1924, 0.5087, 0.1765, 0 ], [ 0, 0.7168, 1, 1, 1, 1, 0.9997, 0.3824 ], [ 0, 0.3681, 1, 1, 0.9758, 0.5579, 0.5804, 0.3394 ], [ 0, 0.0024, 0.1313, 0.1158, 0.4167, 0.0177, 0, 0 ] ], "xmin": 5.3333333333333321, "xmax": 5.6666666666666652, "ymin": 51.5, "ymax": 51.666666666666657 }, "geometry": { "type": "MultiPolygon", "coordinates": [ [ [ [ 5.404231500000037, 51.548270999000067 ], [ 5.403864746000067, 51.561382324000078 ], [ 5.398362038000073, 51.565981254000064 ], [ 5.401923433000036, 51.57480819500006 ], [ 5.392632139000057, 51.576594674000035 ], [ 5.392425895000031, 51.58004193000005 ], [ 5.384488851000071, 51.586897340000064 ], [ 5.382542656000055, 51.596462725000038 ], [ 5.384989837000035, 51.600477229000035 ], [ 5.380739, 51.602859499000033 ], [ 5.393830599000069, 51.606788911000081 ], [ 5.382722600000022, 51.631024179000065 ], [ 5.37164143800004, 51.634005583000032 ], [ 5.375229397000055, 51.63871668400003 ], [ 5.373333650000063, 51.641989293000051 ], [ 5.382071947000043, 51.645921261000069 ], [ 5.402560358000073, 51.64727756700006 ], [ 5.41388409700005, 51.655159768000033 ], [ 5.42337550000002, 51.653747499000076 ], [ 5.466839242000049, 51.642465192000031 ], [ 5.497040122000044, 51.627462263000041 ], [ 5.50576395500002, 51.635340646000031 ], [ 5.522918575000062, 51.630879604000029 ], [ 5.541024318000041, 51.634978912000065 ], [ 5.54521238500007, 51.641177006000078 ], [ 5.57029250000005, 51.651408999000068 ], [ 5.586559413000032, 51.643120470000042 ], [ 5.587063918000069, 51.638883204000081 ], [ 5.592323100000044, 51.63458888100007 ], [ 5.601947263000056, 51.630281869000044 ], [ 5.609677355000031, 51.632711642000061 ], [ 5.62653750000004, 51.623393999000029 ], [ 5.643123941000056, 51.605353968000031 ], [ 5.651356500000077, 51.582359499000063 ], [ 5.651806, 51.579944499000078 ], [ 5.652672, 51.578314999000042 ], [ 5.654153500000064, 51.576320999000075 ], [ 5.656554500000027, 51.57464999900003 ], [ 5.654877, 51.571670499000049 ], [ 5.652513, 51.569694499000036 ], [ 5.62272073500003, 51.553984860000071 ], [ 5.60631462300006, 51.559766368000055 ], [ 5.584967587000051, 51.562503457000048 ], [ 5.534451041000068, 51.557493074000035 ], [ 5.54748, 51.537738999000055 ], [ 5.530916, 51.525058499000068 ], [ 5.525660939000034, 51.522616774000028 ], [ 5.501489086000049, 51.521667645000036 ], [ 5.500772823000034, 51.527210676000038 ], [ 5.492732786000033, 51.52815825700003 ], [ 5.485044043000073, 51.541542208000067 ], [ 5.423792, 51.533981499000049 ], [ 5.404231500000037, 51.548270999000067 ] ] ] ] } },
{ "type": "Feature", "properties": { "GISCO_ID": "NL_GM1949", "CNTR_CODE": "NL", "LAU_ID": "GM1949", "LAU_NAME": "Waadhoeke", "cell_coverage": [ [ 0, 0, 0, 0, 0, 0, 0, 0.0019 ], [ 0, 0, 0, 0.0248, 0.3438, 0.631, 0.8357, 0.5709 ], [ 0, 0, 0.1626, 0.7882, 1, 1, 1, 0.4962 ], [ 0.1294, 0.713, 0.9966, 1, 1, 1, 1, 0.6769 ], [ 0.0338, 0.4839, 1, 1, 1, 0.9752, 0.749, 0.6922 ], [ 0, 0.3257, 0.5684, 0.791, 0.8483, 0.5485, 0, 0 ], [ 0, 0, 0, 0, 0, 0.0006, 0, 0 ] ], "xmin": 5.4166666666666643, "xmax": 5.75, "ymin": 53.083333333333321, "ymax": 53.375 }, "geometry": { "type": "MultiPolygon", "coordinates": [ [ [ [ 5.718972500000064, 53.334625999000082 ], [ 5.72244751300002, 53.316720746000044 ], [ 5.748279280000077, 53.312954951000052 ], [ 5.735285500000032, 53.294685499000082 ], [ 5.728068534000045, 53.289424259000043 ], [ 5.722383, 53.276067684000054 ], [ 5.732006499000022, 53.26559350000008 ], [ 5.732848288000071, 53.256528281000044 ], [ 5.740378071000066, 53.24323163400004 ], [ 5.732633819000057, 53.232725180000045 ], [ 5.735091817000068, 53.218823099000076 ], [ 5.741460683000071, 53.214469984000061 ], [ 5.737300952000055, 53.208567298000048 ], [ 5.742752849000055, 53.197241814000051 ], [ 5.741412091000029, 53.180238573000054 ], [ 5.735307635000026, 53.17224329000004 ], [ 5.726779520000036, 53.16850314800007 ], [ 5.686353378000035, 53.180209989000048 ], [ 5.664822571000059, 53.173704403000045 ], [ 5.656619688000035, 53.16683918800004 ], [ 5.660069841000052, 53.150697508000064 ], [ 5.642935020000039, 53.142710519000047 ], [ 5.635008232000075, 53.132323136000082 ], [ 5.637345, 53.124123999000062 ], [ 5.626758405000032, 53.127659412000071 ], [ 5.621890535000034, 53.137053922000064 ], [ 5.597263036000072, 53.126953339000067 ], [ 5.579069807000053, 53.133616658000051 ], [ 5.568868584000029, 53.129943292000064 ], [ 5.558611024000072, 53.134331804000055 ], [ 5.551979088000053, 53.13384975300005 ], [ 5.532460671000024, 53.146915358000058 ], [ 5.529827809000039, 53.146915358000058 ], [ 5.51287863500005, 53.14548497800007 ], [ 5.511700630000064, 53.138345549000064 ], [ 5.504809996000063, 53.135444472000074 ], [ 5.494631974000072, 53.141358424000032 ], [ 5.484582698000054, 53.137707164000062 ], [ 5.483678821000069, 53.141328412000064 ], [ 5.4721, 53.14658349900003 ], [ 5.490303456000049, 53.173002711000038 ], [ 5.48287179600004, 53.179855958000076 ], [ 5.487301134000063, 53.196732021000059 ], [ 5.459780989000024, 53.200795116000052 ], [ 5.436961, 53.210159999000041 ], [ 5.448055853000028, 53.220145027000058 ], [ 5.481616873000064, 53.240288785000075 ], [ 5.530736829000034, 53.260383533000038 ], [ 5.552964883000072, 53.274171623000029 ], [ 5.561310265000031, 53.285452967000026 ], [ 5.58630007000005, 53.300744467000072 ], [ 5.652140726000027, 53.320205522000037 ], [ 5.67995380800005, 53.324210767000068 ], [ 5.718972500000064, 53.334625999000082 ] ] ] ] } },
{ "type": "Feature", "properties": { "GISCO_ID": "NL_GM1950", "CNTR_CODE": "NL", "LAU_ID": "GM1950", "LAU_NAME": "Westerwolde", "cell_coverage": [ [ 0, 0.2375, 0.4908, 0.7128, 0.2584, 0 ], [ 0.1829, 0.9987, 1, 1, 0.7566, 0 ], [ 0.2027, 0.5267, 0.9991, 1, 0.873, 0 ], [ 0, 0.0417, 0.9042, 1, 0.9974, 0.0646 ], [ 0, 0.2931, 1, 1, 0.7834, 0.0007 ], [ 0.0682, 0.6242, 1, 0.9697, 0.2475, 0 ], [ 0.2573, 0.993, 0.972, 0.2862, 0, 0 ], [ 0.0365, 0.5377, 0.3094, 0, 0, 0 ] ], "xmin": 7.0, "xmax": 7.25, "ymin": 52.833333333333321, "ymax": 53.166666666666657 }, "geometry": { "type": "MultiPolygon", "coordinates": [ [ [ [ 7.18157, 52.94130399900007 ], [ 7.152800500000069, 52.913291499000081 ], [ 7.134041, 52.893994999000029 ], [ 7.12998650000003, 52.889819499000055 ], [ 7.124133460000053, 52.883946105000064 ], [ 7.119203, 52.878998499000033 ], [ 7.088610804000041, 52.850675024000054 ], [ 7.092692, 52.838200999000037 ], [ 7.072970244000032, 52.839107342000034 ], [ 7.074138463000054, 52.84831163900003 ], [ 7.061931789000027, 52.852850230000058 ], [ 7.043515955000032, 52.866312598000036 ], [ 7.039282773000025, 52.872504573000072 ], [ 7.014979500000038, 52.872985999000036 ], [ 7.018569826000032, 52.878016406000029 ], [ 7.022801999000023, 52.883946105000064 ], [ 7.045606500000076, 52.915897499000039 ], [ 7.026868, 52.919013999000072 ], [ 7.036485714000037, 52.928889299000048 ], [ 7.062993057000028, 52.931879947000027 ], [ 7.06492471100006, 52.949748587000045 ], [ 7.069897195000067, 52.955444467000063 ], [ 7.07234845000005, 53.002989322000076 ], [ 7.099204116000067, 53.017655939000065 ], [ 7.096657833000052, 53.021430486000042 ], [ 7.08169048600007, 53.027674900000079 ], [ 7.085094351000066, 53.042420221000043 ], [ 7.06857390600004, 53.044710460000033 ], [ 7.069151643000055, 53.046460250000052 ], [ 7.070158052000068, 53.049508359000072 ], [ 7.077717702000029, 53.053551833000029 ], [ 7.07986071800002, 53.05954964600005 ], [ 7.077547693000042, 53.062975682000058 ], [ 7.066409447000069, 53.06684197900006 ], [ 7.036624460000041, 53.064877264000074 ], [ 7.02646509300007, 53.068064218000075 ], [ 7.01545150000004, 53.071796499000072 ], [ 7.041362273000061, 53.100917153000069 ], [ 7.027602311000066, 53.110763916000053 ], [ 7.029996500000038, 53.115161999000065 ], [ 7.052071281000053, 53.130467767000027 ], [ 7.081989910000061, 53.143952240000033 ], [ 7.106141859000047, 53.144234963000031 ], [ 7.115020707000042, 53.146915358000058 ], [ 7.13809932700002, 53.153882458000055 ], [ 7.145928581000021, 53.159912517000066 ], [ 7.17294662200004, 53.148773320000032 ], [ 7.179909319000046, 53.153605902000038 ], [ 7.18918050000002, 53.154935999000031 ], [ 7.187933133000058, 53.146915358000058 ], [ 7.179578544000037, 53.137759084000038 ], [ 7.180761360000076, 53.129314233000059 ], [ 7.184819918000073, 53.12101503100007 ], [ 7.202794500000039, 53.113281499000038 ], [ 7.199445227000069, 53.081131285000026 ], [ 7.206108396000047, 53.046460250000052 ], [ 7.212053500000025, 53.01519999900006 ], [ 7.212802500000066, 53.010958499000026 ], [ 7.216743500000064, 53.007564999000067 ], [ 7.209113479000052, 52.999475894000057 ], [ 7.200932500000022, 52.982761999000047 ], [ 7.18157, 52.94130399900007 ] ] ] ] } },
{ "type": "Feature", "properties": { "GISCO_ID": "NL_GM1952", "CNTR_CODE": "NL", "LAU_ID": "GM1952", "LAU_NAME": "Midden-Groningen", "cell_coverage": [ [ 0, 0, 0, 0, 0.0691, 0.0639, 0.046, 0, 0 ], [ 0, 0.0149, 0.4038, 0.7756, 0.9954, 0.9929, 0.6943, 0, 0 ], [ 0, 0.1375, 0.9727, 1, 1, 1, 0.9202, 0.0845, 0 ], [ 0.2244, 0.9359, 1, 1, 1, 1, 0.9393, 0.0613, 0 ], [ 0, 0.5095, 1, 1, 0.9721, 0.9899, 0.9469, 0.8566, 0.0052 ], [ 0, 0.0345, 0.1585, 0.6409, 0.3433, 0.0067, 0.0001, 0.0438, 0.0315 ], [ 0, 0, 0, 0, 0.0576, 0, 0, 0, 0 ] ], "xmin": 6.625, "xmax": 7.0, "ymin": 53.041666666666657, "ymax": 53.333333333333321 }, "geometry": { "type": "MultiPolygon", "coordinates": [ [ [ [ 6.965328, 53.110873999000034 ], [ 6.961766, 53.110061499000039 ], [ 6.958158653000055, 53.119885349000072 ], [ 6.933111107000059, 53.124298768000074 ], [ 6.898734233000027, 53.128107663000037 ], [ 6.887735572000054, 53.128247725000051 ], [ 6.871604971000068, 53.123850202000028 ], [ 6.816948871000022, 53.127751852000074 ], [ 6.804732090000073, 53.124166237000054 ], [ 6.802216287000022, 53.117889283000068 ], [ 6.81381, 53.071048499000028 ], [ 6.776506, 53.094764499000064 ], [ 6.762402724000026, 53.103606238000054 ], [ 6.73781628200004, 53.119020167000031 ], [ 6.694853, 53.121043999000051 ], [ 6.687311586000021, 53.146915358000058 ], [ 6.688686314000051, 53.152332499000067 ], [ 6.685387949000074, 53.157719911000072 ], [ 6.663883319000035, 53.171223994000059 ], [ 6.656462910000073, 53.180245070000069 ], [ 6.645041049000042, 53.184901953000065 ], [ 6.643377108000038, 53.19052904800003 ], [ 6.665137897000022, 53.200841135000076 ], [ 6.680847614000072, 53.201553540000077 ], [ 6.68242594000003, 53.209857139000064 ], [ 6.699914008000064, 53.218214684000031 ], [ 6.714023103000045, 53.239588516000026 ], [ 6.705045600000062, 53.252301658000079 ], [ 6.704972219000069, 53.257754163000072 ], [ 6.772566500000039, 53.283092499000077 ], [ 6.814284, 53.297542499000031 ], [ 6.824799533000032, 53.29684929900003 ], [ 6.829957075000038, 53.291093567000075 ], [ 6.843000216000064, 53.29022283300003 ], [ 6.852363608000076, 53.296512126000039 ], [ 6.862423488000047, 53.295050180000032 ], [ 6.887363500000049, 53.298068999000066 ], [ 6.893055048000065, 53.286448938000035 ], [ 6.890856720000045, 53.280109848000052 ], [ 6.908617375000063, 53.276498190000041 ], [ 6.911510500000077, 53.242969499000026 ], [ 6.909127343000023, 53.234107648000077 ], [ 6.911526876000039, 53.22758000400006 ], [ 6.92148687200006, 53.225664842000072 ], [ 6.928257999000039, 53.21281280900007 ], [ 6.92442774500006, 53.209857139000064 ], [ 6.922119764000058, 53.208076153000036 ], [ 6.923413604000075, 53.204126631000065 ], [ 6.917714795000052, 53.196724360000076 ], [ 6.923851482000032, 53.192693434000034 ], [ 6.916432134000047, 53.188573887000075 ], [ 6.906596841000066, 53.167605428000059 ], [ 6.926977568000041, 53.168707798000071 ], [ 6.931305505000068, 53.165722680000044 ], [ 6.940942784000072, 53.166026686000066 ], [ 6.944173589000059, 53.159816455000055 ], [ 6.950042352000025, 53.158047711000052 ], [ 6.953649556000073, 53.146915358000058 ], [ 6.965328, 53.110873999000034 ] ] ] ] } },
{ "type": "Feature", "properties": { "GISCO_ID": "NL_GM1954", "CNTR_CODE": "NL", "LAU_ID": "GM1954", "LAU_NAME": "Beekdaelen", "cell_coverage": [ [ 0, 0.1348, 0.3386, 0.6213, 0.5435, 0.2647 ], [ 0.0138, 0.6757, 0.8943, 0.331, 0.0007, 0.0021 ], [ 0.5668, 0.8152, 0.5765, 0.012, 0, 0 ] ], "xmin": 5.7916666666666643, "xmax": 6.0416666666666643, "ymin": 50.875, "ymax": 50.999999999999986 }, "geometry": { "type": "MultiPolygon", "coordinates": [ [ [ [ 5.861491, 50.88232799900004 ], [ 5.835620431000052, 50.882341961000066 ], [ 5.83320709700007, 50.884784477000039 ], [ 5.833951957000068, 50.891791264000062 ], [ 5.819496216000061, 50.88456939200006 ], [ 5.808984156000065, 50.887589017000039 ], [ 5.799839, 50.885627499000066 ], [ 5.796697830000028, 50.895243273000062 ], [ 5.802744071000063, 50.899268357000039 ], [ 5.797638522000057, 50.906902894000041 ], [ 5.801653, 50.914157999000054 ], [ 5.842416054000068, 50.921051638000051 ], [ 5.851365929000053, 50.929542764000075 ], [ 5.856542993000062, 50.941931558000078 ], [ 5.854239790000065, 50.945677248000038 ], [ 5.844409737000035, 50.946791250000047 ], [ 5.842118500000026, 50.948135499000045 ], [ 5.839992500000051, 50.950305999000079 ], [ 5.840242998000065, 50.95737613600005 ], [ 5.844135219000066, 50.96359271700004 ], [ 5.851821972000039, 50.967240040000036 ], [ 5.865113632000032, 50.964640621000058 ], [ 5.869031957000061, 50.96640186500008 ], [ 5.876481665000028, 50.963707019000026 ], [ 5.897198, 50.974845499000025 ], [ 5.918887937000022, 50.97842972400008 ], [ 5.933496578000074, 50.984509285000058 ], [ 5.935858979000045, 50.985492427000054 ], [ 5.953511898000045, 50.987806822000039 ], [ 5.957233, 50.984986999000057 ], [ 5.968306402000053, 50.979986564000058 ], [ 5.980351877000032, 50.982617709000067 ], [ 6.010352524000041, 50.982632057000046 ], [ 6.025744584000051, 50.98263941700003 ], [ 6.016116784000076, 50.963668257000052 ], [ 6.010352524000041, 50.960162352000054 ], [ 6.006087, 50.957567999000048 ], [ 5.965307550000034, 50.960980525000082 ], [ 5.937164739000025, 50.94648303200006 ], [ 5.928448, 50.936607499000047 ], [ 5.912256663000051, 50.927981682000052 ], [ 5.903237618000048, 50.926333241000066 ], [ 5.896376547000045, 50.920716029000062 ], [ 5.923101, 50.904201499000067 ], [ 5.903816474000052, 50.896710006000035 ], [ 5.89071576300006, 50.885662676000038 ], [ 5.869031957000061, 50.883247708000056 ], [ 5.861491, 50.88232799900004 ] ] ] ] } },
{ "type": "Feature", "properties": { "GISCO_ID": "NL_GM1955", "CNTR_CODE": "NL", "LAU_ID": "GM1955", "LAU_NAME": "Montferland", "cell_coverage": [ [ 0.2012, 0.3028, 0, 0, 0, 0 ], [ 0.5193, 0.9726, 0.6933, 0.6605, 0.6588, 0.1131 ], [ 0, 0.1138, 0.7253, 1, 1, 0.6739 ], [ 0, 0, 0.0121, 0.1536, 0.0983, 0.1292 ] ], "xmin": 6.0833333333333321, "xmax": 6.3333333333333321, "ymin": 51.833333333333321, "ymax": 51.999999999999986 }, "geometry": { "type": "MultiPolygon", "coordinates": [ [ [ [ 6.298936, 51.867895499000042 ], [ 6.273815330000048, 51.874350108000044 ], [ 6.260836293000068, 51.868421990000058 ], [ 6.212857301000042, 51.868522614000028 ], [ 6.186953431000063, 51.880444032000071 ], [ 6.182998546000022, 51.885276887000032 ], [ 6.188796877000073, 51.887700366000047 ], [ 6.189941290000036, 51.891407657000059 ], [ 6.171010774000024, 51.899429517000044 ], [ 6.167766, 51.90080449900006 ], [ 6.156314819000045, 51.910130464000076 ], [ 6.151155434000032, 51.909779240000034 ], [ 6.135166714000036, 51.917131104000077 ], [ 6.091524909000043, 51.940390968000031 ], [ 6.091146911000067, 51.96713636100003 ], [ 6.107880263000027, 51.967223255000079 ], [ 6.120726033000039, 51.971197605000043 ], [ 6.129286010000044, 51.977829580000048 ], [ 6.144724, 51.980479999000067 ], [ 6.150829214000055, 51.96684328200007 ], [ 6.158996126000034, 51.958203206000064 ], [ 6.171010774000024, 51.952480733000073 ], [ 6.199776280000037, 51.938779969000052 ], [ 6.206288992000054, 51.942731953000077 ], [ 6.226029930000038, 51.944606461000035 ], [ 6.299765542000046, 51.943935955000029 ], [ 6.305601, 51.938838999000041 ], [ 6.297664024000028, 51.937539936000064 ], [ 6.291000852000025, 51.928420162000066 ], [ 6.290907420000053, 51.924172012000042 ], [ 6.315139632000069, 51.918063906000043 ], [ 6.315621662000069, 51.91357464500004 ], [ 6.308443446000069, 51.910289700000078 ], [ 6.307110298000055, 51.905450436000081 ], [ 6.312896241000033, 51.899151454000048 ], [ 6.329945261000034, 51.893655804000048 ], [ 6.325239976000034, 51.888181333000034 ], [ 6.330270347000067, 51.875086056000043 ], [ 6.324496345000057, 51.869330215000048 ], [ 6.298936, 51.867895499000042 ] ] ] ] } },
{ "type": "Feature", "properties": { "GISCO_ID": "NL_GM1959", "CNTR_CODE": "NL", "LAU_ID": "GM1959", "LAU_NAME": "Altena", "cell_coverage": [ [ 0, 0, 0.0463, 0.1839, 0.2496, 0.6924, 0.8575, 0.7398, 0.4093, 0.0397, 0, 0 ], [ 0, 0.1133, 0.7171, 0.8609, 0.9452, 1, 1, 1, 1, 0.8595, 0.803, 0.1889 ], [ 0.1789, 0.2491, 0.0001, 0, 0.5186, 0.7345, 0.6714, 0.7447, 0.9114, 0.8392, 0.4473, 0.0289 ] ], "xmin": 4.6666666666666643, "xmax": 5.1666666666666643, "ymin": 51.708333333333321, "ymax": 51.833333333333321 }, "geometry": { "type": "MultiPolygon", "coordinates": [ [ [ [ 4.959697281000047, 51.825028818000078 ], [ 4.969583500000056, 51.823653999000044 ], [ 4.987757, 51.821059999000056 ], [ 4.99273450000004, 51.820815999000047 ], [ 5.000534, 51.82093799900008 ], [ 5.007588852000026, 51.817955237000035 ], [ 5.016329401000064, 51.808245137000029 ], [ 5.049629621000065, 51.79699645900007 ], [ 5.068343823000021, 51.780169432000037 ], [ 5.078921304000062, 51.779802558000029 ], [ 5.090716968000038, 51.786426121000034 ], [ 5.098314849000076, 51.787256200000058 ], [ 5.136998128000073, 51.772734304000039 ], [ 5.139051253000048, 51.769255348000058 ], [ 5.136440220000054, 51.76015072000007 ], [ 5.141752179000036, 51.754504250000082 ], [ 5.127084413000034, 51.744877172000031 ], [ 5.128057500000068, 51.737609999000028 ], [ 5.115254, 51.73523349900006 ], [ 5.101634, 51.731212499000037 ], [ 5.092009, 51.727512499000056 ], [ 5.081756, 51.722289999000054 ], [ 5.071325, 51.717040999000062 ], [ 5.064557, 51.714496499000063 ], [ 5.057791, 51.712669499000071 ], [ 5.053347500000029, 51.711814999000069 ], [ 5.043285, 51.710979499000075 ], [ 5.027887500000077, 51.711105499000041 ], [ 5.017269500000054, 51.711951999000064 ], [ 5.003155500000048, 51.713805999000044 ], [ 4.988566500000047, 51.716884499000059 ], [ 4.977333, 51.719714999000075 ], [ 4.969887, 51.721122499000046 ], [ 4.961043, 51.722419499000068 ], [ 4.959697281000047, 51.722511243000042 ], [ 4.95337150000006, 51.722942499000055 ], [ 4.945884, 51.72305699900005 ], [ 4.937557, 51.72259499900008 ], [ 4.917944500000033, 51.719939999000076 ], [ 4.909262, 51.71896349900004 ], [ 4.902655, 51.718620499000053 ], [ 4.896352, 51.718849499000044 ], [ 4.890698, 51.719623499000079 ], [ 4.88433, 51.720100499000068 ], [ 4.877825500000029, 51.720081499000059 ], [ 4.871104, 51.719615999000041 ], [ 4.864389, 51.718635499000072 ], [ 4.836899500000072, 51.71274549900005 ], [ 4.846443156000021, 51.725480325000035 ], [ 4.852523738000059, 51.750451446000056 ], [ 4.850962340000024, 51.754963340000074 ], [ 4.787431907000041, 51.756338044000074 ], [ 4.781855372000052, 51.765525636000064 ], [ 4.772619156000076, 51.759993702000031 ], [ 4.761812055000064, 51.758490162000044 ], [ 4.733477404000041, 51.737051251000082 ], [ 4.720947435000028, 51.733742737000057 ], [ 4.699167636000027, 51.722482013000047 ], [ 4.679157191000058, 51.720479283000032 ], [ 4.67629450000004, 51.724918499000069 ], [ 4.681597, 51.728420499000038 ], [ 4.693263, 51.732280499000069 ], [ 4.703745, 51.736926999000048 ], [ 4.724591, 51.74790499900007 ], [ 4.729445500000054, 51.750709499000038 ], [ 4.736630500000047, 51.755569499000046 ], [ 4.740769, 51.758819499000026 ], [ 4.744787500000029, 51.76348899900006 ], [ 4.750567500000045, 51.775760499000057 ], [ 4.755239, 51.781612499000062 ], [ 4.758403, 51.784415999000032 ], [ 4.765597500000069, 51.78924549900006 ], [ 4.773718, 51.793224499000075 ], [ 4.781813, 51.795943999000031 ], [ 4.797274500000071, 51.799789499000042 ], [ 4.806893, 51.800376999000036 ], [ 4.81618050000003, 51.799678999000037 ], [ 4.828857, 51.797992499000031 ], [ 4.836137, 51.797801999000058 ], [ 4.845998500000064, 51.798755499000038 ], [ 4.854541, 51.800838499000065 ], [ 4.859855, 51.802657999000076 ], [ 4.865608, 51.805480999000054 ], [ 4.876177, 51.811897499000054 ], [ 4.884839500000055, 51.816570499000079 ], [ 4.889427, 51.81890499900004 ], [ 4.904166500000031, 51.823971499000038 ], [ 4.911253, 51.825977499000032 ], [ 4.918606500000067, 51.827479999000047 ], [ 4.92272, 51.828075499000079 ], [ 4.926900500000045, 51.828300499000079 ], [ 4.931143, 51.828529499000069 ], [ 4.936063, 51.828315499000041 ], [ 4.959697281000047, 51.825028818000078 ] ] ] ] } },
{ "type": "Feature", "properties": { "GISCO_ID": "NL_GM1960", "CNTR_CODE": "NL", "LAU_ID": "GM1960", "LAU_NAME": "West Betuwe", "cell_coverage": [ [ 0, 0, 0, 0, 0.1444, 0.1537, 0.1873, 0.2989, 0, 0, 0 ], [ 0, 0, 0.007, 0.3538, 0.9576, 1, 1, 0.9479, 0.4057, 0.0095, 0 ], [ 0.0158, 0.442, 0.8488, 1, 1, 1, 1, 1, 0.9769, 0.623, 0.4159 ], [ 0, 0.1223, 0.2685, 0.2603, 0.4322, 0.4745, 0.4826, 0.3247, 0.3007, 0.6287, 0.0742 ] ], "xmin": 4.9583333333333321, "xmax": 5.4166666666666652, "ymin": 51.791666666666657, "ymax": 51.958333333333321 }, "geometry": { "type": "MultiPolygon", "coordinates": [ [ [ [ 5.415201500000023, 51.851817999000048 ], [ 5.412689500000056, 51.847835499000041 ], [ 5.409544500000038, 51.844226999000057 ], [ 5.406377500000076, 51.841499499000065 ], [ 5.401161, 51.838126999000053 ], [ 5.3894, 51.831149999000047 ], [ 5.383595, 51.826495999000031 ], [ 5.38001550000007, 51.822955999000044 ], [ 5.374294500000076, 51.815788499000064 ], [ 5.367372500000045, 51.809219499000051 ], [ 5.362017500000036, 51.80604149900006 ], [ 5.359626424000055, 51.805328585000041 ], [ 5.356810500000051, 51.804488999000057 ], [ 5.352410500000076, 51.804008499000076 ], [ 5.348505, 51.804118999000082 ], [ 5.343979, 51.804828499000052 ], [ 5.341041, 51.805785999000079 ], [ 5.337631500000043, 51.807422999000039 ], [ 5.333545, 51.810184499000059 ], [ 5.328244500000039, 51.815120499000045 ], [ 5.323568, 51.818389999000033 ], [ 5.315661500000033, 51.821834499000033 ], [ 5.310158500000057, 51.823291999000048 ], [ 5.308183, 51.82369249900006 ], [ 5.30194750000004, 51.824092999000072 ], [ 5.29595, 51.823905999000033 ], [ 5.290527500000053, 51.823135499000045 ], [ 5.281791, 51.821120999000073 ], [ 5.273667, 51.819694499000036 ], [ 5.267348, 51.81893149900003 ], [ 5.25954770200002, 51.818388808000066 ], [ 5.253585500000042, 51.81797399900006 ], [ 5.244852500000036, 51.816882999000029 ], [ 5.222882, 51.811382499000047 ], [ 5.213803, 51.810077499000045 ], [ 5.210140500000023, 51.80990999900007 ], [ 5.20681, 51.809928999000078 ], [ 5.199903, 51.810538999000073 ], [ 5.193422, 51.811946999000043 ], [ 5.182432, 51.814937499000052 ], [ 5.172384, 51.817069999000068 ], [ 5.168043, 51.817203499000072 ], [ 5.159123500000021, 51.816241999000056 ], [ 5.14133750000002, 51.814094499000078 ], [ 5.127471, 51.815406999000061 ], [ 5.123514500000056, 51.816238499000065 ], [ 5.11683, 51.818317499000045 ], [ 5.106519, 51.822276999000053 ], [ 5.097127, 51.825397499000076 ], [ 5.092949500000032, 51.826339499000028 ], [ 5.087656, 51.826823999000055 ], [ 5.081109, 51.826659999000071 ], [ 5.072021, 51.825256499000034 ], [ 5.060967500000061, 51.821944999000038 ], [ 5.053665, 51.819152999000039 ], [ 5.051027500000032, 51.818420499000069 ], [ 5.045799500000044, 51.817657499000063 ], [ 5.038774500000045, 51.817348499000047 ], [ 5.026677500000062, 51.818736999000066 ], [ 5.030486795000058, 51.840461375000075 ], [ 5.000335901000028, 51.84497960200008 ], [ 4.998569500000031, 51.851829499000075 ], [ 4.995765583000036, 51.861017376000063 ], [ 5.006083447000037, 51.858167717000072 ], [ 5.0269, 51.858562499000072 ], [ 5.058963361000053, 51.858659144000057 ], [ 5.061377863000075, 51.86188455000007 ], [ 5.052550022000048, 51.867974637000032 ], [ 5.055975713000066, 51.872972190000041 ], [ 5.079952779000052, 51.875834387000054 ], [ 5.090988190000076, 51.888279696000041 ], [ 5.113619827000036, 51.888851567000074 ], [ 5.142491, 51.924971999000036 ], [ 5.159356249000041, 51.92804136400008 ], [ 5.165455838000071, 51.926002918000052 ], [ 5.162081073000024, 51.921420688000069 ], [ 5.164305340000055, 51.920144790000052 ], [ 5.206652397000028, 51.925540539000053 ], [ 5.214493628000071, 51.92019653400007 ], [ 5.236106569000071, 51.924696595000057 ], [ 5.255343, 51.935458999000048 ], [ 5.25954770200002, 51.934715251000057 ], [ 5.283369753000045, 51.93050149000004 ], [ 5.285203876000026, 51.925296087000049 ], [ 5.276637326000071, 51.920415541000068 ], [ 5.277540850000037, 51.916653730000064 ], [ 5.294353220000062, 51.90142899500006 ], [ 5.320245312000054, 51.890832566000029 ], [ 5.320272745000068, 51.881635686000038 ], [ 5.333914978000053, 51.880995745000064 ], [ 5.338987, 51.873996499000043 ], [ 5.328620528000044, 51.864433860000076 ], [ 5.328957976000027, 51.857806221000033 ], [ 5.359626424000055, 51.858543114000042 ], [ 5.377403701000048, 51.861470107000059 ], [ 5.393535395000072, 51.854094256000053 ], [ 5.415201500000023, 51.851817999000048 ] ] ] ] } },
{ "type": "Feature", "properties": { "GISCO_ID": "NL_GM1961", "CNTR_CODE": "NL", "LAU_ID": "GM1961", "LAU_NAME": "Vijfheerenlanden", "cell_coverage": [ [ 0, 0, 0, 0, 0.0379, 0, 0 ], [ 0.0567, 0.2262, 0.356, 0.7772, 0.9969, 0.5918, 0.0612 ], [ 0.4407, 1, 1, 1, 1, 0.6764, 0.0084 ], [ 0.001, 0.3452, 0.9665, 0.993, 0.6462, 0.0424, 0 ], [ 0, 0.0007, 0.1664, 0.1512, 0, 0, 0 ] ], "xmin": 4.9166666666666643, "xmax": 5.2083333333333313, "ymin": 51.833333333333321, "ymax": 52.041666666666657 }, "geometry": { "type": "MultiPolygon", "coordinates": [ [ [ [ 5.119566, 51.999782499000048 ], [ 5.134269, 51.996581999000057 ], [ 5.137483, 51.995345999000051 ], [ 5.139673500000072, 51.993900499000063 ], [ 5.141727500000059, 51.991149999000072 ], [ 5.144915500000025, 51.979758999000069 ], [ 5.147793500000034, 51.975433499000076 ], [ 5.151071500000057, 51.973048999000071 ], [ 5.156577500000026, 51.971145499000045 ], [ 5.16099550000007, 51.970470499000044 ], [ 5.168918, 51.970062499000051 ], [ 5.172442, 51.96960449900007 ], [ 5.175843, 51.968895499000041 ], [ 5.179851, 51.967605499000058 ], [ 5.142491, 51.924971999000036 ], [ 5.113619827000036, 51.888851567000074 ], [ 5.090988190000076, 51.888279696000041 ], [ 5.079952779000052, 51.875834387000054 ], [ 5.055975713000066, 51.872972190000041 ], [ 5.052550022000048, 51.867974637000032 ], [ 5.061377863000075, 51.86188455000007 ], [ 5.058963361000053, 51.858659144000057 ], [ 5.0269, 51.858562499000072 ], [ 5.022462394000058, 51.869349784000065 ], [ 5.024098632000062, 51.87999994200004 ], [ 4.996590117000039, 51.874284662000036 ], [ 4.998800238000058, 51.884618028000034 ], [ 4.994851818000029, 51.901208306000058 ], [ 4.974406908000049, 51.898166436000054 ], [ 4.972889107000071, 51.907408745000055 ], [ 4.959697281000047, 51.914552253000068 ], [ 4.956492080000032, 51.916287901000032 ], [ 4.948517277000064, 51.93240477900008 ], [ 4.939072998000029, 51.930287297000064 ], [ 4.932419237000033, 51.946454248000066 ], [ 4.926236, 51.950690999000074 ], [ 4.939202722000061, 51.963060893000034 ], [ 4.947671160000027, 51.96388354100003 ], [ 4.959697281000047, 51.960517499000048 ], [ 4.960941883000032, 51.960169142000041 ], [ 4.969959589000041, 51.960421061000034 ], [ 4.987419311000053, 51.973387284000069 ], [ 4.995682115000022, 51.976974036000058 ], [ 5.005169319000061, 51.976863951000041 ], [ 5.020315180000068, 51.97005678000005 ], [ 5.031136820000029, 51.969397835000052 ], [ 5.042757480000034, 51.980542477000029 ], [ 5.062776500000041, 51.991050499000039 ], [ 5.065266500000064, 51.993240999000079 ], [ 5.06761350000005, 51.994605999000044 ], [ 5.071581, 51.99607099900004 ], [ 5.077326500000026, 51.997516499000028 ], [ 5.083254500000066, 51.999149499000055 ], [ 5.089566500000046, 52.001415499000075 ], [ 5.094229, 52.002322999000057 ], [ 5.098639, 52.002761999000029 ], [ 5.103268, 52.002944999000078 ], [ 5.107894, 52.00267799900007 ], [ 5.114773, 52.001388499000029 ], [ 5.119566, 51.999782499000048 ] ] ] ] } },
{ "type": "Feature", "properties": { "GISCO_ID": "NL_GM1963", "CNTR_CODE": "NL", "LAU_ID": "GM1963", "LAU_NAME": "Hoeksche Waard", "cell_coverage": [ [ 0, 0, 0, 0, 0, 0.019, 0.023, 0.0049, 0, 0, 0 ], [ 0, 0.223, 0.4278, 0.6155, 0.87, 0.9785, 0.9886, 0.9569, 0.668, 0.2931, 0 ], [ 0.3097, 0.9855, 1, 1, 1, 1, 1, 1, 1, 0.999, 0.0543 ], [ 0, 0.2737, 0.7303, 0.9274, 0.9665, 0.9936, 1, 1, 1, 0.9417, 0.063 ], [ 0, 0, 0, 0, 0, 0.0536, 0.2623, 0.3648, 0.24, 0.0433, 0 ] ], "xmin": 4.2083333333333321, "xmax": 4.6666666666666652, "ymin": 51.66666666666665, "ymax": 51.875 }, "geometry": { "type": "MultiPolygon", "coordinates": [ [ [ [ 4.621221, 51.801089999000055 ], [ 4.622744, 51.793746999000064 ], [ 4.626474, 51.78577049900008 ], [ 4.627429, 51.782539499000052 ], [ 4.627693500000021, 51.77684799900004 ], [ 4.626267, 51.769489499000031 ], [ 4.626193, 51.764774499000055 ], [ 4.627441, 51.759216499000047 ], [ 4.630738500000064, 51.751624999000057 ], [ 4.631604, 51.747169499000051 ], [ 4.631526, 51.74402599900003 ], [ 4.630564, 51.739345499000081 ], [ 4.626636500000075, 51.728381999000078 ], [ 4.620420500000023, 51.714126499000031 ], [ 4.617063, 51.71345149900003 ], [ 4.597493, 51.705508999000074 ], [ 4.589300500000036, 51.703323499000078 ], [ 4.554929500000071, 51.696853499000042 ], [ 4.54247, 51.694823499000051 ], [ 4.535013500000048, 51.693969499000048 ], [ 4.530433500000072, 51.693443499000068 ], [ 4.514917500000024, 51.69247449900007 ], [ 4.507106, 51.69250499900005 ], [ 4.50043050000005, 51.692905499000062 ], [ 4.488801, 51.695113999000057 ], [ 4.469587500000046, 51.699607999000079 ], [ 4.42355, 51.709472499000071 ], [ 4.359041061000028, 51.710071127000049 ], [ 4.314801302000035, 51.71741576200003 ], [ 4.267356225000071, 51.738397577000057 ], [ 4.249135091000028, 51.758029896000039 ], [ 4.213266500000032, 51.785258999000064 ], [ 4.223066165000034, 51.787452318000078 ], [ 4.241923085000053, 51.783404203000032 ], [ 4.267838902000051, 51.804401700000028 ], [ 4.296230280000032, 51.80276875800007 ], [ 4.308083099000044, 51.809248840000066 ], [ 4.339747512000031, 51.81694768400007 ], [ 4.369799178000051, 51.81762616900005 ], [ 4.397118007000074, 51.830887167000071 ], [ 4.421451469000033, 51.830243936000045 ], [ 4.432489, 51.83704749900005 ], [ 4.444158500000071, 51.833358999000041 ], [ 4.449988, 51.832179999000061 ], [ 4.45870350000007, 51.831649999000035 ], [ 4.467402500000048, 51.83197799900006 ], [ 4.473188500000049, 51.832813499000054 ], [ 4.478962500000023, 51.834216999000034 ], [ 4.489014500000053, 51.835487499000067 ], [ 4.496349500000065, 51.835498999000038 ], [ 4.502165, 51.834869499000035 ], [ 4.519655500000056, 51.830726499000036 ], [ 4.525476, 51.829852999000082 ], [ 4.531272500000057, 51.830196499000067 ], [ 4.53995, 51.831664999000054 ], [ 4.545748, 51.831943499000033 ], [ 4.548653, 51.831763999000032 ], [ 4.553419, 51.829990499000075 ], [ 4.555587, 51.828651499000046 ], [ 4.557238, 51.826865999000063 ], [ 4.559262, 51.823283999000068 ], [ 4.560160500000052, 51.819698499000026 ], [ 4.561202, 51.817905499000062 ], [ 4.564457, 51.814334999000039 ], [ 4.566404500000033, 51.813007499000037 ], [ 4.56933250000003, 51.811496499000043 ], [ 4.574099, 51.809657499000082 ], [ 4.578902, 51.808311499000069 ], [ 4.583465, 51.807586499000081 ], [ 4.597847, 51.806365999000036 ], [ 4.616213, 51.801784499000064 ], [ 4.621221, 51.801089999000055 ] ] ] ] } },
{ "type": "Feature", "properties": { "GISCO_ID": "NL_GM1966", "CNTR_CODE": "NL", "LAU_ID": "GM1966", "LAU_NAME": "Het Hogeland", "cell_coverage": [ [ 0, 0, 0, 0, 0, 0, 0, 0.1725, 0.0075, 0.0069, 0.0032, 0, 0, 0, 0, 0, 0, 0 ], [ 0, 0, 0, 0, 0, 0.01, 0.0547, 0.2911, 0.0083, 0.0964, 0.1056, 0, 0, 0, 0, 0, 0, 0 ], [ 0, 0, 0, 0, 0, 0, 0, 0, 0, 0, 0, 0, 0.0431, 0.1311, 0.0748, 0.0449, 0, 0 ], [ 0, 0, 0, 0, 0, 0.0317, 0.1282, 0.2267, 0.3253, 0.4637, 0.6492, 0.8976, 1, 1, 0.9964, 0.9628, 0.765, 0.0543 ], [ 0.6705, 0.8793, 0.828, 0.6224, 0.9043, 0.9981, 1, 1, 1, 1, 1, 1, 1, 0.8225, 0.3145, 0.1425, 0.0503, 0.0012 ], [ 0.2371, 0.584, 0.7288, 0.98, 1, 1, 1, 1, 1, 1, 0.779, 0.2622, 0.211, 0.0131, 0, 0, 0, 0 ], [ 0, 0, 0, 0.1881, 0.3677, 0.2857, 0.2017, 0.4023, 0.9883, 1, 0.8696, 0.2814, 0, 0, 0, 0, 0, 0 ], [ 0, 0, 0, 0, 0, 0, 0, 0, 0.7144, 0.6784, 0.9105, 0.2019, 0, 0, 0, 0, 0, 0 ] ], "xmin": 6.1666666666666643, "xmax": 6.9166666666666643, "ymin": 53.25, "ymax": 53.583333333333321 }, "geometry": { "type": "MultiPolygon", "coordinates": [ [ [ [ 6.286981500000024, 53.34138099900008 ], [ 6.254377987000055, 53.348301035000077 ], [ 6.234105698000064, 53.343286245000058 ], [ 6.224626600000022, 53.353943770000058 ], [ 6.217767356000024, 53.357263646000035 ], [ 6.17829957500004, 53.365559664000045 ], [ 6.16982391800002, 53.376911926000048 ], [ 6.168146511000032, 53.389653647000046 ], [ 6.191301500000066, 53.410937999000055 ], [ 6.209106602000077, 53.408670079000046 ], [ 6.25280785800004, 53.415134324000064 ], [ 6.31033760300005, 53.397284340000056 ], [ 6.333801563000065, 53.405972400000053 ], [ 6.339850328000068, 53.410713005000048 ], [ 6.365178616000037, 53.414886701000057 ], [ 6.53920253900003, 53.432022861000064 ], [ 6.600598035000075, 53.442473628000073 ], [ 6.659137876000045, 53.457628575000058 ], [ 6.750988686000028, 53.465719703000048 ], [ 6.794116103000022, 53.456120445000067 ], [ 6.813650566000035, 53.462852014000077 ], [ 6.827036516000021, 53.46042391800006 ], [ 6.832073985000022, 53.45773283300008 ], [ 6.832584552000071, 53.453806309000072 ], [ 6.823771953000062, 53.450390392000031 ], [ 6.834944015000076, 53.443951120000065 ], [ 6.842377848000069, 53.444507328000043 ], [ 6.839625432000048, 53.449012577000076 ], [ 6.843927548000067, 53.455579689000047 ], [ 6.865114362000043, 53.450536247000059 ], [ 6.882281271000068, 53.438454937000074 ], [ 6.87582519800003, 53.42044517800008 ], [ 6.874905, 53.40801299900005 ], [ 6.843008717000032, 53.421803188000069 ], [ 6.792462, 53.403595499000062 ], [ 6.778256559000056, 53.410043599000062 ], [ 6.697606171000075, 53.363725683000041 ], [ 6.682469146000074, 53.366945066000028 ], [ 6.644819274000042, 53.365490040000054 ], [ 6.627911101000052, 53.360822804000065 ], [ 6.625121138000054, 53.350829455000053 ], [ 6.596953873000075, 53.346971412000073 ], [ 6.604645377000054, 53.339247882000052 ], [ 6.599158063000061, 53.336002053000072 ], [ 6.600333516000035, 53.331823553000049 ], [ 6.611006383000074, 53.32891617100006 ], [ 6.619628932000069, 53.315298676000054 ], [ 6.63648141300007, 53.314293981000048 ], [ 6.643237813000042, 53.308676022000043 ], [ 6.654213500000026, 53.308639499000037 ], [ 6.626826851000033, 53.267346341000064 ], [ 6.633683290000022, 53.258508850000055 ], [ 6.634329376000039, 53.251447184000028 ], [ 6.608556401000044, 53.251540312000031 ], [ 6.587865090000037, 53.255989620000037 ], [ 6.58734499600007, 53.261812157000065 ], [ 6.548312510000073, 53.26444177500008 ], [ 6.539228022000032, 53.263613259000067 ], [ 6.537132676000056, 53.259984435000035 ], [ 6.524286824000058, 53.25703754500006 ], [ 6.508251, 53.257472999000072 ], [ 6.502176763000023, 53.280602724000062 ], [ 6.503561622000063, 53.295853222000062 ], [ 6.483682833000046, 53.315387598000029 ], [ 6.479600432000041, 53.322792305000064 ], [ 6.465143276000049, 53.321438716000046 ], [ 6.460306811000066, 53.327399415000059 ], [ 6.452883707000069, 53.328528483000071 ], [ 6.448361693000038, 53.326785141000073 ], [ 6.448485104000042, 53.321092591000081 ], [ 6.440345509000053, 53.317246204000071 ], [ 6.430916865000029, 53.327672322000069 ], [ 6.416441478000024, 53.327859531000058 ], [ 6.401780178000024, 53.319440182000051 ], [ 6.36847982200004, 53.321230614000058 ], [ 6.357371640000054, 53.314680331000034 ], [ 6.344941913000071, 53.318769317000033 ], [ 6.326401234000059, 53.315474007000034 ], [ 6.318318072000068, 53.318530899000052 ], [ 6.312270697000031, 53.329193025000052 ], [ 6.286981500000024, 53.34138099900008 ] ] ], [ [ [ 6.567435611000064, 53.540533037000046 ], [ 6.57109044300006, 53.542771081000069 ], [ 6.593313804000047, 53.542026559000078 ], [ 6.620523218000073, 53.535823189000041 ], [ 6.579168681000056, 53.536805739000044 ], [ 6.562198749000061, 53.527026379000063 ], [ 6.560485260000064, 53.531674942000052 ], [ 6.567435611000064, 53.540533037000046 ] ] ], [ [ [ 6.583501764000061, 53.524941889000047 ], [ 6.591589677000059, 53.526949667000054 ], [ 6.598333609000065, 53.522670547000075 ], [ 6.592611287000068, 53.519067734000032 ], [ 6.583501764000061, 53.524941889000047 ] ] ], [ [ [ 6.50463428200004, 53.55265397800008 ], [ 6.505412557000056, 53.549891795000065 ], [ 6.499218795000047, 53.550474836000035 ], [ 6.497993957000062, 53.546326641000064 ], [ 6.48937490000003, 53.54966465800004 ], [ 6.48521934300004, 53.547748311000078 ], [ 6.509479694000049, 53.533730855000044 ], [ 6.500159905000032, 53.536128933000043 ], [ 6.493836857000076, 53.532597809000038 ], [ 6.474493721000044, 53.534872961000076 ], [ 6.47593143000006, 53.530862733000049 ], [ 6.485507478000045, 53.52692907100004 ], [ 6.488409561000026, 53.522768900000074 ], [ 6.484364457000027, 53.515971346000072 ], [ 6.478379269000072, 53.513733316000071 ], [ 6.460429745000056, 53.542326161000062 ], [ 6.467448608000041, 53.54803348300004 ], [ 6.483166554000036, 53.553789283000071 ], [ 6.50463428200004, 53.55265397800008 ] ] ], [ [ [ 6.423947941000051, 53.51323033500006 ], [ 6.415078737000044, 53.516449150000028 ], [ 6.414717279000058, 53.526097097000047 ], [ 6.424572182000077, 53.524998048000043 ], [ 6.426267019000022, 53.519348025000056 ], [ 6.423947941000051, 53.51323033500006 ] ] ] ] } },
{ "type": "Feature", "properties": { "GISCO_ID": "NL_GM1969", "CNTR_CODE": "NL", "LAU_ID": "GM1969", "LAU_NAME": "Westerkwartier", "cell_coverage": [ [ 0, 0, 0.0224, 0.02, 0, 0, 0, 0, 0 ], [ 0, 0, 0.2423, 0.8119, 0.6323, 0.7143, 0.7983, 0.5977, 0.0117 ], [ 0, 0.1205, 0.9361, 1, 1, 1, 1, 1, 0.1227 ], [ 0, 0.6081, 1, 1, 1, 1, 1, 0.4045, 0.0048 ], [ 0.3563, 0.9716, 1, 1, 1, 0.9214, 0.4792, 0.0329, 0 ], [ 0.715, 1, 1, 1, 0.9696, 0.1581, 0, 0, 0 ], [ 0.0513, 0.2386, 0.3578, 0.7234, 0.5083, 0, 0, 0, 0 ] ], "xmin": 6.1666666666666643, "xmax": 6.5416666666666643, "ymin": 53.083333333333321, "ymax": 53.375 }, "geometry": { "type": "MultiPolygon", "coordinates": [ [ [ [ 6.176817, 53.159450499000059 ], [ 6.178317331000073, 53.167587630000071 ], [ 6.200425860000053, 53.198019029000079 ], [ 6.218633228000044, 53.20604172600008 ], [ 6.22202846600004, 53.209857139000064 ], [ 6.22936665800006, 53.21810346500007 ], [ 6.229442749000043, 53.222231635000071 ], [ 6.224077025000042, 53.229527791000066 ], [ 6.215087525000058, 53.23487454900004 ], [ 6.221130149000032, 53.238617992000059 ], [ 6.219774776000065, 53.24232581800004 ], [ 6.23046338100005, 53.246073190000061 ], [ 6.234276392000027, 53.252612440000064 ], [ 6.232179, 53.256747999000027 ], [ 6.253287653000029, 53.269602875000032 ], [ 6.252304971000058, 53.279279475000067 ], [ 6.255240905000051, 53.287842148000038 ], [ 6.268144889000041, 53.291132395000034 ], [ 6.277682335000065, 53.301540566000028 ], [ 6.290188374000024, 53.307326165000063 ], [ 6.281672419000074, 53.315137888000038 ], [ 6.286981500000024, 53.34138099900008 ], [ 6.312270697000031, 53.329193025000052 ], [ 6.318318072000068, 53.318530899000052 ], [ 6.326401234000059, 53.315474007000034 ], [ 6.344941913000071, 53.318769317000033 ], [ 6.357371640000054, 53.314680331000034 ], [ 6.36847982200004, 53.321230614000058 ], [ 6.401780178000024, 53.319440182000051 ], [ 6.416441478000024, 53.327859531000058 ], [ 6.430916865000029, 53.327672322000069 ], [ 6.440345509000053, 53.317246204000071 ], [ 6.448485104000042, 53.321092591000081 ], [ 6.448361693000038, 53.326785141000073 ], [ 6.452883707000069, 53.328528483000071 ], [ 6.460306811000066, 53.327399415000059 ], [ 6.465143276000049, 53.321438716000046 ], [ 6.479600432000041, 53.322792305000064 ], [ 6.483682833000046, 53.315387598000029 ], [ 6.503561622000063, 53.295853222000062 ], [ 6.502176763000023, 53.280602724000062 ], [ 6.508251, 53.257472999000072 ], [ 6.509772792000035, 53.253183172000035 ], [ 6.502889885000059, 53.248198614000046 ], [ 6.494420785000045, 53.246265056000027 ], [ 6.48120472100004, 53.248868151000067 ], [ 6.466954274000045, 53.209857139000064 ], [ 6.463397, 53.20011899900004 ], [ 6.449005388000046, 53.196478629000069 ], [ 6.439923891000035, 53.186593766000044 ], [ 6.408597513000075, 53.178004162000036 ], [ 6.402743509000061, 53.167478343000028 ], [ 6.382765168000049, 53.154020766000031 ], [ 6.379044533000069, 53.146915358000058 ], [ 6.366176935000055, 53.12234171800003 ], [ 6.363342427000021, 53.108637225000052 ], [ 6.356107473000066, 53.105780706000075 ], [ 6.34451572100005, 53.08811933800007 ], [ 6.315237, 53.094051499000045 ], [ 6.29197689700004, 53.09963848600006 ], [ 6.280043296000031, 53.108288863000041 ], [ 6.263083515000062, 53.113908687000048 ], [ 6.205255796000074, 53.115871973000026 ], [ 6.185723500000051, 53.129264999000043 ], [ 6.175609938000036, 53.136910585000066 ], [ 6.176145715000075, 53.146915358000058 ], [ 6.176817, 53.159450499000059 ] ] ] ] } },
{ "type": "Feature", "properties": { "GISCO_ID": "NL_GM1970", "CNTR_CODE": "NL", "LAU_ID": "GM1970", "LAU_NAME": "Noardeast-Fryslân", "cell_coverage": [ [ 0, 0, 0, 0, 0, 0, 0, 0.0575, 0.1111, 0, 0, 0, 0, 0 ], [ 0, 0, 0, 0, 0, 0, 0, 0, 0, 0, 0, 0, 0, 0 ], [ 0, 0, 0, 0.0573, 0.2871, 0.3702, 0.5348, 0.6855, 0.7567, 0.7692, 0.7645, 0.2103, 0, 0 ], [ 0.1217, 0.4594, 0.7508, 0.9806, 1, 1, 1, 1, 1, 1, 1, 0.7629, 0.416, 0.2487 ], [ 0.3986, 0.9733, 1, 1, 0.8662, 0.4126, 0.4977, 0.4003, 0.4473, 1, 1, 1, 1, 0.7577 ], [ 0, 0.0315, 0.2908, 0.2176, 0.1776, 0, 0, 0, 0.7752, 0.8452, 0.7095, 0.6402, 0.7211, 0.0639 ], [ 0, 0, 0, 0, 0, 0, 0, 0, 0.0534, 0, 0, 0, 0, 0 ] ], "xmin": 5.7083333333333321, "xmax": 6.2916666666666652, "ymin": 53.208333333333321, "ymax": 53.5 }, "geometry": { "type": "MultiPolygon", "coordinates": [ [ [ [ 5.735285500000032, 53.294685499000082 ], [ 5.748279280000077, 53.312954951000052 ], [ 5.72244751300002, 53.316720746000044 ], [ 5.718972500000064, 53.334625999000082 ], [ 5.764588378000042, 53.350859316000026 ], [ 5.883008444000041, 53.384860840000044 ], [ 5.886947922000047, 53.388039993000064 ], [ 5.904319674000021, 53.387996972000053 ], [ 5.919228151000027, 53.387392070000033 ], [ 6.017994424000051, 53.403689684000028 ], [ 6.068109216000039, 53.407516433000069 ], [ 6.084943172000067, 53.405425348000051 ], [ 6.092042724000066, 53.409041028000047 ], [ 6.136814202000039, 53.403720497000052 ], [ 6.176568426000074, 53.414627266000082 ], [ 6.191301500000066, 53.410937999000055 ], [ 6.168146511000032, 53.389653647000046 ], [ 6.16982391800002, 53.376911926000048 ], [ 6.17829957500004, 53.365559664000045 ], [ 6.217767356000024, 53.357263646000035 ], [ 6.224626600000022, 53.353943770000058 ], [ 6.234105698000064, 53.343286245000058 ], [ 6.254377987000055, 53.348301035000077 ], [ 6.286981500000024, 53.34138099900008 ], [ 6.281672419000074, 53.315137888000038 ], [ 6.290188374000024, 53.307326165000063 ], [ 6.277682335000065, 53.301540566000028 ], [ 6.268144889000041, 53.291132395000034 ], [ 6.255240905000051, 53.287842148000038 ], [ 6.252304971000058, 53.279279475000067 ], [ 6.253287653000029, 53.269602875000032 ], [ 6.232179, 53.256747999000027 ], [ 6.221866183000031, 53.258405720000042 ], [ 6.215725944000042, 53.265110401000072 ], [ 6.191271975000063, 53.269801706000067 ], [ 6.186923834000027, 53.268063131000076 ], [ 6.186540099000069, 53.26243574700004 ], [ 6.179464443000029, 53.260035935000076 ], [ 6.164627540000026, 53.263399652000032 ], [ 6.14676137400005, 53.260235474000069 ], [ 6.138410042000032, 53.263811933000056 ], [ 6.043991500000061, 53.24351499900007 ], [ 6.054776483000069, 53.288480674000027 ], [ 6.071030677000067, 53.295021222000059 ], [ 6.072777121000058, 53.323706300000026 ], [ 6.027006748000076, 53.324424488000034 ], [ 6.022279792000063, 53.321521493000034 ], [ 6.018220504000055, 53.309516298000062 ], [ 5.97873407700007, 53.307754698000053 ], [ 5.972881254000072, 53.311758766000082 ], [ 5.971275583000022, 53.319955377000042 ], [ 5.957694660000072, 53.321403652000072 ], [ 5.924622510000063, 53.312978052000062 ], [ 5.898706633000074, 53.302466141000082 ], [ 5.905457530000035, 53.287903457000027 ], [ 5.882314500000064, 53.276778999000044 ], [ 5.859651566000025, 53.287912470000038 ], [ 5.848299650000058, 53.284876481000026 ], [ 5.838859, 53.274905999000055 ], [ 5.81444291400004, 53.27691773600003 ], [ 5.809335658000066, 53.280791288000046 ], [ 5.764205354000069, 53.294081708000078 ], [ 5.735285500000032, 53.294685499000082 ] ] ], [ [ [ 6.057702500000062, 53.475935499000059 ], [ 6.062013, 53.466585499000075 ], [ 6.051307878000046, 53.467144307000069 ], [ 6.031467378000059, 53.460636919000081 ], [ 6.026913362000073, 53.461422299000048 ], [ 6.029939250000041, 53.46611318500004 ], [ 6.041571216000023, 53.47275809000007 ], [ 6.039620751000029, 53.475955345000045 ], [ 6.041373993000036, 53.47795078200005 ], [ 6.057702500000062, 53.475935499000059 ] ] ] ] } },
{ "type": "Feature", "properties": { "GISCO_ID": "NL_GM1978", "CNTR_CODE": "NL", "LAU_ID": "GM1978", "LAU_NAME": "Molenlanden", "cell_coverage": [ [ 0, 0, 0, 0, 0.0135, 0.2515, 0.5658, 0.5628, 0.4767, 0, 0 ], [ 0.0109, 0.2876, 0.427, 0.6182, 0.9607, 1, 1, 1, 0.999, 0.6548, 0.0335 ], [ 0, 0, 0.4034, 0.7588, 0.7182, 0.5833, 0.8491, 0.9495, 0.6085, 0.4373, 0.2287 ], [ 0, 0, 0, 0, 0, 0, 0.0127, 0.0025, 0, 0, 0 ] ], "xmin": 4.5833333333333321, "xmax": 5.0416666666666652, "ymin": 51.791666666666657, "ymax": 51.958333333333321 }, "geometry": { "type": "MultiPolygon", "coordinates": [ [ [ [ 4.998569500000031, 51.851829499000075 ], [ 4.99496905500007, 51.849756185000047 ], [ 4.983906979000039, 51.851491687000077 ], [ 4.98133109500003, 51.857499953000058 ], [ 4.962320183000031, 51.862221534000071 ], [ 4.959697281000047, 51.861412600000051 ], [ 4.95536794700007, 51.860077382000043 ], [ 4.939959027000043, 51.863057666000032 ], [ 4.94207573400007, 51.845582869000054 ], [ 4.924613500000021, 51.839702499000055 ], [ 4.876505175000034, 51.832388436000031 ], [ 4.850003556000047, 51.832524325000065 ], [ 4.836965894000059, 51.859911398000065 ], [ 4.803391500000032, 51.846442999000033 ], [ 4.755674341000031, 51.844572507000066 ], [ 4.742759, 51.841064499000026 ], [ 4.735453261000032, 51.845893175000072 ], [ 4.706791549000059, 51.84128604600005 ], [ 4.683213, 51.848510499000042 ], [ 4.683289961000071, 51.860836762000076 ], [ 4.693149282000036, 51.877421531000039 ], [ 4.667371282000033, 51.875399238000057 ], [ 4.626396, 51.880607499000064 ], [ 4.619486, 51.889606499000081 ], [ 4.62516050000005, 51.889312499000027 ], [ 4.632326, 51.890517999000053 ], [ 4.637862, 51.890945499000054 ], [ 4.649777500000027, 51.889983999000037 ], [ 4.670551500000045, 51.88962949900008 ], [ 4.674735500000054, 51.890388499000039 ], [ 4.68226, 51.893279999000072 ], [ 4.693836500000032, 51.894874499000082 ], [ 4.702544, 51.896880999000075 ], [ 4.708273, 51.897079499000029 ], [ 4.71589750000004, 51.896075999000061 ], [ 4.724331500000062, 51.897899499000061 ], [ 4.730891500000041, 51.900893999000061 ], [ 4.743652, 51.905578499000057 ], [ 4.758281, 51.912971499000037 ], [ 4.766114, 51.915809499000034 ], [ 4.771743500000071, 51.916629999000065 ], [ 4.780772500000069, 51.917117999000027 ], [ 4.789216500000066, 51.91953649900006 ], [ 4.803569500000037, 51.922012499000061 ], [ 4.809457, 51.923667999000031 ], [ 4.811692500000049, 51.924621499000068 ], [ 4.832161, 51.938628999000059 ], [ 4.834906, 51.939849999000046 ], [ 4.838433500000065, 51.940612999000052 ], [ 4.850546500000064, 51.941554999000061 ], [ 4.856427500000052, 51.941108499000052 ], [ 4.873746, 51.937934999000049 ], [ 4.877899500000069, 51.937835499000073 ], [ 4.895151500000054, 51.939807999000038 ], [ 4.913231, 51.942489499000033 ], [ 4.917138500000021, 51.943801999000073 ], [ 4.920599, 51.945674999000062 ], [ 4.923636, 51.947829999000078 ], [ 4.926236, 51.950690999000074 ], [ 4.932419237000033, 51.946454248000066 ], [ 4.939072998000029, 51.930287297000064 ], [ 4.948517277000064, 51.93240477900008 ], [ 4.956492080000032, 51.916287901000032 ], [ 4.959697281000047, 51.914552253000068 ], [ 4.972889107000071, 51.907408745000055 ], [ 4.974406908000049, 51.898166436000054 ], [ 4.994851818000029, 51.901208306000058 ], [ 4.998800238000058, 51.884618028000034 ], [ 4.996590117000039, 51.874284662000036 ], [ 5.024098632000062, 51.87999994200004 ], [ 5.022462394000058, 51.869349784000065 ], [ 5.0269, 51.858562499000072 ], [ 5.006083447000037, 51.858167717000072 ], [ 4.995765583000036, 51.861017376000063 ], [ 4.998569500000031, 51.851829499000075 ] ] ] ] } },
{ "type": "Feature", "properties": { "GISCO_ID": "NL_GM0003", "CNTR_CODE": "NL", "LAU_ID": "GM0003", "LAU_NAME": "Appingedam", "cell_coverage": [ [ 0, 0.2474, 0.0633 ], [ 0.4426, 0.9252, 0.2031 ], [ 0.0014, 0.0071, 0 ] ], "xmin": 6.7916666666666643, "xmax": 6.9166666666666643, "ymin": 53.25, "ymax": 53.375 }, "geometry": { "type": "MultiPolygon", "coordinates": [ [ [ [ 6.814284, 53.297542499000031 ], [ 6.808776800000032, 53.303533025000036 ], [ 6.810465015000034, 53.307697479000069 ], [ 6.804672997000068, 53.315123142000061 ], [ 6.805591788000072, 53.323966357000074 ], [ 6.836199479000072, 53.328473736000035 ], [ 6.837933466000038, 53.330647017000047 ], [ 6.834322891000056, 53.336479657000041 ], [ 6.834331500000076, 53.343269999000029 ], [ 6.840101674000039, 53.345250503000045 ], [ 6.865752070000042, 53.342366647000063 ], [ 6.876694770000029, 53.346760034000056 ], [ 6.88430411500002, 53.344930951000038 ], [ 6.882270300000073, 53.326701334000063 ], [ 6.883722277000061, 53.314446577000069 ], [ 6.887830241000074, 53.308107040000039 ], [ 6.887363500000049, 53.298068999000066 ], [ 6.862423488000047, 53.295050180000032 ], [ 6.852363608000076, 53.296512126000039 ], [ 6.843000216000064, 53.29022283300003 ], [ 6.829957075000038, 53.291093567000075 ], [ 6.824799533000032, 53.29684929900003 ], [ 6.814284, 53.297542499000031 ] ] ] ] } },
{ "type": "Feature", "properties": { "GISCO_ID": "NL_GM0010", "CNTR_CODE": "NL", "LAU_ID": "GM0010", "LAU_NAME": "Delfzijl", "cell_coverage": [ [ 0, 0.0022, 0.0365, 0, 0, 0, 0, 0, 0 ], [ 0.0956, 0.8492, 0.9496, 0.2176, 0, 0, 0, 0, 0 ], [ 0, 0.3316, 0.745, 0.6165, 0.0427, 0, 0, 0, 0 ], [ 0, 0, 0, 0.7508, 0.8577, 0.5655, 0.3388, 0.238, 0.0336 ], [ 0, 0, 0, 0.3057, 0.9708, 0.6947, 0.761, 0.9289, 0.0306 ], [ 0, 0, 0, 0.0244, 0.1528, 0, 0, 0.0479, 0 ] ], "xmin": 6.75, "xmax": 7.125, "ymin": 53.208333333333321, "ymax": 53.458333333333321 }, "geometry": { "type": "MultiPolygon", "coordinates": [ [ [ [ 6.874905, 53.40801299900005 ], [ 6.887297498000066, 53.396142867000037 ], [ 6.89075617900005, 53.378647482000076 ], [ 6.901752680000072, 53.349696497000082 ], [ 6.942269904000057, 53.328923100000054 ], [ 6.933479466000051, 53.331199479000077 ], [ 6.929728313000055, 53.329323891000058 ], [ 6.930788310000025, 53.327190251000047 ], [ 6.999274179000054, 53.310254215000043 ], [ 7.010116193000044, 53.312443341000062 ], [ 7.012333390000038, 53.306469847000074 ], [ 7.025978718000033, 53.302954558000067 ], [ 7.072010463000026, 53.300655063000079 ], [ 7.096264821000034, 53.306556643000079 ], [ 7.084955217000072, 53.296461585000031 ], [ 7.079190019000066, 53.270136935000039 ], [ 7.081222886000035, 53.264314525000032 ], [ 7.092712500000061, 53.257017499000028 ], [ 7.067590170000074, 53.243080478000081 ], [ 7.040613590000021, 53.259210704000054 ], [ 7.022004468000034, 53.253915531000075 ], [ 7.014384041000028, 53.260034265000058 ], [ 7.012198857000044, 53.266334036000046 ], [ 6.995925681000074, 53.266799246000062 ], [ 6.953509495000048, 53.25661692400007 ], [ 6.943902630000025, 53.243486879000045 ], [ 6.936812974000077, 53.243264178000061 ], [ 6.928728351000075, 53.237718182000037 ], [ 6.911510500000077, 53.242969499000026 ], [ 6.908617375000063, 53.276498190000041 ], [ 6.890856720000045, 53.280109848000052 ], [ 6.893055048000065, 53.286448938000035 ], [ 6.887363500000049, 53.298068999000066 ], [ 6.887830241000074, 53.308107040000039 ], [ 6.883722277000061, 53.314446577000069 ], [ 6.882270300000073, 53.326701334000063 ], [ 6.88430411500002, 53.344930951000038 ], [ 6.876694770000029, 53.346760034000056 ], [ 6.865752070000042, 53.342366647000063 ], [ 6.840101674000039, 53.345250503000045 ], [ 6.834331500000076, 53.343269999000029 ], [ 6.824837993000074, 53.348166559000049 ], [ 6.82538270200007, 53.355988858000046 ], [ 6.822846252000033, 53.359447304000071 ], [ 6.810739453000053, 53.360801120000076 ], [ 6.802611273000025, 53.365259631000072 ], [ 6.802049605000036, 53.369045267000047 ], [ 6.779903747000048, 53.393682419000072 ], [ 6.778874954000059, 53.398379988000045 ], [ 6.792462, 53.403595499000062 ], [ 6.843008717000032, 53.421803188000069 ], [ 6.874905, 53.40801299900005 ] ] ] ] } },
{ "type": "Feature", "properties": { "GISCO_ID": "NL_GM0014", "CNTR_CODE": "NL", "LAU_ID": "GM0014", "LAU_NAME": "Groningen", "cell_coverage": [ [ 0, 0, 0, 0, 0.1637, 0.2596, 0.402, 0.0666 ], [ 0, 0.1629, 0.3216, 0.0895, 0.7981, 0.9851, 0.5962, 0.1626 ], [ 0.5955, 0.9952, 1, 1, 1, 0.8625, 0.0273, 0 ], [ 0.1414, 0.3439, 0.9063, 1, 0.7756, 0.0641, 0, 0 ], [ 0, 0, 0.08, 0.6355, 1, 0.4905, 0, 0 ], [ 0, 0, 0, 0.0012, 0.2873, 0.1137, 0, 0 ] ], "xmin": 6.4583333333333321, "xmax": 6.7916666666666652, "ymin": 53.083333333333321, "ymax": 53.333333333333321 }, "geometry": { "type": "MultiPolygon", "coordinates": [ [ [ [ 6.772566500000039, 53.283092499000077 ], [ 6.704972219000069, 53.257754163000072 ], [ 6.705045600000062, 53.252301658000079 ], [ 6.714023103000045, 53.239588516000026 ], [ 6.699914008000064, 53.218214684000031 ], [ 6.68242594000003, 53.209857139000064 ], [ 6.680847614000072, 53.201553540000077 ], [ 6.665137897000022, 53.200841135000076 ], [ 6.643377108000038, 53.19052904800003 ], [ 6.645041049000042, 53.184901953000065 ], [ 6.656462910000073, 53.180245070000069 ], [ 6.663883319000035, 53.171223994000059 ], [ 6.685387949000074, 53.157719911000072 ], [ 6.688686314000051, 53.152332499000067 ], [ 6.687311586000021, 53.146915358000058 ], [ 6.694853, 53.121043999000051 ], [ 6.638764565000031, 53.108584567000037 ], [ 6.611752541000044, 53.136732385000073 ], [ 6.600607708000041, 53.14367036200008 ], [ 6.588311834000024, 53.146915358000058 ], [ 6.585771169000054, 53.156394755000065 ], [ 6.580692665000072, 53.162544937000064 ], [ 6.563995671000043, 53.158534580000037 ], [ 6.552092139000024, 53.176892424000073 ], [ 6.535384160000035, 53.183728569000039 ], [ 6.529460438000058, 53.195334249000041 ], [ 6.513395500000058, 53.196971999000027 ], [ 6.506340817000023, 53.199688266000067 ], [ 6.495303281000076, 53.198600730000067 ], [ 6.484594383000058, 53.203695182000047 ], [ 6.463397, 53.20011899900004 ], [ 6.466954274000045, 53.209857139000064 ], [ 6.48120472100004, 53.248868151000067 ], [ 6.494420785000045, 53.246265056000027 ], [ 6.502889885000059, 53.248198614000046 ], [ 6.509772792000035, 53.253183172000035 ], [ 6.508251, 53.257472999000072 ], [ 6.524286824000058, 53.25703754500006 ], [ 6.537132676000056, 53.259984435000035 ], [ 6.539228022000032, 53.263613259000067 ], [ 6.548312510000073, 53.26444177500008 ], [ 6.58734499600007, 53.261812157000065 ], [ 6.587865090000037, 53.255989620000037 ], [ 6.608556401000044, 53.251540312000031 ], [ 6.634329376000039, 53.251447184000028 ], [ 6.633683290000022, 53.258508850000055 ], [ 6.626826851000033, 53.267346341000064 ], [ 6.654213500000026, 53.308639499000037 ], [ 6.689822007000032, 53.298211296000034 ], [ 6.709076823000032, 53.309384166000029 ], [ 6.727357639000047, 53.305323969000028 ], [ 6.735942891000036, 53.312253931000043 ], [ 6.746049041000049, 53.311091518000069 ], [ 6.746101937000049, 53.30620160400008 ], [ 6.751056063000021, 53.300536403000081 ], [ 6.760244169000032, 53.296192725000026 ], [ 6.765458893000073, 53.297090988000036 ], [ 6.770797437000056, 53.292956567000033 ], [ 6.772566500000039, 53.283092499000077 ] ] ] ] } },
{ "type": "Feature", "properties": { "GISCO_ID": "NL_GM0034", "CNTR_CODE": "NL", "LAU_ID": "GM0034", "LAU_NAME": "Almere", "cell_coverage": [ [ 0.0001, 0, 0, 0, 0, 0, 0, 0, 0 ], [ 0.2896, 0.4362, 0.0007, 0, 0, 0, 0, 0, 0 ], [ 0.0015, 0.7437, 0.6287, 0.0316, 0, 0, 0, 0, 0 ], [ 0, 0.0506, 0.7055, 0.7909, 0.1088, 0, 0, 0, 0 ], [ 0, 0, 0.044, 0.8608, 0.9068, 0.2824, 0.0076, 0, 0 ], [ 0.0348, 0.6052, 0.9535, 0.9889, 1, 1, 0.6934, 0.0632, 0 ], [ 0.0143, 0.5606, 0.9974, 1, 1, 1, 0.8561, 0.1382, 0 ], [ 0, 0, 0.2347, 0.263, 0.2113, 0.3611, 0.604, 0.4346, 0.0028 ] ], "xmin": 5.0416666666666643, "xmax": 5.4166666666666643, "ymin": 52.29166666666665, "ymax": 52.625 }, "geometry": { "type": "MultiPolygon", "coordinates": [ [ [ [ 5.305455, 52.307632499000078 ], [ 5.30108, 52.309668999000053 ], [ 5.287397, 52.315055999000037 ], [ 5.281140500000049, 52.316772499000081 ], [ 5.25954770200002, 52.320307927000044 ], [ 5.229321, 52.325256999000032 ], [ 5.22459, 52.325763499000061 ], [ 5.220405, 52.326053499000068 ], [ 5.205188500000077, 52.32418799900006 ], [ 5.151132, 52.31864549900007 ], [ 5.148879, 52.318729499000028 ], [ 5.146143500000051, 52.319671499000037 ], [ 5.137311, 52.326576999000054 ], [ 5.135082, 52.328319499000031 ], [ 5.079288, 52.370406999000068 ], [ 5.079161, 52.388652999000044 ], [ 5.13733, 52.415553999000053 ], [ 5.185487500000022, 52.41564549900005 ], [ 5.151022, 52.466357999000081 ], [ 5.112987, 52.49788649900006 ], [ 5.100719500000025, 52.508041499000058 ], [ 5.080070500000033, 52.544402999000056 ], [ 5.060426500000062, 52.578937499000062 ], [ 5.074623, 52.583678999000028 ], [ 5.25954770200002, 52.434471348000045 ], [ 5.268547659000035, 52.427209676000075 ], [ 5.350772, 52.400207499000032 ], [ 5.302537479000023, 52.381257805000075 ], [ 5.359626424000055, 52.330648226000051 ], [ 5.377977184000031, 52.314380205000077 ], [ 5.359626424000055, 52.310776833000034 ], [ 5.353369977000057, 52.309548311000071 ], [ 5.333326228000033, 52.313592681000046 ], [ 5.315178500000059, 52.302394999000057 ], [ 5.305455, 52.307632499000078 ] ] ] ] } },
{ "type": "Feature", "properties": { "GISCO_ID": "NL_GM0037", "CNTR_CODE": "NL", "LAU_ID": "GM0037", "LAU_NAME": "Stadskanaal", "cell_coverage": [ [ 0.0074, 0.0198, 0, 0.1165, 0.637, 0.4733, 0.0009 ], [ 0.0404, 0.4629, 0.4956, 0.8451, 1, 0.9583, 0.0958 ], [ 0, 0, 0.2328, 0.9179, 1, 0.7069, 0 ], [ 0, 0, 0, 0.1355, 0.7522, 0.3758, 0 ] ], "xmin": 6.8333333333333321, "xmax": 7.125, "ymin": 52.916666666666657, "ymax": 53.083333333333321 }, "geometry": { "type": "MultiPolygon", "coordinates": [ [ [ [ 6.935702, 52.993362499000057 ], [ 6.861316500000044, 53.040782499000045 ], [ 6.881582009000056, 53.045840989000055 ], [ 6.899473932000035, 53.033179042000029 ], [ 6.907698500000038, 53.038848999000038 ], [ 6.936200072000076, 53.01950813600007 ], [ 6.955492179000032, 53.014495416000045 ], [ 6.98508485900004, 53.046460250000052 ], [ 7.005085567000037, 53.068064218000075 ], [ 7.010179, 53.07368849900007 ], [ 7.013293500000032, 53.069488499000045 ], [ 7.01545150000004, 53.071796499000072 ], [ 7.02646509300007, 53.068064218000075 ], [ 7.036624460000041, 53.064877264000074 ], [ 7.066409447000069, 53.06684197900006 ], [ 7.077547693000042, 53.062975682000058 ], [ 7.07986071800002, 53.05954964600005 ], [ 7.077717702000029, 53.053551833000029 ], [ 7.070158052000068, 53.049508359000072 ], [ 7.069151643000055, 53.046460250000052 ], [ 7.06857390600004, 53.044710460000033 ], [ 7.085094351000066, 53.042420221000043 ], [ 7.08169048600007, 53.027674900000079 ], [ 7.096657833000052, 53.021430486000042 ], [ 7.099204116000067, 53.017655939000065 ], [ 7.07234845000005, 53.002989322000076 ], [ 7.069897195000067, 52.955444467000063 ], [ 7.06492471100006, 52.949748587000045 ], [ 7.062993057000028, 52.931879947000027 ], [ 7.036485714000037, 52.928889299000048 ], [ 7.026868, 52.919013999000072 ], [ 7.013912697000023, 52.926332224000078 ], [ 6.935702, 52.993362499000057 ] ] ] ] } },
{ "type": "Feature", "properties": { "GISCO_ID": "NL_GM0047", "CNTR_CODE": "NL", "LAU_ID": "GM0047", "LAU_NAME": "Veendam", "cell_coverage": [ [ 0.0279, 0.0101, 0.0531, 0.0033, 0 ], [ 0.6552, 0.9933, 0.9999, 0.9061, 0.03 ], [ 0.2188, 0.8628, 0.962, 0.2926, 0 ], [ 0, 0.0013, 0.0557, 0, 0 ] ], "xmin": 6.7916666666666643, "xmax": 6.9999999999999973, "ymin": 52.999999999999993, "ymax": 53.166666666666657 }, "geometry": { "type": "MultiPolygon", "coordinates": [ [ [ [ 6.861316500000044, 53.040782499000045 ], [ 6.852404516000036, 53.046460250000052 ], [ 6.818494225000052, 53.068064218000075 ], [ 6.81381, 53.071048499000028 ], [ 6.802216287000022, 53.117889283000068 ], [ 6.804732090000073, 53.124166237000054 ], [ 6.816948871000022, 53.127751852000074 ], [ 6.871604971000068, 53.123850202000028 ], [ 6.887735572000054, 53.128247725000051 ], [ 6.898734233000027, 53.128107663000037 ], [ 6.933111107000059, 53.124298768000074 ], [ 6.958158653000055, 53.119885349000072 ], [ 6.961766, 53.110061499000039 ], [ 6.959974083000077, 53.096256529000073 ], [ 6.930314332000023, 53.073167218000037 ], [ 6.928135467000061, 53.068064218000075 ], [ 6.925261558000045, 53.058455250000065 ], [ 6.932264430000032, 53.053554547000033 ], [ 6.932700809000039, 53.050439599000072 ], [ 6.917592975000048, 53.046460250000052 ], [ 6.906869374000053, 53.043635693000056 ], [ 6.907698500000038, 53.038848999000038 ], [ 6.899473932000035, 53.033179042000029 ], [ 6.881582009000056, 53.045840989000055 ], [ 6.861316500000044, 53.040782499000045 ] ] ] ] } },
{ "type": "Feature", "properties": { "GISCO_ID": "NL_GM0050", "CNTR_CODE": "NL", "LAU_ID": "GM0050", "LAU_NAME": "Zeewolde", "cell_coverage": [ [ 0, 0, 0.0993, 0.4621, 0.0824, 0, 0, 0 ], [ 0.2056, 0.6419, 0.9734, 1, 0.9317, 0.4373, 0.6247, 0.6874 ], [ 0.1439, 0.8618, 1, 1, 1, 1, 0.8637, 0.2614 ], [ 0.1155, 0.5654, 0.9972, 1, 1, 1, 0.328, 0 ], [ 0, 0.2994, 0.8531, 0.8694, 0.6926, 0.4863, 0.0038, 0 ], [ 0, 0, 0.0003, 0, 0, 0, 0, 0 ] ], "xmin": 5.2916666666666643, "xmax": 5.625, "ymin": 52.208333333333321, "ymax": 52.458333333333321 }, "geometry": { "type": "MultiPolygon", "coordinates": [ [ [ [ 5.620749500000045, 52.364131999000051 ], [ 5.611385470000073, 52.360403235000035 ], [ 5.601806392000071, 52.363386492000075 ], [ 5.58734166000005, 52.36086128900007 ], [ 5.575780930000064, 52.350573405000034 ], [ 5.565865, 52.332389999000043 ], [ 5.54516650000005, 52.293300499000054 ], [ 5.536206, 52.276355499000033 ], [ 5.534813, 52.274081999000032 ], [ 5.533282500000041, 52.272743499000057 ], [ 5.522167, 52.270408499000041 ], [ 5.47685, 52.262401499000077 ], [ 5.404633, 52.249629999000035 ], [ 5.359626424000055, 52.275983696000026 ], [ 5.339564500000051, 52.287730999000075 ], [ 5.335462, 52.290218499000048 ], [ 5.315178500000059, 52.302394999000057 ], [ 5.333326228000033, 52.313592681000046 ], [ 5.353369977000057, 52.309548311000071 ], [ 5.359626424000055, 52.310776833000034 ], [ 5.377977184000031, 52.314380205000077 ], [ 5.359626424000055, 52.330648226000051 ], [ 5.302537479000023, 52.381257805000075 ], [ 5.350772, 52.400207499000032 ], [ 5.359626424000055, 52.403941746000044 ], [ 5.398215179000033, 52.420216087000028 ], [ 5.438260809000042, 52.44184991700007 ], [ 5.533077330000026, 52.384836508000035 ], [ 5.578014835000033, 52.409790573000066 ], [ 5.589011500000026, 52.411193999000034 ], [ 5.622313272000042, 52.407683834000068 ], [ 5.612845740000068, 52.375496673000043 ], [ 5.620749500000045, 52.364131999000051 ] ] ] ] } },
{ "type": "Feature", "properties": { "GISCO_ID": "NL_GM0059", "CNTR_CODE": "NL", "LAU_ID": "GM0059", "LAU_NAME": "Achtkarspelen", "cell_coverage": [ [ 0, 0.0052, 0.1548, 0.2905, 0.3598, 0.1585 ], [ 0.1334, 0.6357, 1, 1, 1, 0.3919 ], [ 0, 0.0097, 0.6779, 1, 0.6437, 0.0284 ], [ 0, 0, 0.1789, 0.3312, 0.0549, 0 ] ], "xmin": 6.0, "xmax": 6.25, "ymin": 53.125, "ymax": 53.291666666666657 }, "geometry": { "type": "MultiPolygon", "coordinates": [ [ [ [ 6.176817, 53.159450499000059 ], [ 6.153181827000026, 53.151539490000062 ], [ 6.146661124000047, 53.156900332000077 ], [ 6.125134327000069, 53.146915358000058 ], [ 6.122001050000051, 53.145462022000061 ], [ 6.120368832000054, 53.146915358000058 ], [ 6.117300903000057, 53.149647060000063 ], [ 6.105036, 53.151797999000053 ], [ 6.11269119800005, 53.175109137000049 ], [ 6.084784662000061, 53.195954844000028 ], [ 6.080414313000063, 53.204217695000068 ], [ 6.082574280000074, 53.209857139000064 ], [ 6.081037840000022, 53.216063504000033 ], [ 6.029485479000073, 53.229918530000077 ], [ 6.02003250000007, 53.240958999000043 ], [ 6.043991500000061, 53.24351499900007 ], [ 6.138410042000032, 53.263811933000056 ], [ 6.14676137400005, 53.260235474000069 ], [ 6.164627540000026, 53.263399652000032 ], [ 6.179464443000029, 53.260035935000076 ], [ 6.186540099000069, 53.26243574700004 ], [ 6.186923834000027, 53.268063131000076 ], [ 6.191271975000063, 53.269801706000067 ], [ 6.215725944000042, 53.265110401000072 ], [ 6.221866183000031, 53.258405720000042 ], [ 6.232179, 53.256747999000027 ], [ 6.234276392000027, 53.252612440000064 ], [ 6.23046338100005, 53.246073190000061 ], [ 6.219774776000065, 53.24232581800004 ], [ 6.221130149000032, 53.238617992000059 ], [ 6.215087525000058, 53.23487454900004 ], [ 6.224077025000042, 53.229527791000066 ], [ 6.229442749000043, 53.222231635000071 ], [ 6.22936665800006, 53.21810346500007 ], [ 6.22202846600004, 53.209857139000064 ], [ 6.218633228000044, 53.20604172600008 ], [ 6.200425860000053, 53.198019029000079 ], [ 6.178317331000073, 53.167587630000071 ], [ 6.176817, 53.159450499000059 ] ] ] ] } },
{ "type": "Feature", "properties": { "GISCO_ID": "NL_GM0060", "CNTR_CODE": "NL", "LAU_ID": "GM0060", "LAU_NAME": "Ameland", "cell_coverage": [ [ 0, 0.1756, 0.135, 0.0642, 0.0661, 0.1125, 0.1625, 0.2103, 0.1802, 0 ], [ 0.0971, 0.7189, 0.7472, 0.4485, 0.4741, 0.4553, 0.2898, 0.1096, 0.0135, 0 ] ], "xmin": 5.5833333333333321, "xmax": 5.9999999999999991, "ymin": 53.41666666666665, "ymax": 53.5 }, "geometry": { "type": "MultiPolygon", "coordinates": [ [ [ [ 5.904319674000021, 53.456264934000046 ], [ 5.897924500000045, 53.453914499000064 ], [ 5.805053861000033, 53.437664995000034 ], [ 5.777659171000039, 53.437920947000066 ], [ 5.773984765000023, 53.433845100000042 ], [ 5.768347558000073, 53.439705437000043 ], [ 5.726109204000068, 53.442082638000045 ], [ 5.704574390000062, 53.430443774000082 ], [ 5.678997195000022, 53.424633293000056 ], [ 5.637113481000029, 53.428478041000062 ], [ 5.620581603000062, 53.436588963000077 ], [ 5.614103318000048, 53.446728501000052 ], [ 5.616396461000022, 53.453180087000078 ], [ 5.622775881000052, 53.45731204100008 ], [ 5.65895226400005, 53.471161172000052 ], [ 5.682430637000039, 53.464010323000082 ], [ 5.704972399000042, 53.461281086000042 ], [ 5.764254984000047, 53.460609575000035 ], [ 5.904319674000021, 53.467608401000064 ], [ 5.943234966000034, 53.467660539000065 ], [ 5.958876446000033, 53.463274864000027 ], [ 5.937934656000039, 53.457725309000068 ], [ 5.904319674000021, 53.456264934000046 ] ] ] ] } },
{ "type": "Feature", "properties": { "GISCO_ID": "NL_GM0072", "CNTR_CODE": "NL", "LAU_ID": "GM0072", "LAU_NAME": "Harlingen", "cell_coverage": [ [ 0, 0.003, 0 ], [ 0.03, 0.804, 0.5161 ], [ 0.0342, 0.3689, 0.2456 ] ], "xmin": 5.375, "xmax": 5.5, "ymin": 53.125, "ymax": 53.25 }, "geometry": { "type": "MultiPolygon", "coordinates": [ [ [ [ 5.4721, 53.14658349900003 ], [ 5.465174728000022, 53.143939017000037 ], [ 5.461583288000043, 53.146915358000058 ], [ 5.434506653000028, 53.153060448000076 ], [ 5.41122850000005, 53.151724499000068 ], [ 5.413710224000056, 53.163989681000032 ], [ 5.41115062700004, 53.174711243000047 ], [ 5.419787269000039, 53.183455046000063 ], [ 5.436961, 53.210159999000041 ], [ 5.459780989000024, 53.200795116000052 ], [ 5.487301134000063, 53.196732021000059 ], [ 5.48287179600004, 53.179855958000076 ], [ 5.490303456000049, 53.173002711000038 ], [ 5.4721, 53.14658349900003 ] ] ] ] } },
{ "type": "Feature", "properties": { "GISCO_ID": "NL_GM0074", "CNTR_CODE": "NL", "LAU_ID": "GM0074", "LAU_NAME": "Heerenveen", "cell_coverage": [ [ 0, 0.005, 0, 0, 0, 0, 0, 0, 0, 0 ], [ 0.5674, 0.9531, 0.8571, 0.5328, 0, 0, 0, 0, 0, 0 ], [ 0.0443, 0.6095, 1, 0.9735, 0.336, 0, 0, 0.0325, 0.3371, 0.5726 ], [ 0, 0.0658, 0.8591, 1, 0.4743, 0.193, 0.3597, 0.8492, 0.7684, 0.3206 ], [ 0, 0, 0.0889, 0.841, 0.7074, 0.7836, 0.7897, 0.3093, 0.0147, 0 ], [ 0, 0, 0, 0.0142, 0, 0, 0, 0, 0, 0 ] ], "xmin": 5.7916666666666643, "xmax": 6.2083333333333313, "ymin": 52.875, "ymax": 53.125 }, "geometry": { "type": "MultiPolygon", "coordinates": [ [ [ [ 5.937807500000076, 52.911735499000031 ], [ 5.933496578000074, 52.917202145000033 ], [ 5.898555781000027, 52.961510286000077 ], [ 5.884677400000044, 52.966353608000077 ], [ 5.872000850000063, 52.964999213000056 ], [ 5.869031957000061, 52.969937400000049 ], [ 5.867225500000075, 52.978576499000042 ], [ 5.869031957000061, 52.978846216000079 ], [ 5.887258, 52.98156749900005 ], [ 5.886127, 52.983970499000066 ], [ 5.882919, 52.986671499000067 ], [ 5.869031957000061, 52.997837191000031 ], [ 5.85474513500003, 53.019350372000076 ], [ 5.824637145000054, 53.037634741000034 ], [ 5.804045, 53.046460250000052 ], [ 5.800488005000034, 53.047984729000063 ], [ 5.796590514000059, 53.052873648000059 ], [ 5.79638650000004, 53.058839999000043 ], [ 5.799862, 53.061123499000075 ], [ 5.805656, 53.065013499000031 ], [ 5.808243, 53.066589499000031 ], [ 5.809751128000073, 53.068064218000075 ], [ 5.827986692000025, 53.078812076000077 ], [ 5.872856500000069, 53.084914999000034 ], [ 5.870680891000063, 53.079722187000073 ], [ 5.873190593000061, 53.074532649000048 ], [ 5.904319674000021, 53.079090199000063 ], [ 5.907233500000075, 53.078269499000044 ], [ 5.927842, 53.078521499000033 ], [ 5.933496578000074, 53.075549280000075 ], [ 5.934837654000034, 53.068842977000031 ], [ 5.94359871100005, 53.063572470000054 ], [ 5.948437886000022, 53.051869126000042 ], [ 5.944522068000026, 53.041501672000038 ], [ 5.981658777000064, 53.024496175000081 ], [ 5.974507268000025, 53.00907296400004 ], [ 5.976743568000074, 52.996783361000041 ], [ 5.961746087000051, 52.976384114000041 ], [ 5.967198913000061, 52.972387039000068 ], [ 6.025423076000038, 52.965075902000081 ], [ 6.047387855000068, 52.967334701000027 ], [ 6.091997668000033, 52.984671264000042 ], [ 6.101200499000072, 52.995212955000056 ], [ 6.130339334000041, 53.010483263000026 ], [ 6.175151666000033, 53.021071579000079 ], [ 6.205467500000054, 53.037944999000047 ], [ 6.200706360000027, 52.989482617000078 ], [ 6.156146102000037, 52.974632132000067 ], [ 6.144050745000072, 52.968105712000067 ], [ 6.127471787000047, 52.953584077000073 ], [ 6.096885835000023, 52.943845361000058 ], [ 6.084859, 52.936122999000077 ], [ 6.080121500000075, 52.932403499000031 ], [ 6.078075, 52.931281999000078 ], [ 6.043939500000022, 52.918243499000027 ], [ 6.041038, 52.917594999000073 ], [ 6.037463500000058, 52.918079499000044 ], [ 6.002585, 52.933982999000079 ], [ 5.997948500000064, 52.933200999000064 ], [ 5.987260500000048, 52.928668999000081 ], [ 5.980344500000058, 52.927158499000029 ], [ 5.977404, 52.927051499000072 ], [ 5.968876, 52.928390499000045 ], [ 5.959607500000061, 52.927542999000082 ], [ 5.956909500000052, 52.926856999000051 ], [ 5.952565500000048, 52.924819999000078 ], [ 5.948068500000034, 52.920009499000059 ], [ 5.937807500000076, 52.911735499000031 ] ] ] ] } },
{ "type": "Feature", "properties": { "GISCO_ID": "NL_GM0080", "CNTR_CODE": "NL", "LAU_ID": "GM0080", "LAU_NAME": "Leeuwarden", "cell_coverage": [ [ 0, 0, 0.0279, 0.0267, 0, 0, 0, 0 ], [ 0, 0, 0.5038, 0.9685, 0.7007, 0.0195, 0, 0 ], [ 0, 0, 0.3231, 1, 0.9992, 0.7157, 0.2368, 0 ], [ 0.0248, 0.251, 0.3078, 1, 1, 0.687, 0.0977, 0.0196 ], [ 0.441, 0.9673, 0.9999, 0.9992, 1, 1, 0.983, 0.1613 ], [ 0.1199, 0.0544, 0.0761, 0.5654, 1, 0.9922, 0.5198, 0.2691 ], [ 0, 0, 0, 0.4307, 0.3414, 0.0305, 0, 0 ] ], "xmin": 5.625, "xmax": 5.958333333333333, "ymin": 53.041666666666657, "ymax": 53.333333333333321 }, "geometry": { "type": "MultiPolygon", "coordinates": [ [ [ [ 5.771412, 53.047197999000048 ], [ 5.762884412000062, 53.060278200000027 ], [ 5.774799537000035, 53.068064218000075 ], [ 5.767075292000072, 53.079955018000078 ], [ 5.773244727000076, 53.083530096000061 ], [ 5.772970038000039, 53.089653181000074 ], [ 5.786222136000049, 53.098144497000078 ], [ 5.771011270000031, 53.103360332000079 ], [ 5.757899414000065, 53.113707041000055 ], [ 5.751999989000069, 53.125889960000052 ], [ 5.734812111000053, 53.12076305800008 ], [ 5.724064585000065, 53.122760434000043 ], [ 5.700616149000041, 53.116692550000039 ], [ 5.694334338000033, 53.126529981000033 ], [ 5.686828376000051, 53.129388040000038 ], [ 5.675488036000047, 53.126333980000027 ], [ 5.655963099000076, 53.113069084000074 ], [ 5.637345, 53.124123999000062 ], [ 5.635008232000075, 53.132323136000082 ], [ 5.642935020000039, 53.142710519000047 ], [ 5.660069841000052, 53.150697508000064 ], [ 5.656619688000035, 53.16683918800004 ], [ 5.664822571000059, 53.173704403000045 ], [ 5.686353378000035, 53.180209989000048 ], [ 5.726779520000036, 53.16850314800007 ], [ 5.735307635000026, 53.17224329000004 ], [ 5.741412091000029, 53.180238573000054 ], [ 5.742752849000055, 53.197241814000051 ], [ 5.737300952000055, 53.208567298000048 ], [ 5.741460683000071, 53.214469984000061 ], [ 5.735091817000068, 53.218823099000076 ], [ 5.732633819000057, 53.232725180000045 ], [ 5.740378071000066, 53.24323163400004 ], [ 5.732848288000071, 53.256528281000044 ], [ 5.732006499000022, 53.26559350000008 ], [ 5.722383, 53.276067684000054 ], [ 5.728068534000045, 53.289424259000043 ], [ 5.735285500000032, 53.294685499000082 ], [ 5.764205354000069, 53.294081708000078 ], [ 5.809335658000066, 53.280791288000046 ], [ 5.81444291400004, 53.27691773600003 ], [ 5.838859, 53.274905999000055 ], [ 5.831526948000032, 53.259283866000033 ], [ 5.833343663000051, 53.245170503000054 ], [ 5.854926283000054, 53.242354459000069 ], [ 5.856600160000028, 53.231720796000047 ], [ 5.877535590000036, 53.231622929000082 ], [ 5.902995188000034, 53.213861930000064 ], [ 5.900940442000035, 53.209857139000064 ], [ 5.859846692000076, 53.20348612600003 ], [ 5.860163990000046, 53.194630976000042 ], [ 5.853353319000064, 53.189854256000046 ], [ 5.861795473000029, 53.17382770100005 ], [ 5.866548573000046, 53.171533341000043 ], [ 5.931253493000042, 53.168712117000041 ], [ 5.929400678000036, 53.159168327000032 ], [ 5.915037469000026, 53.146915358000058 ], [ 5.910964615000069, 53.143440887000054 ], [ 5.923139888000037, 53.131716500000039 ], [ 5.933496578000074, 53.126668823000045 ], [ 5.94357350000007, 53.121757499000068 ], [ 5.947598622000044, 53.109295365000037 ], [ 5.945909714000038, 53.105336836000049 ], [ 5.930475742000056, 53.109778739000035 ], [ 5.885269043000051, 53.106570340000076 ], [ 5.884196803000066, 53.094558109000047 ], [ 5.880021295000063, 53.087905846000069 ], [ 5.872856500000069, 53.084914999000034 ], [ 5.827986692000025, 53.078812076000077 ], [ 5.809751128000073, 53.068064218000075 ], [ 5.808243, 53.066589499000031 ], [ 5.805656, 53.065013499000031 ], [ 5.799862, 53.061123499000075 ], [ 5.79638650000004, 53.058839999000043 ], [ 5.775615285000072, 53.047053625000046 ], [ 5.771412, 53.047197999000048 ] ] ] ] } },
{ "type": "Feature", "properties": { "GISCO_ID": "NL_GM0085", "CNTR_CODE": "NL", "LAU_ID": "GM0085", "LAU_NAME": "Ooststellingwerf", "cell_coverage": [ [ 0, 0, 0, 0.0368, 0.3477, 0.7036, 0.5514, 0, 0 ], [ 0, 0, 0.103, 0.9644, 1, 1, 0.9051, 0.147, 0 ], [ 0, 0.2316, 0.6794, 1, 1, 1, 1, 0.9057, 0.073 ], [ 0.5386, 0.7264, 0.4898, 0.7913, 0.7662, 0.9152, 0.9584, 0.4803, 0 ], [ 0.0071, 0, 0, 0, 0, 0.0455, 0.0675, 0, 0 ] ], "xmin": 6.0833333333333321, "xmax": 6.4583333333333321, "ymin": 52.875, "ymax": 53.083333333333321 }, "geometry": { "type": "MultiPolygon", "coordinates": [ [ [ [ 6.369053, 52.921973499000046 ], [ 6.334022639000068, 52.906913728000063 ], [ 6.301488753000058, 52.925007050000033 ], [ 6.258492015000058, 52.927488679000078 ], [ 6.247213, 52.923331999000027 ], [ 6.214572148000059, 52.926104484000064 ], [ 6.199298185000032, 52.942349063000052 ], [ 6.146264547000044, 52.928318947000037 ], [ 6.110903915000051, 52.91406745300003 ], [ 6.084859, 52.936122999000077 ], [ 6.096885835000023, 52.943845361000058 ], [ 6.127471787000047, 52.953584077000073 ], [ 6.144050745000072, 52.968105712000067 ], [ 6.156146102000037, 52.974632132000067 ], [ 6.200706360000027, 52.989482617000078 ], [ 6.205467500000054, 53.037944999000047 ], [ 6.213535229000058, 53.036828215000071 ], [ 6.245265133000032, 53.046460250000052 ], [ 6.258569022000074, 53.050498823000055 ], [ 6.279226980000033, 53.058038989000067 ], [ 6.283243682000034, 53.064469255000063 ], [ 6.299040575000049, 53.068064218000075 ], [ 6.332023500000048, 53.075252499000044 ], [ 6.364370765000047, 53.068064218000075 ], [ 6.367695, 53.067325499000049 ], [ 6.36481150000003, 53.050994999000068 ], [ 6.364282459000037, 53.046460250000052 ], [ 6.362791, 53.033675999000081 ], [ 6.413328, 52.985538499000029 ], [ 6.42764150000005, 52.971793999000056 ], [ 6.393538, 52.932819499000061 ], [ 6.369053, 52.921973499000046 ] ] ] ] } },
{ "type": "Feature", "properties": { "GISCO_ID": "NL_GM0086", "CNTR_CODE": "NL", "LAU_ID": "GM0086", "LAU_NAME": "Opsterland", "cell_coverage": [ [ 0, 0, 0, 0, 0, 0, 0.0188, 0, 0, 0 ], [ 0, 0, 0, 0, 0.0717, 0.6519, 0.9352, 0.7614, 0.6422, 0.1586 ], [ 0.3725, 0.89, 0.8165, 0.7367, 0.8789, 1, 1, 0.9632, 0.6523, 0.2122 ], [ 0.0265, 0.664, 1, 1, 0.9675, 0.6629, 0.3243, 0.0356, 0, 0 ], [ 0, 0.5257, 0.807, 0.6403, 0.1508, 0, 0, 0, 0, 0 ] ], "xmin": 5.9166666666666643, "xmax": 6.3333333333333313, "ymin": 52.958333333333321, "ymax": 53.166666666666657 }, "geometry": { "type": "MultiPolygon", "coordinates": [ [ [ [ 6.185723500000051, 53.129264999000043 ], [ 6.205255796000074, 53.115871973000026 ], [ 6.263083515000062, 53.113908687000048 ], [ 6.280043296000031, 53.108288863000041 ], [ 6.29197689700004, 53.09963848600006 ], [ 6.315237, 53.094051499000045 ], [ 6.305327, 53.081130499000039 ], [ 6.332023500000048, 53.075252499000044 ], [ 6.299040575000049, 53.068064218000075 ], [ 6.283243682000034, 53.064469255000063 ], [ 6.279226980000033, 53.058038989000067 ], [ 6.258569022000074, 53.050498823000055 ], [ 6.245265133000032, 53.046460250000052 ], [ 6.213535229000058, 53.036828215000071 ], [ 6.205467500000054, 53.037944999000047 ], [ 6.175151666000033, 53.021071579000079 ], [ 6.130339334000041, 53.010483263000026 ], [ 6.101200499000072, 52.995212955000056 ], [ 6.091997668000033, 52.984671264000042 ], [ 6.047387855000068, 52.967334701000027 ], [ 6.025423076000038, 52.965075902000081 ], [ 5.967198913000061, 52.972387039000068 ], [ 5.961746087000051, 52.976384114000041 ], [ 5.976743568000074, 52.996783361000041 ], [ 5.974507268000025, 53.00907296400004 ], [ 5.981658777000064, 53.024496175000081 ], [ 5.944522068000026, 53.041501672000038 ], [ 5.948437886000022, 53.051869126000042 ], [ 5.94359871100005, 53.063572470000054 ], [ 5.934837654000034, 53.068842977000031 ], [ 5.933496578000074, 53.075549280000075 ], [ 5.927842, 53.078521499000033 ], [ 5.933496578000074, 53.080554086000063 ], [ 5.979595158000052, 53.077660165000054 ], [ 5.998718753000048, 53.080551309000043 ], [ 6.026549129000045, 53.073712167000053 ], [ 6.088716603000023, 53.071379008000065 ], [ 6.10599707700004, 53.079242383000064 ], [ 6.126663904000054, 53.101504506000026 ], [ 6.185723500000051, 53.129264999000043 ] ] ] ] } },
{ "type": "Feature", "properties": { "GISCO_ID": "NL_GM0090", "CNTR_CODE": "NL", "LAU_ID": "GM0090", "LAU_NAME": "Smallingerland", "cell_coverage": [ [ 0, 0, 0.0155, 0.3043, 0.6916, 0.7696, 0.645, 0.6688, 0.2113 ], [ 0.0028, 0.4802, 0.7229, 1, 1, 1, 0.9283, 0.3481, 0.0135 ], [ 0.0164, 0.1429, 0.0947, 0.11, 0.1835, 0.2633, 0.1211, 0, 0 ] ], "xmin": 5.8333333333333321, "xmax": 6.2083333333333321, "ymin": 53.041666666666657, "ymax": 53.166666666666657 }, "geometry": { "type": "MultiPolygon", "coordinates": [ [ [ [ 6.105036, 53.151797999000053 ], [ 6.117300903000057, 53.149647060000063 ], [ 6.120368832000054, 53.146915358000058 ], [ 6.122001050000051, 53.145462022000061 ], [ 6.125134327000069, 53.146915358000058 ], [ 6.146661124000047, 53.156900332000077 ], [ 6.153181827000026, 53.151539490000062 ], [ 6.176817, 53.159450499000059 ], [ 6.176145715000075, 53.146915358000058 ], [ 6.175609938000036, 53.136910585000066 ], [ 6.185723500000051, 53.129264999000043 ], [ 6.126663904000054, 53.101504506000026 ], [ 6.10599707700004, 53.079242383000064 ], [ 6.088716603000023, 53.071379008000065 ], [ 6.026549129000045, 53.073712167000053 ], [ 5.998718753000048, 53.080551309000043 ], [ 5.979595158000052, 53.077660165000054 ], [ 5.933496578000074, 53.080554086000063 ], [ 5.927842, 53.078521499000033 ], [ 5.907233500000075, 53.078269499000044 ], [ 5.904319674000021, 53.079090199000063 ], [ 5.873190593000061, 53.074532649000048 ], [ 5.870680891000063, 53.079722187000073 ], [ 5.872856500000069, 53.084914999000034 ], [ 5.880021295000063, 53.087905846000069 ], [ 5.884196803000066, 53.094558109000047 ], [ 5.885269043000051, 53.106570340000076 ], [ 5.930475742000056, 53.109778739000035 ], [ 5.945909714000038, 53.105336836000049 ], [ 5.947598622000044, 53.109295365000037 ], [ 5.94357350000007, 53.121757499000068 ], [ 5.94546391800003, 53.124865640000053 ], [ 5.974564373000021, 53.134924023000053 ], [ 5.998760784000069, 53.146915358000058 ], [ 6.014116089000026, 53.154525190000072 ], [ 6.08457968700003, 53.158223687000032 ], [ 6.088950543000067, 53.154854207000028 ], [ 6.105036, 53.151797999000053 ] ] ] ] } },
{ "type": "Feature", "properties": { "GISCO_ID": "NL_GM0093", "CNTR_CODE": "NL", "LAU_ID": "GM0093", "LAU_NAME": "Terschelling", "cell_coverage": [ [ 0, 0, 0, 0, 0, 0.0028, 0.1119, 0.2748, 0.4377, 0.5394, 0.3249, 0.0563, 0.0676 ], [ 0, 0, 0.265, 0.5606, 0.7772, 0.8994, 0.6895, 0.3846, 0.3041, 0.0815, 0, 0, 0 ], [ 0.0022, 0.2012, 0.5853, 0.2672, 0.1057, 0.0124, 0, 0, 0, 0, 0, 0, 0 ], [ 0, 0.0023, 0, 0, 0, 0, 0, 0, 0, 0, 0, 0, 0 ], [ 0, 0, 0, 0.009, 0.0397, 0, 0, 0, 0, 0, 0, 0, 0 ], [ 0, 0, 0, 0, 0.0025, 0, 0, 0, 0, 0, 0, 0, 0 ] ], "xmin": 5.0833333333333321, "xmax": 5.625, "ymin": 53.208333333333321, "ymax": 53.458333333333321 }, "geometry": { "type": "MultiPolygon", "coordinates": [ [ [ [ 5.599930168000071, 53.424735790000057 ], [ 5.588850320000063, 53.418440649000047 ], [ 5.584401779000075, 53.41928899800007 ], [ 5.591897694000068, 53.430183868000029 ], [ 5.604298698000036, 53.43036238500008 ], [ 5.599930168000071, 53.424735790000057 ] ] ], [ [ [ 5.568053286000065, 53.423956137000062 ], [ 5.562469814000053, 53.418548666000049 ], [ 5.549646247000055, 53.421904187000052 ], [ 5.560954413000047, 53.427625660000047 ], [ 5.568053286000065, 53.423956137000062 ] ] ], [ [ [ 5.272756098000059, 53.408066387000076 ], [ 5.488643233000062, 53.443234350000068 ], [ 5.532703449000053, 53.443259117000082 ], [ 5.547552565000046, 53.436305542000071 ], [ 5.471487653000054, 53.416258489000029 ], [ 5.470212850000053, 53.414060910000046 ], [ 5.474672233000035, 53.409690548000071 ], [ 5.465207320000047, 53.405797495000058 ], [ 5.38808834200006, 53.400782931000037 ], [ 5.33062159800005, 53.379021154000043 ], [ 5.312006704000055, 53.377350529000068 ], [ 5.289993761000062, 53.370989628000075 ], [ 5.261644544000035, 53.370839038000042 ], [ 5.223883387000058, 53.363663018000068 ], [ 5.190248875000066, 53.348011409000037 ], [ 5.152539731000047, 53.351513319000048 ], [ 5.161184931000037, 53.367149581000035 ], [ 5.187575325000068, 53.389097872000036 ], [ 5.272756098000059, 53.408066387000076 ] ] ], [ [ [ 5.244275723000044, 53.25319283500005 ], [ 5.249904679000053, 53.255902114000037 ], [ 5.270243746000062, 53.252115438000033 ], [ 5.253352148000033, 53.248907232000079 ], [ 5.244275723000044, 53.25319283500005 ] ] ], [ [ [ 5.159786, 53.296421499000076 ], [ 5.160574315000076, 53.295028430000059 ], [ 5.160374176000062, 53.292804714000056 ], [ 5.158733, 53.292556999000055 ], [ 5.159786, 53.296421499000076 ] ] ], [ [ [ 5.142773435000038, 53.349971739000068 ], [ 5.139138338000066, 53.343985616000055 ], [ 5.156066330000044, 53.33391051600006 ], [ 5.122524285000054, 53.345418242000051 ], [ 5.130261533000066, 53.352518209000038 ], [ 5.142773435000038, 53.349971739000068 ] ] ] ] } },
{ "type": "Feature", "properties": { "GISCO_ID": "NL_GM0096", "CNTR_CODE": "NL", "LAU_ID": "GM0096", "LAU_NAME": "Vlieland", "cell_coverage": [ [ 0, 0, 0, 0, 0.1043, 0.3135, 0.0742, 0.1468 ], [ 0, 0, 0.2117, 0.4289, 0.325, 0.04, 0.0586, 0.0773 ], [ 0.2582, 0.5992, 0.5705, 0.0816, 0, 0, 0, 0 ], [ 0.0285, 0, 0, 0, 0, 0, 0, 0 ] ], "xmin": 4.8333333333333321, "xmax": 5.1666666666666652, "ymin": 53.166666666666657, "ymax": 53.333333333333321 }, "geometry": { "type": "MultiPolygon", "coordinates": [ [ [ [ 5.159786, 53.296421499000076 ], [ 5.158733, 53.292556999000055 ], [ 5.149585875000071, 53.292023980000067 ], [ 5.132252293000022, 53.283400964000066 ], [ 5.123150795000072, 53.28148516300007 ], [ 5.117951455000025, 53.282834895000065 ], [ 5.110878780000064, 53.287981590000072 ], [ 5.112027253000065, 53.289392459000055 ], [ 5.121186668000064, 53.292802853000069 ], [ 5.125126731000023, 53.297783847000062 ], [ 5.128651012000034, 53.300024317000066 ], [ 5.13627346800007, 53.300597073000063 ], [ 5.141796170000021, 53.299278611000034 ], [ 5.156845591000035, 53.298513541000034 ], [ 5.159786, 53.296421499000076 ] ] ], [ [ [ 4.874670586000036, 53.209857139000064 ], [ 4.868524716000024, 53.204753133000054 ], [ 4.846432297000035, 53.208134576000077 ], [ 4.84710042100005, 53.209857139000064 ], [ 4.85022299700006, 53.217907799000045 ], [ 4.855764549000071, 53.22314562300005 ], [ 4.937534155000037, 53.258492969000031 ], [ 4.98679501700002, 53.282975755000052 ], [ 5.04404472300007, 53.304109248000032 ], [ 5.067595952000033, 53.307831893000071 ], [ 5.099570559000028, 53.302788887000077 ], [ 5.092015987000025, 53.295526904000042 ], [ 5.065221241000074, 53.293878043000063 ], [ 5.035074197000029, 53.281298133000064 ], [ 4.974458362000064, 53.265429878000077 ], [ 4.972082514000022, 53.261873733000073 ], [ 4.979332167000052, 53.252668527000026 ], [ 4.978158574000076, 53.248293648000072 ], [ 4.921630757000059, 53.21740856200006 ], [ 4.880689106000034, 53.214855385000078 ], [ 4.874670586000036, 53.209857139000064 ] ] ] ] } },
{ "type": "Feature", "properties": { "GISCO_ID": "NL_GM0098", "CNTR_CODE": "NL", "LAU_ID": "GM0098", "LAU_NAME": "Weststellingwerf", "cell_coverage": [ [ 0, 0, 0, 0.0503, 0.2926, 0.2164, 0.2103, 0.1521, 0.2589, 0.5102, 0.1811 ], [ 0, 0.0356, 0.4696, 0.864, 1, 1, 1, 0.9929, 1, 0.8124, 0.2133 ], [ 0.004, 0.6945, 1, 0.9599, 0.9248, 1, 0.9174, 0.6424, 0.2347, 0.0007, 0 ], [ 0.1244, 0.6785, 0.5877, 0.0446, 0.1344, 0.3361, 0.0979, 0, 0, 0, 0 ] ], "xmin": 5.7916666666666643, "xmax": 6.25, "ymin": 52.791666666666657, "ymax": 52.958333333333321 }, "geometry": { "type": "MultiPolygon", "coordinates": [ [ [ [ 6.119814, 52.85426699900006 ], [ 6.080439479000063, 52.839057230000037 ], [ 6.054600309000023, 52.837529425000071 ], [ 6.056930256000044, 52.830443095000078 ], [ 6.058390348000046, 52.826002353000035 ], [ 6.032932755000047, 52.815785057000028 ], [ 6.02328730000005, 52.822200856000052 ], [ 6.010352524000041, 52.81990789200006 ], [ 5.996163454000055, 52.817392578000067 ], [ 5.986294409000038, 52.822696646000054 ], [ 5.980489808000073, 52.830443095000078 ], [ 5.97253149900007, 52.841063746000032 ], [ 5.969046381000055, 52.842097872000068 ], [ 5.95872522600007, 52.839507395000055 ], [ 5.954735693000032, 52.834042607000072 ], [ 5.945618266000054, 52.836998718000075 ], [ 5.933496578000074, 52.835112819000074 ], [ 5.931168564000075, 52.834750625000027 ], [ 5.924307818000045, 52.830443095000078 ], [ 5.919183195000073, 52.82122454000006 ], [ 5.896587943000043, 52.807707936000043 ], [ 5.877838601000065, 52.801669597000057 ], [ 5.838498148000042, 52.807093314000042 ], [ 5.819826500000033, 52.817317499000069 ], [ 5.819569358000024, 52.822703850000039 ], [ 5.826939583000069, 52.830443095000078 ], [ 5.838868332000061, 52.842969106000055 ], [ 5.844792082000026, 52.855425999000033 ], [ 5.866514190000032, 52.878016406000029 ], [ 5.869031957000061, 52.880634816000054 ], [ 5.873582509000073, 52.883946105000064 ], [ 5.887568869000063, 52.894123527000033 ], [ 5.912127588000033, 52.898318713000037 ], [ 5.933496578000074, 52.909483205000072 ], [ 5.937807500000076, 52.911735499000031 ], [ 5.948068500000034, 52.920009499000059 ], [ 5.952565500000048, 52.924819999000078 ], [ 5.956909500000052, 52.926856999000051 ], [ 5.959607500000061, 52.927542999000082 ], [ 5.968876, 52.928390499000045 ], [ 5.977404, 52.927051499000072 ], [ 5.980344500000058, 52.927158499000029 ], [ 5.987260500000048, 52.928668999000081 ], [ 5.997948500000064, 52.933200999000064 ], [ 6.002585, 52.933982999000079 ], [ 6.037463500000058, 52.918079499000044 ], [ 6.041038, 52.917594999000073 ], [ 6.043939500000022, 52.918243499000027 ], [ 6.078075, 52.931281999000078 ], [ 6.080121500000075, 52.932403499000031 ], [ 6.084859, 52.936122999000077 ], [ 6.110903915000051, 52.91406745300003 ], [ 6.146264547000044, 52.928318947000037 ], [ 6.199298185000032, 52.942349063000052 ], [ 6.214572148000059, 52.926104484000064 ], [ 6.247213, 52.923331999000027 ], [ 6.206066435000025, 52.890580184000044 ], [ 6.190308922000042, 52.883946105000064 ], [ 6.17622448000003, 52.878016406000029 ], [ 6.171010774000024, 52.875821381000037 ], [ 6.119814, 52.85426699900006 ] ] ] ] } },
{ "type": "Feature", "properties": { "GISCO_ID": "NL_GM0106", "CNTR_CODE": "NL", "LAU_ID": "GM0106", "LAU_NAME": "Assen", "cell_coverage": [ [ 0, 0.0535, 0.2885, 0.2264, 0 ], [ 0.0541, 0.9198, 0.9771, 0.8172, 0.0433 ], [ 0.1829, 1, 0.9661, 0.3451, 0 ], [ 0.0485, 0.3873, 0.1298, 0, 0 ] ], "xmin": 6.4583333333333321, "xmax": 6.6666666666666652, "ymin": 52.916666666666657, "ymax": 53.083333333333321 }, "geometry": { "type": "MultiPolygon", "coordinates": [ [ [ [ 6.488213, 53.005405499000062 ], [ 6.505936500000075, 53.010131999000066 ], [ 6.513037, 53.010558999000068 ], [ 6.509978500000045, 53.017040499000075 ], [ 6.503874, 53.016044499000031 ], [ 6.495529, 53.030898999000044 ], [ 6.502893500000027, 53.032214999000075 ], [ 6.499952, 53.038429499000074 ], [ 6.505130500000064, 53.04635599900007 ], [ 6.523687128000063, 53.045182555000054 ], [ 6.533531268000047, 53.038824887000033 ], [ 6.54610377900002, 53.036059597000076 ], [ 6.550679161000062, 53.039923093000027 ], [ 6.55153561700007, 53.049045428000056 ], [ 6.557557792000068, 53.058162306000042 ], [ 6.567342186000076, 53.05910640500008 ], [ 6.573271033000026, 53.055927808000035 ], [ 6.579591117000064, 53.059186390000036 ], [ 6.599166775000072, 53.060621536000042 ], [ 6.607116769000072, 53.049253699000076 ], [ 6.605276451000066, 53.033547744000032 ], [ 6.631211, 53.026107999000033 ], [ 6.63156568900007, 53.017425527000057 ], [ 6.615600450000045, 53.006980372000044 ], [ 6.606437024000058, 52.986361751000061 ], [ 6.597333200000037, 52.97959871300003 ], [ 6.595240047000061, 52.972973619000072 ], [ 6.579814307000049, 52.966124854000043 ], [ 6.561477500000024, 52.94666649900006 ], [ 6.543727804000071, 52.953409884000052 ], [ 6.533041054000023, 52.933962634000068 ], [ 6.502921932000049, 52.949251625000045 ], [ 6.48820581800004, 52.950504231000082 ], [ 6.491597972000022, 52.957892343000026 ], [ 6.489862785000071, 52.962531940000076 ], [ 6.493515589000026, 52.968353764000028 ], [ 6.487874755000064, 52.974206892000041 ], [ 6.49712560100005, 52.98893750600007 ], [ 6.488213, 53.005405499000062 ] ] ] ] } },
{ "type": "Feature", "properties": { "GISCO_ID": "NL_GM0109", "CNTR_CODE": "NL", "LAU_ID": "GM0109", "LAU_NAME": "Coevorden", "cell_coverage": [ [ 0, 0, 0, 0, 0.0117, 0, 0, 0 ], [ 0, 0, 0, 0.021, 0.7532, 0.371, 0.0105, 0 ], [ 0, 0, 0.0528, 0.5478, 1, 1, 0.8383, 0.1399 ], [ 0, 0.1189, 0.8372, 1, 1, 1, 0.9877, 0.0602 ], [ 0.0115, 0.7054, 0.9911, 1, 1, 1, 0.9678, 0.0181 ], [ 0, 0, 0.8664, 1, 1, 1, 1, 0.4083 ], [ 0, 0, 0.0525, 0.351, 0.7157, 0.4199, 0.3962, 0.2393 ] ], "xmin": 6.5416666666666643, "xmax": 6.875, "ymin": 52.625, "ymax": 52.916666666666657 }, "geometry": { "type": "MultiPolygon", "coordinates": [ [ [ [ 6.70973250000003, 52.627823499000044 ], [ 6.701569277000033, 52.628846983000074 ], [ 6.706854089000046, 52.648894639000048 ], [ 6.629429500000072, 52.669658499000036 ], [ 6.632262209000032, 52.684600491000026 ], [ 6.630438760000061, 52.690686245000052 ], [ 6.629082105000066, 52.695214075000081 ], [ 6.629261150000048, 52.711873956000034 ], [ 6.59745822800005, 52.713392016000057 ], [ 6.595571213000028, 52.72319606700006 ], [ 6.577556374000039, 52.72468893100006 ], [ 6.587468, 52.735690999000042 ], [ 6.590255981000041, 52.738180321000073 ], [ 6.658900407000033, 52.79947128200007 ], [ 6.675431263000064, 52.797813318000067 ], [ 6.681764289000057, 52.807382820000043 ], [ 6.691797643000029, 52.811466895000081 ], [ 6.693262307000055, 52.815421025000035 ], [ 6.690496058000065, 52.825150443000041 ], [ 6.698404602000039, 52.830443095000078 ], [ 6.706551475000026, 52.835895245000074 ], [ 6.705215838000072, 52.84659638800008 ], [ 6.719782366000061, 52.84917216000008 ], [ 6.727454033000072, 52.853841283000065 ], [ 6.720997646000058, 52.861160175000066 ], [ 6.720695102000036, 52.866124988000081 ], [ 6.714564, 52.868159999000056 ], [ 6.73633650000005, 52.878692499000067 ], [ 6.754835398000068, 52.858619385000054 ], [ 6.767958677000024, 52.849246787000027 ], [ 6.821121138000024, 52.823049859000037 ], [ 6.849805500000059, 52.804633999000032 ], [ 6.831586451000021, 52.778160425000067 ], [ 6.831848726000032, 52.766930614000046 ], [ 6.838598133000062, 52.760892993000027 ], [ 6.838119696000035, 52.753203746000054 ], [ 6.831645693000041, 52.742899461000036 ], [ 6.834404944000028, 52.738180321000073 ], [ 6.836349547000054, 52.734854472000052 ], [ 6.827222664000033, 52.729450412000062 ], [ 6.840351994000059, 52.701199262000046 ], [ 6.849781127000028, 52.697518492000029 ], [ 6.851503736000041, 52.690686245000052 ], [ 6.86183, 52.649729999000044 ], [ 6.835940694000044, 52.651757202000056 ], [ 6.816301, 52.648615499000073 ], [ 6.786861349000048, 52.652604248000046 ], [ 6.767739762000076, 52.64742670000004 ], [ 6.762402724000026, 52.647423443000037 ], [ 6.750731950000045, 52.647416322000026 ], [ 6.74164556900007, 52.644773742000041 ], [ 6.725708902000065, 52.633398863000082 ], [ 6.70973250000003, 52.627823499000044 ] ] ] ] } },
{ "type": "Feature", "properties": { "GISCO_ID": "NL_GM0114", "CNTR_CODE": "NL", "LAU_ID": "GM0114", "LAU_NAME": "Emmen", "cell_coverage": [ [ 0, 0, 0.0096, 0.2928, 0.7977, 0.9339, 0.4623, 0.0222 ], [ 0, 0.3676, 0.8887, 1, 1, 1, 0.8153, 0.0123 ], [ 0.0123, 0.9398, 1, 1, 1, 1, 0.6362, 0 ], [ 0.0322, 0.9819, 1, 1, 1, 1, 0.5368, 0 ], [ 0, 0.5917, 1, 1, 1, 1, 0.4268, 0 ], [ 0, 0.1362, 0.4022, 0.6464, 0.5636, 0.7234, 0.228, 0 ] ], "xmin": 6.7916666666666643, "xmax": 7.125, "ymin": 52.625, "ymax": 52.875 }, "geometry": { "type": "MultiPolygon", "coordinates": [ [ [ [ 7.059801716000038, 52.690686245000052 ], [ 7.054576101000066, 52.643154881000044 ], [ 7.041309341000044, 52.633284812000056 ], [ 7.006229500000074, 52.638762999000051 ], [ 6.977072775000067, 52.645854460000066 ], [ 6.952374505000023, 52.639186929000061 ], [ 6.918981500000029, 52.639981499000044 ], [ 6.913002066000047, 52.64647612400006 ], [ 6.897239295000077, 52.65099284300004 ], [ 6.87135280900003, 52.652480640000078 ], [ 6.86183, 52.649729999000044 ], [ 6.851503736000041, 52.690686245000052 ], [ 6.849781127000028, 52.697518492000029 ], [ 6.840351994000059, 52.701199262000046 ], [ 6.827222664000033, 52.729450412000062 ], [ 6.836349547000054, 52.734854472000052 ], [ 6.834404944000028, 52.738180321000073 ], [ 6.831645693000041, 52.742899461000036 ], [ 6.838119696000035, 52.753203746000054 ], [ 6.838598133000062, 52.760892993000027 ], [ 6.831848726000032, 52.766930614000046 ], [ 6.831586451000021, 52.778160425000067 ], [ 6.849805500000059, 52.804633999000032 ], [ 6.857119363000038, 52.812474075000068 ], [ 6.870007263000048, 52.81947669300007 ], [ 6.89944792700004, 52.830443095000078 ], [ 6.948410567000053, 52.848681272000078 ], [ 6.961359619000064, 52.863541320000081 ], [ 7.014979500000038, 52.872985999000036 ], [ 7.039282773000025, 52.872504573000072 ], [ 7.043515955000032, 52.866312598000036 ], [ 7.061931789000027, 52.852850230000058 ], [ 7.074138463000054, 52.84831163900003 ], [ 7.072970244000032, 52.839107342000034 ], [ 7.092692, 52.838200999000037 ], [ 7.086830384000052, 52.830443095000078 ], [ 7.072045, 52.810874499000079 ], [ 7.069587500000068, 52.787627499000052 ], [ 7.067941500000074, 52.76813899900003 ], [ 7.066831, 52.754623499000047 ], [ 7.065023231000055, 52.738180321000073 ], [ 7.059801716000038, 52.690686245000052 ] ] ] ] } },
{ "type": "Feature", "properties": { "GISCO_ID": "NL_GM0118", "CNTR_CODE": "NL", "LAU_ID": "GM0118", "LAU_NAME": "Hoogeveen", "cell_coverage": [ [ 0, 0.0304, 0.0891, 0, 0, 0, 0 ], [ 0.0174, 0.615, 0.9226, 0.3923, 0.1942, 0, 0 ], [ 0.0884, 0.9658, 1, 1, 0.8677, 0.1962, 0.0089 ], [ 0.0209, 0.1436, 0.4648, 0.8791, 0.9788, 0.8692, 0.1147 ], [ 0, 0, 0, 0.0624, 0.0219, 0, 0 ] ], "xmin": 6.375, "xmax": 6.666666666666667, "ymin": 52.625, "ymax": 52.833333333333321 }, "geometry": { "type": "MultiPolygon", "coordinates": [ [ [ [ 6.630438760000061, 52.690686245000052 ], [ 6.632262209000032, 52.684600491000026 ], [ 6.629429500000072, 52.669658499000036 ], [ 6.614586, 52.674110499000051 ], [ 6.552768, 52.665660999000067 ], [ 6.546161500000039, 52.663375999000039 ], [ 6.529386500000044, 52.654559999000071 ], [ 6.529562648000024, 52.671991296000044 ], [ 6.493906472000049, 52.676281090000032 ], [ 6.49258861800007, 52.68339119500007 ], [ 6.485488491000069, 52.685188585000049 ], [ 6.484837625000068, 52.690686245000052 ], [ 6.484512184000039, 52.693435141000066 ], [ 6.450248524000074, 52.694173062000061 ], [ 6.450529983000024, 52.70207853900007 ], [ 6.447486265000066, 52.70655950500003 ], [ 6.420176840000067, 52.702363277000075 ], [ 6.404453444000069, 52.707239298000047 ], [ 6.406284044000074, 52.712519593000081 ], [ 6.413634407000075, 52.717909554000073 ], [ 6.407959085000073, 52.728021074000026 ], [ 6.420115685000042, 52.731669848000081 ], [ 6.417345705000059, 52.738180321000073 ], [ 6.416431635000038, 52.740328720000036 ], [ 6.42201174500002, 52.743177376000062 ], [ 6.421532687000024, 52.748084639000069 ], [ 6.42502227500006, 52.751275609000061 ], [ 6.415620360000048, 52.756613625000057 ], [ 6.411216598000067, 52.764541044000055 ], [ 6.440123698000036, 52.772532033000061 ], [ 6.445648673000051, 52.776644529000066 ], [ 6.446920500000033, 52.785887999000067 ], [ 6.449051500000053, 52.79154599900005 ], [ 6.455449, 52.800555999000039 ], [ 6.491354630000046, 52.792750077000051 ], [ 6.495563846000039, 52.785568390000037 ], [ 6.491584070000044, 52.771511744000065 ], [ 6.506511395000075, 52.768953353000029 ], [ 6.512956744000064, 52.762860983000053 ], [ 6.534005720000039, 52.767504184000074 ], [ 6.56502114500006, 52.765218559000061 ], [ 6.55854271100003, 52.745706362000078 ], [ 6.58027861000005, 52.738180321000073 ], [ 6.587468, 52.735690999000042 ], [ 6.577556374000039, 52.72468893100006 ], [ 6.595571213000028, 52.72319606700006 ], [ 6.59745822800005, 52.713392016000057 ], [ 6.629261150000048, 52.711873956000034 ], [ 6.629082105000066, 52.695214075000081 ], [ 6.630438760000061, 52.690686245000052 ] ] ] ] } },
{ "type": "Feature", "properties": { "GISCO_ID": "NL_GM0119", "CNTR_CODE": "NL", "LAU_ID": "GM0119", "LAU_NAME": "Meppel", "cell_coverage": [ [ 0.0074, 0.2804, 0.1741, 0, 0 ], [ 0.0039, 0.7483, 0.8641, 0.315, 0 ], [ 0, 0.1331, 0.68, 0.606, 0.5336 ] ], "xmin": 6.0833333333333321, "xmax": 6.2916666666666652, "ymin": 52.666666666666657, "ymax": 52.791666666666657 }, "geometry": { "type": "MultiPolygon", "coordinates": [ [ [ [ 6.280438811000067, 52.690686245000052 ], [ 6.278302273000065, 52.688069117000055 ], [ 6.278659197000025, 52.68371258500008 ], [ 6.272449401000074, 52.680905954000082 ], [ 6.265508500000067, 52.667987999000047 ], [ 6.251399032000052, 52.670911158000081 ], [ 6.244668162000039, 52.677860403000068 ], [ 6.236791968000034, 52.677981713000065 ], [ 6.21625621000004, 52.686057018000042 ], [ 6.201680783000029, 52.684215731000052 ], [ 6.192683515000056, 52.67763076600005 ], [ 6.182904132000033, 52.681909592000068 ], [ 6.182763589000047, 52.677040806000036 ], [ 6.177016691000063, 52.676389777000054 ], [ 6.171010774000024, 52.67813314700004 ], [ 6.164404476000072, 52.680050793000078 ], [ 6.16856535900007, 52.686941367000031 ], [ 6.161548799000059, 52.690686245000052 ], [ 6.158891500000038, 52.692104499000038 ], [ 6.129596896000066, 52.738180321000073 ], [ 6.120858527000053, 52.751924405000068 ], [ 6.128527191000046, 52.757390427000075 ], [ 6.16758229900006, 52.767235949000053 ], [ 6.171010774000024, 52.771008390000077 ], [ 6.172878500000024, 52.773063499000045 ], [ 6.196459386000072, 52.738180321000073 ], [ 6.201634041000034, 52.730525460000081 ], [ 6.209208129000046, 52.738180321000073 ], [ 6.218216452000036, 52.747284711000077 ], [ 6.231438500000024, 52.741710499000078 ], [ 6.230307294000056, 52.735943715000076 ], [ 6.217994028000021, 52.719223352000029 ], [ 6.219066955000073, 52.705379223000079 ], [ 6.267998774000034, 52.706026343000076 ], [ 6.284678857000074, 52.695880039000031 ], [ 6.280438811000067, 52.690686245000052 ] ] ] ] } },
{ "type": "Feature", "properties": { "GISCO_ID": "NL_GM0141", "CNTR_CODE": "NL", "LAU_ID": "GM0141", "LAU_NAME": "Almelo", "cell_coverage": [ [ 0.1776, 0.4906, 0.3724, 0.0051 ], [ 0.4053, 1, 1, 0.2044 ], [ 0.1918, 0.9117, 0.5358, 0.0028 ], [ 0, 0.0036, 0, 0 ] ], "xmin": 6.5833333333333321, "xmax": 6.75, "ymin": 52.25, "ymax": 52.416666666666657 }, "geometry": { "type": "MultiPolygon", "coordinates": [ [ [ [ 6.72117650000007, 52.34115599900008 ], [ 6.710228961000041, 52.331745995000063 ], [ 6.696531744000026, 52.328721450000046 ], [ 6.696678195000061, 52.326126848000058 ], [ 6.705682679000063, 52.320570008000061 ], [ 6.704022903000066, 52.317617453000082 ], [ 6.691449550000073, 52.313329921000047 ], [ 6.690908, 52.308360999000058 ], [ 6.664838872000075, 52.298045725000065 ], [ 6.626195500000051, 52.28997399900004 ], [ 6.63074778400005, 52.30163144100004 ], [ 6.615723138000021, 52.306844741000077 ], [ 6.613417477000041, 52.311821407000082 ], [ 6.607158219000041, 52.313584242000047 ], [ 6.617791920000059, 52.327289095000026 ], [ 6.598738314000059, 52.341242931000068 ], [ 6.606529309000052, 52.347156109000082 ], [ 6.615072337000072, 52.360894962000032 ], [ 6.598791500000061, 52.383617499000081 ], [ 6.608604039000056, 52.388694871000041 ], [ 6.614945539000075, 52.387078210000027 ], [ 6.640386085000046, 52.398295633000032 ], [ 6.652486310000029, 52.397715033000054 ], [ 6.668167178000033, 52.389153600000043 ], [ 6.676765150000051, 52.395069052000053 ], [ 6.683501166000042, 52.391822023000032 ], [ 6.698627500000043, 52.393748999000081 ], [ 6.704091166000069, 52.380417789000035 ], [ 6.712542919000043, 52.375928482000063 ], [ 6.719756692000033, 52.360117717000037 ], [ 6.719773436000025, 52.352202834000082 ], [ 6.711056218000067, 52.343669168000076 ], [ 6.72117650000007, 52.34115599900008 ] ] ] ] } },
{ "type": "Feature", "properties": { "GISCO_ID": "NL_GM0147", "CNTR_CODE": "NL", "LAU_ID": "GM0147", "LAU_NAME": "Borne", "cell_coverage": [ [ 0, 0.0988, 0, 0 ], [ 0.148, 0.9091, 0.6786, 0.0416 ], [ 0, 0.0624, 0.0263, 0 ] ], "xmin": 6.6666666666666643, "xmax": 6.8333333333333313, "ymin": 52.25, "ymax": 52.375 }, "geometry": { "type": "MultiPolygon", "coordinates": [ [ [ [ 6.742718, 52.283107999000038 ], [ 6.709959026000035, 52.304542079000043 ], [ 6.690908, 52.308360999000058 ], [ 6.691449550000073, 52.313329921000047 ], [ 6.704022903000066, 52.317617453000082 ], [ 6.705682679000063, 52.320570008000061 ], [ 6.696678195000061, 52.326126848000058 ], [ 6.696531744000026, 52.328721450000046 ], [ 6.710228961000041, 52.331745995000063 ], [ 6.72117650000007, 52.34115599900008 ], [ 6.734547500000076, 52.33928699900008 ], [ 6.743636500000036, 52.336116999000069 ], [ 6.750662, 52.329642999000043 ], [ 6.753784500000052, 52.329997999000057 ], [ 6.759034, 52.332076999000037 ], [ 6.762402724000026, 52.329206550000038 ], [ 6.774200424000071, 52.31915387500004 ], [ 6.802045500000077, 52.313567999000043 ], [ 6.799718489000043, 52.308020148000026 ], [ 6.789093730000047, 52.304656016000081 ], [ 6.789069520000055, 52.300426171000026 ], [ 6.762402724000026, 52.290462740000066 ], [ 6.742718, 52.283107999000038 ] ] ] ] } },
{ "type": "Feature", "properties": { "GISCO_ID": "NL_GM0150", "CNTR_CODE": "NL", "LAU_ID": "GM0150", "LAU_NAME": "Deventer", "cell_coverage": [ [ 0.087, 0.2854, 0.5276, 0.6116, 0.2552, 0.1912, 0, 0 ], [ 0.1528, 0.98, 1, 1, 1, 0.9723, 0.4677, 0.0069 ], [ 0, 0.2904, 0.4648, 0.4983, 0.5237, 0.5667, 0.2596, 0.016 ] ], "xmin": 6.0833333333333321, "xmax": 6.4166666666666652, "ymin": 52.208333333333321, "ymax": 52.333333333333321 }, "geometry": { "type": "MultiPolygon", "coordinates": [ [ [ [ 6.235401, 52.319869999000048 ], [ 6.235151500000029, 52.314365499000075 ], [ 6.267313500000057, 52.300830499000028 ], [ 6.305953500000044, 52.300594499000056 ], [ 6.326621500000044, 52.30167749900005 ], [ 6.329958003000058, 52.280972005000081 ], [ 6.342722835000075, 52.274915786000065 ], [ 6.374870126000076, 52.259663644000057 ], [ 6.37677214100006, 52.252108501000066 ], [ 6.381997500000068, 52.246085999000059 ], [ 6.367066961000035, 52.241768775000082 ], [ 6.352305699000055, 52.24141983800007 ], [ 6.342722835000075, 52.237587455000039 ], [ 6.339098736000039, 52.23613810300003 ], [ 6.337180345000036, 52.227485447000049 ], [ 6.319704650000062, 52.225753202000078 ], [ 6.300040283000044, 52.225640015000067 ], [ 6.290911538000046, 52.230665583000075 ], [ 6.269077606000053, 52.226771658000075 ], [ 6.216005449000022, 52.230646810000053 ], [ 6.214131313000053, 52.228059773000041 ], [ 6.191064650000044, 52.229285271000037 ], [ 6.181103894000046, 52.233544848000065 ], [ 6.171010774000024, 52.231827546000034 ], [ 6.166411500000038, 52.231044999000062 ], [ 6.164344483000036, 52.226049354000054 ], [ 6.167567607000024, 52.220434238000053 ], [ 6.164471130000038, 52.218426032000082 ], [ 6.161238629000025, 52.224306438000042 ], [ 6.148154127000055, 52.227858405000063 ], [ 6.142749725000044, 52.232959791000042 ], [ 6.143088930000033, 52.238250834000041 ], [ 6.152436203000036, 52.243837962000043 ], [ 6.152438882000069, 52.247063641000068 ], [ 6.124670086000037, 52.251896828000042 ], [ 6.12900647500004, 52.260673008000026 ], [ 6.112637732000053, 52.278666058000056 ], [ 6.11070102900004, 52.288134557000035 ], [ 6.101319, 52.301246499000058 ], [ 6.11187244100006, 52.298169034000068 ], [ 6.171010774000024, 52.307555835000073 ], [ 6.180149835000066, 52.309006443000044 ], [ 6.18281582700007, 52.31459774800004 ], [ 6.20015889900003, 52.316849643000069 ], [ 6.206832458000065, 52.320969138000066 ], [ 6.235401, 52.319869999000048 ] ] ] ] } },
{ "type": "Feature", "properties": { "GISCO_ID": "NL_GM0153", "CNTR_CODE": "NL", "LAU_ID": "GM0153", "LAU_NAME": "Enschede", "cell_coverage": [ [ 0, 0.0001, 0.5033, 0.7871, 0.7497, 0.1361 ], [ 0.459, 0.7094, 1, 1, 1, 0.3476 ], [ 0.383, 0.9134, 0.9843, 0.9362, 0.6748, 0.0974 ], [ 0, 6.785e-06, 0.0352, 0.0573, 0, 0 ] ], "xmin": 6.75, "xmax": 7.0, "ymin": 52.125, "ymax": 52.291666666666657 }, "geometry": { "type": "MultiPolygon", "coordinates": [ [ [ [ 6.840475500000025, 52.276283499000044 ], [ 6.869592720000071, 52.27328228600004 ], [ 6.876839802000063, 52.27545144700008 ], [ 6.88292294200005, 52.282601131000035 ], [ 6.912096, 52.285475999000028 ], [ 6.913552, 52.282146499000078 ], [ 6.919316500000036, 52.283637999000064 ], [ 6.939303500000051, 52.283778999000049 ], [ 6.968630657000062, 52.267074467000043 ], [ 6.972572306000075, 52.24803862300007 ], [ 6.965566823000074, 52.236830314000031 ], [ 6.965644159000021, 52.232400794000057 ], [ 6.981130500000063, 52.22065599900003 ], [ 6.974561250000022, 52.206100288000073 ], [ 6.948932, 52.180443999000033 ], [ 6.909767891000058, 52.176401659000078 ], [ 6.904004351000026, 52.169205367000075 ], [ 6.889594, 52.161143499000048 ], [ 6.869964500000037, 52.16267749900004 ], [ 6.828036500000053, 52.171012999000027 ], [ 6.814280500000052, 52.170871499000043 ], [ 6.805631500000061, 52.166587999000058 ], [ 6.788331, 52.176265499000067 ], [ 6.766766500000074, 52.191016999000055 ], [ 6.765662857000052, 52.202797432000068 ], [ 6.762402724000026, 52.207929186000058 ], [ 6.756771450000031, 52.216793339000048 ], [ 6.762402724000026, 52.221803692000037 ], [ 6.767615232000026, 52.226441453000064 ], [ 6.766577462000043, 52.23346076200005 ], [ 6.775587427000062, 52.237989585000037 ], [ 6.81353878300007, 52.230470301000082 ], [ 6.820632530000069, 52.244205599000054 ], [ 6.841647719000036, 52.254283175000069 ], [ 6.842670865000059, 52.266629474000069 ], [ 6.832975949000058, 52.273430519000044 ], [ 6.840475500000025, 52.276283499000044 ] ] ] ] } },
{ "type": "Feature", "properties": { "GISCO_ID": "NL_GM0158", "CNTR_CODE": "NL", "LAU_ID": "GM0158", "LAU_NAME": "Haaksbergen", "cell_coverage": [ [ 0.3576, 0.754, 0.8319, 0.4847, 0.0866, 0.0157, 0 ], [ 0.0031, 0.8715, 1, 1, 1, 0.9331, 0.0682 ], [ 0, 0.0305, 0.1533, 0.1517, 0.1419, 0.076, 0 ] ], "xmin": 6.625, "xmax": 6.916666666666667, "ymin": 52.083333333333321, "ymax": 52.208333333333321 }, "geometry": { "type": "MultiPolygon", "coordinates": [ [ [ [ 6.712325500000077, 52.206405499000027 ], [ 6.740336500000069, 52.198222999000052 ], [ 6.762402724000026, 52.192206759000044 ], [ 6.766766500000074, 52.191016999000055 ], [ 6.788331, 52.176265499000067 ], [ 6.805631500000061, 52.166587999000058 ], [ 6.814280500000052, 52.170871499000043 ], [ 6.828036500000053, 52.171012999000027 ], [ 6.869964500000037, 52.16267749900004 ], [ 6.889594, 52.161143499000048 ], [ 6.881416643000023, 52.156248761000029 ], [ 6.872573684000031, 52.131025280000074 ], [ 6.866975500000024, 52.127955999000051 ], [ 6.855851471000051, 52.120976701000075 ], [ 6.846500005000053, 52.119427186000053 ], [ 6.762402724000026, 52.118588816000056 ], [ 6.760465, 52.118569499000046 ], [ 6.716792490000046, 52.118361904000039 ], [ 6.664507248000064, 52.129729702000077 ], [ 6.67373165500004, 52.142640673000074 ], [ 6.673204783000074, 52.162895262000063 ], [ 6.645090500000038, 52.174262999000064 ], [ 6.643599874000074, 52.179654167000081 ], [ 6.631849432000024, 52.189296630000058 ], [ 6.670738053000036, 52.197566951000056 ], [ 6.697526547000052, 52.196997826000029 ], [ 6.712325500000077, 52.206405499000027 ] ] ] ] } },
{ "type": "Feature", "properties": { "GISCO_ID": "NL_GM0160", "CNTR_CODE": "NL", "LAU_ID": "GM0160", "LAU_NAME": "Hardenberg", "cell_coverage": [ [ 0, 0, 0, 0, 0, 0, 0.0212, 0.1308, 0.0189, 0, 0, 0 ], [ 0.2508, 0.4967, 4.9672e-06, 0.0054, 0, 0.4323, 0.9781, 1, 0.9475, 0.649, 0.0054, 0 ], [ 0.4202, 0.79, 0.6764, 0.8614, 0.8698, 0.8998, 1, 1, 1, 1, 0.3456, 0 ], [ 0, 0, 0.037, 0.3224, 0.3286, 0.6033, 1, 1, 1, 0.9009, 0.5438, 0.056 ], [ 0, 0, 0, 0, 0, 0.074, 0.696, 0.9909, 1, 0.8039, 0, 0 ], [ 0, 0, 0, 0, 0, 0, 0, 0.3981, 0.496, 0.1818, 0, 0 ] ], "xmin": 6.2916666666666643, "xmax": 6.7916666666666643, "ymin": 52.458333333333321, "ymax": 52.708333333333321 }, "geometry": { "type": "MultiPolygon", "coordinates": [ [ [ [ 6.323420500000054, 52.592597999000077 ], [ 6.319716, 52.599155499000062 ], [ 6.302998500000058, 52.597106999000061 ], [ 6.32613, 52.657291499000053 ], [ 6.327775, 52.658706499000061 ], [ 6.362455200000056, 52.643938312000046 ], [ 6.374126825000076, 52.628115438000066 ], [ 6.377544499000066, 52.616854439000065 ], [ 6.385291167000048, 52.61293455200007 ], [ 6.395856152000022, 52.617058506000035 ], [ 6.404280178000022, 52.616982490000055 ], [ 6.408265818000075, 52.620984102000079 ], [ 6.417979670000022, 52.619453254000064 ], [ 6.429922892000036, 52.627925244000039 ], [ 6.437818712000023, 52.617676822000078 ], [ 6.449788081000065, 52.614583266000068 ], [ 6.458393475000037, 52.615556725000033 ], [ 6.464071292000028, 52.623253949000059 ], [ 6.469496120000031, 52.624648449000063 ], [ 6.479934135000065, 52.618628892000061 ], [ 6.516397179000023, 52.614090732000079 ], [ 6.518066034000071, 52.616942421000033 ], [ 6.514467986000056, 52.645658619000073 ], [ 6.529386500000044, 52.654559999000071 ], [ 6.546161500000039, 52.663375999000039 ], [ 6.552768, 52.665660999000067 ], [ 6.614586, 52.674110499000051 ], [ 6.629429500000072, 52.669658499000036 ], [ 6.706854089000046, 52.648894639000048 ], [ 6.701569277000033, 52.628846983000074 ], [ 6.70973250000003, 52.627823499000044 ], [ 6.726322399000026, 52.615468252000028 ], [ 6.720220734000065, 52.588935560000039 ], [ 6.762402724000026, 52.564005814000041 ], [ 6.766621500000042, 52.56151249900006 ], [ 6.762402724000026, 52.561032457000067 ], [ 6.750743008000029, 52.559705732000054 ], [ 6.728289824000058, 52.562259760000074 ], [ 6.713613612000074, 52.549422186000072 ], [ 6.685714216000065, 52.551263199000061 ], [ 6.703536616000065, 52.522134781000034 ], [ 6.702633, 52.509327499000051 ], [ 6.699419500000033, 52.49483649900003 ], [ 6.697865500000034, 52.486285999000074 ], [ 6.668310532000021, 52.494229552000036 ], [ 6.655085959000075, 52.488030282000068 ], [ 6.65382668500007, 52.482727106000027 ], [ 6.648725665000029, 52.478925652000044 ], [ 6.648595323000052, 52.473149522000028 ], [ 6.626142683000069, 52.473086353000042 ], [ 6.613094769000043, 52.466706603000034 ], [ 6.601565359000062, 52.478547717000026 ], [ 6.595364, 52.480334999000036 ], [ 6.608233120000023, 52.492785661000028 ], [ 6.562346945000058, 52.51293782700003 ], [ 6.561281648000033, 52.514616357000079 ], [ 6.565469540000038, 52.516201827000032 ], [ 6.563994489000038, 52.518711721000045 ], [ 6.559274456000026, 52.518526751000081 ], [ 6.553761529000042, 52.513234726000064 ], [ 6.542727226000068, 52.519184851000034 ], [ 6.541174988000023, 52.526061450000043 ], [ 6.532848598000044, 52.53140671500006 ], [ 6.529135112000063, 52.546926971000062 ], [ 6.522634138000058, 52.559022209000034 ], [ 6.505793821000054, 52.574809121000044 ], [ 6.486721902000056, 52.568743020000056 ], [ 6.416436009000051, 52.570395138000038 ], [ 6.402885063000042, 52.588935560000039 ], [ 6.401158465000037, 52.591297893000046 ], [ 6.323420500000054, 52.592597999000077 ] ] ] ] } },
{ "type": "Feature", "properties": { "GISCO_ID": "NL_GM0163", "CNTR_CODE": "NL", "LAU_ID": "GM0163", "LAU_NAME": "Hellendoorn", "cell_coverage": [ [ 0, 0, 0.0089, 0, 0, 0, 0 ], [ 0, 0.1935, 0.7341, 0.6386, 0.5961, 0.7166, 0.1385 ], [ 0.0349, 0.5598, 1, 0.9965, 0.4096, 0.0536, 0 ], [ 0.8294, 1, 1, 0.8282, 0.0956, 0, 0 ], [ 0.2123, 0.2577, 0.2372, 0.0771, 0, 0, 0 ] ], "xmin": 6.3333333333333321, "xmax": 6.625, "ymin": 52.29166666666665, "ymax": 52.5 }, "geometry": { "type": "MultiPolygon", "coordinates": [ [ [ [ 6.468275500000061, 52.326434999000071 ], [ 6.46097, 52.319873999000038 ], [ 6.429699500000027, 52.324977999000055 ], [ 6.421877500000051, 52.325507999000081 ], [ 6.403044, 52.323215499000071 ], [ 6.392504, 52.322334499000078 ], [ 6.355815500000062, 52.318271499000048 ], [ 6.343237596000051, 52.33252570500008 ], [ 6.334458333000043, 52.352763032000041 ], [ 6.345502650000071, 52.370563773000072 ], [ 6.358371678000026, 52.376844105000032 ], [ 6.38941813200006, 52.382765343000074 ], [ 6.403583483000034, 52.414034635000064 ], [ 6.390622500000063, 52.42805499900004 ], [ 6.430802161000031, 52.439810342000044 ], [ 6.442522234000023, 52.450903491000076 ], [ 6.44605905100002, 52.460223092000035 ], [ 6.450152500000058, 52.461162499000068 ], [ 6.475827078000066, 52.441222088000075 ], [ 6.51019481000003, 52.43730019700007 ], [ 6.526485869000055, 52.440698984000051 ], [ 6.532654573000059, 52.44676626100005 ], [ 6.542510255000025, 52.450768122000056 ], [ 6.564951482000026, 52.446321092000062 ], [ 6.595536460000062, 52.453983712000081 ], [ 6.597435075000021, 52.439441290000048 ], [ 6.57392330600004, 52.423418698000035 ], [ 6.575974500000029, 52.417403999000044 ], [ 6.516336777000049, 52.405548069000076 ], [ 6.509265853000045, 52.392842883000071 ], [ 6.513065478000044, 52.382258462000038 ], [ 6.497245328000076, 52.376561750000064 ], [ 6.495783485000061, 52.372438848000058 ], [ 6.499215421000031, 52.364226120000069 ], [ 6.518902461000039, 52.361533852000036 ], [ 6.519243226000071, 52.35690556600008 ], [ 6.49156087700004, 52.348949492000031 ], [ 6.468275500000061, 52.326434999000071 ] ] ] ] } },
{ "type": "Feature", "properties": { "GISCO_ID": "NL_GM0164", "CNTR_CODE": "NL", "LAU_ID": "GM0164", "LAU_NAME": "Hengelo", "cell_coverage": [ [ 0, 0, 0.0792, 0.3505, 0.0059 ], [ 0, 0.0742, 0.966, 0.9999, 0.2179 ], [ 0.0182, 0.8736, 0.541, 0.2906, 0 ], [ 0, 0.1616, 0.1323, 0, 0 ] ], "xmin": 6.6666666666666643, "xmax": 6.875, "ymin": 52.166666666666657, "ymax": 52.333333333333321 }, "geometry": { "type": "MultiPolygon", "coordinates": [ [ [ [ 6.712325500000077, 52.206405499000027 ], [ 6.702934463000076, 52.217637834000072 ], [ 6.711969724000028, 52.226395174000061 ], [ 6.71698439000005, 52.239109924000047 ], [ 6.720473209000033, 52.239504565000061 ], [ 6.720336011000029, 52.248983483000075 ], [ 6.725467405000074, 52.252441287000067 ], [ 6.75217322900005, 52.253239604000044 ], [ 6.748451295000052, 52.274307597000075 ], [ 6.742718, 52.283107999000038 ], [ 6.762402724000026, 52.290462740000066 ], [ 6.789069520000055, 52.300426171000026 ], [ 6.789093730000047, 52.304656016000081 ], [ 6.799718489000043, 52.308020148000026 ], [ 6.802045500000077, 52.313567999000043 ], [ 6.82324533600007, 52.308341375000055 ], [ 6.824487139000041, 52.305827076000071 ], [ 6.820136231000049, 52.300572210000041 ], [ 6.821652712000059, 52.298134583000035 ], [ 6.848322921000033, 52.289324687000033 ], [ 6.85115471000006, 52.283491045000062 ], [ 6.840475500000025, 52.276283499000044 ], [ 6.832975949000058, 52.273430519000044 ], [ 6.842670865000059, 52.266629474000069 ], [ 6.841647719000036, 52.254283175000069 ], [ 6.820632530000069, 52.244205599000054 ], [ 6.81353878300007, 52.230470301000082 ], [ 6.775587427000062, 52.237989585000037 ], [ 6.766577462000043, 52.23346076200005 ], [ 6.767615232000026, 52.226441453000064 ], [ 6.762402724000026, 52.221803692000037 ], [ 6.756771450000031, 52.216793339000048 ], [ 6.762402724000026, 52.207929186000058 ], [ 6.765662857000052, 52.202797432000068 ], [ 6.766766500000074, 52.191016999000055 ], [ 6.762402724000026, 52.192206759000044 ], [ 6.740336500000069, 52.198222999000052 ], [ 6.712325500000077, 52.206405499000027 ] ] ] ] } },
{ "type": "Feature", "properties": { "GISCO_ID": "NL_GM0166", "CNTR_CODE": "NL", "LAU_ID": "GM0166", "LAU_NAME": "Kampen", "cell_coverage": [ [ 0, 0, 0, 0, 0.0001, 0.0264, 0 ], [ 0.1874, 0.5794, 0.6857, 0.8032, 0.8364, 0.5688, 0.0041 ], [ 0.0162, 0.1805, 0.7988, 1, 1, 0.96, 0.473 ], [ 0, 0, 0.1903, 0.7698, 1, 1, 0.5052 ], [ 0, 0, 0, 0.0449, 0.477, 0.316, 0.0001 ] ], "xmin": 5.75, "xmax": 6.041666666666667, "ymin": 52.458333333333321, "ymax": 52.666666666666657 }, "geometry": { "type": "MultiPolygon", "coordinates": [ [ [ [ 6.027829, 52.509654499000078 ], [ 6.021874337000042, 52.505948928000066 ], [ 6.010352524000041, 52.504930229000081 ], [ 6.000733500000024, 52.500133499000071 ], [ 5.966476912000076, 52.477537737000034 ], [ 5.953268084000058, 52.484154382000042 ], [ 5.933496578000074, 52.477320556000052 ], [ 5.926161329000024, 52.474785200000042 ], [ 5.898928819000048, 52.507714512000064 ], [ 5.879853546000049, 52.521048913000072 ], [ 5.869031957000061, 52.519690718000049 ], [ 5.864311, 52.518169499000066 ], [ 5.852641751000021, 52.552424516000031 ], [ 5.812099888000034, 52.578931498000031 ], [ 5.778499099000044, 52.581746968000061 ], [ 5.778351734000069, 52.588935560000039 ], [ 5.777970500000038, 52.607532499000058 ], [ 5.835421632000021, 52.607439574000068 ], [ 5.843206438000038, 52.610756059000039 ], [ 5.904310455000029, 52.618939939000029 ], [ 5.916474351000033, 52.613889351000068 ], [ 5.930107744000054, 52.614716645000044 ], [ 5.957630886000061, 52.625083841000048 ], [ 5.981053, 52.628307499000073 ], [ 5.99151843900006, 52.619176800000048 ], [ 5.99036374800005, 52.613652198000068 ], [ 5.972276989000022, 52.594481132000055 ], [ 5.975611984000068, 52.588935560000039 ], [ 5.980482968000047, 52.580835880000052 ], [ 5.984777737000059, 52.578127192000068 ], [ 6.010352524000041, 52.584371721000082 ], [ 6.013097221000066, 52.585041886000056 ], [ 6.033025500000065, 52.559379499000045 ], [ 6.010352524000041, 52.551581682000062 ], [ 6.004673300000036, 52.549628451000046 ], [ 6.008142744000054, 52.545130561000065 ], [ 6.010352524000041, 52.544333405000032 ], [ 6.02997087600005, 52.537256283000033 ], [ 6.029555296000069, 52.527432438000062 ], [ 6.019079638000051, 52.525636628000029 ], [ 6.015258939000034, 52.519629427000041 ], [ 6.017799956000033, 52.514853301000073 ], [ 6.027829, 52.509654499000078 ] ] ] ] } },
{ "type": "Feature", "properties": { "GISCO_ID": "NL_GM0168", "CNTR_CODE": "NL", "LAU_ID": "GM0168", "LAU_NAME": "Losser", "cell_coverage": [ [ 0, 0.0164, 0, 0 ], [ 0.0326, 0.8272, 0.7895, 0.546 ], [ 0.3436, 1, 0.9156, 0.0851 ], [ 0.1461, 0.8639, 0.7981, 0.024 ], [ 0, 0.4462, 0.5541, 0.2012 ] ], "xmin": 6.9166666666666643, "xmax": 7.0833333333333313, "ymin": 52.208333333333321, "ymax": 52.416666666666657 }, "geometry": { "type": "MultiPolygon", "coordinates": [ [ [ [ 7.065685, 52.241372999000077 ], [ 7.060011579000047, 52.234687017000056 ], [ 7.039626288000022, 52.227909708000027 ], [ 7.020077340000057, 52.22530413100003 ], [ 7.005096876000039, 52.228227703000073 ], [ 6.990334123000025, 52.226707323000028 ], [ 6.981130500000063, 52.22065599900003 ], [ 6.965644159000021, 52.232400794000057 ], [ 6.965566823000074, 52.236830314000031 ], [ 6.972572306000075, 52.24803862300007 ], [ 6.968630657000062, 52.267074467000043 ], [ 6.939303500000051, 52.283778999000049 ], [ 6.937830570000074, 52.288850960000048 ], [ 6.945104496000056, 52.292751457000065 ], [ 6.942929539000033, 52.298790711000038 ], [ 6.949926342000026, 52.309422758000039 ], [ 6.948908783000036, 52.318814732000078 ], [ 6.935329206000063, 52.323493858000063 ], [ 6.937607, 52.332774999000037 ], [ 6.945169, 52.332679499000051 ], [ 6.953662500000064, 52.333907999000076 ], [ 6.951186500000063, 52.338096499000073 ], [ 6.952972, 52.340625999000054 ], [ 6.958665500000052, 52.345481999000071 ], [ 6.962157, 52.347423499000058 ], [ 6.965888, 52.348476499000071 ], [ 6.970141, 52.348949499000071 ], [ 6.962496, 52.363605499000073 ], [ 6.97102650000005, 52.379836999000077 ], [ 6.985546, 52.372207499000069 ], [ 7.007698, 52.363933499000041 ], [ 7.031340500000056, 52.367511499000045 ], [ 7.041304, 52.368522499000051 ], [ 7.072438, 52.373116499000048 ], [ 7.071641312000054, 52.352432535000048 ], [ 7.057231744000035, 52.338443444000063 ], [ 7.047946938000052, 52.324184590000073 ], [ 7.047051160000024, 52.315994714000055 ], [ 7.032955407000031, 52.301125048000074 ], [ 7.02659899300005, 52.289339503000065 ], [ 7.028478316000076, 52.274975675000064 ], [ 7.041982354000027, 52.257268638000028 ], [ 7.065685, 52.241372999000077 ] ] ] ] } },
{ "type": "Feature", "properties": { "GISCO_ID": "NL_GM0171", "CNTR_CODE": "NL", "LAU_ID": "GM0171", "LAU_NAME": "Noordoostpolder", "cell_coverage": [ [ 0, 0, 0, 0, 0, 0, 0, 0.0264, 0.1367, 0.0127, 0, 0, 0, 0, 0, 0 ], [ 0, 0, 0, 0, 0.0339, 0.1766, 0.618, 0.9911, 1, 0.7785, 0.1021, 0, 0, 0, 0, 0 ], [ 0.251, 0.5734, 0.7242, 0.875, 0.9918, 1, 1, 1, 1, 1, 0.9344, 0.7652, 0.3429, 0.0071, 0, 0 ], [ 0.0016, 0.2434, 0.6575, 0.9778, 1, 1, 1, 1, 1, 1, 1, 1, 1, 0.4503, 0, 0 ], [ 0, 0, 0, 0.0937, 0.4857, 0.6681, 0.8126, 1, 1, 1, 1, 1, 1, 0.8013, 0.0315, 0 ], [ 0, 0, 0, 0, 0, 0, 0.6289, 1, 1, 1, 1, 1, 1, 0.9999, 0.76, 0.1104 ], [ 0, 0, 0, 0, 0, 0, 0.1397, 0.3355, 0.374, 0.4106, 0.4206, 0.3143, 0.1968, 0.1636, 0, 0 ] ], "xmin": 5.375, "xmax": 6.041666666666667, "ymin": 52.583333333333321, "ymax": 52.875 }, "geometry": { "type": "MultiPolygon", "coordinates": [ [ [ [ 6.017299500000036, 52.643230499000026 ], [ 6.007715942000061, 52.636805653000067 ], [ 5.981053, 52.628307499000073 ], [ 5.957630886000061, 52.625083841000048 ], [ 5.930107744000054, 52.614716645000044 ], [ 5.916474351000033, 52.613889351000068 ], [ 5.904310455000029, 52.618939939000029 ], [ 5.843206438000038, 52.610756059000039 ], [ 5.835421632000021, 52.607439574000068 ], [ 5.777970500000038, 52.607532499000058 ], [ 5.745805220000022, 52.60877318200005 ], [ 5.658621784000047, 52.612136031000034 ], [ 5.64854310100003, 52.617100032000053 ], [ 5.627601500000026, 52.63676999900008 ], [ 5.639801049000027, 52.642476216000034 ], [ 5.63710853300006, 52.649078203000045 ], [ 5.648446164000063, 52.650426632000062 ], [ 5.649209814000073, 52.654261181000038 ], [ 5.644005965000076, 52.660523500000068 ], [ 5.654109350000056, 52.666028263000044 ], [ 5.642734819000054, 52.677220089000059 ], [ 5.642332698000075, 52.682238020000057 ], [ 5.610170219000054, 52.680851239000049 ], [ 5.596695175000036, 52.683154177000063 ], [ 5.593671345000075, 52.677038336000066 ], [ 5.589708893000022, 52.676828452000052 ], [ 5.556244837000065, 52.690686245000052 ], [ 5.441555266000023, 52.738180321000073 ], [ 5.377261500000031, 52.764804999000035 ], [ 5.629291159000047, 52.802813679000053 ], [ 5.660105824000027, 52.830443095000078 ], [ 5.711327288000064, 52.83720551600004 ], [ 5.725318647000051, 52.835934852000037 ], [ 5.728108272000043, 52.843020759000069 ], [ 5.749618954000027, 52.838693450000051 ], [ 5.763450156000033, 52.830443095000078 ], [ 5.783178668000062, 52.818041885000071 ], [ 5.78972380700003, 52.804813576000072 ], [ 5.795148500000039, 52.80649949900004 ], [ 5.819850300000041, 52.785199576000082 ], [ 5.850434116000031, 52.784368377000078 ], [ 5.869031957000061, 52.777920377000044 ], [ 5.921512566000047, 52.751228689000072 ], [ 5.92925778700004, 52.738180321000073 ], [ 5.933496578000074, 52.731039234000036 ], [ 5.94242233600005, 52.716002017000051 ], [ 5.951669561000074, 52.711296090000076 ], [ 5.955714259000047, 52.704148794000048 ], [ 5.964089745000024, 52.698442755000031 ], [ 5.963422604000073, 52.691802547000066 ], [ 5.961396353000055, 52.690686245000052 ], [ 5.935669586000074, 52.676512866000053 ], [ 5.934558294000055, 52.670211279000057 ], [ 5.969977366000023, 52.66533275900008 ], [ 5.984539010000049, 52.657368671000029 ], [ 6.00414999700007, 52.65252401500004 ], [ 6.010352524000041, 52.648140329000057 ], [ 6.017299500000036, 52.643230499000026 ] ] ] ] } },
{ "type": "Feature", "properties": { "GISCO_ID": "NL_GM0173", "CNTR_CODE": "NL", "LAU_ID": "GM0173", "LAU_NAME": "Oldenzaal", "cell_coverage": [ [ 0.0923, 0.7783, 0.6216 ], [ 0, 0.0478, 0.1041 ] ], "xmin": 6.8333333333333321, "xmax": 6.9583333333333321, "ymin": 52.25, "ymax": 52.333333333333321 }, "geometry": { "type": "MultiPolygon", "coordinates": [ [ [ [ 6.912096, 52.285475999000028 ], [ 6.895457546000046, 52.292863639000075 ], [ 6.861926459000074, 52.298171912000043 ], [ 6.861156344000051, 52.304666358000077 ], [ 6.894466516000023, 52.325301584000044 ], [ 6.900784116000068, 52.332621993000032 ], [ 6.928747380000061, 52.329732835000073 ], [ 6.937607, 52.332774999000037 ], [ 6.935329206000063, 52.323493858000063 ], [ 6.948908783000036, 52.318814732000078 ], [ 6.949926342000026, 52.309422758000039 ], [ 6.942929539000033, 52.298790711000038 ], [ 6.945104496000056, 52.292751457000065 ], [ 6.937830570000074, 52.288850960000048 ], [ 6.939303500000051, 52.283778999000049 ], [ 6.919316500000036, 52.283637999000064 ], [ 6.913552, 52.282146499000078 ], [ 6.912096, 52.285475999000028 ] ] ] ] } },
{ "type": "Feature", "properties": { "GISCO_ID": "NL_GM0175", "CNTR_CODE": "NL", "LAU_ID": "GM0175", "LAU_NAME": "Ommen", "cell_coverage": [ [ 0.0388, 0.21, 0.1367, 0, 0, 0, 0, 0 ], [ 0.0121, 0.8286, 0.963, 0.6776, 0.6714, 0.3967, 0, 0 ], [ 0.0009, 0.7115, 1, 1, 1, 0.926, 0.304, 0.0091 ], [ 0, 0.783, 1, 0.9514, 0.5522, 0.2741, 0.3393, 0.1945 ], [ 0, 0.0289, 0.6051, 0.2613, 0, 0, 0, 0 ] ], "xmin": 6.2916666666666643, "xmax": 6.625, "ymin": 52.41666666666665, "ymax": 52.625 }, "geometry": { "type": "MultiPolygon", "coordinates": [ [ [ [ 6.390622500000063, 52.42805499900004 ], [ 6.380510500000071, 52.429713999000057 ], [ 6.383263412000076, 52.438796375000038 ], [ 6.372052487000076, 52.449134508000043 ], [ 6.375508432000061, 52.455870498000081 ], [ 6.342976922000048, 52.45839853800004 ], [ 6.343727844000057, 52.482005901000036 ], [ 6.342722835000075, 52.485438117000058 ], [ 6.332370249000064, 52.520793332000039 ], [ 6.342722835000075, 52.52044679200003 ], [ 6.344709257000034, 52.520606203000057 ], [ 6.360157852000043, 52.525654838000037 ], [ 6.342722835000075, 52.557511052000052 ], [ 6.325435313000071, 52.588935560000039 ], [ 6.323420500000054, 52.592597999000077 ], [ 6.401158465000037, 52.591297893000046 ], [ 6.402885063000042, 52.588935560000039 ], [ 6.416436009000051, 52.570395138000038 ], [ 6.486721902000056, 52.568743020000056 ], [ 6.505793821000054, 52.574809121000044 ], [ 6.522634138000058, 52.559022209000034 ], [ 6.529135112000063, 52.546926971000062 ], [ 6.532848598000044, 52.53140671500006 ], [ 6.541174988000023, 52.526061450000043 ], [ 6.542727226000068, 52.519184851000034 ], [ 6.553761529000042, 52.513234726000064 ], [ 6.559274456000026, 52.518526751000081 ], [ 6.563994489000038, 52.518711721000045 ], [ 6.565469540000038, 52.516201827000032 ], [ 6.561281648000033, 52.514616357000079 ], [ 6.562346945000058, 52.51293782700003 ], [ 6.608233120000023, 52.492785661000028 ], [ 6.595364, 52.480334999000036 ], [ 6.554663645000062, 52.487453213000038 ], [ 6.50877325600004, 52.490480448000028 ], [ 6.50148295300005, 52.482022354000037 ], [ 6.462419351000051, 52.473340338000071 ], [ 6.454242283000042, 52.468666164000069 ], [ 6.450152500000058, 52.461162499000068 ], [ 6.44605905100002, 52.460223092000035 ], [ 6.442522234000023, 52.450903491000076 ], [ 6.430802161000031, 52.439810342000044 ], [ 6.390622500000063, 52.42805499900004 ] ] ] ] } },
{ "type": "Feature", "properties": { "GISCO_ID": "NL_GM0180", "CNTR_CODE": "NL", "LAU_ID": "GM0180", "LAU_NAME": "Staphorst", "cell_coverage": [ [ 0.0083, 0.3548, 0.32, 0.3448, 0.0327, 0.0287 ], [ 0.5046, 1, 1, 1, 0.9908, 0.7094 ], [ 0.2958, 0.9617, 0.9247, 0.8831, 0.7625, 0.2726 ], [ 0, 0.0038, 0, 0, 0, 0 ] ], "xmin": 6.0833333333333321, "xmax": 6.3333333333333321, "ymin": 52.541666666666657, "ymax": 52.708333333333321 }, "geometry": { "type": "MultiPolygon", "coordinates": [ [ [ [ 6.202098, 52.584937999000033 ], [ 6.179733167000052, 52.587857917000065 ], [ 6.171010774000024, 52.586917429000039 ], [ 6.147552, 52.584387999000057 ], [ 6.131710922000025, 52.581993552000029 ], [ 6.126730532000067, 52.588935560000039 ], [ 6.121708993000027, 52.595934924000062 ], [ 6.104398958000047, 52.60510673400006 ], [ 6.105942046000052, 52.620215747000032 ], [ 6.103718542000024, 52.624725849000072 ], [ 6.097990425000035, 52.626957730000072 ], [ 6.096515932000045, 52.633433868000054 ], [ 6.101882448000026, 52.641564878000054 ], [ 6.104906057000051, 52.656209677000049 ], [ 6.118465923000031, 52.664275685000064 ], [ 6.119562500000029, 52.667922999000041 ], [ 6.149206488000061, 52.682516462000081 ], [ 6.15745890200003, 52.690686245000052 ], [ 6.158891500000038, 52.692104499000038 ], [ 6.161548799000059, 52.690686245000052 ], [ 6.16856535900007, 52.686941367000031 ], [ 6.164404476000072, 52.680050793000078 ], [ 6.171010774000024, 52.67813314700004 ], [ 6.177016691000063, 52.676389777000054 ], [ 6.182763589000047, 52.677040806000036 ], [ 6.182904132000033, 52.681909592000068 ], [ 6.192683515000056, 52.67763076600005 ], [ 6.201680783000029, 52.684215731000052 ], [ 6.21625621000004, 52.686057018000042 ], [ 6.236791968000034, 52.677981713000065 ], [ 6.244668162000039, 52.677860403000068 ], [ 6.251399032000052, 52.670911158000081 ], [ 6.265508500000067, 52.667987999000047 ], [ 6.271742593000056, 52.665154734000055 ], [ 6.280231675000039, 52.668553422000059 ], [ 6.293903611000076, 52.662693859000058 ], [ 6.299868365000066, 52.666718967000065 ], [ 6.322707905000073, 52.670170866000035 ], [ 6.328077221000058, 52.666610501000036 ], [ 6.327775, 52.658706499000061 ], [ 6.32613, 52.657291499000053 ], [ 6.302998500000058, 52.597106999000061 ], [ 6.235244184000067, 52.588935560000039 ], [ 6.202098, 52.584937999000033 ] ] ] ] } },
{ "type": "Feature", "properties": { "GISCO_ID": "NL_GM0183", "CNTR_CODE": "NL", "LAU_ID": "GM0183", "LAU_NAME": "Tubbergen", "cell_coverage": [ [ 0.018, 0.3396, 0.0817, 0.0316, 0.0154, 0, 0 ], [ 0.6605, 1, 1, 1, 0.7607, 0.3043, 0.0856 ], [ 0.3655, 0.9949, 1, 1, 0.6567, 0, 0 ], [ 0, 0.6968, 0.6773, 0.2789, 0.2153, 0, 0 ], [ 0, 0.003, 0.0146, 0, 0, 0, 0 ] ], "xmin": 6.6666666666666643, "xmax": 6.9583333333333313, "ymin": 52.29166666666665, "ymax": 52.5 }, "geometry": { "type": "MultiPolygon", "coordinates": [ [ [ [ 6.854307500000061, 52.459598499000037 ], [ 6.853965380000034, 52.450478230000044 ], [ 6.864215040000033, 52.450965855000049 ], [ 6.93816283700005, 52.436146607000069 ], [ 6.947163500000045, 52.436614999000028 ], [ 6.94672046200003, 52.432829186000049 ], [ 6.898432057000036, 52.43283825900005 ], [ 6.854744502000074, 52.426965271000029 ], [ 6.852130583000076, 52.414779011000064 ], [ 6.862458669000034, 52.405012572000032 ], [ 6.862094632000037, 52.363382753000053 ], [ 6.855823387000044, 52.360815785000057 ], [ 6.817586627000026, 52.364862373000051 ], [ 6.785755305000066, 52.360247781000055 ], [ 6.775276619000067, 52.347752451000076 ], [ 6.762402724000026, 52.343263860000036 ], [ 6.760539, 52.341899999000077 ], [ 6.759581500000024, 52.339000499000065 ], [ 6.759034, 52.332076999000037 ], [ 6.753784500000052, 52.329997999000057 ], [ 6.750662, 52.329642999000043 ], [ 6.743636500000036, 52.336116999000069 ], [ 6.734547500000076, 52.33928699900008 ], [ 6.72117650000007, 52.34115599900008 ], [ 6.711056218000067, 52.343669168000076 ], [ 6.719773436000025, 52.352202834000082 ], [ 6.719756692000033, 52.360117717000037 ], [ 6.712542919000043, 52.375928482000063 ], [ 6.704091166000069, 52.380417789000035 ], [ 6.698627500000043, 52.393748999000081 ], [ 6.670848223000064, 52.416959445000032 ], [ 6.676502139000036, 52.429205082000067 ], [ 6.673259163000068, 52.439999053000065 ], [ 6.677549001000045, 52.444304754000029 ], [ 6.692734299000051, 52.448408551000057 ], [ 6.717815, 52.478202999000075 ], [ 6.720505, 52.477121499000077 ], [ 6.72387, 52.476912499000036 ], [ 6.735525, 52.471871499000031 ], [ 6.744804500000043, 52.467833499000051 ], [ 6.762402724000026, 52.463127069000052 ], [ 6.775220552000064, 52.459699097000055 ], [ 6.854307500000061, 52.459598499000037 ] ] ] ] } },
{ "type": "Feature", "properties": { "GISCO_ID": "NL_GM0184", "CNTR_CODE": "NL", "LAU_ID": "GM0184", "LAU_NAME": "Urk", "cell_coverage": [ [ 0.0003, 0.1636, 0, 0, 0, 0, 0, 0 ], [ 0.1004, 0.9984, 0.7566, 0.3425, 0.0222, 0, 0, 0 ], [ 0.2092, 0.85, 0.9311, 0.995, 0.9063, 0.5143, 0.3319, 0.1874 ], [ 0, 0, 0, 0.0171, 0.118, 0.2888, 0.4943, 0.3118 ] ], "xmin": 5.3333333333333321, "xmax": 5.6666666666666652, "ymin": 52.625, "ymax": 52.791666666666657 }, "geometry": { "type": "MultiPolygon", "coordinates": [ [ [ [ 5.627601500000026, 52.63676999900008 ], [ 5.622559500000023, 52.634708999000054 ], [ 5.607636500000069, 52.64931449900007 ], [ 5.592997500000024, 52.649321999000051 ], [ 5.511294500000076, 52.663554999000041 ], [ 5.361148, 52.67572799900006 ], [ 5.363853858000027, 52.690686245000052 ], [ 5.37244525400007, 52.738180321000073 ], [ 5.377261500000031, 52.764804999000035 ], [ 5.441555266000023, 52.738180321000073 ], [ 5.556244837000065, 52.690686245000052 ], [ 5.589708893000022, 52.676828452000052 ], [ 5.593671345000075, 52.677038336000066 ], [ 5.596695175000036, 52.683154177000063 ], [ 5.610170219000054, 52.680851239000049 ], [ 5.642332698000075, 52.682238020000057 ], [ 5.642734819000054, 52.677220089000059 ], [ 5.654109350000056, 52.666028263000044 ], [ 5.644005965000076, 52.660523500000068 ], [ 5.649209814000073, 52.654261181000038 ], [ 5.648446164000063, 52.650426632000062 ], [ 5.63710853300006, 52.649078203000045 ], [ 5.639801049000027, 52.642476216000034 ], [ 5.627601500000026, 52.63676999900008 ] ] ] ] } },
{ "type": "Feature", "properties": { "GISCO_ID": "NL_GM0189", "CNTR_CODE": "NL", "LAU_ID": "GM0189", "LAU_NAME": "Wierden", "cell_coverage": [ [ 0, 0, 0.0009, 0, 0 ], [ 0.0035, 0.5904, 0.9263, 0.194, 0 ], [ 0.1718, 0.9044, 1, 0.5947, 0 ], [ 0.1383, 0.2701, 0.8676, 0.8082, 0.0251 ], [ 0, 0, 0.3157, 0.3896, 0.0018 ] ], "xmin": 6.4583333333333321, "xmax": 6.6666666666666652, "ymin": 52.25, "ymax": 52.458333333333321 }, "geometry": { "type": "MultiPolygon", "coordinates": [ [ [ [ 6.626195500000051, 52.28997399900004 ], [ 6.603721569000072, 52.270949790000031 ], [ 6.569242409000026, 52.270145217000049 ], [ 6.553978, 52.28328299900005 ], [ 6.55049821800003, 52.288248208000027 ], [ 6.553095081000038, 52.297736500000042 ], [ 6.551370647000056, 52.307041808000065 ], [ 6.545123327000056, 52.31735492100006 ], [ 6.53478919500003, 52.316193039000041 ], [ 6.526973614000042, 52.322975284000051 ], [ 6.518937185000027, 52.324903634000066 ], [ 6.498685033000072, 52.323656153000059 ], [ 6.468275500000061, 52.326434999000071 ], [ 6.49156087700004, 52.348949492000031 ], [ 6.519243226000071, 52.35690556600008 ], [ 6.518902461000039, 52.361533852000036 ], [ 6.499215421000031, 52.364226120000069 ], [ 6.495783485000061, 52.372438848000058 ], [ 6.497245328000076, 52.376561750000064 ], [ 6.513065478000044, 52.382258462000038 ], [ 6.509265853000045, 52.392842883000071 ], [ 6.516336777000049, 52.405548069000076 ], [ 6.575974500000029, 52.417403999000044 ], [ 6.598791500000061, 52.383617499000081 ], [ 6.615072337000072, 52.360894962000032 ], [ 6.606529309000052, 52.347156109000082 ], [ 6.598738314000059, 52.341242931000068 ], [ 6.617791920000059, 52.327289095000026 ], [ 6.607158219000041, 52.313584242000047 ], [ 6.613417477000041, 52.311821407000082 ], [ 6.615723138000021, 52.306844741000077 ], [ 6.63074778400005, 52.30163144100004 ], [ 6.626195500000051, 52.28997399900004 ] ] ] ] } },
{ "type": "Feature", "properties": { "GISCO_ID": "NL_GM0197", "CNTR_CODE": "NL", "LAU_ID": "GM0197", "LAU_NAME": "Aalten", "cell_coverage": [ [ 0, 0.0711, 0.34, 0.2729, 0.0527, 0 ], [ 0.0639, 0.8536, 1, 1, 0.4186, 0 ], [ 0.4627, 0.9658, 0.7289, 0.4807, 0.2562, 0.001 ], [ 0.2907, 0.0629, 0, 0, 0, 0 ] ], "xmin": 6.4583333333333321, "xmax": 6.7083333333333321, "ymin": 51.833333333333321, "ymax": 51.999999999999986 }, "geometry": { "type": "MultiPolygon", "coordinates": [ [ [ [ 6.464305, 51.855177499000035 ], [ 6.472194632000026, 51.868463216000066 ], [ 6.483516670000029, 51.878377665000073 ], [ 6.479459433000045, 51.89558063700008 ], [ 6.473282720000043, 51.907259588000045 ], [ 6.486514170000021, 51.91195357600003 ], [ 6.491930743000069, 51.917287697000063 ], [ 6.492883624000058, 51.925701110000034 ], [ 6.504094308000049, 51.944253993000075 ], [ 6.517179125000041, 51.948705361000066 ], [ 6.520690494000064, 51.955684321000035 ], [ 6.531448202000036, 51.962034915000061 ], [ 6.527493, 51.965980499000068 ], [ 6.559183855000072, 51.974136854000051 ], [ 6.62670782500004, 51.967482897000082 ], [ 6.639014, 51.962547499000038 ], [ 6.630312642000035, 51.950778564000075 ], [ 6.63387737000005, 51.944933886000058 ], [ 6.633137175000059, 51.936785314000076 ], [ 6.644110042000023, 51.930183398000054 ], [ 6.657827121000025, 51.928929004000054 ], [ 6.662526614000058, 51.916981113000077 ], [ 6.668671500000073, 51.913827999000034 ], [ 6.632833959000038, 51.901183724000077 ], [ 6.584864361000029, 51.893586386000038 ], [ 6.558813206000025, 51.882415560000027 ], [ 6.55191374900005, 51.885565084000064 ], [ 6.543975395000075, 51.884151730000042 ], [ 6.526383552000027, 51.874829945000045 ], [ 6.502569777000076, 51.867862635000051 ], [ 6.496821122000028, 51.861112430000048 ], [ 6.472575500000062, 51.853808499000081 ], [ 6.464305, 51.855177499000035 ] ] ] ] } },
{ "type": "Feature", "properties": { "GISCO_ID": "NL_GM0200", "CNTR_CODE": "NL", "LAU_ID": "GM0200", "LAU_NAME": "Apeldoorn", "cell_coverage": [ [ 0.0002, 0.4309, 0.5019, 0.3243, 0.4245, 0.5609, 0.6469, 0.4932, 0 ], [ 0.3491, 0.9807, 1, 1, 1, 1, 1, 0.839, 0.0542 ], [ 0.0688, 0.2999, 0.7773, 1, 1, 1, 1, 1, 0.3315 ], [ 0, 0, 0.208, 0.572, 1, 1, 1, 1, 0.6594 ], [ 0, 0, 0, 0.0252, 0.4829, 0.6939, 1, 0.822, 0.0319 ], [ 0, 0, 0, 0, 0, 0.055, 0.1377, 0.0694, 0 ] ], "xmin": 5.7083333333333321, "xmax": 6.0833333333333321, "ymin": 52.041666666666657, "ymax": 52.291666666666657 }, "geometry": { "type": "MultiPolygon", "coordinates": [ [ [ [ 6.076091500000075, 52.143924499000036 ], [ 6.077522954000074, 52.138934882000058 ], [ 6.069613697000023, 52.131911787000035 ], [ 6.052206441000067, 52.124508717000026 ], [ 6.041835607000053, 52.115202087000057 ], [ 6.035741098000074, 52.108288352000045 ], [ 6.033228516000065, 52.096491300000082 ], [ 6.010352524000041, 52.075282181000034 ], [ 6.008872500000052, 52.07390999900008 ], [ 5.990507, 52.079082499000037 ], [ 5.983609, 52.078948999000033 ], [ 5.976042500000062, 52.078208999000026 ], [ 5.968420500000036, 52.076972999000077 ], [ 5.964279500000032, 52.076236499000061 ], [ 5.95596450000005, 52.07323449900008 ], [ 5.946362500000021, 52.077712999000028 ], [ 5.950343460000056, 52.09936663700006 ], [ 5.933496578000074, 52.099813246000053 ], [ 5.912150022000048, 52.100379141000076 ], [ 5.885339215000045, 52.106160721000037 ], [ 5.869031957000061, 52.121548776000054 ], [ 5.864672, 52.125678999000058 ], [ 5.862411, 52.134696999000028 ], [ 5.861477, 52.144229999000061 ], [ 5.859573, 52.148662499000068 ], [ 5.845678500000076, 52.151576999000042 ], [ 5.80964350000005, 52.151397499000041 ], [ 5.809558709000044, 52.166241504000027 ], [ 5.802829691000056, 52.17674304600007 ], [ 5.81042136700006, 52.185923677000062 ], [ 5.792399282000076, 52.196631363000051 ], [ 5.749328314000024, 52.19504562700007 ], [ 5.745805220000022, 52.197860509000066 ], [ 5.730462407000061, 52.210119110000051 ], [ 5.728581677000022, 52.218861425000057 ], [ 5.740317509000022, 52.220071412000038 ], [ 5.74242195100004, 52.22376087400005 ], [ 5.738341238000032, 52.230583386000035 ], [ 5.731329637000044, 52.232566806000079 ], [ 5.726396, 52.242522999000073 ], [ 5.745805220000022, 52.245126422000055 ], [ 5.750771, 52.245792499000061 ], [ 5.761297500000069, 52.248321499000042 ], [ 5.749514, 52.268344999000078 ], [ 5.751284500000054, 52.269542499000067 ], [ 5.779916, 52.270583999000053 ], [ 5.792542, 52.270141499000033 ], [ 5.797436, 52.269675999000071 ], [ 5.80238, 52.27043149900004 ], [ 5.809647, 52.27017599900006 ], [ 5.814257500000053, 52.270877999000049 ], [ 5.817235500000038, 52.272155999000063 ], [ 5.821815, 52.272605999000064 ], [ 5.829798500000038, 52.271278499000061 ], [ 5.842584, 52.26715099900008 ], [ 5.850859, 52.268687499000066 ], [ 5.854482, 52.26006699900006 ], [ 5.859093, 52.257454499000062 ], [ 5.860837500000059, 52.255801999000028 ], [ 5.867338500000074, 52.259834499000078 ], [ 5.869031957000061, 52.260570742000027 ], [ 5.881245987000057, 52.265389047000042 ], [ 5.933496578000074, 52.274011776000066 ], [ 5.971701622000069, 52.273588721000067 ], [ 5.98774273500004, 52.284738782000034 ], [ 5.991177509000067, 52.282969573000059 ], [ 5.992052966000074, 52.274672629000065 ], [ 6.010352524000041, 52.275449352000066 ], [ 6.026275516000055, 52.27612520200006 ], [ 6.03657, 52.268565999000032 ], [ 6.036582569000075, 52.26148908600004 ], [ 6.027317312000037, 52.248110108000049 ], [ 6.027573748000066, 52.241264060000049 ], [ 6.034813215000042, 52.232657887000073 ], [ 6.034364061000076, 52.224698563000061 ], [ 6.04706873400005, 52.220017749000078 ], [ 6.055271674000039, 52.198177594000072 ], [ 6.050275859000067, 52.185128977000034 ], [ 6.061218358000076, 52.173896927000044 ], [ 6.065761423000026, 52.164206298000067 ], [ 6.065365886000052, 52.156670537000082 ], [ 6.076091500000075, 52.143924499000036 ] ] ] ] } },
{ "type": "Feature", "properties": { "GISCO_ID": "NL_GM0202", "CNTR_CODE": "NL", "LAU_ID": "GM0202", "LAU_NAME": "Arnhem", "cell_coverage": [ [ 0.0002, 0.1994, 0.343, 0.4622, 0 ], [ 0.4286, 1, 1, 0.5999, 0 ], [ 0.0061, 0.5309, 1, 0.9414, 0.196 ], [ 0.0226, 0.3572, 0.4656, 0.1018, 0 ] ], "xmin": 5.7916666666666643, "xmax": 5.9999999999999973, "ymin": 51.916666666666657, "ymax": 52.083333333333321 }, "geometry": { "type": "MultiPolygon", "coordinates": [ [ [ [ 5.956992500000069, 51.947551499000042 ], [ 5.933496578000074, 51.958893831000069 ], [ 5.929353703000061, 51.951596275000043 ], [ 5.91466116600003, 51.94928684100006 ], [ 5.903297893000058, 51.935090297000045 ], [ 5.898031, 51.934306999000057 ], [ 5.869031957000061, 51.942049120000036 ], [ 5.830090097000038, 51.945904461000055 ], [ 5.830379632000074, 51.960441973000059 ], [ 5.835336879000067, 51.965358510000044 ], [ 5.835524500000076, 51.973563999000078 ], [ 5.858075844000041, 51.969962919000068 ], [ 5.869441333000054, 51.974835339000037 ], [ 5.865872242000023, 51.977891929000066 ], [ 5.860729261000074, 51.995616170000062 ], [ 5.805724066000039, 52.004330864000053 ], [ 5.808416815000044, 52.017150451000077 ], [ 5.813245, 52.023872499000049 ], [ 5.821455, 52.032420999000067 ], [ 5.838699, 52.046966499000064 ], [ 5.84993350000002, 52.051559499000064 ], [ 5.859489, 52.051994499000045 ], [ 5.869031957000061, 52.050899447000063 ], [ 5.89779625400007, 52.050156693000076 ], [ 5.899289132000035, 52.062785673000064 ], [ 5.910658872000056, 52.062664988000051 ], [ 5.933496578000074, 52.072290398000064 ], [ 5.946362500000021, 52.077712999000028 ], [ 5.95596450000005, 52.07323449900008 ], [ 5.942997147000028, 52.061784229000068 ], [ 5.937339360000067, 52.047527696000031 ], [ 5.941164680000043, 52.013111983000044 ], [ 5.951552500000048, 51.999603499000045 ], [ 5.953792, 51.994796999000073 ], [ 5.956458500000053, 51.991821499000082 ], [ 5.959979, 51.989093999000033 ], [ 5.965362500000026, 51.98638549900005 ], [ 5.979427, 51.982143499000074 ], [ 5.983344, 51.97991199900008 ], [ 5.989966, 51.974403499000061 ], [ 5.980603, 51.973727999000062 ], [ 5.974215, 51.972579999000061 ], [ 5.96643, 51.971740499000077 ], [ 5.960140500000023, 51.969867499000031 ], [ 5.954705500000046, 51.966521999000065 ], [ 5.951773500000058, 51.963611499000081 ], [ 5.950288, 51.961276999000063 ], [ 5.949436500000047, 51.956687999000053 ], [ 5.950823, 51.952918999000076 ], [ 5.956992500000069, 51.947551499000042 ] ] ] ] } },
{ "type": "Feature", "properties": { "GISCO_ID": "NL_GM0203", "CNTR_CODE": "NL", "LAU_ID": "GM0203", "LAU_NAME": "Barneveld", "cell_coverage": [ [ 0, 0, 0, 0, 0.1427, 0.6173, 0.4761, 0, 0 ], [ 0.1614, 0.5217, 0.3641, 0.6972, 0.9477, 1, 0.9312, 0.7001, 0.2227 ], [ 0.2165, 0.9497, 1, 0.9861, 0.8624, 0.7579, 0.5485, 0.4001, 0.156 ], [ 0.0301, 0.4865, 0.2085, 0.0235, 0, 0, 0, 0, 0 ] ], "xmin": 5.4583333333333321, "xmax": 5.8333333333333321, "ymin": 52.083333333333321, "ymax": 52.25 }, "geometry": { "type": "MultiPolygon", "coordinates": [ [ [ [ 5.479895500000055, 52.165809499000034 ], [ 5.484454388000074, 52.17195935400008 ], [ 5.48641094200002, 52.181979936000062 ], [ 5.499780641000029, 52.187998680000078 ], [ 5.52959207400005, 52.191369798000039 ], [ 5.542965525000056, 52.177775242000052 ], [ 5.554358729000057, 52.175855270000056 ], [ 5.566883088000054, 52.178320793000069 ], [ 5.565265115000045, 52.185057963000077 ], [ 5.576885968000056, 52.186711837000075 ], [ 5.579373567000061, 52.194654729000035 ], [ 5.599873967000065, 52.197362331000079 ], [ 5.625358514000027, 52.193280750000042 ], [ 5.633809027000041, 52.202845790000026 ], [ 5.633282, 52.208183499000029 ], [ 5.665566, 52.222831499000051 ], [ 5.670628, 52.224086999000065 ], [ 5.681232500000021, 52.225322499000072 ], [ 5.683739, 52.240657999000064 ], [ 5.690124500000024, 52.240409999000065 ], [ 5.694205, 52.239703999000028 ], [ 5.709796, 52.239318999000034 ], [ 5.715521500000023, 52.240249499000072 ], [ 5.718876500000022, 52.241573499000026 ], [ 5.726396, 52.242522999000073 ], [ 5.731329637000044, 52.232566806000079 ], [ 5.738341238000032, 52.230583386000035 ], [ 5.74242195100004, 52.22376087400005 ], [ 5.740317509000022, 52.220071412000038 ], [ 5.728581677000022, 52.218861425000057 ], [ 5.730462407000061, 52.210119110000051 ], [ 5.745805220000022, 52.197860509000066 ], [ 5.749328314000024, 52.19504562700007 ], [ 5.792399282000076, 52.196631363000051 ], [ 5.81042136700006, 52.185923677000062 ], [ 5.802829691000056, 52.17674304600007 ], [ 5.809558709000044, 52.166241504000027 ], [ 5.80964350000005, 52.151397499000041 ], [ 5.775573720000068, 52.152014672000064 ], [ 5.761438750000025, 52.147678003000067 ], [ 5.745805220000022, 52.147332279000068 ], [ 5.726287353000032, 52.146900656000071 ], [ 5.722292760000073, 52.145374367000045 ], [ 5.720845330000031, 52.138557269000046 ], [ 5.716515831000038, 52.13653127300006 ], [ 5.691045765000069, 52.13707947100005 ], [ 5.681112179000024, 52.131969703000038 ], [ 5.669765429000051, 52.134255860000053 ], [ 5.579067434000024, 52.120903113000054 ], [ 5.564279780000049, 52.121278731000075 ], [ 5.548286343000029, 52.11141778800004 ], [ 5.550346500000046, 52.10543799900006 ], [ 5.54524, 52.104499499000042 ], [ 5.546362500000043, 52.102458999000078 ], [ 5.544015500000057, 52.101943999000071 ], [ 5.541512500000067, 52.103732999000044 ], [ 5.531503, 52.102256999000076 ], [ 5.517269697000074, 52.101573078000058 ], [ 5.509780038000031, 52.107541213000047 ], [ 5.493786, 52.111037499000076 ], [ 5.493556500000068, 52.113178499000071 ], [ 5.491232500000024, 52.114528499000073 ], [ 5.486386, 52.115337499000077 ], [ 5.504947883000057, 52.114837003000048 ], [ 5.504118196000036, 52.119270028000074 ], [ 5.497494083000049, 52.120134720000067 ], [ 5.49566257500004, 52.124214650000056 ], [ 5.498605087000044, 52.129499453000051 ], [ 5.51036134800006, 52.131841309000038 ], [ 5.513224379000064, 52.135192888000063 ], [ 5.498682227000074, 52.14136320800003 ], [ 5.497522916000037, 52.147277030000055 ], [ 5.481513, 52.150539499000047 ], [ 5.483625322000023, 52.157804570000053 ], [ 5.474076837000041, 52.163098097000045 ], [ 5.479895500000055, 52.165809499000034 ] ] ] ] } },
{ "type": "Feature", "properties": { "GISCO_ID": "NL_GM0209", "CNTR_CODE": "NL", "LAU_ID": "GM0209", "LAU_NAME": "Beuningen", "cell_coverage": [ [ 0.3175, 0.2944, 0.1099, 0.0054 ], [ 0.6187, 0.9163, 0.8832, 0.4251 ], [ 0, 0, 0.0031, 0 ] ], "xmin": 5.6666666666666643, "xmax": 5.8333333333333313, "ymin": 51.791666666666657, "ymax": 51.916666666666657 }, "geometry": { "type": "MultiPolygon", "coordinates": [ [ [ [ 5.745805220000022, 51.884286338000038 ], [ 5.750311500000066, 51.883750999000029 ], [ 5.767381, 51.879649999000037 ], [ 5.772552500000074, 51.878776499000026 ], [ 5.794422500000053, 51.87634599900008 ], [ 5.799972, 51.875426999000069 ], [ 5.810227500000053, 51.872749499000065 ], [ 5.817139500000053, 51.870212499000047 ], [ 5.824682306000057, 51.865726863000077 ], [ 5.824258242000042, 51.858900663000043 ], [ 5.817802791000076, 51.850548981000031 ], [ 5.807117380000022, 51.850949267000033 ], [ 5.78749351700003, 51.841414109000027 ], [ 5.775567785000021, 51.843837273000076 ], [ 5.764706500000045, 51.832225999000059 ], [ 5.745805220000022, 51.834669808000058 ], [ 5.67950656000005, 51.843241781000074 ], [ 5.678101539000068, 51.845401525000057 ], [ 5.682572589000074, 51.84970614000008 ], [ 5.680470351000054, 51.856852103000051 ], [ 5.667780500000049, 51.865981999000041 ], [ 5.671308500000066, 51.870063999000081 ], [ 5.672729, 51.872356999000033 ], [ 5.675775500000043, 51.875449999000068 ], [ 5.67848, 51.879921499000034 ], [ 5.684944500000029, 51.895679499000039 ], [ 5.695556500000066, 51.895213999000077 ], [ 5.707116500000041, 51.893230499000026 ], [ 5.723168, 51.887965499000074 ], [ 5.727426500000036, 51.886871499000051 ], [ 5.733068, 51.885799499000029 ], [ 5.745805220000022, 51.884286338000038 ] ] ] ] } },
{ "type": "Feature", "properties": { "GISCO_ID": "NL_GM0213", "CNTR_CODE": "NL", "LAU_ID": "GM0213", "LAU_NAME": "Brummen", "cell_coverage": [ [ 0, 0.1488, 0.6121, 0.6613, 0.2239, 0 ], [ 0.178, 0.9327, 1, 1, 0.7145, 0.0741 ], [ 0.2321, 0.0268, 0.206, 0.4185, 0.0181, 0 ] ], "xmin": 6.0, "xmax": 6.25, "ymin": 52.041666666666657, "ymax": 52.166666666666657 }, "geometry": { "type": "MultiPolygon", "coordinates": [ [ [ [ 6.137396500000023, 52.059119999000075 ], [ 6.122463637000067, 52.064127341000074 ], [ 6.102049826000041, 52.07822262600007 ], [ 6.080614016000027, 52.082636706000073 ], [ 6.070494833000055, 52.087790054000038 ], [ 6.058385297000029, 52.08523765700005 ], [ 6.023970689000066, 52.067562145000068 ], [ 6.010352524000041, 52.066663549000054 ], [ 6.006169, 52.066387499000029 ], [ 6.00891050000007, 52.071490999000048 ], [ 6.008872500000052, 52.07390999900008 ], [ 6.010352524000041, 52.075282181000034 ], [ 6.033228516000065, 52.096491300000082 ], [ 6.035741098000074, 52.108288352000045 ], [ 6.041835607000053, 52.115202087000057 ], [ 6.052206441000067, 52.124508717000026 ], [ 6.069613697000023, 52.131911787000035 ], [ 6.077522954000074, 52.138934882000058 ], [ 6.076091500000075, 52.143924499000036 ], [ 6.136158813000065, 52.158002263000071 ], [ 6.16042112100007, 52.161532467000029 ], [ 6.171010774000024, 52.161488301000077 ], [ 6.18487, 52.161430499000062 ], [ 6.18031435000006, 52.152786135000042 ], [ 6.171010774000024, 52.154202309000027 ], [ 6.148538320000057, 52.157623028000046 ], [ 6.142903672000045, 52.154967715000055 ], [ 6.140773885000044, 52.148764497000059 ], [ 6.149378956000021, 52.14428033300004 ], [ 6.171010774000024, 52.144887845000028 ], [ 6.182330358000058, 52.133942891000061 ], [ 6.188795249000066, 52.116970059000039 ], [ 6.212004121000064, 52.110723958000051 ], [ 6.216713498000047, 52.104799876000072 ], [ 6.217916, 52.097865999000078 ], [ 6.210183590000042, 52.09284810500003 ], [ 6.17726224200004, 52.090670467000052 ], [ 6.171010774000024, 52.079644272000053 ], [ 6.170003, 52.077892499000029 ], [ 6.168291, 52.07625149900008 ], [ 6.1662, 52.07508449900007 ], [ 6.162174, 52.074001499000076 ], [ 6.160010500000055, 52.073035999000069 ], [ 6.156504, 52.070354499000075 ], [ 6.151604500000076, 52.068092499000045 ], [ 6.148129500000039, 52.06475049900007 ], [ 6.140573500000073, 52.062034499000049 ], [ 6.137396500000023, 52.059119999000075 ] ] ] ] } },
{ "type": "Feature", "properties": { "GISCO_ID": "NL_GM0214", "CNTR_CODE": "NL", "LAU_ID": "GM0214", "LAU_NAME": "Buren", "cell_coverage": [ [ 0, 0.0855, 0.0281, 0.2176, 0.3427, 0.5863, 0.5802, 0.3207, 0.0245, 0 ], [ 0.013, 0.6536, 0.9671, 0.9993, 1, 0.9265, 0.8708, 0.8663, 0.3928, 0.0025 ], [ 0, 0.0521, 0.5943, 0.8582, 0.4156, 0.0048, 0, 0, 0, 0 ], [ 0, 0, 0, 0.0009, 0, 0, 0, 0, 0, 0 ] ], "xmin": 5.2083333333333321, "xmax": 5.625, "ymin": 51.833333333333321, "ymax": 51.999999999999986 }, "geometry": { "type": "MultiPolygon", "coordinates": [ [ [ [ 5.586777500000039, 51.950698999000053 ], [ 5.57238824500007, 51.942547842000067 ], [ 5.537735028000043, 51.94227952500006 ], [ 5.540922195000064, 51.937296699000058 ], [ 5.553102538000076, 51.932509524000068 ], [ 5.554992326000047, 51.922211445000073 ], [ 5.553117839000038, 51.919164490000071 ], [ 5.507794911000076, 51.923444714000027 ], [ 5.491966225000056, 51.919271923000053 ], [ 5.48319185400004, 51.923038315000042 ], [ 5.453275, 51.92275999900005 ], [ 5.423513462000074, 51.917059694000045 ], [ 5.411984038000071, 51.91171044500004 ], [ 5.398849705000032, 51.898423996000076 ], [ 5.359626424000055, 51.882418596000036 ], [ 5.338987, 51.873996499000043 ], [ 5.333914978000053, 51.880995745000064 ], [ 5.320272745000068, 51.881635686000038 ], [ 5.320245312000054, 51.890832566000029 ], [ 5.294353220000062, 51.90142899500006 ], [ 5.277540850000037, 51.916653730000064 ], [ 5.276637326000071, 51.920415541000068 ], [ 5.285203876000026, 51.925296087000049 ], [ 5.283369753000045, 51.93050149000004 ], [ 5.25954770200002, 51.934715251000057 ], [ 5.255343, 51.935458999000048 ], [ 5.244308883000031, 51.94585169000004 ], [ 5.255523080000046, 51.95091588300005 ], [ 5.257163614000035, 51.955592738000064 ], [ 5.25954770200002, 51.957437059000029 ], [ 5.270019500000046, 51.965537999000048 ], [ 5.273371500000053, 51.964622499000029 ], [ 5.28348950000003, 51.963065999000037 ], [ 5.296057, 51.962249999000051 ], [ 5.299934500000063, 51.961719499000026 ], [ 5.303315500000053, 51.960818999000026 ], [ 5.314933, 51.955642499000078 ], [ 5.31733550000007, 51.955093499000043 ], [ 5.321613500000069, 51.954948499000068 ], [ 5.329897500000072, 51.956260499000052 ], [ 5.335934, 51.958327999000062 ], [ 5.338216, 51.959789499000067 ], [ 5.348285500000031, 51.967887999000027 ], [ 5.354611, 51.970119499000077 ], [ 5.359626424000055, 51.97086908700004 ], [ 5.39095750000007, 51.970748999000079 ], [ 5.39949, 51.973224499000082 ], [ 5.414152, 51.975589999000078 ], [ 5.418308500000023, 51.976703499000052 ], [ 5.424123, 51.979144999000027 ], [ 5.430964500000073, 51.983501499000056 ], [ 5.434294500000021, 51.984641999000075 ], [ 5.437234, 51.985213999000052 ], [ 5.444338, 51.985507999000049 ], [ 5.45444150000003, 51.983352499000034 ], [ 5.461771, 51.983367999000052 ], [ 5.470753, 51.982856999000035 ], [ 5.477736500000049, 51.983438999000043 ], [ 5.487812486000053, 51.983273972000063 ], [ 5.512110231000065, 51.973252370000068 ], [ 5.536112314000036, 51.968329593000078 ], [ 5.559722719000035, 51.955143159000045 ], [ 5.586777500000039, 51.950698999000053 ] ] ] ] } },
{ "type": "Feature", "properties": { "GISCO_ID": "NL_GM0216", "CNTR_CODE": "NL", "LAU_ID": "GM0216", "LAU_NAME": "Culemborg", "cell_coverage": [ [ 0, 0.0893, 0.3115, 0.1098 ], [ 0.1793, 0.8378, 0.7997, 0.0475 ] ], "xmin": 5.125, "xmax": 5.291666666666667, "ymin": 51.91666666666665, "ymax": 51.999999999999986 }, "geometry": { "type": "MultiPolygon", "coordinates": [ [ [ [ 5.256387500000073, 51.970874999000046 ], [ 5.25954770200002, 51.96932761000005 ], [ 5.261242, 51.968497999000078 ], [ 5.270019500000046, 51.965537999000048 ], [ 5.25954770200002, 51.957437059000029 ], [ 5.257163614000035, 51.955592738000064 ], [ 5.255523080000046, 51.95091588300005 ], [ 5.244308883000031, 51.94585169000004 ], [ 5.255343, 51.935458999000048 ], [ 5.236106569000071, 51.924696595000057 ], [ 5.214493628000071, 51.92019653400007 ], [ 5.206652397000028, 51.925540539000053 ], [ 5.164305340000055, 51.920144790000052 ], [ 5.162081073000024, 51.921420688000069 ], [ 5.165455838000071, 51.926002918000052 ], [ 5.159356249000041, 51.92804136400008 ], [ 5.142491, 51.924971999000036 ], [ 5.179851, 51.967605499000058 ], [ 5.194339601000024, 51.961331666000035 ], [ 5.206605687000035, 51.959556010000028 ], [ 5.219115875000057, 51.963720282000054 ], [ 5.23020464800004, 51.975484157000039 ], [ 5.236104582000053, 51.978410318000044 ], [ 5.245001385000023, 51.978009223000072 ], [ 5.256387500000073, 51.970874999000046 ] ] ] ] } },
{ "type": "Feature", "properties": { "GISCO_ID": "NL_GM0221", "CNTR_CODE": "NL", "LAU_ID": "GM0221", "LAU_NAME": "Doesburg", "cell_coverage": [ [ 0.0401, 0.7718, 0.1019 ], [ 0.0269, 0.0294, 0 ] ], "xmin": 6.0833333333333321, "xmax": 6.2083333333333321, "ymin": 51.958333333333321, "ymax": 52.041666666666657 }, "geometry": { "type": "MultiPolygon", "coordinates": [ [ [ [ 6.160109, 51.999648999000044 ], [ 6.150183391000041, 52.001493083000071 ], [ 6.137642600000049, 51.99710861300008 ], [ 6.109362500000032, 51.996318999000039 ], [ 6.112557500000037, 51.999133999000037 ], [ 6.114047500000027, 52.002643499000044 ], [ 6.115403, 52.004203999000026 ], [ 6.117931, 52.005725999000049 ], [ 6.12249550000007, 52.007377499000029 ], [ 6.125346500000035, 52.009357499000032 ], [ 6.127425500000072, 52.012733499000035 ], [ 6.127942500000074, 52.017078499000036 ], [ 6.131165, 52.020988499000055 ], [ 6.132002500000056, 52.022647999000071 ], [ 6.132247, 52.025859999000033 ], [ 6.130545, 52.029464499000028 ], [ 6.127954500000044, 52.03190999900005 ], [ 6.123818500000027, 52.033977499000059 ], [ 6.138602008000021, 52.035571265000044 ], [ 6.149286182000026, 52.041349404000073 ], [ 6.163008166000054, 52.037374851000038 ], [ 6.171010774000024, 52.038007409000045 ], [ 6.174908152000057, 52.038315473000068 ], [ 6.176074634000031, 52.020639034000055 ], [ 6.171010774000024, 52.017938472000026 ], [ 6.161480589000064, 52.012856014000079 ], [ 6.15654171400007, 52.004775158000029 ], [ 6.160109, 51.999648999000044 ] ] ] ] } },
{ "type": "Feature", "properties": { "GISCO_ID": "NL_GM0222", "CNTR_CODE": "NL", "LAU_ID": "GM0222", "LAU_NAME": "Doetinchem", "cell_coverage": [ [ 0.2094, 0.5097, 0.5235, 0.6764, 0.7756, 0.3898, 0.3469 ], [ 0.0087, 0.3067, 0.3395, 0.3392, 0.5124, 0.79, 0.2181 ] ], "xmin": 6.125, "xmax": 6.416666666666667, "ymin": 51.91666666666665, "ymax": 51.999999999999986 }, "geometry": { "type": "MultiPolygon", "coordinates": [ [ [ [ 6.416063500000064, 51.972606499000051 ], [ 6.382581549000065, 51.939051232000054 ], [ 6.379568019000033, 51.932158270000059 ], [ 6.362017459000072, 51.923533062000047 ], [ 6.342722835000075, 51.925268520000031 ], [ 6.332323011000028, 51.926203934000057 ], [ 6.320333706000042, 51.935450041000081 ], [ 6.305601, 51.938838999000041 ], [ 6.299765542000046, 51.943935955000029 ], [ 6.226029930000038, 51.944606461000035 ], [ 6.206288992000054, 51.942731953000077 ], [ 6.199776280000037, 51.938779969000052 ], [ 6.171010774000024, 51.952480733000073 ], [ 6.158996126000034, 51.958203206000064 ], [ 6.150829214000055, 51.96684328200007 ], [ 6.144724, 51.980479999000067 ], [ 6.149579500000073, 51.980808499000034 ], [ 6.151748500000053, 51.980427499000029 ], [ 6.159817500000031, 51.980998999000064 ], [ 6.171010774000024, 51.980421450000051 ], [ 6.228472510000074, 51.977456547000031 ], [ 6.230563060000065, 51.980777471000067 ], [ 6.223895743000071, 51.984528167000065 ], [ 6.228481478000049, 51.987108110000065 ], [ 6.249344719000021, 51.976830759000052 ], [ 6.256037376000052, 51.982184504000031 ], [ 6.249183103000064, 51.984423971000069 ], [ 6.252273482000021, 51.987448848000042 ], [ 6.271213034000027, 51.983945395000035 ], [ 6.291040480000049, 51.992413113000055 ], [ 6.296872970000038, 51.98916801200005 ], [ 6.317512016000023, 51.994131139000046 ], [ 6.334271929000067, 51.986005851000073 ], [ 6.32971996200007, 51.975551456000062 ], [ 6.342722835000075, 51.975672950000046 ], [ 6.368190491000064, 51.975910911000028 ], [ 6.367035568000063, 51.969166236000035 ], [ 6.387189681000052, 51.968302225000059 ], [ 6.389635411000029, 51.971604223000043 ], [ 6.384788294000032, 51.977881461000038 ], [ 6.402292095000064, 51.981420678000063 ], [ 6.416063500000064, 51.972606499000051 ] ] ] ] } },
{ "type": "Feature", "properties": { "GISCO_ID": "NL_GM0226", "CNTR_CODE": "NL", "LAU_ID": "GM0226", "LAU_NAME": "Duiven", "cell_coverage": [ [ 0.1276, 0.4258, 0.2517 ], [ 0.543, 0.9999, 0.2449 ], [ 0.0237, 0.03, 0 ] ], "xmin": 5.9583333333333321, "xmax": 6.0833333333333321, "ymin": 51.875, "ymax": 51.999999999999986 }, "geometry": { "type": "MultiPolygon", "coordinates": [ [ [ [ 5.965789500000028, 51.938838999000041 ], [ 5.983658719000061, 51.943561457000044 ], [ 5.987166580000064, 51.961125216000028 ], [ 5.985087493000037, 51.971598664000055 ], [ 6.001764500000036, 51.977531499000065 ], [ 6.010352524000041, 51.977814519000049 ], [ 6.020227442000021, 51.978139949000081 ], [ 6.030220849000045, 51.971094707000077 ], [ 6.046149582000055, 51.980102410000029 ], [ 6.060305962000029, 51.981564761000072 ], [ 6.068010460000039, 51.978917754000065 ], [ 6.061160910000069, 51.973412604000032 ], [ 6.058943594000027, 51.960194663000038 ], [ 6.053803641000059, 51.953189537000071 ], [ 6.062152898000022, 51.947563079000076 ], [ 6.053509450000035, 51.940050622000058 ], [ 6.051218647000042, 51.932085760000064 ], [ 6.044944454000074, 51.92901074100007 ], [ 6.045992279000075, 51.924605826000061 ], [ 6.042358662000026, 51.917399479000039 ], [ 6.035317592000069, 51.914086699000052 ], [ 6.016660739000031, 51.916435575000037 ], [ 6.010352524000041, 51.915758835000076 ], [ 5.987213500000053, 51.913276499000062 ], [ 5.972060461000069, 51.926399064000066 ], [ 5.965789500000028, 51.938838999000041 ] ] ] ] } },
{ "type": "Feature", "properties": { "GISCO_ID": "NL_GM0228", "CNTR_CODE": "NL", "LAU_ID": "GM0228", "LAU_NAME": "Ede", "cell_coverage": [ [ 0, 0.0139, 0.1376, 0.2421, 0.4515, 0.5999, 0.636, 0.428, 0, 0 ], [ 0.6387, 0.9765, 1, 1, 1, 1, 1, 0.9748, 0.5171, 0.3061 ], [ 0.5199, 1, 1, 1, 1, 1, 0.9998, 0.8006, 0.657, 0.2048 ], [ 0.0288, 0.8836, 1, 1, 0.8638, 0.5044, 0.3245, 0, 0, 0 ], [ 0, 0.0664, 0.1422, 0.1449, 0.0094, 0, 0, 0, 0, 0 ] ], "xmin": 5.5416666666666643, "xmax": 5.9583333333333313, "ymin": 51.958333333333321, "ymax": 52.166666666666657 }, "geometry": { "type": "MultiPolygon", "coordinates": [ [ [ [ 5.605807500000026, 51.994159499000034 ], [ 5.593055414000048, 52.000993313000038 ], [ 5.589528, 52.00940349900003 ], [ 5.586587101000021, 52.013156287000072 ], [ 5.589785926000047, 52.017981774000077 ], [ 5.586974864000069, 52.025263795000058 ], [ 5.589022095000075, 52.034173200000055 ], [ 5.568814615000065, 52.04048935700007 ], [ 5.569552342000065, 52.047722171000032 ], [ 5.558061, 52.048846999000034 ], [ 5.562285239000062, 52.078181451000034 ], [ 5.551894240000024, 52.096706872000027 ], [ 5.55342452900004, 52.100698202000046 ], [ 5.550346500000046, 52.10543799900006 ], [ 5.548286343000029, 52.11141778800004 ], [ 5.564279780000049, 52.121278731000075 ], [ 5.579067434000024, 52.120903113000054 ], [ 5.669765429000051, 52.134255860000053 ], [ 5.681112179000024, 52.131969703000038 ], [ 5.691045765000069, 52.13707947100005 ], [ 5.716515831000038, 52.13653127300006 ], [ 5.720845330000031, 52.138557269000046 ], [ 5.722292760000073, 52.145374367000045 ], [ 5.726287353000032, 52.146900656000071 ], [ 5.745805220000022, 52.147332279000068 ], [ 5.761438750000025, 52.147678003000067 ], [ 5.775573720000068, 52.152014672000064 ], [ 5.80964350000005, 52.151397499000041 ], [ 5.845678500000076, 52.151576999000042 ], [ 5.859573, 52.148662499000068 ], [ 5.861477, 52.144229999000061 ], [ 5.862411, 52.134696999000028 ], [ 5.864672, 52.125678999000058 ], [ 5.869031957000061, 52.121548776000054 ], [ 5.885339215000045, 52.106160721000037 ], [ 5.912150022000048, 52.100379141000076 ], [ 5.933496578000074, 52.099813246000053 ], [ 5.950343460000056, 52.09936663700006 ], [ 5.946362500000021, 52.077712999000028 ], [ 5.933496578000074, 52.072290398000064 ], [ 5.910658872000056, 52.062664988000051 ], [ 5.899289132000035, 52.062785673000064 ], [ 5.89779625400007, 52.050156693000076 ], [ 5.869031957000061, 52.050899447000063 ], [ 5.859489, 52.051994499000045 ], [ 5.84993350000002, 52.051559499000064 ], [ 5.838699, 52.046966499000064 ], [ 5.821455, 52.032420999000067 ], [ 5.813245, 52.023872499000049 ], [ 5.745805220000022, 52.018749866000064 ], [ 5.739570459000049, 52.01369317700005 ], [ 5.734009496000056, 52.001846598000043 ], [ 5.724340500000039, 52.000594999000043 ], [ 5.677078408000057, 51.991408297000078 ], [ 5.662482884000042, 51.994519609000065 ], [ 5.619810718000053, 51.993508665000036 ], [ 5.613057854000033, 51.998997173000078 ], [ 5.605807500000026, 51.994159499000034 ] ] ] ] } },
{ "type": "Feature", "properties": { "GISCO_ID": "NL_GM0230", "CNTR_CODE": "NL", "LAU_ID": "GM0230", "LAU_NAME": "Elburg", "cell_coverage": [ [ 0, 0.0733, 0.1505, 0, 0 ], [ 0.0413, 0.6232, 0.9729, 0.1998, 0 ], [ 0.3068, 0.4974, 0.978, 0.8581, 0.0223 ], [ 0, 0, 0.1753, 0.1132, 0 ] ], "xmin": 5.75, "xmax": 5.958333333333333, "ymin": 52.333333333333321, "ymax": 52.5 }, "geometry": { "type": "MultiPolygon", "coordinates": [ [ [ [ 5.840257, 52.471057999000038 ], [ 5.875499646000037, 52.453955886000074 ], [ 5.870446912000034, 52.443620853000027 ], [ 5.898335818000021, 52.421313239000028 ], [ 5.911686010000039, 52.414215711000054 ], [ 5.908522091000066, 52.406818379000072 ], [ 5.924228, 52.391326999000057 ], [ 5.911757500000022, 52.386707499000067 ], [ 5.875980500000026, 52.357990499000039 ], [ 5.870964500000071, 52.361343499000043 ], [ 5.869031957000061, 52.361326717000054 ], [ 5.862357183000029, 52.361479398000029 ], [ 5.823554835000039, 52.389475437000044 ], [ 5.816190268000071, 52.400945249000074 ], [ 5.809857731000022, 52.402076424000029 ], [ 5.792694638000057, 52.397514951000062 ], [ 5.786314186000027, 52.399438788000055 ], [ 5.771534745000054, 52.396126266000067 ], [ 5.763037743000041, 52.399971022000045 ], [ 5.756069, 52.407298999000034 ], [ 5.768676, 52.413196499000037 ], [ 5.783055500000046, 52.421020499000065 ], [ 5.787258, 52.422572999000067 ], [ 5.792569, 52.426242999000067 ], [ 5.804331500000046, 52.432147999000051 ], [ 5.806899500000043, 52.434108499000047 ], [ 5.810012500000028, 52.435725999000056 ], [ 5.811476, 52.436923999000044 ], [ 5.809588, 52.437659999000061 ], [ 5.822412, 52.449706999000057 ], [ 5.815609, 52.455215499000076 ], [ 5.831386, 52.473399999000037 ], [ 5.840257, 52.471057999000038 ] ] ] ] } },
{ "type": "Feature", "properties": { "GISCO_ID": "NL_GM0232", "CNTR_CODE": "NL", "LAU_ID": "GM0232", "LAU_NAME": "Epe", "cell_coverage": [ [ 0, 0.0849, 0.4584, 0.2108, 0.0006, 0, 0 ], [ 0.045, 0.8722, 1, 1, 0.8614, 0.5849, 0.0179 ], [ 0.4424, 0.9971, 1, 1, 0.9659, 0.1353, 0 ], [ 0.4696, 0.5755, 0.4391, 0.3531, 0.4096, 0.0054, 0 ] ], "xmin": 5.8333333333333321, "xmax": 6.125, "ymin": 52.25, "ymax": 52.416666666666657 }, "geometry": { "type": "MultiPolygon", "coordinates": [ [ [ [ 5.850859, 52.268687499000066 ], [ 5.848741436000068, 52.274659685000074 ], [ 5.850972532000071, 52.28079925600008 ], [ 5.845867164000026, 52.287633791000076 ], [ 5.841312387000073, 52.303516800000068 ], [ 5.869031957000061, 52.32213949100003 ], [ 5.874934127000074, 52.328681592000066 ], [ 5.876299393000068, 52.331931342000075 ], [ 5.880504220000034, 52.335310982000067 ], [ 5.869031957000061, 52.347536081000044 ], [ 5.864778, 52.351558499000078 ], [ 5.869031957000061, 52.353667131000066 ], [ 5.872835500000065, 52.355552499000055 ], [ 5.875980500000026, 52.357990499000039 ], [ 5.911757500000022, 52.386707499000067 ], [ 5.924228, 52.391326999000057 ], [ 5.933496578000074, 52.393809998000052 ], [ 5.951064, 52.39839949900005 ], [ 5.958879900000056, 52.392249091000053 ], [ 5.991423153000028, 52.378515219000064 ], [ 6.010352524000041, 52.372552257000052 ], [ 6.041691727000057, 52.362680061000049 ], [ 6.043113266000034, 52.357159956000032 ], [ 6.077841, 52.364394999000069 ], [ 6.090917211000033, 52.357235308000043 ], [ 6.07699038100003, 52.349820214000033 ], [ 6.073701, 52.330562499000052 ], [ 6.053285541000037, 52.329824251000048 ], [ 6.035341960000039, 52.295453827000074 ], [ 6.043141885000068, 52.277015883000047 ], [ 6.041975981000064, 52.269488355000078 ], [ 6.03657, 52.268565999000032 ], [ 6.026275516000055, 52.27612520200006 ], [ 6.010352524000041, 52.275449352000066 ], [ 5.992052966000074, 52.274672629000065 ], [ 5.991177509000067, 52.282969573000059 ], [ 5.98774273500004, 52.284738782000034 ], [ 5.971701622000069, 52.273588721000067 ], [ 5.933496578000074, 52.274011776000066 ], [ 5.881245987000057, 52.265389047000042 ], [ 5.869031957000061, 52.260570742000027 ], [ 5.867338500000074, 52.259834499000078 ], [ 5.860837500000059, 52.255801999000028 ], [ 5.859093, 52.257454499000062 ], [ 5.854482, 52.26006699900006 ], [ 5.850859, 52.268687499000066 ] ] ] ] } },
{ "type": "Feature", "properties": { "GISCO_ID": "NL_GM0233", "CNTR_CODE": "NL", "LAU_ID": "GM0233", "LAU_NAME": "Ermelo", "cell_coverage": [ [ 0.6085, 0.7132, 0.6329, 0.5237, 0.6822, 0 ], [ 0.1406, 0.3602, 0.5979, 0.983, 0.9829, 0.0673 ], [ 0, 0, 0, 0.1649, 0.1748, 0.0193 ] ], "xmin": 5.5416666666666643, "xmax": 5.7916666666666643, "ymin": 52.208333333333321, "ymax": 52.333333333333321 }, "geometry": { "type": "MultiPolygon", "coordinates": [ [ [ [ 5.745805220000022, 52.288091914000063 ], [ 5.754910924000058, 52.280395048000059 ], [ 5.748798116000046, 52.272139928000058 ], [ 5.749514, 52.268344999000078 ], [ 5.761297500000069, 52.248321499000042 ], [ 5.750771, 52.245792499000061 ], [ 5.745805220000022, 52.245126422000055 ], [ 5.726396, 52.242522999000073 ], [ 5.718876500000022, 52.241573499000026 ], [ 5.715521500000023, 52.240249499000072 ], [ 5.709796, 52.239318999000034 ], [ 5.694205, 52.239703999000028 ], [ 5.690124500000024, 52.240409999000065 ], [ 5.683739, 52.240657999000064 ], [ 5.674541772000055, 52.251408146000074 ], [ 5.638350638000077, 52.271911919000047 ], [ 5.587615369000048, 52.278916937000076 ], [ 5.556371442000057, 52.286764499000071 ], [ 5.54516650000005, 52.293300499000054 ], [ 5.565865, 52.332389999000043 ], [ 5.581688494000048, 52.322901461000072 ], [ 5.598877364000032, 52.318523270000071 ], [ 5.609413495000069, 52.319733726000038 ], [ 5.62076294700006, 52.326064806000034 ], [ 5.630157329000042, 52.326395855000044 ], [ 5.676527479000072, 52.302201126000057 ], [ 5.706153, 52.328414999000074 ], [ 5.745805220000022, 52.317819389000078 ], [ 5.749632306000024, 52.316796740000029 ], [ 5.745805220000022, 52.302662505000058 ], [ 5.744024158000059, 52.296084668000049 ], [ 5.745125140000027, 52.288666771000067 ], [ 5.745805220000022, 52.288091914000063 ] ] ] ] } },
{ "type": "Feature", "properties": { "GISCO_ID": "NL_GM0243", "CNTR_CODE": "NL", "LAU_ID": "GM0243", "LAU_NAME": "Harderwijk", "cell_coverage": [ [ 0, 0, 0, 0.0127, 0 ], [ 0.1363, 0.6898, 0.843, 0.7657, 0.0094 ], [ 0.0618, 0.2868, 0.3671, 0.4751, 0.0049 ] ], "xmin": 5.5416666666666643, "xmax": 5.75, "ymin": 52.291666666666657, "ymax": 52.416666666666657 }, "geometry": { "type": "MultiPolygon", "coordinates": [ [ [ [ 5.678668, 52.378818999000032 ], [ 5.699052749000032, 52.35923968600008 ], [ 5.699336255000048, 52.353142573000071 ], [ 5.706011782000076, 52.340981079000073 ], [ 5.711385776000043, 52.337307311000075 ], [ 5.712082455000029, 52.332256961000041 ], [ 5.706153, 52.328414999000074 ], [ 5.676527479000072, 52.302201126000057 ], [ 5.630157329000042, 52.326395855000044 ], [ 5.62076294700006, 52.326064806000034 ], [ 5.609413495000069, 52.319733726000038 ], [ 5.598877364000032, 52.318523270000071 ], [ 5.581688494000048, 52.322901461000072 ], [ 5.565865, 52.332389999000043 ], [ 5.575780930000064, 52.350573405000034 ], [ 5.58734166000005, 52.36086128900007 ], [ 5.601806392000071, 52.363386492000075 ], [ 5.611385470000073, 52.360403235000035 ], [ 5.620749500000045, 52.364131999000051 ], [ 5.643588437000062, 52.370308432000058 ], [ 5.653696156000024, 52.366286364000075 ], [ 5.678668, 52.378818999000032 ] ] ] ] } },
{ "type": "Feature", "properties": { "GISCO_ID": "NL_GM0244", "CNTR_CODE": "NL", "LAU_ID": "GM0244", "LAU_NAME": "Hattem", "cell_coverage": [ [ 0.1381, 0.0208, 0 ], [ 0.3966, 0.7674, 0.1735 ], [ 0.1152, 0.2029, 0.0556 ] ], "xmin": 6.0, "xmax": 6.125, "ymin": 52.416666666666657, "ymax": 52.541666666666657 }, "geometry": { "type": "MultiPolygon", "coordinates": [ [ [ [ 6.022657, 52.444091999000079 ], [ 6.033696159000044, 52.460147772000028 ], [ 6.035732565000046, 52.473599135000029 ], [ 6.028243093000071, 52.481749453000077 ], [ 6.019779819000064, 52.484256924000078 ], [ 6.015717548000055, 52.491527581000071 ], [ 6.010352524000041, 52.494608922000054 ], [ 6.000733500000024, 52.500133499000071 ], [ 6.010352524000041, 52.504930229000081 ], [ 6.021874337000042, 52.505948928000066 ], [ 6.027829, 52.509654499000078 ], [ 6.042637, 52.50544349900008 ], [ 6.054038500000047, 52.499934999000061 ], [ 6.057509500000037, 52.497253499000067 ], [ 6.064124500000048, 52.487216999000054 ], [ 6.068804, 52.483508999000037 ], [ 6.075385500000039, 52.480655499000079 ], [ 6.084508, 52.478526999000053 ], [ 6.087563, 52.477531499000065 ], [ 6.092339, 52.475455999000076 ], [ 6.095509500000048, 52.473354499000038 ], [ 6.099789500000043, 52.469786999000064 ], [ 6.101478500000042, 52.466994999000065 ], [ 6.103481, 52.454086499000027 ], [ 6.100044500000024, 52.453785499000048 ], [ 6.094935, 52.451823999000055 ], [ 6.092816, 52.454841499000054 ], [ 6.090263500000049, 52.454044499000076 ], [ 6.078017, 52.451846999000054 ], [ 6.06306550000005, 52.450999999000032 ], [ 6.035484500000052, 52.443771499000036 ], [ 6.022657, 52.444091999000079 ] ] ] ] } },
{ "type": "Feature", "properties": { "GISCO_ID": "NL_GM0246", "CNTR_CODE": "NL", "LAU_ID": "GM0246", "LAU_NAME": "Heerde", "cell_coverage": [ [ 0, 0.0687, 0.5882, 0.7971, 0.5966, 0 ], [ 0.0265, 0.6769, 0.9994, 1, 0.873, 0.0246 ], [ 0, 0, 0.1386, 0.3167, 0.0158, 0 ] ], "xmin": 5.9166666666666643, "xmax": 6.1666666666666643, "ymin": 52.333333333333321, "ymax": 52.458333333333321 }, "geometry": { "type": "MultiPolygon", "coordinates": [ [ [ [ 6.109792500000026, 52.440574499000036 ], [ 6.118582948000039, 52.432928851000042 ], [ 6.112025720000076, 52.408059879000064 ], [ 6.129548992000025, 52.39922706200008 ], [ 6.125714382000069, 52.385076 ], [ 6.116257319000056, 52.377843403000043 ], [ 6.082197274000066, 52.371627080000053 ], [ 6.077841, 52.364394999000069 ], [ 6.043113266000034, 52.357159956000032 ], [ 6.041691727000057, 52.362680061000049 ], [ 6.010352524000041, 52.372552257000052 ], [ 5.991423153000028, 52.378515219000064 ], [ 5.958879900000056, 52.392249091000053 ], [ 5.951064, 52.39839949900005 ], [ 5.951869500000043, 52.40094349900005 ], [ 5.95421, 52.401927999000065 ], [ 5.966782500000022, 52.405677999000034 ], [ 5.974649, 52.410426999000038 ], [ 5.982702500000073, 52.417064499000048 ], [ 5.994829500000037, 52.426124499000082 ], [ 6.010352524000041, 52.438329908000071 ], [ 6.017836, 52.444213999000056 ], [ 6.022657, 52.444091999000079 ], [ 6.035484500000052, 52.443771499000036 ], [ 6.06306550000005, 52.450999999000032 ], [ 6.078017, 52.451846999000054 ], [ 6.090263500000049, 52.454044499000076 ], [ 6.092816, 52.454841499000054 ], [ 6.094935, 52.451823999000055 ], [ 6.100044500000024, 52.453785499000048 ], [ 6.103481, 52.454086499000027 ], [ 6.103113, 52.450855499000056 ], [ 6.102108500000043, 52.448058999000068 ], [ 6.102399, 52.445285999000077 ], [ 6.103824, 52.443492999000057 ], [ 6.105358500000023, 52.442394499000045 ], [ 6.109792500000026, 52.440574499000036 ] ] ] ] } },
{ "type": "Feature", "properties": { "GISCO_ID": "NL_GM0252", "CNTR_CODE": "NL", "LAU_ID": "GM0252", "LAU_NAME": "Heumen", "cell_coverage": [ [ 0, 0, 0.0948, 0.3871, 0.0832 ], [ 0.1693, 0.7356, 0.8433, 0.7285, 0.1207 ] ], "xmin": 5.7083333333333321, "xmax": 5.9166666666666652, "ymin": 51.75, "ymax": 51.833333333333321 }, "geometry": { "type": "MultiPolygon", "coordinates": [ [ [ [ 5.745805220000022, 51.758829761000072 ], [ 5.745141500000045, 51.759193499000048 ], [ 5.740037, 51.763908499000081 ], [ 5.734452500000032, 51.770122499000081 ], [ 5.732327500000054, 51.771689999000046 ], [ 5.729744, 51.77289199900008 ], [ 5.73437380200005, 51.77904122800004 ], [ 5.745805220000022, 51.780363685000054 ], [ 5.780232700000056, 51.78434646900007 ], [ 5.80097550000005, 51.795348999000055 ], [ 5.81110701700004, 51.791487117000031 ], [ 5.835546469000064, 51.805142197000066 ], [ 5.869031957000061, 51.810108495000065 ], [ 5.879223500000023, 51.809581999000045 ], [ 5.881083, 51.801456499000039 ], [ 5.887471, 51.795261499000048 ], [ 5.887274500000046, 51.785228499000027 ], [ 5.888034, 51.782886499000028 ], [ 5.893650500000035, 51.777633499000046 ], [ 5.869507942000041, 51.775229654000043 ], [ 5.868471731000056, 51.762813614000038 ], [ 5.865158500000064, 51.757407999000066 ], [ 5.861836, 51.758205499000042 ], [ 5.856123500000024, 51.759040999000035 ], [ 5.848531, 51.759303999000053 ], [ 5.811143500000071, 51.756686999000067 ], [ 5.798987, 51.755180499000062 ], [ 5.790482, 51.753516999000055 ], [ 5.78247, 51.752399499000035 ], [ 5.773379, 51.752097999000057 ], [ 5.767786500000057, 51.752464499000041 ], [ 5.762106, 51.753253999000037 ], [ 5.754086, 51.755225999000061 ], [ 5.74929, 51.756919999000047 ], [ 5.745805220000022, 51.758829761000072 ] ] ] ] } },
{ "type": "Feature", "properties": { "GISCO_ID": "NL_GM0262", "CNTR_CODE": "NL", "LAU_ID": "GM0262", "LAU_NAME": "Lochem", "cell_coverage": [ [ 0, 0.331, 0.5017, 0.4763, 0.4333, 0.7404, 0.841, 0.2625, 0 ], [ 0.0473, 0.6962, 1, 1, 1, 1, 1, 0.9813, 0.4391 ], [ 0, 0.0122, 0.2976, 0.4327, 0.4319, 0.8273, 0.9629, 1, 0.5348 ], [ 0, 0, 0, 0, 0, 0.0007, 0.2368, 0.552, 0.3161 ] ], "xmin": 6.125, "xmax": 6.5, "ymin": 52.083333333333321, "ymax": 52.25 }, "geometry": { "type": "MultiPolygon", "coordinates": [ [ [ [ 6.381997500000068, 52.246085999000059 ], [ 6.383041, 52.24400349900003 ], [ 6.385974, 52.243159999000056 ], [ 6.389979500000038, 52.242633999000077 ], [ 6.402172500000063, 52.243274499000051 ], [ 6.405294, 52.242957999000055 ], [ 6.410802, 52.243034499000032 ], [ 6.416688, 52.242252999000073 ], [ 6.417713078000077, 52.236734621000039 ], [ 6.430108304000044, 52.222527389000049 ], [ 6.445911136000063, 52.212986026000067 ], [ 6.45623473400002, 52.20202794800008 ], [ 6.467910152000059, 52.199432065000053 ], [ 6.471489470000051, 52.190564206000033 ], [ 6.479389916000059, 52.182886223000082 ], [ 6.492394500000046, 52.177669499000046 ], [ 6.493222501000048, 52.170449298000051 ], [ 6.485767328000065, 52.159030728000062 ], [ 6.46348871400005, 52.151206134000063 ], [ 6.472093068000049, 52.143864508000036 ], [ 6.481055015000038, 52.141652014000044 ], [ 6.491475293000065, 52.124518009000042 ], [ 6.482177223000065, 52.111076328000081 ], [ 6.479922198000054, 52.102723796000078 ], [ 6.475601564000044, 52.101116527000045 ], [ 6.468891369000062, 52.105706295000061 ], [ 6.454724166000062, 52.107522794000033 ], [ 6.423910500000034, 52.096805499000027 ], [ 6.393043545000069, 52.112664893000044 ], [ 6.397378475000039, 52.117613691000031 ], [ 6.392858370000056, 52.123884912000051 ], [ 6.393953389000046, 52.130924548000053 ], [ 6.367931505000058, 52.12438669900007 ], [ 6.360080511000035, 52.128161864000049 ], [ 6.356382913000061, 52.13540527300006 ], [ 6.342722835000075, 52.136527866000051 ], [ 6.328283500000055, 52.137714499000026 ], [ 6.322839427000076, 52.152197345000047 ], [ 6.239406523000071, 52.146488636000072 ], [ 6.23416760300006, 52.155205300000034 ], [ 6.223956818000033, 52.154615583000066 ], [ 6.207791781000026, 52.165802470000074 ], [ 6.197503112000049, 52.164059087000055 ], [ 6.192908500000044, 52.169902999000044 ], [ 6.190803698000025, 52.178285646000063 ], [ 6.171010774000024, 52.18693182700008 ], [ 6.157138240000052, 52.192991792000043 ], [ 6.159793604000072, 52.200074491000066 ], [ 6.171010774000024, 52.202091141000039 ], [ 6.182992031000026, 52.204245160000028 ], [ 6.190565804000073, 52.211006613000052 ], [ 6.187805605000051, 52.218150669000067 ], [ 6.171010774000024, 52.228272995000054 ], [ 6.166411500000038, 52.231044999000062 ], [ 6.171010774000024, 52.231827546000034 ], [ 6.181103894000046, 52.233544848000065 ], [ 6.191064650000044, 52.229285271000037 ], [ 6.214131313000053, 52.228059773000041 ], [ 6.216005449000022, 52.230646810000053 ], [ 6.269077606000053, 52.226771658000075 ], [ 6.290911538000046, 52.230665583000075 ], [ 6.300040283000044, 52.225640015000067 ], [ 6.319704650000062, 52.225753202000078 ], [ 6.337180345000036, 52.227485447000049 ], [ 6.339098736000039, 52.23613810300003 ], [ 6.342722835000075, 52.237587455000039 ], [ 6.352305699000055, 52.24141983800007 ], [ 6.367066961000035, 52.241768775000082 ], [ 6.381997500000068, 52.246085999000059 ] ] ] ] } },
{ "type": "Feature", "properties": { "GISCO_ID": "NL_GM0267", "CNTR_CODE": "NL", "LAU_ID": "GM0267", "LAU_NAME": "Nijkerk", "cell_coverage": [ [ 0.005, 0.1306, 0.1106, 0, 0, 0, 0 ], [ 0.3494, 0.9731, 0.8587, 0.4273, 0.0021, 0, 0 ], [ 0, 0.4379, 0.8336, 0.4783, 0.543, 0.2537, 0.0502 ], [ 0, 0, 0.0023, 0, 0, 0, 0 ] ], "xmin": 5.375, "xmax": 5.666666666666667, "ymin": 52.125, "ymax": 52.291666666666657 }, "geometry": { "type": "MultiPolygon", "coordinates": [ [ [ [ 5.404633, 52.249629999000035 ], [ 5.47685, 52.262401499000077 ], [ 5.475234084000022, 52.254629797000064 ], [ 5.484555423000074, 52.238983335000057 ], [ 5.505447055000047, 52.232154697000055 ], [ 5.514322467000056, 52.234124426000051 ], [ 5.551085461000071, 52.202832905000037 ], [ 5.633282, 52.208183499000029 ], [ 5.633809027000041, 52.202845790000026 ], [ 5.625358514000027, 52.193280750000042 ], [ 5.599873967000065, 52.197362331000079 ], [ 5.579373567000061, 52.194654729000035 ], [ 5.576885968000056, 52.186711837000075 ], [ 5.565265115000045, 52.185057963000077 ], [ 5.566883088000054, 52.178320793000069 ], [ 5.554358729000057, 52.175855270000056 ], [ 5.542965525000056, 52.177775242000052 ], [ 5.52959207400005, 52.191369798000039 ], [ 5.499780641000029, 52.187998680000078 ], [ 5.48641094200002, 52.181979936000062 ], [ 5.484454388000074, 52.17195935400008 ], [ 5.479895500000055, 52.165809499000034 ], [ 5.442420003000052, 52.16959717900005 ], [ 5.438671292000038, 52.184855050000067 ], [ 5.438842580000028, 52.204298485000038 ], [ 5.411791064000056, 52.217425522000042 ], [ 5.406165459000022, 52.214460710000026 ], [ 5.395557500000052, 52.219341499000052 ], [ 5.393278, 52.220676499000035 ], [ 5.404633, 52.249629999000035 ] ] ] ] } },
{ "type": "Feature", "properties": { "GISCO_ID": "NL_GM0268", "CNTR_CODE": "NL", "LAU_ID": "GM0268", "LAU_NAME": "Nijmegen", "cell_coverage": [ [ 0, 0.002, 0.3818, 0.0056 ], [ 0.1154, 0.5339, 1, 0.2595 ], [ 0.3136, 0.8753, 0.6129, 0.2049 ], [ 0, 0, 0, 0 ] ], "xmin": 5.75, "xmax": 5.916666666666667, "ymin": 51.75, "ymax": 51.916666666666657 }, "geometry": { "type": "MultiPolygon", "coordinates": [ [ [ [ 5.887033, 51.865100999000049 ], [ 5.883725210000023, 51.860601154000051 ], [ 5.886376015000053, 51.855432372000053 ], [ 5.883921134000047, 51.844671002000041 ], [ 5.903770813000051, 51.829104018000066 ], [ 5.883208755000055, 51.820913645000076 ], [ 5.884302103000039, 51.811924246000046 ], [ 5.879223500000023, 51.809581999000045 ], [ 5.869031957000061, 51.810108495000065 ], [ 5.835546469000064, 51.805142197000066 ], [ 5.81110701700004, 51.791487117000031 ], [ 5.80097550000005, 51.795348999000055 ], [ 5.783110880000038, 51.807877489000077 ], [ 5.773262061000025, 51.821676695000065 ], [ 5.758976406000045, 51.824272690000043 ], [ 5.764706500000045, 51.832225999000059 ], [ 5.775567785000021, 51.843837273000076 ], [ 5.78749351700003, 51.841414109000027 ], [ 5.807117380000022, 51.850949267000033 ], [ 5.817802791000076, 51.850548981000031 ], [ 5.824258242000042, 51.858900663000043 ], [ 5.824682306000057, 51.865726863000077 ], [ 5.817139500000053, 51.870212499000047 ], [ 5.833493062000059, 51.875247002000037 ], [ 5.836991108000063, 51.884257994000052 ], [ 5.831312203000039, 51.893348419000063 ], [ 5.857146500000056, 51.895022499000049 ], [ 5.858674135000058, 51.888830326000061 ], [ 5.869031957000061, 51.888332780000042 ], [ 5.873546399000077, 51.885324292000064 ], [ 5.880156725000063, 51.869441004000066 ], [ 5.887033, 51.865100999000049 ] ] ] ] } },
{ "type": "Feature", "properties": { "GISCO_ID": "NL_GM0269", "CNTR_CODE": "NL", "LAU_ID": "GM0269", "LAU_NAME": "Oldebroek", "cell_coverage": [ [ 0.1573, 0.2302, 0, 0, 0 ], [ 0.6116, 0.9551, 0.523, 0.684, 0.6034 ], [ 0.0271, 0.8002, 1, 0.9313, 0.2966 ], [ 0, 0.0571, 0.4928, 0.1122, 0 ] ], "xmin": 5.8333333333333321, "xmax": 6.0416666666666652, "ymin": 52.375, "ymax": 52.541666666666657 }, "geometry": { "type": "MultiPolygon", "coordinates": [ [ [ [ 5.864311, 52.518169499000066 ], [ 5.869031957000061, 52.519690718000049 ], [ 5.879853546000049, 52.521048913000072 ], [ 5.898928819000048, 52.507714512000064 ], [ 5.926161329000024, 52.474785200000042 ], [ 5.933496578000074, 52.477320556000052 ], [ 5.953268084000058, 52.484154382000042 ], [ 5.966476912000076, 52.477537737000034 ], [ 6.000733500000024, 52.500133499000071 ], [ 6.010352524000041, 52.494608922000054 ], [ 6.015717548000055, 52.491527581000071 ], [ 6.019779819000064, 52.484256924000078 ], [ 6.028243093000071, 52.481749453000077 ], [ 6.035732565000046, 52.473599135000029 ], [ 6.033696159000044, 52.460147772000028 ], [ 6.022657, 52.444091999000079 ], [ 6.017836, 52.444213999000056 ], [ 6.010352524000041, 52.438329908000071 ], [ 5.994829500000037, 52.426124499000082 ], [ 5.982702500000073, 52.417064499000048 ], [ 5.974649, 52.410426999000038 ], [ 5.966782500000022, 52.405677999000034 ], [ 5.95421, 52.401927999000065 ], [ 5.951869500000043, 52.40094349900005 ], [ 5.951064, 52.39839949900005 ], [ 5.933496578000074, 52.393809998000052 ], [ 5.924228, 52.391326999000057 ], [ 5.908522091000066, 52.406818379000072 ], [ 5.911686010000039, 52.414215711000054 ], [ 5.898335818000021, 52.421313239000028 ], [ 5.870446912000034, 52.443620853000027 ], [ 5.875499646000037, 52.453955886000074 ], [ 5.840257, 52.471057999000038 ], [ 5.845592500000066, 52.478202999000075 ], [ 5.845569500000067, 52.480319999000073 ], [ 5.847815, 52.484958499000072 ], [ 5.851011, 52.495391999000049 ], [ 5.856699, 52.499805499000047 ], [ 5.862877, 52.513526999000078 ], [ 5.864311, 52.518169499000066 ] ] ] ] } },
{ "type": "Feature", "properties": { "GISCO_ID": "NL_GM0273", "CNTR_CODE": "NL", "LAU_ID": "GM0273", "LAU_NAME": "Putten", "cell_coverage": [ [ 0, 0, 0.0017, 0, 0, 0 ], [ 0.1969, 0.5137, 0.8556, 0.6398, 0.4021, 0.017 ], [ 0.1413, 0.5727, 0.9979, 1, 0.8573, 0.2178 ], [ 0, 0, 0.0929, 0.0491, 0.002, 0 ] ], "xmin": 5.4583333333333321, "xmax": 5.7083333333333321, "ymin": 52.166666666666657, "ymax": 52.333333333333321 }, "geometry": { "type": "MultiPolygon", "coordinates": [ [ [ [ 5.683739, 52.240657999000064 ], [ 5.681232500000021, 52.225322499000072 ], [ 5.670628, 52.224086999000065 ], [ 5.665566, 52.222831499000051 ], [ 5.633282, 52.208183499000029 ], [ 5.551085461000071, 52.202832905000037 ], [ 5.514322467000056, 52.234124426000051 ], [ 5.505447055000047, 52.232154697000055 ], [ 5.484555423000074, 52.238983335000057 ], [ 5.475234084000022, 52.254629797000064 ], [ 5.47685, 52.262401499000077 ], [ 5.522167, 52.270408499000041 ], [ 5.533282500000041, 52.272743499000057 ], [ 5.534813, 52.274081999000032 ], [ 5.536206, 52.276355499000033 ], [ 5.54516650000005, 52.293300499000054 ], [ 5.556371442000057, 52.286764499000071 ], [ 5.587615369000048, 52.278916937000076 ], [ 5.638350638000077, 52.271911919000047 ], [ 5.674541772000055, 52.251408146000074 ], [ 5.683739, 52.240657999000064 ] ] ] ] } },
{ "type": "Feature", "properties": { "GISCO_ID": "NL_GM0274", "CNTR_CODE": "NL", "LAU_ID": "GM0274", "LAU_NAME": "Renkum", "cell_coverage": [ [ 0.1357, 0.4956, 0.2469, 0 ], [ 0.5661, 0.8766, 0.7363, 0.4582 ] ], "xmin": 5.7083333333333321, "xmax": 5.875, "ymin": 51.958333333333321, "ymax": 52.041666666666657 }, "geometry": { "type": "MultiPolygon", "coordinates": [ [ [ [ 5.745805220000022, 51.969900005000056 ], [ 5.743923500000051, 51.970123499000067 ], [ 5.738098, 51.969840999000041 ], [ 5.734573, 51.968978999000058 ], [ 5.731046, 51.967879999000047 ], [ 5.722535500000049, 51.964103499000032 ], [ 5.714581082000052, 51.968707055000039 ], [ 5.720341819000055, 51.978952535000076 ], [ 5.717596434000029, 51.983390010000051 ], [ 5.724340500000039, 52.000594999000043 ], [ 5.734009496000056, 52.001846598000043 ], [ 5.739570459000049, 52.01369317700005 ], [ 5.745805220000022, 52.018749866000064 ], [ 5.813245, 52.023872499000049 ], [ 5.808416815000044, 52.017150451000077 ], [ 5.805724066000039, 52.004330864000053 ], [ 5.860729261000074, 51.995616170000062 ], [ 5.865872242000023, 51.977891929000066 ], [ 5.869441333000054, 51.974835339000037 ], [ 5.858075844000041, 51.969962919000068 ], [ 5.835524500000076, 51.973563999000078 ], [ 5.818502151000075, 51.971781621000048 ], [ 5.780466268000055, 51.959732796000026 ], [ 5.745805220000022, 51.969900005000056 ] ] ] ] } },
{ "type": "Feature", "properties": { "GISCO_ID": "NL_GM0275", "CNTR_CODE": "NL", "LAU_ID": "GM0275", "LAU_NAME": "Rheden", "cell_coverage": [ [ 0, 0, 0, 0.0355, 0, 0 ], [ 0, 0.1317, 0.6274, 0.9732, 0.7296, 0.0397 ], [ 0.0008, 0.4026, 0.9985, 0.7743, 0.9142, 0.0597 ], [ 0.0232, 0.444, 0.1333, 0.0034, 0.0884, 0 ] ], "xmin": 5.9166666666666643, "xmax": 6.1666666666666643, "ymin": 51.958333333333321, "ymax": 52.125 }, "geometry": { "type": "MultiPolygon", "coordinates": [ [ [ [ 6.109362500000032, 51.996318999000039 ], [ 6.09448573700007, 51.992848645000038 ], [ 6.086408784000071, 51.994298020000031 ], [ 6.078836219000038, 52.000606671000071 ], [ 6.076454683000065, 52.010099342000046 ], [ 6.064424605000056, 52.014450844000066 ], [ 6.04967173600005, 52.010448499000063 ], [ 6.041981081000074, 52.001768080000033 ], [ 6.032985678000045, 51.997249595000028 ], [ 6.010352524000041, 51.994728684000052 ], [ 6.008737, 51.993667499000026 ], [ 6.006516, 51.991325499000027 ], [ 6.004314500000021, 51.984821499000077 ], [ 6.001971, 51.98067499900003 ], [ 5.999928500000067, 51.978164499000059 ], [ 5.998108, 51.977023999000039 ], [ 5.993194, 51.975192999000058 ], [ 5.989966, 51.974403499000061 ], [ 5.983344, 51.97991199900008 ], [ 5.979427, 51.982143499000074 ], [ 5.965362500000026, 51.98638549900005 ], [ 5.959979, 51.989093999000033 ], [ 5.956458500000053, 51.991821499000082 ], [ 5.953792, 51.994796999000073 ], [ 5.951552500000048, 51.999603499000045 ], [ 5.974264966000021, 52.00309677100006 ], [ 5.981205488000057, 52.018001954000056 ], [ 5.994152719000056, 52.025473238000075 ], [ 5.979022326000063, 52.053492271000039 ], [ 6.001033550000045, 52.055318542000066 ], [ 6.004845897000052, 52.058669973000065 ], [ 6.006169, 52.066387499000029 ], [ 6.010352524000041, 52.066663549000054 ], [ 6.023970689000066, 52.067562145000068 ], [ 6.058385297000029, 52.08523765700005 ], [ 6.070494833000055, 52.087790054000038 ], [ 6.080614016000027, 52.082636706000073 ], [ 6.102049826000041, 52.07822262600007 ], [ 6.122463637000067, 52.064127341000074 ], [ 6.137396500000023, 52.059119999000075 ], [ 6.13520950000003, 52.057292999000026 ], [ 6.131467500000042, 52.055442999000036 ], [ 6.122538, 52.052417999000056 ], [ 6.119260500000053, 52.050925999000071 ], [ 6.114037500000052, 52.047553999000058 ], [ 6.111928500000033, 52.045371999000054 ], [ 6.110770500000058, 52.041087999000069 ], [ 6.112077, 52.038966999000081 ], [ 6.115774, 52.036163499000054 ], [ 6.123818500000027, 52.033977499000059 ], [ 6.127954500000044, 52.03190999900005 ], [ 6.130545, 52.029464499000028 ], [ 6.132247, 52.025859999000033 ], [ 6.132002500000056, 52.022647999000071 ], [ 6.131165, 52.020988499000055 ], [ 6.127942500000074, 52.017078499000036 ], [ 6.127425500000072, 52.012733499000035 ], [ 6.125346500000035, 52.009357499000032 ], [ 6.12249550000007, 52.007377499000029 ], [ 6.117931, 52.005725999000049 ], [ 6.115403, 52.004203999000026 ], [ 6.114047500000027, 52.002643499000044 ], [ 6.112557500000037, 51.999133999000037 ], [ 6.109362500000032, 51.996318999000039 ] ] ] ] } },
{ "type": "Feature", "properties": { "GISCO_ID": "NL_GM0277", "CNTR_CODE": "NL", "LAU_ID": "GM0277", "LAU_NAME": "Rozendaal", "cell_coverage": [ [ 0.2779, 0.7307, 0.0711 ], [ 0.3993, 0.5974, 0 ], [ 0.0003, 0, 0 ] ], "xmin": 5.9166666666666643, "xmax": 6.0416666666666643, "ymin": 51.958333333333321, "ymax": 52.083333333333321 }, "geometry": { "type": "MultiPolygon", "coordinates": [ [ [ [ 6.008872500000052, 52.07390999900008 ], [ 6.00891050000007, 52.071490999000048 ], [ 6.006169, 52.066387499000029 ], [ 6.004845897000052, 52.058669973000065 ], [ 6.001033550000045, 52.055318542000066 ], [ 5.979022326000063, 52.053492271000039 ], [ 5.994152719000056, 52.025473238000075 ], [ 5.981205488000057, 52.018001954000056 ], [ 5.974264966000021, 52.00309677100006 ], [ 5.951552500000048, 51.999603499000045 ], [ 5.941164680000043, 52.013111983000044 ], [ 5.937339360000067, 52.047527696000031 ], [ 5.942997147000028, 52.061784229000068 ], [ 5.95596450000005, 52.07323449900008 ], [ 5.964279500000032, 52.076236499000061 ], [ 5.968420500000036, 52.076972999000077 ], [ 5.976042500000062, 52.078208999000026 ], [ 5.983609, 52.078948999000033 ], [ 5.990507, 52.079082499000037 ], [ 6.008872500000052, 52.07390999900008 ] ] ] ] } },
{ "type": "Feature", "properties": { "GISCO_ID": "NL_GM0279", "CNTR_CODE": "NL", "LAU_ID": "GM0279", "LAU_NAME": "Scherpenzeel", "cell_coverage": [ [ 0.2849, 0.4165 ], [ 0.2194, 0.0906 ] ], "xmin": 5.4583333333333321, "xmax": 5.5416666666666652, "ymin": 52.04166666666665, "ymax": 52.125 }, "geometry": { "type": "MultiPolygon", "coordinates": [ [ [ [ 5.496476, 52.071552499000063 ], [ 5.48211735600006, 52.07027964200006 ], [ 5.46013735400004, 52.080938967000066 ], [ 5.484626020000064, 52.093635317000064 ], [ 5.485013471000059, 52.105352305000054 ], [ 5.493786, 52.111037499000076 ], [ 5.509780038000031, 52.107541213000047 ], [ 5.517269697000074, 52.101573078000058 ], [ 5.531503, 52.102256999000076 ], [ 5.537952699000073, 52.097623756000075 ], [ 5.537682785000072, 52.091393234000066 ], [ 5.529124973000023, 52.087668178000058 ], [ 5.529830357000037, 52.082592550000072 ], [ 5.523105773000054, 52.078393386000073 ], [ 5.510723987000063, 52.07866832600007 ], [ 5.496476, 52.071552499000063 ] ] ] ] } },
{ "type": "Feature", "properties": { "GISCO_ID": "NL_GM0281", "CNTR_CODE": "NL", "LAU_ID": "GM0281", "LAU_NAME": "Tiel", "cell_coverage": [ [ 0, 0, 0, 0.0718, 0.0232 ], [ 0, 0.1323, 0.5844, 0.8644, 0.0943 ], [ 0.0231, 0.3761, 0.4723, 0.0688, 0 ] ], "xmin": 5.2916666666666643, "xmax": 5.5, "ymin": 51.833333333333321, "ymax": 51.958333333333321 }, "geometry": { "type": "MultiPolygon", "coordinates": [ [ [ [ 5.453275, 51.92275999900005 ], [ 5.468690975000072, 51.919317098000079 ], [ 5.471257789000049, 51.908351136000078 ], [ 5.456431161000069, 51.902516830000081 ], [ 5.464115, 51.888908499000081 ], [ 5.455979, 51.887977499000044 ], [ 5.449215500000037, 51.886008999000069 ], [ 5.44323, 51.883334999000056 ], [ 5.440537500000062, 51.881786499000043 ], [ 5.432895500000029, 51.876483999000072 ], [ 5.428687500000024, 51.87285599900008 ], [ 5.42298, 51.86644749900006 ], [ 5.419402500000047, 51.861133499000061 ], [ 5.415201500000023, 51.851817999000048 ], [ 5.393535395000072, 51.854094256000053 ], [ 5.377403701000048, 51.861470107000059 ], [ 5.359626424000055, 51.858543114000042 ], [ 5.328957976000027, 51.857806221000033 ], [ 5.328620528000044, 51.864433860000076 ], [ 5.338987, 51.873996499000043 ], [ 5.359626424000055, 51.882418596000036 ], [ 5.398849705000032, 51.898423996000076 ], [ 5.411984038000071, 51.91171044500004 ], [ 5.423513462000074, 51.917059694000045 ], [ 5.453275, 51.92275999900005 ] ] ] ] } },
{ "type": "Feature", "properties": { "GISCO_ID": "NL_GM0285", "CNTR_CODE": "NL", "LAU_ID": "GM0285", "LAU_NAME": "Voorst", "cell_coverage": [ [ 0.0341, 0.7458, 0.1271, 0, 0 ], [ 0.0972, 0.9946, 0.8472, 0.02, 0 ], [ 0.161, 0.9458, 1, 0.7096, 0.2042 ], [ 0, 0.6685, 1, 0.9527, 0.2989 ], [ 0, 0.1919, 0.3879, 0.179, 0.0602 ] ], "xmin": 6.0, "xmax": 6.208333333333333, "ymin": 52.125, "ymax": 52.333333333333321 }, "geometry": { "type": "MultiPolygon", "coordinates": [ [ [ [ 6.03657, 52.268565999000032 ], [ 6.041975981000064, 52.269488355000078 ], [ 6.043141885000068, 52.277015883000047 ], [ 6.035341960000039, 52.295453827000074 ], [ 6.053285541000037, 52.329824251000048 ], [ 6.073701, 52.330562499000052 ], [ 6.067440478000037, 52.318516781000028 ], [ 6.079235692000054, 52.316909068000029 ], [ 6.083800721000046, 52.31112710900004 ], [ 6.085643443000038, 52.301441371000067 ], [ 6.101319, 52.301246499000058 ], [ 6.11070102900004, 52.288134557000035 ], [ 6.112637732000053, 52.278666058000056 ], [ 6.12900647500004, 52.260673008000026 ], [ 6.124670086000037, 52.251896828000042 ], [ 6.152438882000069, 52.247063641000068 ], [ 6.152436203000036, 52.243837962000043 ], [ 6.143088930000033, 52.238250834000041 ], [ 6.142749725000044, 52.232959791000042 ], [ 6.148154127000055, 52.227858405000063 ], [ 6.161238629000025, 52.224306438000042 ], [ 6.164471130000038, 52.218426032000082 ], [ 6.167567607000024, 52.220434238000053 ], [ 6.164344483000036, 52.226049354000054 ], [ 6.166411500000038, 52.231044999000062 ], [ 6.171010774000024, 52.228272995000054 ], [ 6.187805605000051, 52.218150669000067 ], [ 6.190565804000073, 52.211006613000052 ], [ 6.182992031000026, 52.204245160000028 ], [ 6.171010774000024, 52.202091141000039 ], [ 6.159793604000072, 52.200074491000066 ], [ 6.157138240000052, 52.192991792000043 ], [ 6.171010774000024, 52.18693182700008 ], [ 6.190803698000025, 52.178285646000063 ], [ 6.192908500000044, 52.169902999000044 ], [ 6.190542500000049, 52.167114499000036 ], [ 6.186116500000026, 52.164024999000048 ], [ 6.18487, 52.161430499000062 ], [ 6.171010774000024, 52.161488301000077 ], [ 6.16042112100007, 52.161532467000029 ], [ 6.136158813000065, 52.158002263000071 ], [ 6.076091500000075, 52.143924499000036 ], [ 6.065365886000052, 52.156670537000082 ], [ 6.065761423000026, 52.164206298000067 ], [ 6.061218358000076, 52.173896927000044 ], [ 6.050275859000067, 52.185128977000034 ], [ 6.055271674000039, 52.198177594000072 ], [ 6.04706873400005, 52.220017749000078 ], [ 6.034364061000076, 52.224698563000061 ], [ 6.034813215000042, 52.232657887000073 ], [ 6.027573748000066, 52.241264060000049 ], [ 6.027317312000037, 52.248110108000049 ], [ 6.036582569000075, 52.26148908600004 ], [ 6.03657, 52.268565999000032 ] ] ] ] } },
{ "type": "Feature", "properties": { "GISCO_ID": "NL_GM0289", "CNTR_CODE": "NL", "LAU_ID": "GM0289", "LAU_NAME": "Wageningen", "cell_coverage": [ [ 0, 0, 0, 0.0005 ], [ 0.1365, 0.8577, 0.8115, 0.2253 ], [ 0.0797, 0.29, 0.0199, 0 ] ], "xmin": 5.5833333333333321, "xmax": 5.75, "ymin": 51.916666666666657, "ymax": 52.041666666666657 }, "geometry": { "type": "MultiPolygon", "coordinates": [ [ [ [ 5.605807500000026, 51.994159499000034 ], [ 5.613057854000033, 51.998997173000078 ], [ 5.619810718000053, 51.993508665000036 ], [ 5.662482884000042, 51.994519609000065 ], [ 5.677078408000057, 51.991408297000078 ], [ 5.724340500000039, 52.000594999000043 ], [ 5.717596434000029, 51.983390010000051 ], [ 5.720341819000055, 51.978952535000076 ], [ 5.714581082000052, 51.968707055000039 ], [ 5.722535500000049, 51.964103499000032 ], [ 5.718366, 51.963290999000037 ], [ 5.706846, 51.962848499000074 ], [ 5.683155500000055, 51.959426999000073 ], [ 5.67846650000007, 51.95834749900007 ], [ 5.669385500000033, 51.953686499000071 ], [ 5.665807, 51.952785499000072 ], [ 5.64611317400005, 51.952470446000063 ], [ 5.644381209000073, 51.94385939700004 ], [ 5.634713690000069, 51.936708957000064 ], [ 5.606011500000022, 51.943248499000049 ], [ 5.626922304000061, 51.954533295000033 ], [ 5.621392939000032, 51.966491624000071 ], [ 5.625290692000021, 51.973738170000047 ], [ 5.615894010000034, 51.982050038000068 ], [ 5.612558119000028, 51.99116855300008 ], [ 5.605807500000026, 51.994159499000034 ] ] ] ] } },
{ "type": "Feature", "properties": { "GISCO_ID": "NL_GM0293", "CNTR_CODE": "NL", "LAU_ID": "GM0293", "LAU_NAME": "Westervoort", "cell_coverage": [ [ 0.0348, 0.2324, 0.0023 ], [ 0.0403, 0.2636, 0 ] ], "xmin": 5.9166666666666643, "xmax": 6.0416666666666643, "ymin": 51.91666666666665, "ymax": 51.999999999999986 }, "geometry": { "type": "MultiPolygon", "coordinates": [ [ [ [ 5.965789500000028, 51.938838999000041 ], [ 5.961726, 51.938686499000028 ], [ 5.96098, 51.942107999000029 ], [ 5.959794500000044, 51.944522999000071 ], [ 5.956992500000069, 51.947551499000042 ], [ 5.950823, 51.952918999000076 ], [ 5.949436500000047, 51.956687999000053 ], [ 5.950288, 51.961276999000063 ], [ 5.951773500000058, 51.963611499000081 ], [ 5.954705500000046, 51.966521999000065 ], [ 5.960140500000023, 51.969867499000031 ], [ 5.96643, 51.971740499000077 ], [ 5.974215, 51.972579999000061 ], [ 5.980603, 51.973727999000062 ], [ 5.989966, 51.974403499000061 ], [ 5.993194, 51.975192999000058 ], [ 5.998108, 51.977023999000039 ], [ 5.999928500000067, 51.978164499000059 ], [ 6.001971, 51.98067499900003 ], [ 6.001764500000036, 51.977531499000065 ], [ 5.985087493000037, 51.971598664000055 ], [ 5.987166580000064, 51.961125216000028 ], [ 5.983658719000061, 51.943561457000044 ], [ 5.965789500000028, 51.938838999000041 ] ] ] ] } },
{ "type": "Feature", "properties": { "GISCO_ID": "NL_GM0294", "CNTR_CODE": "NL", "LAU_ID": "GM0294", "LAU_NAME": "Winterswijk", "cell_coverage": [ [ 0.1059, 0.7924, 0.8483, 0.4532, 0.0376 ], [ 0.398, 1, 1, 1, 0.7817 ], [ 0.5814, 0.9994, 1, 0.904, 0.0715 ], [ 0.0018, 0.0799, 0.3629, 0.0372, 0 ] ], "xmin": 6.625, "xmax": 6.833333333333333, "ymin": 51.875, "ymax": 52.041666666666657 }, "geometry": { "type": "MultiPolygon", "coordinates": [ [ [ [ 6.72106, 51.896488999000042 ], [ 6.69819633700007, 51.910356119000028 ], [ 6.694977317000053, 51.914825333000067 ], [ 6.682460803000026, 51.917152603000034 ], [ 6.668671500000073, 51.913827999000034 ], [ 6.662526614000058, 51.916981113000077 ], [ 6.657827121000025, 51.928929004000054 ], [ 6.644110042000023, 51.930183398000054 ], [ 6.633137175000059, 51.936785314000076 ], [ 6.63387737000005, 51.944933886000058 ], [ 6.630312642000035, 51.950778564000075 ], [ 6.639014, 51.962547499000038 ], [ 6.655245845000024, 51.976270660000068 ], [ 6.653018263000035, 51.996820706000051 ], [ 6.65679331900003, 52.013614118000078 ], [ 6.683498473000043, 52.029274022000038 ], [ 6.687726, 52.039898999000059 ], [ 6.71523068700003, 52.039592439000046 ], [ 6.750840047000054, 52.029149760000053 ], [ 6.762402724000026, 52.02321364200003 ], [ 6.809036810000066, 51.999272350000069 ], [ 6.811333582000032, 51.995055057000059 ], [ 6.826574, 51.993531999000027 ], [ 6.832194437000055, 51.973023018000049 ], [ 6.829336778000027, 51.965648118000047 ], [ 6.799544828000023, 51.95854855400006 ], [ 6.79578708300005, 51.939312791000077 ], [ 6.786924015000068, 51.928364273000057 ], [ 6.770446997000022, 51.916780116000041 ], [ 6.762402724000026, 51.914613933000055 ], [ 6.754105, 51.912379499000053 ], [ 6.751241956000058, 51.907675610000069 ], [ 6.743793, 51.905343499000026 ], [ 6.72106, 51.896488999000042 ] ] ] ] } },
{ "type": "Feature", "properties": { "GISCO_ID": "NL_GM0296", "CNTR_CODE": "NL", "LAU_ID": "GM0296", "LAU_NAME": "Wijchen", "cell_coverage": [ [ 0.0454, 0.617, 0.3562, 0.0837, 0.0014, 0 ], [ 0.1362, 0.5693, 0.9929, 1, 0.6833, 0.0299 ], [ 0, 0, 0.1032, 0.3577, 0.1862, 0.0009 ] ], "xmin": 5.5833333333333321, "xmax": 5.8333333333333321, "ymin": 51.75, "ymax": 51.875 }, "geometry": { "type": "MultiPolygon", "coordinates": [ [ [ [ 5.80097550000005, 51.795348999000055 ], [ 5.780232700000056, 51.78434646900007 ], [ 5.745805220000022, 51.780363685000054 ], [ 5.73437380200005, 51.77904122800004 ], [ 5.729744, 51.77289199900008 ], [ 5.726566500000047, 51.773910499000067 ], [ 5.721883500000047, 51.77480299900003 ], [ 5.711123500000042, 51.775001499000041 ], [ 5.706338500000072, 51.776118999000062 ], [ 5.703107, 51.777659999000036 ], [ 5.700759, 51.779491499000073 ], [ 5.697442, 51.784293999000056 ], [ 5.695226500000047, 51.786655499000062 ], [ 5.69279, 51.78835299900004 ], [ 5.689901, 51.789783499000066 ], [ 5.686915500000055, 51.790889499000059 ], [ 5.682384500000069, 51.791839499000048 ], [ 5.668945, 51.792823999000063 ], [ 5.664824, 51.793922499000075 ], [ 5.660025500000074, 51.796348499000032 ], [ 5.65561450000007, 51.799567999000033 ], [ 5.652333500000054, 51.802871499000048 ], [ 5.649863, 51.806251499000041 ], [ 5.64562, 51.814624999000046 ], [ 5.644062, 51.816211499000076 ], [ 5.64183950000006, 51.817622999000037 ], [ 5.63846650000005, 51.818912499000078 ], [ 5.634581500000024, 51.819564999000079 ], [ 5.630567, 51.819644999000047 ], [ 5.623545, 51.819141499000068 ], [ 5.618844, 51.819759499000043 ], [ 5.606476, 51.825237499000082 ], [ 5.597879500000033, 51.82808299900006 ], [ 5.606893355000068, 51.830113445000052 ], [ 5.609975, 51.836307499000043 ], [ 5.639190040000074, 51.844575506000069 ], [ 5.635600472000021, 51.85076706500007 ], [ 5.639321042000063, 51.856779956000082 ], [ 5.637325648000058, 51.866933067000048 ], [ 5.667780500000049, 51.865981999000041 ], [ 5.680470351000054, 51.856852103000051 ], [ 5.682572589000074, 51.84970614000008 ], [ 5.678101539000068, 51.845401525000057 ], [ 5.67950656000005, 51.843241781000074 ], [ 5.745805220000022, 51.834669808000058 ], [ 5.764706500000045, 51.832225999000059 ], [ 5.758976406000045, 51.824272690000043 ], [ 5.773262061000025, 51.821676695000065 ], [ 5.783110880000038, 51.807877489000077 ], [ 5.80097550000005, 51.795348999000055 ] ] ] ] } },
{ "type": "Feature", "properties": { "GISCO_ID": "NL_GM0299", "CNTR_CODE": "NL", "LAU_ID": "GM0299", "LAU_NAME": "Zevenaar", "cell_coverage": [ [ 0, 0.0015, 0.2257, 0, 0.0053, 0 ], [ 0, 0.4385, 0.7449, 0.6835, 0.3948, 0 ], [ 0, 0.0001, 0.7551, 0.4807, 0.0187, 0 ], [ 0.0348, 0.5536, 1, 0.9357, 0.3341, 0.0002 ], [ 0, 0.0023, 0.2336, 0.5929, 0.5766, 0 ] ], "xmin": 5.9583333333333321, "xmax": 6.2083333333333321, "ymin": 51.833333333333321, "ymax": 52.041666666666657 }, "geometry": { "type": "MultiPolygon", "coordinates": [ [ [ [ 6.063382500000046, 51.865443999000036 ], [ 6.054300500000068, 51.869155999000043 ], [ 6.046384500000045, 51.870868499000039 ], [ 6.042363500000022, 51.872581499000034 ], [ 6.03687750000006, 51.875514999000075 ], [ 6.033846, 51.87744899900008 ], [ 6.030739, 51.880050499000049 ], [ 6.027612, 51.884330499000043 ], [ 6.023768500000074, 51.89383699900003 ], [ 6.021647, 51.896598999000048 ], [ 6.019165, 51.898647499000049 ], [ 6.016196, 51.900439999000071 ], [ 6.013484500000061, 51.901599999000041 ], [ 6.010352524000041, 51.902579957000057 ], [ 6.002292, 51.905101999000067 ], [ 5.996924, 51.907352499000069 ], [ 5.991841, 51.90991199900003 ], [ 5.987213500000053, 51.913276499000062 ], [ 6.010352524000041, 51.915758835000076 ], [ 6.016660739000031, 51.916435575000037 ], [ 6.035317592000069, 51.914086699000052 ], [ 6.042358662000026, 51.917399479000039 ], [ 6.045992279000075, 51.924605826000061 ], [ 6.044944454000074, 51.92901074100007 ], [ 6.051218647000042, 51.932085760000064 ], [ 6.053509450000035, 51.940050622000058 ], [ 6.062152898000022, 51.947563079000076 ], [ 6.053803641000059, 51.953189537000071 ], [ 6.058943594000027, 51.960194663000038 ], [ 6.061160910000069, 51.973412604000032 ], [ 6.068010460000039, 51.978917754000065 ], [ 6.060305962000029, 51.981564761000072 ], [ 6.046149582000055, 51.980102410000029 ], [ 6.030220849000045, 51.971094707000077 ], [ 6.020227442000021, 51.978139949000081 ], [ 6.010352524000041, 51.977814519000049 ], [ 6.001764500000036, 51.977531499000065 ], [ 6.001971, 51.98067499900003 ], [ 6.004314500000021, 51.984821499000077 ], [ 6.006516, 51.991325499000027 ], [ 6.008737, 51.993667499000026 ], [ 6.010352524000041, 51.994728684000052 ], [ 6.032985678000045, 51.997249595000028 ], [ 6.041981081000074, 52.001768080000033 ], [ 6.04967173600005, 52.010448499000063 ], [ 6.064424605000056, 52.014450844000066 ], [ 6.076454683000065, 52.010099342000046 ], [ 6.078836219000038, 52.000606671000071 ], [ 6.086408784000071, 51.994298020000031 ], [ 6.09448573700007, 51.992848645000038 ], [ 6.109362500000032, 51.996318999000039 ], [ 6.137642600000049, 51.99710861300008 ], [ 6.150183391000041, 52.001493083000071 ], [ 6.160109, 51.999648999000044 ], [ 6.161918704000072, 51.991237460000036 ], [ 6.159817500000031, 51.980998999000064 ], [ 6.151748500000053, 51.980427499000029 ], [ 6.149579500000073, 51.980808499000034 ], [ 6.144724, 51.980479999000067 ], [ 6.129286010000044, 51.977829580000048 ], [ 6.120726033000039, 51.971197605000043 ], [ 6.107880263000027, 51.967223255000079 ], [ 6.091146911000067, 51.96713636100003 ], [ 6.091524909000043, 51.940390968000031 ], [ 6.135166714000036, 51.917131104000077 ], [ 6.151155434000032, 51.909779240000034 ], [ 6.156314819000045, 51.910130464000076 ], [ 6.167766, 51.90080449900006 ], [ 6.154585113000053, 51.904474729000071 ], [ 6.128232899000068, 51.899231275000034 ], [ 6.118429439000067, 51.900423354000054 ], [ 6.109084619000043, 51.893665842000075 ], [ 6.135017983000068, 51.885816720000037 ], [ 6.146301144000063, 51.869455479000067 ], [ 6.163401710000073, 51.861670581000055 ], [ 6.166407500000048, 51.840834499000039 ], [ 6.141859540000041, 51.846266914000068 ], [ 6.097199065000041, 51.850025043000073 ], [ 6.063382500000046, 51.865443999000036 ] ] ] ] } },
{ "type": "Feature", "properties": { "GISCO_ID": "NL_GM0301", "CNTR_CODE": "NL", "LAU_ID": "GM0301", "LAU_NAME": "Zutphen", "cell_coverage": [ [ 0, 0.005, 0, 0, 0 ], [ 0.1597, 0.7037, 0.7024, 0.5661, 0.3853 ], [ 0, 0.127, 0.4024, 0.2063, 0 ] ], "xmin": 6.125, "xmax": 6.333333333333333, "ymin": 52.083333333333321, "ymax": 52.208333333333321 }, "geometry": { "type": "MultiPolygon", "coordinates": [ [ [ [ 6.217916, 52.097865999000078 ], [ 6.216713498000047, 52.104799876000072 ], [ 6.212004121000064, 52.110723958000051 ], [ 6.188795249000066, 52.116970059000039 ], [ 6.182330358000058, 52.133942891000061 ], [ 6.171010774000024, 52.144887845000028 ], [ 6.149378956000021, 52.14428033300004 ], [ 6.140773885000044, 52.148764497000059 ], [ 6.142903672000045, 52.154967715000055 ], [ 6.148538320000057, 52.157623028000046 ], [ 6.171010774000024, 52.154202309000027 ], [ 6.18031435000006, 52.152786135000042 ], [ 6.18487, 52.161430499000062 ], [ 6.186116500000026, 52.164024999000048 ], [ 6.190542500000049, 52.167114499000036 ], [ 6.192908500000044, 52.169902999000044 ], [ 6.197503112000049, 52.164059087000055 ], [ 6.207791781000026, 52.165802470000074 ], [ 6.223956818000033, 52.154615583000066 ], [ 6.23416760300006, 52.155205300000034 ], [ 6.239406523000071, 52.146488636000072 ], [ 6.322839427000076, 52.152197345000047 ], [ 6.328283500000055, 52.137714499000026 ], [ 6.279387734000068, 52.122309150000035 ], [ 6.269486529000062, 52.11206075900003 ], [ 6.257207731000051, 52.11054415600006 ], [ 6.236083201000042, 52.113109462000068 ], [ 6.223397178000027, 52.106339246000061 ], [ 6.22350429100004, 52.100652804000049 ], [ 6.217916, 52.097865999000078 ] ] ], [ [ [ 6.214463370000033, 52.095544768000082 ], [ 6.220377965000068, 52.09584906300006 ], [ 6.220509415000038, 52.090826161000052 ], [ 6.215747211000064, 52.090910629000064 ], [ 6.214463370000033, 52.095544768000082 ] ] ] ] } },
{ "type": "Feature", "properties": { "GISCO_ID": "NL_GM0302", "CNTR_CODE": "NL", "LAU_ID": "GM0302", "LAU_NAME": "Nunspeet", "cell_coverage": [ [ 0.1077, 0.4857, 0.6021, 0.5026, 0.022, 0 ], [ 0.2315, 0.9906, 1, 1, 0.7797, 0.0146 ], [ 0.0013, 0.3129, 1, 1, 0.5576, 0.0029 ], [ 0, 0.017, 0.5018, 0.4981, 0.2061, 0 ] ], "xmin": 5.6666666666666643, "xmax": 5.9166666666666643, "ymin": 52.25, "ymax": 52.416666666666657 }, "geometry": { "type": "MultiPolygon", "coordinates": [ [ [ [ 5.850859, 52.268687499000066 ], [ 5.842584, 52.26715099900008 ], [ 5.829798500000038, 52.271278499000061 ], [ 5.821815, 52.272605999000064 ], [ 5.817235500000038, 52.272155999000063 ], [ 5.814257500000053, 52.270877999000049 ], [ 5.809647, 52.27017599900006 ], [ 5.80238, 52.27043149900004 ], [ 5.797436, 52.269675999000071 ], [ 5.792542, 52.270141499000033 ], [ 5.779916, 52.270583999000053 ], [ 5.751284500000054, 52.269542499000067 ], [ 5.749514, 52.268344999000078 ], [ 5.748798116000046, 52.272139928000058 ], [ 5.754910924000058, 52.280395048000059 ], [ 5.745805220000022, 52.288091914000063 ], [ 5.745125140000027, 52.288666771000067 ], [ 5.744024158000059, 52.296084668000049 ], [ 5.745805220000022, 52.302662505000058 ], [ 5.749632306000024, 52.316796740000029 ], [ 5.745805220000022, 52.317819389000078 ], [ 5.706153, 52.328414999000074 ], [ 5.712082455000029, 52.332256961000041 ], [ 5.711385776000043, 52.337307311000075 ], [ 5.706011782000076, 52.340981079000073 ], [ 5.699336255000048, 52.353142573000071 ], [ 5.699052749000032, 52.35923968600008 ], [ 5.678668, 52.378818999000032 ], [ 5.69699832200007, 52.38166035200004 ], [ 5.717699314000072, 52.389108065000073 ], [ 5.731796090000046, 52.39639601600004 ], [ 5.731386340000029, 52.401538650000077 ], [ 5.740341229000023, 52.399335158000042 ], [ 5.745805220000022, 52.402101879000043 ], [ 5.756069, 52.407298999000034 ], [ 5.763037743000041, 52.399971022000045 ], [ 5.771534745000054, 52.396126266000067 ], [ 5.786314186000027, 52.399438788000055 ], [ 5.792694638000057, 52.397514951000062 ], [ 5.809857731000022, 52.402076424000029 ], [ 5.816190268000071, 52.400945249000074 ], [ 5.823554835000039, 52.389475437000044 ], [ 5.862357183000029, 52.361479398000029 ], [ 5.869031957000061, 52.361326717000054 ], [ 5.870964500000071, 52.361343499000043 ], [ 5.875980500000026, 52.357990499000039 ], [ 5.872835500000065, 52.355552499000055 ], [ 5.869031957000061, 52.353667131000066 ], [ 5.864778, 52.351558499000078 ], [ 5.869031957000061, 52.347536081000044 ], [ 5.880504220000034, 52.335310982000067 ], [ 5.876299393000068, 52.331931342000075 ], [ 5.874934127000074, 52.328681592000066 ], [ 5.869031957000061, 52.32213949100003 ], [ 5.841312387000073, 52.303516800000068 ], [ 5.845867164000026, 52.287633791000076 ], [ 5.850972532000071, 52.28079925600008 ], [ 5.848741436000068, 52.274659685000074 ], [ 5.850859, 52.268687499000066 ] ] ] ] } },
{ "type": "Feature", "properties": { "GISCO_ID": "NL_GM0303", "CNTR_CODE": "NL", "LAU_ID": "GM0303", "LAU_NAME": "Dronten", "cell_coverage": [ [ 0.1975, 0.6754, 0.5057, 0.0593, 0, 0, 0, 0, 0 ], [ 0, 0.3629, 1, 0.8603, 0.6645, 0.626, 0.402, 0, 0 ], [ 0, 0.0162, 0.9322, 1, 1, 1, 0.9838, 0.8195, 0.2012 ], [ 0, 0, 0.8392, 1, 1, 1, 1, 1, 0.6525 ], [ 0, 0.1092, 0.8172, 1, 1, 1, 1, 0.9267, 0.2379 ], [ 0, 0.1458, 0.9977, 1, 1, 1, 0.9587, 0.3768, 0 ], [ 0, 0, 0.3012, 1, 0.8795, 0.5143, 0.0911, 0, 0 ], [ 0, 0, 0.0489, 0.157, 0.0028, 0, 0, 0, 0 ] ], "xmin": 5.5, "xmax": 5.875, "ymin": 52.333333333333321, "ymax": 52.666666666666657 }, "geometry": { "type": "MultiPolygon", "coordinates": [ [ [ [ 5.864311, 52.518169499000066 ], [ 5.862877, 52.513526999000078 ], [ 5.856699, 52.499805499000047 ], [ 5.851011, 52.495391999000049 ], [ 5.847815, 52.484958499000072 ], [ 5.845569500000067, 52.480319999000073 ], [ 5.845592500000066, 52.478202999000075 ], [ 5.840257, 52.471057999000038 ], [ 5.831386, 52.473399999000037 ], [ 5.815609, 52.455215499000076 ], [ 5.822412, 52.449706999000057 ], [ 5.809588, 52.437659999000061 ], [ 5.811476, 52.436923999000044 ], [ 5.810012500000028, 52.435725999000056 ], [ 5.806899500000043, 52.434108499000047 ], [ 5.804331500000046, 52.432147999000051 ], [ 5.792569, 52.426242999000067 ], [ 5.787258, 52.422572999000067 ], [ 5.783055500000046, 52.421020499000065 ], [ 5.768676, 52.413196499000037 ], [ 5.756069, 52.407298999000034 ], [ 5.745805220000022, 52.402101879000043 ], [ 5.740341229000023, 52.399335158000042 ], [ 5.731386340000029, 52.401538650000077 ], [ 5.731796090000046, 52.39639601600004 ], [ 5.717699314000072, 52.389108065000073 ], [ 5.69699832200007, 52.38166035200004 ], [ 5.678668, 52.378818999000032 ], [ 5.653696156000024, 52.366286364000075 ], [ 5.643588437000062, 52.370308432000058 ], [ 5.620749500000045, 52.364131999000051 ], [ 5.612845740000068, 52.375496673000043 ], [ 5.622313272000042, 52.407683834000068 ], [ 5.589011500000026, 52.411193999000034 ], [ 5.567807733000052, 52.435136175000082 ], [ 5.585272871000029, 52.448182972000041 ], [ 5.566590252000026, 52.469771096000045 ], [ 5.604724643000054, 52.484654343000045 ], [ 5.591903389000038, 52.499718919000031 ], [ 5.588967074000038, 52.509947128000078 ], [ 5.590956921000043, 52.516364365000072 ], [ 5.587013687000024, 52.563962214000071 ], [ 5.575793645000033, 52.588935560000039 ], [ 5.563988679000033, 52.615210820000073 ], [ 5.511294500000076, 52.663554999000041 ], [ 5.592997500000024, 52.649321999000051 ], [ 5.607636500000069, 52.64931449900007 ], [ 5.622559500000023, 52.634708999000054 ], [ 5.627601500000026, 52.63676999900008 ], [ 5.64854310100003, 52.617100032000053 ], [ 5.658621784000047, 52.612136031000034 ], [ 5.745805220000022, 52.60877318200005 ], [ 5.777970500000038, 52.607532499000058 ], [ 5.778351734000069, 52.588935560000039 ], [ 5.778499099000044, 52.581746968000061 ], [ 5.812099888000034, 52.578931498000031 ], [ 5.852641751000021, 52.552424516000031 ], [ 5.864311, 52.518169499000066 ] ] ] ] } },
{ "type": "Feature", "properties": { "GISCO_ID": "NL_GM0307", "CNTR_CODE": "NL", "LAU_ID": "GM0307", "LAU_NAME": "Amersfoort", "cell_coverage": [ [ 0.0163, 0.0707, 0.1108, 0.0269, 0 ], [ 0.2125, 0.8944, 0.9882, 0.5621, 0.005 ], [ 0.0195, 0.7824, 0.7052, 0.215, 0.1826 ], [ 0.086, 0.0096, 0, 0, 0 ] ], "xmin": 5.2916666666666643, "xmax": 5.5, "ymin": 52.083333333333321, "ymax": 52.25 }, "geometry": { "type": "MultiPolygon", "coordinates": [ [ [ [ 5.330528, 52.214683499000046 ], [ 5.359626424000055, 52.210493701000075 ], [ 5.391110572000059, 52.20596039000003 ], [ 5.395557500000052, 52.219341499000052 ], [ 5.406165459000022, 52.214460710000026 ], [ 5.411791064000056, 52.217425522000042 ], [ 5.438842580000028, 52.204298485000038 ], [ 5.438671292000038, 52.184855050000067 ], [ 5.442420003000052, 52.16959717900005 ], [ 5.479895500000055, 52.165809499000034 ], [ 5.474076837000041, 52.163098097000045 ], [ 5.483625322000023, 52.157804570000053 ], [ 5.481513, 52.150539499000047 ], [ 5.459366417000069, 52.153255917000081 ], [ 5.441524083000047, 52.161245024000038 ], [ 5.424183609000067, 52.15759483800008 ], [ 5.397982439000032, 52.134430470000041 ], [ 5.373797351000064, 52.131189972000072 ], [ 5.359626424000055, 52.134899637000046 ], [ 5.355248771000049, 52.136045620000061 ], [ 5.334642362000068, 52.120982259000073 ], [ 5.310815, 52.108611999000061 ], [ 5.306498500000032, 52.110317499000075 ], [ 5.331210364000071, 52.12747655000004 ], [ 5.331528529000025, 52.137286480000057 ], [ 5.338354503000062, 52.157633133000047 ], [ 5.343755044000034, 52.161451186000079 ], [ 5.348956985000029, 52.174391465000042 ], [ 5.336648720000028, 52.18225161600003 ], [ 5.325313317000052, 52.182816197000079 ], [ 5.32198093300002, 52.189316318000067 ], [ 5.310938899000064, 52.192180439000026 ], [ 5.310086347000038, 52.195327186000043 ], [ 5.314527, 52.202972499000055 ], [ 5.330692, 52.203387999000029 ], [ 5.327855500000055, 52.209220999000081 ], [ 5.328934500000059, 52.212581499000066 ], [ 5.330528, 52.214683499000046 ] ] ] ] } },
{ "type": "Feature", "properties": { "GISCO_ID": "NL_GM0308", "CNTR_CODE": "NL", "LAU_ID": "GM0308", "LAU_NAME": "Baarn", "cell_coverage": [ [ 0.2779, 0.3775, 0.419, 0.0011 ], [ 0.7629, 0.5049, 0.1394, 0 ], [ 0.0016, 0, 0, 0 ] ], "xmin": 5.2083333333333321, "xmax": 5.375, "ymin": 52.125, "ymax": 52.25 }, "geometry": { "type": "MultiPolygon", "coordinates": [ [ [ [ 5.243134, 52.170039999000039 ], [ 5.237060417000066, 52.170534037000039 ], [ 5.234769741000036, 52.167456504000029 ], [ 5.224969500000043, 52.165687499000057 ], [ 5.221032859000047, 52.177167071000042 ], [ 5.21275554500005, 52.177490318000082 ], [ 5.215529, 52.20426549900003 ], [ 5.218925, 52.212199999000063 ], [ 5.224596, 52.225196999000048 ], [ 5.25954770200002, 52.224339934000056 ], [ 5.299224876000039, 52.22336699300007 ], [ 5.307850314000063, 52.219816772000058 ], [ 5.312862992000021, 52.222823869000081 ], [ 5.307890393000037, 52.229829043000052 ], [ 5.312376500000028, 52.232894999000052 ], [ 5.334356912000032, 52.227606683000033 ], [ 5.330528, 52.214683499000046 ], [ 5.328934500000059, 52.212581499000066 ], [ 5.327855500000055, 52.209220999000081 ], [ 5.330692, 52.203387999000029 ], [ 5.314527, 52.202972499000055 ], [ 5.308749127000056, 52.203790799000046 ], [ 5.269684201000075, 52.188141462000033 ], [ 5.25954770200002, 52.18123057400004 ], [ 5.243134, 52.170039999000039 ] ] ] ] } },
{ "type": "Feature", "properties": { "GISCO_ID": "NL_GM0310", "CNTR_CODE": "NL", "LAU_ID": "GM0310", "LAU_NAME": "De Bilt", "cell_coverage": [ [ 0.0721, 0.3194, 0.3693, 0.1626 ], [ 0.352, 0.9962, 1, 0.4501 ], [ 0, 0.2503, 0.8312, 0.2187 ] ], "xmin": 5.0833333333333321, "xmax": 5.25, "ymin": 52.083333333333321, "ymax": 52.208333333333321 }, "geometry": { "type": "MultiPolygon", "coordinates": [ [ [ [ 5.192738500000075, 52.086074999000061 ], [ 5.183588078000071, 52.093551045000027 ], [ 5.160133511000026, 52.095417632000078 ], [ 5.157152069000063, 52.098920286000066 ], [ 5.160834952000073, 52.107223021000038 ], [ 5.150551238000048, 52.111546536000048 ], [ 5.146848415000022, 52.119634685000051 ], [ 5.107088, 52.133258999000077 ], [ 5.12069850000006, 52.145679499000039 ], [ 5.094820500000026, 52.155311499000049 ], [ 5.118672500000059, 52.172298499000078 ], [ 5.115395, 52.179877999000041 ], [ 5.12162950000004, 52.180965499000081 ], [ 5.124134, 52.180877499000076 ], [ 5.191603111000063, 52.178065849000063 ], [ 5.215529, 52.20426549900003 ], [ 5.21275554500005, 52.177490318000082 ], [ 5.221032859000047, 52.177167071000042 ], [ 5.224969500000043, 52.165687499000057 ], [ 5.230103123000049, 52.117614343000071 ], [ 5.219282901000042, 52.113510893000068 ], [ 5.221302968000032, 52.104550852000045 ], [ 5.211584001000062, 52.100680390000036 ], [ 5.206940139000039, 52.086517637000043 ], [ 5.192738500000075, 52.086074999000061 ] ] ] ] } },
{ "type": "Feature", "properties": { "GISCO_ID": "NL_GM0312", "CNTR_CODE": "NL", "LAU_ID": "GM0312", "LAU_NAME": "Bunnik", "cell_coverage": [ [ 0.1723, 0.8081, 0.4958, 0.005 ], [ 0, 0.1425, 0.7946, 0.4213 ], [ 0, 0, 0.0032, 0.0018 ] ], "xmin": 5.125, "xmax": 5.291666666666667, "ymin": 51.958333333333321, "ymax": 52.083333333333321 }, "geometry": { "type": "MultiPolygon", "coordinates": [ [ [ [ 5.25954770200002, 52.032245662000037 ], [ 5.269276657000034, 52.02865229400004 ], [ 5.264521235000075, 52.02355970900004 ], [ 5.272396227000058, 52.014595080000049 ], [ 5.279838500000039, 52.010726999000042 ], [ 5.273829424000041, 51.998585287000026 ], [ 5.264846342000055, 52.002161803000035 ], [ 5.25954770200002, 52.001335495000035 ], [ 5.24318, 51.998782999000071 ], [ 5.225016594000067, 52.013092186000051 ], [ 5.20338046300003, 52.017672029000039 ], [ 5.199925378000046, 52.032023618000039 ], [ 5.191022935000035, 52.036490878000052 ], [ 5.190110914000059, 52.043103169000062 ], [ 5.161254798000073, 52.045950293000033 ], [ 5.152965, 52.056735999000068 ], [ 5.157061552000073, 52.05905658000006 ], [ 5.158479890000024, 52.066686391000076 ], [ 5.156358426000054, 52.071390053000073 ], [ 5.161034224000048, 52.078513987000065 ], [ 5.195201, 52.077335499000071 ], [ 5.223096499000064, 52.065583758000059 ], [ 5.221930019000069, 52.059816980000051 ], [ 5.247415500000045, 52.058616499000038 ], [ 5.250954774000036, 52.053557740000031 ], [ 5.250349791000076, 52.040728806000061 ], [ 5.257084963000068, 52.037792598000067 ], [ 5.259075455000072, 52.032420085000069 ], [ 5.25954770200002, 52.032245662000037 ] ] ] ] } },
{ "type": "Feature", "properties": { "GISCO_ID": "NL_GM0313", "CNTR_CODE": "NL", "LAU_ID": "GM0313", "LAU_NAME": "Bunschoten", "cell_coverage": [ [ 0.1257, 0.6772, 0.1418 ], [ 0.2475, 0.9282, 0.5394 ], [ 0, 5.6671e-06, 0.0118 ] ], "xmin": 5.2916666666666643, "xmax": 5.4166666666666643, "ymin": 52.166666666666657, "ymax": 52.291666666666657 }, "geometry": { "type": "MultiPolygon", "coordinates": [ [ [ [ 5.404633, 52.249629999000035 ], [ 5.393278, 52.220676499000035 ], [ 5.395557500000052, 52.219341499000052 ], [ 5.391110572000059, 52.20596039000003 ], [ 5.359626424000055, 52.210493701000075 ], [ 5.330528, 52.214683499000046 ], [ 5.334356912000032, 52.227606683000033 ], [ 5.312376500000028, 52.232894999000052 ], [ 5.311758898000051, 52.248330630000055 ], [ 5.314707533000046, 52.251690425000049 ], [ 5.327650300000073, 52.255494853000073 ], [ 5.323175928000069, 52.263402197000062 ], [ 5.339564500000051, 52.287730999000075 ], [ 5.359626424000055, 52.275983696000026 ], [ 5.404633, 52.249629999000035 ] ] ] ] } },
{ "type": "Feature", "properties": { "GISCO_ID": "NL_GM0317", "CNTR_CODE": "NL", "LAU_ID": "GM0317", "LAU_NAME": "Eemnes", "cell_coverage": [ [ 0.0327, 0.6526, 0.6308, 0.022 ], [ 0.2504, 0.6225, 0.3172, 0 ] ], "xmin": 5.2083333333333321, "xmax": 5.375, "ymin": 52.208333333333321, "ymax": 52.291666666666657 }, "geometry": { "type": "MultiPolygon", "coordinates": [ [ [ [ 5.25954770200002, 52.224339934000056 ], [ 5.224596, 52.225196999000048 ], [ 5.244038500000045, 52.254619499000057 ], [ 5.25954770200002, 52.273916 ], [ 5.265988, 52.281928999000058 ], [ 5.305892500000027, 52.27728249900008 ], [ 5.335462, 52.290218499000048 ], [ 5.339564500000051, 52.287730999000075 ], [ 5.323175928000069, 52.263402197000062 ], [ 5.327650300000073, 52.255494853000073 ], [ 5.314707533000046, 52.251690425000049 ], [ 5.311758898000051, 52.248330630000055 ], [ 5.312376500000028, 52.232894999000052 ], [ 5.307890393000037, 52.229829043000052 ], [ 5.312862992000021, 52.222823869000081 ], [ 5.307850314000063, 52.219816772000058 ], [ 5.299224876000039, 52.22336699300007 ], [ 5.25954770200002, 52.224339934000056 ] ] ] ] } },
{ "type": "Feature", "properties": { "GISCO_ID": "NL_GM0321", "CNTR_CODE": "NL", "LAU_ID": "GM0321", "LAU_NAME": "Houten", "cell_coverage": [ [ 0, 0.2442, 0.0351, 0, 0 ], [ 0.0315, 0.9879, 0.8575, 0.2054, 0 ], [ 0.0025, 0.4082, 0.8495, 0.6762, 0.1254 ] ], "xmin": 5.0833333333333321, "xmax": 5.2916666666666652, "ymin": 51.958333333333321, "ymax": 52.083333333333321 }, "geometry": { "type": "MultiPolygon", "coordinates": [ [ [ [ 5.25954770200002, 51.984412620000057 ], [ 5.269946534000042, 51.980860713000027 ], [ 5.25954770200002, 51.973202368000045 ], [ 5.256387500000073, 51.970874999000046 ], [ 5.245001385000023, 51.978009223000072 ], [ 5.236104582000053, 51.978410318000044 ], [ 5.23020464800004, 51.975484157000039 ], [ 5.219115875000057, 51.963720282000054 ], [ 5.206605687000035, 51.959556010000028 ], [ 5.194339601000024, 51.961331666000035 ], [ 5.179851, 51.967605499000058 ], [ 5.175843, 51.968895499000041 ], [ 5.172442, 51.96960449900007 ], [ 5.168918, 51.970062499000051 ], [ 5.16099550000007, 51.970470499000044 ], [ 5.156577500000026, 51.971145499000045 ], [ 5.151071500000057, 51.973048999000071 ], [ 5.147793500000034, 51.975433499000076 ], [ 5.144915500000025, 51.979758999000069 ], [ 5.141727500000059, 51.991149999000072 ], [ 5.139673500000072, 51.993900499000063 ], [ 5.137483, 51.995345999000051 ], [ 5.134269, 51.996581999000057 ], [ 5.119566, 51.999782499000048 ], [ 5.127960925000025, 52.024549562000061 ], [ 5.122471273000031, 52.031606187000079 ], [ 5.128790351000021, 52.047913448000031 ], [ 5.125468828000066, 52.050913209000043 ], [ 5.12685, 52.054919999000049 ], [ 5.145856, 52.05260849900003 ], [ 5.150178, 52.055759499000033 ], [ 5.152965, 52.056735999000068 ], [ 5.161254798000073, 52.045950293000033 ], [ 5.190110914000059, 52.043103169000062 ], [ 5.191022935000035, 52.036490878000052 ], [ 5.199925378000046, 52.032023618000039 ], [ 5.20338046300003, 52.017672029000039 ], [ 5.225016594000067, 52.013092186000051 ], [ 5.24318, 51.998782999000071 ], [ 5.253007364000041, 51.99371846400004 ], [ 5.255560698000068, 51.985774453000033 ], [ 5.25954770200002, 51.984412620000057 ] ] ] ] } },
{ "type": "Feature", "properties": { "GISCO_ID": "NL_GM0331", "CNTR_CODE": "NL", "LAU_ID": "GM0331", "LAU_NAME": "Lopik", "cell_coverage": [ [ 0, 0.1453, 0.3092, 0.462, 0.4151, 0.0139 ], [ 0.5242, 0.9997, 0.9433, 0.7738, 0.644, 0.1436 ], [ 0.0233, 0.4314, 0.0825, 0, 0, 0 ] ], "xmin": 4.8333333333333321, "xmax": 5.0833333333333321, "ymin": 51.916666666666657, "ymax": 52.041666666666657 }, "geometry": { "type": "MultiPolygon", "coordinates": [ [ [ [ 4.959697281000047, 51.960517499000048 ], [ 4.947671160000027, 51.96388354100003 ], [ 4.939202722000061, 51.963060893000034 ], [ 4.926236, 51.950690999000074 ], [ 4.923636, 51.947829999000078 ], [ 4.920599, 51.945674999000062 ], [ 4.917138500000021, 51.943801999000073 ], [ 4.913231, 51.942489499000033 ], [ 4.895151500000054, 51.939807999000038 ], [ 4.877899500000069, 51.937835499000073 ], [ 4.871346374000041, 51.953888676000076 ], [ 4.861025639000047, 51.966953844000045 ], [ 4.844276429000047, 51.97644295200007 ], [ 4.835227, 51.986175499000069 ], [ 4.907405323000035, 52.010252630000082 ], [ 4.919857500000035, 52.010158499000056 ], [ 4.959697281000047, 52.016268457000081 ], [ 4.995201500000064, 52.021713499000043 ], [ 5.020087746000058, 52.025046896000049 ], [ 5.033934889000022, 52.004843837000067 ], [ 5.043134025000029, 52.004879603000063 ], [ 5.062776500000041, 51.991050499000039 ], [ 5.042757480000034, 51.980542477000029 ], [ 5.031136820000029, 51.969397835000052 ], [ 5.020315180000068, 51.97005678000005 ], [ 5.005169319000061, 51.976863951000041 ], [ 4.995682115000022, 51.976974036000058 ], [ 4.987419311000053, 51.973387284000069 ], [ 4.969959589000041, 51.960421061000034 ], [ 4.960941883000032, 51.960169142000041 ], [ 4.959697281000047, 51.960517499000048 ] ] ] ] } },
{ "type": "Feature", "properties": { "GISCO_ID": "NL_GM0335", "CNTR_CODE": "NL", "LAU_ID": "GM0335", "LAU_NAME": "Montfoort", "cell_coverage": [ [ 0.0202, 0.4533, 0.7928, 0.5064, 0.0794 ], [ 0, 0.0374, 0.6561, 0.3766, 0 ] ], "xmin": 4.8333333333333321, "xmax": 5.0416666666666652, "ymin": 51.999999999999986, "ymax": 52.083333333333321 }, "geometry": { "type": "MultiPolygon", "coordinates": [ [ [ [ 4.995201500000064, 52.021713499000043 ], [ 4.959697281000047, 52.016268457000081 ], [ 4.919857500000035, 52.010158499000056 ], [ 4.907750380000039, 52.024427615000036 ], [ 4.921198047000075, 52.025953620000053 ], [ 4.925536729000044, 52.028965157000073 ], [ 4.912766971000053, 52.039629637000075 ], [ 4.914848611000025, 52.045897061000062 ], [ 4.906343586000048, 52.052858893000064 ], [ 4.894026588000031, 52.049320370000032 ], [ 4.868229, 52.063510999000073 ], [ 4.873181, 52.068732999000076 ], [ 4.902442077000046, 52.070726376000039 ], [ 4.935388794000062, 52.079061901000046 ], [ 4.959697281000047, 52.066377734000071 ], [ 4.999456500000065, 52.066165999000077 ], [ 5.016999500000054, 52.061134499000048 ], [ 5.010215390000042, 52.054542144000038 ], [ 4.991075540000054, 52.052072863000035 ], [ 4.979329137000036, 52.038957461000052 ], [ 4.982871071000034, 52.029170565000072 ], [ 4.993273514000066, 52.028999239000029 ], [ 4.995201500000064, 52.021713499000043 ] ] ] ] } },
{ "type": "Feature", "properties": { "GISCO_ID": "NL_GM0339", "CNTR_CODE": "NL", "LAU_ID": "GM0339", "LAU_NAME": "Renswoude", "cell_coverage": [ [ 0, 0.085, 0.1528 ], [ 0.0257, 0.7596, 0.3735 ], [ 0, 0.0038, 0 ] ], "xmin": 5.4583333333333321, "xmax": 5.5833333333333321, "ymin": 51.999999999999986, "ymax": 52.125 }, "geometry": { "type": "MultiPolygon", "coordinates": [ [ [ [ 5.550346500000046, 52.10543799900006 ], [ 5.55342452900004, 52.100698202000046 ], [ 5.551894240000024, 52.096706872000027 ], [ 5.562285239000062, 52.078181451000034 ], [ 5.558061, 52.048846999000034 ], [ 5.545381205000069, 52.048930288000065 ], [ 5.539802430000066, 52.04282973800008 ], [ 5.529086, 52.040126999000051 ], [ 5.517686238000067, 52.047206945000028 ], [ 5.514252265000039, 52.054387130000066 ], [ 5.497881500000062, 52.05697249900004 ], [ 5.496476, 52.071552499000063 ], [ 5.510723987000063, 52.07866832600007 ], [ 5.523105773000054, 52.078393386000073 ], [ 5.529830357000037, 52.082592550000072 ], [ 5.529124973000023, 52.087668178000058 ], [ 5.537682785000072, 52.091393234000066 ], [ 5.537952699000073, 52.097623756000075 ], [ 5.531503, 52.102256999000076 ], [ 5.541512500000067, 52.103732999000044 ], [ 5.544015500000057, 52.101943999000071 ], [ 5.546362500000043, 52.102458999000078 ], [ 5.54524, 52.104499499000042 ], [ 5.550346500000046, 52.10543799900006 ] ] ] ] } },
{ "type": "Feature", "properties": { "GISCO_ID": "NL_GM0340", "CNTR_CODE": "NL", "LAU_ID": "GM0340", "LAU_NAME": "Rhenen", "cell_coverage": [ [ 0.0017, 0.3016, 0.0416, 0.0379, 0 ], [ 0.1466, 0.6793, 0.9686, 0.7971, 0.0001 ], [ 0, 0, 0.075, 0.2469, 0.0029 ] ], "xmin": 5.4583333333333321, "xmax": 5.6666666666666652, "ymin": 51.916666666666657, "ymax": 52.041666666666657 }, "geometry": { "type": "MultiPolygon", "coordinates": [ [ [ [ 5.606011500000022, 51.943248499000049 ], [ 5.601046500000052, 51.94505699900003 ], [ 5.592587, 51.94916149900007 ], [ 5.586777500000039, 51.950698999000053 ], [ 5.559722719000035, 51.955143159000045 ], [ 5.536112314000036, 51.968329593000078 ], [ 5.512110231000065, 51.973252370000068 ], [ 5.487812486000053, 51.983273972000063 ], [ 5.477736500000049, 51.983438999000043 ], [ 5.479279953000059, 51.988498073000073 ], [ 5.48425455000006, 51.988779280000074 ], [ 5.489456277000045, 51.995030400000076 ], [ 5.495487418000039, 51.997038719000045 ], [ 5.512508500000024, 52.018501499000081 ], [ 5.531078629000035, 52.012808160000077 ], [ 5.551383471000065, 51.999937356000032 ], [ 5.559012901000074, 52.002607668000053 ], [ 5.569994758000064, 51.997492485000066 ], [ 5.589528, 52.00940349900003 ], [ 5.593055414000048, 52.000993313000038 ], [ 5.605807500000026, 51.994159499000034 ], [ 5.612558119000028, 51.99116855300008 ], [ 5.615894010000034, 51.982050038000068 ], [ 5.625290692000021, 51.973738170000047 ], [ 5.621392939000032, 51.966491624000071 ], [ 5.626922304000061, 51.954533295000033 ], [ 5.606011500000022, 51.943248499000049 ] ] ] ] } },
{ "type": "Feature", "properties": { "GISCO_ID": "NL_GM0342", "CNTR_CODE": "NL", "LAU_ID": "GM0342", "LAU_NAME": "Soest", "cell_coverage": [ [ 0.0207, 0.4951, 0.6481, 0.1056 ], [ 0.0125, 0.8711, 0.9805, 0.0731 ], [ 0, 0.0971, 0.2007, 0 ] ], "xmin": 5.2083333333333321, "xmax": 5.375, "ymin": 52.083333333333321, "ymax": 52.208333333333321 }, "geometry": { "type": "MultiPolygon", "coordinates": [ [ [ [ 5.25954770200002, 52.131797772000027 ], [ 5.256308500000046, 52.136302999000065 ], [ 5.254929, 52.138866499000073 ], [ 5.256766, 52.143035999000062 ], [ 5.254928, 52.149223999000071 ], [ 5.243134, 52.170039999000039 ], [ 5.25954770200002, 52.18123057400004 ], [ 5.269684201000075, 52.188141462000033 ], [ 5.308749127000056, 52.203790799000046 ], [ 5.314527, 52.202972499000055 ], [ 5.310086347000038, 52.195327186000043 ], [ 5.310938899000064, 52.192180439000026 ], [ 5.32198093300002, 52.189316318000067 ], [ 5.325313317000052, 52.182816197000079 ], [ 5.336648720000028, 52.18225161600003 ], [ 5.348956985000029, 52.174391465000042 ], [ 5.343755044000034, 52.161451186000079 ], [ 5.338354503000062, 52.157633133000047 ], [ 5.331528529000025, 52.137286480000057 ], [ 5.331210364000071, 52.12747655000004 ], [ 5.306498500000032, 52.110317499000075 ], [ 5.298879, 52.111610499000051 ], [ 5.291713500000071, 52.114463999000066 ], [ 5.282166, 52.112067999000033 ], [ 5.271886, 52.127158999000073 ], [ 5.264347500000042, 52.125121999000044 ], [ 5.25954770200002, 52.131797772000027 ] ] ] ] } },
{ "type": "Feature", "properties": { "GISCO_ID": "NL_GM0344", "CNTR_CODE": "NL", "LAU_ID": "GM0344", "LAU_NAME": "Utrecht", "cell_coverage": [ [ 0.1495, 0.0904, 0.0423, 0.1563, 0.0038, 0 ], [ 0.4016, 0.94, 0.9935, 1, 0.7497, 0.1409 ], [ 0.0004, 0.6335, 0.8082, 0.6405, 0.5676, 0.0876 ], [ 0, 0.0015, 0.1275, 0, 0, 0 ] ], "xmin": 4.9583333333333321, "xmax": 5.2083333333333321, "ymin": 51.999999999999993, "ymax": 52.166666666666657 }, "geometry": { "type": "MultiPolygon", "coordinates": [ [ [ [ 5.192738500000075, 52.086074999000061 ], [ 5.195201, 52.077335499000071 ], [ 5.161034224000048, 52.078513987000065 ], [ 5.156358426000054, 52.071390053000073 ], [ 5.158479890000024, 52.066686391000076 ], [ 5.157061552000073, 52.05905658000006 ], [ 5.152965, 52.056735999000068 ], [ 5.150178, 52.055759499000033 ], [ 5.145856, 52.05260849900003 ], [ 5.12685, 52.054919999000049 ], [ 5.112181713000041, 52.057660874000078 ], [ 5.105391661000056, 52.050433092000048 ], [ 5.096866316000046, 52.058860593000077 ], [ 5.070298432000072, 52.060891389000062 ], [ 5.064497085000028, 52.051744395000071 ], [ 5.06255950000002, 52.026767499000073 ], [ 5.048991483000066, 52.031792774000053 ], [ 5.026724853000076, 52.054672650000043 ], [ 5.016999500000054, 52.061134499000048 ], [ 4.999456500000065, 52.066165999000077 ], [ 5.004216907000057, 52.087847284000077 ], [ 4.994356371000038, 52.091118058000063 ], [ 4.988736354000025, 52.100161476000039 ], [ 4.974833509000064, 52.101130815000033 ], [ 4.974415791000069, 52.104826209000066 ], [ 4.979621375000022, 52.111517637000077 ], [ 4.969930500000032, 52.122436499000059 ], [ 4.974446010000065, 52.129348958000037 ], [ 5.001451133000046, 52.141107781000073 ], [ 5.014794454000025, 52.127892086000031 ], [ 5.033130898000024, 52.117369676000067 ], [ 5.046758950000026, 52.129120537000063 ], [ 5.061382571000024, 52.123114231000045 ], [ 5.074909127000069, 52.126599346000035 ], [ 5.086969151000062, 52.134907426000041 ], [ 5.101218532000075, 52.130182629000046 ], [ 5.107088, 52.133258999000077 ], [ 5.146848415000022, 52.119634685000051 ], [ 5.150551238000048, 52.111546536000048 ], [ 5.160834952000073, 52.107223021000038 ], [ 5.157152069000063, 52.098920286000066 ], [ 5.160133511000026, 52.095417632000078 ], [ 5.183588078000071, 52.093551045000027 ], [ 5.192738500000075, 52.086074999000061 ] ] ] ] } },
{ "type": "Feature", "properties": { "GISCO_ID": "NL_GM0345", "CNTR_CODE": "NL", "LAU_ID": "GM0345", "LAU_NAME": "Veenendaal", "cell_coverage": [ [ 0.0039, 0.1067, 0 ], [ 0.354, 0.9296, 0.0785 ], [ 0, 0.0069, 0 ] ], "xmin": 5.5, "xmax": 5.625, "ymin": 51.958333333333321, "ymax": 52.083333333333321 }, "geometry": { "type": "MultiPolygon", "coordinates": [ [ [ [ 5.558061, 52.048846999000034 ], [ 5.569552342000065, 52.047722171000032 ], [ 5.568814615000065, 52.04048935700007 ], [ 5.589022095000075, 52.034173200000055 ], [ 5.586974864000069, 52.025263795000058 ], [ 5.589785926000047, 52.017981774000077 ], [ 5.586587101000021, 52.013156287000072 ], [ 5.589528, 52.00940349900003 ], [ 5.569994758000064, 51.997492485000066 ], [ 5.559012901000074, 52.002607668000053 ], [ 5.551383471000065, 51.999937356000032 ], [ 5.531078629000035, 52.012808160000077 ], [ 5.512508500000024, 52.018501499000081 ], [ 5.529086, 52.040126999000051 ], [ 5.539802430000066, 52.04282973800008 ], [ 5.545381205000069, 52.048930288000065 ], [ 5.558061, 52.048846999000034 ] ] ] ] } },
{ "type": "Feature", "properties": { "GISCO_ID": "NL_GM0351", "CNTR_CODE": "NL", "LAU_ID": "GM0351", "LAU_NAME": "Woudenberg", "cell_coverage": [ [ 0.127, 0.2515, 0.2676, 0.4291, 0.3292 ], [ 0, 0.0408, 0.2313, 0.6261, 0.4717 ] ], "xmin": 5.2916666666666643, "xmax": 5.5, "ymin": 52.04166666666665, "ymax": 52.125 }, "geometry": { "type": "MultiPolygon", "coordinates": [ [ [ [ 5.486386, 52.115337499000077 ], [ 5.491232500000024, 52.114528499000073 ], [ 5.493556500000068, 52.113178499000071 ], [ 5.493786, 52.111037499000076 ], [ 5.485013471000059, 52.105352305000054 ], [ 5.484626020000064, 52.093635317000064 ], [ 5.46013735400004, 52.080938967000066 ], [ 5.48211735600006, 52.07027964200006 ], [ 5.496476, 52.071552499000063 ], [ 5.497881500000062, 52.05697249900004 ], [ 5.485421569000039, 52.056141214000036 ], [ 5.460360392000041, 52.048010352000063 ], [ 5.453686154000025, 52.049053677000074 ], [ 5.44785482900005, 52.044268351000028 ], [ 5.435773082000026, 52.04795249700004 ], [ 5.429557494000051, 52.054062827000052 ], [ 5.429598405000036, 52.057516027000077 ], [ 5.436420125000041, 52.062296770000046 ], [ 5.436126130000048, 52.071915057000069 ], [ 5.420808878000059, 52.072582694000062 ], [ 5.401894024000057, 52.06517390700003 ], [ 5.399684055000023, 52.067864424000049 ], [ 5.405931118000069, 52.072520521000058 ], [ 5.404560374000027, 52.074982111000054 ], [ 5.389824847000057, 52.074894190000066 ], [ 5.381420899000034, 52.078532231000054 ], [ 5.359626424000055, 52.081061057000056 ], [ 5.332194500000071, 52.08424399900008 ], [ 5.311081039000044, 52.094347112000037 ], [ 5.322407500000054, 52.101848499000027 ], [ 5.341381022000064, 52.094815865000044 ], [ 5.359626424000055, 52.09316130600007 ], [ 5.399055546000056, 52.089585729000078 ], [ 5.405520610000053, 52.103398381000034 ], [ 5.427360474000068, 52.096111216000054 ], [ 5.43755346100005, 52.099951602000033 ], [ 5.445036212000048, 52.106710926000062 ], [ 5.469329223000045, 52.10091962000007 ], [ 5.47493474700002, 52.104577393000056 ], [ 5.478755209000042, 52.116197519000082 ], [ 5.486386, 52.115337499000077 ] ] ] ] } },
{ "type": "Feature", "properties": { "GISCO_ID": "NL_GM0352", "CNTR_CODE": "NL", "LAU_ID": "GM0352", "LAU_NAME": "Wijk bij Duurstede", "cell_coverage": [ [ 0, 0.0973, 0.4937, 0.3576, 0.0472 ], [ 0.009, 0.6775, 0.9719, 0.7824, 0.3463 ], [ 0, 0, 0.0329, 0.0007, 0 ] ], "xmin": 5.2083333333333321, "xmax": 5.4166666666666652, "ymin": 51.916666666666657, "ymax": 52.041666666666657 }, "geometry": { "type": "MultiPolygon", "coordinates": [ [ [ [ 5.24318, 51.998782999000071 ], [ 5.25954770200002, 52.001335495000035 ], [ 5.264846342000055, 52.002161803000035 ], [ 5.273829424000041, 51.998585287000026 ], [ 5.279838500000039, 52.010726999000042 ], [ 5.292245348000051, 52.009435110000027 ], [ 5.315328532000024, 52.026355650000028 ], [ 5.344099572000061, 52.019967559000065 ], [ 5.359626424000055, 52.012680294000063 ], [ 5.380816387000039, 52.002735144000042 ], [ 5.399193474000072, 52.00261344900008 ], [ 5.412330474000044, 51.997589830000038 ], [ 5.411687512000071, 51.994794020000029 ], [ 5.399656407000066, 51.988320216000034 ], [ 5.379711287000021, 51.985808560000066 ], [ 5.386733602000049, 51.977466681000067 ], [ 5.393795300000022, 51.975162695000051 ], [ 5.39095750000007, 51.970748999000079 ], [ 5.359626424000055, 51.97086908700004 ], [ 5.354611, 51.970119499000077 ], [ 5.348285500000031, 51.967887999000027 ], [ 5.338216, 51.959789499000067 ], [ 5.335934, 51.958327999000062 ], [ 5.329897500000072, 51.956260499000052 ], [ 5.321613500000069, 51.954948499000068 ], [ 5.31733550000007, 51.955093499000043 ], [ 5.314933, 51.955642499000078 ], [ 5.303315500000053, 51.960818999000026 ], [ 5.299934500000063, 51.961719499000026 ], [ 5.296057, 51.962249999000051 ], [ 5.28348950000003, 51.963065999000037 ], [ 5.273371500000053, 51.964622499000029 ], [ 5.270019500000046, 51.965537999000048 ], [ 5.261242, 51.968497999000078 ], [ 5.25954770200002, 51.96932761000005 ], [ 5.256387500000073, 51.970874999000046 ], [ 5.25954770200002, 51.973202368000045 ], [ 5.269946534000042, 51.980860713000027 ], [ 5.25954770200002, 51.984412620000057 ], [ 5.255560698000068, 51.985774453000033 ], [ 5.253007364000041, 51.99371846400004 ], [ 5.24318, 51.998782999000071 ] ] ] ] } },
{ "type": "Feature", "properties": { "GISCO_ID": "NL_GM0353", "CNTR_CODE": "NL", "LAU_ID": "GM0353", "LAU_NAME": "IJsselstein", "cell_coverage": [ [ 0.0844, 0.2734, 0 ], [ 0.1614, 0.5834, 0.4692 ], [ 0, 0, 0.0726 ] ], "xmin": 4.9583333333333321, "xmax": 5.0833333333333321, "ymin": 51.958333333333321, "ymax": 52.083333333333321 }, "geometry": { "type": "MultiPolygon", "coordinates": [ [ [ [ 5.016999500000054, 52.061134499000048 ], [ 5.026724853000076, 52.054672650000043 ], [ 5.048991483000066, 52.031792774000053 ], [ 5.06255950000002, 52.026767499000073 ], [ 5.077326500000026, 51.997516499000028 ], [ 5.071581, 51.99607099900004 ], [ 5.06761350000005, 51.994605999000044 ], [ 5.065266500000064, 51.993240999000079 ], [ 5.062776500000041, 51.991050499000039 ], [ 5.043134025000029, 52.004879603000063 ], [ 5.033934889000022, 52.004843837000067 ], [ 5.020087746000058, 52.025046896000049 ], [ 4.995201500000064, 52.021713499000043 ], [ 4.993273514000066, 52.028999239000029 ], [ 4.982871071000034, 52.029170565000072 ], [ 4.979329137000036, 52.038957461000052 ], [ 4.991075540000054, 52.052072863000035 ], [ 5.010215390000042, 52.054542144000038 ], [ 5.016999500000054, 52.061134499000048 ] ] ] ] } },
{ "type": "Feature", "properties": { "GISCO_ID": "NL_GM0356", "CNTR_CODE": "NL", "LAU_ID": "GM0356", "LAU_NAME": "Nieuwegein", "cell_coverage": [ [ 0.1918, 0.3595, 0.0158 ], [ 0.3894, 0.9306, 0.0121 ], [ 0.0066, 0.0006, 0 ] ], "xmin": 5.0416666666666643, "xmax": 5.1666666666666643, "ymin": 51.958333333333321, "ymax": 52.083333333333321 }, "geometry": { "type": "MultiPolygon", "coordinates": [ [ [ [ 5.077326500000026, 51.997516499000028 ], [ 5.06255950000002, 52.026767499000073 ], [ 5.064497085000028, 52.051744395000071 ], [ 5.070298432000072, 52.060891389000062 ], [ 5.096866316000046, 52.058860593000077 ], [ 5.105391661000056, 52.050433092000048 ], [ 5.112181713000041, 52.057660874000078 ], [ 5.12685, 52.054919999000049 ], [ 5.125468828000066, 52.050913209000043 ], [ 5.128790351000021, 52.047913448000031 ], [ 5.122471273000031, 52.031606187000079 ], [ 5.127960925000025, 52.024549562000061 ], [ 5.119566, 51.999782499000048 ], [ 5.114773, 52.001388499000029 ], [ 5.107894, 52.00267799900007 ], [ 5.103268, 52.002944999000078 ], [ 5.098639, 52.002761999000029 ], [ 5.094229, 52.002322999000057 ], [ 5.089566500000046, 52.001415499000075 ], [ 5.083254500000066, 51.999149499000055 ], [ 5.077326500000026, 51.997516499000028 ] ] ] ] } },
{ "type": "Feature", "properties": { "GISCO_ID": "NL_GM0358", "CNTR_CODE": "NL", "LAU_ID": "GM0358", "LAU_NAME": "Aalsmeer", "cell_coverage": [ [ 0, 0, 0.0001, 0.1422 ], [ 0, 0.3096, 0.6775, 0.3335 ], [ 0.2352, 0.5686, 0.1779, 0 ] ], "xmin": 4.6666666666666643, "xmax": 4.8333333333333313, "ymin": 52.208333333333321, "ymax": 52.333333333333321 }, "geometry": { "type": "MultiPolygon", "coordinates": [ [ [ [ 4.809793, 52.305773999000053 ], [ 4.822834201000035, 52.289421899000047 ], [ 4.795947, 52.260818499000038 ], [ 4.771366873000034, 52.24985063400004 ], [ 4.768925027000023, 52.245797371000037 ], [ 4.770876332000057, 52.239980683000056 ], [ 4.723764, 52.216573499000049 ], [ 4.722053285000072, 52.23225261400006 ], [ 4.703098384000043, 52.233474872000045 ], [ 4.679485615000033, 52.226146492000055 ], [ 4.670348, 52.230754999000055 ], [ 4.682471879000047, 52.239336165000054 ], [ 4.701878732000068, 52.244836340000063 ], [ 4.727432016000023, 52.263934569000071 ], [ 4.77933872400007, 52.282909784000026 ], [ 4.790256010000064, 52.290186765000044 ], [ 4.797274900000048, 52.300240745000053 ], [ 4.809793, 52.305773999000053 ] ] ] ] } },
{ "type": "Feature", "properties": { "GISCO_ID": "NL_GM0361", "CNTR_CODE": "NL", "LAU_ID": "GM0361", "LAU_NAME": "Alkmaar", "cell_coverage": [ [ 0.019, 0.1933, 0, 0, 0, 0 ], [ 0.715, 0.8723, 0.2718, 0.363, 0.0505, 0 ], [ 0.3077, 0.9817, 1, 1, 0.465, 0.0127 ], [ 0.0162, 0.6772, 1, 0.611, 0.0163, 0 ], [ 0, 0.1588, 0.2679, 0.0032, 0, 0 ] ], "xmin": 4.7083333333333321, "xmax": 4.9583333333333321, "ymin": 52.5, "ymax": 52.708333333333321 }, "geometry": { "type": "MultiPolygon", "coordinates": [ [ [ [ 4.800582500000075, 52.660281999000063 ], [ 4.788676352000039, 52.639945329000057 ], [ 4.807394629000044, 52.634343185000034 ], [ 4.829306638000048, 52.633365972000036 ], [ 4.840833402000044, 52.645824110000035 ], [ 4.872847, 52.634444999000038 ], [ 4.881572136000045, 52.632950697000069 ], [ 4.887995747000048, 52.627078749000077 ], [ 4.885439760000054, 52.613508589000048 ], [ 4.921310168000048, 52.61133876100007 ], [ 4.926488, 52.607051999000078 ], [ 4.921368500000028, 52.608295499000064 ], [ 4.915395500000045, 52.608627499000079 ], [ 4.910191, 52.606124999000031 ], [ 4.907453500000031, 52.605556499000045 ], [ 4.899031500000035, 52.601722499000061 ], [ 4.895810500000039, 52.599055999000029 ], [ 4.893680500000073, 52.598014999000043 ], [ 4.892401500000062, 52.596210499000051 ], [ 4.889766500000064, 52.593917999000041 ], [ 4.888018, 52.59074799900003 ], [ 4.887474045000033, 52.588935560000039 ], [ 4.886801, 52.586692999000036 ], [ 4.884885, 52.584307999000032 ], [ 4.881629, 52.582187499000042 ], [ 4.880245, 52.580314499000053 ], [ 4.876495500000033, 52.577911499000038 ], [ 4.874519500000076, 52.577068499000063 ], [ 4.872219, 52.577079999000034 ], [ 4.86885250000006, 52.576034499000059 ], [ 4.865598, 52.573638999000082 ], [ 4.864273500000024, 52.571605499000043 ], [ 4.862959500000045, 52.568504499000028 ], [ 4.862936, 52.565117499000053 ], [ 4.862082500000042, 52.563312499000062 ], [ 4.859180500000036, 52.559901999000033 ], [ 4.854769500000032, 52.557399499000041 ], [ 4.851633500000048, 52.55464949900005 ], [ 4.848228500000062, 52.55002999900006 ], [ 4.844184, 52.546981999000081 ], [ 4.842378500000052, 52.543651499000077 ], [ 4.835828500000048, 52.540977499000064 ], [ 4.833982500000047, 52.538856999000075 ], [ 4.824392555000031, 52.541695259000051 ], [ 4.818113224000058, 52.536743576000049 ], [ 4.821258639000064, 52.534028380000052 ], [ 4.819732803000022, 52.531684054000038 ], [ 4.789845, 52.51922249900008 ], [ 4.782528, 52.51953499900003 ], [ 4.777876, 52.531806999000082 ], [ 4.777723500000036, 52.533916499000043 ], [ 4.780296189000069, 52.557090968000068 ], [ 4.753244091000056, 52.562814143000082 ], [ 4.745606189000057, 52.567363839000052 ], [ 4.754917762000048, 52.588935560000039 ], [ 4.752209, 52.591876999000078 ], [ 4.738219009000034, 52.594524361000026 ], [ 4.734420139000065, 52.60783917200007 ], [ 4.737599868000075, 52.615289928000038 ], [ 4.714564, 52.624789999000029 ], [ 4.709019947000058, 52.634958444000063 ], [ 4.71381370000006, 52.645716732000039 ], [ 4.734402070000044, 52.662169042000073 ], [ 4.743561025000076, 52.662307851000037 ], [ 4.751175196000077, 52.669287353000072 ], [ 4.749119042000075, 52.675007201000028 ], [ 4.741727500000025, 52.680838999000059 ], [ 4.751702576000071, 52.681960051000033 ], [ 4.776988958000061, 52.676024193000046 ], [ 4.777171237000061, 52.663106735000042 ], [ 4.773843125000042, 52.654330999000081 ], [ 4.776507777000063, 52.650268682000046 ], [ 4.800582500000075, 52.660281999000063 ] ] ] ] } },
{ "type": "Feature", "properties": { "GISCO_ID": "NL_GM0362", "CNTR_CODE": "NL", "LAU_ID": "GM0362", "LAU_NAME": "Amstelveen", "cell_coverage": [ [ 0.3488, 0.8192, 0.4843 ], [ 0.5218, 0.9747, 0.1285 ], [ 0, 0.0715, 0 ] ], "xmin": 4.7916666666666643, "xmax": 4.9166666666666643, "ymin": 52.208333333333321, "ymax": 52.333333333333321 }, "geometry": { "type": "MultiPolygon", "coordinates": [ [ [ [ 4.809793, 52.305773999000053 ], [ 4.816044153000064, 52.311166831000037 ], [ 4.818786500000044, 52.325477499000044 ], [ 4.853100838000046, 52.330346218000045 ], [ 4.858530965000057, 52.321816849000072 ], [ 4.895473739000067, 52.322345185000074 ], [ 4.909239500000069, 52.318576999000072 ], [ 4.905484423000075, 52.314210356000046 ], [ 4.906749451000053, 52.307083679000073 ], [ 4.900330301000054, 52.30109060400008 ], [ 4.900119590000031, 52.296622053000078 ], [ 4.893030533000058, 52.294393022000065 ], [ 4.880341122000061, 52.280471680000062 ], [ 4.881112423000047, 52.263603568000065 ], [ 4.874495732000071, 52.260228903000041 ], [ 4.870071, 52.253307499000073 ], [ 4.852118500000074, 52.241962499000067 ], [ 4.832805918000076, 52.250510779000081 ], [ 4.795947, 52.260818499000038 ], [ 4.822834201000035, 52.289421899000047 ], [ 4.809793, 52.305773999000053 ] ] ] ] } },
{ "type": "Feature", "properties": { "GISCO_ID": "NL_GM0363", "CNTR_CODE": "NL", "LAU_ID": "GM0363", "LAU_NAME": "Amsterdam", "cell_coverage": [ [ 0.1064, 0.2561, 0.1333, 0.137, 0.176, 0.0364, 0.1737, 0.0756, 0 ], [ 0.1816, 0.8969, 1, 1, 1, 0.9587, 1, 0.9971, 0.6771 ], [ 0, 0.514, 0.9698, 1, 1, 0.916, 0.6234, 0.5974, 0 ], [ 0, 0, 0.088, 0.1808, 0.2752, 0.4093, 0.8335, 0.2355, 0 ], [ 0, 0, 0, 0, 0, 0.0658, 0.1393, 0, 0 ] ], "xmin": 4.7083333333333321, "xmax": 5.0833333333333321, "ymin": 52.25, "ymax": 52.458333333333321 }, "geometry": { "type": "MultiPolygon", "coordinates": [ [ [ [ 4.959697281000047, 52.422196291000034 ], [ 4.972279456000024, 52.422849497000072 ], [ 4.981710587000066, 52.425992449000034 ], [ 4.986885880000045, 52.423768404000043 ], [ 4.997879956000077, 52.425381885000036 ], [ 5.016078974000038, 52.419880359000047 ], [ 5.024319600000069, 52.420301187000064 ], [ 5.031163292000031, 52.416596845000072 ], [ 5.066285093000033, 52.416455899000027 ], [ 5.074277129000052, 52.412505137000039 ], [ 5.079161, 52.388652999000044 ], [ 5.037660500000072, 52.375358499000072 ], [ 5.039059, 52.354575999000076 ], [ 5.017171612000027, 52.348519305000082 ], [ 5.009557805000043, 52.342483844000071 ], [ 5.000288115000046, 52.341980492000062 ], [ 4.969579260000046, 52.355044264000071 ], [ 4.959697281000047, 52.34660720200003 ], [ 4.95035450000006, 52.338630499000033 ], [ 4.937145370000053, 52.334965692000026 ], [ 4.926708298000051, 52.336001078000038 ], [ 4.914896769000052, 52.330813384000066 ], [ 4.913076281000031, 52.319831350000072 ], [ 4.909239500000069, 52.318576999000072 ], [ 4.895473739000067, 52.322345185000074 ], [ 4.858530965000057, 52.321816849000072 ], [ 4.853100838000046, 52.330346218000045 ], [ 4.818786500000044, 52.325477499000044 ], [ 4.789462712000045, 52.342382862000079 ], [ 4.75641330600007, 52.357020975000069 ], [ 4.758955601000025, 52.381281985000044 ], [ 4.757470821000027, 52.395768993000047 ], [ 4.72953145200006, 52.401582917000042 ], [ 4.739188500000068, 52.431220999000061 ], [ 4.854781795000065, 52.417027800000028 ], [ 4.858692086000076, 52.419588603000079 ], [ 4.858798107000041, 52.425005167000052 ], [ 4.862699, 52.430019499000082 ], [ 4.898693500000036, 52.424434499000029 ], [ 4.931603406000022, 52.411872981000045 ], [ 4.943577464000043, 52.414717618000054 ], [ 4.947778, 52.42157749900008 ], [ 4.959697281000047, 52.422196291000034 ] ] ], [ [ [ 4.959697281000047, 52.325129747000062 ], [ 4.976328563000038, 52.33039995200005 ], [ 4.983955494000043, 52.330323270000065 ], [ 4.989485897000066, 52.327169747000028 ], [ 4.998777713000038, 52.314871369000059 ], [ 5.016103500000042, 52.324512499000036 ], [ 5.017666, 52.32326499900006 ], [ 5.021537500000022, 52.30249849900008 ], [ 5.008884616000046, 52.301714507000042 ], [ 4.997259393000036, 52.289671270000042 ], [ 4.983216683000023, 52.289914476000035 ], [ 4.966954268000052, 52.280106347000071 ], [ 4.959697281000047, 52.278981403000046 ], [ 4.955408, 52.278316499000027 ], [ 4.930414881000047, 52.307677043000069 ], [ 4.93958741900002, 52.316685143000029 ], [ 4.939035102000048, 52.32372904500005 ], [ 4.944715500000029, 52.32712949900008 ], [ 4.954070020000074, 52.323346552000032 ], [ 4.959697281000047, 52.325129747000062 ] ] ] ] } },
{ "type": "Feature", "properties": { "GISCO_ID": "NL_GM0370", "CNTR_CODE": "NL", "LAU_ID": "GM0370", "LAU_NAME": "Beemster", "cell_coverage": [ [ 0, 0.3185, 0.5341, 0.0194 ], [ 0.389, 0.9837, 0.9959, 0.5789 ], [ 0.3838, 0.5709, 0.6653, 0.041 ] ], "xmin": 4.8333333333333321, "xmax": 4.9999999999999991, "ymin": 52.5, "ymax": 52.625 }, "geometry": { "type": "MultiPolygon", "coordinates": [ [ [ [ 4.959697281000047, 52.581601022000029 ], [ 4.979623584000024, 52.586497838000071 ], [ 4.991696691000072, 52.58194727800003 ], [ 4.996441614000048, 52.576423829000078 ], [ 4.978072505000057, 52.562309464000066 ], [ 4.975315033000072, 52.54571482800003 ], [ 4.959697281000047, 52.531537666000077 ], [ 4.957002, 52.529090999000061 ], [ 4.952803399000061, 52.515845967000075 ], [ 4.946014196000021, 52.512388947000034 ], [ 4.934380500000032, 52.511611999000081 ], [ 4.923816421000026, 52.511339310000039 ], [ 4.908168304000071, 52.517075246000047 ], [ 4.877231509000069, 52.519688447000078 ], [ 4.845315398000025, 52.526378890000046 ], [ 4.837812120000024, 52.530858484000078 ], [ 4.833982500000047, 52.538856999000075 ], [ 4.835828500000048, 52.540977499000064 ], [ 4.842378500000052, 52.543651499000077 ], [ 4.844184, 52.546981999000081 ], [ 4.848228500000062, 52.55002999900006 ], [ 4.851633500000048, 52.55464949900005 ], [ 4.854769500000032, 52.557399499000041 ], [ 4.859180500000036, 52.559901999000033 ], [ 4.862082500000042, 52.563312499000062 ], [ 4.862936, 52.565117499000053 ], [ 4.862959500000045, 52.568504499000028 ], [ 4.864273500000024, 52.571605499000043 ], [ 4.865598, 52.573638999000082 ], [ 4.86885250000006, 52.576034499000059 ], [ 4.872219, 52.577079999000034 ], [ 4.874519500000076, 52.577068499000063 ], [ 4.876495500000033, 52.577911499000038 ], [ 4.880245, 52.580314499000053 ], [ 4.881629, 52.582187499000042 ], [ 4.884885, 52.584307999000032 ], [ 4.886801, 52.586692999000036 ], [ 4.887474045000033, 52.588935560000039 ], [ 4.888018, 52.59074799900003 ], [ 4.889766500000064, 52.593917999000041 ], [ 4.892401500000062, 52.596210499000051 ], [ 4.893680500000073, 52.598014999000043 ], [ 4.895810500000039, 52.599055999000029 ], [ 4.899031500000035, 52.601722499000061 ], [ 4.907453500000031, 52.605556499000045 ], [ 4.910191, 52.606124999000031 ], [ 4.915395500000045, 52.608627499000079 ], [ 4.921368500000028, 52.608295499000064 ], [ 4.926488, 52.607051999000078 ], [ 4.932943314000056, 52.605952056000035 ], [ 4.952912876000028, 52.61300162200007 ], [ 4.95859114700005, 52.605030459000034 ], [ 4.95022450600004, 52.599230633000047 ], [ 4.949831, 52.595279499000071 ], [ 4.952498606000063, 52.588935560000039 ], [ 4.955968111000061, 52.580684592000068 ], [ 4.959697281000047, 52.581601022000029 ] ] ] ] } },
{ "type": "Feature", "properties": { "GISCO_ID": "NL_GM0373", "CNTR_CODE": "NL", "LAU_ID": "GM0373", "LAU_NAME": "Bergen (NH.)", "cell_coverage": [ [ 0, 0.0194, 0, 0, 0 ], [ 0, 0.6028, 0.566, 0.0204, 0 ], [ 0, 0.7915, 1, 0.6099, 0.0015 ], [ 0.0231, 0.9687, 1, 0.285, 0 ], [ 0.2081, 0.9823, 0.2949, 0.0069, 0 ], [ 0.0672, 0.0605, 0, 0, 0 ] ], "xmin": 4.5833333333333321, "xmax": 4.7916666666666652, "ymin": 52.541666666666657, "ymax": 52.791666666666657 }, "geometry": { "type": "MultiPolygon", "coordinates": [ [ [ [ 4.672590500000069, 52.590903999000034 ], [ 4.667900174000067, 52.588935560000039 ], [ 4.652418438000041, 52.58243817500005 ], [ 4.609676500000035, 52.573400999000057 ], [ 4.613036513000054, 52.588935560000039 ], [ 4.632963382000071, 52.681064716000037 ], [ 4.63432363000004, 52.690686245000052 ], [ 4.639561883000056, 52.727738301000045 ], [ 4.643053346000045, 52.738180321000073 ], [ 4.649071, 52.756177499000046 ], [ 4.67014514400006, 52.74148524800006 ], [ 4.676993220000043, 52.738180321000073 ], [ 4.692547976000071, 52.730673490000072 ], [ 4.714351488000034, 52.711219311000036 ], [ 4.720089210000026, 52.698352027000055 ], [ 4.728919500000075, 52.69138349900004 ], [ 4.729856728000073, 52.690686245000052 ], [ 4.738800500000025, 52.684032499000068 ], [ 4.741727500000025, 52.680838999000059 ], [ 4.749119042000075, 52.675007201000028 ], [ 4.751175196000077, 52.669287353000072 ], [ 4.743561025000076, 52.662307851000037 ], [ 4.734402070000044, 52.662169042000073 ], [ 4.71381370000006, 52.645716732000039 ], [ 4.709019947000058, 52.634958444000063 ], [ 4.714564, 52.624789999000029 ], [ 4.707300295000039, 52.620800920000079 ], [ 4.688513562000026, 52.622150868000062 ], [ 4.674290163000023, 52.601992015000064 ], [ 4.672590500000069, 52.590903999000034 ] ] ] ] } },
{ "type": "Feature", "properties": { "GISCO_ID": "NL_GM0375", "CNTR_CODE": "NL", "LAU_ID": "GM0375", "LAU_NAME": "Beverwijk", "cell_coverage": [ [ 0, 0, 0.0038, 0.0002 ], [ 0.0011, 0.2916, 0.5317, 0.597 ], [ 0, 0, 0, 0.0083 ] ], "xmin": 4.5416666666666643, "xmax": 4.7083333333333313, "ymin": 52.416666666666657, "ymax": 52.541666666666657 }, "geometry": { "type": "MultiPolygon", "coordinates": [ [ [ [ 4.581894500000033, 52.489189999000075 ], [ 4.583914, 52.49226999900003 ], [ 4.58702, 52.499065499000039 ], [ 4.604458847000046, 52.494753247000062 ], [ 4.66597190300007, 52.501103636000039 ], [ 4.677948108000066, 52.493803995000064 ], [ 4.707984, 52.486327999000082 ], [ 4.700031181000043, 52.478630708000026 ], [ 4.696475735000035, 52.47028632100006 ], [ 4.674783500000046, 52.455444499000066 ], [ 4.663302993000059, 52.461251582000045 ], [ 4.666305688000023, 52.468741439000041 ], [ 4.65359948400004, 52.47665315900008 ], [ 4.615317632000028, 52.483413006000035 ], [ 4.60435084300002, 52.482106310000063 ], [ 4.581894500000033, 52.489189999000075 ] ] ] ] } },
{ "type": "Feature", "properties": { "GISCO_ID": "NL_GM0376", "CNTR_CODE": "NL", "LAU_ID": "GM0376", "LAU_NAME": "Blaricum", "cell_coverage": [ [ 0, 0, 0.0451, 0.2257, 0 ], [ 0.0077, 0.3442, 0.3003, 0.2435, 0.0014 ] ], "xmin": 5.1666666666666643, "xmax": 5.375, "ymin": 52.25, "ymax": 52.333333333333321 }, "geometry": { "type": "MultiPolygon", "coordinates": [ [ [ [ 5.25954770200002, 52.273916 ], [ 5.244038500000045, 52.254619499000057 ], [ 5.22440193500006, 52.272061836000034 ], [ 5.210450122000054, 52.266706893000048 ], [ 5.204188500000043, 52.267516999000065 ], [ 5.210757683000054, 52.276842898000041 ], [ 5.227178031000051, 52.277518912000062 ], [ 5.25954770200002, 52.287461819000043 ], [ 5.26917975200007, 52.290420470000072 ], [ 5.277118779000034, 52.29512937100003 ], [ 5.282614004000038, 52.294674132000068 ], [ 5.305455, 52.307632499000078 ], [ 5.315178500000059, 52.302394999000057 ], [ 5.335462, 52.290218499000048 ], [ 5.305892500000027, 52.27728249900008 ], [ 5.265988, 52.281928999000058 ], [ 5.25954770200002, 52.273916 ] ] ] ] } },
{ "type": "Feature", "properties": { "GISCO_ID": "NL_GM0383", "CNTR_CODE": "NL", "LAU_ID": "GM0383", "LAU_NAME": "Castricum", "cell_coverage": [ [ 0, 0.0177, 0.0368, 0.0292, 0.0174 ], [ 0.3581, 0.9395, 0.9277, 0.8384, 0.3228 ], [ 0.1497, 0.256, 0.2133, 0.0112, 0.1002 ] ], "xmin": 4.5833333333333321, "xmax": 4.7916666666666652, "ymin": 52.5, "ymax": 52.625 }, "geometry": { "type": "MultiPolygon", "coordinates": [ [ [ [ 4.672590500000069, 52.590903999000034 ], [ 4.675257919000046, 52.586305118000041 ], [ 4.692627629000071, 52.580066715000044 ], [ 4.734490807000043, 52.579240951000031 ], [ 4.744986375000053, 52.58899735600005 ], [ 4.752209, 52.591876999000078 ], [ 4.754917762000048, 52.588935560000039 ], [ 4.745606189000057, 52.567363839000052 ], [ 4.753244091000056, 52.562814143000082 ], [ 4.780296189000069, 52.557090968000068 ], [ 4.777723500000036, 52.533916499000043 ], [ 4.753829091000057, 52.536557025000036 ], [ 4.727441420000048, 52.54600703300008 ], [ 4.720473291000076, 52.544975583000053 ], [ 4.717403718000071, 52.550898045000054 ], [ 4.695464053000023, 52.544096065000076 ], [ 4.69578, 52.526717999000027 ], [ 4.690164, 52.527438999000026 ], [ 4.685714500000074, 52.528377499000044 ], [ 4.659949, 52.531783999000027 ], [ 4.656214, 52.531524499000056 ], [ 4.652638, 52.530677999000034 ], [ 4.603743500000064, 52.531158499000071 ], [ 4.598908, 52.531808499000078 ], [ 4.601279500000032, 52.539521999000044 ], [ 4.606239500000072, 52.557237499000053 ], [ 4.608761500000071, 52.566398999000057 ], [ 4.609676500000035, 52.573400999000057 ], [ 4.652418438000041, 52.58243817500005 ], [ 4.667900174000067, 52.588935560000039 ], [ 4.672590500000069, 52.590903999000034 ] ] ] ] } },
{ "type": "Feature", "properties": { "GISCO_ID": "NL_GM0402", "CNTR_CODE": "NL", "LAU_ID": "GM0402", "LAU_NAME": "Hilversum", "cell_coverage": [ [ 0.1142, 0.3345, 0.2454, 0 ], [ 0.0014, 0.7129, 0.8817, 0.0678 ], [ 0.0038, 0.4924, 0.6307, 0.0352 ] ], "xmin": 5.0833333333333321, "xmax": 5.25, "ymin": 52.166666666666657, "ymax": 52.291666666666657 }, "geometry": { "type": "MultiPolygon", "coordinates": [ [ [ [ 5.124134, 52.180877499000076 ], [ 5.123299950000046, 52.185490689000062 ], [ 5.13990697600002, 52.192627768000079 ], [ 5.144659525000066, 52.197359007000045 ], [ 5.14387223600005, 52.202880449000077 ], [ 5.137160524000024, 52.211235627000065 ], [ 5.123103029000049, 52.219558904000053 ], [ 5.129233379000027, 52.224094769000033 ], [ 5.141285610000068, 52.22591576700006 ], [ 5.141842589000021, 52.242615228000034 ], [ 5.13555229900004, 52.259261761000062 ], [ 5.12627180800007, 52.260723538000036 ], [ 5.118903487000068, 52.272976583000059 ], [ 5.102114500000027, 52.279872999000077 ], [ 5.10216250000002, 52.281711499000039 ], [ 5.104260500000066, 52.283073499000068 ], [ 5.105012, 52.285567999000079 ], [ 5.131923963000077, 52.278146684000035 ], [ 5.144569029000024, 52.283406608000064 ], [ 5.143422346000023, 52.26980437800006 ], [ 5.138108222000028, 52.261975035000034 ], [ 5.140319201000068, 52.25960518100004 ], [ 5.162003113000026, 52.256204812000078 ], [ 5.178888518000065, 52.263536799000065 ], [ 5.201023, 52.268218999000055 ], [ 5.203871, 52.26695249900007 ], [ 5.189244500000029, 52.247595999000055 ], [ 5.199164500000052, 52.240394499000047 ], [ 5.218925, 52.212199999000063 ], [ 5.215529, 52.20426549900003 ], [ 5.191603111000063, 52.178065849000063 ], [ 5.124134, 52.180877499000076 ] ] ] ] } },
{ "type": "Feature", "properties": { "GISCO_ID": "NL_GM0448", "CNTR_CODE": "NL", "LAU_ID": "GM0448", "LAU_NAME": "Texel", "cell_coverage": [ [ 0, 0, 0, 0, 0.0189, 0.3157, 0.0021 ], [ 0, 0, 0, 0.0381, 0.6774, 1, 0.4753 ], [ 0, 0, 0.0493, 0.7743, 1, 1, 0.6006 ], [ 0, 0, 0.6449, 1, 1, 0.9093, 0.1476 ], [ 0, 0, 0.9332, 0.9125, 0.4908, 0.0921, 0 ], [ 0.0284, 0.4087, 0.2112, 0.0668, 0, 0, 0 ] ], "xmin": 4.625, "xmax": 4.916666666666667, "ymin": 52.958333333333321, "ymax": 53.208333333333321 }, "geometry": { "type": "MultiPolygon", "coordinates": [ [ [ [ 4.863432466000063, 53.046356721000052 ], [ 4.842295067000066, 53.032252666000034 ], [ 4.816740347000064, 53.026440204000039 ], [ 4.795895615000063, 53.010250887000041 ], [ 4.790202943000054, 53.002712335000069 ], [ 4.755159354000057, 53.006571419000068 ], [ 4.756362808000063, 53.003349331000038 ], [ 4.768839829000058, 52.996501503000047 ], [ 4.766915533000031, 52.995171242000026 ], [ 4.729980088000048, 52.985501991000035 ], [ 4.712064751000071, 53.000315454000031 ], [ 4.70997201800003, 53.029442138000036 ], [ 4.713718587000074, 53.046414294000044 ], [ 4.725484756000071, 53.068689882000058 ], [ 4.750779587000068, 53.09843023600007 ], [ 4.781237885000053, 53.127431934000072 ], [ 4.793978315000061, 53.136275739000041 ], [ 4.802445701000067, 53.13713212600004 ], [ 4.802776716000039, 53.146239984000033 ], [ 4.841610073000027, 53.182084927000062 ], [ 4.848613145000058, 53.184701036000035 ], [ 4.863802041000042, 53.180529321000051 ], [ 4.877797508000072, 53.166577269000072 ], [ 4.88118442800004, 53.158132162000072 ], [ 4.893061819000025, 53.151598439000054 ], [ 4.906346119000034, 53.13587982100006 ], [ 4.900945673000024, 53.121076062000043 ], [ 4.89867391100006, 53.081735106000053 ], [ 4.879450673000065, 53.067115913000066 ], [ 4.863432466000063, 53.046356721000052 ] ] ], [ [ [ 4.680642773000045, 52.959092319000035 ], [ 4.668588263000061, 52.961206145000062 ], [ 4.662981665000075, 52.967223317000048 ], [ 4.664109027000052, 52.979666205000058 ], [ 4.670820155000058, 52.986338251000063 ], [ 4.686331852000023, 52.987731050000036 ], [ 4.694774156000051, 52.979564319000076 ], [ 4.710750303000054, 52.975157467000031 ], [ 4.68988147500005, 52.96835408000004 ], [ 4.680642773000045, 52.959092319000035 ] ] ] ] } },
{ "type": "Feature", "properties": { "GISCO_ID": "NL_GM0501", "CNTR_CODE": "NL", "LAU_ID": "GM0501", "LAU_NAME": "Brielle", "cell_coverage": [ [ 0.1225, 0.0137, 0 ], [ 0.4569, 0.8787, 0.2636 ], [ 0.0422, 0.42, 0.1526 ] ], "xmin": 4.125, "xmax": 4.25, "ymin": 51.833333333333321, "ymax": 51.958333333333321 }, "geometry": { "type": "MultiPolygon", "coordinates": [ [ [ [ 4.155226500000026, 51.881622499000059 ], [ 4.158186999000065, 51.884240633000047 ], [ 4.136132363000058, 51.906672918000027 ], [ 4.137989369000024, 51.912207034000062 ], [ 4.147562901000072, 51.914939976000028 ], [ 4.151749980000034, 51.920320814000036 ], [ 4.143917152000029, 51.926902189000032 ], [ 4.144895500000075, 51.931403999000054 ], [ 4.148770500000069, 51.930206499000064 ], [ 4.152351, 51.928569999000047 ], [ 4.157991, 51.928039499000079 ], [ 4.162396, 51.926704499000039 ], [ 4.164321, 51.925563999000076 ], [ 4.167016, 51.923003999000059 ], [ 4.168187500000045, 51.919051999000033 ], [ 4.176221, 51.918014499000037 ], [ 4.180619, 51.915282999000055 ], [ 4.185224500000061, 51.912959999000066 ], [ 4.19747, 51.908118999000067 ], [ 4.20668, 51.903564499000026 ], [ 4.208988500000032, 51.90209949900003 ], [ 4.214928500000042, 51.899440999000035 ], [ 4.221815500000048, 51.894363499000065 ], [ 4.228385, 51.886756999000056 ], [ 4.23105, 51.880252999000049 ], [ 4.232448, 51.878085999000064 ], [ 4.235328, 51.875354999000081 ], [ 4.239296, 51.872996999000065 ], [ 4.185181, 51.849700999000049 ], [ 4.176889564000021, 51.855832550000059 ], [ 4.182804850000025, 51.862780335000082 ], [ 4.159504775000073, 51.86812050900005 ], [ 4.154914069000029, 51.873856372000034 ], [ 4.157232799000042, 51.878577948000043 ], [ 4.155226500000026, 51.881622499000059 ] ] ] ] } },
{ "type": "Feature", "properties": { "GISCO_ID": "NL_GM0532", "CNTR_CODE": "NL", "LAU_ID": "GM0532", "LAU_NAME": "Stede Broec", "cell_coverage": [ [ 0.0605, 0.1977, 0.0355 ], [ 0.2132, 0.5627, 0.1764 ] ], "xmin": 5.1666666666666643, "xmax": 5.2916666666666643, "ymin": 52.66666666666665, "ymax": 52.75 }, "geometry": { "type": "MultiPolygon", "coordinates": [ [ [ [ 5.268962, 52.680267499000081 ], [ 5.262266, 52.676830499000062 ], [ 5.25954770200002, 52.678239678000068 ], [ 5.244053086000065, 52.686272160000044 ], [ 5.210694686000068, 52.683791775000032 ], [ 5.203357510000046, 52.680279861000031 ], [ 5.197097282000072, 52.690686245000052 ], [ 5.18700750000005, 52.70745849900004 ], [ 5.187590601000068, 52.710731429000077 ], [ 5.211817452000048, 52.716898936000064 ], [ 5.257527500000037, 52.716136999000071 ], [ 5.25955949300004, 52.690686245000052 ], [ 5.259806315000048, 52.687594790000048 ], [ 5.268962, 52.680267499000081 ] ] ] ] } },
{ "type": "Feature", "properties": { "GISCO_ID": "NL_GM0590", "CNTR_CODE": "NL", "LAU_ID": "GM0590", "LAU_NAME": "Papendrecht", "cell_coverage": [ [ 0.227, 0.193 ], [ 0.2582, 0.154 ] ], "xmin": 4.6666666666666643, "xmax": 4.75, "ymin": 51.79166666666665, "ymax": 51.875 }, "geometry": { "type": "MultiPolygon", "coordinates": [ [ [ [ 4.742759, 51.841064499000026 ], [ 4.729982500000062, 51.822429499000066 ], [ 4.706641, 51.823364499000036 ], [ 4.702347, 51.823077999000077 ], [ 4.689964, 51.821342499000082 ], [ 4.680382500000064, 51.820411499000045 ], [ 4.677240500000039, 51.820380999000065 ], [ 4.67158, 51.82093799900008 ], [ 4.670186, 51.824485999000046 ], [ 4.669294, 51.830363999000042 ], [ 4.670013500000039, 51.83240949900005 ], [ 4.672776500000055, 51.83608999900008 ], [ 4.672893, 51.83864199900006 ], [ 4.683213, 51.848510499000042 ], [ 4.706791549000059, 51.84128604600005 ], [ 4.735453261000032, 51.845893175000072 ], [ 4.742759, 51.841064499000026 ] ] ] ] } },
{ "type": "Feature", "properties": { "GISCO_ID": "NL_GM0632", "CNTR_CODE": "NL", "LAU_ID": "GM0632", "LAU_NAME": "Woerden", "cell_coverage": [ [ 0.2381, 0.3607, 0.8, 0.2762, 0.0252, 0 ], [ 0.3961, 1, 1, 1, 0.5954, 0.0114 ], [ 0.0362, 0.3577, 0.3026, 0.2072, 0.4088, 0.0136 ] ], "xmin": 4.7916666666666643, "xmax": 5.0416666666666643, "ymin": 52.041666666666657, "ymax": 52.166666666666657 }, "geometry": { "type": "MultiPolygon", "coordinates": [ [ [ [ 4.959697281000047, 52.132131652000055 ], [ 4.960981457000059, 52.132458364000058 ], [ 4.969930500000032, 52.122436499000059 ], [ 4.979621375000022, 52.111517637000077 ], [ 4.974415791000069, 52.104826209000066 ], [ 4.974833509000064, 52.101130815000033 ], [ 4.988736354000025, 52.100161476000039 ], [ 4.994356371000038, 52.091118058000063 ], [ 5.004216907000057, 52.087847284000077 ], [ 4.999456500000065, 52.066165999000077 ], [ 4.959697281000047, 52.066377734000071 ], [ 4.935388794000062, 52.079061901000046 ], [ 4.902442077000046, 52.070726376000039 ], [ 4.873181, 52.068732999000076 ], [ 4.83254874000005, 52.068076966000035 ], [ 4.833052710000061, 52.073631349000038 ], [ 4.825818842000047, 52.077547053000046 ], [ 4.823896226000045, 52.107377606000057 ], [ 4.792076, 52.122359999000082 ], [ 4.806046863000063, 52.12763719700007 ], [ 4.812628276000055, 52.139220736000027 ], [ 4.831828706000067, 52.14412849100006 ], [ 4.856345487000056, 52.137367991000076 ], [ 4.872786776000055, 52.13881611100004 ], [ 4.874540696000054, 52.155768465000051 ], [ 4.892281, 52.161811999000065 ], [ 4.909582, 52.161864999000045 ], [ 4.912299418000032, 52.145139490000076 ], [ 4.92462916900007, 52.146291935000079 ], [ 4.944448521000027, 52.128252162000081 ], [ 4.959697281000047, 52.132131652000055 ] ] ] ] } },
{ "type": "Feature", "properties": { "GISCO_ID": "NL_GM0736", "CNTR_CODE": "NL", "LAU_ID": "GM0736", "LAU_NAME": "De Ronde Venen", "cell_coverage": [ [ 0, 0, 0, 0, 0.0002, 0.1046 ], [ 0, 0.0139, 0.065, 0.5918, 0.8607, 0.4344 ], [ 0.4048, 0.8346, 1, 1, 0.7094, 0.1007 ], [ 0.2038, 0.7236, 0.9939, 0.6831, 0.0438, 0 ], [ 0, 0, 0.0777, 0.0057, 0, 0 ] ], "xmin": 4.7916666666666643, "xmax": 5.0416666666666643, "ymin": 52.125, "ymax": 52.333333333333321 }, "geometry": { "type": "MultiPolygon", "coordinates": [ [ [ [ 4.959697281000047, 52.199510695000072 ], [ 4.951425475000065, 52.198099255000045 ], [ 4.948446473000047, 52.186987438000074 ], [ 4.935405700000047, 52.178028483000048 ], [ 4.928737873000046, 52.168021024000041 ], [ 4.909582, 52.161864999000045 ], [ 4.892281, 52.161811999000065 ], [ 4.856434618000037, 52.178394800000035 ], [ 4.842510264000055, 52.180994871000053 ], [ 4.812708172000043, 52.201426656000081 ], [ 4.803293573000076, 52.201783426000077 ], [ 4.801717001000043, 52.216741021000075 ], [ 4.794524, 52.226726499000051 ], [ 4.828391143000033, 52.230527131000031 ], [ 4.852118500000074, 52.241962499000067 ], [ 4.870071, 52.253307499000073 ], [ 4.898716912000054, 52.251440989000059 ], [ 4.911344163000024, 52.253292840000029 ], [ 4.928329953000059, 52.268704129000071 ], [ 4.927644599000075, 52.279602763000071 ], [ 4.955408, 52.278316499000027 ], [ 4.959697281000047, 52.278981403000046 ], [ 4.966954268000052, 52.280106347000071 ], [ 4.983216683000023, 52.289914476000035 ], [ 4.997259393000036, 52.289671270000042 ], [ 5.008884616000046, 52.301714507000042 ], [ 5.021537500000022, 52.30249849900008 ], [ 5.021941, 52.28280249900007 ], [ 5.007029553000052, 52.232423299000061 ], [ 4.981690477000029, 52.226787521000062 ], [ 4.981533098000057, 52.222555082000042 ], [ 4.972793140000022, 52.218601847000059 ], [ 4.966064876000075, 52.200597215000073 ], [ 4.959697281000047, 52.199510695000072 ] ] ] ] } },
{ "type": "Feature", "properties": { "GISCO_ID": "NL_GM0766", "CNTR_CODE": "NL", "LAU_ID": "GM0766", "LAU_NAME": "Dongen", "cell_coverage": [ [ 0, 0.148, 0, 0 ], [ 0.0302, 0.7874, 0.5635, 0 ], [ 0.027, 0.2873, 0.3621, 0.014 ] ], "xmin": 4.875, "xmax": 5.041666666666667, "ymin": 51.583333333333321, "ymax": 51.708333333333321 }, "geometry": { "type": "MultiPolygon", "coordinates": [ [ [ [ 5.004228, 51.607864499000073 ], [ 4.980306753000036, 51.608583227000054 ], [ 4.959697281000047, 51.613342841000076 ], [ 4.955333296000049, 51.614350673000047 ], [ 4.947831, 51.611167999000031 ], [ 4.911879500000055, 51.615401499000029 ], [ 4.91094672600002, 51.618070145000047 ], [ 4.914596559000074, 51.62157863300007 ], [ 4.909454504000053, 51.624218479000035 ], [ 4.911438047000047, 51.631470324000077 ], [ 4.932359993000034, 51.65125544600005 ], [ 4.933357586000056, 51.658947233000049 ], [ 4.925032, 51.673007999000049 ], [ 4.925073, 51.674979999000072 ], [ 4.933116, 51.676799999000082 ], [ 4.943101510000076, 51.678153903000066 ], [ 4.949242818000073, 51.675014664000059 ], [ 4.954846522000025, 51.667389678000063 ], [ 4.959697281000047, 51.652016785000058 ], [ 4.987242500000036, 51.654575499000032 ], [ 5.004228, 51.607864499000073 ] ] ] ] } },
{ "type": "Feature", "properties": { "GISCO_ID": "NL_GM0797", "CNTR_CODE": "NL", "LAU_ID": "GM0797", "LAU_NAME": "Heusden", "cell_coverage": [ [ 0.0006, 0.4368, 0.7666, 0.7996, 0.2886 ], [ 0, 0.4887, 0.9987, 0.9306, 0.5025 ], [ 0, 0.3519, 0.5154, 0, 0 ] ], "xmin": 5.0416666666666643, "xmax": 5.25, "ymin": 51.625, "ymax": 51.75 }, "geometry": { "type": "MultiPolygon", "coordinates": [ [ [ [ 5.106194500000072, 51.636108499000045 ], [ 5.101363, 51.676749999000037 ], [ 5.106309189000058, 51.678829772000029 ], [ 5.103711796000027, 51.701392061000035 ], [ 5.110059195000076, 51.705655034000074 ], [ 5.097970429000043, 51.716957122000053 ], [ 5.081756, 51.722289999000054 ], [ 5.092009, 51.727512499000056 ], [ 5.101634, 51.731212499000037 ], [ 5.115254, 51.73523349900006 ], [ 5.128057500000068, 51.737609999000028 ], [ 5.146862, 51.740642499000046 ], [ 5.165557, 51.742877999000029 ], [ 5.175953500000048, 51.742999999000062 ], [ 5.185596, 51.741863499000033 ], [ 5.192688, 51.740482499000052 ], [ 5.195342, 51.740234499000053 ], [ 5.201623500000039, 51.740660999000056 ], [ 5.206698500000073, 51.741492999000059 ], [ 5.21229827600007, 51.732676446000028 ], [ 5.229720412000063, 51.724995390000061 ], [ 5.229583800000057, 51.712438582000061 ], [ 5.238810547000071, 51.712065521000056 ], [ 5.239011929000071, 51.70259354500007 ], [ 5.249694759000022, 51.699695083000051 ], [ 5.246849059000056, 51.694728590000068 ], [ 5.226242500000069, 51.689922499000033 ], [ 5.222805266000023, 51.674637552000036 ], [ 5.20858368200004, 51.673171969000066 ], [ 5.204768500000057, 51.669799999000077 ], [ 5.166754, 51.668975999000054 ], [ 5.161598500000025, 51.663211999000055 ], [ 5.157704500000023, 51.663158499000076 ], [ 5.156958, 51.657687999000075 ], [ 5.154337, 51.654815499000051 ], [ 5.16020450000002, 51.639476999000067 ], [ 5.150048500000025, 51.639586999000073 ], [ 5.14564050000007, 51.640403499000058 ], [ 5.106194500000072, 51.636108499000045 ] ] ] ] } },
{ "type": "Feature", "properties": { "GISCO_ID": "NL_GM0848", "CNTR_CODE": "NL", "LAU_ID": "GM0848", "LAU_NAME": "Son en Breugel", "cell_coverage": [ [ 0.4291, 0.8842, 0.4802, 0.011 ], [ 0.048, 0.078, 0.0252, 0 ] ], "xmin": 5.4166666666666643, "xmax": 5.5833333333333313, "ymin": 51.458333333333321, "ymax": 51.541666666666657 }, "geometry": { "type": "MultiPolygon", "coordinates": [ [ [ [ 5.423792, 51.533981499000049 ], [ 5.485044043000073, 51.541542208000067 ], [ 5.492732786000033, 51.52815825700003 ], [ 5.500772823000034, 51.527210676000038 ], [ 5.501489086000049, 51.521667645000036 ], [ 5.525660939000034, 51.522616774000028 ], [ 5.530916, 51.525058499000068 ], [ 5.543362729000023, 51.524114196000028 ], [ 5.54173626000005, 51.519591200000036 ], [ 5.545033660000058, 51.512328387000082 ], [ 5.510674, 51.496913999000071 ], [ 5.463194717000022, 51.496723159000055 ], [ 5.442673, 51.493808499000068 ], [ 5.441572162000057, 51.49780252000005 ], [ 5.446591563000027, 51.512415063000049 ], [ 5.423792, 51.533981499000049 ] ] ] ] } },
{ "type": "Feature", "properties": { "GISCO_ID": "NL_GM0907", "CNTR_CODE": "NL", "LAU_ID": "GM0907", "LAU_NAME": "Gennep", "cell_coverage": [ [ 0.4981, 0.7148, 0.4244 ], [ 0.0102, 0.9292, 0.7049 ], [ 0, 0.3654, 0.117 ] ], "xmin": 5.9166666666666643, "xmax": 6.0416666666666643, "ymin": 51.625, "ymax": 51.75 }, "geometry": { "type": "MultiPolygon", "coordinates": [ [ [ [ 5.938288, 51.74148199900003 ], [ 5.949882076000051, 51.743808107000064 ], [ 5.953192, 51.747845999000049 ], [ 5.953107838000051, 51.74207935700008 ], [ 5.956279985000037, 51.738573154000051 ], [ 5.993719003000024, 51.738102763000029 ], [ 6.010352524000041, 51.731952086000035 ], [ 6.032312, 51.723831999000026 ], [ 6.040284298000074, 51.716400547000035 ], [ 6.027670749000038, 51.708346005000067 ], [ 6.031969500000059, 51.676179499000057 ], [ 6.025383244000068, 51.670015271000068 ], [ 6.029702518000022, 51.662230237000074 ], [ 6.015279468000074, 51.661108998000032 ], [ 6.010352524000041, 51.658930615000031 ], [ 5.976887500000032, 51.644134499000074 ], [ 5.968766865000021, 51.648544533000063 ], [ 5.964407882000046, 51.654733693000026 ], [ 5.96406379900003, 51.678411696000069 ], [ 5.954869416000065, 51.708990611000047 ], [ 5.934030500000063, 51.716430499000069 ], [ 5.919379, 51.717559999000059 ], [ 5.933496578000074, 51.735420314000066 ], [ 5.938288, 51.74148199900003 ] ] ] ] } },
{ "type": "Feature", "properties": { "GISCO_ID": "NL_GM0983", "CNTR_CODE": "NL", "LAU_ID": "GM0983", "LAU_NAME": "Venlo", "cell_coverage": [ [ 0, 0, 0, 0.0861, 0.0205 ], [ 0, 0, 0, 0.8647, 0.26 ], [ 0.0097, 0.081, 0.1991, 0.9955, 0.167 ], [ 0.1298, 0.9794, 0.835, 0.9933, 0.1615 ], [ 0, 0.4496, 1, 0.8795, 0.171 ], [ 0, 0.498, 0.7338, 0.0138, 0 ], [ 0, 0.0725, 0.0371, 0, 0 ] ], "xmin": 6.0416666666666643, "xmax": 6.25, "ymin": 51.25, "ymax": 51.541666666666657 }, "geometry": { "type": "MultiPolygon", "coordinates": [ [ [ [ 6.073122, 51.395732999000074 ], [ 6.072497700000042, 51.403010112000061 ], [ 6.078977302000055, 51.419989519000069 ], [ 6.114412019000042, 51.421166902000039 ], [ 6.124432887000069, 51.415111157000069 ], [ 6.134884788000022, 51.415541212000051 ], [ 6.141317508000043, 51.395631236000042 ], [ 6.151768353000023, 51.396427021000079 ], [ 6.149695050000048, 51.409971985000027 ], [ 6.157606960000066, 51.422418959000026 ], [ 6.154420680000044, 51.436686492000035 ], [ 6.155691769000043, 51.442364819000034 ], [ 6.171010774000024, 51.458932208000078 ], [ 6.178654594000022, 51.467198943000028 ], [ 6.17682030900005, 51.474450383000033 ], [ 6.171010774000024, 51.481932369000049 ], [ 6.167087595000055, 51.486984953000047 ], [ 6.169505, 51.502747499000066 ], [ 6.203865069000074, 51.504535219000047 ], [ 6.213423, 51.507841499000051 ], [ 6.213531987000067, 51.491381997000076 ], [ 6.219227500000045, 51.483971499000063 ], [ 6.223251459000039, 51.473310879000053 ], [ 6.220238259000041, 51.448707159000037 ], [ 6.214297690000024, 51.44480795100003 ], [ 6.21444137800006, 51.433140576000028 ], [ 6.20587213500005, 51.401094551000028 ], [ 6.225263205000033, 51.399653121000028 ], [ 6.215392913000073, 51.38819802200004 ], [ 6.224405, 51.364978999000073 ], [ 6.223104159000059, 51.359174989000053 ], [ 6.194020403000025, 51.341627863000042 ], [ 6.190584659000024, 51.335437317000071 ], [ 6.169450300000051, 51.331143172000054 ], [ 6.15408, 51.307372999000052 ], [ 6.130650244000037, 51.287011199000062 ], [ 6.1248, 51.277592499000036 ], [ 6.114571554000065, 51.28876869700008 ], [ 6.102230619000068, 51.289519300000052 ], [ 6.084910500000035, 51.297237499000062 ], [ 6.102778055000044, 51.309029199000065 ], [ 6.114363008000055, 51.321907818000057 ], [ 6.117727083000034, 51.330047936000028 ], [ 6.11736012800003, 51.338573259000043 ], [ 6.122027078000031, 51.343549411000026 ], [ 6.107901703000039, 51.355118232000052 ], [ 6.099780843000076, 51.357758944000068 ], [ 6.091097412000067, 51.370964400000048 ], [ 6.079346698000052, 51.377089157000057 ], [ 6.089990615000033, 51.387942119000058 ], [ 6.073122, 51.395732999000074 ] ] ] ] } },
{ "type": "Feature", "properties": { "GISCO_ID": "NL_GM0986", "CNTR_CODE": "NL", "LAU_ID": "GM0986", "LAU_NAME": "Voerendaal", "cell_coverage": [ [ 0.054, 0.3899, 0.3761, 0 ], [ 0.0573, 0.6744, 0.7167, 0.0596 ] ], "xmin": 5.8333333333333321, "xmax": 5.9999999999999991, "ymin": 50.833333333333321, "ymax": 50.916666666666657 }, "geometry": { "type": "MultiPolygon", "coordinates": [ [ [ [ 5.954803, 50.845966499000042 ], [ 5.933496578000074, 50.840262370000062 ], [ 5.92324811800006, 50.848703059000059 ], [ 5.894365841000024, 50.843013468000038 ], [ 5.888143, 50.846988499000076 ], [ 5.87016959500005, 50.857048947000067 ], [ 5.871782102000054, 50.865272928000081 ], [ 5.861491, 50.88232799900004 ], [ 5.869031957000061, 50.883247708000056 ], [ 5.89071576300006, 50.885662676000038 ], [ 5.903816474000052, 50.896710006000035 ], [ 5.923101, 50.904201499000067 ], [ 5.933496578000074, 50.894831827000075 ], [ 5.957282922000047, 50.87339287900005 ], [ 5.969614, 50.86022549900008 ], [ 5.955037995000055, 50.85208971000003 ], [ 5.954803, 50.845966499000042 ] ] ] ] } },
{ "type": "Feature", "properties": { "GISCO_ID": "NL_GM1641", "CNTR_CODE": "NL", "LAU_ID": "GM1641", "LAU_NAME": "Maasgouw", "cell_coverage": [ [ 0, 0, 0.0815, 0 ], [ 0.0172, 0.4082, 0.9905, 0.3316 ], [ 0.0392, 0.7901, 0.7854, 0.3684 ], [ 0.2172, 0.2672, 0, 0 ] ], "xmin": 5.7916666666666643, "xmax": 5.9583333333333313, "ymin": 51.083333333333321, "ymax": 51.25 }, "geometry": { "type": "MultiPolygon", "coordinates": [ [ [ [ 5.826478, 51.166755499000033 ], [ 5.829522361000045, 51.171640680000053 ], [ 5.869031957000061, 51.188930686000049 ], [ 5.873724, 51.190967499000067 ], [ 5.869031957000061, 51.194436962000054 ], [ 5.869031957000061, 51.197472563000076 ], [ 5.879928340000049, 51.210833502000071 ], [ 5.895359352000071, 51.215463801000055 ], [ 5.905958423000072, 51.212088068000071 ], [ 5.911122397000042, 51.206861226000058 ], [ 5.933496578000074, 51.203686163000043 ], [ 5.951213500000051, 51.201171999000053 ], [ 5.933496578000074, 51.189820395000027 ], [ 5.926455714000042, 51.185309165000035 ], [ 5.922428385000046, 51.179911535000031 ], [ 5.924871248000045, 51.176828231000059 ], [ 5.921690632000036, 51.17040447200003 ], [ 5.933496578000074, 51.16476285300007 ], [ 5.94077578200006, 51.161284394000063 ], [ 5.955483, 51.159000499000058 ], [ 5.946047, 51.152839499000038 ], [ 5.94327050000004, 51.151408999000068 ], [ 5.933496578000074, 51.14538551000004 ], [ 5.913943, 51.133334999000056 ], [ 5.873638899000071, 51.134561118000079 ], [ 5.869031957000061, 51.130984973000068 ], [ 5.852481692000026, 51.110598740000057 ], [ 5.833172500000046, 51.099658999000042 ], [ 5.829145955000058, 51.10643641300004 ], [ 5.809595200000047, 51.11077578700008 ], [ 5.808958501000063, 51.115909895000073 ], [ 5.813750500000026, 51.120940999000027 ], [ 5.824638150000055, 51.128568304000055 ], [ 5.840705829000058, 51.131869581000046 ], [ 5.846338388000049, 51.140392922000046 ], [ 5.854323015000034, 51.144601773000034 ], [ 5.838384636000058, 51.153197115000069 ], [ 5.837508913000022, 51.15699070200003 ], [ 5.826478, 51.166755499000033 ] ] ] ] } },
{ "type": "Feature", "properties": { "GISCO_ID": "NL_GM1684", "CNTR_CODE": "NL", "LAU_ID": "GM1684", "LAU_NAME": "Cuijk", "cell_coverage": [ [ 0.0037, 0.1558, 0.1893, 0.0018, 0 ], [ 0.0139, 0.9375, 1, 0.4422, 0.0605 ], [ 0, 0.1991, 0.7744, 0.5007, 0.0064 ] ], "xmin": 5.75, "xmax": 5.958333333333333, "ymin": 51.666666666666657, "ymax": 51.791666666666657 }, "geometry": { "type": "MultiPolygon", "coordinates": [ [ [ [ 5.842842500000074, 51.680030999000053 ], [ 5.82245496400003, 51.699038859000041 ], [ 5.805065206000052, 51.701025751000032 ], [ 5.793271169000036, 51.708008935000066 ], [ 5.792417500000056, 51.72053149900006 ], [ 5.797230418000026, 51.722021537000046 ], [ 5.795631590000028, 51.729072520000045 ], [ 5.798828249000053, 51.733599820000052 ], [ 5.79495870900007, 51.736557505000064 ], [ 5.794958957000063, 51.740417935000039 ], [ 5.787308203000066, 51.74423119000005 ], [ 5.790482, 51.753516999000055 ], [ 5.798987, 51.755180499000062 ], [ 5.811143500000071, 51.756686999000067 ], [ 5.848531, 51.759303999000053 ], [ 5.856123500000024, 51.759040999000035 ], [ 5.861836, 51.758205499000042 ], [ 5.865158500000064, 51.757407999000066 ], [ 5.869031957000061, 51.756078305000074 ], [ 5.877767923000022, 51.75019620900008 ], [ 5.888095148000048, 51.725348632000077 ], [ 5.900587194000025, 51.719901281000034 ], [ 5.919379, 51.717559999000059 ], [ 5.934030500000063, 51.716430499000069 ], [ 5.902246168000033, 51.694433244000038 ], [ 5.895395690000043, 51.682239147000075 ], [ 5.860094500000059, 51.670081999000047 ], [ 5.846543500000053, 51.676570999000035 ], [ 5.842842500000074, 51.680030999000053 ] ] ] ] } },
{ "type": "Feature", "properties": { "GISCO_ID": "NL_GM1708", "CNTR_CODE": "NL", "LAU_ID": "GM1708", "LAU_NAME": "Steenwijkerland", "cell_coverage": [ [ 0, 0, 0, 0.0401, 0.0752, 0, 0.0826, 0.3478, 0.0926, 0 ], [ 0.3918, 0.3215, 0.4123, 0.9554, 0.8656, 0.6639, 0.9021, 1, 0.9013, 0.3132 ], [ 0.0656, 0.2348, 0.6571, 0.9929, 1, 1, 1, 0.9926, 0.7196, 0.2263 ], [ 0, 0, 0, 0.5497, 1, 1, 1, 0.9961, 0.2517, 0 ], [ 0, 0, 0, 0.1987, 0.9685, 1, 1, 0.9905, 0.5121, 0 ], [ 0, 0, 0, 0, 0.1481, 0.4744, 0.297, 0.0547, 0, 0 ] ], "xmin": 5.7916666666666643, "xmax": 6.2083333333333313, "ymin": 52.625, "ymax": 52.875 }, "geometry": { "type": "MultiPolygon", "coordinates": [ [ [ [ 6.15745890200003, 52.690686245000052 ], [ 6.149206488000061, 52.682516462000081 ], [ 6.119562500000029, 52.667922999000041 ], [ 6.100782855000034, 52.661769648000075 ], [ 6.09561224600003, 52.664243748000047 ], [ 6.085620943000038, 52.663064816000031 ], [ 6.055216494000035, 52.650563373000068 ], [ 6.038617050000028, 52.649258256000053 ], [ 6.023098363000031, 52.641878280000071 ], [ 6.017299500000036, 52.643230499000026 ], [ 6.010352524000041, 52.648140329000057 ], [ 6.00414999700007, 52.65252401500004 ], [ 5.984539010000049, 52.657368671000029 ], [ 5.969977366000023, 52.66533275900008 ], [ 5.934558294000055, 52.670211279000057 ], [ 5.935669586000074, 52.676512866000053 ], [ 5.961396353000055, 52.690686245000052 ], [ 5.963422604000073, 52.691802547000066 ], [ 5.964089745000024, 52.698442755000031 ], [ 5.955714259000047, 52.704148794000048 ], [ 5.951669561000074, 52.711296090000076 ], [ 5.94242233600005, 52.716002017000051 ], [ 5.933496578000074, 52.731039234000036 ], [ 5.92925778700004, 52.738180321000073 ], [ 5.921512566000047, 52.751228689000072 ], [ 5.869031957000061, 52.777920377000044 ], [ 5.850434116000031, 52.784368377000078 ], [ 5.819850300000041, 52.785199576000082 ], [ 5.795148500000039, 52.80649949900004 ], [ 5.80973750000004, 52.813712999000074 ], [ 5.817441, 52.816776499000071 ], [ 5.819826500000033, 52.817317499000069 ], [ 5.838498148000042, 52.807093314000042 ], [ 5.877838601000065, 52.801669597000057 ], [ 5.896587943000043, 52.807707936000043 ], [ 5.919183195000073, 52.82122454000006 ], [ 5.924307818000045, 52.830443095000078 ], [ 5.931168564000075, 52.834750625000027 ], [ 5.933496578000074, 52.835112819000074 ], [ 5.945618266000054, 52.836998718000075 ], [ 5.954735693000032, 52.834042607000072 ], [ 5.95872522600007, 52.839507395000055 ], [ 5.969046381000055, 52.842097872000068 ], [ 5.97253149900007, 52.841063746000032 ], [ 5.980489808000073, 52.830443095000078 ], [ 5.986294409000038, 52.822696646000054 ], [ 5.996163454000055, 52.817392578000067 ], [ 6.010352524000041, 52.81990789200006 ], [ 6.02328730000005, 52.822200856000052 ], [ 6.032932755000047, 52.815785057000028 ], [ 6.058390348000046, 52.826002353000035 ], [ 6.056930256000044, 52.830443095000078 ], [ 6.054600309000023, 52.837529425000071 ], [ 6.080439479000063, 52.839057230000037 ], [ 6.119814, 52.85426699900006 ], [ 6.147861446000036, 52.830443095000078 ], [ 6.15072759100002, 52.82800855000005 ], [ 6.171010774000024, 52.816860080000026 ], [ 6.178015643000037, 52.813009916000055 ], [ 6.200343596000039, 52.794464101000074 ], [ 6.193166792000056, 52.786250614000039 ], [ 6.172878500000024, 52.773063499000045 ], [ 6.171010774000024, 52.771008390000077 ], [ 6.16758229900006, 52.767235949000053 ], [ 6.128527191000046, 52.757390427000075 ], [ 6.120858527000053, 52.751924405000068 ], [ 6.129596896000066, 52.738180321000073 ], [ 6.158891500000038, 52.692104499000038 ], [ 6.15745890200003, 52.690686245000052 ] ] ] ] } },
{ "type": "Feature", "properties": { "GISCO_ID": "NL_GM1735", "CNTR_CODE": "NL", "LAU_ID": "GM1735", "LAU_NAME": "Hof van Twente", "cell_coverage": [ [ 0, 0, 0, 0, 0, 0.0632, 0.3162, 0.0852, 0 ], [ 0.1186, 0.5152, 0.7648, 0.6355, 0.6104, 0.9945, 1, 0.8633, 0.0077 ], [ 0.71, 1, 1, 1, 1, 1, 0.9818, 0.1264, 0 ], [ 0.0187, 0.511, 0.6795, 0.7087, 0.8397, 0.5506, 0.246, 0.0065, 0 ], [ 0, 0, 0, 0, 0.0102, 0, 0, 0, 0 ] ], "xmin": 6.4166666666666643, "xmax": 6.7916666666666643, "ymin": 52.125, "ymax": 52.333333333333321 }, "geometry": { "type": "MultiPolygon", "coordinates": [ [ [ [ 6.690908, 52.308360999000058 ], [ 6.709959026000035, 52.304542079000043 ], [ 6.742718, 52.283107999000038 ], [ 6.748451295000052, 52.274307597000075 ], [ 6.75217322900005, 52.253239604000044 ], [ 6.725467405000074, 52.252441287000067 ], [ 6.720336011000029, 52.248983483000075 ], [ 6.720473209000033, 52.239504565000061 ], [ 6.71698439000005, 52.239109924000047 ], [ 6.711969724000028, 52.226395174000061 ], [ 6.702934463000076, 52.217637834000072 ], [ 6.712325500000077, 52.206405499000027 ], [ 6.697526547000052, 52.196997826000029 ], [ 6.670738053000036, 52.197566951000056 ], [ 6.631849432000024, 52.189296630000058 ], [ 6.643599874000074, 52.179654167000081 ], [ 6.645090500000038, 52.174262999000064 ], [ 6.640365773000042, 52.168450363000034 ], [ 6.630128887000069, 52.17284976600007 ], [ 6.611618263000025, 52.163510969000072 ], [ 6.604576006000059, 52.167981893000047 ], [ 6.604109769000047, 52.174446415000034 ], [ 6.590709821000075, 52.181812970000067 ], [ 6.555765127000029, 52.177431069000079 ], [ 6.515859403000036, 52.181246485000031 ], [ 6.492394500000046, 52.177669499000046 ], [ 6.479389916000059, 52.182886223000082 ], [ 6.471489470000051, 52.190564206000033 ], [ 6.467910152000059, 52.199432065000053 ], [ 6.45623473400002, 52.20202794800008 ], [ 6.445911136000063, 52.212986026000067 ], [ 6.430108304000044, 52.222527389000049 ], [ 6.417713078000077, 52.236734621000039 ], [ 6.416688, 52.242252999000073 ], [ 6.433400695000046, 52.252814558000068 ], [ 6.486170989000072, 52.274790678000045 ], [ 6.521089973000073, 52.283110528000066 ], [ 6.553978, 52.28328299900005 ], [ 6.569242409000026, 52.270145217000049 ], [ 6.603721569000072, 52.270949790000031 ], [ 6.626195500000051, 52.28997399900004 ], [ 6.664838872000075, 52.298045725000065 ], [ 6.690908, 52.308360999000058 ] ] ] ] } },
{ "type": "Feature", "properties": { "GISCO_ID": "NL_GM0024", "CNTR_CODE": "NL", "LAU_ID": "GM0024", "LAU_NAME": "Loppersum", "cell_coverage": [ [ 0, 0, 0, 0.1775, 0.5898, 0.0083, 0 ], [ 0.221, 0.7378, 0.789, 0.9869, 1, 0.6684, 0.0076 ], [ 0.1304, 0.5549, 0.7404, 0.598, 0.9334, 0.4882, 0.0109 ], [ 0, 0, 0, 0, 0.0617, 0.0032, 0 ] ], "xmin": 6.5833333333333321, "xmax": 6.875, "ymin": 53.25, "ymax": 53.416666666666657 }, "geometry": { "type": "MultiPolygon", "coordinates": [ [ [ [ 6.654213500000026, 53.308639499000037 ], [ 6.643237813000042, 53.308676022000043 ], [ 6.63648141300007, 53.314293981000048 ], [ 6.619628932000069, 53.315298676000054 ], [ 6.611006383000074, 53.32891617100006 ], [ 6.600333516000035, 53.331823553000049 ], [ 6.599158063000061, 53.336002053000072 ], [ 6.604645377000054, 53.339247882000052 ], [ 6.596953873000075, 53.346971412000073 ], [ 6.625121138000054, 53.350829455000053 ], [ 6.627911101000052, 53.360822804000065 ], [ 6.644819274000042, 53.365490040000054 ], [ 6.682469146000074, 53.366945066000028 ], [ 6.697606171000075, 53.363725683000041 ], [ 6.778256559000056, 53.410043599000062 ], [ 6.792462, 53.403595499000062 ], [ 6.778874954000059, 53.398379988000045 ], [ 6.779903747000048, 53.393682419000072 ], [ 6.802049605000036, 53.369045267000047 ], [ 6.802611273000025, 53.365259631000072 ], [ 6.810739453000053, 53.360801120000076 ], [ 6.822846252000033, 53.359447304000071 ], [ 6.82538270200007, 53.355988858000046 ], [ 6.824837993000074, 53.348166559000049 ], [ 6.834331500000076, 53.343269999000029 ], [ 6.834322891000056, 53.336479657000041 ], [ 6.837933466000038, 53.330647017000047 ], [ 6.836199479000072, 53.328473736000035 ], [ 6.805591788000072, 53.323966357000074 ], [ 6.804672997000068, 53.315123142000061 ], [ 6.810465015000034, 53.307697479000069 ], [ 6.808776800000032, 53.303533025000036 ], [ 6.814284, 53.297542499000031 ], [ 6.772566500000039, 53.283092499000077 ], [ 6.770797437000056, 53.292956567000033 ], [ 6.765458893000073, 53.297090988000036 ], [ 6.760244169000032, 53.296192725000026 ], [ 6.751056063000021, 53.300536403000081 ], [ 6.746101937000049, 53.30620160400008 ], [ 6.746049041000049, 53.311091518000069 ], [ 6.735942891000036, 53.312253931000043 ], [ 6.727357639000047, 53.305323969000028 ], [ 6.709076823000032, 53.309384166000029 ], [ 6.689822007000032, 53.298211296000034 ], [ 6.654213500000026, 53.308639499000037 ] ] ] ] } },
{ "type": "Feature", "properties": { "GISCO_ID": "NL_GM0088", "CNTR_CODE": "NL", "LAU_ID": "GM0088", "LAU_NAME": "Schiermonnikoog", "cell_coverage": [ [ 0, 0, 0, 0.0351, 0.1116, 0.1882, 0.2615, 0.2429, 0.078 ], [ 0.0118, 0.0983, 0.7421, 0.6925, 0.5599, 0.3335, 0.0756, 0, 0 ] ], "xmin": 6.0416666666666643, "xmax": 6.4166666666666643, "ymin": 53.458333333333321, "ymax": 53.541666666666657 }, "geometry": { "type": "MultiPolygon", "coordinates": [ [ [ [ 6.30747668600003, 53.495647051000049 ], [ 6.278086556000062, 53.489654703000042 ], [ 6.25053529500002, 53.478008863000071 ], [ 6.217611412000053, 53.47614608400005 ], [ 6.201180066000063, 53.473175962000028 ], [ 6.197935892000032, 53.470195451000052 ], [ 6.161523472000056, 53.470845156000053 ], [ 6.154721012000039, 53.463566841000045 ], [ 6.142725381000048, 53.458447037000042 ], [ 6.138197473000048, 53.459624476000045 ], [ 6.140003598000021, 53.463609809000047 ], [ 6.137797121000062, 53.465605003000064 ], [ 6.120239231000028, 53.461214665000057 ], [ 6.115003544000047, 53.464271862000032 ], [ 6.120738814000049, 53.484841356000061 ], [ 6.142919169000038, 53.495231654000065 ], [ 6.158594217000029, 53.49924687500004 ], [ 6.317775320000067, 53.511437795000063 ], [ 6.368991189000042, 53.517834137000079 ], [ 6.385148136000055, 53.517986293000035 ], [ 6.391577908000045, 53.514121632000069 ], [ 6.38724773000007, 53.509358037000027 ], [ 6.367313225000032, 53.505219848000081 ], [ 6.33585684600007, 53.506417385000077 ], [ 6.331425459000059, 53.501786114000026 ], [ 6.30747668600003, 53.495647051000049 ] ] ], [ [ [ 6.062013, 53.466585499000075 ], [ 6.057702500000062, 53.475935499000059 ], [ 6.060103351000066, 53.474411428000053 ], [ 6.060300262000055, 53.472498165000047 ], [ 6.063009828000077, 53.470449228000064 ], [ 6.064344436000056, 53.468092288000037 ], [ 6.064485319000028, 53.46671204300003 ], [ 6.063746989000038, 53.465192878000039 ], [ 6.062013, 53.466585499000075 ] ] ] ] } },
{ "type": "Feature", "properties": { "GISCO_ID": "NL_GM0148", "CNTR_CODE": "NL", "LAU_ID": "GM0148", "LAU_NAME": "Dalfsen", "cell_coverage": [ [ 0, 0.0068, 0.1169, 0.2375, 0.2683, 0, 0 ], [ 0, 0.1203, 0.9979, 1, 0.9879, 0.1714, 0 ], [ 0, 0.5434, 1, 1, 0.9991, 0.2885, 0 ], [ 0.0042, 0.4123, 0.8309, 0.9728, 1, 0.217, 0 ], [ 0, 0, 0, 0.0978, 0.6381, 0.7067, 0.055 ] ], "xmin": 6.125, "xmax": 6.416666666666667, "ymin": 52.41666666666665, "ymax": 52.625 }, "geometry": { "type": "MultiPolygon", "coordinates": [ [ [ [ 6.202098, 52.584937999000033 ], [ 6.235244184000067, 52.588935560000039 ], [ 6.302998500000058, 52.597106999000061 ], [ 6.319716, 52.599155499000062 ], [ 6.323420500000054, 52.592597999000077 ], [ 6.325435313000071, 52.588935560000039 ], [ 6.342722835000075, 52.557511052000052 ], [ 6.360157852000043, 52.525654838000037 ], [ 6.344709257000034, 52.520606203000057 ], [ 6.342722835000075, 52.52044679200003 ], [ 6.332370249000064, 52.520793332000039 ], [ 6.342722835000075, 52.485438117000058 ], [ 6.343727844000057, 52.482005901000036 ], [ 6.342976922000048, 52.45839853800004 ], [ 6.375508432000061, 52.455870498000081 ], [ 6.372052487000076, 52.449134508000043 ], [ 6.383263412000076, 52.438796375000038 ], [ 6.380510500000071, 52.429713999000057 ], [ 6.332859667000037, 52.426035157000058 ], [ 6.317932207000069, 52.431979090000027 ], [ 6.305507465000062, 52.432104395000067 ], [ 6.293850659000043, 52.435903642000028 ], [ 6.289117242000032, 52.444834263000075 ], [ 6.280247688000031, 52.448239499000067 ], [ 6.277499160000048, 52.455460452000068 ], [ 6.273219447000031, 52.458071516000075 ], [ 6.23739991900004, 52.465133197000057 ], [ 6.171010774000024, 52.469190837000042 ], [ 6.162545500000022, 52.474342499000045 ], [ 6.171010774000024, 52.476526626000066 ], [ 6.190909756000053, 52.48166076800004 ], [ 6.199634140000057, 52.49170943200005 ], [ 6.198760402000062, 52.494816194000066 ], [ 6.188133050000033, 52.500311318000058 ], [ 6.175460482000062, 52.517501405000075 ], [ 6.187145801000042, 52.523634404000063 ], [ 6.192048657000043, 52.531055686000059 ], [ 6.19099377200007, 52.538177500000074 ], [ 6.209703175000072, 52.566508416000033 ], [ 6.202098, 52.584937999000033 ] ] ] ] } },
{ "type": "Feature", "properties": { "GISCO_ID": "NL_GM0177", "CNTR_CODE": "NL", "LAU_ID": "GM0177", "LAU_NAME": "Raalte", "cell_coverage": [ [ 0.144, 0.2394, 0.1691, 0.0272, 0, 0, 0 ], [ 0.0672, 0.6386, 0.9131, 0.9022, 0.3619, 0.2643, 0.1464 ], [ 0, 0.0341, 0.6777, 1, 1, 0.9651, 0.4402 ], [ 0, 0.2001, 0.8101, 1, 1, 0.1706, 0 ], [ 0, 0, 0.193, 0.7448, 0.768, 0.2264, 0 ] ], "xmin": 6.125, "xmax": 6.416666666666667, "ymin": 52.29166666666665, "ymax": 52.5 }, "geometry": { "type": "MultiPolygon", "coordinates": [ [ [ [ 6.235401, 52.319869999000048 ], [ 6.232828288000064, 52.340968926000073 ], [ 6.222095852000052, 52.347058272000027 ], [ 6.198387551000053, 52.352727752000078 ], [ 6.189226125000062, 52.368175931000053 ], [ 6.191263506000041, 52.373979767000037 ], [ 6.200598810000031, 52.373659859000043 ], [ 6.202068548000057, 52.381114933000049 ], [ 6.20693970700006, 52.38558533500003 ], [ 6.219415191000053, 52.386437621000027 ], [ 6.229766511000037, 52.391654773000027 ], [ 6.23048873700003, 52.397568436000029 ], [ 6.223547039000039, 52.408839699000055 ], [ 6.228808507000053, 52.42230263600004 ], [ 6.17761327900007, 52.432481297000038 ], [ 6.171010774000024, 52.439346297000043 ], [ 6.160338333000027, 52.450443041000028 ], [ 6.154577500000073, 52.453181999000037 ], [ 6.145466747000057, 52.467722696000067 ], [ 6.162545500000022, 52.474342499000045 ], [ 6.171010774000024, 52.469190837000042 ], [ 6.23739991900004, 52.465133197000057 ], [ 6.273219447000031, 52.458071516000075 ], [ 6.277499160000048, 52.455460452000068 ], [ 6.280247688000031, 52.448239499000067 ], [ 6.289117242000032, 52.444834263000075 ], [ 6.293850659000043, 52.435903642000028 ], [ 6.305507465000062, 52.432104395000067 ], [ 6.317932207000069, 52.431979090000027 ], [ 6.332859667000037, 52.426035157000058 ], [ 6.380510500000071, 52.429713999000057 ], [ 6.390622500000063, 52.42805499900004 ], [ 6.403583483000034, 52.414034635000064 ], [ 6.38941813200006, 52.382765343000074 ], [ 6.358371678000026, 52.376844105000032 ], [ 6.345502650000071, 52.370563773000072 ], [ 6.334458333000043, 52.352763032000041 ], [ 6.343237596000051, 52.33252570500008 ], [ 6.355815500000062, 52.318271499000048 ], [ 6.342722835000075, 52.310014290000026 ], [ 6.326621500000044, 52.30167749900005 ], [ 6.305953500000044, 52.300594499000056 ], [ 6.267313500000057, 52.300830499000028 ], [ 6.235151500000029, 52.314365499000075 ], [ 6.235401, 52.319869999000048 ] ] ] ] } },
{ "type": "Feature", "properties": { "GISCO_ID": "NL_GM0193", "CNTR_CODE": "NL", "LAU_ID": "GM0193", "LAU_NAME": "Zwolle", "cell_coverage": [ [ 0, 0, 0, 0.0221, 0.0685, 0 ], [ 0.2822, 0.4767, 0.427, 0.4455, 0.8797, 0.0021 ], [ 0.3566, 0.9792, 1, 1, 0.4566, 0 ], [ 0, 0.2326, 0.8265, 0.8517, 0.3483, 0 ], [ 0, 0, 0.2165, 0.2389, 0, 0 ] ], "xmin": 6.0, "xmax": 6.25, "ymin": 52.41666666666665, "ymax": 52.625 }, "geometry": { "type": "MultiPolygon", "coordinates": [ [ [ [ 6.162545500000022, 52.474342499000045 ], [ 6.145466747000057, 52.467722696000067 ], [ 6.154577500000073, 52.453181999000037 ], [ 6.147621564000076, 52.445129518000044 ], [ 6.139094611000075, 52.442120370000055 ], [ 6.109792500000026, 52.440574499000036 ], [ 6.105358500000023, 52.442394499000045 ], [ 6.103824, 52.443492999000057 ], [ 6.102399, 52.445285999000077 ], [ 6.102108500000043, 52.448058999000068 ], [ 6.103113, 52.450855499000056 ], [ 6.103481, 52.454086499000027 ], [ 6.101478500000042, 52.466994999000065 ], [ 6.099789500000043, 52.469786999000064 ], [ 6.095509500000048, 52.473354499000038 ], [ 6.092339, 52.475455999000076 ], [ 6.087563, 52.477531499000065 ], [ 6.084508, 52.478526999000053 ], [ 6.075385500000039, 52.480655499000079 ], [ 6.068804, 52.483508999000037 ], [ 6.064124500000048, 52.487216999000054 ], [ 6.057509500000037, 52.497253499000067 ], [ 6.054038500000047, 52.499934999000061 ], [ 6.042637, 52.50544349900008 ], [ 6.027829, 52.509654499000078 ], [ 6.017799956000033, 52.514853301000073 ], [ 6.015258939000034, 52.519629427000041 ], [ 6.019079638000051, 52.525636628000029 ], [ 6.029555296000069, 52.527432438000062 ], [ 6.02997087600005, 52.537256283000033 ], [ 6.010352524000041, 52.544333405000032 ], [ 6.008142744000054, 52.545130561000065 ], [ 6.004673300000036, 52.549628451000046 ], [ 6.010352524000041, 52.551581682000062 ], [ 6.033025500000065, 52.559379499000045 ], [ 6.062128365000035, 52.566628724000054 ], [ 6.070107541000027, 52.559109205000027 ], [ 6.089012367000066, 52.552431676000026 ], [ 6.102628511000034, 52.566206093000062 ], [ 6.107443940000053, 52.567283428000053 ], [ 6.110971076000055, 52.561420797000039 ], [ 6.118395556000053, 52.557620597000039 ], [ 6.141169674000025, 52.552764640000078 ], [ 6.165761026000041, 52.565606083000034 ], [ 6.156709, 52.581076520000067 ], [ 6.147552, 52.584387999000057 ], [ 6.171010774000024, 52.586917429000039 ], [ 6.179733167000052, 52.587857917000065 ], [ 6.202098, 52.584937999000033 ], [ 6.209703175000072, 52.566508416000033 ], [ 6.19099377200007, 52.538177500000074 ], [ 6.192048657000043, 52.531055686000059 ], [ 6.187145801000042, 52.523634404000063 ], [ 6.175460482000062, 52.517501405000075 ], [ 6.188133050000033, 52.500311318000058 ], [ 6.198760402000062, 52.494816194000066 ], [ 6.199634140000057, 52.49170943200005 ], [ 6.190909756000053, 52.48166076800004 ], [ 6.171010774000024, 52.476526626000066 ], [ 6.162545500000022, 52.474342499000045 ] ] ] ] } },
{ "type": "Feature", "properties": { "GISCO_ID": "NL_GM0225", "CNTR_CODE": "NL", "LAU_ID": "GM0225", "LAU_NAME": "Druten", "cell_coverage": [ [ 0.0333, 0.3819, 0.5858, 0.5486, 0.1648 ], [ 0, 0.1906, 0.8768, 0.383, 0.025 ] ], "xmin": 5.5, "xmax": 5.708333333333333, "ymin": 51.833333333333321, "ymax": 51.916666666666657 }, "geometry": { "type": "MultiPolygon", "coordinates": [ [ [ [ 5.609975, 51.836307499000043 ], [ 5.58544035500006, 51.839864506000026 ], [ 5.581679458000053, 51.850474616000042 ], [ 5.583927947000063, 51.856691100000035 ], [ 5.576492442000074, 51.863838043000044 ], [ 5.553617530000054, 51.863625869000032 ], [ 5.554152680000072, 51.869303906000027 ], [ 5.567822659000058, 51.87702629100005 ], [ 5.567548773000055, 51.883269596000048 ], [ 5.572142220000046, 51.885272255000075 ], [ 5.57587120900007, 51.891804421000074 ], [ 5.546073057000058, 51.888176541000064 ], [ 5.53256122800002, 51.891880783000033 ], [ 5.53111750000005, 51.894790499000067 ], [ 5.541353500000071, 51.898071499000082 ], [ 5.547567, 51.899623999000028 ], [ 5.560206, 51.901324999000053 ], [ 5.568684500000074, 51.901900999000077 ], [ 5.576827, 51.901500499000065 ], [ 5.587019500000054, 51.899932999000043 ], [ 5.592151500000057, 51.899471499000072 ], [ 5.604560500000048, 51.899089999000068 ], [ 5.620567, 51.899387499000056 ], [ 5.631409500000075, 51.899276499000052 ], [ 5.642476500000043, 51.898441499000057 ], [ 5.664225500000043, 51.895862499000032 ], [ 5.67419, 51.89545799900003 ], [ 5.684944500000029, 51.895679499000039 ], [ 5.67848, 51.879921499000034 ], [ 5.675775500000043, 51.875449999000068 ], [ 5.672729, 51.872356999000033 ], [ 5.671308500000066, 51.870063999000081 ], [ 5.667780500000049, 51.865981999000041 ], [ 5.637325648000058, 51.866933067000048 ], [ 5.639321042000063, 51.856779956000082 ], [ 5.635600472000021, 51.85076706500007 ], [ 5.639190040000074, 51.844575506000069 ], [ 5.609975, 51.836307499000043 ] ] ] ] } },
{ "type": "Feature", "properties": { "GISCO_ID": "NL_GM0263", "CNTR_CODE": "NL", "LAU_ID": "GM0263", "LAU_NAME": "Maasdriel", "cell_coverage": [ [ 0, 0, 0, 0, 0, 0.0178 ], [ 0, 0, 0.1817, 0.6993, 0.367, 0.3932 ], [ 0.2757, 0.4959, 0.8133, 1, 0.6412, 0 ], [ 0.1214, 0.238, 0.283, 0.178, 7.5505e-06, 0 ] ], "xmin": 5.1666666666666643, "xmax": 5.4166666666666643, "ymin": 51.708333333333321, "ymax": 51.875 }, "geometry": { "type": "MultiPolygon", "coordinates": [ [ [ [ 5.206698500000073, 51.741492999000059 ], [ 5.201623500000039, 51.740660999000056 ], [ 5.195342, 51.740234499000053 ], [ 5.192688, 51.740482499000052 ], [ 5.185596, 51.741863499000033 ], [ 5.184185159000037, 51.754191654000067 ], [ 5.174627970000074, 51.762762542000075 ], [ 5.176972518000071, 51.765190147000055 ], [ 5.25954770200002, 51.773847016000047 ], [ 5.268821697000021, 51.774819266000065 ], [ 5.267376467000076, 51.792600059000051 ], [ 5.285013001000038, 51.798959062000051 ], [ 5.281791, 51.821120999000073 ], [ 5.290527500000053, 51.823135499000045 ], [ 5.29595, 51.823905999000033 ], [ 5.30194750000004, 51.824092999000072 ], [ 5.308183, 51.82369249900006 ], [ 5.310158500000057, 51.823291999000048 ], [ 5.315661500000033, 51.821834499000033 ], [ 5.323568, 51.818389999000033 ], [ 5.328244500000039, 51.815120499000045 ], [ 5.333545, 51.810184499000059 ], [ 5.337631500000043, 51.807422999000039 ], [ 5.341041, 51.805785999000079 ], [ 5.343979, 51.804828499000052 ], [ 5.348505, 51.804118999000082 ], [ 5.352410500000076, 51.804008499000076 ], [ 5.356810500000051, 51.804488999000057 ], [ 5.359626424000055, 51.805328585000041 ], [ 5.362017500000036, 51.80604149900006 ], [ 5.367372500000045, 51.809219499000051 ], [ 5.374294500000076, 51.815788499000064 ], [ 5.38001550000007, 51.822955999000044 ], [ 5.383595, 51.826495999000031 ], [ 5.3894, 51.831149999000047 ], [ 5.401161, 51.838126999000053 ], [ 5.413765758000068, 51.825504067000054 ], [ 5.414846500000067, 51.821288999000046 ], [ 5.401226335000047, 51.81963972300008 ], [ 5.37138892400003, 51.792020204000039 ], [ 5.36245109500004, 51.777947272000063 ], [ 5.359626424000055, 51.761477158000048 ], [ 5.353578500000026, 51.755500999000049 ], [ 5.349557, 51.754131499000039 ], [ 5.334917500000074, 51.750388999000052 ], [ 5.323323, 51.746890999000072 ], [ 5.316568500000074, 51.744365499000025 ], [ 5.304811, 51.738918499000079 ], [ 5.300759, 51.737465499000052 ], [ 5.297150500000043, 51.736831499000061 ], [ 5.292429500000026, 51.737182499000028 ], [ 5.283293, 51.739799499000071 ], [ 5.279135, 51.740142999000057 ], [ 5.272569500000031, 51.740058999000041 ], [ 5.265633500000035, 51.73917749900005 ], [ 5.262347, 51.738025499000059 ], [ 5.25954770200002, 51.736717287000033 ], [ 5.255719, 51.734927999000035 ], [ 5.251446, 51.73386399900005 ], [ 5.248213, 51.733695999000076 ], [ 5.245036500000026, 51.734267999000053 ], [ 5.242841, 51.735175999000035 ], [ 5.238690500000075, 51.737682499000073 ], [ 5.23073050000005, 51.741389999000035 ], [ 5.224126500000068, 51.743137499000056 ], [ 5.220693, 51.74353049900003 ], [ 5.215535, 51.743346999000039 ], [ 5.211501, 51.742751999000063 ], [ 5.206698500000073, 51.741492999000059 ] ] ] ] } },
{ "type": "Feature", "properties": { "GISCO_ID": "NL_GM0297", "CNTR_CODE": "NL", "LAU_ID": "GM0297", "LAU_NAME": "Zaltbommel", "cell_coverage": [ [ 0.2556, 0.6917, 0.7397, 0.5678, 0.5255, 0.5174, 0.4937 ], [ 0, 0.1405, 0.197, 0.8111, 0.7243, 0.5041, 0.1867 ], [ 0, 0, 0, 0.2044, 0.0776, 0, 0 ] ], "xmin": 5.0, "xmax": 5.291666666666667, "ymin": 51.708333333333321, "ymax": 51.833333333333321 }, "geometry": { "type": "MultiPolygon", "coordinates": [ [ [ [ 5.026677500000062, 51.818736999000066 ], [ 5.038774500000045, 51.817348499000047 ], [ 5.045799500000044, 51.817657499000063 ], [ 5.051027500000032, 51.818420499000069 ], [ 5.053665, 51.819152999000039 ], [ 5.060967500000061, 51.821944999000038 ], [ 5.072021, 51.825256499000034 ], [ 5.081109, 51.826659999000071 ], [ 5.087656, 51.826823999000055 ], [ 5.092949500000032, 51.826339499000028 ], [ 5.097127, 51.825397499000076 ], [ 5.106519, 51.822276999000053 ], [ 5.11683, 51.818317499000045 ], [ 5.123514500000056, 51.816238499000065 ], [ 5.127471, 51.815406999000061 ], [ 5.14133750000002, 51.814094499000078 ], [ 5.159123500000021, 51.816241999000056 ], [ 5.168043, 51.817203499000072 ], [ 5.172384, 51.817069999000068 ], [ 5.182432, 51.814937499000052 ], [ 5.193422, 51.811946999000043 ], [ 5.199903, 51.810538999000073 ], [ 5.20681, 51.809928999000078 ], [ 5.210140500000023, 51.80990999900007 ], [ 5.213803, 51.810077499000045 ], [ 5.222882, 51.811382499000047 ], [ 5.244852500000036, 51.816882999000029 ], [ 5.253585500000042, 51.81797399900006 ], [ 5.25954770200002, 51.818388808000066 ], [ 5.267348, 51.81893149900003 ], [ 5.273667, 51.819694499000036 ], [ 5.281791, 51.821120999000073 ], [ 5.285013001000038, 51.798959062000051 ], [ 5.267376467000076, 51.792600059000051 ], [ 5.268821697000021, 51.774819266000065 ], [ 5.25954770200002, 51.773847016000047 ], [ 5.176972518000071, 51.765190147000055 ], [ 5.174627970000074, 51.762762542000075 ], [ 5.184185159000037, 51.754191654000067 ], [ 5.185596, 51.741863499000033 ], [ 5.175953500000048, 51.742999999000062 ], [ 5.165557, 51.742877999000029 ], [ 5.146862, 51.740642499000046 ], [ 5.128057500000068, 51.737609999000028 ], [ 5.127084413000034, 51.744877172000031 ], [ 5.141752179000036, 51.754504250000082 ], [ 5.136440220000054, 51.76015072000007 ], [ 5.139051253000048, 51.769255348000058 ], [ 5.136998128000073, 51.772734304000039 ], [ 5.098314849000076, 51.787256200000058 ], [ 5.090716968000038, 51.786426121000034 ], [ 5.078921304000062, 51.779802558000029 ], [ 5.068343823000021, 51.780169432000037 ], [ 5.049629621000065, 51.79699645900007 ], [ 5.016329401000064, 51.808245137000029 ], [ 5.007588852000026, 51.817955237000035 ], [ 5.000534, 51.82093799900008 ], [ 5.012532, 51.820598499000027 ], [ 5.026677500000062, 51.818736999000066 ] ] ] ] } },
{ "type": "Feature", "properties": { "GISCO_ID": "NL_GM0327", "CNTR_CODE": "NL", "LAU_ID": "GM0327", "LAU_NAME": "Leusden", "cell_coverage": [ [ 0, 0.1445, 0.2948, 0.785, 0.5987, 0.0503 ], [ 0.1537, 0.7374, 0.7324, 0.5709, 0.3559, 0.012 ] ], "xmin": 5.2916666666666643, "xmax": 5.5416666666666643, "ymin": 52.083333333333321, "ymax": 52.166666666666657 }, "geometry": { "type": "MultiPolygon", "coordinates": [ [ [ [ 5.310815, 52.108611999000061 ], [ 5.334642362000068, 52.120982259000073 ], [ 5.355248771000049, 52.136045620000061 ], [ 5.359626424000055, 52.134899637000046 ], [ 5.373797351000064, 52.131189972000072 ], [ 5.397982439000032, 52.134430470000041 ], [ 5.424183609000067, 52.15759483800008 ], [ 5.441524083000047, 52.161245024000038 ], [ 5.459366417000069, 52.153255917000081 ], [ 5.481513, 52.150539499000047 ], [ 5.497522916000037, 52.147277030000055 ], [ 5.498682227000074, 52.14136320800003 ], [ 5.513224379000064, 52.135192888000063 ], [ 5.51036134800006, 52.131841309000038 ], [ 5.498605087000044, 52.129499453000051 ], [ 5.49566257500004, 52.124214650000056 ], [ 5.497494083000049, 52.120134720000067 ], [ 5.504118196000036, 52.119270028000074 ], [ 5.504947883000057, 52.114837003000048 ], [ 5.486386, 52.115337499000077 ], [ 5.478755209000042, 52.116197519000082 ], [ 5.47493474700002, 52.104577393000056 ], [ 5.469329223000045, 52.10091962000007 ], [ 5.445036212000048, 52.106710926000062 ], [ 5.43755346100005, 52.099951602000033 ], [ 5.427360474000068, 52.096111216000054 ], [ 5.405520610000053, 52.103398381000034 ], [ 5.399055546000056, 52.089585729000078 ], [ 5.359626424000055, 52.09316130600007 ], [ 5.341381022000064, 52.094815865000044 ], [ 5.322407500000054, 52.101848499000027 ], [ 5.310815, 52.108611999000061 ] ] ] ] } },
{ "type": "Feature", "properties": { "GISCO_ID": "NL_GM0355", "CNTR_CODE": "NL", "LAU_ID": "GM0355", "LAU_NAME": "Zeist", "cell_coverage": [ [ 0, 0.0186, 0, 0 ], [ 0, 0.5358, 0.1289, 0 ], [ 0.0279, 0.7813, 0.8984, 0.4307 ], [ 0.0692, 0.5002, 0.2403, 0.1459 ] ], "xmin": 5.1666666666666643, "xmax": 5.3333333333333313, "ymin": 52.041666666666657, "ymax": 52.208333333333321 }, "geometry": { "type": "MultiPolygon", "coordinates": [ [ [ [ 5.25954770200002, 52.131797772000027 ], [ 5.264347500000042, 52.125121999000044 ], [ 5.271886, 52.127158999000073 ], [ 5.282166, 52.112067999000033 ], [ 5.291713500000071, 52.114463999000066 ], [ 5.298879, 52.111610499000051 ], [ 5.306498500000032, 52.110317499000075 ], [ 5.310815, 52.108611999000061 ], [ 5.322407500000054, 52.101848499000027 ], [ 5.311081039000044, 52.094347112000037 ], [ 5.332194500000071, 52.08424399900008 ], [ 5.331397516000038, 52.078281238000045 ], [ 5.32032672400004, 52.071098054000061 ], [ 5.289893753000058, 52.085704513000053 ], [ 5.25954770200002, 52.066353099000082 ], [ 5.247415500000045, 52.058616499000038 ], [ 5.221930019000069, 52.059816980000051 ], [ 5.223096499000064, 52.065583758000059 ], [ 5.195201, 52.077335499000071 ], [ 5.192738500000075, 52.086074999000061 ], [ 5.206940139000039, 52.086517637000043 ], [ 5.211584001000062, 52.100680390000036 ], [ 5.221302968000032, 52.104550852000045 ], [ 5.219282901000042, 52.113510893000068 ], [ 5.230103123000049, 52.117614343000071 ], [ 5.224969500000043, 52.165687499000057 ], [ 5.234769741000036, 52.167456504000029 ], [ 5.237060417000066, 52.170534037000039 ], [ 5.243134, 52.170039999000039 ], [ 5.254928, 52.149223999000071 ], [ 5.256766, 52.143035999000062 ], [ 5.254929, 52.138866499000073 ], [ 5.256308500000046, 52.136302999000065 ], [ 5.25954770200002, 52.131797772000027 ] ] ] ] } },
{ "type": "Feature", "properties": { "GISCO_ID": "NL_GM0377", "CNTR_CODE": "NL", "LAU_ID": "GM0377", "LAU_NAME": "Bloemendaal", "cell_coverage": [ [ 0, 0.3021, 0.3037, 0.0039 ], [ 0.0001, 0.4328, 0.7847, 0.0433 ], [ 0, 0.3204, 0.4114, 0 ], [ 0, 0.347, 0.1827, 0 ] ], "xmin": 4.5, "xmax": 4.666666666666667, "ymin": 52.291666666666657, "ymax": 52.458333333333321 }, "geometry": { "type": "MultiPolygon", "coordinates": [ [ [ [ 4.547204500000021, 52.313945999000055 ], [ 4.590687412000023, 52.390728218000049 ], [ 4.541317, 52.401468499000032 ], [ 4.547067, 52.409437499000035 ], [ 4.551192, 52.415842499000064 ], [ 4.555324, 52.423676499000067 ], [ 4.55731, 52.427916999000047 ], [ 4.559228500000074, 52.432593999000062 ], [ 4.560596500000031, 52.437425999000027 ], [ 4.58735116500003, 52.434340513000052 ], [ 4.622923442000058, 52.42391434700005 ], [ 4.631682, 52.411670499000081 ], [ 4.62170132600005, 52.388965577000079 ], [ 4.611359863000075, 52.389041845000065 ], [ 4.600967716000071, 52.38282296400007 ], [ 4.600142494000067, 52.376083116000075 ], [ 4.606255231000034, 52.366421798000033 ], [ 4.605505, 52.363345999000046 ], [ 4.590954693000072, 52.32954754800005 ], [ 4.611386500000037, 52.322204499000065 ], [ 4.611684, 52.313586999000051 ], [ 4.605743, 52.315017499000078 ], [ 4.599911, 52.316970999000034 ], [ 4.596237500000029, 52.317756499000041 ], [ 4.591097500000046, 52.317756499000041 ], [ 4.583546, 52.318473999000048 ], [ 4.573222500000043, 52.315330499000027 ], [ 4.56897, 52.316501499000026 ], [ 4.566860500000075, 52.312957999000048 ], [ 4.563628, 52.309226999000032 ], [ 4.547204500000021, 52.313945999000055 ] ] ] ] } }
]
}
